program,cycle,country_iso3,domain,mean,se,ci_lo,ci_hi,method,n_total,n_analytic,n_replicates,n_pv
ICCS,2009,AUT,civic_knowledge,502.9293,3.9785,495.13,510.73,JRR_zone,3385,,,5.0
ICCS,2009,AUT,parental_education,3.4392,,,,weighted_mean,3303,,,1.0
ICCS,2009,AUT,ses_composite,0.0,,,,weighted_mean,3340,,,1.0
ICCS,2009,BGR,civic_knowledge,466.458,5.0376,456.58,476.33,JRR_zone,3257,,,5.0
ICCS,2009,BGR,parental_education,3.7451,,,,weighted_mean,3218,,,1.0
ICCS,2009,BGR,ses_composite,-0.0,,,,weighted_mean,3235,,,1.0
ICCS,2009,CHE,civic_knowledge,531.402,3.8671,523.82,538.98,JRR_zone,2924,,,5.0
ICCS,2009,CHE,parental_education,3.3595,,,,weighted_mean,2826,,,1.0
ICCS,2009,CHE,ses_composite,0.0,,,,weighted_mean,2902,,,1.0
ICCS,2009,CYP,civic_knowledge,453.4629,2.4077,448.74,458.18,JRR_zone,3194,,,5.0
ICCS,2009,CYP,parental_education,3.758,,,,weighted_mean,3129,,,1.0
ICCS,2009,CYP,ses_composite,-0.0,,,,weighted_mean,3145,,,1.0
ICCS,2009,CZE,civic_knowledge,510.2221,2.3766,505.56,514.88,JRR_zone,4630,,,5.0
ICCS,2009,CZE,parental_education,3.5883,,,,weighted_mean,4549,,,1.0
ICCS,2009,CZE,ses_composite,0.0,,,,weighted_mean,4616,,,1.0
ICCS,2009,DNK,civic_knowledge,576.3772,3.5879,569.34,583.41,JRR_zone,4508,,,5.0
ICCS,2009,DNK,parental_education,3.9049,,,,weighted_mean,4215,,,1.0
ICCS,2009,DNK,ses_composite,0.0,,,,weighted_mean,4354,,,1.0
ICCS,2009,DOM,civic_knowledge,380.2528,2.4115,375.53,384.98,JRR_zone,4589,,,5.0
ICCS,2009,DOM,parental_education,3.0057,,,,weighted_mean,4535,,,1.0
ICCS,2009,DOM,ses_composite,-0.0,,,,weighted_mean,4548,,,1.0
ICCS,2009,ESP,civic_knowledge,504.81,4.1325,496.71,512.91,JRR_zone,3309,,,5.0
ICCS,2009,ESP,parental_education,3.3401,,,,weighted_mean,3241,,,1.0
ICCS,2009,ESP,ses_composite,0.0,,,,weighted_mean,3284,,,1.0
ICCS,2009,EST,civic_knowledge,525.3077,4.5388,516.41,534.2,JRR_zone,2743,,,5.0
ICCS,2009,EST,parental_education,3.9631,,,,weighted_mean,2674,,,1.0
ICCS,2009,EST,ses_composite,0.0,,,,weighted_mean,2711,,,1.0
ICCS,2009,GBR,civic_knowledge,518.7232,4.3978,510.1,527.34,JRR_zone,2916,,,5.0
ICCS,2009,GBR,parental_education,3.7914,,,,weighted_mean,2473,,,1.0
ICCS,2009,GBR,ses_composite,0.0,,,,weighted_mean,2834,,,1.0
ICCS,2009,GRC,civic_knowledge,476.0291,4.39,467.42,484.63,JRR_zone,3153,,,5.0
ICCS,2009,GRC,parental_education,3.7211,,,,weighted_mean,3108,,,1.0
ICCS,2009,GRC,ses_composite,0.0,,,,weighted_mean,3122,,,1.0
ICCS,2009,GTM,civic_knowledge,434.5675,3.7607,427.2,441.94,JRR_zone,4002,,,5.0
ICCS,2009,GTM,parental_education,2.1228,,,,weighted_mean,3977,,,1.0
ICCS,2009,GTM,ses_composite,0.0,,,,weighted_mean,3990,,,1.0
ICCS,2009,HKG,civic_knowledge,554.1034,5.688,542.96,565.25,JRR_zone,2902,,,5.0
ICCS,2009,HKG,parental_education,2.8815,,,,weighted_mean,2744,,,1.0
ICCS,2009,HKG,ses_composite,-0.0,,,,weighted_mean,2781,,,1.0
ICCS,2009,IDN,civic_knowledge,432.5209,3.4357,425.79,439.25,JRR_zone,5068,,,5.0
ICCS,2009,IDN,parental_education,2.4585,,,,weighted_mean,5029,,,1.0
ICCS,2009,IDN,ses_composite,0.0,,,,weighted_mean,5031,,,1.0
ICCS,2009,IRL,civic_knowledge,533.6738,4.5581,524.74,542.61,JRR_zone,3355,,,5.0
ICCS,2009,IRL,parental_education,3.7586,,,,weighted_mean,3142,,,1.0
ICCS,2009,IRL,ses_composite,0.0,,,,weighted_mean,3315,,,1.0
ICCS,2009,KOR,civic_knowledge,564.8232,1.918,561.06,568.58,JRR_zone,5254,,,5.0
ICCS,2009,KOR,parental_education,3.9247,,,,weighted_mean,5234,,,1.0
ICCS,2009,KOR,ses_composite,-0.0,,,,weighted_mean,5244,,,1.0
ICCS,2009,LTU,civic_knowledge,505.1585,2.8444,499.58,510.73,JRR_zone,3902,,,5.0
ICCS,2009,LTU,parental_education,3.8093,,,,weighted_mean,3858,,,1.0
ICCS,2009,LTU,ses_composite,0.0,,,,weighted_mean,3885,,,1.0
ICCS,2009,LUX,civic_knowledge,473.2694,2.234,468.89,477.65,JRR_zone,4852,,,5.0
ICCS,2009,LUX,parental_education,3.1282,,,,weighted_mean,4520,,,1.0
ICCS,2009,LUX,ses_composite,0.0,,,,weighted_mean,4784,,,1.0
ICCS,2009,LVA,civic_knowledge,481.6134,3.9864,473.8,489.43,JRR_zone,2761,,,5.0
ICCS,2009,LVA,parental_education,3.9873,,,,weighted_mean,2709,,,1.0
ICCS,2009,LVA,ses_composite,-0.0,,,,weighted_mean,2739,,,1.0
ICCS,2009,NLD,civic_knowledge,493.6078,7.7965,478.33,508.89,JRR_zone,1964,,,5.0
ICCS,2009,NLD,parental_education,3.6401,,,,weighted_mean,1859,,,1.0
ICCS,2009,NLD,ses_composite,-0.0,,,,weighted_mean,1905,,,1.0
ICCS,2009,NOR,civic_knowledge,514.5604,3.4138,507.87,521.25,JRR_zone,3013,,,5.0
ICCS,2009,NOR,parental_education,4.2347,,,,weighted_mean,2847,,,1.0
ICCS,2009,NOR,ses_composite,-0.0,,,,weighted_mean,2962,,,1.0
ICCS,2009,NZL,civic_knowledge,516.6597,4.9725,506.91,526.41,JRR_zone,3979,,,5.0
ICCS,2009,NZL,parental_education,3.9947,,,,weighted_mean,3432,,,1.0
ICCS,2009,NZL,ses_composite,-0.0,,,,weighted_mean,3851,,,1.0
ICCS,2009,POL,civic_knowledge,536.3437,4.6547,527.22,545.47,JRR_zone,3249,,,5.0
ICCS,2009,POL,parental_education,3.6258,,,,weighted_mean,3176,,,1.0
ICCS,2009,POL,ses_composite,0.0,,,,weighted_mean,3229,,,1.0
ICCS,2009,PRY,civic_knowledge,423.7016,3.4214,417.0,430.41,JRR_zone,3399,,,5.0
ICCS,2009,PRY,parental_education,2.5924,,,,weighted_mean,3357,,,1.0
ICCS,2009,PRY,ses_composite,0.0,,,,weighted_mean,3374,,,1.0
ICCS,2009,SVK,civic_knowledge,528.6391,4.4556,519.91,537.37,JRR_zone,2970,,,5.0
ICCS,2009,SVK,parental_education,3.6386,,,,weighted_mean,2955,,,1.0
ICCS,2009,SVK,ses_composite,-0.0,,,,weighted_mean,2964,,,1.0
ICCS,2009,SVN,civic_knowledge,515.9222,2.6538,510.72,521.12,JRR_zone,3070,,,5.0
ICCS,2009,SVN,parental_education,3.9242,,,,weighted_mean,3001,,,1.0
ICCS,2009,SVN,ses_composite,-0.0,,,,weighted_mean,3044,,,1.0
ICCS,2009,SWE,civic_knowledge,537.017,3.1003,530.94,543.09,JRR_zone,3464,,,5.0
ICCS,2009,SWE,parental_education,4.1922,,,,weighted_mean,3233,,,1.0
ICCS,2009,SWE,ses_composite,0.0,,,,weighted_mean,3393,,,1.0
ICCS,2009,THA,civic_knowledge,451.5277,3.6502,444.37,458.68,JRR_zone,5263,,,5.0
ICCS,2009,THA,parental_education,2.3605,,,,weighted_mean,5254,,,1.0
ICCS,2009,THA,ses_composite,0.0,,,,weighted_mean,5259,,,1.0
ICCS,2009,TWN,civic_knowledge,558.7338,2.4377,553.96,563.51,JRR_zone,5167,,,5.0
ICCS,2009,TWN,parental_education,3.451,,,,weighted_mean,5137,,,1.0
ICCS,2009,TWN,ses_composite,0.0,,,,weighted_mean,5144,,,1.0
ICCS,2016,BEL,civic_knowledge,537.2349,4.0874,529.22,545.25,JRR_zone,2931,,,5.0
ICCS,2016,BEL,parental_education,3.2016,,,,weighted_mean,2825,,,1.0
ICCS,2016,BEL,ses_composite,-0.0002,,,,weighted_mean,2913,,,1.0
ICCS,2016,CHL,civic_knowledge,482.4545,3.1078,476.36,488.55,JRR_zone,5081,,,5.0
ICCS,2016,CHL,parental_education,2.4867,,,,weighted_mean,4999,,,1.0
ICCS,2016,CHL,ses_composite,-0.0001,,,,weighted_mean,5030,,,1.0
ICCS,2016,DEU,civic_knowledge,518.5446,2.7289,513.2,523.89,JRR_zone,1451,,,5.0
ICCS,2016,DEU,parental_education,2.2774,,,,weighted_mean,1371,,,1.0
ICCS,2016,DEU,ses_composite,0.0002,,,,weighted_mean,1426,,,1.0
ICCS,2016,DNK,civic_knowledge,586.2504,2.9824,580.4,592.1,JRR_zone,6254,,,5.0
ICCS,2016,DNK,parental_education,2.9967,,,,weighted_mean,5834,,,1.0
ICCS,2016,DNK,ses_composite,0.0,,,,weighted_mean,5990,,,1.0
ICCS,2016,EST,civic_knowledge,546.4239,3.0511,540.44,552.4,JRR_zone,2857,,,5.0
ICCS,2016,EST,parental_education,3.0016,,,,weighted_mean,2814,,,1.0
ICCS,2016,EST,ses_composite,-0.0001,,,,weighted_mean,2837,,,1.0
ICCS,2016,FIN,civic_knowledge,576.6514,2.2592,572.22,581.08,JRR_zone,3173,,,5.0
ICCS,2016,FIN,parental_education,3.0407,,,,weighted_mean,3071,,,1.0
ICCS,2016,FIN,ses_composite,-0.0,,,,weighted_mean,3123,,,1.0
ICCS,2016,HKG,civic_knowledge,515.2757,6.6549,502.23,528.32,JRR_zone,2653,,,5.0
ICCS,2016,HKG,parental_education,2.2902,,,,weighted_mean,2548,,,1.0
ICCS,2016,HKG,ses_composite,-0.0,,,,weighted_mean,2587,,,1.0
ICCS,2016,HRV,civic_knowledge,531.2111,2.475,526.36,536.06,JRR_zone,3896,,,5.0
ICCS,2016,HRV,parental_education,2.7025,,,,weighted_mean,3879,,,1.0
ICCS,2016,HRV,ses_composite,-0.0001,,,,weighted_mean,3886,,,1.0
ICCS,2016,KOR,civic_knowledge,551.2297,3.5742,544.22,558.24,JRR_zone,2601,,,5.0
ICCS,2016,KOR,parental_education,3.3565,,,,weighted_mean,2539,,,1.0
ICCS,2016,KOR,ses_composite,0.0002,,,,weighted_mean,2583,,,1.0
ICCS,2016,LTU,civic_knowledge,517.7571,3.0453,511.79,523.73,JRR_zone,3631,,,5.0
ICCS,2016,LTU,parental_education,3.2023,,,,weighted_mean,3524,,,1.0
ICCS,2016,LTU,ses_composite,-0.0002,,,,weighted_mean,3585,,,1.0
ICCS,2016,LVA,civic_knowledge,492.1515,3.131,486.01,498.29,JRR_zone,3224,,,5.0
ICCS,2016,LVA,parental_education,3.126,,,,weighted_mean,3097,,,1.0
ICCS,2016,LVA,ses_composite,-0.0,,,,weighted_mean,3134,,,1.0
ICCS,2016,MEX,civic_knowledge,467.0415,2.5493,462.04,472.04,JRR_zone,5526,,,5.0
ICCS,2016,MEX,parental_education,1.9398,,,,weighted_mean,5471,,,1.0
ICCS,2016,MEX,ses_composite,0.0,,,,weighted_mean,5495,,,1.0
ICCS,2016,MLT,civic_knowledge,491.218,2.7277,485.87,496.56,JRR_zone,3764,,,5.0
ICCS,2016,MLT,parental_education,2.338,,,,weighted_mean,3505,,,1.0
ICCS,2016,MLT,ses_composite,-0.0,,,,weighted_mean,3665,,,1.0
ICCS,2016,NLD,civic_knowledge,522.8688,4.5337,513.98,531.75,JRR_zone,2812,,,5.0
ICCS,2016,NLD,parental_education,2.8118,,,,weighted_mean,2659,,,1.0
ICCS,2016,NLD,ses_composite,-0.0001,,,,weighted_mean,2773,,,1.0
ICCS,2016,NOR,civic_knowledge,563.6634,2.1935,559.36,567.96,JRR_zone,6271,,,5.0
ICCS,2016,NOR,parental_education,3.4281,,,,weighted_mean,5926,,,1.0
ICCS,2016,NOR,ses_composite,-0.002,,,,weighted_mean,6134,,,1.0
ICCS,2016,RUS,civic_knowledge,544.6827,4.1884,536.47,552.89,JRR_zone,7289,,,5.0
ICCS,2016,RUS,parental_education,3.3081,,,,weighted_mean,7237,,,1.0
ICCS,2016,RUS,ses_composite,-0.0002,,,,weighted_mean,7266,,,1.0
ICCS,2016,SVN,civic_knowledge,532.1036,2.4904,527.22,536.98,JRR_zone,2844,,,5.0
ICCS,2016,SVN,parental_education,3.0382,,,,weighted_mean,2785,,,1.0
ICCS,2016,SVN,ses_composite,-0.0001,,,,weighted_mean,2832,,,1.0
ICCS,2016,TWN,civic_knowledge,581.148,3.0302,575.21,587.09,JRR_zone,3953,,,5.0
ICCS,2016,TWN,parental_education,2.7444,,,,weighted_mean,3921,,,1.0
ICCS,2016,TWN,ses_composite,-0.0002,,,,weighted_mean,3934,,,1.0
ICCS,2022,BGR,civic_knowledge,455.9214,4.6429,446.82,465.02,JRR_zone,3113,,,5.0
ICCS,2022,BRA,civic_knowledge,456.6728,3.2732,450.26,463.09,JRR_zone,5885,,,5.0
ICCS,2022,COL,civic_knowledge,452.0707,3.7703,444.68,459.46,JRR_zone,4193,,,5.0
ICCS,2022,CYP,civic_knowledge,458.9608,2.4808,454.1,463.82,JRR_zone,3136,,,5.0
ICCS,2022,DEU,civic_knowledge,524.4767,2.6232,519.34,529.62,JRR_zone,3266,,,5.0
ICCS,2022,DSH,civic_knowledge,543.8885,4.4421,535.18,552.6,JRR_zone,1487,,,5.0
ICCS,2022,ESP,civic_knowledge,509.7008,3.2619,503.31,516.09,JRR_zone,3487,,,5.0
ICCS,2022,EST,civic_knowledge,545.1539,5.4967,534.38,555.93,JRR_zone,2685,,,5.0
ICCS,2022,FRA,civic_knowledge,508.2768,3.2726,501.86,514.69,JRR_zone,3533,,,5.0
ICCS,2022,HRV,civic_knowledge,531.3191,2.5977,526.23,536.41,JRR_zone,2759,,,5.0
ICCS,2022,ITA,civic_knowledge,522.9858,3.6214,515.89,530.08,JRR_zone,2945,,,5.0
ICCS,2022,LTU,civic_knowledge,508.8804,3.9666,501.11,516.65,JRR_zone,3560,,,5.0
ICCS,2022,LVA,civic_knowledge,490.1111,2.8447,484.54,495.69,JRR_zone,2876,,,5.0
ICCS,2022,NLD,civic_knowledge,508.2892,4.0937,500.27,516.31,JRR_zone,2609,,,5.0
ICCS,2022,NOR,civic_knowledge,529.1304,2.7885,523.66,534.6,JRR_zone,5673,,,5.0
ICCS,2022,POL,civic_knowledge,554.2193,2.5222,549.28,559.16,JRR_zone,4434,,,5.0
ICCS,2022,SVK,civic_knowledge,501.0986,3.2703,494.69,507.51,JRR_zone,3202,,,5.0
ICCS,2022,SVN,civic_knowledge,504.0589,2.2942,499.56,508.56,JRR_zone,3466,,,5.0
ICCS,2022,SWE,civic_knowledge,564.6128,3.5044,557.74,571.48,JRR_zone,3263,,,5.0
ICCS,2022,TWN,civic_knowledge,583.06,2.3025,578.55,587.57,JRR_zone,3852,,,5.0
ICILS,2013,ARE,computer_literacy,450.1552,0.5336,449.11,451.2,JRR_ZONES,1076,1076.0,0.0,5.0
ICILS,2013,ARE,home_literacy_activities,1.9663,0.0,1.97,1.97,JRR_ZONES,1076,993.0,0.0,0.0
ICILS,2013,ARE,parental_education,2.4695,0.0,2.47,2.47,JRR_ZONES,1076,993.0,0.0,0.0
ICILS,2013,ARE,ses_composite,0.0001,0.0,0.0,0.0,JRR_ZONES,1076,850.0,0.0,0.0
ICILS,2013,CHE,computer_literacy,525.5617,0.7691,524.05,527.07,JRR_ZONES,3225,3225.0,0.0,5.0
ICILS,2013,CHE,home_literacy_activities,2.2105,0.0,2.21,2.21,JRR_ZONES,3225,3190.0,0.0,0.0
ICILS,2013,CHE,parental_education,2.3146,0.0,2.31,2.31,JRR_ZONES,3225,3147.0,0.0,0.0
ICILS,2013,CHE,ses_composite,0.0002,0.0,0.0,0.0,JRR_ZONES,3225,3078.0,0.0,0.0
ICILS,2013,CHL,computer_literacy,486.5838,0.4194,485.76,487.41,JRR_ZONES,3180,3180.0,0.0,5.0
ICILS,2013,CHL,home_literacy_activities,1.4943,0.0,1.49,1.49,JRR_ZONES,3180,3165.0,0.0,0.0
ICILS,2013,CHL,parental_education,2.4644,0.0,2.46,2.46,JRR_ZONES,3180,3164.0,0.0,0.0
ICILS,2013,CHL,ses_composite,0.0,0.0,0.0,0.0,JRR_ZONES,3180,2978.0,0.0,0.0
ICILS,2013,COL,computer_literacy,547.1643,0.5999,545.99,548.34,JRR_ZONES,3377,3377.0,0.0,5.0
ICILS,2013,COL,home_literacy_activities,2.4693,0.0,2.47,2.47,JRR_ZONES,3377,3320.0,0.0,0.0
ICILS,2013,COL,parental_education,3.3279,0.0,3.33,3.33,JRR_ZONES,3377,3289.0,0.0,0.0
ICILS,2013,COL,ses_composite,0.0,0.0,0.0,0.0,JRR_ZONES,3377,3045.0,0.0,0.0
ICILS,2013,CZE,computer_literacy,553.4541,0.5064,552.46,554.45,JRR_ZONES,3066,3066.0,0.0,5.0
ICILS,2013,CZE,home_literacy_activities,2.2563,0.0,2.26,2.26,JRR_ZONES,3066,3056.0,0.0,0.0
ICILS,2013,CZE,parental_education,2.6314,0.0,2.63,2.63,JRR_ZONES,3066,3050.0,0.0,0.0
ICILS,2013,CZE,ses_composite,-0.0001,0.0,-0.0,-0.0,JRR_ZONES,3066,2983.0,0.0,0.0
ICILS,2013,DEU,computer_literacy,523.4728,0.6439,522.21,524.73,JRR_ZONES,2225,2225.0,0.0,5.0
ICILS,2013,DEU,home_literacy_activities,2.4752,0.0,2.48,2.48,JRR_ZONES,2225,2105.0,0.0,0.0
ICILS,2013,DEU,parental_education,2.0703,0.0,2.07,2.07,JRR_ZONES,2225,2031.0,0.0,0.0
ICILS,2013,DEU,ses_composite,-0.0001,0.0,-0.0,-0.0,JRR_ZONES,2225,1970.0,0.0,0.0
ICILS,2013,DNK,computer_literacy,541.5106,1.2783,539.01,544.02,JRR_ZONES,1767,1767.0,0.0,5.0
ICILS,2013,DNK,home_literacy_activities,2.2643,0.0,2.26,2.26,JRR_ZONES,1767,1740.0,0.0,0.0
ICILS,2013,DNK,parental_education,2.7778,0.0,2.78,2.78,JRR_ZONES,1767,1730.0,0.0,0.0
ICILS,2013,DNK,ses_composite,-0.0,0.0,-0.0,-0.0,JRR_ZONES,1767,1683.0,0.0,0.0
ICILS,2013,HKG,computer_literacy,509.4129,0.403,508.62,510.2,JRR_ZONES,2089,2089.0,0.0,5.0
ICILS,2013,HKG,home_literacy_activities,1.936,0.0,1.94,1.94,JRR_ZONES,2089,2070.0,0.0,0.0
ICILS,2013,HKG,parental_education,2.2818,0.0,2.28,2.28,JRR_ZONES,2089,2069.0,0.0,0.0
ICILS,2013,HKG,ses_composite,-0.0002,0.0,-0.0,-0.0,JRR_ZONES,2089,1595.0,0.0,0.0
ICILS,2013,HRV,computer_literacy,512.4887,1.0467,510.44,514.54,JRR_ZONES,2850,2850.0,0.0,5.0
ICILS,2013,HRV,home_literacy_activities,1.7692,0.0,1.77,1.77,JRR_ZONES,2850,2843.0,0.0,0.0
ICILS,2013,HRV,parental_education,2.5557,0.0,2.56,2.56,JRR_ZONES,2850,2845.0,0.0,0.0
ICILS,2013,HRV,ses_composite,-0.0003,0.0,-0.0,-0.0,JRR_ZONES,2850,2734.0,0.0,0.0
ICILS,2013,KOR,computer_literacy,535.9914,0.5432,534.93,537.06,JRR_ZONES,2888,2888.0,0.0,5.0
ICILS,2013,KOR,home_literacy_activities,2.8671,0.0,2.87,2.87,JRR_ZONES,2888,2884.0,0.0,0.0
ICILS,2013,KOR,parental_education,3.2467,0.0,3.25,3.25,JRR_ZONES,2888,2884.0,0.0,0.0
ICILS,2013,KOR,ses_composite,0.0002,0.0,0.0,0.0,JRR_ZONES,2888,2805.0,0.0,0.0
ICILS,2013,NLD,computer_literacy,534.9211,0.6699,533.61,536.23,JRR_ZONES,2197,2197.0,0.0,5.0
ICILS,2013,NLD,home_literacy_activities,1.914,0.0,1.91,1.91,JRR_ZONES,2197,2179.0,0.0,0.0
ICILS,2013,NLD,parental_education,2.4156,0.0,2.42,2.42,JRR_ZONES,2197,2146.0,0.0,0.0
ICILS,2013,NOR,computer_literacy,536.6848,0.5802,535.55,537.82,JRR_ZONES,2436,2436.0,0.0,5.0
ICILS,2013,NOR,home_literacy_activities,2.5236,0.0,2.52,2.52,JRR_ZONES,2436,2418.0,0.0,0.0
ICILS,2013,NOR,parental_education,3.4845,0.0,3.48,3.48,JRR_ZONES,2436,2388.0,0.0,0.0
ICILS,2013,NOR,ses_composite,0.0002,0.0,0.0,0.0,JRR_ZONES,2436,2338.0,0.0,0.0
ICILS,2013,POL,computer_literacy,537.2099,0.5494,536.13,538.29,JRR_ZONES,2870,2870.0,0.0,5.0
ICILS,2013,POL,home_literacy_activities,2.2973,0.0,2.3,2.3,JRR_ZONES,2870,2863.0,0.0,0.0
ICILS,2013,POL,parental_education,2.6971,0.0,2.7,2.7,JRR_ZONES,2870,2845.0,0.0,0.0
ICILS,2013,POL,ses_composite,-0.0,0.0,-0.0,-0.0,JRR_ZONES,2870,2741.0,0.0,0.0
ICILS,2013,RUS,computer_literacy,516.2986,0.8756,514.58,518.01,JRR_ZONES,3626,3626.0,0.0,5.0
ICILS,2013,RUS,home_literacy_activities,2.1686,0.0,2.17,2.17,JRR_ZONES,3626,3605.0,0.0,0.0
ICILS,2013,RUS,parental_education,3.3626,0.0,3.36,3.36,JRR_ZONES,3626,3610.0,0.0,0.0
ICILS,2013,RUS,ses_composite,0.0005,0.0,0.0,0.0,JRR_ZONES,3626,3411.0,0.0,0.0
ICILS,2013,SVK,computer_literacy,517.269,0.8626,515.58,518.96,JRR_ZONES,2994,2994.0,0.0,5.0
ICILS,2013,SVK,home_literacy_activities,1.9465,0.0,1.95,1.95,JRR_ZONES,2994,2972.0,0.0,0.0
ICILS,2013,SVK,parental_education,2.7439,0.0,2.74,2.74,JRR_ZONES,2994,2976.0,0.0,0.0
ICILS,2013,SVK,ses_composite,-0.0002,0.0,-0.0,-0.0,JRR_ZONES,2994,2828.0,0.0,0.0
ICILS,2013,SVN,computer_literacy,510.6881,0.3469,510.01,511.37,JRR_ZONES,3740,3740.0,0.0,5.0
ICILS,2013,SVN,home_literacy_activities,2.0761,0.0,2.08,2.08,JRR_ZONES,3740,3729.0,0.0,0.0
ICILS,2013,SVN,parental_education,2.99,0.0,2.99,2.99,JRR_ZONES,3740,3708.0,0.0,0.0
ICILS,2013,SVN,ses_composite,0.0,0.0,0.0,0.0,JRR_ZONES,3740,3565.0,0.0,0.0
ICILS,2013,THA,computer_literacy,373.3015,0.6888,371.95,374.65,JRR_ZONES,3646,3646.0,0.0,5.0
ICILS,2013,THA,home_literacy_activities,1.2822,0.0,1.28,1.28,JRR_ZONES,3646,3632.0,0.0,0.0
ICILS,2013,THA,parental_education,1.6805,0.0,1.68,1.68,JRR_ZONES,3646,3634.0,0.0,0.0
ICILS,2013,THA,ses_composite,0.0005,0.0,0.0,0.0,JRR_ZONES,3646,3508.0,0.0,0.0
ICILS,2013,TWN,computer_literacy,528.0309,1.1182,525.84,530.22,JRR_ZONES,1556,1556.0,0.0,5.0
ICILS,2013,TWN,home_literacy_activities,2.3138,0.0,2.31,2.31,JRR_ZONES,1556,1530.0,0.0,0.0
ICILS,2013,TWN,parental_education,3.2457,0.0,3.25,3.25,JRR_ZONES,1556,1522.0,0.0,0.0
ICILS,2013,TWN,ses_composite,-0.0001,0.0,-0.0,-0.0,JRR_ZONES,1556,1416.0,0.0,0.0
ICILS,2018,DEU,computer_literacy,518.2645,0.9058,516.49,520.04,JRR_ZONES,3655,3655.0,0.0,5.0
ICILS,2018,DEU,home_literacy_activities,2.4301,0.0,2.43,2.43,JRR_ZONES,3655,3161.0,0.0,0.0
ICILS,2018,DEU,parental_education,2.2525,0.0,2.25,2.25,JRR_ZONES,3655,2967.0,0.0,0.0
ICILS,2018,DEU,ses_composite,-0.0,0.0,-0.0,-0.0,JRR_ZONES,3655,3106.0,0.0,0.0
ICILS,2018,DNK,computer_literacy,514.6741,0.667,513.37,515.98,JRR_ZONES,1991,1991.0,0.0,5.0
ICILS,2018,DNK,home_literacy_activities,2.3093,0.0,2.31,2.31,JRR_ZONES,1991,1657.0,0.0,0.0
ICILS,2018,DNK,parental_education,2.3494,0.0,2.35,2.35,JRR_ZONES,1991,1555.0,0.0,0.0
ICILS,2018,DNK,ses_composite,-0.0,0.0,-0.0,-0.0,JRR_ZONES,1991,1632.0,0.0,0.0
ICILS,2018,FIN,computer_literacy,530.6594,0.3251,530.02,531.3,JRR_ZONES,2546,2546.0,0.0,5.0
ICILS,2018,FIN,home_literacy_activities,2.1832,0.0,2.18,2.18,JRR_ZONES,2546,2520.0,0.0,0.0
ICILS,2018,FIN,parental_education,3.2376,0.0,3.24,3.24,JRR_ZONES,2546,2478.0,0.0,0.0
ICILS,2018,FIN,ses_composite,0.0,0.0,0.0,0.0,JRR_ZONES,2546,2508.0,0.0,0.0
ICILS,2018,FRA,computer_literacy,498.7139,0.6264,497.49,499.94,JRR_ZONES,2940,2940.0,0.0,5.0
ICILS,2018,FRA,home_literacy_activities,1.871,0.0,1.87,1.87,JRR_ZONES,2940,2916.0,0.0,0.0
ICILS,2018,FRA,parental_education,2.7748,0.0,2.77,2.77,JRR_ZONES,2940,2735.0,0.0,0.0
ICILS,2018,FRA,ses_composite,0.0,0.0,0.0,0.0,JRR_ZONES,2940,2888.0,0.0,0.0
ICILS,2018,ITA,computer_literacy,461.0194,0.7196,459.61,462.43,JRR_ZONES,2810,2810.0,0.0,5.0
ICILS,2018,ITA,home_literacy_activities,2.133,0.0,2.13,2.13,JRR_ZONES,2810,2794.0,0.0,0.0
ICILS,2018,ITA,parental_education,2.6207,0.0,2.62,2.62,JRR_ZONES,2810,2758.0,0.0,0.0
ICILS,2018,ITA,ses_composite,-0.0,0.0,-0.0,-0.0,JRR_ZONES,2810,2794.0,0.0,0.0
ICILS,2018,KAZ,computer_literacy,395.1586,0.5937,393.99,396.32,JRR_ZONES,3371,3371.0,0.0,5.0
ICILS,2018,KAZ,home_literacy_activities,1.4907,0.0,1.49,1.49,JRR_ZONES,3371,3360.0,0.0,0.0
ICILS,2018,KAZ,parental_education,2.8974,0.0,2.9,2.9,JRR_ZONES,3371,3350.0,0.0,0.0
ICILS,2018,KAZ,ses_composite,0.0,0.0,0.0,0.0,JRR_ZONES,3371,3360.0,0.0,0.0
ICILS,2018,KOR,computer_literacy,542.0843,0.7866,540.54,543.63,JRR_ZONES,2875,2875.0,0.0,5.0
ICILS,2018,KOR,home_literacy_activities,2.8949,0.0,2.89,2.89,JRR_ZONES,2875,2871.0,0.0,0.0
ICILS,2018,KOR,parental_education,3.5153,0.0,3.52,3.52,JRR_ZONES,2875,2850.0,0.0,0.0
ICILS,2018,KOR,ses_composite,0.0,0.0,0.0,0.0,JRR_ZONES,2875,2863.0,0.0,0.0
ICILS,2018,LUX,computer_literacy,481.7651,0.4683,480.85,482.68,JRR_ZONES,5401,5401.0,0.0,5.0
ICILS,2018,LUX,home_literacy_activities,2.3664,0.0,2.37,2.37,JRR_ZONES,5401,5355.0,0.0,0.0
ICILS,2018,LUX,parental_education,2.7661,0.0,2.77,2.77,JRR_ZONES,5401,4909.0,0.0,0.0
ICILS,2018,LUX,ses_composite,0.0,0.0,0.0,0.0,JRR_ZONES,5401,5226.0,0.0,0.0
ICILS,2018,MKD,computer_literacy,549.1455,0.3965,548.37,549.92,JRR_ZONES,2852,2852.0,0.0,5.0
ICILS,2018,MKD,home_literacy_activities,2.4737,0.0,2.47,2.47,JRR_ZONES,2852,2839.0,0.0,0.0
ICILS,2018,MKD,parental_education,3.5879,0.0,3.59,3.59,JRR_ZONES,2852,2773.0,0.0,0.0
ICILS,2018,MKD,ses_composite,-0.0,0.0,-0.0,-0.0,JRR_ZONES,2852,2809.0,0.0,0.0
ICILS,2018,PRT,computer_literacy,516.4711,0.2687,515.94,517.0,JRR_ZONES,3221,3221.0,0.0,5.0
ICILS,2018,PRT,home_literacy_activities,1.98,0.0,1.98,1.98,JRR_ZONES,3221,3193.0,0.0,0.0
ICILS,2018,PRT,parental_education,2.348,0.0,2.35,2.35,JRR_ZONES,3221,3192.0,0.0,0.0
ICILS,2018,PRT,ses_composite,-0.0,0.0,-0.0,-0.0,JRR_ZONES,3221,3205.0,0.0,0.0
ICILS,2018,URY,computer_literacy,450.4461,0.9012,448.68,452.21,JRR_ZONES,2613,2613.0,0.0,5.0
ICILS,2018,URY,home_literacy_activities,1.1681,0.0,1.17,1.17,JRR_ZONES,2613,2563.0,0.0,0.0
ICILS,2018,URY,parental_education,1.9779,0.0,1.98,1.98,JRR_ZONES,2613,2564.0,0.0,0.0
ICILS,2018,URY,ses_composite,-0.0,0.0,-0.0,-0.0,JRR_ZONES,2613,2568.0,0.0,0.0
ICILS,2018,USA,computer_literacy,518.9319,0.3102,518.32,519.54,JRR_ZONES,6790,6790.0,0.0,5.0
ICILS,2018,USA,home_literacy_activities,1.9487,0.0,1.95,1.95,JRR_ZONES,6790,6334.0,0.0,0.0
ICILS,2018,USA,parental_education,3.0766,0.0,3.08,3.08,JRR_ZONES,6790,6054.0,0.0,0.0
ICILS,2018,USA,ses_composite,0.0,0.0,0.0,0.0,JRR_ZONES,6790,6217.0,0.0,0.0
ICILS,2023,AZE,computer_literacy,318.6523,1.6498,315.42,321.89,JRR_ZONES,3634,3634.0,0.0,5.0
ICILS,2023,AZE,home_literacy_activities,1.4241,0.0,1.42,1.42,JRR_ZONES,3634,3487.0,0.0,0.0
ICILS,2023,AZE,parental_education,2.3038,0.0,2.3,2.3,JRR_ZONES,3634,3492.0,0.0,0.0
ICILS,2023,AZE,ses_composite,49.7893,0.0,49.79,49.79,JRR_ZONES,3634,2451.0,0.0,0.0
ICILS,2023,BEL,computer_literacy,510.6103,0.7126,509.21,512.01,JRR_ZONES,3365,3365.0,0.0,5.0
ICILS,2023,BEL,home_literacy_activities,1.9347,0.0,1.93,1.93,JRR_ZONES,3365,3315.0,0.0,0.0
ICILS,2023,BEL,parental_education,3.3222,0.0,3.32,3.32,JRR_ZONES,3365,3022.0,0.0,0.0
ICILS,2023,BEL,ses_composite,49.0149,0.0,49.01,49.01,JRR_ZONES,3365,2904.0,0.0,0.0
ICILS,2023,BIH,computer_literacy,440.2826,0.8824,438.55,442.01,JRR_ZONES,1877,1877.0,0.0,5.0
ICILS,2023,BIH,home_literacy_activities,1.4605,0.0,1.46,1.46,JRR_ZONES,1877,1858.0,0.0,0.0
ICILS,2023,BIH,parental_education,2.7676,0.0,2.77,2.77,JRR_ZONES,1877,1861.0,0.0,0.0
ICILS,2023,BIH,ses_composite,43.8392,0.0,43.84,43.84,JRR_ZONES,1877,1725.0,0.0,0.0
ICILS,2023,CYP,computer_literacy,460.4221,0.3879,459.66,461.18,JRR_ZONES,3182,3182.0,0.0,5.0
ICILS,2023,CYP,home_literacy_activities,2.1223,0.0,2.12,2.12,JRR_ZONES,3182,3115.0,0.0,0.0
ICILS,2023,CYP,parental_education,3.4395,0.0,3.44,3.44,JRR_ZONES,3182,3039.0,0.0,0.0
ICILS,2023,CYP,ses_composite,54.0989,0.0,54.1,54.1,JRR_ZONES,3182,2946.0,0.0,0.0
ICILS,2023,CZE,computer_literacy,525.3865,0.4983,524.41,526.36,JRR_ZONES,8169,8169.0,0.0,5.0
ICILS,2023,CZE,home_literacy_activities,2.2127,0.0,2.21,2.21,JRR_ZONES,8169,8134.0,0.0,0.0
ICILS,2023,CZE,parental_education,2.8861,0.0,2.89,2.89,JRR_ZONES,8169,8069.0,0.0,0.0
ICILS,2023,CZE,ses_composite,49.1264,0.0,49.13,49.13,JRR_ZONES,8169,7764.0,0.0,0.0
ICILS,2023,DEU,computer_literacy,501.8373,0.6889,500.49,503.19,JRR_ZONES,5065,5065.0,0.0,5.0
ICILS,2023,DEU,home_literacy_activities,2.2166,0.0,2.22,2.22,JRR_ZONES,5065,4549.0,0.0,0.0
ICILS,2023,DEU,parental_education,2.2159,0.0,2.22,2.22,JRR_ZONES,5065,4125.0,0.0,0.0
ICILS,2023,DEU,ses_composite,49.1229,0.0,49.12,49.12,JRR_ZONES,5065,4224.0,0.0,0.0
ICILS,2023,DNK,computer_literacy,484.7139,1.0355,482.68,486.74,JRR_ZONES,2726,2726.0,0.0,5.0
ICILS,2023,DNK,home_literacy_activities,2.0984,0.0,2.1,2.1,JRR_ZONES,2726,2356.0,0.0,0.0
ICILS,2023,DNK,parental_education,2.2998,0.0,2.3,2.3,JRR_ZONES,2726,2064.0,0.0,0.0
ICILS,2023,DNK,ses_composite,48.7399,0.0,48.74,48.74,JRR_ZONES,2726,2138.0,0.0,0.0
ICILS,2023,FIN,computer_literacy,506.6932,0.3779,505.95,507.43,JRR_ZONES,4249,4249.0,0.0,5.0
ICILS,2023,FIN,home_literacy_activities,2.111,0.0,2.11,2.11,JRR_ZONES,4249,4165.0,0.0,0.0
ICILS,2023,FIN,parental_education,3.3462,0.0,3.35,3.35,JRR_ZONES,4249,4093.0,0.0,0.0
ICILS,2023,FIN,ses_composite,52.5812,0.0,52.58,52.58,JRR_ZONES,4249,3844.0,0.0,0.0
ICILS,2023,FRA,computer_literacy,497.6354,0.2938,497.06,498.21,JRR_ZONES,3694,3694.0,0.0,5.0
ICILS,2023,FRA,home_literacy_activities,1.9949,0.0,1.99,1.99,JRR_ZONES,3694,3656.0,0.0,0.0
ICILS,2023,FRA,parental_education,2.9105,0.0,2.91,2.91,JRR_ZONES,3694,3416.0,0.0,0.0
ICILS,2023,FRA,ses_composite,49.9136,0.0,49.91,49.91,JRR_ZONES,3694,3441.0,0.0,0.0
ICILS,2023,GRC,computer_literacy,459.9081,0.3498,459.22,460.59,JRR_ZONES,3576,3576.0,0.0,5.0
ICILS,2023,GRC,home_literacy_activities,2.0472,0.0,2.05,2.05,JRR_ZONES,3576,3541.0,0.0,0.0
ICILS,2023,GRC,parental_education,3.1775,0.0,3.18,3.18,JRR_ZONES,3576,3540.0,0.0,0.0
ICILS,2023,GRC,ses_composite,48.0752,0.0,48.08,48.08,JRR_ZONES,3576,3332.0,0.0,0.0
ICILS,2023,HRV,computer_literacy,486.6035,0.8941,484.85,488.36,JRR_ZONES,2911,2911.0,0.0,5.0
ICILS,2023,HRV,home_literacy_activities,1.7409,0.0,1.74,1.74,JRR_ZONES,2911,2860.0,0.0,0.0
ICILS,2023,HRV,parental_education,2.9421,0.0,2.94,2.94,JRR_ZONES,2911,2826.0,0.0,0.0
ICILS,2023,HRV,ses_composite,48.031,0.0,48.03,48.03,JRR_ZONES,2911,2682.0,0.0,0.0
ICILS,2023,HUN,computer_literacy,504.9441,0.4454,504.07,505.82,JRR_ZONES,3491,3491.0,0.0,5.0
ICILS,2023,HUN,home_literacy_activities,2.2481,0.0,2.25,2.25,JRR_ZONES,3491,3440.0,0.0,0.0
ICILS,2023,HUN,parental_education,3.0124,0.0,3.01,3.01,JRR_ZONES,3491,3425.0,0.0,0.0
ICILS,2023,HUN,ses_composite,49.7051,0.0,49.71,49.71,JRR_ZONES,3491,3291.0,0.0,0.0
ICILS,2023,ITA,computer_literacy,490.5434,0.4627,489.64,491.45,JRR_ZONES,3376,3376.0,0.0,5.0
ICILS,2023,ITA,home_literacy_activities,2.0663,0.0,2.07,2.07,JRR_ZONES,3376,3362.0,0.0,0.0
ICILS,2023,ITA,parental_education,2.5912,0.0,2.59,2.59,JRR_ZONES,3376,3322.0,0.0,0.0
ICILS,2023,ITA,ses_composite,47.6863,0.0,47.69,47.69,JRR_ZONES,3376,3165.0,0.0,0.0
ICILS,2023,KAZ,computer_literacy,406.9882,0.5772,405.86,408.12,JRR_ZONES,4852,4852.0,0.0,5.0
ICILS,2023,KAZ,home_literacy_activities,1.2099,0.0,1.21,1.21,JRR_ZONES,4852,4814.0,0.0,0.0
ICILS,2023,KAZ,parental_education,2.8674,0.0,2.87,2.87,JRR_ZONES,4852,4766.0,0.0,0.0
ICILS,2023,KAZ,ses_composite,51.118,0.0,51.12,51.12,JRR_ZONES,4852,4462.0,0.0,0.0
ICILS,2023,KOR,computer_literacy,540.3995,0.2746,539.86,540.94,JRR_ZONES,3723,3723.0,0.0,5.0
ICILS,2023,KOR,home_literacy_activities,2.5371,0.0,2.54,2.54,JRR_ZONES,3723,3688.0,0.0,0.0
ICILS,2023,KOR,parental_education,3.4363,0.0,3.44,3.44,JRR_ZONES,3723,3658.0,0.0,0.0
ICILS,2023,KOR,ses_composite,50.1565,0.0,50.16,50.16,JRR_ZONES,3723,2966.0,0.0,0.0
ICILS,2023,LUX,computer_literacy,493.6714,0.2051,493.27,494.07,JRR_ZONES,4703,4703.0,0.0,5.0
ICILS,2023,LUX,home_literacy_activities,2.2762,0.0,2.28,2.28,JRR_ZONES,4703,4611.0,0.0,0.0
ICILS,2023,LUX,parental_education,2.9588,0.0,2.96,2.96,JRR_ZONES,4703,4129.0,0.0,0.0
ICILS,2023,LUX,ses_composite,51.0834,0.0,51.08,51.08,JRR_ZONES,4703,4243.0,0.0,0.0
ICILS,2023,LVA,computer_literacy,508.8083,0.6838,507.47,510.15,JRR_ZONES,2705,2705.0,0.0,5.0
ICILS,2023,LVA,home_literacy_activities,1.8721,0.0,1.87,1.87,JRR_ZONES,2705,2662.0,0.0,0.0
ICILS,2023,LVA,parental_education,3.1827,0.0,3.18,3.18,JRR_ZONES,2705,1998.0,0.0,0.0
ICILS,2023,LVA,ses_composite,48.3531,0.0,48.35,48.35,JRR_ZONES,2705,2171.0,0.0,0.0
ICILS,2023,MLT,computer_literacy,475.0184,0.8413,473.37,476.67,JRR_ZONES,3115,3115.0,0.0,5.0
ICILS,2023,MLT,home_literacy_activities,2.1484,0.0,2.15,2.15,JRR_ZONES,3115,3047.0,0.0,0.0
ICILS,2023,MLT,parental_education,2.8788,0.0,2.88,2.88,JRR_ZONES,3115,2944.0,0.0,0.0
ICILS,2023,MLT,ses_composite,53.0959,0.0,53.1,53.1,JRR_ZONES,3115,2804.0,0.0,0.0
ICILS,2023,NLD,computer_literacy,459.5847,0.7972,458.02,461.15,JRR_ZONES,1288,1288.0,0.0,5.0
ICILS,2023,NLD,home_literacy_activities,1.8448,0.0,1.84,1.84,JRR_ZONES,1288,1221.0,0.0,0.0
ICILS,2023,NLD,parental_education,2.8214,0.0,2.82,2.82,JRR_ZONES,1288,1132.0,0.0,0.0
ICILS,2023,NLD,ses_composite,51.3631,0.0,51.36,51.36,JRR_ZONES,1288,1036.0,0.0,0.0
ICILS,2023,OMN,computer_literacy,379.1219,0.2798,378.57,379.67,JRR_ZONES,6437,6437.0,0.0,5.0
ICILS,2023,OMN,home_literacy_activities,1.4712,0.0,1.47,1.47,JRR_ZONES,6437,6280.0,0.0,0.0
ICILS,2023,OMN,parental_education,2.9818,0.0,2.98,2.98,JRR_ZONES,6437,6323.0,0.0,0.0
ICILS,2023,OMN,ses_composite,50.822,0.0,50.82,50.82,JRR_ZONES,6437,5082.0,0.0,0.0
ICILS,2023,PRT,computer_literacy,509.7129,0.677,508.39,511.04,JRR_ZONES,3650,3650.0,0.0,5.0
ICILS,2023,PRT,home_literacy_activities,1.7924,0.0,1.79,1.79,JRR_ZONES,3650,3621.0,0.0,0.0
ICILS,2023,PRT,parental_education,2.6162,0.0,2.62,2.62,JRR_ZONES,3650,3581.0,0.0,0.0
ICILS,2023,PRT,ses_composite,50.2456,0.0,50.25,50.25,JRR_ZONES,3650,3529.0,0.0,0.0
ICILS,2023,SVK,computer_literacy,498.6932,0.7981,497.13,500.26,JRR_ZONES,3034,3034.0,0.0,5.0
ICILS,2023,SVK,home_literacy_activities,1.8591,0.0,1.86,1.86,JRR_ZONES,3034,3022.0,0.0,0.0
ICILS,2023,SVK,parental_education,2.8142,0.0,2.81,2.81,JRR_ZONES,3034,2993.0,0.0,0.0
ICILS,2023,SVK,ses_composite,47.6198,0.0,47.62,47.62,JRR_ZONES,3034,2792.0,0.0,0.0
ICILS,2023,SVN,computer_literacy,483.4782,0.609,482.28,484.67,JRR_ZONES,3318,3318.0,0.0,5.0
ICILS,2023,SVN,home_literacy_activities,2.14,0.0,2.14,2.14,JRR_ZONES,3318,3270.0,0.0,0.0
ICILS,2023,SVN,parental_education,3.21,0.0,3.21,3.21,JRR_ZONES,3318,3158.0,0.0,0.0
ICILS,2023,SVN,ses_composite,53.2939,0.0,53.29,53.29,JRR_ZONES,3318,3061.0,0.0,0.0
ICILS,2023,SWE,computer_literacy,504.2374,0.7549,502.76,505.72,JRR_ZONES,3401,3401.0,0.0,5.0
ICILS,2023,SWE,home_literacy_activities,2.1227,0.0,2.12,2.12,JRR_ZONES,3401,3313.0,0.0,0.0
ICILS,2023,SWE,parental_education,3.3891,0.0,3.39,3.39,JRR_ZONES,3401,3129.0,0.0,0.0
ICILS,2023,SWE,ses_composite,54.3193,0.0,54.32,54.32,JRR_ZONES,3401,2934.0,0.0,0.0
ICILS,2023,USA,computer_literacy,481.6374,0.586,480.49,482.79,JRR_ZONES,2352,2352.0,0.0,5.0
ICILS,2023,USA,home_literacy_activities,1.7674,0.0,1.77,1.77,JRR_ZONES,2352,2079.0,0.0,0.0
ICILS,2023,USA,parental_education,2.9816,0.0,2.98,2.98,JRR_ZONES,2352,2037.0,0.0,0.0
ICILS,2023,USA,ses_composite,50.5801,0.0,50.58,50.58,JRR_ZONES,2352,1789.0,0.0,0.0
PIAAC,2012,BEL,gender,1.495,0.0,1.49,1.5,BRR,5463,5463.0,80.0,0.0
PIAAC,2012,BEL,literacy,275.4803,0.5072,274.49,276.47,BRR,5463,4984.0,80.0,10.0
PIAAC,2012,BEL,numeracy,280.3862,0.3593,279.68,281.09,BRR,5463,4984.0,80.0,10.0
PIAAC,2012,BEL,parental_education,1.861,0.0012,1.86,1.86,BRR,5463,4984.0,80.0,0.0
PIAAC,2012,CAN,gender,1.5003,0.0,1.5,1.5,BRR,26683,26683.0,80.0,0.0
PIAAC,2012,CAN,literacy,273.3364,0.1892,272.97,273.71,BRR,26683,26683.0,80.0,10.0
PIAAC,2012,CAN,numeracy,265.2403,0.3477,264.56,265.92,BRR,26683,26683.0,80.0,10.0
PIAAC,2012,CAN,parental_education,2.1507,0.0008,2.15,2.15,BRR,26683,26683.0,80.0,0.0
PIAAC,2012,CHL,gender,1.5005,0.0001,1.5,1.5,BRR,5212,5212.0,80.0,0.0
PIAAC,2012,CHL,literacy,220.1467,0.4776,219.21,221.08,BRR,5212,5192.0,80.0,10.0
PIAAC,2012,CHL,numeracy,206.059,0.6849,204.72,207.4,BRR,5212,5192.0,80.0,10.0
PIAAC,2012,CHL,parental_education,1.7833,0.0058,1.77,1.79,BRR,5212,5194.0,80.0,0.0
PIAAC,2012,CZE,gender,1.4959,0.0,1.5,1.5,BRR,6102,6102.0,80.0,0.0
PIAAC,2012,CZE,literacy,274.0117,0.5684,272.9,275.13,BRR,6102,6081.0,80.0,10.0
PIAAC,2012,CZE,numeracy,275.7338,0.3783,274.99,276.48,BRR,6102,6081.0,80.0,10.0
PIAAC,2012,CZE,parental_education,2.0485,0.001,2.05,2.05,BRR,6102,6102.0,80.0,0.0
PIAAC,2012,DNK,gender,1.4962,0.0,1.5,1.5,BRR,7328,7328.0,80.0,0.0
PIAAC,2012,DNK,literacy,270.7875,0.3366,270.13,271.45,BRR,7328,7286.0,80.0,10.0
PIAAC,2012,DNK,numeracy,278.2784,0.4291,277.44,279.12,BRR,7328,7286.0,80.0,10.0
PIAAC,2012,DNK,parental_education,2.0166,0.0011,2.01,2.02,BRR,7328,7298.0,80.0,0.0
PIAAC,2012,ESP,gender,1.4977,0.0,1.5,1.5,BRR,6055,6055.0,80.0,0.0
PIAAC,2012,ESP,literacy,251.7898,0.3957,251.01,252.57,BRR,6055,5971.0,80.0,10.0
PIAAC,2012,ESP,numeracy,245.8217,0.2056,245.42,246.22,BRR,6055,5971.0,80.0,10.0
PIAAC,2012,ESP,parental_education,1.4108,0.001,1.41,1.41,BRR,6055,5972.0,80.0,0.0
PIAAC,2012,EST,gender,1.5208,0.0,1.52,1.52,BRR,7632,7632.0,80.0,0.0
PIAAC,2012,EST,literacy,275.884,0.5342,274.84,276.93,BRR,7632,7586.0,80.0,10.0
PIAAC,2012,EST,numeracy,273.1195,0.2613,272.61,273.63,BRR,7632,7586.0,80.0,10.0
PIAAC,2012,EST,parental_education,2.0907,0.0009,2.09,2.09,BRR,7632,7587.0,80.0,0.0
PIAAC,2012,FIN,gender,1.4971,0.0,1.5,1.5,BRR,5464,5464.0,80.0,0.0
PIAAC,2012,FIN,literacy,287.5457,0.3947,286.77,288.32,BRR,5464,5464.0,80.0,10.0
PIAAC,2012,FIN,numeracy,282.2266,0.3887,281.46,282.99,BRR,5464,5464.0,80.0,10.0
PIAAC,2012,FIN,parental_education,1.8045,0.001,1.8,1.81,BRR,5464,5464.0,80.0,0.0
PIAAC,2012,FRA,gender,1.5112,0.0002,1.51,1.51,BRR,6993,6993.0,80.0,0.0
PIAAC,2012,FRA,literacy,262.1391,0.2725,261.61,262.67,BRR,6993,6907.0,80.0,10.0
PIAAC,2012,FRA,numeracy,254.192,0.2117,253.78,254.61,BRR,6993,6907.0,80.0,10.0
PIAAC,2012,FRA,parental_education,1.7392,0.001,1.74,1.74,BRR,6993,6947.0,80.0,0.0
PIAAC,2012,GBR,gender,1.5014,0.0,1.5,1.5,BRR,8892,8892.0,80.0,0.0
PIAAC,2012,GBR,literacy,272.457,0.3756,271.72,273.19,BRR,8892,8806.0,80.0,10.0
PIAAC,2012,GBR,numeracy,261.7258,0.4112,260.92,262.53,BRR,8892,8806.0,80.0,10.0
PIAAC,2012,GBR,parental_education,1.9744,0.0015,1.97,1.98,BRR,8892,8807.0,80.0,0.0
PIAAC,2012,GRC,gender,1.5065,0.0,1.51,1.51,BRR,4925,4925.0,80.0,0.0
PIAAC,2012,GRC,literacy,253.8885,0.513,252.88,254.89,BRR,4925,4916.0,80.0,10.0
PIAAC,2012,GRC,numeracy,251.8606,0.4243,251.03,252.69,BRR,4925,4916.0,80.0,10.0
PIAAC,2012,GRC,parental_education,1.4951,0.0012,1.49,1.5,BRR,4925,4918.0,80.0,0.0
PIAAC,2012,IRL,gender,1.509,0.0001,1.51,1.51,BRR,5983,5983.0,80.0,0.0
PIAAC,2012,IRL,literacy,266.5448,0.5099,265.55,267.54,BRR,5983,5963.0,80.0,10.0
PIAAC,2012,IRL,numeracy,255.5904,0.546,254.52,256.66,BRR,5983,5963.0,80.0,10.0
PIAAC,2012,IRL,parental_education,1.7192,0.0012,1.72,1.72,BRR,5983,5968.0,80.0,0.0
PIAAC,2012,JPN,gender,1.4973,0.0,1.5,1.5,BRR,5278,5278.0,80.0,0.0
PIAAC,2012,JPN,literacy,296.2423,0.4386,295.38,297.1,BRR,5278,5173.0,80.0,10.0
PIAAC,2012,JPN,numeracy,288.1704,0.3919,287.4,288.94,BRR,5278,5173.0,80.0,10.0
PIAAC,2012,JPN,parental_education,2.09,0.0011,2.09,2.09,BRR,5278,5173.0,80.0,0.0
PIAAC,2012,KAZ,gender,1.5159,0.0,1.52,1.52,BRR,6050,6050.0,80.0,0.0
PIAAC,2012,KAZ,literacy,249.1259,0.378,248.38,249.87,BRR,6050,6044.0,80.0,10.0
PIAAC,2012,KAZ,numeracy,247.1195,0.3142,246.5,247.74,BRR,6050,6044.0,80.0,10.0
PIAAC,2012,KAZ,parental_education,1.9738,0.0017,1.97,1.98,BRR,6050,6045.0,80.0,0.0
PIAAC,2012,LTU,gender,1.5182,0.0,1.52,1.52,BRR,5093,5093.0,80.0,0.0
PIAAC,2012,LTU,literacy,266.8238,0.3097,266.22,267.43,BRR,5093,5051.0,80.0,10.0
PIAAC,2012,LTU,numeracy,267.1988,0.2093,266.79,267.61,BRR,5093,5051.0,80.0,10.0
PIAAC,2012,LTU,parental_education,2.0964,0.0017,2.09,2.1,BRR,5093,5052.0,80.0,0.0
PIAAC,2012,MEX,gender,1.5196,0.0,1.52,1.52,BRR,6306,6306.0,80.0,0.0
PIAAC,2012,MEX,literacy,221.5814,0.4613,220.68,222.49,BRR,6306,6270.0,80.0,10.0
PIAAC,2012,MEX,numeracy,210.1389,0.4007,209.35,210.92,BRR,6306,6270.0,80.0,10.0
PIAAC,2012,MEX,parental_education,1.3151,0.0015,1.31,1.32,BRR,6306,6276.0,80.0,0.0
PIAAC,2012,NOR,gender,1.4887,0.0,1.49,1.49,BRR,5128,5128.0,80.0,0.0
PIAAC,2012,NOR,literacy,278.4252,0.2926,277.85,279.0,BRR,5128,4947.0,80.0,10.0
PIAAC,2012,NOR,numeracy,278.2979,0.3958,277.52,279.07,BRR,5128,4947.0,80.0,10.0
PIAAC,2012,NOR,parental_education,2.0809,0.0012,2.08,2.08,BRR,5128,4953.0,80.0,0.0
PIAAC,2012,NZL,gender,1.5156,0.0,1.52,1.52,BRR,6177,6177.0,80.0,0.0
PIAAC,2012,NZL,literacy,280.6729,0.3432,280.0,281.35,BRR,6177,6074.0,80.0,10.0
PIAAC,2012,NZL,numeracy,271.1255,0.4056,270.33,271.92,BRR,6177,6074.0,80.0,10.0
PIAAC,2012,NZL,parental_education,2.0396,0.0015,2.04,2.04,BRR,6177,6075.0,80.0,0.0
PIAAC,2012,PER,gender,1.4985,0.0,1.5,1.5,BRR,7289,7289.0,80.0,0.0
PIAAC,2012,PER,literacy,195.6269,0.2483,195.14,196.11,BRR,7289,7220.0,80.0,10.0
PIAAC,2012,PER,numeracy,178.4916,0.3929,177.72,179.26,BRR,7289,7220.0,80.0,10.0
PIAAC,2012,PER,parental_education,1.5885,0.001,1.59,1.59,BRR,7289,7274.0,80.0,0.0
PIAAC,2012,POL,gender,1.5053,0.0,1.51,1.51,BRR,9366,9366.0,80.0,0.0
PIAAC,2012,POL,literacy,266.9038,0.1852,266.54,267.27,BRR,9366,9366.0,80.0,10.0
PIAAC,2012,POL,numeracy,259.7689,0.4943,258.8,260.74,BRR,9366,9366.0,80.0,10.0
PIAAC,2012,POL,parental_education,1.8627,0.0009,1.86,1.86,BRR,9366,9366.0,80.0,0.0
PIAAC,2012,RUS,gender,1.5223,0.0001,1.52,1.52,BRR,3892,3892.0,80.0,0.0
PIAAC,2012,RUS,literacy,275.2344,0.6018,274.05,276.41,BRR,3892,3892.0,80.0,10.0
PIAAC,2012,RUS,numeracy,269.9328,0.6338,268.69,271.18,BRR,3892,3892.0,80.0,10.0
PIAAC,2012,RUS,parental_education,2.049,0.0044,2.04,2.06,BRR,3892,3892.0,80.0,0.0
PIAAC,2012,SGP,gender,1.5064,0.0,1.51,1.51,BRR,5468,5468.0,80.0,0.0
PIAAC,2012,SGP,literacy,257.6205,0.4113,256.81,258.43,BRR,5468,5393.0,80.0,10.0
PIAAC,2012,SGP,numeracy,257.4188,0.4677,256.5,258.34,BRR,5468,5393.0,80.0,10.0
PIAAC,2012,SGP,parental_education,1.6846,0.001,1.68,1.69,BRR,5468,5394.0,80.0,0.0
PIAAC,2012,SVK,gender,1.5002,0.0,1.5,1.5,BRR,5723,5723.0,80.0,0.0
PIAAC,2012,SVK,literacy,273.8456,0.2159,273.42,274.27,BRR,5723,5702.0,80.0,10.0
PIAAC,2012,SVK,numeracy,275.8076,0.4242,274.98,276.64,BRR,5723,5702.0,80.0,10.0
PIAAC,2012,SVK,parental_education,1.845,0.001,1.84,1.85,BRR,5723,5704.0,80.0,0.0
PIAAC,2012,SWE,gender,1.4927,0.0001,1.49,1.49,BRR,4469,4469.0,80.0,0.0
PIAAC,2012,SWE,literacy,279.2308,0.3346,278.58,279.89,BRR,4469,4469.0,80.0,10.0
PIAAC,2012,SWE,numeracy,279.0524,0.5563,277.96,280.14,BRR,4469,4469.0,80.0,10.0
PIAAC,2012,SWE,parental_education,1.9698,0.0014,1.97,1.97,BRR,4469,4469.0,80.0,0.0
PIAAC,2012,TUR,gender,1.4954,0.0,1.5,1.5,BRR,5277,5277.0,80.0,0.0
PIAAC,2012,TUR,literacy,226.544,0.4906,225.58,227.51,BRR,5277,5194.0,80.0,10.0
PIAAC,2012,TUR,numeracy,219.43,0.5453,218.36,220.5,BRR,5277,5194.0,80.0,10.0
PIAAC,2012,TUR,parental_education,1.1709,0.0008,1.17,1.17,BRR,5277,5199.0,80.0,0.0
PIAAC,2017,AUT,gender,1.4984,0.0,1.5,1.5,BRR,4565,4565.0,80.0,0.0
PIAAC,2017,AUT,literacy,254.3698,0.6429,253.11,255.63,BRR,4565,4565.0,80.0,10.0
PIAAC,2017,AUT,numeracy,267.0446,0.702,265.67,268.42,BRR,4565,4565.0,80.0,10.0
PIAAC,2017,AUT,parental_education,2.1079,0.0067,2.09,2.12,BRR,4565,4565.0,80.0,0.0
PIAAC,2017,CAN,gender,1.4988,0.0,1.5,1.5,BRR,11697,11697.0,80.0,0.0
PIAAC,2017,CAN,literacy,270.7703,0.6556,269.49,272.06,BRR,11697,11697.0,80.0,10.0
PIAAC,2017,CAN,numeracy,270.6949,0.6686,269.38,272.01,BRR,11697,11697.0,80.0,10.0
PIAAC,2017,CAN,parental_education,2.3732,0.0084,2.36,2.39,BRR,11697,11697.0,80.0,0.0
PIAAC,2017,CHE,gender,1.496,0.0001,1.5,1.5,BRR,6648,6648.0,80.0,0.0
PIAAC,2017,CHE,literacy,266.3168,0.5466,265.25,267.39,BRR,6648,6648.0,80.0,10.0
PIAAC,2017,CHE,numeracy,276.1165,0.5312,275.08,277.16,BRR,6648,6648.0,80.0,10.0
PIAAC,2017,CHE,parental_education,2.1794,0.0064,2.17,2.19,BRR,6648,6648.0,80.0,0.0
PIAAC,2017,CHL,gender,1.5,0.0,1.5,1.5,BRR,4726,4726.0,80.0,0.0
PIAAC,2017,CHL,literacy,217.8899,0.9612,216.01,219.77,BRR,4726,4726.0,80.0,10.0
PIAAC,2017,CHL,numeracy,214.3437,1.0409,212.3,216.38,BRR,4726,4726.0,80.0,10.0
PIAAC,2017,CHL,parental_education,1.8251,0.0117,1.8,1.85,BRR,4726,4726.0,80.0,0.0
PIAAC,2017,CZE,gender,1.4909,0.0,1.49,1.49,BRR,5057,5057.0,80.0,0.0
PIAAC,2017,CZE,literacy,260.2056,0.728,258.78,261.63,BRR,5057,5057.0,80.0,10.0
PIAAC,2017,CZE,numeracy,267.28,0.8371,265.64,268.92,BRR,5057,5057.0,80.0,10.0
PIAAC,2017,CZE,parental_education,2.2019,0.0061,2.19,2.21,BRR,5057,5057.0,80.0,0.0
PIAAC,2017,DEU,gender,1.4945,0.0,1.49,1.49,BRR,4793,4793.0,80.0,0.0
PIAAC,2017,DEU,literacy,266.0916,0.5887,264.94,267.25,BRR,4793,4793.0,80.0,10.0
PIAAC,2017,DEU,numeracy,272.825,0.5355,271.78,273.87,BRR,4793,4793.0,80.0,10.0
PIAAC,2017,DEU,parental_education,2.3036,0.0068,2.29,2.32,BRR,4793,4793.0,80.0,0.0
PIAAC,2017,FIN,gender,1.4922,0.0007,1.49,1.49,BRR,4061,4061.0,80.0,0.0
PIAAC,2017,FIN,literacy,296.4686,0.9158,294.67,298.26,BRR,4061,4061.0,80.0,10.0
PIAAC,2017,FIN,numeracy,293.7699,0.8668,292.07,295.47,BRR,4061,4061.0,80.0,10.0
PIAAC,2017,FIN,parental_education,2.1383,0.0078,2.12,2.15,BRR,4061,4061.0,80.0,0.0
PIAAC,2017,FRA,gender,1.5079,0.0001,1.51,1.51,BRR,6432,6432.0,80.0,0.0
PIAAC,2017,FRA,literacy,254.8042,0.2164,254.38,255.23,BRR,6432,6432.0,80.0,10.0
PIAAC,2017,FRA,numeracy,256.5327,0.2506,256.04,257.02,BRR,6432,6432.0,80.0,10.0
PIAAC,2017,FRA,parental_education,1.9969,0.0011,1.99,2.0,BRR,6432,6432.0,80.0,0.0
PIAAC,2017,GBR,gender,1.5078,0.0,1.51,1.51,BRR,4941,4941.0,80.0,0.0
PIAAC,2017,GBR,literacy,271.6069,0.7522,270.13,273.08,BRR,4941,4941.0,80.0,10.0
PIAAC,2017,GBR,numeracy,268.3983,0.8365,266.76,270.04,BRR,4941,4941.0,80.0,10.0
PIAAC,2017,GBR,parental_education,2.1306,0.0098,2.11,2.15,BRR,4941,4941.0,80.0,0.0
PIAAC,2017,HUN,gender,1.4983,0.0,1.5,1.5,BRR,4564,4564.0,80.0,0.0
PIAAC,2017,HUN,literacy,248.4591,0.7441,247.0,249.92,BRR,4564,4564.0,80.0,10.0
PIAAC,2017,HUN,numeracy,254.353,0.8439,252.7,256.01,BRR,4564,4564.0,80.0,10.0
PIAAC,2017,HUN,parental_education,1.9935,0.007,1.98,2.01,BRR,4564,4564.0,80.0,0.0
PIAAC,2017,IRL,gender,1.5059,0.0,1.51,1.51,BRR,3852,3852.0,80.0,0.0
PIAAC,2017,IRL,literacy,262.7613,0.7433,261.3,264.22,BRR,3852,3852.0,80.0,10.0
PIAAC,2017,IRL,numeracy,259.6955,0.8848,257.96,261.43,BRR,3852,3852.0,80.0,10.0
PIAAC,2017,IRL,parental_education,2.049,0.0106,2.03,2.07,BRR,3852,3852.0,80.0,0.0
PIAAC,2017,JPN,gender,1.492,0.0002,1.49,1.49,BRR,5165,5165.0,80.0,0.0
PIAAC,2017,JPN,literacy,289.1969,0.6519,287.92,290.47,BRR,5165,5165.0,80.0,10.0
PIAAC,2017,JPN,numeracy,290.8353,0.6392,289.58,292.09,BRR,5165,5165.0,80.0,10.0
PIAAC,2017,JPN,parental_education,2.3252,0.0072,2.31,2.34,BRR,5165,5165.0,80.0,0.0
PIAAC,2017,LTU,gender,1.5128,0.0,1.51,1.51,BRR,6186,6186.0,80.0,0.0
PIAAC,2017,LTU,literacy,238.2995,0.7628,236.8,239.79,BRR,6186,6186.0,80.0,10.0
PIAAC,2017,LTU,numeracy,245.5529,0.8894,243.81,247.3,BRR,6186,6186.0,80.0,10.0
PIAAC,2017,LTU,parental_education,2.2156,0.0091,2.2,2.23,BRR,6186,6186.0,80.0,0.0
PIAAC,2017,NOR,gender,1.4886,0.0019,1.48,1.49,BRR,4053,4053.0,80.0,0.0
PIAAC,2017,NOR,literacy,280.8404,0.7347,279.4,282.28,BRR,4053,4053.0,80.0,10.0
PIAAC,2017,NOR,numeracy,284.8039,0.6678,283.49,286.11,BRR,4053,4053.0,80.0,10.0
PIAAC,2017,NOR,parental_education,2.2978,0.0072,2.28,2.31,BRR,4053,4053.0,80.0,0.0
PIAAC,2017,NZL,gender,1.5028,0.0008,1.5,1.5,BRR,5359,5359.0,80.0,0.0
PIAAC,2017,NZL,literacy,259.575,1.4637,256.71,262.44,BRR,5359,5359.0,80.0,10.0
PIAAC,2017,NZL,numeracy,255.699,1.49,252.78,258.62,BRR,5359,5359.0,80.0,10.0
PIAAC,2017,NZL,parental_education,2.1951,0.0178,2.16,2.23,BRR,5359,5359.0,80.0,0.0
PIAAC,2017,POL,gender,1.5043,0.0,1.5,1.5,BRR,5014,5014.0,80.0,0.0
PIAAC,2017,POL,literacy,235.7269,0.8497,234.06,237.39,BRR,5014,5014.0,80.0,10.0
PIAAC,2017,POL,numeracy,238.7816,0.8322,237.15,240.41,BRR,5014,5014.0,80.0,10.0
PIAAC,2017,POL,parental_education,1.9519,0.006,1.94,1.96,BRR,5014,5014.0,80.0,0.0
PIAAC,2017,PRT,gender,1.515,0.0,1.51,1.51,BRR,3160,3160.0,80.0,0.0
PIAAC,2017,PRT,literacy,234.7294,1.0007,232.77,236.69,BRR,3160,3160.0,80.0,10.0
PIAAC,2017,PRT,numeracy,238.1325,1.1593,235.86,240.4,BRR,3160,3160.0,80.0,10.0
PIAAC,2017,PRT,parental_education,1.5241,0.0123,1.5,1.55,BRR,3160,3160.0,80.0,0.0
PIAAC,2017,SGP,gender,1.5092,0.0,1.51,1.51,BRR,5011,5011.0,80.0,0.0
PIAAC,2017,SGP,literacy,254.5404,0.5475,253.47,255.61,BRR,5011,5011.0,80.0,10.0
PIAAC,2017,SGP,numeracy,274.1033,0.5794,272.97,275.24,BRR,5011,5011.0,80.0,10.0
PIAAC,2017,SGP,parental_education,1.8685,0.0066,1.86,1.88,BRR,5011,5011.0,80.0,0.0
PIAAC,2017,SVK,gender,1.493,0.0,1.49,1.49,BRR,5238,5238.0,80.0,0.0
PIAAC,2017,SVK,literacy,253.9323,0.8841,252.2,255.67,BRR,5238,5238.0,80.0,10.0
PIAAC,2017,SVK,numeracy,260.6155,0.9009,258.85,262.38,BRR,5238,5238.0,80.0,10.0
PIAAC,2017,SVK,parental_education,2.0029,0.0075,1.99,2.02,BRR,5238,5238.0,80.0,0.0
PIAAC,2017,SWE,gender,1.4878,0.0006,1.49,1.49,BRR,3710,3710.0,80.0,0.0
PIAAC,2017,SWE,literacy,284.0827,0.7412,282.63,285.54,BRR,3710,3710.0,80.0,10.0
PIAAC,2017,SWE,numeracy,285.2091,0.7285,283.78,286.64,BRR,3710,3710.0,80.0,10.0
PIAAC,2017,SWE,parental_education,2.2617,0.01,2.24,2.28,BRR,3710,3710.0,80.0,0.0
PIAAC,2017,USA,gender,1.5009,0.0,1.5,1.5,BRR,3765,3765.0,80.0,0.0
PIAAC,2017,USA,literacy,258.2085,0.8109,256.62,259.8,BRR,3765,3765.0,80.0,10.0
PIAAC,2017,USA,numeracy,248.7533,0.9074,246.97,250.53,BRR,3765,3765.0,80.0,10.0
PIAAC,2017,USA,parental_education,2.3524,0.0101,2.33,2.37,BRR,3765,3765.0,80.0,0.0
PIRLS,2001,ARG,reading,419.5275,5.9048,407.95,431.1,JRR_ZONES,3300,3300.0,165.0,
PIRLS,2001,BGR,reading,550.4977,3.7999,543.05,557.95,JRR_ZONES,3460,3460.0,165.0,
PIRLS,2001,CAN,reading,544.1459,2.3826,539.48,548.82,JRR_ZONES,8253,8253.0,165.0,
PIRLS,2001,COL,reading,422.4281,4.3432,413.92,430.94,JRR_ZONES,5131,5131.0,165.0,
PIRLS,2001,CQU,reading,537.2443,2.9639,531.44,543.05,JRR_ZONES,3958,3958.0,165.0,
PIRLS,2001,CZE,reading,536.8826,2.3355,532.3,541.46,JRR_ZONES,3022,3022.0,165.0,
PIRLS,2001,DEU,reading,539.0901,1.8861,535.39,542.79,JRR_ZONES,7633,7633.0,165.0,
PIRLS,2001,FRA,reading,525.1702,2.3984,520.47,529.87,JRR_ZONES,3538,3538.0,165.0,
PIRLS,2001,GRC,reading,524.1667,3.6389,517.03,531.3,JRR_ZONES,2494,2494.0,165.0,
PIRLS,2001,HKG,reading,527.8711,3.0598,521.87,533.87,JRR_ZONES,5050,5050.0,165.0,
PIRLS,2001,HUN,reading,543.2264,2.174,538.97,547.49,JRR_ZONES,4666,4666.0,165.0,
PIRLS,2001,ISL,reading,512.4169,1.2003,510.06,514.77,JRR_ZONES,3676,3676.0,165.0,
PIRLS,2001,ISR,reading,508.9392,2.8999,503.26,514.62,JRR_ZONES,3973,3973.0,165.0,
PIRLS,2001,ITA,reading,540.7288,2.3623,536.1,545.36,JRR_ZONES,3502,3502.0,165.0,
PIRLS,2001,LTU,reading,543.3865,2.6229,538.25,548.53,JRR_ZONES,2567,2567.0,165.0,
PIRLS,2001,LVA,reading,544.607,2.2678,540.16,549.05,JRR_ZONES,3019,3019.0,165.0,
PIRLS,2001,MAR,reading,349.5113,9.909,330.09,368.93,JRR_ZONES,3153,3153.0,165.0,
PIRLS,2001,MDA,reading,491.7428,4.0561,483.79,499.69,JRR_ZONES,3533,3533.0,165.0,
PIRLS,2001,MKD,reading,441.5864,4.7647,432.25,450.93,JRR_ZONES,3711,3711.0,165.0,
PIRLS,2001,NLD,reading,554.2088,2.4301,549.45,558.97,JRR_ZONES,4112,4112.0,165.0,
PIRLS,2001,NOR,reading,499.1794,2.8627,493.57,504.79,JRR_ZONES,3459,3459.0,165.0,
PIRLS,2001,NZL,reading,528.8238,3.7494,521.47,536.17,JRR_ZONES,2488,2488.0,165.0,
PIRLS,2001,RUS,reading,527.9335,4.2833,519.54,536.33,JRR_ZONES,4093,4093.0,165.0,
PIRLS,2001,SE3,reading,519.6867,2.735,514.33,525.05,JRR_ZONES,5271,5271.0,165.0,
PIRLS,2001,SVK,reading,518.0873,2.7946,512.61,523.56,JRR_ZONES,3807,3807.0,165.0,
PIRLS,2001,SVN,reading,501.5179,1.8946,497.8,505.23,JRR_ZONES,2952,2952.0,165.0,
PIRLS,2001,SWE,reading,561.0141,2.2213,556.66,565.37,JRR_ZONES,6044,6044.0,165.0,
PIRLS,2001,USA,reading,542.149,3.8223,534.66,549.64,JRR_ZONES,3763,3763.0,165.0,
PIRLS,2006,AUT,reading,538.2962,2.1941,534.0,542.6,JRR_ZONES,5067,5067.0,166.0,
PIRLS,2006,BFL,reading,547.0444,1.9013,543.32,550.77,JRR_ZONES,4479,4479.0,166.0,
PIRLS,2006,BFR,reading,499.6659,2.6046,494.56,504.77,JRR_ZONES,4552,4552.0,166.0,
PIRLS,2006,CBC,reading,558.0385,2.6502,552.84,563.23,JRR_ZONES,4150,4150.0,166.0,
PIRLS,2006,CNS,reading,541.8475,2.2158,537.5,546.19,JRR_ZONES,4436,4436.0,166.0,
PIRLS,2006,CQU,reading,532.9081,2.7079,527.6,538.22,JRR_ZONES,3748,3748.0,166.0,
PIRLS,2006,DEU,reading,547.5908,2.168,543.34,551.84,JRR_ZONES,7899,7899.0,166.0,
PIRLS,2006,ENG,reading,539.4825,2.5423,534.5,544.47,JRR_ZONES,4036,4036.0,166.0,
PIRLS,2006,ESP,reading,512.5039,2.6108,507.39,517.62,JRR_ZONES,4094,4094.0,166.0,
PIRLS,2006,FRA,reading,521.5935,2.0379,517.6,525.59,JRR_ZONES,4404,4404.0,166.0,
PIRLS,2006,GEO,reading,470.8356,3.215,464.53,477.14,JRR_ZONES,4402,4402.0,166.0,
PIRLS,2006,HKG,reading,563.9113,2.4158,559.18,568.65,JRR_ZONES,4712,4712.0,166.0,
PIRLS,2006,IRN,reading,420.9328,3.1613,414.74,427.13,JRR_ZONES,5411,5411.0,166.0,
PIRLS,2006,IS5,reading,549.5704,3.4382,542.83,556.31,JRR_ZONES,1379,1379.0,166.0,
PIRLS,2006,ISL,reading,510.5973,1.2964,508.06,513.14,JRR_ZONES,3673,3673.0,166.0,
PIRLS,2006,ISR,reading,512.4622,3.2821,506.03,518.9,JRR_ZONES,3908,3908.0,166.0,
PIRLS,2006,ITA,reading,551.4682,2.94,545.71,557.23,JRR_ZONES,3581,3581.0,166.0,
PIRLS,2006,KWT,reading,330.3003,4.1442,322.18,338.42,JRR_ZONES,3958,3958.0,166.0,
PIRLS,2006,LTU,reading,537.0325,1.6809,533.74,540.33,JRR_ZONES,4701,4701.0,166.0,
PIRLS,2006,LUX,reading,557.1952,1.0382,555.16,559.23,JRR_ZONES,5101,5101.0,166.0,
PIRLS,2006,LVA,reading,540.9115,2.3492,536.31,545.52,JRR_ZONES,4162,4162.0,166.0,
PIRLS,2006,MAR,reading,322.5801,6.1754,310.48,334.68,JRR_ZONES,3249,3249.0,166.0,
PIRLS,2006,MDA,reading,499.8838,2.943,494.12,505.65,JRR_ZONES,4036,4036.0,166.0,
PIRLS,2006,MKD,reading,442.3955,4.055,434.45,450.34,JRR_ZONES,4002,4002.0,166.0,
PIRLS,2006,NLD,reading,547.1517,1.5273,544.16,550.15,JRR_ZONES,4156,4156.0,166.0,
PIRLS,2006,NO5,reading,540.5131,2.9614,534.71,546.32,JRR_ZONES,1808,1808.0,166.0,
PIRLS,2006,NOR,reading,498.008,2.5944,492.92,503.09,JRR_ZONES,3837,3837.0,166.0,
PIRLS,2006,NZL,reading,531.7151,2.1203,527.56,535.87,JRR_ZONES,6256,6256.0,166.0,
PIRLS,2006,POL,reading,519.3893,2.3188,514.84,523.93,JRR_ZONES,4854,4854.0,166.0,
PIRLS,2006,ROM,reading,489.4731,5.1465,479.39,499.56,JRR_ZONES,4273,4273.0,166.0,
PIRLS,2006,RUS,reading,564.7436,3.3787,558.12,571.37,JRR_ZONES,4720,4720.0,166.0,
PIRLS,2006,SGP,reading,558.2728,2.9335,552.52,564.02,JRR_ZONES,6390,6390.0,166.0,
PIRLS,2006,SVK,reading,530.8146,2.7857,525.35,536.27,JRR_ZONES,5380,5380.0,166.0,
PIRLS,2006,SVN,reading,521.5314,2.1305,517.36,525.71,JRR_ZONES,5337,5337.0,166.0,
PIRLS,2006,TTO,reading,435.5877,4.8492,426.08,445.09,JRR_ZONES,3951,3951.0,166.0,
PIRLS,2006,TWN,reading,535.3707,1.9975,531.46,539.29,JRR_ZONES,4589,4589.0,166.0,
PIRLS,2006,USA,reading,539.9249,3.4415,533.18,546.67,JRR_ZONES,5190,5190.0,166.0,
PIRLS,2011,AAD,reading,424.2648,4.703,415.05,433.48,JRR_ZONES,4146,4146.0,147.0,
PIRLS,2011,ARE,reading,438.5933,2.1914,434.3,442.89,JRR_ZONES,14618,14618.0,147.0,
PIRLS,2011,AUS,reading,527.372,2.3241,522.82,531.93,JRR_ZONES,6126,6126.0,147.0,
PIRLS,2011,AUT,reading,528.8756,1.9481,525.06,532.69,JRR_ZONES,4670,4670.0,147.0,
PIRLS,2011,AZE,reading,462.3037,3.327,455.78,468.82,JRR_ZONES,4881,4881.0,147.0,
PIRLS,2011,BGR,reading,531.8315,4.1165,523.76,539.9,JRR_ZONES,5261,5261.0,147.0,
PIRLS,2011,BWA,reading,326.4058,4.0247,318.52,334.29,JRR_ZONES,4393,4393.0,147.0,
PIRLS,2011,CAB,reading,548.0589,2.9348,542.31,553.81,JRR_ZONES,3789,3789.0,147.0,
PIRLS,2011,CAN,reading,548.417,1.6268,545.23,551.61,JRR_ZONES,23206,23206.0,147.0,
PIRLS,2011,COL,reading,451.2458,3.9922,443.42,459.07,JRR_ZONES,7930,7930.0,147.0,
PIRLS,2011,COT,reading,551.843,2.5381,546.87,556.82,JRR_ZONES,4561,4561.0,147.0,
PIRLS,2011,CQU,reading,537.6108,2.1567,533.38,541.84,JRR_ZONES,4244,4244.0,147.0,
PIRLS,2011,DEU,reading,541.0117,2.2542,536.59,545.43,JRR_ZONES,4000,4000.0,147.0,
PIRLS,2011,DNK,reading,553.9936,1.7046,550.65,557.33,JRR_ZONES,4594,4594.0,147.0,
PIRLS,2011,EAN,reading,514.8967,2.2124,510.56,519.23,JRR_ZONES,4333,4333.0,147.0,
PIRLS,2011,FIN,reading,567.8705,1.8477,564.25,571.49,JRR_ZONES,4640,4640.0,147.0,
PIRLS,2011,FRA,reading,520.0006,2.6661,514.78,525.23,JRR_ZONES,4438,4438.0,147.0,
PIRLS,2011,GEO,reading,487.7557,3.0776,481.72,493.79,JRR_ZONES,4796,4796.0,147.0,
PIRLS,2011,HKG,reading,570.5426,2.2642,566.1,574.98,JRR_ZONES,3875,3875.0,147.0,
PIRLS,2011,HRV,reading,553.0401,1.8265,549.46,556.62,JRR_ZONES,4587,4587.0,147.0,
PIRLS,2011,IDN,reading,428.4828,4.2673,420.12,436.85,JRR_ZONES,4791,4791.0,147.0,
PIRLS,2011,IRL,reading,551.6044,2.2729,547.15,556.06,JRR_ZONES,4524,4524.0,147.0,
PIRLS,2011,ISR,reading,540.9207,2.6956,535.64,546.2,JRR_ZONES,4186,4186.0,147.0,
PIRLS,2011,KWT,reading,419.071,5.1922,408.89,429.25,JRR_ZONES,3363,3363.0,147.0,
PIRLS,2011,LTU,reading,528.2289,1.9834,524.34,532.12,JRR_ZONES,4661,4661.0,147.0,
PIRLS,2011,MA6,reading,424.3602,3.83,416.85,431.87,JRR_ZONES,7183,7183.0,147.0,
PIRLS,2011,MLN,reading,457.1436,1.3713,454.46,459.83,JRR_ZONES,3548,3548.0,147.0,
PIRLS,2011,MLT,reading,476.934,1.4653,474.06,479.81,JRR_ZONES,3598,3598.0,147.0,
PIRLS,2011,NIR,reading,558.4518,2.3014,553.94,562.96,JRR_ZONES,3586,3586.0,147.0,
PIRLS,2011,NLD,reading,546.0583,2.0143,542.11,550.01,JRR_ZONES,3995,3995.0,147.0,
PIRLS,2011,OMN,reading,390.7975,2.7984,385.31,396.28,JRR_ZONES,10394,10394.0,147.0,
PIRLS,2011,POL,reading,525.5726,2.1048,521.45,529.7,JRR_ZONES,5005,5005.0,147.0,
PIRLS,2011,PRT,reading,540.8366,2.5379,535.86,545.81,JRR_ZONES,4085,4085.0,147.0,
PIRLS,2011,RUS,reading,568.4185,2.7278,563.07,573.77,JRR_ZONES,4461,4461.0,147.0,
PIRLS,2011,SAU,reading,429.8501,4.3314,421.36,438.34,JRR_ZONES,4507,4507.0,147.0,
PIRLS,2011,SGP,reading,567.2845,3.2885,560.84,573.73,JRR_ZONES,6367,6367.0,147.0,
PIRLS,2011,SVK,reading,535.0846,2.7378,529.72,540.45,JRR_ZONES,5630,5630.0,147.0,
PIRLS,2011,SVN,reading,530.3203,1.9783,526.44,534.2,JRR_ZONES,4512,4512.0,147.0,
PIRLS,2011,SWE,reading,541.6749,2.1241,537.51,545.84,JRR_ZONES,4622,4622.0,147.0,
PIRLS,2011,TTO,reading,470.85,3.7958,463.41,478.29,JRR_ZONES,3948,3948.0,147.0,
PIRLS,2011,USA,reading,556.3746,1.5689,553.3,559.45,JRR_ZONES,12726,12726.0,147.0,
PIRLS,2011,ZAF,reading,349.2863,3.5592,342.31,356.26,JRR_ZONES,19259,19259.0,147.0,
PIRLS,2016,AAD,reading,414.3079,4.7116,405.07,423.54,JRR_ZONES,4188,4188.0,140.0,
PIRLS,2016,ADU,reading,514.992,1.8998,511.27,518.72,JRR_ZONES,7859,7859.0,140.0,
PIRLS,2016,ARE,reading,450.1036,3.2335,443.77,456.44,JRR_ZONES,16471,16471.0,140.0,
PIRLS,2016,AUS,reading,544.3601,2.5329,539.4,549.32,JRR_ZONES,6341,6341.0,140.0,
PIRLS,2016,AUT,reading,540.7961,2.3805,536.13,545.46,JRR_ZONES,4360,4360.0,140.0,
PIRLS,2016,AZE,reading,472.2769,4.177,464.09,480.46,JRR_ZONES,5994,5994.0,140.0,
PIRLS,2016,BFL,reading,525.0589,1.9371,521.26,528.86,JRR_ZONES,5198,5198.0,140.0,
PIRLS,2016,BFR,reading,497.4955,2.5706,492.46,502.53,JRR_ZONES,4623,4623.0,140.0,
PIRLS,2016,BGR,reading,551.5391,4.2437,543.22,559.86,JRR_ZONES,4281,4281.0,140.0,
PIRLS,2016,BHR,reading,445.9995,2.3245,441.44,450.56,JRR_ZONES,5480,5480.0,140.0,
PIRLS,2016,CHL,reading,493.8721,2.4939,488.98,498.76,JRR_ZONES,4294,4294.0,140.0,
PIRLS,2016,COT,reading,543.5816,3.2056,537.3,549.86,JRR_ZONES,4270,4270.0,140.0,
PIRLS,2016,CQU,reading,547.4221,2.8424,541.85,552.99,JRR_ZONES,3179,3179.0,140.0,
PIRLS,2016,CZE,reading,543.3482,2.1186,539.2,547.5,JRR_ZONES,5537,5537.0,140.0,
PIRLS,2016,DEU,reading,537.3254,3.1704,531.11,543.54,JRR_ZONES,3959,3959.0,140.0,
PIRLS,2016,DNK,reading,547.4924,2.1138,543.35,551.64,JRR_ZONES,3508,3508.0,140.0,
PIRLS,2016,EAN,reading,524.584,2.0845,520.5,528.67,JRR_ZONES,4169,4169.0,140.0,
PIRLS,2016,ESP,reading,527.7396,1.7305,524.35,531.13,JRR_ZONES,14595,14595.0,140.0,
PIRLS,2016,FIN,reading,566.007,1.844,562.39,569.62,JRR_ZONES,4896,4896.0,140.0,
PIRLS,2016,FRA,reading,511.244,2.1762,506.98,515.51,JRR_ZONES,4767,4767.0,140.0,
PIRLS,2016,GEO,reading,488.3194,2.8077,482.82,493.82,JRR_ZONES,5741,5741.0,140.0,
PIRLS,2016,IRL,reading,566.5963,2.4778,561.74,571.45,JRR_ZONES,4607,4607.0,140.0,
PIRLS,2016,IRN,reading,431.057,3.8807,423.45,438.66,JRR_ZONES,4385,4385.0,140.0,
PIRLS,2016,ISR,reading,530.2877,2.5405,525.31,535.27,JRR_ZONES,4041,4041.0,140.0,
PIRLS,2016,ITA,reading,548.0069,2.1828,543.73,552.29,JRR_ZONES,3940,3940.0,140.0,
PIRLS,2016,KAZ,reading,536.0463,2.4831,531.18,540.91,JRR_ZONES,4925,4925.0,140.0,
PIRLS,2016,LVA,reading,557.7509,1.6976,554.42,561.08,JRR_ZONES,4157,4157.0,140.0,
PIRLS,2016,MAR,reading,349.255,4.266,340.89,357.62,JRR_ZONES,5489,5489.0,140.0,
PIRLS,2016,NIR,reading,564.6207,2.2141,560.28,568.96,JRR_ZONES,3693,3693.0,140.0,
PIRLS,2016,NLD,reading,544.8837,1.6741,541.6,548.16,JRR_ZONES,4206,4206.0,140.0,
PIRLS,2016,NOR,reading,558.9496,2.2583,554.52,563.38,JRR_ZONES,4232,4232.0,140.0,
PIRLS,2016,NZL,reading,522.5312,2.1774,518.26,526.8,JRR_ZONES,5646,5646.0,140.0,
PIRLS,2016,PRT,reading,527.7969,2.2798,523.33,532.27,JRR_ZONES,4642,4642.0,140.0,
PIRLS,2016,QAT,reading,442.2461,1.8478,438.62,445.87,JRR_ZONES,9077,9077.0,140.0,
PIRLS,2016,RMO,reading,612.0839,2.1554,607.86,616.31,JRR_ZONES,4289,4289.0,140.0,
PIRLS,2016,RUS,reading,580.7725,2.2013,576.46,585.09,JRR_ZONES,4577,4577.0,140.0,
PIRLS,2016,SAU,reading,430.2995,4.192,422.08,438.52,JRR_ZONES,4741,4741.0,140.0,
PIRLS,2016,SVK,reading,534.7911,3.1175,528.68,540.9,JRR_ZONES,5451,5451.0,140.0,
PIRLS,2016,SWE,reading,555.1602,2.3968,550.46,559.86,JRR_ZONES,4525,4525.0,140.0,
PIRLS,2016,ZA5,reading,406.0124,5.9722,394.31,417.72,JRR_ZONES,5282,5282.0,140.0,
PIRLS,2021,AAD,reading,439.5624,3.5283,432.65,446.48,JRR_ZONES,10381,10381.0,156.0,
PIRLS,2021,ADU,reading,551.8599,1.5005,548.92,554.8,JRR_ZONES,7711,7711.0,156.0,
PIRLS,2021,ALB,reading,512.7426,3.0971,506.67,518.81,JRR_ZONES,4213,4213.0,156.0,
PIRLS,2021,AUS,reading,540.1345,2.2101,535.8,544.47,JRR_ZONES,5487,5487.0,156.0,
PIRLS,2021,AUT,reading,529.763,2.1715,525.51,534.02,JRR_ZONES,4806,4806.0,156.0,
PIRLS,2021,AZE,reading,440.2748,3.5924,433.23,447.32,JRR_ZONES,5209,5209.0,156.0,
PIRLS,2021,BFL,reading,506.6666,2.1044,502.54,510.79,JRR_ZONES,6737,6737.0,156.0,
PIRLS,2021,BFR,reading,494.2658,2.6576,489.06,499.47,JRR_ZONES,4279,4279.0,156.0,
PIRLS,2021,BGR,reading,539.8938,3.0126,533.99,545.8,JRR_ZONES,4043,4043.0,156.0,
PIRLS,2021,BHR,reading,458.3948,2.87,452.77,464.02,JRR_ZONES,5208,5208.0,156.0,
PIRLS,2021,BRA,reading,418.8765,5.3308,408.43,429.32,JRR_ZONES,4941,4941.0,156.0,
PIRLS,2021,CAB,reading,538.687,3.5643,531.7,545.67,JRR_ZONES,3020,3020.0,156.0,
PIRLS,2021,CQU,reading,551.0024,2.7305,545.65,556.35,JRR_ZONES,3739,3739.0,156.0,
PIRLS,2021,CYP,reading,510.867,2.8703,505.24,516.49,JRR_ZONES,4589,4589.0,156.0,
PIRLS,2021,CZE,reading,542.5968,1.9974,538.68,546.51,JRR_ZONES,8527,8527.0,156.0,
PIRLS,2021,DEU,reading,523.9744,2.1253,519.81,528.14,JRR_ZONES,4611,4611.0,156.0,
PIRLS,2021,DNK,reading,539.235,2.2305,534.86,543.61,JRR_ZONES,6224,6224.0,156.0,
PIRLS,2021,EGY,reading,378.2326,5.4084,367.63,388.83,JRR_ZONES,7979,7979.0,156.0,
PIRLS,2021,ENG,reading,557.5525,2.4726,552.71,562.4,JRR_ZONES,4150,4150.0,156.0,
PIRLS,2021,ESP,reading,516.9008,2.3796,512.24,521.56,JRR_ZONES,10123,10123.0,156.0,
PIRLS,2021,FIN,reading,549.3,2.403,544.59,554.01,JRR_ZONES,7018,7018.0,156.0,
PIRLS,2021,FRA,reading,513.7371,2.5442,508.75,518.72,JRR_ZONES,5339,5339.0,156.0,
PIRLS,2021,GEO,reading,494.0261,2.6006,488.93,499.12,JRR_ZONES,5241,5241.0,156.0,
PIRLS,2021,HKG,reading,572.821,2.7388,567.45,578.19,JRR_ZONES,3830,3830.0,156.0,
PIRLS,2021,HRV,reading,553.0778,4.8276,543.62,562.54,JRR_ZONES,1226,1226.0,156.0,
PIRLS,2021,HUN,reading,540.648,3.0017,534.76,546.53,JRR_ZONES,7009,7009.0,156.0,
PIRLS,2021,IRN,reading,412.7746,4.8786,403.21,422.34,JRR_ZONES,5962,5962.0,156.0,
PIRLS,2021,ISR,reading,509.3351,2.447,504.54,514.13,JRR_ZONES,6670,6670.0,156.0,
PIRLS,2021,ITA,reading,541.0125,1.8871,537.31,544.71,JRR_ZONES,7419,7419.0,156.0,
PIRLS,2021,JOR,reading,380.5271,5.401,369.94,391.11,JRR_ZONES,6150,6150.0,156.0,
PIRLS,2021,KAZ,reading,504.4283,2.3465,499.83,509.03,JRR_ZONES,10230,10230.0,156.0,
PIRLS,2021,LTU,reading,552.2204,2.2658,547.78,556.66,JRR_ZONES,4623,4623.0,156.0,
PIRLS,2021,LVA,reading,527.6827,2.6074,522.57,532.79,JRR_ZONES,4369,4369.0,156.0,
PIRLS,2021,MAC,reading,535.565,1.2844,533.05,538.08,JRR_ZONES,5093,5093.0,156.0,
PIRLS,2021,MKD,reading,442.1474,5.3214,431.72,452.58,JRR_ZONES,2929,2929.0,156.0,
PIRLS,2021,MLT,reading,498.8876,7.8812,483.44,514.33,JRR_ZONES,835,835.0,156.0,
PIRLS,2021,NIR,reading,565.9341,2.5103,561.01,570.85,JRR_ZONES,4050,4050.0,156.0,
PIRLS,2021,NLD,reading,527.2375,2.5164,522.31,532.17,JRR_ZONES,4313,4313.0,156.0,
PIRLS,2021,NOR,reading,531.1567,2.1537,526.94,535.38,JRR_ZONES,7055,7055.0,156.0,
PIRLS,2021,NZL,reading,519.0023,2.5368,514.03,523.97,JRR_ZONES,7778,7778.0,156.0,
PIRLS,2021,POL,reading,549.1209,2.1805,544.85,553.39,JRR_ZONES,4179,4179.0,156.0,
PIRLS,2021,PRT,reading,519.7634,2.2639,515.33,524.2,JRR_ZONES,6111,6111.0,156.0,
PIRLS,2021,QAT,reading,484.7257,3.748,477.38,492.07,JRR_ZONES,5258,5258.0,156.0,
PIRLS,2021,RMO,reading,603.0469,2.122,598.89,607.21,JRR_ZONES,7440,7440.0,156.0,
PIRLS,2021,RUS,reading,570.9169,2.5169,565.98,575.85,JRR_ZONES,7404,7404.0,156.0,
PIRLS,2021,SAU,reading,448.5494,3.5966,441.5,455.6,JRR_ZONES,4778,4778.0,156.0,
PIRLS,2021,SGP,reading,584.399,2.9631,578.59,590.21,JRR_ZONES,8707,8707.0,156.0,
PIRLS,2021,SVN,reading,519.6575,1.8577,516.02,523.3,JRR_ZONES,5110,5110.0,156.0,
PIRLS,2021,SWE,reading,539.8389,2.3577,535.22,544.46,JRR_ZONES,7038,7038.0,156.0,
PIRLS,2021,TUR,reading,496.447,3.3899,489.8,503.09,JRR_ZONES,6032,6032.0,156.0,
PIRLS,2021,TWN,reading,559.3303,3.2226,553.01,565.65,JRR_ZONES,1669,1669.0,156.0,
PIRLS,2021,USA,reading,547.5437,6.7567,534.3,560.79,JRR_ZONES,1657,1657.0,156.0,
PIRLS,2021,XKX,reading,420.548,3.1277,414.42,426.68,JRR_ZONES,4557,4557.0,156.0,
PIRLS,2021,ZAF,reading,288.2159,4.4236,279.55,296.89,JRR_ZONES,12422,12422.0,156.0,
PISA,2000,008,reading,348.8495,3.2497,342.4801,355.2189,BRR_Fay,4980,4980.0,80.0,5.0
PISA,2000,032,reading,418.2507,9.8478,398.949,437.5524,BRR_Fay,3983,3983.0,80.0,5.0
PISA,2000,036,reading,528.2785,3.4967,521.4251,535.1319,BRR_Fay,5176,5176.0,80.0,5.0
PISA,2000,040,reading,507.1267,2.3717,502.4782,511.7751,BRR_Fay,4745,4745.0,80.0,5.0
PISA,2000,056,reading,507.1259,3.5429,500.1817,514.0701,BRR_Fay,6670,6670.0,80.0,5.0
PISA,2000,076,reading,396.0291,3.0684,390.015,402.0432,BRR_Fay,4893,4893.0,80.0,5.0
PISA,2000,100,reading,430.4034,4.8719,420.8546,439.9523,BRR_Fay,4657,4657.0,80.0,5.0
PISA,2000,124,reading,534.3127,1.5452,531.2842,537.3413,BRR_Fay,29687,29687.0,80.0,5.0
PISA,2000,152,reading,409.5568,3.5678,402.5639,416.5496,BRR_Fay,4889,4889.0,80.0,5.0
PISA,2000,203,reading,491.577,2.3461,486.9788,496.1753,BRR_Fay,5365,5365.0,80.0,5.0
PISA,2000,208,reading,496.871,2.3213,492.3212,501.4207,BRR_Fay,4235,4235.0,80.0,5.0
PISA,2000,246,reading,546.4691,2.5485,541.474,551.4643,BRR_Fay,4864,4864.0,80.0,5.0
PISA,2000,250,reading,504.7424,2.7059,499.4389,510.0459,BRR_Fay,4673,4673.0,80.0,5.0
PISA,2000,276,reading,483.9908,2.433,479.2221,488.7596,BRR_Fay,5073,5073.0,80.0,5.0
PISA,2000,300,reading,473.7989,4.9533,464.0904,483.5073,BRR_Fay,4672,4672.0,80.0,5.0
PISA,2000,344,reading,525.4559,2.9056,519.761,531.1508,BRR_Fay,4405,4405.0,80.0,5.0
PISA,2000,348,reading,479.9668,3.9338,472.2564,487.6771,BRR_Fay,4887,4887.0,80.0,5.0
PISA,2000,352,reading,506.9305,1.3846,504.2167,509.6442,BRR_Fay,3372,3372.0,80.0,5.0
PISA,2000,360,reading,370.6147,3.9663,362.8408,378.3885,BRR_Fay,7368,7368.0,80.0,5.0
PISA,2000,372,reading,526.6686,3.2118,520.3736,532.9637,BRR_Fay,3854,3854.0,80.0,5.0
PISA,2000,376,reading,452.1724,8.4513,435.6078,468.737,BRR_Fay,4498,4498.0,80.0,5.0
PISA,2000,380,reading,487.4696,2.8939,481.7975,493.1418,BRR_Fay,4984,4984.0,80.0,5.0
PISA,2000,392,reading,522.2349,5.1981,512.0467,532.4231,BRR_Fay,5256,5256.0,80.0,5.0
PISA,2000,410,reading,524.7543,2.393,520.0641,529.4445,BRR_Fay,4982,4982.0,80.0,5.0
PISA,2000,428,reading,458.0711,5.2486,447.7838,468.3583,BRR_Fay,3893,3893.0,80.0,5.0
PISA,2000,438,reading,482.5869,3.9219,474.9001,490.2738,BRR_Fay,314,314.0,80.0,5.0
PISA,2000,442,reading,441.2458,1.5394,438.2287,444.263,BRR_Fay,3528,3528.0,80.0,5.0
PISA,2000,484,reading,421.9606,3.2924,415.5075,428.4137,BRR_Fay,4600,4600.0,80.0,5.0
PISA,2000,528,reading,531.9094,3.3235,525.3953,538.4235,BRR_Fay,2503,2503.0,80.0,5.0
PISA,2000,554,reading,528.7997,2.7518,523.4063,534.1932,BRR_Fay,3667,3667.0,80.0,5.0
PISA,2000,578,reading,505.281,2.7661,499.8595,510.7025,BRR_Fay,4147,4147.0,80.0,5.0
PISA,2000,604,reading,327.0848,4.3924,318.4757,335.694,BRR_Fay,4429,4429.0,80.0,5.0
PISA,2000,616,reading,479.1217,4.437,470.4251,487.8182,BRR_Fay,3654,3654.0,80.0,5.0
PISA,2000,620,reading,470.1546,4.5024,461.3299,478.9793,BRR_Fay,4585,4585.0,80.0,5.0
PISA,2000,642,reading,427.9315,3.4239,421.2207,434.6423,BRR_Fay,4829,4829.0,80.0,5.0
PISA,2000,643,reading,461.762,4.148,453.6319,469.8922,BRR_Fay,6701,6701.0,80.0,5.0
PISA,2000,724,reading,492.553,2.6863,487.2878,497.8181,BRR_Fay,6214,6214.0,80.0,5.0
PISA,2000,752,reading,516.3312,2.1728,512.0725,520.5899,BRR_Fay,4416,4416.0,80.0,5.0
PISA,2000,756,reading,494.3716,4.2332,486.0745,502.6688,BRR_Fay,6100,6100.0,80.0,5.0
PISA,2000,764,reading,430.6839,3.2174,424.3778,436.99,BRR_Fay,5340,5340.0,80.0,5.0
PISA,2000,807,reading,372.5091,1.8889,368.8068,376.2115,BRR_Fay,4510,4510.0,80.0,5.0
PISA,2000,826,reading,523.4433,2.5374,518.4701,528.4165,BRR_Fay,9340,9340.0,80.0,5.0
PISA,2000,840,reading,504.4197,7.0295,490.642,518.1974,BRR_Fay,3846,3846.0,80.0,5.0
PISA,2003,AUS,mathematics,524.266,2.1263,520.0984,528.4336,BRR_Fay,12551,12551.0,80.0,5.0
PISA,2003,AUS,reading,525.427,2.0899,521.3307,529.5233,BRR_Fay,12551,12551.0,80.0,5.0
PISA,2003,AUS,science,525.0545,2.0502,521.0362,529.0728,BRR_Fay,12551,12551.0,80.0,5.0
PISA,2003,AUT,mathematics,505.611,3.2436,499.2536,511.9684,BRR_Fay,4597,4597.0,80.0,5.0
PISA,2003,AUT,reading,490.6932,3.7202,483.4017,497.9848,BRR_Fay,4597,4597.0,80.0,5.0
PISA,2003,AUT,science,490.9846,3.4098,484.3014,497.6678,BRR_Fay,4597,4597.0,80.0,5.0
PISA,2003,BEL,mathematics,529.2864,2.2665,524.8441,533.7287,BRR_Fay,8796,8796.0,80.0,5.0
PISA,2003,BEL,reading,506.9873,2.5429,502.0032,511.9715,BRR_Fay,8796,8796.0,80.0,5.0
PISA,2003,BEL,science,508.829,2.4435,504.0398,513.6182,BRR_Fay,8796,8796.0,80.0,5.0
PISA,2003,BRA,mathematics,356.0158,4.8054,346.5972,365.4344,BRR_Fay,4452,4452.0,80.0,5.0
PISA,2003,BRA,reading,402.7963,4.5032,393.97,411.6226,BRR_Fay,4452,4452.0,80.0,5.0
PISA,2003,BRA,science,389.6196,4.2803,381.2302,398.009,BRR_Fay,4452,4452.0,80.0,5.0
PISA,2003,CAN,mathematics,532.4867,1.8,528.9588,536.0146,BRR_Fay,27953,27953.0,80.0,5.0
PISA,2003,CAN,reading,527.9136,1.7136,524.555,531.2722,BRR_Fay,27953,27953.0,80.0,5.0
PISA,2003,CAN,science,518.7452,1.9808,514.8629,522.6274,BRR_Fay,27953,27953.0,80.0,5.0
PISA,2003,CHE,mathematics,526.5531,3.3651,519.9576,533.1487,BRR_Fay,8420,8420.0,80.0,5.0
PISA,2003,CHE,reading,499.1214,3.2388,492.7733,505.4695,BRR_Fay,8420,8420.0,80.0,5.0
PISA,2003,CHE,science,512.9755,3.6405,505.8401,520.111,BRR_Fay,8420,8420.0,80.0,5.0
PISA,2003,CZE,mathematics,516.455,3.5273,509.5414,523.3686,BRR_Fay,6320,6320.0,80.0,5.0
PISA,2003,CZE,reading,488.5423,3.4294,481.8206,495.264,BRR_Fay,6320,6320.0,80.0,5.0
PISA,2003,CZE,science,523.2537,3.3306,516.7257,529.7818,BRR_Fay,6320,6320.0,80.0,5.0
PISA,2003,DEU,mathematics,502.9855,3.2973,496.5229,509.4482,BRR_Fay,4660,4660.0,80.0,5.0
PISA,2003,DEU,reading,491.358,3.3455,484.8008,497.9152,BRR_Fay,4660,4660.0,80.0,5.0
PISA,2003,DEU,science,502.3365,3.5955,495.2893,509.3836,BRR_Fay,4660,4660.0,80.0,5.0
PISA,2003,DNK,mathematics,514.2877,2.7136,508.969,519.6063,BRR_Fay,4218,4218.0,80.0,5.0
PISA,2003,DNK,reading,492.3234,2.769,486.8962,497.7506,BRR_Fay,4218,4218.0,80.0,5.0
PISA,2003,DNK,science,475.2227,2.9024,469.5339,480.9114,BRR_Fay,4218,4218.0,80.0,5.0
PISA,2003,ESP,mathematics,485.1081,2.38,480.4432,489.7729,BRR_Fay,10791,10791.0,80.0,5.0
PISA,2003,ESP,reading,480.538,2.5435,475.5528,485.5232,BRR_Fay,10791,10791.0,80.0,5.0
PISA,2003,ESP,science,487.0926,2.5602,482.0745,492.1106,BRR_Fay,10791,10791.0,80.0,5.0
PISA,2003,FIN,mathematics,544.2892,1.8322,540.6981,547.8803,BRR_Fay,5796,5796.0,80.0,5.0
PISA,2003,FIN,reading,543.4625,1.5814,540.3629,546.5621,BRR_Fay,5796,5796.0,80.0,5.0
PISA,2003,FIN,science,548.225,1.841,544.6167,551.8333,BRR_Fay,5796,5796.0,80.0,5.0
PISA,2003,FRA,mathematics,510.7995,2.4715,505.9553,515.6437,BRR_Fay,4300,4300.0,80.0,5.0
PISA,2003,FRA,reading,496.1888,2.6228,491.0482,501.3294,BRR_Fay,4300,4300.0,80.0,5.0
PISA,2003,FRA,science,511.2255,2.9203,505.5017,516.9492,BRR_Fay,4300,4300.0,80.0,5.0
PISA,2003,GBR,mathematics,508.2581,2.4031,503.548,512.9681,BRR_Fay,9535,9535.0,80.0,5.0
PISA,2003,GBR,reading,507.0127,2.4259,502.2581,511.7674,BRR_Fay,9535,9535.0,80.0,5.0
PISA,2003,GBR,science,518.4034,2.4806,513.5415,523.2653,BRR_Fay,9535,9535.0,80.0,5.0
PISA,2003,GRC,mathematics,444.9119,3.8792,437.3086,452.5151,BRR_Fay,4627,4627.0,80.0,5.0
PISA,2003,GRC,reading,472.2669,4.0542,464.3206,480.2132,BRR_Fay,4627,4627.0,80.0,5.0
PISA,2003,GRC,science,481.0223,3.7636,473.6456,488.3989,BRR_Fay,4627,4627.0,80.0,5.0
PISA,2003,HKG,mathematics,550.3832,4.5198,541.5244,559.2421,BRR_Fay,4478,4478.0,80.0,5.0
PISA,2003,HKG,reading,509.5352,3.6617,502.3582,516.7121,BRR_Fay,4478,4478.0,80.0,5.0
PISA,2003,HKG,science,539.4975,4.2316,531.2036,547.7915,BRR_Fay,4478,4478.0,80.0,5.0
PISA,2003,HUN,mathematics,490.0124,2.8102,484.5044,495.5203,BRR_Fay,4765,4765.0,80.0,5.0
PISA,2003,HUN,reading,481.8697,2.4107,477.1447,486.5947,BRR_Fay,4765,4765.0,80.0,5.0
PISA,2003,HUN,science,503.2789,2.7125,497.9624,508.5953,BRR_Fay,4765,4765.0,80.0,5.0
PISA,2003,IDN,mathematics,360.1588,3.884,352.5462,367.7715,BRR_Fay,10761,10761.0,80.0,5.0
PISA,2003,IDN,reading,381.5904,3.3465,375.0313,388.1494,BRR_Fay,10761,10761.0,80.0,5.0
PISA,2003,IDN,science,395.0424,3.1769,388.8157,401.2691,BRR_Fay,10761,10761.0,80.0,5.0
PISA,2003,IRL,mathematics,502.8373,2.4178,498.0984,507.5763,BRR_Fay,3880,3880.0,80.0,5.0
PISA,2003,IRL,reading,515.4801,2.59,510.4037,520.5565,BRR_Fay,3880,3880.0,80.0,5.0
PISA,2003,IRL,science,505.3908,2.6399,500.2166,510.5651,BRR_Fay,3880,3880.0,80.0,5.0
PISA,2003,ISL,mathematics,515.1087,1.359,512.4449,517.7724,BRR_Fay,3350,3350.0,80.0,5.0
PISA,2003,ISL,reading,491.747,1.4157,488.9722,494.5218,BRR_Fay,3350,3350.0,80.0,5.0
PISA,2003,ISL,science,494.7452,1.3204,492.1573,497.3332,BRR_Fay,3350,3350.0,80.0,5.0
PISA,2003,ITA,mathematics,465.6642,3.0557,459.6751,471.6533,BRR_Fay,11639,11639.0,80.0,5.0
PISA,2003,ITA,reading,475.6616,3.0019,469.7778,481.5454,BRR_Fay,11639,11639.0,80.0,5.0
PISA,2003,ITA,science,486.4542,3.0837,480.4101,492.4983,BRR_Fay,11639,11639.0,80.0,5.0
PISA,2003,JPN,mathematics,534.1365,3.9974,526.3015,541.9715,BRR_Fay,4707,4707.0,80.0,5.0
PISA,2003,JPN,reading,498.1052,3.884,490.4926,505.7178,BRR_Fay,4707,4707.0,80.0,5.0
PISA,2003,JPN,science,547.6382,4.1022,539.598,555.6785,BRR_Fay,4707,4707.0,80.0,5.0
PISA,2003,KOR,mathematics,542.2274,3.2229,535.9104,548.5443,BRR_Fay,5444,5444.0,80.0,5.0
PISA,2003,KOR,reading,534.0913,3.0646,528.0847,540.0978,BRR_Fay,5444,5444.0,80.0,5.0
PISA,2003,KOR,science,538.4251,3.5035,531.5583,545.2919,BRR_Fay,5444,5444.0,80.0,5.0
PISA,2003,LIE,mathematics,535.7954,3.8824,528.1859,543.405,BRR_Fay,332,332.0,80.0,5.0
PISA,2003,LIE,reading,525.075,3.1553,518.8906,531.2595,BRR_Fay,332,332.0,80.0,5.0
PISA,2003,LIE,science,525.1754,3.8327,517.6633,532.6875,BRR_Fay,332,332.0,80.0,5.0
PISA,2003,LUX,mathematics,493.2086,0.8939,491.4566,494.9605,BRR_Fay,3923,3923.0,80.0,5.0
PISA,2003,LUX,reading,479.4226,1.364,476.7492,482.096,BRR_Fay,3923,3923.0,80.0,5.0
PISA,2003,LUX,science,482.764,1.3719,480.0751,485.4529,BRR_Fay,3923,3923.0,80.0,5.0
PISA,2003,LVA,mathematics,483.3749,3.6531,476.2149,490.535,BRR_Fay,4627,4627.0,80.0,5.0
PISA,2003,LVA,reading,490.5625,3.6058,483.4953,497.6298,BRR_Fay,4627,4627.0,80.0,5.0
PISA,2003,LVA,science,489.1249,3.8233,481.6313,496.6186,BRR_Fay,4627,4627.0,80.0,5.0
PISA,2003,MAC,mathematics,527.2703,2.7486,521.8831,532.6575,BRR_Fay,1250,1250.0,80.0,5.0
PISA,2003,MAC,reading,497.6401,1.9579,493.8027,501.4775,BRR_Fay,1250,1250.0,80.0,5.0
PISA,2003,MAC,science,524.6837,2.8034,519.1891,530.1783,BRR_Fay,1250,1250.0,80.0,5.0
PISA,2003,MEX,mathematics,385.2183,3.6166,378.1298,392.3069,BRR_Fay,29983,29983.0,80.0,5.0
PISA,2003,MEX,reading,399.7219,4.0588,391.7666,407.6773,BRR_Fay,29983,29983.0,80.0,5.0
PISA,2003,MEX,science,404.8962,3.4418,398.1503,411.642,BRR_Fay,29983,29983.0,80.0,5.0
PISA,2003,NLD,mathematics,537.8233,3.1091,531.7295,543.917,BRR_Fay,3992,3992.0,80.0,5.0
PISA,2003,NLD,reading,513.119,2.8101,507.6112,518.6267,BRR_Fay,3992,3992.0,80.0,5.0
PISA,2003,NLD,science,524.3687,3.1012,518.2904,530.4471,BRR_Fay,3992,3992.0,80.0,5.0
PISA,2003,NOR,mathematics,495.1854,2.3421,490.5948,499.7759,BRR_Fay,4064,4064.0,80.0,5.0
PISA,2003,NOR,reading,499.7402,2.7,494.4482,505.0323,BRR_Fay,4064,4064.0,80.0,5.0
PISA,2003,NOR,science,484.1812,2.8059,478.6816,489.6809,BRR_Fay,4064,4064.0,80.0,5.0
PISA,2003,NZL,mathematics,523.4866,2.2249,519.1258,527.8474,BRR_Fay,4511,4511.0,80.0,5.0
PISA,2003,NZL,reading,521.5515,2.4049,516.8379,526.2652,BRR_Fay,4511,4511.0,80.0,5.0
PISA,2003,NZL,science,520.9043,2.2914,516.413,525.3955,BRR_Fay,4511,4511.0,80.0,5.0
PISA,2003,POL,mathematics,490.2388,2.4758,485.3863,495.0913,BRR_Fay,4383,4383.0,80.0,5.0
PISA,2003,POL,reading,496.6053,2.8209,491.0763,502.1342,BRR_Fay,4383,4383.0,80.0,5.0
PISA,2003,POL,science,497.7801,2.7994,492.2934,503.2669,BRR_Fay,4383,4383.0,80.0,5.0
PISA,2003,PRT,mathematics,466.0167,3.3771,459.3976,472.6358,BRR_Fay,4608,4608.0,80.0,5.0
PISA,2003,PRT,reading,477.5686,3.6896,470.3369,484.8003,BRR_Fay,4608,4608.0,80.0,5.0
PISA,2003,PRT,science,467.7351,3.4077,461.0561,474.4142,BRR_Fay,4608,4608.0,80.0,5.0
PISA,2003,RUS,mathematics,468.4067,4.1784,460.2171,476.5963,BRR_Fay,5974,5974.0,80.0,5.0
PISA,2003,RUS,reading,442.1968,3.8967,434.5592,449.8344,BRR_Fay,5974,5974.0,80.0,5.0
PISA,2003,RUS,science,489.2861,4.0838,481.2818,497.2904,BRR_Fay,5974,5974.0,80.0,5.0
PISA,2003,SVK,mathematics,498.1835,3.3265,491.6635,504.7034,BRR_Fay,7346,7346.0,80.0,5.0
PISA,2003,SVK,reading,469.159,3.0923,463.0982,475.2199,BRR_Fay,7346,7346.0,80.0,5.0
PISA,2003,SVK,science,494.8584,3.6738,487.6576,502.0591,BRR_Fay,7346,7346.0,80.0,5.0
PISA,2003,SWE,mathematics,509.0464,2.5231,504.1011,513.9918,BRR_Fay,4624,4624.0,80.0,5.0
PISA,2003,SWE,reading,514.2674,2.3511,509.6592,518.8756,BRR_Fay,4624,4624.0,80.0,5.0
PISA,2003,SWE,science,506.1241,2.6495,500.9311,511.3171,BRR_Fay,4624,4624.0,80.0,5.0
PISA,2003,THA,mathematics,416.978,2.9676,411.1615,422.7944,BRR_Fay,5236,5236.0,80.0,5.0
PISA,2003,THA,reading,419.9148,2.7611,414.5031,425.3266,BRR_Fay,5236,5236.0,80.0,5.0
PISA,2003,THA,science,429.0604,2.6461,423.874,434.2468,BRR_Fay,5236,5236.0,80.0,5.0
PISA,2003,TUN,mathematics,358.7332,2.5016,353.8301,363.6363,BRR_Fay,4721,4721.0,80.0,5.0
PISA,2003,TUN,reading,374.6224,2.7182,369.2948,379.95,BRR_Fay,4721,4721.0,80.0,5.0
PISA,2003,TUN,science,384.6794,2.4839,379.811,389.5479,BRR_Fay,4721,4721.0,80.0,5.0
PISA,2003,TUR,mathematics,423.4194,6.7174,410.2532,436.5856,BRR_Fay,4855,4855.0,80.0,5.0
PISA,2003,TUR,reading,440.971,5.7508,429.6994,452.2425,BRR_Fay,4855,4855.0,80.0,5.0
PISA,2003,TUR,science,434.2234,5.8578,422.7421,445.7047,BRR_Fay,4855,4855.0,80.0,5.0
PISA,2003,URY,mathematics,422.1999,3.2551,415.8199,428.5799,BRR_Fay,5835,5835.0,80.0,5.0
PISA,2003,URY,reading,434.1498,3.3229,427.6369,440.6626,BRR_Fay,5835,5835.0,80.0,5.0
PISA,2003,URY,science,438.373,2.783,432.9183,443.8278,BRR_Fay,5835,5835.0,80.0,5.0
PISA,2003,USA,mathematics,482.8828,2.9297,477.1407,488.6249,BRR_Fay,5456,5456.0,80.0,5.0
PISA,2003,USA,reading,495.1859,3.1891,488.9352,501.4365,BRR_Fay,5456,5456.0,80.0,5.0
PISA,2003,USA,science,491.2636,3.0358,485.3135,497.2137,BRR_Fay,5456,5456.0,80.0,5.0
PISA,2003,YUG,mathematics,436.8713,3.7318,429.5571,444.1855,BRR_Fay,4405,4405.0,80.0,5.0
PISA,2003,YUG,reading,411.7374,3.522,404.8342,418.6406,BRR_Fay,4405,4405.0,80.0,5.0
PISA,2003,YUG,science,436.3737,3.4544,429.6031,443.1443,BRR_Fay,4405,4405.0,80.0,5.0
PISA,2006,ARG,mathematics,381.2539,6.2149,369.0727,393.4351,BRR_Fay,4339,4339.0,80.0,5.0
PISA,2006,ARG,reading,373.7238,7.1115,359.7853,387.6623,BRR_Fay,4339,4339.0,80.0,5.0
PISA,2006,ARG,science,391.2439,6.0571,379.372,403.1158,BRR_Fay,4339,4339.0,80.0,5.0
PISA,2006,AUS,mathematics,519.9077,2.2278,515.5413,524.2742,BRR_Fay,14170,14170.0,80.0,5.0
PISA,2006,AUS,reading,512.8933,2.0442,508.8867,516.8998,BRR_Fay,14170,14170.0,80.0,5.0
PISA,2006,AUS,science,526.8796,2.2471,522.4752,531.284,BRR_Fay,14170,14170.0,80.0,5.0
PISA,2006,AUT,mathematics,505.4836,3.7158,498.2006,512.7665,BRR_Fay,4927,4927.0,80.0,5.0
PISA,2006,AUT,reading,490.194,4.0624,482.2316,498.1563,BRR_Fay,4927,4927.0,80.0,5.0
PISA,2006,AUT,science,510.8372,3.9107,503.1722,518.5021,BRR_Fay,4927,4927.0,80.0,5.0
PISA,2006,AZE,mathematics,475.9952,2.245,471.5951,480.3954,BRR_Fay,5184,5184.0,80.0,5.0
PISA,2006,AZE,reading,352.8919,3.0932,346.8292,358.9545,BRR_Fay,5184,5184.0,80.0,5.0
PISA,2006,AZE,science,382.3339,2.7366,376.9702,387.6977,BRR_Fay,5184,5184.0,80.0,5.0
PISA,2006,BEL,mathematics,520.349,2.9368,514.5929,526.105,BRR_Fay,8857,8857.0,80.0,5.0
PISA,2006,BEL,reading,500.9006,3.0182,494.9849,506.8163,BRR_Fay,8857,8857.0,80.0,5.0
PISA,2006,BEL,science,510.3635,2.4724,505.5176,515.2094,BRR_Fay,8857,8857.0,80.0,5.0
PISA,2006,BGR,mathematics,413.4492,6.1127,401.4683,425.4301,BRR_Fay,4498,4498.0,80.0,5.0
PISA,2006,BGR,reading,401.935,6.8823,388.4456,415.4243,BRR_Fay,4498,4498.0,80.0,5.0
PISA,2006,BGR,science,434.0798,6.0964,422.1308,446.0287,BRR_Fay,4498,4498.0,80.0,5.0
PISA,2006,BRA,mathematics,369.515,2.9007,363.8297,375.2003,BRR_Fay,9295,9295.0,80.0,5.0
PISA,2006,BRA,reading,392.8851,3.703,385.6272,400.1431,BRR_Fay,9295,9295.0,80.0,5.0
PISA,2006,BRA,science,390.3316,2.7611,384.9198,395.7433,BRR_Fay,9295,9295.0,80.0,5.0
PISA,2006,CAN,mathematics,527.0072,1.9462,523.1926,530.8217,BRR_Fay,22646,22646.0,80.0,5.0
PISA,2006,CAN,reading,527.0113,2.422,522.2641,531.7585,BRR_Fay,22646,22646.0,80.0,5.0
PISA,2006,CAN,science,534.4698,2.0153,530.5197,538.4198,BRR_Fay,22646,22646.0,80.0,5.0
PISA,2006,CHE,mathematics,529.6561,3.1338,523.5139,535.7984,BRR_Fay,12192,12192.0,80.0,5.0
PISA,2006,CHE,reading,499.2778,3.0445,493.3105,505.2451,BRR_Fay,12192,12192.0,80.0,5.0
PISA,2006,CHE,science,511.5239,3.1499,505.35,517.6978,BRR_Fay,12192,12192.0,80.0,5.0
PISA,2006,CHL,mathematics,411.3503,4.5629,402.4071,420.2935,BRR_Fay,5233,5233.0,80.0,5.0
PISA,2006,CHL,reading,442.0913,4.9621,432.3656,451.8171,BRR_Fay,5233,5233.0,80.0,5.0
PISA,2006,CHL,science,438.1774,4.3012,429.7472,446.6077,BRR_Fay,5233,5233.0,80.0,5.0
PISA,2006,COL,mathematics,369.9785,3.7395,362.6491,377.3079,BRR_Fay,4478,4478.0,80.0,5.0
PISA,2006,COL,reading,385.308,5.0149,375.4787,395.1373,BRR_Fay,4478,4478.0,80.0,5.0
PISA,2006,COL,science,388.0383,3.3351,381.5016,394.575,BRR_Fay,4478,4478.0,80.0,5.0
PISA,2006,CZE,mathematics,509.8594,3.5128,502.9743,516.7444,BRR_Fay,5932,5932.0,80.0,5.0
PISA,2006,CZE,reading,482.7152,4.1494,474.5823,490.848,BRR_Fay,5932,5932.0,80.0,5.0
PISA,2006,CZE,science,512.8607,3.4547,506.0895,519.632,BRR_Fay,5932,5932.0,80.0,5.0
PISA,2006,DEU,mathematics,503.7909,3.8478,496.2492,511.3325,BRR_Fay,4891,4891.0,80.0,5.0
PISA,2006,DEU,reading,494.9444,4.392,486.3361,503.5528,BRR_Fay,4891,4891.0,80.0,5.0
PISA,2006,DEU,science,515.6491,3.7798,508.2408,523.0575,BRR_Fay,4891,4891.0,80.0,5.0
PISA,2006,DNK,mathematics,513.0259,2.5858,507.9577,518.0942,BRR_Fay,4532,4532.0,80.0,5.0
PISA,2006,DNK,reading,494.483,3.1579,488.2935,500.6725,BRR_Fay,4532,4532.0,80.0,5.0
PISA,2006,DNK,science,495.8943,3.0849,489.8479,501.9407,BRR_Fay,4532,4532.0,80.0,5.0
PISA,2006,ESP,mathematics,479.9575,2.3155,475.4191,484.4959,BRR_Fay,19604,19604.0,80.0,5.0
PISA,2006,ESP,reading,460.8301,2.2117,456.4952,465.165,BRR_Fay,19604,19604.0,80.0,5.0
PISA,2006,ESP,science,488.4245,2.5515,483.4235,493.4255,BRR_Fay,19604,19604.0,80.0,5.0
PISA,2006,EST,mathematics,514.5755,2.7158,509.2525,519.8984,BRR_Fay,4865,4865.0,80.0,5.0
PISA,2006,EST,reading,500.7498,2.9052,495.0555,506.444,BRR_Fay,4865,4865.0,80.0,5.0
PISA,2006,EST,science,531.3918,2.4934,526.5047,536.2789,BRR_Fay,4865,4865.0,80.0,5.0
PISA,2006,FIN,mathematics,548.3584,2.259,543.9308,552.786,BRR_Fay,4714,4714.0,80.0,5.0
PISA,2006,FIN,reading,546.8683,2.1102,542.7323,551.0043,BRR_Fay,4714,4714.0,80.0,5.0
PISA,2006,FIN,science,563.3228,1.985,559.4322,567.2135,BRR_Fay,4714,4714.0,80.0,5.0
PISA,2006,FRA,mathematics,495.5383,3.1466,489.3711,501.7056,BRR_Fay,4716,4716.0,80.0,5.0
PISA,2006,FRA,reading,487.7062,4.038,479.7917,495.6208,BRR_Fay,4716,4716.0,80.0,5.0
PISA,2006,FRA,science,495.2198,3.3417,488.67,501.7697,BRR_Fay,4716,4716.0,80.0,5.0
PISA,2006,GBR,mathematics,495.4442,2.1189,491.2911,499.5972,BRR_Fay,13152,13152.0,80.0,5.0
PISA,2006,GBR,reading,495.0835,2.2198,490.7328,499.4342,BRR_Fay,13152,13152.0,80.0,5.0
PISA,2006,GBR,science,514.7735,2.267,510.3303,519.2168,BRR_Fay,13152,13152.0,80.0,5.0
PISA,2006,GRC,mathematics,459.202,2.9385,453.4424,464.9615,BRR_Fay,4873,4873.0,80.0,5.0
PISA,2006,GRC,reading,459.7112,4.013,451.8457,467.5767,BRR_Fay,4873,4873.0,80.0,5.0
PISA,2006,GRC,science,473.378,3.2102,467.0859,479.67,BRR_Fay,4873,4873.0,80.0,5.0
PISA,2006,HKG,mathematics,547.4607,2.6316,542.3027,552.6187,BRR_Fay,4645,4645.0,80.0,5.0
PISA,2006,HKG,reading,536.0656,2.3932,531.375,540.7561,BRR_Fay,4645,4645.0,80.0,5.0
PISA,2006,HKG,science,542.2114,2.4462,537.4169,547.0059,BRR_Fay,4645,4645.0,80.0,5.0
PISA,2006,HRV,mathematics,467.2467,2.3397,462.661,471.8325,BRR_Fay,5213,5213.0,80.0,5.0
PISA,2006,HRV,reading,477.3642,2.7849,471.9058,482.8227,BRR_Fay,5213,5213.0,80.0,5.0
PISA,2006,HRV,science,493.2044,2.4276,488.4462,497.9625,BRR_Fay,5213,5213.0,80.0,5.0
PISA,2006,HUN,mathematics,490.9374,2.8573,485.3371,496.5377,BRR_Fay,4490,4490.0,80.0,5.0
PISA,2006,HUN,reading,482.3745,3.2532,475.9983,488.7507,BRR_Fay,4490,4490.0,80.0,5.0
PISA,2006,HUN,science,503.9317,2.6519,498.7341,509.1294,BRR_Fay,4490,4490.0,80.0,5.0
PISA,2006,IDN,mathematics,391.0068,5.6155,380.0004,402.0132,BRR_Fay,10647,10647.0,80.0,5.0
PISA,2006,IDN,reading,392.9328,5.9096,381.3501,404.5156,BRR_Fay,10647,10647.0,80.0,5.0
PISA,2006,IDN,science,393.481,5.7201,382.2696,404.6924,BRR_Fay,10647,10647.0,80.0,5.0
PISA,2006,IRL,mathematics,501.4718,2.7601,496.062,506.8816,BRR_Fay,4585,4585.0,80.0,5.0
PISA,2006,IRL,reading,517.3132,3.5099,510.4339,524.1926,BRR_Fay,4585,4585.0,80.0,5.0
PISA,2006,IRL,science,508.3289,3.1663,502.123,514.5348,BRR_Fay,4585,4585.0,80.0,5.0
PISA,2006,ISL,mathematics,505.5448,1.7496,502.1157,508.974,BRR_Fay,3789,3789.0,80.0,5.0
PISA,2006,ISL,reading,484.4453,1.8829,480.7549,488.1357,BRR_Fay,3789,3789.0,80.0,5.0
PISA,2006,ISL,science,490.7938,1.5922,487.6731,493.9144,BRR_Fay,3789,3789.0,80.0,5.0
PISA,2006,ISR,mathematics,441.8587,4.3184,433.3946,450.3229,BRR_Fay,4584,4584.0,80.0,5.0
PISA,2006,ISR,reading,438.6723,4.549,429.7563,447.5882,BRR_Fay,4584,4584.0,80.0,5.0
PISA,2006,ISR,science,453.9037,3.6779,446.695,461.1124,BRR_Fay,4584,4584.0,80.0,5.0
PISA,2006,ITA,mathematics,461.6887,2.2672,457.2449,466.1325,BRR_Fay,21773,21773.0,80.0,5.0
PISA,2006,ITA,reading,468.5231,2.4109,463.7977,473.2486,BRR_Fay,21773,21773.0,80.0,5.0
PISA,2006,ITA,science,475.3972,2.0043,471.4687,479.3257,BRR_Fay,21773,21773.0,80.0,5.0
PISA,2006,JOR,mathematics,384.0361,3.276,377.6152,390.4569,BRR_Fay,6509,6509.0,80.0,5.0
PISA,2006,JOR,reading,400.5812,3.2413,394.2284,406.9341,BRR_Fay,6509,6509.0,80.0,5.0
PISA,2006,JOR,science,421.9718,2.8116,416.4611,427.4826,BRR_Fay,6509,6509.0,80.0,5.0
PISA,2006,JPN,mathematics,523.1025,3.3224,516.5906,529.6144,BRR_Fay,5952,5952.0,80.0,5.0
PISA,2006,JPN,reading,497.9571,3.6224,490.8571,505.0571,BRR_Fay,5952,5952.0,80.0,5.0
PISA,2006,JPN,science,531.3885,3.3555,524.8118,537.9653,BRR_Fay,5952,5952.0,80.0,5.0
PISA,2006,KGZ,mathematics,310.5838,3.3766,303.9657,317.2019,BRR_Fay,5904,5904.0,80.0,5.0
PISA,2006,KGZ,reading,284.7066,3.4361,277.9719,291.4413,BRR_Fay,5904,5904.0,80.0,5.0
PISA,2006,KGZ,science,322.0316,2.9045,316.3387,327.7245,BRR_Fay,5904,5904.0,80.0,5.0
PISA,2006,KOR,mathematics,547.4585,3.7418,540.1246,554.7923,BRR_Fay,5176,5176.0,80.0,5.0
PISA,2006,KOR,reading,556.0219,3.7951,548.5835,563.4603,BRR_Fay,5176,5176.0,80.0,5.0
PISA,2006,KOR,science,522.1481,3.3384,515.6049,528.6914,BRR_Fay,5176,5176.0,80.0,5.0
PISA,2006,LIE,mathematics,524.9674,3.8618,517.3983,532.5365,BRR_Fay,339,339.0,80.0,5.0
PISA,2006,LIE,reading,510.4378,3.6305,503.322,517.5535,BRR_Fay,339,339.0,80.0,5.0
PISA,2006,LIE,science,522.161,3.8639,514.5878,529.7343,BRR_Fay,339,339.0,80.0,5.0
PISA,2006,LTU,mathematics,486.4213,2.8973,480.7426,492.1001,BRR_Fay,4744,4744.0,80.0,5.0
PISA,2006,LTU,reading,470.0708,2.949,464.2908,475.8507,BRR_Fay,4744,4744.0,80.0,5.0
PISA,2006,LTU,science,487.9567,2.7298,482.6063,493.3071,BRR_Fay,4744,4744.0,80.0,5.0
PISA,2006,LUX,mathematics,490.0018,0.9904,488.0606,491.9431,BRR_Fay,4567,4567.0,80.0,5.0
PISA,2006,LUX,reading,479.3665,1.1943,477.0258,481.7073,BRR_Fay,4567,4567.0,80.0,5.0
PISA,2006,LUX,science,486.3244,0.9892,484.3856,488.2632,BRR_Fay,4567,4567.0,80.0,5.0
PISA,2006,LVA,mathematics,486.1661,2.9823,480.3208,492.0114,BRR_Fay,4719,4719.0,80.0,5.0
PISA,2006,LVA,reading,479.4918,3.6944,472.2509,486.7328,BRR_Fay,4719,4719.0,80.0,5.0
PISA,2006,LVA,science,489.5438,2.9414,483.7785,495.309,BRR_Fay,4719,4719.0,80.0,5.0
PISA,2006,MAC,mathematics,525.0025,1.2125,522.626,527.3791,BRR_Fay,4760,4760.0,80.0,5.0
PISA,2006,MAC,reading,492.2878,0.9714,490.3839,494.1917,BRR_Fay,4760,4760.0,80.0,5.0
PISA,2006,MAC,science,510.8397,0.9909,508.8976,512.7818,BRR_Fay,4760,4760.0,80.0,5.0
PISA,2006,MEX,mathematics,405.6546,2.9087,399.9537,411.3556,BRR_Fay,30971,30971.0,80.0,5.0
PISA,2006,MEX,reading,410.4965,3.0386,404.5409,416.4521,BRR_Fay,30971,30971.0,80.0,5.0
PISA,2006,MEX,science,409.652,2.7009,404.3581,414.9458,BRR_Fay,30971,30971.0,80.0,5.0
PISA,2006,MNE,mathematics,399.3077,1.2608,396.8364,401.7789,BRR_Fay,4455,4455.0,80.0,5.0
PISA,2006,MNE,reading,391.9754,1.1147,389.7906,394.1603,BRR_Fay,4455,4455.0,80.0,5.0
PISA,2006,MNE,science,411.7884,0.989,409.8499,413.727,BRR_Fay,4455,4455.0,80.0,5.0
PISA,2006,NLD,mathematics,530.654,2.5622,525.6322,535.6759,BRR_Fay,4871,4871.0,80.0,5.0
PISA,2006,NLD,reading,506.747,2.8975,501.0678,512.4261,BRR_Fay,4871,4871.0,80.0,5.0
PISA,2006,NLD,science,524.8615,2.7169,519.5363,530.1867,BRR_Fay,4871,4871.0,80.0,5.0
PISA,2006,NOR,mathematics,489.8464,2.6057,484.7393,494.9534,BRR_Fay,4692,4692.0,80.0,5.0
PISA,2006,NOR,reading,484.2926,3.1494,478.1197,490.4654,BRR_Fay,4692,4692.0,80.0,5.0
PISA,2006,NOR,science,486.528,3.0895,480.4725,492.5834,BRR_Fay,4692,4692.0,80.0,5.0
PISA,2006,NZL,mathematics,521.9888,2.3571,517.369,526.6087,BRR_Fay,4823,4823.0,80.0,5.0
PISA,2006,NZL,reading,521.0326,2.9577,515.2355,526.8298,BRR_Fay,4823,4823.0,80.0,5.0
PISA,2006,NZL,science,530.3844,2.668,525.1551,535.6136,BRR_Fay,4823,4823.0,80.0,5.0
PISA,2006,POL,mathematics,495.4285,2.4143,490.6964,500.1606,BRR_Fay,5547,5547.0,80.0,5.0
PISA,2006,POL,reading,507.6395,2.7585,502.2328,513.0462,BRR_Fay,5547,5547.0,80.0,5.0
PISA,2006,POL,science,497.8065,2.3202,493.2589,502.3541,BRR_Fay,5547,5547.0,80.0,5.0
PISA,2006,PRT,mathematics,466.161,3.044,460.1947,472.1273,BRR_Fay,5109,5109.0,80.0,5.0
PISA,2006,PRT,reading,472.3043,3.535,465.3757,479.2329,BRR_Fay,5109,5109.0,80.0,5.0
PISA,2006,PRT,science,474.3059,3.0049,468.4163,480.1954,BRR_Fay,5109,5109.0,80.0,5.0
PISA,2006,QAT,mathematics,317.9557,0.9427,316.1079,319.8034,BRR_Fay,6265,6265.0,80.0,5.0
PISA,2006,QAT,reading,312.2135,1.0974,310.0626,314.3643,BRR_Fay,6265,6265.0,80.0,5.0
PISA,2006,QAT,science,349.3131,0.7963,347.7523,350.874,BRR_Fay,6265,6265.0,80.0,5.0
PISA,2006,ROU,mathematics,414.796,4.1727,406.6175,422.9744,BRR_Fay,5118,5118.0,80.0,5.0
PISA,2006,ROU,reading,395.9317,4.6484,386.821,405.0425,BRR_Fay,5118,5118.0,80.0,5.0
PISA,2006,ROU,science,418.3864,4.1693,410.2145,426.5582,BRR_Fay,5118,5118.0,80.0,5.0
PISA,2006,RUS,mathematics,475.6791,3.8367,468.1591,483.199,BRR_Fay,5799,5799.0,80.0,5.0
PISA,2006,RUS,reading,439.8557,4.3032,431.4215,448.29,BRR_Fay,5799,5799.0,80.0,5.0
PISA,2006,RUS,science,479.4704,3.6505,472.3155,486.6253,BRR_Fay,5799,5799.0,80.0,5.0
PISA,2006,SRB,mathematics,435.3753,3.4849,428.5449,442.2058,BRR_Fay,4798,4798.0,80.0,5.0
PISA,2006,SRB,reading,401.0275,3.4362,394.2925,407.7625,BRR_Fay,4798,4798.0,80.0,5.0
PISA,2006,SRB,science,435.6363,3.0159,429.7252,441.5475,BRR_Fay,4798,4798.0,80.0,5.0
PISA,2006,SVK,mathematics,492.1062,2.7939,486.6302,497.5823,BRR_Fay,4731,4731.0,80.0,5.0
PISA,2006,SVK,reading,466.3498,3.0142,460.4419,472.2576,BRR_Fay,4731,4731.0,80.0,5.0
PISA,2006,SVK,science,488.4334,2.5559,483.4238,493.443,BRR_Fay,4731,4731.0,80.0,5.0
PISA,2006,SVN,mathematics,504.456,0.9515,502.5909,506.321,BRR_Fay,6595,6595.0,80.0,5.0
PISA,2006,SVN,reading,494.409,0.9292,492.5879,496.2302,BRR_Fay,6595,6595.0,80.0,5.0
PISA,2006,SVN,science,518.8156,1.0486,516.7603,520.8709,BRR_Fay,6595,6595.0,80.0,5.0
PISA,2006,SWE,mathematics,502.3564,2.3749,497.7016,507.0112,BRR_Fay,4443,4443.0,80.0,5.0
PISA,2006,SWE,reading,507.3129,3.3959,500.6568,513.9689,BRR_Fay,4443,4443.0,80.0,5.0
PISA,2006,SWE,science,503.334,2.3458,498.7363,507.9317,BRR_Fay,4443,4443.0,80.0,5.0
PISA,2006,THA,mathematics,417.0726,2.2983,412.5679,421.5774,BRR_Fay,6192,6192.0,80.0,5.0
PISA,2006,THA,reading,416.7518,2.5627,411.7289,421.7746,BRR_Fay,6192,6192.0,80.0,5.0
PISA,2006,THA,science,421.0115,2.1119,416.8721,425.1508,BRR_Fay,6192,6192.0,80.0,5.0
PISA,2006,TUN,mathematics,365.4794,3.9297,357.7772,373.1816,BRR_Fay,4640,4640.0,80.0,5.0
PISA,2006,TUN,reading,380.3368,3.9779,372.5402,388.1335,BRR_Fay,4640,4640.0,80.0,5.0
PISA,2006,TUN,science,385.5067,2.9309,379.7621,391.2513,BRR_Fay,4640,4640.0,80.0,5.0
PISA,2006,TUR,mathematics,423.9412,4.8802,414.3759,433.5065,BRR_Fay,4942,4942.0,80.0,5.0
PISA,2006,TUR,reading,447.1411,4.175,438.9581,455.3241,BRR_Fay,4942,4942.0,80.0,5.0
PISA,2006,TUR,science,423.8327,3.8204,416.3447,431.3208,BRR_Fay,4942,4942.0,80.0,5.0
PISA,2006,TWN,mathematics,549.3573,4.091,541.339,557.3756,BRR_Fay,8815,8815.0,80.0,5.0
PISA,2006,TWN,reading,496.2354,3.3588,489.6521,502.8187,BRR_Fay,8815,8815.0,80.0,5.0
PISA,2006,TWN,science,532.4735,3.5571,525.5017,539.4454,BRR_Fay,8815,8815.0,80.0,5.0
PISA,2006,URY,mathematics,426.799,2.5477,421.8056,431.7925,BRR_Fay,4839,4839.0,80.0,5.0
PISA,2006,URY,reading,412.5167,3.3642,405.9229,419.1105,BRR_Fay,4839,4839.0,80.0,5.0
PISA,2006,URY,science,428.1339,2.7155,422.8115,433.4563,BRR_Fay,4839,4839.0,80.0,5.0
PISA,2006,USA,mathematics,474.3522,3.9994,466.5133,482.191,BRR_Fay,5611,5611.0,80.0,5.0
PISA,2006,USA,reading,9997.0,0.0,9997.0,9997.0,BRR_Fay,5611,5611.0,80.0,5.0
PISA,2006,USA,science,488.9068,4.2041,480.6668,497.1468,BRR_Fay,5611,5611.0,80.0,5.0
PISA,2009,ALB,mathematics,377.4611,3.9362,369.7462,385.1759,BRR_Fay,4596,4596.0,80.0,5.0
PISA,2009,ALB,reading,384.8166,4.0125,376.9521,392.6811,BRR_Fay,4596,4596.0,80.0,5.0
PISA,2009,ALB,science,390.6957,3.9094,383.0334,398.3581,BRR_Fay,4596,4596.0,80.0,5.0
PISA,2009,ARE,mathematics,421.1498,2.4406,416.3662,425.9334,BRR_Fay,10867,10867.0,80.0,5.0
PISA,2009,ARE,reading,431.4161,2.8494,425.8312,437.001,BRR_Fay,10867,10867.0,80.0,5.0
PISA,2009,ARE,science,437.8064,2.6013,432.7079,442.9049,BRR_Fay,10867,10867.0,80.0,5.0
PISA,2009,ARG,mathematics,388.0681,4.0647,380.1013,396.035,BRR_Fay,4774,4774.0,80.0,5.0
PISA,2009,ARG,reading,398.2609,4.6159,389.2138,407.308,BRR_Fay,4774,4774.0,80.0,5.0
PISA,2009,ARG,science,400.8385,4.5502,391.9201,409.7569,BRR_Fay,4774,4774.0,80.0,5.0
PISA,2009,AUS,mathematics,514.3405,2.5135,509.414,519.2669,BRR_Fay,14251,14251.0,80.0,5.0
PISA,2009,AUS,reading,514.9007,2.3262,510.3412,519.4601,BRR_Fay,14251,14251.0,80.0,5.0
PISA,2009,AUS,science,527.2705,2.5169,522.3373,532.2037,BRR_Fay,14251,14251.0,80.0,5.0
PISA,2009,AUT,mathematics,495.9087,2.6217,490.7701,501.0472,BRR_Fay,6590,6590.0,80.0,5.0
PISA,2009,AUT,reading,470.2836,2.9273,464.5462,476.0211,BRR_Fay,6590,6590.0,80.0,5.0
PISA,2009,AUT,science,494.3277,3.2165,488.0234,500.632,BRR_Fay,6590,6590.0,80.0,5.0
PISA,2009,AZE,mathematics,430.9753,2.7304,425.6237,436.3269,BRR_Fay,4691,4691.0,80.0,5.0
PISA,2009,AZE,reading,361.5153,3.3063,355.0351,367.9956,BRR_Fay,4691,4691.0,80.0,5.0
PISA,2009,AZE,science,373.1836,3.0016,367.3005,379.0667,BRR_Fay,4691,4691.0,80.0,5.0
PISA,2009,BEL,mathematics,515.2723,2.2312,510.8991,519.6455,BRR_Fay,8501,8501.0,80.0,5.0
PISA,2009,BEL,reading,505.9458,2.3356,501.368,510.5236,BRR_Fay,8501,8501.0,80.0,5.0
PISA,2009,BEL,science,506.5755,2.5026,501.6704,511.4807,BRR_Fay,8501,8501.0,80.0,5.0
PISA,2009,BGR,mathematics,428.0661,5.8372,416.6252,439.5071,BRR_Fay,4507,4507.0,80.0,5.0
PISA,2009,BGR,reading,429.0811,6.667,416.0137,442.1485,BRR_Fay,4507,4507.0,80.0,5.0
PISA,2009,BGR,science,439.2941,5.8359,427.8558,450.7325,BRR_Fay,4507,4507.0,80.0,5.0
PISA,2009,BRA,mathematics,385.8141,2.375,381.1591,390.4691,BRR_Fay,20127,20127.0,80.0,5.0
PISA,2009,BRA,reading,411.7549,2.7129,406.4376,417.0722,BRR_Fay,20127,20127.0,80.0,5.0
PISA,2009,BRA,science,405.404,2.4186,400.6635,410.1445,BRR_Fay,20127,20127.0,80.0,5.0
PISA,2009,CAN,mathematics,526.8052,1.5909,523.687,529.9233,BRR_Fay,23207,23207.0,80.0,5.0
PISA,2009,CAN,reading,524.2418,1.4635,521.3733,527.1104,BRR_Fay,23207,23207.0,80.0,5.0
PISA,2009,CAN,science,528.705,1.5995,525.57,531.8399,BRR_Fay,23207,23207.0,80.0,5.0
PISA,2009,CHE,mathematics,533.9606,3.2751,527.5415,540.3798,BRR_Fay,11812,11812.0,80.0,5.0
PISA,2009,CHE,reading,500.5002,2.4241,495.7489,505.2515,BRR_Fay,11812,11812.0,80.0,5.0
PISA,2009,CHE,science,516.5675,2.7935,511.0923,522.0427,BRR_Fay,11812,11812.0,80.0,5.0
PISA,2009,CHL,mathematics,421.0605,3.0387,415.1046,427.0164,BRR_Fay,5669,5669.0,80.0,5.0
PISA,2009,CHL,reading,449.3696,3.1092,443.2756,455.4636,BRR_Fay,5669,5669.0,80.0,5.0
PISA,2009,CHL,science,447.4674,2.8971,441.7891,453.1456,BRR_Fay,5669,5669.0,80.0,5.0
PISA,2009,CHN,mathematics,600.0763,2.7836,594.6205,605.532,BRR_Fay,5115,5115.0,80.0,5.0
PISA,2009,CHN,reading,555.8281,2.3735,551.176,560.4802,BRR_Fay,5115,5115.0,80.0,5.0
PISA,2009,CHN,science,574.6173,2.2715,570.1652,579.0695,BRR_Fay,5115,5115.0,80.0,5.0
PISA,2009,COL,mathematics,380.8482,3.2183,374.5403,387.1561,BRR_Fay,7921,7921.0,80.0,5.0
PISA,2009,COL,reading,413.1815,3.7173,405.8956,420.4674,BRR_Fay,7921,7921.0,80.0,5.0
PISA,2009,COL,science,401.7501,3.6035,394.6872,408.8131,BRR_Fay,7921,7921.0,80.0,5.0
PISA,2009,CRI,mathematics,409.3854,2.9573,403.5891,415.1817,BRR_Fay,4578,4578.0,80.0,5.0
PISA,2009,CRI,reading,442.5809,3.1476,436.4116,448.7502,BRR_Fay,4578,4578.0,80.0,5.0
PISA,2009,CRI,science,430.4813,2.7325,425.1256,435.8369,BRR_Fay,4578,4578.0,80.0,5.0
PISA,2009,CZE,mathematics,492.8141,2.7992,487.3277,498.3005,BRR_Fay,6064,6064.0,80.0,5.0
PISA,2009,CZE,reading,478.1867,2.8726,472.5564,483.817,BRR_Fay,6064,6064.0,80.0,5.0
PISA,2009,CZE,science,500.4971,2.9492,494.7166,506.2776,BRR_Fay,6064,6064.0,80.0,5.0
PISA,2009,DEU,mathematics,512.7776,2.8394,507.2124,518.3429,BRR_Fay,4979,4979.0,80.0,5.0
PISA,2009,DEU,reading,497.3051,2.6301,492.15,502.4601,BRR_Fay,4979,4979.0,80.0,5.0
PISA,2009,DEU,science,520.4053,2.7727,514.9708,525.8399,BRR_Fay,4979,4979.0,80.0,5.0
PISA,2009,DNK,mathematics,503.2781,2.5654,498.2499,508.3064,BRR_Fay,5924,5924.0,80.0,5.0
PISA,2009,DNK,reading,494.9162,2.048,490.9021,498.9302,BRR_Fay,5924,5924.0,80.0,5.0
PISA,2009,DNK,science,499.337,2.448,494.539,504.135,BRR_Fay,5924,5924.0,80.0,5.0
PISA,2009,ESP,mathematics,483.4931,2.0885,479.3996,487.5867,BRR_Fay,25887,25887.0,80.0,5.0
PISA,2009,ESP,reading,481.0423,2.0047,477.1131,484.9715,BRR_Fay,25887,25887.0,80.0,5.0
PISA,2009,ESP,science,488.2546,2.0355,484.265,492.2443,BRR_Fay,25887,25887.0,80.0,5.0
PISA,2009,EST,mathematics,512.1042,2.5287,507.148,517.0604,BRR_Fay,4727,4727.0,80.0,5.0
PISA,2009,EST,reading,500.9619,2.6107,495.8449,506.0788,BRR_Fay,4727,4727.0,80.0,5.0
PISA,2009,EST,science,527.8318,2.6316,522.6739,532.9897,BRR_Fay,4727,4727.0,80.0,5.0
PISA,2009,FIN,mathematics,540.5043,2.1271,536.3353,544.6734,BRR_Fay,5810,5810.0,80.0,5.0
PISA,2009,FIN,reading,535.878,2.2247,531.5176,540.2384,BRR_Fay,5810,5810.0,80.0,5.0
PISA,2009,FIN,science,554.0795,2.306,549.5598,558.5992,BRR_Fay,5810,5810.0,80.0,5.0
PISA,2009,FRA,mathematics,496.7823,3.0603,490.7841,502.7805,BRR_Fay,4298,4298.0,80.0,5.0
PISA,2009,FRA,reading,495.6165,3.4271,488.8994,502.3336,BRR_Fay,4298,4298.0,80.0,5.0
PISA,2009,FRA,science,498.2269,3.5815,491.2072,505.2466,BRR_Fay,4298,4298.0,80.0,5.0
PISA,2009,GBR,mathematics,492.4141,2.3931,487.7235,497.1046,BRR_Fay,12179,12179.0,80.0,5.0
PISA,2009,GBR,reading,494.182,2.2545,489.7631,498.6009,BRR_Fay,12179,12179.0,80.0,5.0
PISA,2009,GBR,science,513.7102,2.4908,508.8284,518.5921,BRR_Fay,12179,12179.0,80.0,5.0
PISA,2009,GEO,mathematics,379.4909,2.7395,374.1216,384.8603,BRR_Fay,4646,4646.0,80.0,5.0
PISA,2009,GEO,reading,374.2598,2.8514,368.671,379.8487,BRR_Fay,4646,4646.0,80.0,5.0
PISA,2009,GEO,science,372.653,2.8716,367.0246,378.2813,BRR_Fay,4646,4646.0,80.0,5.0
PISA,2009,GRC,mathematics,466.0964,3.8508,458.5488,473.644,BRR_Fay,4969,4969.0,80.0,5.0
PISA,2009,GRC,reading,482.7762,4.3003,474.3476,491.2049,BRR_Fay,4969,4969.0,80.0,5.0
PISA,2009,GRC,science,470.1158,4.0136,462.2491,477.9824,BRR_Fay,4969,4969.0,80.0,5.0
PISA,2009,HKG,mathematics,554.5275,2.6926,549.2499,559.8051,BRR_Fay,4837,4837.0,80.0,5.0
PISA,2009,HKG,reading,533.1513,2.0926,529.0497,537.2529,BRR_Fay,4837,4837.0,80.0,5.0
PISA,2009,HKG,science,549.0287,2.7288,543.6804,554.3771,BRR_Fay,4837,4837.0,80.0,5.0
PISA,2009,HRV,mathematics,459.9389,3.0657,453.9301,465.9477,BRR_Fay,4994,4994.0,80.0,5.0
PISA,2009,HRV,reading,475.7489,2.8522,470.1585,481.3392,BRR_Fay,4994,4994.0,80.0,5.0
PISA,2009,HRV,science,486.3634,2.8109,480.854,491.8729,BRR_Fay,4994,4994.0,80.0,5.0
PISA,2009,HUN,mathematics,490.17,3.4309,483.4455,496.8946,BRR_Fay,4605,4605.0,80.0,5.0
PISA,2009,HUN,reading,494.1788,3.1569,487.9913,500.3663,BRR_Fay,4605,4605.0,80.0,5.0
PISA,2009,HUN,science,502.6427,3.1227,496.5222,508.7633,BRR_Fay,4605,4605.0,80.0,5.0
PISA,2009,IDN,mathematics,371.3009,3.6972,364.0544,378.5475,BRR_Fay,5136,5136.0,80.0,5.0
PISA,2009,IDN,reading,401.7052,3.7217,394.4106,408.9997,BRR_Fay,5136,5136.0,80.0,5.0
PISA,2009,IDN,science,382.5695,3.7655,375.1891,389.9498,BRR_Fay,5136,5136.0,80.0,5.0
PISA,2009,IRL,mathematics,487.1364,2.5139,482.2092,492.0636,BRR_Fay,3937,3937.0,80.0,5.0
PISA,2009,IRL,reading,495.6391,2.9493,489.8586,501.4197,BRR_Fay,3937,3937.0,80.0,5.0
PISA,2009,IRL,science,507.9842,3.2372,501.6392,514.3291,BRR_Fay,3937,3937.0,80.0,5.0
PISA,2009,ISL,mathematics,506.6692,1.3117,504.0982,509.2401,BRR_Fay,3646,3646.0,80.0,5.0
PISA,2009,ISL,reading,500.2833,1.356,497.6256,502.941,BRR_Fay,3646,3646.0,80.0,5.0
PISA,2009,ISL,science,495.5985,1.3384,492.9752,498.2218,BRR_Fay,3646,3646.0,80.0,5.0
PISA,2009,ISR,mathematics,446.8638,3.2503,440.4933,453.2343,BRR_Fay,5761,5761.0,80.0,5.0
PISA,2009,ISR,reading,473.99,3.6163,466.9019,481.078,BRR_Fay,5761,5761.0,80.0,5.0
PISA,2009,ISR,science,454.851,3.0821,448.81,460.8919,BRR_Fay,5761,5761.0,80.0,5.0
PISA,2009,ITA,mathematics,482.9085,1.8445,479.2933,486.5236,BRR_Fay,30905,30905.0,80.0,5.0
PISA,2009,ITA,reading,486.0511,1.5601,482.9934,489.1088,BRR_Fay,30905,30905.0,80.0,5.0
PISA,2009,ITA,science,488.8314,1.7603,485.3811,492.2816,BRR_Fay,30905,30905.0,80.0,5.0
PISA,2009,JOR,mathematics,386.6638,3.6951,379.4214,393.9062,BRR_Fay,6486,6486.0,80.0,5.0
PISA,2009,JOR,reading,405.0093,3.2915,398.558,411.4606,BRR_Fay,6486,6486.0,80.0,5.0
PISA,2009,JOR,science,415.3878,3.5212,408.4862,422.2894,BRR_Fay,6486,6486.0,80.0,5.0
PISA,2009,JPN,mathematics,528.9931,3.3122,522.5012,535.485,BRR_Fay,6088,6088.0,80.0,5.0
PISA,2009,JPN,reading,519.8577,3.4514,513.0931,526.6224,BRR_Fay,6088,6088.0,80.0,5.0
PISA,2009,JPN,science,539.431,3.3969,532.773,546.0889,BRR_Fay,6088,6088.0,80.0,5.0
PISA,2009,KAZ,mathematics,404.8847,3.0093,398.9865,410.7829,BRR_Fay,5412,5412.0,80.0,5.0
PISA,2009,KAZ,reading,390.4101,3.0536,384.425,396.3951,BRR_Fay,5412,5412.0,80.0,5.0
PISA,2009,KAZ,science,400.3761,3.1033,394.2937,406.4586,BRR_Fay,5412,5412.0,80.0,5.0
PISA,2009,KGZ,mathematics,331.1555,2.8423,325.5846,336.7264,BRR_Fay,4986,4986.0,80.0,5.0
PISA,2009,KGZ,reading,314.0199,3.1667,307.8131,320.2267,BRR_Fay,4986,4986.0,80.0,5.0
PISA,2009,KGZ,science,329.5456,2.8808,323.8993,335.1919,BRR_Fay,4986,4986.0,80.0,5.0
PISA,2009,KOR,mathematics,546.2285,3.991,538.4062,554.0509,BRR_Fay,4989,4989.0,80.0,5.0
PISA,2009,KOR,reading,539.2675,3.4465,532.5123,546.0227,BRR_Fay,4989,4989.0,80.0,5.0
PISA,2009,KOR,science,537.9862,3.4213,531.2806,544.6919,BRR_Fay,4989,4989.0,80.0,5.0
PISA,2009,LIE,mathematics,536.0485,3.8478,528.5067,543.5902,BRR_Fay,329,329.0,80.0,5.0
PISA,2009,LIE,reading,499.3221,2.5845,494.2564,504.3877,BRR_Fay,329,329.0,80.0,5.0
PISA,2009,LIE,science,519.9142,3.1984,513.6454,526.183,BRR_Fay,329,329.0,80.0,5.0
PISA,2009,LTU,mathematics,476.6023,2.5822,471.5412,481.6634,BRR_Fay,4528,4528.0,80.0,5.0
PISA,2009,LTU,reading,468.4427,2.3652,463.807,473.0785,BRR_Fay,4528,4528.0,80.0,5.0
PISA,2009,LTU,science,491.4098,2.899,485.7277,497.0919,BRR_Fay,4528,4528.0,80.0,5.0
PISA,2009,LUX,mathematics,489.0673,1.0782,486.9541,491.1805,BRR_Fay,4622,4622.0,80.0,5.0
PISA,2009,LUX,reading,472.1734,1.1894,469.8422,474.5046,BRR_Fay,4622,4622.0,80.0,5.0
PISA,2009,LUX,science,483.9284,1.1506,481.6732,486.1836,BRR_Fay,4622,4622.0,80.0,5.0
PISA,2009,LVA,mathematics,481.9538,3.0331,476.0089,487.8988,BRR_Fay,4502,4502.0,80.0,5.0
PISA,2009,LVA,reading,483.9601,2.9318,478.2139,489.7064,BRR_Fay,4502,4502.0,80.0,5.0
PISA,2009,LVA,science,493.8789,3.0332,487.9339,499.824,BRR_Fay,4502,4502.0,80.0,5.0
PISA,2009,MAC,mathematics,525.283,0.8246,523.6668,526.8993,BRR_Fay,5952,5952.0,80.0,5.0
PISA,2009,MAC,reading,486.6353,0.8379,484.9931,488.2776,BRR_Fay,5952,5952.0,80.0,5.0
PISA,2009,MAC,science,511.0696,0.9696,509.1692,512.97,BRR_Fay,5952,5952.0,80.0,5.0
PISA,2009,MDA,mathematics,397.492,3.0991,391.4178,403.5663,BRR_Fay,5194,5194.0,80.0,5.0
PISA,2009,MDA,reading,388.0777,2.811,382.5681,393.5873,BRR_Fay,5194,5194.0,80.0,5.0
PISA,2009,MDA,science,412.7709,2.9761,406.9377,418.6041,BRR_Fay,5194,5194.0,80.0,5.0
PISA,2009,MEX,mathematics,418.5091,1.8142,414.9532,422.065,BRR_Fay,38250,38250.0,80.0,5.0
PISA,2009,MEX,reading,425.2653,1.9445,421.4541,429.0765,BRR_Fay,38250,38250.0,80.0,5.0
PISA,2009,MEX,science,415.9087,1.777,412.4258,419.3916,BRR_Fay,38250,38250.0,80.0,5.0
PISA,2009,MLT,mathematics,462.876,1.3283,460.2725,465.4795,BRR_Fay,3453,3453.0,80.0,5.0
PISA,2009,MLT,reading,442.0523,1.5169,439.0792,445.0255,BRR_Fay,3453,3453.0,80.0,5.0
PISA,2009,MLT,science,461.3391,1.6303,458.1438,464.5345,BRR_Fay,3453,3453.0,80.0,5.0
PISA,2009,MNE,mathematics,402.5154,1.9663,398.6614,406.3694,BRR_Fay,4825,4825.0,80.0,5.0
PISA,2009,MNE,reading,407.5478,1.6581,404.2979,410.7976,BRR_Fay,4825,4825.0,80.0,5.0
PISA,2009,MNE,science,401.2775,1.9518,397.4519,405.103,BRR_Fay,4825,4825.0,80.0,5.0
PISA,2009,MUS,mathematics,419.9972,0.8552,418.321,421.6734,BRR_Fay,4654,4654.0,80.0,5.0
PISA,2009,MUS,reading,406.5718,1.0236,404.5657,408.578,BRR_Fay,4654,4654.0,80.0,5.0
PISA,2009,MUS,science,417.2037,1.0257,415.1934,419.2141,BRR_Fay,4654,4654.0,80.0,5.0
PISA,2009,MYS,mathematics,404.2581,2.6847,398.9962,409.52,BRR_Fay,4999,4999.0,80.0,5.0
PISA,2009,MYS,reading,413.812,2.8313,408.2627,419.3614,BRR_Fay,4999,4999.0,80.0,5.0
PISA,2009,MYS,science,422.2316,2.6432,417.051,427.4123,BRR_Fay,4999,4999.0,80.0,5.0
PISA,2009,NLD,mathematics,525.8357,4.7269,516.571,535.1004,BRR_Fay,4760,4760.0,80.0,5.0
PISA,2009,NLD,reading,508.4037,5.1358,498.3376,518.4699,BRR_Fay,4760,4760.0,80.0,5.0
PISA,2009,NLD,science,522.2181,5.4042,511.6259,532.8103,BRR_Fay,4760,4760.0,80.0,5.0
PISA,2009,NOR,mathematics,497.9557,2.3599,493.3303,502.5811,BRR_Fay,4660,4660.0,80.0,5.0
PISA,2009,NOR,reading,503.23,2.5566,498.219,508.241,BRR_Fay,4660,4660.0,80.0,5.0
PISA,2009,NOR,science,499.8757,2.5666,494.8451,504.9063,BRR_Fay,4660,4660.0,80.0,5.0
PISA,2009,NZL,mathematics,519.3009,2.2725,514.8468,523.755,BRR_Fay,4643,4643.0,80.0,5.0
PISA,2009,NZL,reading,520.88,2.3314,516.3104,525.4496,BRR_Fay,4643,4643.0,80.0,5.0
PISA,2009,NZL,science,532.0069,2.545,527.0187,536.9951,BRR_Fay,4643,4643.0,80.0,5.0
PISA,2009,PAN,mathematics,359.7482,5.2218,349.5134,369.983,BRR_Fay,3969,3969.0,80.0,5.0
PISA,2009,PAN,reading,370.7273,6.5132,357.9615,383.4931,BRR_Fay,3969,3969.0,80.0,5.0
PISA,2009,PAN,science,375.8956,5.7042,364.7152,387.0759,BRR_Fay,3969,3969.0,80.0,5.0
PISA,2009,PER,mathematics,365.1073,3.9802,357.3061,372.9084,BRR_Fay,5985,5985.0,80.0,5.0
PISA,2009,PER,reading,369.6958,3.9342,361.9848,377.4067,BRR_Fay,5985,5985.0,80.0,5.0
PISA,2009,PER,science,369.3518,3.4574,362.5752,376.1283,BRR_Fay,5985,5985.0,80.0,5.0
PISA,2009,POL,mathematics,494.8029,2.8129,489.2896,500.3163,BRR_Fay,4917,4917.0,80.0,5.0
PISA,2009,POL,reading,500.4785,2.5819,495.418,505.5389,BRR_Fay,4917,4917.0,80.0,5.0
PISA,2009,POL,science,508.0683,2.3857,503.3923,512.7443,BRR_Fay,4917,4917.0,80.0,5.0
PISA,2009,PRT,mathematics,486.8883,2.8898,481.2243,492.5523,BRR_Fay,6298,6298.0,80.0,5.0
PISA,2009,PRT,reading,489.3349,3.05,483.3569,495.313,BRR_Fay,6298,6298.0,80.0,5.0
PISA,2009,PRT,science,492.95,2.8716,487.3217,498.5783,BRR_Fay,6298,6298.0,80.0,5.0
PISA,2009,QAT,mathematics,368.1125,0.6219,366.8935,369.3315,BRR_Fay,9078,9078.0,80.0,5.0
PISA,2009,QAT,reading,371.716,0.7074,370.3296,373.1025,BRR_Fay,9078,9078.0,80.0,5.0
PISA,2009,QAT,science,379.4469,0.8259,377.8282,381.0657,BRR_Fay,9078,9078.0,80.0,5.0
PISA,2009,QHP,mathematics,338.331,4.1313,330.2337,346.4282,BRR_Fay,1616,1616.0,80.0,5.0
PISA,2009,QHP,reading,316.8557,3.9535,309.1068,324.6045,BRR_Fay,1616,1616.0,80.0,5.0
PISA,2009,QHP,science,325.247,4.1096,317.1922,333.3017,BRR_Fay,1616,1616.0,80.0,5.0
PISA,2009,QTN,mathematics,350.6119,5.0961,340.6236,360.6002,BRR_Fay,3210,3210.0,80.0,5.0
PISA,2009,QTN,reading,336.5621,5.5234,325.7362,347.3881,BRR_Fay,3210,3210.0,80.0,5.0
PISA,2009,QTN,science,348.3867,4.1973,340.16,356.6134,BRR_Fay,3210,3210.0,80.0,5.0
PISA,2009,QVE,mathematics,396.8532,4.2656,388.4926,405.2138,BRR_Fay,2901,2901.0,80.0,5.0
PISA,2009,QVE,reading,421.8367,5.2536,411.5396,432.1337,BRR_Fay,2901,2901.0,80.0,5.0
PISA,2009,QVE,science,421.6341,4.8536,412.1211,431.1471,BRR_Fay,2901,2901.0,80.0,5.0
PISA,2009,ROU,mathematics,427.0792,3.3765,420.4611,433.6972,BRR_Fay,4776,4776.0,80.0,5.0
PISA,2009,ROU,reading,424.4583,4.0777,416.466,432.4506,BRR_Fay,4776,4776.0,80.0,5.0
PISA,2009,ROU,science,428.1789,3.3345,421.6433,434.7145,BRR_Fay,4776,4776.0,80.0,5.0
PISA,2009,RUS,mathematics,467.8122,3.2657,461.4114,474.213,BRR_Fay,5308,5308.0,80.0,5.0
PISA,2009,RUS,reading,459.3959,3.3162,452.8961,465.8958,BRR_Fay,5308,5308.0,80.0,5.0
PISA,2009,RUS,science,478.2975,3.2744,471.8798,484.7153,BRR_Fay,5308,5308.0,80.0,5.0
PISA,2009,SGP,mathematics,562.0187,1.3689,559.3356,564.7019,BRR_Fay,5283,5283.0,80.0,5.0
PISA,2009,SGP,reading,525.8965,1.0032,523.9303,527.8628,BRR_Fay,5283,5283.0,80.0,5.0
PISA,2009,SGP,science,541.6955,1.3051,539.1376,544.2534,BRR_Fay,5283,5283.0,80.0,5.0
PISA,2009,SRB,mathematics,442.3819,2.8942,436.7093,448.0545,BRR_Fay,5523,5523.0,80.0,5.0
PISA,2009,SRB,reading,442.0167,2.4151,437.2831,446.7503,BRR_Fay,5523,5523.0,80.0,5.0
PISA,2009,SRB,science,442.7858,2.3333,438.2125,447.3591,BRR_Fay,5523,5523.0,80.0,5.0
PISA,2009,SVK,mathematics,496.6834,3.0525,490.7005,502.6664,BRR_Fay,4555,4555.0,80.0,5.0
PISA,2009,SVK,reading,477.4434,2.5212,472.5018,482.3849,BRR_Fay,4555,4555.0,80.0,5.0
PISA,2009,SVK,science,490.2659,2.9496,484.4846,496.0472,BRR_Fay,4555,4555.0,80.0,5.0
PISA,2009,SVN,mathematics,501.4724,1.152,499.2145,503.7303,BRR_Fay,6155,6155.0,80.0,5.0
PISA,2009,SVN,reading,483.082,0.9698,481.1813,484.9828,BRR_Fay,6155,6155.0,80.0,5.0
PISA,2009,SVN,science,511.7595,1.0628,509.6763,513.8426,BRR_Fay,6155,6155.0,80.0,5.0
PISA,2009,SWE,mathematics,494.2382,2.8683,488.6163,499.8601,BRR_Fay,4567,4567.0,80.0,5.0
PISA,2009,SWE,reading,497.4494,2.8591,491.8457,503.0532,BRR_Fay,4567,4567.0,80.0,5.0
PISA,2009,SWE,science,495.1059,2.6863,489.8407,500.3711,BRR_Fay,4567,4567.0,80.0,5.0
PISA,2009,THA,mathematics,418.5839,3.2005,412.311,424.8568,BRR_Fay,6225,6225.0,80.0,5.0
PISA,2009,THA,reading,421.3744,2.6219,416.2356,426.5133,BRR_Fay,6225,6225.0,80.0,5.0
PISA,2009,THA,science,425.2963,2.9462,419.5217,431.0708,BRR_Fay,6225,6225.0,80.0,5.0
PISA,2009,TTO,mathematics,414.045,1.1853,411.7218,416.3682,BRR_Fay,4778,4778.0,80.0,5.0
PISA,2009,TTO,reading,416.4523,1.1549,414.1888,418.7159,BRR_Fay,4778,4778.0,80.0,5.0
PISA,2009,TTO,science,410.1956,1.1426,407.9561,412.4351,BRR_Fay,4778,4778.0,80.0,5.0
PISA,2009,TUN,mathematics,371.4835,2.9468,365.7078,377.2592,BRR_Fay,4955,4955.0,80.0,5.0
PISA,2009,TUN,reading,403.6327,2.851,398.0447,409.2206,BRR_Fay,4955,4955.0,80.0,5.0
PISA,2009,TUN,science,400.6615,2.6534,395.4608,405.8622,BRR_Fay,4955,4955.0,80.0,5.0
PISA,2009,TUR,mathematics,445.4513,4.423,436.7822,454.1205,BRR_Fay,4996,4996.0,80.0,5.0
PISA,2009,TUR,reading,464.1944,3.5061,457.3224,471.0663,BRR_Fay,4996,4996.0,80.0,5.0
PISA,2009,TUR,science,453.9097,3.5745,446.9038,460.9156,BRR_Fay,4996,4996.0,80.0,5.0
PISA,2009,TWN,mathematics,543.1824,3.3615,536.5939,549.7709,BRR_Fay,5831,5831.0,80.0,5.0
PISA,2009,TWN,reading,495.2405,2.5783,490.1871,500.2938,BRR_Fay,5831,5831.0,80.0,5.0
PISA,2009,TWN,science,520.4198,2.6084,515.3073,525.5323,BRR_Fay,5831,5831.0,80.0,5.0
PISA,2009,URY,mathematics,426.7238,2.5544,421.7171,431.7304,BRR_Fay,5957,5957.0,80.0,5.0
PISA,2009,URY,reading,425.8134,2.5795,420.7575,430.8692,BRR_Fay,5957,5957.0,80.0,5.0
PISA,2009,URY,science,427.2142,2.5323,422.2509,432.1776,BRR_Fay,5957,5957.0,80.0,5.0
PISA,2009,USA,mathematics,487.3965,3.5457,480.447,494.3461,BRR_Fay,5233,5233.0,80.0,5.0
PISA,2009,USA,reading,499.8268,3.6329,492.7062,506.9474,BRR_Fay,5233,5233.0,80.0,5.0
PISA,2009,USA,science,502.0023,3.622,494.9031,509.1015,BRR_Fay,5233,5233.0,80.0,5.0
PISA,2012,ALB,mathematics,394.3293,1.9377,390.5314,398.1273,BRR_Fay,4743,4743.0,80.0,5.0
PISA,2012,ALB,reading,393.9643,3.1177,387.8535,400.075,BRR_Fay,4743,4743.0,80.0,5.0
PISA,2012,ALB,science,397.3732,2.3786,392.7111,402.0353,BRR_Fay,4743,4743.0,80.0,5.0
PISA,2012,ARE,mathematics,434.0072,2.4128,429.2781,438.7362,BRR_Fay,11500,11500.0,80.0,5.0
PISA,2012,ARE,reading,441.7037,2.4796,436.8437,446.5638,BRR_Fay,11500,11500.0,80.0,5.0
PISA,2012,ARE,science,448.3703,2.7919,442.8983,453.8423,BRR_Fay,11500,11500.0,80.0,5.0
PISA,2012,ARG,mathematics,388.4317,3.5137,381.5448,395.3187,BRR_Fay,5908,5908.0,80.0,5.0
PISA,2012,ARG,reading,395.9791,3.6722,388.7815,403.1767,BRR_Fay,5908,5908.0,80.0,5.0
PISA,2012,ARG,science,405.632,3.8581,398.0701,413.1939,BRR_Fay,5908,5908.0,80.0,5.0
PISA,2012,AUS,mathematics,504.1508,1.6284,500.959,507.3425,BRR_Fay,14481,14481.0,80.0,5.0
PISA,2012,AUS,reading,511.804,1.5617,508.743,514.865,BRR_Fay,14481,14481.0,80.0,5.0
PISA,2012,AUS,science,521.4947,1.7437,518.0772,524.9123,BRR_Fay,14481,14481.0,80.0,5.0
PISA,2012,AUT,mathematics,505.5407,2.6457,500.3552,510.7263,BRR_Fay,4755,4755.0,80.0,5.0
PISA,2012,AUT,reading,489.6093,2.7377,484.2435,494.9752,BRR_Fay,4755,4755.0,80.0,5.0
PISA,2012,AUT,science,505.7812,2.6765,500.5354,511.0271,BRR_Fay,4755,4755.0,80.0,5.0
PISA,2012,BEL,mathematics,514.5292,2.1268,510.3607,518.6978,BRR_Fay,8597,8597.0,80.0,5.0
PISA,2012,BEL,reading,508.6179,2.233,504.2412,512.9946,BRR_Fay,8597,8597.0,80.0,5.0
PISA,2012,BEL,science,504.8677,2.1595,500.635,509.1003,BRR_Fay,8597,8597.0,80.0,5.0
PISA,2012,BGR,mathematics,438.7383,3.9731,430.951,446.5255,BRR_Fay,5282,5282.0,80.0,5.0
PISA,2012,BGR,reading,436.1257,6.0053,424.3554,447.8961,BRR_Fay,5282,5282.0,80.0,5.0
PISA,2012,BGR,science,446.4687,4.7656,437.1281,455.8093,BRR_Fay,5282,5282.0,80.0,5.0
PISA,2012,BRA,mathematics,388.509,1.9226,384.7407,392.2773,BRR_Fay,19204,19204.0,80.0,5.0
PISA,2012,BRA,reading,406.5332,2.0119,402.5898,410.4765,BRR_Fay,19204,19204.0,80.0,5.0
PISA,2012,BRA,science,401.6197,2.0423,397.6168,405.6226,BRR_Fay,19204,19204.0,80.0,5.0
PISA,2012,CAN,mathematics,518.0704,1.8288,514.486,521.6548,BRR_Fay,21544,21544.0,80.0,5.0
PISA,2012,CAN,reading,523.124,1.9056,519.3891,526.8589,BRR_Fay,21544,21544.0,80.0,5.0
PISA,2012,CAN,science,525.4413,1.9118,521.6942,529.1884,BRR_Fay,21544,21544.0,80.0,5.0
PISA,2012,CHE,mathematics,530.931,3.0258,525.0004,536.8616,BRR_Fay,11229,11229.0,80.0,5.0
PISA,2012,CHE,reading,509.0402,2.5451,504.0519,514.0286,BRR_Fay,11229,11229.0,80.0,5.0
PISA,2012,CHE,science,515.2975,2.6903,510.0245,520.5705,BRR_Fay,11229,11229.0,80.0,5.0
PISA,2012,CHL,mathematics,422.6324,3.0524,416.6497,428.615,BRR_Fay,6856,6856.0,80.0,5.0
PISA,2012,CHL,reading,441.3982,2.8806,435.7522,447.0441,BRR_Fay,6856,6856.0,80.0,5.0
PISA,2012,CHL,science,444.9339,2.8427,439.3622,450.5057,BRR_Fay,6856,6856.0,80.0,5.0
PISA,2012,CHN,mathematics,612.6755,3.2755,606.2555,619.0955,BRR_Fay,5177,5177.0,80.0,5.0
PISA,2012,CHN,reading,569.5884,2.8391,564.0237,575.1531,BRR_Fay,5177,5177.0,80.0,5.0
PISA,2012,CHN,science,580.1178,3.0158,574.2068,586.0289,BRR_Fay,5177,5177.0,80.0,5.0
PISA,2012,COL,mathematics,376.4886,2.8694,370.8646,382.1126,BRR_Fay,9073,9073.0,80.0,5.0
PISA,2012,COL,reading,403.4025,3.4243,396.6909,410.1142,BRR_Fay,9073,9073.0,80.0,5.0
PISA,2012,COL,science,398.6786,3.0267,392.7463,404.6109,BRR_Fay,9073,9073.0,80.0,5.0
PISA,2012,CRI,mathematics,406.9999,3.0199,401.0809,412.9188,BRR_Fay,4602,4602.0,80.0,5.0
PISA,2012,CRI,reading,440.5478,3.4732,433.7403,447.3553,BRR_Fay,4602,4602.0,80.0,5.0
PISA,2012,CRI,science,429.351,2.9035,423.6601,435.0418,BRR_Fay,4602,4602.0,80.0,5.0
PISA,2012,CZE,mathematics,498.9579,2.8275,493.4161,504.4997,BRR_Fay,5327,5327.0,80.0,5.0
PISA,2012,CZE,reading,492.8897,2.8353,487.3326,498.4469,BRR_Fay,5327,5327.0,80.0,5.0
PISA,2012,CZE,science,508.2991,2.9276,502.5611,514.0371,BRR_Fay,5327,5327.0,80.0,5.0
PISA,2012,DEU,mathematics,513.5251,2.859,507.9214,519.1287,BRR_Fay,5001,5001.0,80.0,5.0
PISA,2012,DEU,reading,507.6765,2.7992,502.1901,513.1629,BRR_Fay,5001,5001.0,80.0,5.0
PISA,2012,DEU,science,524.1208,2.9442,518.3502,529.8914,BRR_Fay,5001,5001.0,80.0,5.0
PISA,2012,DNK,mathematics,500.0268,2.2708,495.576,504.4775,BRR_Fay,7481,7481.0,80.0,5.0
PISA,2012,DNK,reading,496.1309,2.6253,490.9853,501.2765,BRR_Fay,7481,7481.0,80.0,5.0
PISA,2012,DNK,science,498.4742,2.7149,493.1531,503.7953,BRR_Fay,7481,7481.0,80.0,5.0
PISA,2012,ESP,mathematics,484.3193,1.8816,480.6313,488.0073,BRR_Fay,25313,25313.0,80.0,5.0
PISA,2012,ESP,reading,487.9392,1.8855,484.2436,491.6348,BRR_Fay,25313,25313.0,80.0,5.0
PISA,2012,ESP,science,496.4458,1.8125,492.8933,499.9983,BRR_Fay,25313,25313.0,80.0,5.0
PISA,2012,EST,mathematics,520.5455,1.9911,516.6429,524.4481,BRR_Fay,4779,4779.0,80.0,5.0
PISA,2012,EST,reading,516.2942,2.0008,512.3725,520.2158,BRR_Fay,4779,4779.0,80.0,5.0
PISA,2012,EST,science,541.4048,1.9058,537.6694,545.1401,BRR_Fay,4779,4779.0,80.0,5.0
PISA,2012,FIN,mathematics,518.7503,1.9191,514.989,522.5117,BRR_Fay,8829,8829.0,80.0,5.0
PISA,2012,FIN,reading,524.0217,2.3469,519.4217,528.6216,BRR_Fay,8829,8829.0,80.0,5.0
PISA,2012,FIN,science,545.4419,2.1689,541.191,549.6929,BRR_Fay,8829,8829.0,80.0,5.0
PISA,2012,FRA,mathematics,494.9847,2.4364,490.2094,499.7599,BRR_Fay,4613,4613.0,80.0,5.0
PISA,2012,FRA,reading,505.4815,2.7943,500.0047,510.9583,BRR_Fay,4613,4613.0,80.0,5.0
PISA,2012,FRA,science,498.9709,2.5517,493.9696,503.9722,BRR_Fay,4613,4613.0,80.0,5.0
PISA,2012,GBR,mathematics,493.9342,3.2809,487.5036,500.3648,BRR_Fay,12659,12659.0,80.0,5.0
PISA,2012,GBR,reading,499.3231,3.4746,492.513,506.1333,BRR_Fay,12659,12659.0,80.0,5.0
PISA,2012,GBR,science,514.1293,3.3625,507.5388,520.7198,BRR_Fay,12659,12659.0,80.0,5.0
PISA,2012,GRC,mathematics,452.9734,2.4725,448.1272,457.8196,BRR_Fay,5125,5125.0,80.0,5.0
PISA,2012,GRC,reading,477.1972,3.225,470.8763,483.5181,BRR_Fay,5125,5125.0,80.0,5.0
PISA,2012,GRC,science,466.722,3.0912,460.6632,472.7809,BRR_Fay,5125,5125.0,80.0,5.0
PISA,2012,HKG,mathematics,561.2411,3.1979,554.9731,567.509,BRR_Fay,4670,4670.0,80.0,5.0
PISA,2012,HKG,reading,544.6001,2.767,539.1767,550.0235,BRR_Fay,4670,4670.0,80.0,5.0
PISA,2012,HKG,science,554.9374,2.5822,549.8763,559.9985,BRR_Fay,4670,4670.0,80.0,5.0
PISA,2012,HRV,mathematics,471.1315,3.5251,464.2222,478.0407,BRR_Fay,5008,5008.0,80.0,5.0
PISA,2012,HRV,reading,484.565,3.2894,478.1179,491.0122,BRR_Fay,5008,5008.0,80.0,5.0
PISA,2012,HRV,science,491.3566,3.0759,485.3278,497.3854,BRR_Fay,5008,5008.0,80.0,5.0
PISA,2012,HUN,mathematics,477.0445,3.1754,470.8207,483.2682,BRR_Fay,4810,4810.0,80.0,5.0
PISA,2012,HUN,reading,488.4613,3.1374,482.312,494.6107,BRR_Fay,4810,4810.0,80.0,5.0
PISA,2012,HUN,science,494.3024,2.9298,488.56,500.0447,BRR_Fay,4810,4810.0,80.0,5.0
PISA,2012,IDN,mathematics,375.1145,4.0213,367.2328,382.9961,BRR_Fay,5622,5622.0,80.0,5.0
PISA,2012,IDN,reading,396.1201,4.1874,387.9128,404.3274,BRR_Fay,5622,5622.0,80.0,5.0
PISA,2012,IDN,science,381.9115,3.7971,374.4692,389.3538,BRR_Fay,5622,5622.0,80.0,5.0
PISA,2012,IRL,mathematics,501.4975,2.2275,497.1316,505.8633,BRR_Fay,5016,5016.0,80.0,5.0
PISA,2012,IRL,reading,523.1732,2.528,518.2184,528.128,BRR_Fay,5016,5016.0,80.0,5.0
PISA,2012,IRL,science,522.004,2.4279,517.2453,526.7626,BRR_Fay,5016,5016.0,80.0,5.0
PISA,2012,ISL,mathematics,492.7957,1.6496,489.5626,496.0288,BRR_Fay,3508,3508.0,80.0,5.0
PISA,2012,ISL,reading,482.5224,1.7283,479.135,485.9099,BRR_Fay,3508,3508.0,80.0,5.0
PISA,2012,ISL,science,478.1546,2.0468,474.1428,482.1664,BRR_Fay,3508,3508.0,80.0,5.0
PISA,2012,ISR,mathematics,466.4814,4.6675,457.3332,475.6296,BRR_Fay,5055,5055.0,80.0,5.0
PISA,2012,ISR,reading,485.8032,4.983,476.0366,495.5698,BRR_Fay,5055,5055.0,80.0,5.0
PISA,2012,ISR,science,470.0727,4.9393,460.3917,479.7536,BRR_Fay,5055,5055.0,80.0,5.0
PISA,2012,ITA,mathematics,485.3212,2.0171,481.3677,489.2747,BRR_Fay,31073,31073.0,80.0,5.0
PISA,2012,ITA,reading,489.7544,1.9605,485.9118,493.597,BRR_Fay,31073,31073.0,80.0,5.0
PISA,2012,ITA,science,493.5415,1.9253,489.7679,497.315,BRR_Fay,31073,31073.0,80.0,5.0
PISA,2012,JOR,mathematics,385.5956,3.1002,379.5192,391.6719,BRR_Fay,7038,7038.0,80.0,5.0
PISA,2012,JOR,reading,399.0347,3.5394,392.0975,405.972,BRR_Fay,7038,7038.0,80.0,5.0
PISA,2012,JOR,science,409.3672,3.1003,403.2907,415.4438,BRR_Fay,7038,7038.0,80.0,5.0
PISA,2012,JPN,mathematics,536.4069,3.576,529.398,543.4158,BRR_Fay,6351,6351.0,80.0,5.0
PISA,2012,JPN,reading,538.0515,3.6539,530.8899,545.2131,BRR_Fay,6351,6351.0,80.0,5.0
PISA,2012,JPN,science,546.7356,3.5858,539.7075,553.7637,BRR_Fay,6351,6351.0,80.0,5.0
PISA,2012,KAZ,mathematics,431.7984,3.0017,425.9151,437.6817,BRR_Fay,5808,5808.0,80.0,5.0
PISA,2012,KAZ,reading,392.7362,2.657,387.5285,397.944,BRR_Fay,5808,5808.0,80.0,5.0
PISA,2012,KAZ,science,424.7075,2.9406,418.9439,430.4711,BRR_Fay,5808,5808.0,80.0,5.0
PISA,2012,KOR,mathematics,553.7667,4.5663,544.8167,562.7166,BRR_Fay,5033,5033.0,80.0,5.0
PISA,2012,KOR,reading,535.7905,3.9286,528.0905,543.4905,BRR_Fay,5033,5033.0,80.0,5.0
PISA,2012,KOR,science,537.7876,3.6428,530.6478,544.9274,BRR_Fay,5033,5033.0,80.0,5.0
PISA,2012,LIE,mathematics,534.9651,3.7235,527.6669,542.2632,BRR_Fay,293,293.0,80.0,5.0
PISA,2012,LIE,reading,515.5217,3.8189,508.0366,523.0067,BRR_Fay,293,293.0,80.0,5.0
PISA,2012,LIE,science,524.695,3.212,518.3995,530.9904,BRR_Fay,293,293.0,80.0,5.0
PISA,2012,LTU,mathematics,478.8233,2.6208,473.6866,483.96,BRR_Fay,4618,4618.0,80.0,5.0
PISA,2012,LTU,reading,477.3066,2.456,472.4929,482.1204,BRR_Fay,4618,4618.0,80.0,5.0
PISA,2012,LTU,science,495.7001,2.5241,490.7528,500.6473,BRR_Fay,4618,4618.0,80.0,5.0
PISA,2012,LUX,mathematics,489.8451,1.0468,487.7934,491.8968,BRR_Fay,5258,5258.0,80.0,5.0
PISA,2012,LUX,reading,487.807,1.4797,484.9069,490.7072,BRR_Fay,5258,5258.0,80.0,5.0
PISA,2012,LUX,science,491.2152,1.2348,488.795,493.6354,BRR_Fay,5258,5258.0,80.0,5.0
PISA,2012,LVA,mathematics,490.571,2.7237,485.2326,495.9094,BRR_Fay,4306,4306.0,80.0,5.0
PISA,2012,LVA,reading,488.6944,2.3354,484.117,493.2718,BRR_Fay,4306,4306.0,80.0,5.0
PISA,2012,LVA,science,502.1862,2.7166,496.8617,507.5107,BRR_Fay,4306,4306.0,80.0,5.0
PISA,2012,MAC,mathematics,538.1345,0.9129,536.3452,539.9238,BRR_Fay,5335,5335.0,80.0,5.0
PISA,2012,MAC,reading,508.9493,0.8292,507.324,510.5745,BRR_Fay,5335,5335.0,80.0,5.0
PISA,2012,MAC,science,520.5709,0.7789,519.0441,522.0976,BRR_Fay,5335,5335.0,80.0,5.0
PISA,2012,MEX,mathematics,413.2815,1.3411,410.6528,415.9101,BRR_Fay,33806,33806.0,80.0,5.0
PISA,2012,MEX,reading,423.5538,1.4994,420.6149,426.4926,BRR_Fay,33806,33806.0,80.0,5.0
PISA,2012,MEX,science,414.9201,1.2907,412.3905,417.4498,BRR_Fay,33806,33806.0,80.0,5.0
PISA,2012,MNE,mathematics,409.6266,0.9839,407.6981,411.5551,BRR_Fay,4744,4744.0,80.0,5.0
PISA,2012,MNE,reading,422.1114,1.0841,419.9864,424.2363,BRR_Fay,4744,4744.0,80.0,5.0
PISA,2012,MNE,science,410.0976,0.9879,408.1614,412.0338,BRR_Fay,4744,4744.0,80.0,5.0
PISA,2012,MYS,mathematics,420.513,3.1637,414.3122,426.7137,BRR_Fay,5197,5197.0,80.0,5.0
PISA,2012,MYS,reading,398.1961,3.3065,391.7153,404.6768,BRR_Fay,5197,5197.0,80.0,5.0
PISA,2012,MYS,science,419.5026,2.9777,413.6664,425.3388,BRR_Fay,5197,5197.0,80.0,5.0
PISA,2012,NLD,mathematics,522.9718,3.4554,516.1992,529.7443,BRR_Fay,4460,4460.0,80.0,5.0
PISA,2012,NLD,reading,511.23,3.4414,504.4848,517.9751,BRR_Fay,4460,4460.0,80.0,5.0
PISA,2012,NLD,science,522.0558,3.4817,515.2317,528.88,BRR_Fay,4460,4460.0,80.0,5.0
PISA,2012,NOR,mathematics,489.3731,2.7093,484.0628,494.6833,BRR_Fay,4686,4686.0,80.0,5.0
PISA,2012,NOR,reading,503.9367,3.1849,497.6943,510.1791,BRR_Fay,4686,4686.0,80.0,5.0
PISA,2012,NOR,science,494.5239,3.0581,488.5301,500.5178,BRR_Fay,4686,4686.0,80.0,5.0
PISA,2012,NZL,mathematics,499.7499,2.1695,495.4978,504.002,BRR_Fay,4291,4291.0,80.0,5.0
PISA,2012,NZL,reading,512.1868,2.3554,507.5702,516.8034,BRR_Fay,4291,4291.0,80.0,5.0
PISA,2012,NZL,science,515.6363,2.1024,511.5156,519.757,BRR_Fay,4291,4291.0,80.0,5.0
PISA,2012,PER,mathematics,368.1025,3.6759,360.8978,375.3073,BRR_Fay,6035,6035.0,80.0,5.0
PISA,2012,PER,reading,384.1512,4.3241,375.676,392.6265,BRR_Fay,6035,6035.0,80.0,5.0
PISA,2012,PER,science,373.1134,3.5589,366.1379,380.089,BRR_Fay,6035,6035.0,80.0,5.0
PISA,2012,POL,mathematics,517.5011,3.6022,510.4407,524.5615,BRR_Fay,4607,4607.0,80.0,5.0
PISA,2012,POL,reading,518.1869,3.1122,512.0869,524.2868,BRR_Fay,4607,4607.0,80.0,5.0
PISA,2012,POL,science,525.8164,3.095,519.7503,531.8826,BRR_Fay,4607,4607.0,80.0,5.0
PISA,2012,PRT,mathematics,487.0632,3.8003,479.6145,494.5118,BRR_Fay,5722,5722.0,80.0,5.0
PISA,2012,PRT,reading,487.7577,3.7334,480.4402,495.0751,BRR_Fay,5722,5722.0,80.0,5.0
PISA,2012,PRT,science,489.2747,3.7284,481.967,496.5825,BRR_Fay,5722,5722.0,80.0,5.0
PISA,2012,QAT,mathematics,376.4484,0.7065,375.0637,377.8331,BRR_Fay,10966,10966.0,80.0,5.0
PISA,2012,QAT,reading,387.5041,0.7461,386.0418,388.9664,BRR_Fay,10966,10966.0,80.0,5.0
PISA,2012,QAT,science,383.6426,0.6727,382.3241,384.961,BRR_Fay,10966,10966.0,80.0,5.0
PISA,2012,QRS,mathematics,483.58,5.4399,472.9178,494.2422,BRR_Fay,1761,1761.0,80.0,5.0
PISA,2012,QRS,reading,482.3096,5.9333,470.6804,493.9388,BRR_Fay,1761,1761.0,80.0,5.0
PISA,2012,QRS,science,479.859,5.3088,469.4537,490.2643,BRR_Fay,1761,1761.0,80.0,5.0
PISA,2012,ROU,mathematics,444.5542,3.7431,437.2177,451.8907,BRR_Fay,5074,5074.0,80.0,5.0
PISA,2012,ROU,reading,437.5995,3.9534,429.8508,445.3482,BRR_Fay,5074,5074.0,80.0,5.0
PISA,2012,ROU,science,438.7681,3.2288,432.4395,445.0966,BRR_Fay,5074,5074.0,80.0,5.0
PISA,2012,RUS,mathematics,482.1694,3.0143,476.2614,488.0775,BRR_Fay,5231,5231.0,80.0,5.0
PISA,2012,RUS,reading,475.1494,2.9421,469.3829,480.9158,BRR_Fay,5231,5231.0,80.0,5.0
PISA,2012,RUS,science,486.2955,2.8233,480.7619,491.8291,BRR_Fay,5231,5231.0,80.0,5.0
PISA,2012,SGP,mathematics,573.4683,1.2811,570.9574,575.9793,BRR_Fay,5546,5546.0,80.0,5.0
PISA,2012,SGP,reading,542.2158,1.325,539.6188,544.8129,BRR_Fay,5546,5546.0,80.0,5.0
PISA,2012,SGP,science,551.4932,1.4623,548.627,554.3594,BRR_Fay,5546,5546.0,80.0,5.0
PISA,2012,SRB,mathematics,448.8591,3.3705,442.253,455.4653,BRR_Fay,4684,4684.0,80.0,5.0
PISA,2012,SRB,reading,446.1302,3.4111,439.4444,452.816,BRR_Fay,4684,4684.0,80.0,5.0
PISA,2012,SRB,science,444.8041,3.3771,438.185,451.4232,BRR_Fay,4684,4684.0,80.0,5.0
PISA,2012,SVK,mathematics,481.6447,3.4055,474.97,488.3195,BRR_Fay,4678,4678.0,80.0,5.0
PISA,2012,SVK,reading,462.767,4.1545,454.6243,470.9098,BRR_Fay,4678,4678.0,80.0,5.0
PISA,2012,SVK,science,471.1932,3.5873,464.1622,478.2242,BRR_Fay,4678,4678.0,80.0,5.0
PISA,2012,SVN,mathematics,501.1274,1.1858,498.8033,503.4515,BRR_Fay,5911,5911.0,80.0,5.0
PISA,2012,SVN,reading,481.3163,1.1646,479.0336,483.5989,BRR_Fay,5911,5911.0,80.0,5.0
PISA,2012,SVN,science,514.1426,1.2317,511.7284,516.5567,BRR_Fay,5911,5911.0,80.0,5.0
PISA,2012,SWE,mathematics,478.2606,2.2306,473.8887,482.6325,BRR_Fay,4736,4736.0,80.0,5.0
PISA,2012,SWE,reading,483.335,2.9608,477.5318,489.1382,BRR_Fay,4736,4736.0,80.0,5.0
PISA,2012,SWE,science,484.799,2.9712,478.9754,490.6225,BRR_Fay,4736,4736.0,80.0,5.0
PISA,2012,THA,mathematics,426.7375,3.4331,420.0087,433.4663,BRR_Fay,6606,6606.0,80.0,5.0
PISA,2012,THA,reading,441.2199,3.0617,435.219,447.2208,BRR_Fay,6606,6606.0,80.0,5.0
PISA,2012,THA,science,443.9999,2.9072,438.3018,449.6981,BRR_Fay,6606,6606.0,80.0,5.0
PISA,2012,TUN,mathematics,387.8246,3.8965,380.1876,395.4617,BRR_Fay,4407,4407.0,80.0,5.0
PISA,2012,TUN,reading,404.0785,4.485,395.2879,412.8691,BRR_Fay,4407,4407.0,80.0,5.0
PISA,2012,TUN,science,398.0465,3.4207,391.3418,404.7511,BRR_Fay,4407,4407.0,80.0,5.0
PISA,2012,TUR,mathematics,447.9844,4.8202,438.5368,457.432,BRR_Fay,4848,4848.0,80.0,5.0
PISA,2012,TUR,reading,475.4915,4.1996,467.2603,483.7226,BRR_Fay,4848,4848.0,80.0,5.0
PISA,2012,TUR,science,463.4129,3.8758,455.8163,471.0096,BRR_Fay,4848,4848.0,80.0,5.0
PISA,2012,TWN,mathematics,559.8248,3.2806,553.3948,566.2548,BRR_Fay,6046,6046.0,80.0,5.0
PISA,2012,TWN,reading,523.1189,3.0116,517.2162,529.0216,BRR_Fay,6046,6046.0,80.0,5.0
PISA,2012,TWN,science,523.3149,2.3103,518.7866,527.8432,BRR_Fay,6046,6046.0,80.0,5.0
PISA,2012,URY,mathematics,409.2916,2.7397,403.9217,414.6614,BRR_Fay,5315,5315.0,80.0,5.0
PISA,2012,URY,reading,411.3489,3.1232,405.2275,417.4704,BRR_Fay,5315,5315.0,80.0,5.0
PISA,2012,URY,science,415.8429,2.7281,410.4958,421.1901,BRR_Fay,5315,5315.0,80.0,5.0
PISA,2012,USA,mathematics,481.3668,3.5803,474.3493,488.3843,BRR_Fay,4978,4978.0,80.0,5.0
PISA,2012,USA,reading,497.5817,3.7243,490.2822,504.8813,BRR_Fay,4978,4978.0,80.0,5.0
PISA,2012,USA,science,497.4098,3.7565,490.0471,504.7725,BRR_Fay,4978,4978.0,80.0,5.0
PISA,2012,VNM,mathematics,511.3382,4.8278,501.8757,520.8007,BRR_Fay,4959,4959.0,80.0,5.0
PISA,2012,VNM,reading,508.219,4.3825,499.6293,516.8087,BRR_Fay,4959,4959.0,80.0,5.0
PISA,2012,VNM,science,528.4233,4.2969,520.0013,536.8452,BRR_Fay,4959,4959.0,80.0,5.0
PISA,2015,ALB,mathematics,413.157,3.4479,406.4,419.91,BRR_FAY,5215,5215.0,80.0,
PISA,2015,ALB,reading,405.2588,4.1302,397.16,413.35,BRR_FAY,5215,5215.0,80.0,
PISA,2015,ALB,science,427.225,3.2778,420.8,433.65,BRR_FAY,5215,5215.0,80.0,
PISA,2015,ARE,mathematics,427.4827,2.4077,422.76,432.2,BRR_FAY,14167,14167.0,80.0,
PISA,2015,ARE,reading,433.5423,2.8706,427.92,439.17,BRR_FAY,14167,14167.0,80.0,
PISA,2015,ARE,science,436.7311,2.4226,431.98,441.48,BRR_FAY,14167,14167.0,80.0,
PISA,2015,AUS,mathematics,493.8962,1.6054,490.75,497.04,BRR_FAY,14530,14530.0,80.0,
PISA,2015,AUS,reading,502.9006,1.6909,499.59,506.21,BRR_FAY,14530,14530.0,80.0,
PISA,2015,AUS,science,509.9939,1.5353,506.98,513.0,BRR_FAY,14530,14530.0,80.0,
PISA,2015,AUT,mathematics,496.7423,2.8609,491.13,502.35,BRR_FAY,7007,7007.0,80.0,
PISA,2015,AUT,reading,484.8656,2.8353,479.31,490.42,BRR_FAY,7007,7007.0,80.0,
PISA,2015,AUT,science,495.0375,2.4393,490.26,499.82,BRR_FAY,7007,7007.0,80.0,
PISA,2015,BEL,mathematics,506.9844,2.3503,502.38,511.59,BRR_FAY,9651,9651.0,80.0,
PISA,2015,BEL,reading,498.5242,2.4157,493.79,503.26,BRR_FAY,9651,9651.0,80.0,
PISA,2015,BEL,science,501.9997,2.2896,497.51,506.49,BRR_FAY,9651,9651.0,80.0,
PISA,2015,BGR,mathematics,441.1899,3.9549,433.44,448.94,BRR_FAY,5928,5928.0,80.0,
PISA,2015,BGR,reading,431.7175,4.9977,421.92,441.51,BRR_FAY,5928,5928.0,80.0,
PISA,2015,BGR,science,445.772,4.3502,437.25,454.3,BRR_FAY,5928,5928.0,80.0,
PISA,2015,BRA,mathematics,377.0695,2.8634,371.46,382.68,BRR_FAY,23141,23141.0,80.0,
PISA,2015,BRA,reading,407.3486,2.7502,401.96,412.74,BRR_FAY,23141,23141.0,80.0,
PISA,2015,BRA,science,400.6821,2.2968,396.18,405.18,BRR_FAY,23141,23141.0,80.0,
PISA,2015,CAN,mathematics,515.6474,2.3131,511.11,520.18,BRR_FAY,20058,20058.0,80.0,
PISA,2015,CAN,reading,526.6678,2.3009,522.16,531.18,BRR_FAY,20058,20058.0,80.0,
PISA,2015,CAN,science,527.7047,2.0803,523.63,531.78,BRR_FAY,20058,20058.0,80.0,
PISA,2015,CHE,mathematics,521.2506,2.9203,515.53,526.97,BRR_FAY,5860,5860.0,80.0,
PISA,2015,CHE,reading,492.1982,3.031,486.26,498.14,BRR_FAY,5860,5860.0,80.0,
PISA,2015,CHE,science,505.5058,2.9003,499.82,511.19,BRR_FAY,5860,5860.0,80.0,
PISA,2015,CHL,mathematics,422.6714,2.5395,417.69,427.65,BRR_FAY,7053,7053.0,80.0,
PISA,2015,CHL,reading,458.5709,2.5849,453.5,463.64,BRR_FAY,7053,7053.0,80.0,
PISA,2015,CHL,science,446.9561,2.3793,442.29,451.62,BRR_FAY,7053,7053.0,80.0,
PISA,2015,COL,mathematics,389.6438,2.2861,385.16,394.12,BRR_FAY,11795,11795.0,80.0,
PISA,2015,COL,reading,424.9052,2.9447,419.13,430.68,BRR_FAY,11795,11795.0,80.0,
PISA,2015,COL,science,415.7288,2.3611,411.1,420.36,BRR_FAY,11795,11795.0,80.0,
PISA,2015,CRI,mathematics,400.2534,2.4653,395.42,405.09,BRR_FAY,6866,6866.0,80.0,
PISA,2015,CRI,reading,427.4875,2.635,422.32,432.65,BRR_FAY,6866,6866.0,80.0,
PISA,2015,CRI,science,419.608,2.0745,415.54,423.67,BRR_FAY,6866,6866.0,80.0,
PISA,2015,CZE,mathematics,492.3254,2.3961,487.63,497.02,BRR_FAY,6894,6894.0,80.0,
PISA,2015,CZE,reading,487.2501,2.5997,482.15,492.35,BRR_FAY,6894,6894.0,80.0,
PISA,2015,CZE,science,492.83,2.2677,488.39,497.27,BRR_FAY,6894,6894.0,80.0,
PISA,2015,DEU,mathematics,505.9713,2.8879,500.31,511.63,BRR_FAY,6504,6504.0,80.0,
PISA,2015,DEU,reading,509.1041,3.0185,503.19,515.02,BRR_FAY,6504,6504.0,80.0,
PISA,2015,DEU,science,509.1406,2.6988,503.85,514.43,BRR_FAY,6504,6504.0,80.0,
PISA,2015,DNK,mathematics,511.0876,2.1742,506.83,515.35,BRR_FAY,7161,7161.0,80.0,
PISA,2015,DNK,reading,499.8146,2.5445,494.83,504.8,BRR_FAY,7161,7161.0,80.0,
PISA,2015,DNK,science,501.9369,2.3755,497.28,506.59,BRR_FAY,7161,7161.0,80.0,
PISA,2015,DOM,mathematics,327.702,2.6859,322.44,332.97,BRR_FAY,4740,4740.0,80.0,
PISA,2015,DOM,reading,357.7377,3.0535,351.75,363.72,BRR_FAY,4740,4740.0,80.0,
PISA,2015,DOM,science,331.6388,2.5782,326.59,336.69,BRR_FAY,4740,4740.0,80.0,
PISA,2015,DZA,mathematics,359.6062,2.9519,353.82,365.39,BRR_FAY,5519,5519.0,80.0,
PISA,2015,DZA,reading,349.8593,3.0008,343.98,355.74,BRR_FAY,5519,5519.0,80.0,
PISA,2015,DZA,science,375.7451,2.6424,370.57,380.92,BRR_FAY,5519,5519.0,80.0,
PISA,2015,ESP,mathematics,485.8432,2.1512,481.63,490.06,BRR_FAY,6736,6736.0,80.0,
PISA,2015,ESP,reading,495.5764,2.3638,490.94,500.21,BRR_FAY,6736,6736.0,80.0,
PISA,2015,ESP,science,492.7861,2.0655,488.74,496.83,BRR_FAY,6736,6736.0,80.0,
PISA,2015,EST,mathematics,519.5291,2.0426,515.53,523.53,BRR_FAY,5587,5587.0,80.0,
PISA,2015,EST,reading,519.1429,2.2177,514.8,523.49,BRR_FAY,5587,5587.0,80.0,
PISA,2015,EST,science,534.1937,2.0948,530.09,538.3,BRR_FAY,5587,5587.0,80.0,
PISA,2015,FIN,mathematics,511.0769,2.3093,506.55,515.6,BRR_FAY,5882,5882.0,80.0,
PISA,2015,FIN,reading,526.4247,2.5466,521.43,531.42,BRR_FAY,5882,5882.0,80.0,
PISA,2015,FIN,science,530.6612,2.3924,525.97,535.35,BRR_FAY,5882,5882.0,80.0,
PISA,2015,FRA,mathematics,492.9204,2.0989,488.81,497.03,BRR_FAY,6108,6108.0,80.0,
PISA,2015,FRA,reading,499.3061,2.507,494.39,504.22,BRR_FAY,6108,6108.0,80.0,
PISA,2015,FRA,science,494.9776,2.0607,490.94,499.02,BRR_FAY,6108,6108.0,80.0,
PISA,2015,GBR,mathematics,492.4785,2.4965,487.59,497.37,BRR_FAY,14157,14157.0,80.0,
PISA,2015,GBR,reading,497.9719,2.7694,492.54,503.4,BRR_FAY,14157,14157.0,80.0,
PISA,2015,GBR,science,509.2215,2.5644,504.2,514.25,BRR_FAY,14157,14157.0,80.0,
PISA,2015,GEO,mathematics,403.8332,2.7819,398.38,409.29,BRR_FAY,5316,5316.0,80.0,
PISA,2015,GEO,reading,401.2881,2.9577,395.49,407.09,BRR_FAY,5316,5316.0,80.0,
PISA,2015,GEO,science,411.1315,2.4169,406.39,415.87,BRR_FAY,5316,5316.0,80.0,
PISA,2015,GRC,mathematics,453.6299,3.7536,446.27,460.99,BRR_FAY,5532,5532.0,80.0,
PISA,2015,GRC,reading,467.0395,4.3387,458.54,475.54,BRR_FAY,5532,5532.0,80.0,
PISA,2015,GRC,science,454.8288,3.9173,447.15,462.51,BRR_FAY,5532,5532.0,80.0,
PISA,2015,HKG,mathematics,547.931,2.98,542.09,553.77,BRR_FAY,5359,5359.0,80.0,
PISA,2015,HKG,reading,526.6753,2.6885,521.41,531.94,BRR_FAY,5359,5359.0,80.0,
PISA,2015,HKG,science,523.2774,2.5472,518.28,528.27,BRR_FAY,5359,5359.0,80.0,
PISA,2015,HRV,mathematics,464.0401,2.7711,458.61,469.47,BRR_FAY,5809,5809.0,80.0,
PISA,2015,HRV,reading,486.8632,2.6768,481.62,492.11,BRR_FAY,5809,5809.0,80.0,
PISA,2015,HRV,science,475.3912,2.452,470.59,480.2,BRR_FAY,5809,5809.0,80.0,
PISA,2015,HUN,mathematics,476.8309,2.527,471.88,481.78,BRR_FAY,5658,5658.0,80.0,
PISA,2015,HUN,reading,469.5233,2.6591,464.31,474.74,BRR_FAY,5658,5658.0,80.0,
PISA,2015,HUN,science,476.7475,2.4215,472.0,481.49,BRR_FAY,5658,5658.0,80.0,
PISA,2015,IDN,mathematics,386.1096,3.0845,380.06,392.16,BRR_FAY,6513,6513.0,80.0,
PISA,2015,IDN,reading,397.2595,2.8658,391.64,402.88,BRR_FAY,6513,6513.0,80.0,
PISA,2015,IDN,science,403.0997,2.5658,398.07,408.13,BRR_FAY,6513,6513.0,80.0,
PISA,2015,IRL,mathematics,503.722,2.0531,499.7,507.75,BRR_FAY,5741,5741.0,80.0,
PISA,2015,IRL,reading,520.8148,2.4661,515.98,525.65,BRR_FAY,5741,5741.0,80.0,
PISA,2015,IRL,science,502.5751,2.386,497.9,507.25,BRR_FAY,5741,5741.0,80.0,
PISA,2015,ISL,mathematics,488.0332,1.9887,484.14,491.93,BRR_FAY,3371,3371.0,80.0,
PISA,2015,ISL,reading,481.5255,1.985,477.64,485.42,BRR_FAY,3371,3371.0,80.0,
PISA,2015,ISL,science,473.2301,1.6809,469.94,476.52,BRR_FAY,3371,3371.0,80.0,
PISA,2015,ISR,mathematics,469.6695,3.6292,462.56,476.78,BRR_FAY,6598,6598.0,80.0,
PISA,2015,ISR,reading,478.9606,3.7766,471.56,486.36,BRR_FAY,6598,6598.0,80.0,
PISA,2015,ISR,science,466.5528,3.4376,459.82,473.29,BRR_FAY,6598,6598.0,80.0,
PISA,2015,ITA,mathematics,489.7287,2.8454,484.15,495.31,BRR_FAY,11583,11583.0,80.0,
PISA,2015,ITA,reading,484.758,2.6814,479.5,490.01,BRR_FAY,11583,11583.0,80.0,
PISA,2015,ITA,science,480.5468,2.516,475.62,485.48,BRR_FAY,11583,11583.0,80.0,
PISA,2015,JOR,mathematics,380.259,2.6518,375.06,385.46,BRR_FAY,7267,7267.0,80.0,
PISA,2015,JOR,reading,408.1022,2.9252,402.37,413.84,BRR_FAY,7267,7267.0,80.0,
PISA,2015,JOR,science,408.6691,2.6744,403.43,413.91,BRR_FAY,7267,7267.0,80.0,
PISA,2015,JPN,mathematics,532.4399,3.0,526.56,538.32,BRR_FAY,6647,6647.0,80.0,
PISA,2015,JPN,reading,515.9585,3.1972,509.69,522.23,BRR_FAY,6647,6647.0,80.0,
PISA,2015,JPN,science,538.3948,2.9662,532.58,544.21,BRR_FAY,6647,6647.0,80.0,
PISA,2015,KOR,mathematics,524.1062,3.7123,516.83,531.38,BRR_FAY,5581,5581.0,80.0,
PISA,2015,KOR,reading,517.4367,3.5047,510.57,524.31,BRR_FAY,5581,5581.0,80.0,
PISA,2015,KOR,science,515.8099,3.1318,509.67,521.95,BRR_FAY,5581,5581.0,80.0,
PISA,2015,KSV,mathematics,361.534,1.6253,358.35,364.72,BRR_FAY,4826,4826.0,80.0,
PISA,2015,KSV,reading,347.1259,1.569,344.05,350.2,BRR_FAY,4826,4826.0,80.0,
PISA,2015,KSV,science,378.4422,1.6996,375.11,381.77,BRR_FAY,4826,4826.0,80.0,
PISA,2015,LBN,mathematics,396.2497,3.692,389.01,403.49,BRR_FAY,4546,4546.0,80.0,
PISA,2015,LBN,reading,346.549,4.4136,337.9,355.2,BRR_FAY,4546,4546.0,80.0,
PISA,2015,LBN,science,386.4854,3.3952,379.83,393.14,BRR_FAY,4546,4546.0,80.0,
PISA,2015,LTU,mathematics,478.3834,2.3293,473.82,482.95,BRR_FAY,6525,6525.0,80.0,
PISA,2015,LTU,reading,472.4066,2.7359,467.04,477.77,BRR_FAY,6525,6525.0,80.0,
PISA,2015,LTU,science,475.4089,2.6527,470.21,480.61,BRR_FAY,6525,6525.0,80.0,
PISA,2015,LUX,mathematics,485.7706,1.2678,483.29,488.26,BRR_FAY,5299,5299.0,80.0,
PISA,2015,LUX,reading,481.4391,1.4414,478.61,484.26,BRR_FAY,5299,5299.0,80.0,
PISA,2015,LUX,science,482.8064,1.121,480.61,485.0,BRR_FAY,5299,5299.0,80.0,
PISA,2015,LVA,mathematics,482.3051,1.8687,478.64,485.97,BRR_FAY,4869,4869.0,80.0,
PISA,2015,LVA,reading,487.7581,1.802,484.23,491.29,BRR_FAY,4869,4869.0,80.0,
PISA,2015,LVA,science,490.225,1.5603,487.17,493.28,BRR_FAY,4869,4869.0,80.0,
PISA,2015,MAC,mathematics,543.8078,1.1077,541.64,545.98,BRR_FAY,4476,4476.0,80.0,
PISA,2015,MAC,reading,508.6905,1.2507,506.24,511.14,BRR_FAY,4476,4476.0,80.0,
PISA,2015,MAC,science,528.5496,1.0644,526.46,530.64,BRR_FAY,4476,4476.0,80.0,
PISA,2015,MDA,mathematics,419.6635,2.4655,414.83,424.5,BRR_FAY,5325,5325.0,80.0,
PISA,2015,MDA,reading,416.2293,2.5175,411.3,421.16,BRR_FAY,5325,5325.0,80.0,
PISA,2015,MDA,science,427.9978,1.9726,424.13,431.86,BRR_FAY,5325,5325.0,80.0,
PISA,2015,MEX,mathematics,408.0235,2.2409,403.63,412.42,BRR_FAY,7568,7568.0,80.0,
PISA,2015,MEX,reading,423.2765,2.5836,418.21,428.34,BRR_FAY,7568,7568.0,80.0,
PISA,2015,MEX,science,415.7099,2.1305,411.53,419.89,BRR_FAY,7568,7568.0,80.0,
PISA,2015,MKD,mathematics,371.3114,1.2831,368.8,373.83,BRR_FAY,5324,5324.0,80.0,
PISA,2015,MKD,reading,351.7415,1.4082,348.98,354.5,BRR_FAY,5324,5324.0,80.0,
PISA,2015,MKD,science,383.6824,1.2485,381.24,386.13,BRR_FAY,5324,5324.0,80.0,
PISA,2015,MLT,mathematics,478.6448,1.7158,475.28,482.01,BRR_FAY,3634,3634.0,80.0,
PISA,2015,MLT,reading,446.6661,1.7788,443.18,450.15,BRR_FAY,3634,3634.0,80.0,
PISA,2015,MLT,science,464.782,1.642,461.56,468.0,BRR_FAY,3634,3634.0,80.0,
PISA,2015,MNE,mathematics,417.9341,1.4624,415.07,420.8,BRR_FAY,5665,5665.0,80.0,
PISA,2015,MNE,reading,426.8845,1.5789,423.79,429.98,BRR_FAY,5665,5665.0,80.0,
PISA,2015,MNE,science,411.3136,1.0293,409.3,413.33,BRR_FAY,5665,5665.0,80.0,
PISA,2015,NLD,mathematics,512.2528,2.2116,507.92,516.59,BRR_FAY,5385,5385.0,80.0,
PISA,2015,NLD,reading,502.9591,2.4117,498.23,507.69,BRR_FAY,5385,5385.0,80.0,
PISA,2015,NLD,science,508.5748,2.2574,504.15,513.0,BRR_FAY,5385,5385.0,80.0,
PISA,2015,NOR,mathematics,501.7298,2.2316,497.36,506.1,BRR_FAY,5456,5456.0,80.0,
PISA,2015,NOR,reading,513.1912,2.5093,508.27,518.11,BRR_FAY,5456,5456.0,80.0,
PISA,2015,NOR,science,498.4811,2.2624,494.05,502.92,BRR_FAY,5456,5456.0,80.0,
PISA,2015,NZL,mathematics,495.2233,2.2654,490.78,499.66,BRR_FAY,4520,4520.0,80.0,
PISA,2015,NZL,reading,509.2707,2.4047,504.56,513.98,BRR_FAY,4520,4520.0,80.0,
PISA,2015,NZL,science,513.3035,2.3842,508.63,517.98,BRR_FAY,4520,4520.0,80.0,
PISA,2015,PER,mathematics,386.5606,2.7142,381.24,391.88,BRR_FAY,6971,6971.0,80.0,
PISA,2015,PER,reading,397.5414,2.887,391.88,403.2,BRR_FAY,6971,6971.0,80.0,
PISA,2015,PER,science,396.6836,2.3587,392.06,401.31,BRR_FAY,6971,6971.0,80.0,
PISA,2015,POL,mathematics,504.4693,2.3898,499.79,509.15,BRR_FAY,4478,4478.0,80.0,
PISA,2015,POL,reading,505.6971,2.4848,500.83,510.57,BRR_FAY,4478,4478.0,80.0,
PISA,2015,POL,science,501.4353,2.5075,496.52,506.35,BRR_FAY,4478,4478.0,80.0,
PISA,2015,PRT,mathematics,491.627,2.4909,486.74,496.51,BRR_FAY,7325,7325.0,80.0,
PISA,2015,PRT,reading,498.1289,2.6936,492.85,503.41,BRR_FAY,7325,7325.0,80.0,
PISA,2015,PRT,science,501.1001,2.4308,496.34,505.86,BRR_FAY,7325,7325.0,80.0,
PISA,2015,QAR,mathematics,456.2956,6.9096,442.75,469.84,BRR_FAY,1657,1657.0,80.0,
PISA,2015,QAR,reading,475.3323,7.193,461.23,489.43,BRR_FAY,1657,1657.0,80.0,
PISA,2015,QAR,science,475.1866,6.2806,462.88,487.5,BRR_FAY,1657,1657.0,80.0,
PISA,2015,QAT,mathematics,402.4006,1.2735,399.9,404.9,BRR_FAY,12083,12083.0,80.0,
PISA,2015,QAT,reading,401.8873,1.0191,399.89,403.88,BRR_FAY,12083,12083.0,80.0,
PISA,2015,QAT,science,417.6111,1.0046,415.64,419.58,BRR_FAY,12083,12083.0,80.0,
PISA,2015,QCH,mathematics,531.2961,4.8873,521.72,540.88,BRR_FAY,9841,9841.0,80.0,
PISA,2015,QCH,reading,493.9412,5.1319,483.88,504.0,BRR_FAY,9841,9841.0,80.0,
PISA,2015,QCH,science,517.7793,4.6367,508.69,526.87,BRR_FAY,9841,9841.0,80.0,
PISA,2015,QES,mathematics,486.2414,1.4776,483.35,489.14,BRR_FAY,32330,32330.0,80.0,
PISA,2015,QES,reading,497.1851,1.5244,494.2,500.17,BRR_FAY,32330,32330.0,80.0,
PISA,2015,QES,science,494.71,1.3236,492.12,497.3,BRR_FAY,32330,32330.0,80.0,
PISA,2015,QUC,mathematics,500.1217,5.5325,489.28,510.97,BRR_FAY,1652,1652.0,80.0,
PISA,2015,QUC,reading,527.0359,6.0185,515.24,538.83,BRR_FAY,1652,1652.0,80.0,
PISA,2015,QUC,science,529.3741,6.6121,516.41,542.33,BRR_FAY,1652,1652.0,80.0,
PISA,2015,QUD,mathematics,378.352,5.554,367.47,389.24,BRR_FAY,1398,1398.0,80.0,
PISA,2015,QUD,reading,410.0004,7.1064,396.07,423.93,BRR_FAY,1398,1398.0,80.0,
PISA,2015,QUD,science,402.6545,6.088,390.72,414.59,BRR_FAY,1398,1398.0,80.0,
PISA,2015,QUE,mathematics,470.8819,4.4266,462.21,479.56,BRR_FAY,1887,1887.0,80.0,
PISA,2015,QUE,reading,499.921,5.4071,489.32,510.52,BRR_FAY,1887,1887.0,80.0,
PISA,2015,QUE,science,502.3697,4.9056,492.75,511.98,BRR_FAY,1887,1887.0,80.0,
PISA,2015,ROU,mathematics,443.9543,3.785,436.54,451.37,BRR_FAY,4876,4876.0,80.0,
PISA,2015,ROU,reading,433.6166,4.0674,425.64,441.59,BRR_FAY,4876,4876.0,80.0,
PISA,2015,ROU,science,434.8849,3.2335,428.55,441.22,BRR_FAY,4876,4876.0,80.0,
PISA,2015,RUS,mathematics,494.06,3.1088,487.97,500.15,BRR_FAY,6036,6036.0,80.0,
PISA,2015,RUS,reading,494.6278,3.0817,488.59,500.67,BRR_FAY,6036,6036.0,80.0,
PISA,2015,RUS,science,486.631,2.9148,480.92,492.34,BRR_FAY,6036,6036.0,80.0,
PISA,2015,SGP,mathematics,564.1897,1.4663,561.32,567.06,BRR_FAY,6115,6115.0,80.0,
PISA,2015,SGP,reading,535.1002,1.635,531.9,538.3,BRR_FAY,6115,6115.0,80.0,
PISA,2015,SGP,science,555.5747,1.196,553.23,557.92,BRR_FAY,6115,6115.0,80.0,
PISA,2015,SVK,mathematics,475.2301,2.6584,470.02,480.44,BRR_FAY,6350,6350.0,80.0,
PISA,2015,SVK,reading,452.5143,2.8282,446.97,458.06,BRR_FAY,6350,6350.0,80.0,
PISA,2015,SVK,science,460.7749,2.5937,455.69,465.86,BRR_FAY,6350,6350.0,80.0,
PISA,2015,SVN,mathematics,509.9196,1.2563,507.46,512.38,BRR_FAY,6406,6406.0,80.0,
PISA,2015,SVN,reading,505.2159,1.4729,502.33,508.1,BRR_FAY,6406,6406.0,80.0,
PISA,2015,SVN,science,512.8636,1.3244,510.27,515.46,BRR_FAY,6406,6406.0,80.0,
PISA,2015,SWE,mathematics,493.9181,3.1723,487.7,500.14,BRR_FAY,5458,5458.0,80.0,
PISA,2015,SWE,reading,500.1556,3.4834,493.33,506.98,BRR_FAY,5458,5458.0,80.0,
PISA,2015,SWE,science,493.4224,3.6007,486.36,500.48,BRR_FAY,5458,5458.0,80.0,
PISA,2015,TAP,mathematics,542.3215,3.0304,536.38,548.26,BRR_FAY,7708,7708.0,80.0,
PISA,2015,TAP,reading,497.0991,2.4967,492.21,501.99,BRR_FAY,7708,7708.0,80.0,
PISA,2015,TAP,science,532.3475,2.6916,527.07,537.62,BRR_FAY,7708,7708.0,80.0,
PISA,2015,THA,mathematics,415.4638,3.0342,409.52,421.41,BRR_FAY,8249,8249.0,80.0,
PISA,2015,THA,reading,409.1301,3.3489,402.57,415.69,BRR_FAY,8249,8249.0,80.0,
PISA,2015,THA,science,421.3373,2.833,415.78,426.89,BRR_FAY,8249,8249.0,80.0,
PISA,2015,TTO,mathematics,417.2434,1.4066,414.49,420.0,BRR_FAY,4692,4692.0,80.0,
PISA,2015,TTO,reading,427.2733,1.4876,424.36,430.19,BRR_FAY,4692,4692.0,80.0,
PISA,2015,TTO,science,424.5905,1.4092,421.83,427.35,BRR_FAY,4692,4692.0,80.0,
PISA,2015,TUN,mathematics,366.818,2.9516,361.03,372.6,BRR_FAY,5375,5375.0,80.0,
PISA,2015,TUN,reading,361.0555,3.065,355.05,367.06,BRR_FAY,5375,5375.0,80.0,
PISA,2015,TUN,science,386.4034,2.1044,382.28,390.53,BRR_FAY,5375,5375.0,80.0,
PISA,2015,TUR,mathematics,420.454,4.1289,412.36,428.55,BRR_FAY,5895,5895.0,80.0,
PISA,2015,TUR,reading,428.3351,3.9641,420.57,436.1,BRR_FAY,5895,5895.0,80.0,
PISA,2015,TUR,science,425.4895,3.9339,417.78,433.2,BRR_FAY,5895,5895.0,80.0,
PISA,2015,URY,mathematics,417.9919,2.496,413.1,422.88,BRR_FAY,6062,6062.0,80.0,
PISA,2015,URY,reading,436.5721,2.5499,431.57,441.57,BRR_FAY,6062,6062.0,80.0,
PISA,2015,URY,science,435.363,2.2009,431.05,439.68,BRR_FAY,6062,6062.0,80.0,
PISA,2015,USA,mathematics,469.6285,3.1664,463.42,475.83,BRR_FAY,5712,5712.0,80.0,
PISA,2015,USA,reading,496.9351,3.4075,490.26,503.61,BRR_FAY,5712,5712.0,80.0,
PISA,2015,USA,science,496.2424,3.1812,490.01,502.48,BRR_FAY,5712,5712.0,80.0,
PISA,2015,VNM,mathematics,494.5183,4.4577,485.78,503.26,BRR_FAY,5826,5826.0,80.0,
PISA,2015,VNM,reading,486.7738,3.7308,479.46,494.09,BRR_FAY,5826,5826.0,80.0,
PISA,2015,VNM,science,524.6445,3.9101,516.98,532.31,BRR_FAY,5826,5826.0,80.0,
PISA,2022,ALB,mathematics,368.2217,2.0863,364.13,372.31,BRR_FAY,6129,6129.0,80.0,
PISA,2022,ALB,reading,358.4348,1.9347,354.64,362.23,BRR_FAY,6129,6129.0,80.0,
PISA,2022,ALB,science,375.9678,2.2162,371.62,380.31,BRR_FAY,6129,6129.0,80.0,
PISA,2022,ARE,mathematics,431.1105,0.9493,429.25,432.97,BRR_FAY,24600,24600.0,80.0,
PISA,2022,ARE,reading,417.3497,1.3356,414.73,419.97,BRR_FAY,24600,24600.0,80.0,
PISA,2022,ARE,science,431.9795,1.3103,429.41,434.55,BRR_FAY,24600,24600.0,80.0,
PISA,2022,ARG,mathematics,377.529,2.2517,373.12,381.94,BRR_FAY,12111,12111.0,80.0,
PISA,2022,ARG,reading,400.744,2.5698,395.71,405.78,BRR_FAY,12111,12111.0,80.0,
PISA,2022,ARG,science,406.1913,2.4929,401.31,411.08,BRR_FAY,12111,12111.0,80.0,
PISA,2022,AUS,mathematics,487.0843,1.7796,483.6,490.57,BRR_FAY,13437,13437.0,80.0,
PISA,2022,AUS,reading,498.0509,2.0136,494.1,502.0,BRR_FAY,13437,13437.0,80.0,
PISA,2022,AUS,science,507.0009,1.9331,503.21,510.79,BRR_FAY,13437,13437.0,80.0,
PISA,2022,AUT,mathematics,487.2675,2.3378,482.69,491.85,BRR_FAY,6151,6151.0,80.0,
PISA,2022,AUT,reading,480.4058,2.6683,475.18,485.64,BRR_FAY,6151,6151.0,80.0,
PISA,2022,AUT,science,491.271,2.6501,486.08,496.47,BRR_FAY,6151,6151.0,80.0,
PISA,2022,BEL,mathematics,489.4868,2.2029,485.17,493.8,BRR_FAY,8286,8286.0,80.0,
PISA,2022,BEL,reading,478.8527,2.5236,473.91,483.8,BRR_FAY,8286,8286.0,80.0,
PISA,2022,BEL,science,490.5783,2.4819,485.71,495.44,BRR_FAY,8286,8286.0,80.0,
PISA,2022,BGR,mathematics,417.3039,3.3027,410.83,423.78,BRR_FAY,6107,6107.0,80.0,
PISA,2022,BGR,reading,404.3037,3.3958,397.65,410.96,BRR_FAY,6107,6107.0,80.0,
PISA,2022,BGR,science,420.9932,3.1742,414.77,427.21,BRR_FAY,6107,6107.0,80.0,
PISA,2022,BRA,mathematics,378.6914,1.5814,375.59,381.79,BRR_FAY,10798,10798.0,80.0,
PISA,2022,BRA,reading,410.357,2.088,406.26,414.45,BRR_FAY,10798,10798.0,80.0,
PISA,2022,BRA,science,403.0012,1.9328,399.21,406.79,BRR_FAY,10798,10798.0,80.0,
PISA,2022,BRN,mathematics,442.0931,0.926,440.28,443.91,BRR_FAY,5576,5576.0,80.0,
PISA,2022,BRN,reading,429.2319,1.1592,426.96,431.5,BRR_FAY,5576,5576.0,80.0,
PISA,2022,BRN,science,445.8551,1.3168,443.27,448.44,BRR_FAY,5576,5576.0,80.0,
PISA,2022,CAN,mathematics,496.9479,1.5618,493.89,500.01,BRR_FAY,23073,23073.0,80.0,
PISA,2022,CAN,reading,507.1329,1.9656,503.28,510.99,BRR_FAY,23073,23073.0,80.0,
PISA,2022,CAN,science,515.0167,1.929,511.24,518.8,BRR_FAY,23073,23073.0,80.0,
PISA,2022,CHE,mathematics,507.9906,2.1437,503.79,512.19,BRR_FAY,6829,6829.0,80.0,
PISA,2022,CHE,reading,483.3317,2.2583,478.91,487.76,BRR_FAY,6829,6829.0,80.0,
PISA,2022,CHE,science,502.5232,2.1859,498.24,506.81,BRR_FAY,6829,6829.0,80.0,
PISA,2022,CHL,mathematics,411.6966,2.0779,407.62,415.77,BRR_FAY,6488,6488.0,80.0,
PISA,2022,CHL,reading,447.979,2.6326,442.82,453.14,BRR_FAY,6488,6488.0,80.0,
PISA,2022,CHL,science,443.5434,2.4686,438.7,448.38,BRR_FAY,6488,6488.0,80.0,
PISA,2022,COL,mathematics,382.6968,3.031,376.76,388.64,BRR_FAY,7804,7804.0,80.0,
PISA,2022,COL,reading,408.665,3.751,401.31,416.02,BRR_FAY,7804,7804.0,80.0,
PISA,2022,COL,science,411.1207,3.2841,404.68,417.56,BRR_FAY,7804,7804.0,80.0,
PISA,2022,CRI,mathematics,384.576,1.8877,380.88,388.28,BRR_FAY,6113,6113.0,80.0,
PISA,2022,CRI,reading,415.2331,2.6597,410.02,420.45,BRR_FAY,6113,6113.0,80.0,
PISA,2022,CRI,science,410.9866,2.418,406.25,415.73,BRR_FAY,6113,6113.0,80.0,
PISA,2022,CZE,mathematics,486.9992,2.0936,482.9,491.1,BRR_FAY,8460,8460.0,80.0,
PISA,2022,CZE,reading,488.6037,2.2462,484.2,493.01,BRR_FAY,8460,8460.0,80.0,
PISA,2022,CZE,science,497.742,2.3043,493.23,502.26,BRR_FAY,8460,8460.0,80.0,
PISA,2022,DEU,mathematics,474.8265,3.0648,468.82,480.83,BRR_FAY,6116,6116.0,80.0,
PISA,2022,DEU,reading,479.794,3.6091,472.72,486.87,BRR_FAY,6116,6116.0,80.0,
PISA,2022,DEU,science,492.4267,3.4831,485.6,499.25,BRR_FAY,6116,6116.0,80.0,
PISA,2022,DNK,mathematics,489.2739,1.9488,485.45,493.09,BRR_FAY,6200,6200.0,80.0,
PISA,2022,DNK,reading,488.801,2.5783,483.75,493.85,BRR_FAY,6200,6200.0,80.0,
PISA,2022,DNK,science,493.8157,2.4975,488.92,498.71,BRR_FAY,6200,6200.0,80.0,
PISA,2022,DOM,mathematics,339.1072,1.6234,335.93,342.29,BRR_FAY,6868,6868.0,80.0,
PISA,2022,DOM,reading,351.3123,2.4408,346.53,356.1,BRR_FAY,6868,6868.0,80.0,
PISA,2022,DOM,science,360.4261,2.0445,356.42,364.43,BRR_FAY,6868,6868.0,80.0,
PISA,2022,ESP,mathematics,473.1402,1.5044,470.19,476.09,BRR_FAY,30800,30800.0,80.0,
PISA,2022,ESP,reading,474.3071,1.6536,471.07,477.55,BRR_FAY,30800,30800.0,80.0,
PISA,2022,ESP,science,484.5336,1.6011,481.4,487.67,BRR_FAY,30800,30800.0,80.0,
PISA,2022,EST,mathematics,509.947,1.9845,506.06,513.84,BRR_FAY,6392,6392.0,80.0,
PISA,2022,EST,reading,511.0303,2.3606,506.4,515.66,BRR_FAY,6392,6392.0,80.0,
PISA,2022,EST,science,525.8118,2.0654,521.76,529.86,BRR_FAY,6392,6392.0,80.0,
PISA,2022,FIN,mathematics,484.1392,1.8572,480.5,487.78,BRR_FAY,10239,10239.0,80.0,
PISA,2022,FIN,reading,490.2177,2.2554,485.8,494.64,BRR_FAY,10239,10239.0,80.0,
PISA,2022,FIN,science,510.9589,2.5008,506.06,515.86,BRR_FAY,10239,10239.0,80.0,
PISA,2022,FRA,mathematics,473.9444,2.489,469.07,478.82,BRR_FAY,6770,6770.0,80.0,
PISA,2022,FRA,reading,473.8522,3.0745,467.83,479.88,BRR_FAY,6770,6770.0,80.0,
PISA,2022,FRA,science,487.2253,2.7296,481.88,492.58,BRR_FAY,6770,6770.0,80.0,
PISA,2022,GBR,mathematics,488.9751,2.218,484.63,493.32,BRR_FAY,12972,12972.0,80.0,
PISA,2022,GBR,reading,494.4046,2.3713,489.76,499.05,BRR_FAY,12972,12972.0,80.0,
PISA,2022,GBR,science,499.6702,2.3765,495.01,504.33,BRR_FAY,12972,12972.0,80.0,
PISA,2022,GEO,mathematics,390.0242,2.3736,385.37,394.68,BRR_FAY,6583,6583.0,80.0,
PISA,2022,GEO,reading,373.8584,2.2879,369.37,378.34,BRR_FAY,6583,6583.0,80.0,
PISA,2022,GEO,science,384.0675,2.3083,379.54,388.59,BRR_FAY,6583,6583.0,80.0,
PISA,2022,GRC,mathematics,430.1463,2.335,425.57,434.72,BRR_FAY,6403,6403.0,80.0,
PISA,2022,GRC,reading,438.4406,2.8336,432.89,443.99,BRR_FAY,6403,6403.0,80.0,
PISA,2022,GRC,science,440.7861,2.7672,435.36,446.21,BRR_FAY,6403,6403.0,80.0,
PISA,2022,GTM,mathematics,344.1995,2.2108,339.87,348.53,BRR_FAY,5190,5190.0,80.0,
PISA,2022,GTM,reading,374.1219,2.4376,369.34,378.9,BRR_FAY,5190,5190.0,80.0,
PISA,2022,GTM,science,372.9628,2.2303,368.59,377.33,BRR_FAY,5190,5190.0,80.0,
PISA,2022,HKG,mathematics,540.3518,2.9875,534.5,546.21,BRR_FAY,5907,5907.0,80.0,
PISA,2022,HKG,reading,499.7013,2.8485,494.12,505.28,BRR_FAY,5907,5907.0,80.0,
PISA,2022,HKG,science,520.4187,2.7928,514.94,525.89,BRR_FAY,5907,5907.0,80.0,
PISA,2022,HRV,mathematics,463.1052,2.3789,458.44,467.77,BRR_FAY,6135,6135.0,80.0,
PISA,2022,HRV,reading,475.4989,2.4424,470.71,480.29,BRR_FAY,6135,6135.0,80.0,
PISA,2022,HRV,science,482.6674,2.3975,477.97,487.37,BRR_FAY,6135,6135.0,80.0,
PISA,2022,HUN,mathematics,472.7761,2.5141,467.85,477.7,BRR_FAY,6198,6198.0,80.0,
PISA,2022,HUN,reading,472.9747,2.828,467.43,478.52,BRR_FAY,6198,6198.0,80.0,
PISA,2022,HUN,science,485.8902,2.7087,480.58,491.2,BRR_FAY,6198,6198.0,80.0,
PISA,2022,IDN,mathematics,365.5253,2.3511,360.92,370.13,BRR_FAY,13439,13439.0,80.0,
PISA,2022,IDN,reading,358.5699,2.9066,352.87,364.27,BRR_FAY,13439,13439.0,80.0,
PISA,2022,IDN,science,382.8634,2.5613,377.84,387.88,BRR_FAY,13439,13439.0,80.0,
PISA,2022,IRL,mathematics,491.6483,2.0223,487.68,495.61,BRR_FAY,5569,5569.0,80.0,
PISA,2022,IRL,reading,516.01,2.3326,511.44,520.58,BRR_FAY,5569,5569.0,80.0,
PISA,2022,IRL,science,503.8455,2.257,499.42,508.27,BRR_FAY,5569,5569.0,80.0,
PISA,2022,ISL,mathematics,458.914,1.581,455.82,462.01,BRR_FAY,3360,3360.0,80.0,
PISA,2022,ISL,reading,435.923,2.0676,431.87,439.98,BRR_FAY,3360,3360.0,80.0,
PISA,2022,ISL,science,446.9671,1.7614,443.51,450.42,BRR_FAY,3360,3360.0,80.0,
PISA,2022,ISR,mathematics,457.8967,3.2691,451.49,464.3,BRR_FAY,6251,6251.0,80.0,
PISA,2022,ISR,reading,473.8327,3.4873,467.0,480.67,BRR_FAY,6251,6251.0,80.0,
PISA,2022,ISR,science,464.7518,3.3848,458.12,471.39,BRR_FAY,6251,6251.0,80.0,
PISA,2022,ITA,mathematics,471.2595,3.0934,465.2,477.32,BRR_FAY,10552,10552.0,80.0,
PISA,2022,ITA,reading,481.5983,2.6802,476.35,486.85,BRR_FAY,10552,10552.0,80.0,
PISA,2022,ITA,science,477.4634,3.1775,471.24,483.69,BRR_FAY,10552,10552.0,80.0,
PISA,2022,JAM,mathematics,377.4169,3.1377,371.27,383.57,BRR_FAY,3873,3873.0,80.0,
PISA,2022,JAM,reading,409.6328,4.2086,401.38,417.88,BRR_FAY,3873,3873.0,80.0,
PISA,2022,JAM,science,402.934,3.8765,395.34,410.53,BRR_FAY,3873,3873.0,80.0,
PISA,2022,JOR,mathematics,361.228,2.0331,357.24,365.21,BRR_FAY,7799,7799.0,80.0,
PISA,2022,JOR,reading,342.1658,2.4013,337.46,346.87,BRR_FAY,7799,7799.0,80.0,
PISA,2022,JOR,science,374.5271,2.3513,369.92,379.14,BRR_FAY,7799,7799.0,80.0,
PISA,2022,JPN,mathematics,535.5793,2.9338,529.83,541.33,BRR_FAY,5760,5760.0,80.0,
PISA,2022,JPN,reading,515.8546,3.1769,509.63,522.08,BRR_FAY,5760,5760.0,80.0,
PISA,2022,JPN,science,546.6345,2.804,541.14,552.13,BRR_FAY,5760,5760.0,80.0,
PISA,2022,KAZ,mathematics,425.4391,1.6882,422.13,428.75,BRR_FAY,19769,19769.0,80.0,
PISA,2022,KAZ,reading,386.2847,1.6634,383.02,389.54,BRR_FAY,19769,19769.0,80.0,
PISA,2022,KAZ,science,423.166,1.72,419.79,426.54,BRR_FAY,19769,19769.0,80.0,
PISA,2022,KHM,mathematics,336.396,2.694,331.12,341.68,BRR_FAY,5279,5279.0,80.0,
PISA,2022,KHM,reading,328.8428,2.0813,324.76,332.92,BRR_FAY,5279,5279.0,80.0,
PISA,2022,KHM,science,347.1042,2.0992,342.99,351.22,BRR_FAY,5279,5279.0,80.0,
PISA,2022,KOR,mathematics,527.3025,3.8628,519.73,534.87,BRR_FAY,6454,6454.0,80.0,
PISA,2022,KOR,reading,515.4154,3.6323,508.3,522.53,BRR_FAY,6454,6454.0,80.0,
PISA,2022,KOR,science,527.8224,3.5796,520.81,534.84,BRR_FAY,6454,6454.0,80.0,
PISA,2022,KSV,mathematics,354.9624,1.0184,352.97,356.96,BRR_FAY,6027,6027.0,80.0,
PISA,2022,KSV,reading,342.1944,1.0595,340.12,344.27,BRR_FAY,6027,6027.0,80.0,
PISA,2022,KSV,science,357.0241,1.2598,354.55,359.49,BRR_FAY,6027,6027.0,80.0,
PISA,2022,LTU,mathematics,475.1468,1.8418,471.54,478.76,BRR_FAY,7257,7257.0,80.0,
PISA,2022,LTU,reading,471.8342,2.2097,467.5,476.17,BRR_FAY,7257,7257.0,80.0,
PISA,2022,LTU,science,484.4634,2.3332,479.89,489.04,BRR_FAY,7257,7257.0,80.0,
PISA,2022,LVA,mathematics,483.1595,2.0319,479.18,487.14,BRR_FAY,5373,5373.0,80.0,
PISA,2022,LVA,reading,474.5687,2.46,469.75,479.39,BRR_FAY,5373,5373.0,80.0,
PISA,2022,LVA,science,493.8428,2.298,489.34,498.35,BRR_FAY,5373,5373.0,80.0,
PISA,2022,MAC,mathematics,551.9232,1.0981,549.77,554.08,BRR_FAY,4384,4384.0,80.0,
PISA,2022,MAC,reading,510.4051,1.346,507.77,513.04,BRR_FAY,4384,4384.0,80.0,
PISA,2022,MAC,science,543.0963,1.1144,540.91,545.28,BRR_FAY,4384,4384.0,80.0,
PISA,2022,MAR,mathematics,364.7662,3.3503,358.2,371.33,BRR_FAY,6867,6867.0,80.0,
PISA,2022,MAR,reading,339.3649,3.9738,331.58,347.15,BRR_FAY,6867,6867.0,80.0,
PISA,2022,MAR,science,365.3981,3.3834,358.77,372.03,BRR_FAY,6867,6867.0,80.0,
PISA,2022,MDA,mathematics,414.1981,2.3074,409.68,418.72,BRR_FAY,6235,6235.0,80.0,
PISA,2022,MDA,reading,410.9354,2.5107,406.01,415.86,BRR_FAY,6235,6235.0,80.0,
PISA,2022,MDA,science,416.859,2.3877,412.18,421.54,BRR_FAY,6235,6235.0,80.0,
PISA,2022,MEX,mathematics,395.0299,2.2706,390.58,399.48,BRR_FAY,6288,6288.0,80.0,
PISA,2022,MEX,reading,415.359,2.924,409.63,421.09,BRR_FAY,6288,6288.0,80.0,
PISA,2022,MEX,science,409.8866,2.4156,405.15,414.62,BRR_FAY,6288,6288.0,80.0,
PISA,2022,MKD,mathematics,388.5755,0.869,386.87,390.28,BRR_FAY,6610,6610.0,80.0,
PISA,2022,MKD,reading,358.5221,0.8145,356.93,360.12,BRR_FAY,6610,6610.0,80.0,
PISA,2022,MKD,science,379.8751,0.9291,378.05,381.7,BRR_FAY,6610,6610.0,80.0,
PISA,2022,MLT,mathematics,466.0161,1.579,462.92,469.11,BRR_FAY,3127,3127.0,80.0,
PISA,2022,MLT,reading,445.2988,1.9032,441.57,449.03,BRR_FAY,3127,3127.0,80.0,
PISA,2022,MLT,science,465.5887,1.6973,462.26,468.92,BRR_FAY,3127,3127.0,80.0,
PISA,2022,MNE,mathematics,405.6012,1.116,403.41,407.79,BRR_FAY,5793,5793.0,80.0,
PISA,2022,MNE,reading,405.0205,1.35,402.37,407.67,BRR_FAY,5793,5793.0,80.0,
PISA,2022,MNE,science,403.1302,1.2053,400.77,405.49,BRR_FAY,5793,5793.0,80.0,
PISA,2022,MNG,mathematics,424.5931,2.5736,419.55,429.64,BRR_FAY,6999,6999.0,80.0,
PISA,2022,MNG,reading,378.4199,2.2542,374.0,382.84,BRR_FAY,6999,6999.0,80.0,
PISA,2022,MNG,science,412.3825,2.3646,407.75,417.02,BRR_FAY,6999,6999.0,80.0,
PISA,2022,MYS,mathematics,408.6874,2.3965,403.99,413.38,BRR_FAY,7069,7069.0,80.0,
PISA,2022,MYS,reading,388.0878,2.7478,382.7,393.47,BRR_FAY,7069,7069.0,80.0,
PISA,2022,MYS,science,416.3061,2.3484,411.7,420.91,BRR_FAY,7069,7069.0,80.0,
PISA,2022,NLD,mathematics,492.6756,3.766,485.29,500.06,BRR_FAY,5046,5046.0,80.0,
PISA,2022,NLD,reading,459.2429,4.2822,450.85,467.64,BRR_FAY,5046,5046.0,80.0,
PISA,2022,NLD,science,488.3168,4.0732,480.33,496.3,BRR_FAY,5046,5046.0,80.0,
PISA,2022,NOR,mathematics,468.4499,2.0624,464.41,472.49,BRR_FAY,6611,6611.0,80.0,
PISA,2022,NOR,reading,476.5239,2.542,471.54,481.51,BRR_FAY,6611,6611.0,80.0,
PISA,2022,NOR,science,478.2265,2.3725,473.58,482.88,BRR_FAY,6611,6611.0,80.0,
PISA,2022,NZL,mathematics,479.0742,1.987,475.18,482.97,BRR_FAY,4682,4682.0,80.0,
PISA,2022,NZL,reading,500.853,2.1174,496.7,505.0,BRR_FAY,4682,4682.0,80.0,
PISA,2022,NZL,science,504.1293,2.242,499.73,508.52,BRR_FAY,4682,4682.0,80.0,
PISA,2022,PAN,mathematics,356.5735,2.8401,351.01,362.14,BRR_FAY,4544,4544.0,80.0,
PISA,2022,PAN,reading,391.9534,3.4149,385.26,398.65,BRR_FAY,4544,4544.0,80.0,
PISA,2022,PAN,science,387.7676,3.5448,380.82,394.72,BRR_FAY,4544,4544.0,80.0,
PISA,2022,PER,mathematics,391.2358,2.341,386.65,395.82,BRR_FAY,6968,6968.0,80.0,
PISA,2022,PER,reading,408.2479,2.7278,402.9,413.59,BRR_FAY,6968,6968.0,80.0,
PISA,2022,PER,science,407.7778,2.6445,402.59,412.96,BRR_FAY,6968,6968.0,80.0,
PISA,2022,PHL,mathematics,354.7197,2.58,349.66,359.78,BRR_FAY,7193,7193.0,80.0,
PISA,2022,PHL,reading,346.5474,3.4002,339.88,353.21,BRR_FAY,7193,7193.0,80.0,
PISA,2022,PHL,science,356.1673,3.1073,350.08,362.26,BRR_FAY,7193,7193.0,80.0,
PISA,2022,POL,mathematics,488.9601,2.2749,484.5,493.42,BRR_FAY,6011,6011.0,80.0,
PISA,2022,POL,reading,488.7136,2.7401,483.34,494.08,BRR_FAY,6011,6011.0,80.0,
PISA,2022,POL,science,499.1644,2.5451,494.18,504.15,BRR_FAY,6011,6011.0,80.0,
PISA,2022,PRT,mathematics,471.9105,2.3506,467.3,476.52,BRR_FAY,6793,6793.0,80.0,
PISA,2022,PRT,reading,476.5886,2.6632,471.37,481.81,BRR_FAY,6793,6793.0,80.0,
PISA,2022,PRT,science,484.3735,2.559,479.36,489.39,BRR_FAY,6793,6793.0,80.0,
PISA,2022,PRY,mathematics,337.5398,2.158,333.31,341.77,BRR_FAY,5084,5084.0,80.0,
PISA,2022,PRY,reading,373.1557,2.445,368.36,377.95,BRR_FAY,5084,5084.0,80.0,
PISA,2022,PRY,science,368.3278,2.0552,364.3,372.36,BRR_FAY,5084,5084.0,80.0,
PISA,2022,PSE,mathematics,365.7467,1.8394,362.14,369.35,BRR_FAY,7905,7905.0,80.0,
PISA,2022,PSE,reading,349.1571,2.0324,345.17,353.14,BRR_FAY,7905,7905.0,80.0,
PISA,2022,PSE,science,368.8151,2.095,364.71,372.92,BRR_FAY,7905,7905.0,80.0,
PISA,2022,QAT,mathematics,414.1062,1.1391,411.87,416.34,BRR_FAY,7676,7676.0,80.0,
PISA,2022,QAT,reading,419.3043,1.4479,416.47,422.14,BRR_FAY,7676,7676.0,80.0,
PISA,2022,QAT,science,432.4025,1.4797,429.5,435.3,BRR_FAY,7676,7676.0,80.0,
PISA,2022,QAZ,mathematics,396.8823,2.3842,392.21,401.56,BRR_FAY,7720,7720.0,80.0,
PISA,2022,QAZ,reading,365.2139,2.4526,360.41,370.02,BRR_FAY,7720,7720.0,80.0,
PISA,2022,QAZ,science,380.1437,2.2082,375.82,384.47,BRR_FAY,7720,7720.0,80.0,
PISA,2022,QUR,mathematics,440.8453,4.0575,432.89,448.8,BRR_FAY,3876,3876.0,80.0,
PISA,2022,QUR,reading,427.527,3.9319,419.82,435.23,BRR_FAY,3876,3876.0,80.0,
PISA,2022,QUR,science,450.1872,3.7782,442.78,457.59,BRR_FAY,3876,3876.0,80.0,
PISA,2022,ROU,mathematics,427.76,3.9984,419.92,435.6,BRR_FAY,7364,7364.0,80.0,
PISA,2022,ROU,reading,428.496,3.98,420.7,436.3,BRR_FAY,7364,7364.0,80.0,
PISA,2022,ROU,science,427.5111,3.8674,419.93,435.09,BRR_FAY,7364,7364.0,80.0,
PISA,2022,SAU,mathematics,388.7816,1.7582,385.34,392.23,BRR_FAY,6928,6928.0,80.0,
PISA,2022,SAU,reading,382.551,1.9893,378.65,386.45,BRR_FAY,6928,6928.0,80.0,
PISA,2022,SAU,science,390.3876,1.9558,386.55,394.22,BRR_FAY,6928,6928.0,80.0,
PISA,2022,SGP,mathematics,574.6638,1.2328,572.25,577.08,BRR_FAY,6606,6606.0,80.0,
PISA,2022,SGP,reading,542.5533,1.8722,538.88,546.22,BRR_FAY,6606,6606.0,80.0,
PISA,2022,SGP,science,561.4333,1.3273,558.83,564.03,BRR_FAY,6606,6606.0,80.0,
PISA,2022,SLV,mathematics,343.4691,2.0024,339.54,347.39,BRR_FAY,6705,6705.0,80.0,
PISA,2022,SLV,reading,364.9036,2.804,359.41,370.4,BRR_FAY,6705,6705.0,80.0,
PISA,2022,SLV,science,373.1413,2.6204,368.01,378.28,BRR_FAY,6705,6705.0,80.0,
PISA,2022,SRB,mathematics,439.8767,2.9741,434.05,445.71,BRR_FAY,6413,6413.0,80.0,
PISA,2022,SRB,reading,440.355,2.7859,434.89,445.82,BRR_FAY,6413,6413.0,80.0,
PISA,2022,SRB,science,447.4607,2.8913,441.79,453.13,BRR_FAY,6413,6413.0,80.0,
PISA,2022,SVK,mathematics,463.9946,2.8929,458.32,469.66,BRR_FAY,5824,5824.0,80.0,
PISA,2022,SVK,reading,446.8606,3.1031,440.78,452.94,BRR_FAY,5824,5824.0,80.0,
PISA,2022,SVK,science,462.2695,3.0302,456.33,468.21,BRR_FAY,5824,5824.0,80.0,
PISA,2022,SVN,mathematics,484.529,1.2441,482.09,486.97,BRR_FAY,6721,6721.0,80.0,
PISA,2022,SVN,reading,468.536,1.6444,465.31,471.76,BRR_FAY,6721,6721.0,80.0,
PISA,2022,SVN,science,499.9649,1.4459,497.13,502.8,BRR_FAY,6721,6721.0,80.0,
PISA,2022,SWE,mathematics,481.7661,2.0631,477.72,485.81,BRR_FAY,6072,6072.0,80.0,
PISA,2022,SWE,reading,486.9752,2.4899,482.09,491.86,BRR_FAY,6072,6072.0,80.0,
PISA,2022,SWE,science,493.5493,2.3504,488.94,498.16,BRR_FAY,6072,6072.0,80.0,
PISA,2022,TAP,mathematics,547.0942,3.7776,539.69,554.5,BRR_FAY,5857,5857.0,80.0,
PISA,2022,TAP,reading,515.1673,3.2513,508.79,521.54,BRR_FAY,5857,5857.0,80.0,
PISA,2022,TAP,science,537.3804,3.3131,530.89,543.87,BRR_FAY,5857,5857.0,80.0,
PISA,2022,THA,mathematics,393.9454,2.676,388.7,399.19,BRR_FAY,8495,8495.0,80.0,
PISA,2022,THA,reading,378.663,2.8203,373.14,384.19,BRR_FAY,8495,8495.0,80.0,
PISA,2022,THA,science,409.2643,2.7834,403.81,414.72,BRR_FAY,8495,8495.0,80.0,
PISA,2022,TUR,mathematics,453.1518,1.5882,450.04,456.26,BRR_FAY,7250,7250.0,80.0,
PISA,2022,TUR,reading,456.084,1.8522,452.45,459.71,BRR_FAY,7250,7250.0,80.0,
PISA,2022,TUR,science,475.9378,1.9281,472.16,479.72,BRR_FAY,7250,7250.0,80.0,
PISA,2022,URY,mathematics,408.7121,2.0239,404.75,412.68,BRR_FAY,6618,6618.0,80.0,
PISA,2022,URY,reading,430.3597,2.4051,425.65,435.07,BRR_FAY,6618,6618.0,80.0,
PISA,2022,URY,science,435.3848,2.4777,430.53,440.24,BRR_FAY,6618,6618.0,80.0,
PISA,2022,USA,mathematics,464.888,4.0067,457.03,472.74,BRR_FAY,4552,4552.0,80.0,
PISA,2022,USA,reading,503.9376,4.3262,495.46,512.42,BRR_FAY,4552,4552.0,80.0,
PISA,2022,USA,science,499.4141,4.3186,490.95,507.88,BRR_FAY,4552,4552.0,80.0,
PISA,2022,UZB,mathematics,363.9354,2.019,359.98,367.89,BRR_FAY,7293,7293.0,80.0,
PISA,2022,UZB,reading,335.5049,2.0033,331.58,339.43,BRR_FAY,7293,7293.0,80.0,
PISA,2022,UZB,science,354.8636,2.0097,350.92,358.8,BRR_FAY,7293,7293.0,80.0,
PISA,2022,VNM,mathematics,469.4024,3.926,461.71,477.1,BRR_FAY,6068,6068.0,80.0,
PISA,2022,VNM,reading,461.888,3.9364,454.17,469.6,BRR_FAY,6068,6068.0,80.0,
PISA,2022,VNM,science,472.381,3.5881,465.35,479.41,BRR_FAY,6068,6068.0,80.0,
PISA,2025,ALB,mathematics,432.8172,2.8951,427.14,438.49,BRR_FAY,5959,5959.0,80.0,
PISA,2025,ALB,reading,407.641,2.5698,402.6,412.68,BRR_FAY,5959,5959.0,80.0,
PISA,2025,ALB,science,434.6271,2.7101,429.32,439.94,BRR_FAY,5959,5959.0,80.0,
PISA,2025,ARE,mathematics,452.5887,2.1588,448.36,456.82,BRR_FAY,34639,34639.0,80.0,
PISA,2025,ARE,reading,432.8108,1.6169,429.64,435.98,BRR_FAY,34639,34639.0,80.0,
PISA,2025,ARE,science,458.067,1.9744,454.2,461.94,BRR_FAY,34639,34639.0,80.0,
PISA,2025,ARG,mathematics,366.8142,2.6635,361.59,372.03,BRR_FAY,11092,11092.0,80.0,
PISA,2025,ARG,reading,388.7043,2.6915,383.43,393.98,BRR_FAY,11092,11092.0,80.0,
PISA,2025,ARG,science,392.9339,2.9888,387.08,398.79,BRR_FAY,11092,11092.0,80.0,
PISA,2025,ARM,mathematics,375.7997,1.9514,371.98,379.62,BRR_FAY,6804,6804.0,80.0,
PISA,2025,ARM,reading,348.2857,1.5026,345.34,351.23,BRR_FAY,6804,6804.0,80.0,
PISA,2025,ARM,science,368.6331,1.7763,365.15,372.11,BRR_FAY,6804,6804.0,80.0,
PISA,2025,AUS,mathematics,477.5267,1.9152,473.77,481.28,BRR_FAY,14658,14658.0,80.0,
PISA,2025,AUS,reading,490.8633,1.8518,487.23,494.49,BRR_FAY,14658,14658.0,80.0,
PISA,2025,AUS,science,509.1063,1.8853,505.41,512.8,BRR_FAY,14658,14658.0,80.0,
PISA,2025,AUT,mathematics,477.1939,2.5758,472.15,482.24,BRR_FAY,6987,6987.0,80.0,
PISA,2025,AUT,reading,467.2117,2.5548,462.2,472.22,BRR_FAY,6987,6987.0,80.0,
PISA,2025,AUT,science,496.9127,2.7242,491.57,502.25,BRR_FAY,6987,6987.0,80.0,
PISA,2025,AZE,mathematics,422.3953,3.9787,414.6,430.19,BRR_FAY,7432,7432.0,80.0,
PISA,2025,AZE,reading,373.5706,2.8365,368.01,379.13,BRR_FAY,7432,7432.0,80.0,
PISA,2025,AZE,science,408.5635,3.2038,402.28,414.84,BRR_FAY,7432,7432.0,80.0,
PISA,2025,BEL,mathematics,479.6829,2.8092,474.18,485.19,BRR_FAY,7456,7455.0,80.0,
PISA,2025,BEL,reading,466.3396,3.0333,460.39,472.28,BRR_FAY,7456,7455.0,80.0,
PISA,2025,BEL,science,489.7132,2.8547,484.12,495.31,BRR_FAY,7456,7455.0,80.0,
PISA,2025,BGR,mathematics,405.0776,4.034,397.17,412.98,BRR_FAY,6830,6830.0,80.0,
PISA,2025,BGR,reading,386.6448,3.9461,378.91,394.38,BRR_FAY,6830,6830.0,80.0,
PISA,2025,BGR,science,420.7937,4.0533,412.85,428.74,BRR_FAY,6830,6830.0,80.0,
PISA,2025,BRA,mathematics,376.7679,1.748,373.34,380.19,BRR_FAY,30140,30140.0,80.0,
PISA,2025,BRA,reading,408.0083,2.0145,404.06,411.96,BRR_FAY,30140,30140.0,80.0,
PISA,2025,BRA,science,408.5405,1.9332,404.75,412.33,BRR_FAY,30140,30140.0,80.0,
PISA,2025,BRN,mathematics,435.1827,0.8529,433.51,436.85,BRR_FAY,5730,5730.0,80.0,
PISA,2025,BRN,reading,425.6809,0.92,423.88,427.48,BRR_FAY,5730,5730.0,80.0,
PISA,2025,BRN,science,439.4539,0.8199,437.85,441.06,BRR_FAY,5730,5730.0,80.0,
PISA,2025,CAN,mathematics,485.3377,1.9128,481.59,489.09,BRR_FAY,24601,24601.0,80.0,
PISA,2025,CAN,reading,489.8256,1.7808,486.34,493.32,BRR_FAY,24601,24601.0,80.0,
PISA,2025,CAN,science,510.0548,1.7891,506.55,513.56,BRR_FAY,24601,24601.0,80.0,
PISA,2025,CHE,mathematics,499.147,2.5929,494.06,504.23,BRR_FAY,7597,7597.0,80.0,
PISA,2025,CHE,reading,470.0529,2.9209,464.33,475.78,BRR_FAY,7597,7597.0,80.0,
PISA,2025,CHE,science,501.2376,2.5913,496.16,506.32,BRR_FAY,7597,7597.0,80.0,
PISA,2025,CHL,mathematics,402.6452,2.1761,398.38,406.91,BRR_FAY,6573,6573.0,80.0,
PISA,2025,CHL,reading,435.6558,2.7595,430.25,441.06,BRR_FAY,6573,6573.0,80.0,
PISA,2025,CHL,science,442.3606,2.4952,437.47,447.25,BRR_FAY,6573,6573.0,80.0,
PISA,2025,COL,mathematics,380.5287,2.7814,375.08,385.98,BRR_FAY,7268,7268.0,80.0,
PISA,2025,COL,reading,399.2673,3.3084,392.78,405.75,BRR_FAY,7268,7268.0,80.0,
PISA,2025,COL,science,413.7309,3.2937,407.28,420.19,BRR_FAY,7268,7268.0,80.0,
PISA,2025,CRI,mathematics,387.0912,2.251,382.68,391.5,BRR_FAY,6881,6881.0,80.0,
PISA,2025,CRI,reading,416.0353,2.7556,410.63,421.44,BRR_FAY,6881,6881.0,80.0,
PISA,2025,CRI,science,423.9696,2.5697,418.93,429.01,BRR_FAY,6881,6881.0,80.0,
PISA,2025,CZE,mathematics,477.148,2.5986,472.05,482.24,BRR_FAY,8462,8462.0,80.0,
PISA,2025,CZE,reading,468.3567,2.676,463.11,473.6,BRR_FAY,8462,8462.0,80.0,
PISA,2025,CZE,science,490.2783,2.5861,485.21,495.35,BRR_FAY,8462,8462.0,80.0,
PISA,2025,DEU,mathematics,463.8057,3.0462,457.84,469.78,BRR_FAY,6659,6659.0,80.0,
PISA,2025,DEU,reading,465.2821,3.5622,458.3,472.26,BRR_FAY,6659,6659.0,80.0,
PISA,2025,DEU,science,485.5214,3.5211,478.62,492.42,BRR_FAY,6659,6659.0,80.0,
PISA,2025,DNK,mathematics,470.6275,2.1088,466.49,474.76,BRR_FAY,5098,5098.0,80.0,
PISA,2025,DNK,reading,460.0095,2.373,455.36,464.66,BRR_FAY,5098,5098.0,80.0,
PISA,2025,DNK,science,477.541,2.3903,472.86,482.23,BRR_FAY,5098,5098.0,80.0,
PISA,2025,DOM,mathematics,338.8295,1.6928,335.51,342.15,BRR_FAY,7080,7080.0,80.0,
PISA,2025,DOM,reading,345.5421,2.5101,340.62,350.46,BRR_FAY,7080,7080.0,80.0,
PISA,2025,DOM,science,360.8466,2.3225,356.29,365.4,BRR_FAY,7080,7080.0,80.0,
PISA,2025,ECU,mathematics,365.8394,1.7217,362.46,369.21,BRR_FAY,9128,9128.0,80.0,
PISA,2025,ECU,reading,384.998,2.2963,380.5,389.5,BRR_FAY,9128,9128.0,80.0,
PISA,2025,ECU,science,393.4212,2.1619,389.18,397.66,BRR_FAY,9128,9128.0,80.0,
PISA,2025,ESP,mathematics,457.4489,1.6868,454.14,460.76,BRR_FAY,29966,29966.0,80.0,
PISA,2025,ESP,reading,451.3558,1.938,447.56,455.15,BRR_FAY,29966,29966.0,80.0,
PISA,2025,ESP,science,477.1273,1.9043,473.39,480.86,BRR_FAY,29966,29966.0,80.0,
PISA,2025,EST,mathematics,507.8957,2.2875,503.41,512.38,BRR_FAY,6304,6304.0,80.0,
PISA,2025,EST,reading,499.2443,2.5339,494.28,504.21,BRR_FAY,6304,6304.0,80.0,
PISA,2025,EST,science,527.1171,2.3344,522.54,531.69,BRR_FAY,6304,6304.0,80.0,
PISA,2025,FIN,mathematics,468.6945,2.2007,464.38,473.01,BRR_FAY,7668,7668.0,80.0,
PISA,2025,FIN,reading,474.2973,2.1202,470.14,478.45,BRR_FAY,7668,7668.0,80.0,
PISA,2025,FIN,science,504.3724,2.2606,499.94,508.8,BRR_FAY,7668,7668.0,80.0,
PISA,2025,FRA,mathematics,457.655,2.9951,451.78,463.53,BRR_FAY,6501,6501.0,80.0,
PISA,2025,FRA,reading,456.3345,3.2442,449.98,462.69,BRR_FAY,6501,6501.0,80.0,
PISA,2025,FRA,science,483.4212,3.2059,477.14,489.7,BRR_FAY,6501,6501.0,80.0,
PISA,2025,GBR,mathematics,487.5737,2.1993,483.26,491.88,BRR_FAY,15546,15546.0,80.0,
PISA,2025,GBR,reading,494.2309,2.0214,490.27,498.19,BRR_FAY,15546,15546.0,80.0,
PISA,2025,GBR,science,511.3558,2.1021,507.24,515.48,BRR_FAY,15546,15546.0,80.0,
PISA,2025,GEO,mathematics,416.3627,2.9375,410.61,422.12,BRR_FAY,6855,6855.0,80.0,
PISA,2025,GEO,reading,384.1786,2.4848,379.31,389.05,BRR_FAY,6855,6855.0,80.0,
PISA,2025,GEO,science,422.1187,2.652,416.92,427.32,BRR_FAY,6855,6855.0,80.0,
PISA,2025,GRC,mathematics,423.8522,2.9244,418.12,429.58,BRR_FAY,6858,6858.0,80.0,
PISA,2025,GRC,reading,422.6626,3.1907,416.41,428.92,BRR_FAY,6858,6858.0,80.0,
PISA,2025,GRC,science,434.2849,2.9384,428.53,440.04,BRR_FAY,6858,6858.0,80.0,
PISA,2025,GTM,mathematics,334.3025,1.9334,330.51,338.09,BRR_FAY,7014,7014.0,80.0,
PISA,2025,GTM,reading,337.0808,2.4981,332.18,341.98,BRR_FAY,7014,7014.0,80.0,
PISA,2025,GTM,science,351.234,2.5259,346.28,356.18,BRR_FAY,7014,7014.0,80.0,
PISA,2025,HKG,mathematics,521.7078,2.91,516.0,527.41,BRR_FAY,6445,6445.0,80.0,
PISA,2025,HKG,reading,480.1207,3.1987,473.85,486.39,BRR_FAY,6445,6445.0,80.0,
PISA,2025,HKG,science,495.6267,3.047,489.65,501.6,BRR_FAY,6445,6445.0,80.0,
PISA,2025,HRV,mathematics,455.2917,1.8155,451.73,458.85,BRR_FAY,6424,6424.0,80.0,
PISA,2025,HRV,reading,453.3873,1.7813,449.9,456.88,BRR_FAY,6424,6424.0,80.0,
PISA,2025,HRV,science,476.3009,1.7672,472.84,479.76,BRR_FAY,6424,6424.0,80.0,
PISA,2025,HUN,mathematics,459.4885,2.5084,454.57,464.41,BRR_FAY,6387,6387.0,80.0,
PISA,2025,HUN,reading,452.3063,2.3375,447.72,456.89,BRR_FAY,6387,6387.0,80.0,
PISA,2025,HUN,science,479.9118,2.444,475.12,484.7,BRR_FAY,6387,6387.0,80.0,
PISA,2025,IDN,mathematics,363.9017,2.1008,359.78,368.02,BRR_FAY,14168,14168.0,80.0,
PISA,2025,IDN,reading,365.2053,2.4528,360.4,370.01,BRR_FAY,14168,14168.0,80.0,
PISA,2025,IDN,science,388.6738,2.3186,384.13,393.22,BRR_FAY,14168,14168.0,80.0,
PISA,2025,IRL,mathematics,479.8747,1.8344,476.28,483.47,BRR_FAY,6356,6356.0,80.0,
PISA,2025,IRL,reading,500.4472,2.0345,496.46,504.43,BRR_FAY,6356,6356.0,80.0,
PISA,2025,IRL,science,499.5967,2.1707,495.34,503.85,BRR_FAY,6356,6356.0,80.0,
PISA,2025,ISL,mathematics,449.7303,1.4679,446.85,452.61,BRR_FAY,3974,3974.0,80.0,
PISA,2025,ISL,reading,422.2851,1.6164,419.12,425.45,BRR_FAY,3974,3974.0,80.0,
PISA,2025,ISL,science,441.3804,1.6497,438.15,444.61,BRR_FAY,3974,3974.0,80.0,
PISA,2025,ISR,mathematics,433.3749,3.1041,427.29,439.46,BRR_FAY,7330,7330.0,80.0,
PISA,2025,ISR,reading,435.8378,3.5238,428.93,442.74,BRR_FAY,7330,7330.0,80.0,
PISA,2025,ISR,science,442.0088,3.3513,435.44,448.58,BRR_FAY,7330,7330.0,80.0,
PISA,2025,ITA,mathematics,467.7626,2.8457,462.19,473.34,BRR_FAY,8946,8946.0,80.0,
PISA,2025,ITA,reading,474.2896,2.5983,469.2,479.38,BRR_FAY,8946,8946.0,80.0,
PISA,2025,ITA,science,482.9821,2.4788,478.12,487.84,BRR_FAY,8946,8946.0,80.0,
PISA,2025,JOR,mathematics,387.5613,2.1912,383.27,391.86,BRR_FAY,8290,8290.0,80.0,
PISA,2025,JOR,reading,362.5982,2.0884,358.51,366.69,BRR_FAY,8290,8290.0,80.0,
PISA,2025,JOR,science,406.9354,2.4789,402.08,411.79,BRR_FAY,8290,8290.0,80.0,
PISA,2025,JPN,mathematics,525.3758,4.2041,517.14,533.62,BRR_FAY,6554,6554.0,80.0,
PISA,2025,JPN,reading,502.7145,3.7778,495.31,510.12,BRR_FAY,6554,6554.0,80.0,
PISA,2025,JPN,science,537.5862,3.8059,530.13,545.05,BRR_FAY,6554,6554.0,80.0,
PISA,2025,KAZ,mathematics,413.7149,1.7478,410.29,417.14,BRR_FAY,22680,22680.0,80.0,
PISA,2025,KAZ,reading,384.7981,1.5188,381.82,387.77,BRR_FAY,22680,22680.0,80.0,
PISA,2025,KAZ,science,419.5476,1.5943,416.42,422.67,BRR_FAY,22680,22680.0,80.0,
PISA,2025,KEN,mathematics,325.9354,2.6948,320.65,331.22,BRR_FAY,6459,6459.0,80.0,
PISA,2025,KEN,reading,320.214,2.6531,315.01,325.41,BRR_FAY,6459,6459.0,80.0,
PISA,2025,KEN,science,334.9494,2.9217,329.22,340.68,BRR_FAY,6459,6459.0,80.0,
PISA,2025,KGZ,mathematics,363.8064,1.9784,359.93,367.68,BRR_FAY,6645,6645.0,80.0,
PISA,2025,KGZ,reading,344.3976,2.3921,339.71,349.09,BRR_FAY,6645,6645.0,80.0,
PISA,2025,KGZ,science,362.5294,2.1804,358.26,366.8,BRR_FAY,6645,6645.0,80.0,
PISA,2025,KHM,mathematics,365.8417,1.6687,362.57,369.11,BRR_FAY,5464,5464.0,80.0,
PISA,2025,KHM,reading,347.2263,1.5005,344.29,350.17,BRR_FAY,5464,5464.0,80.0,
PISA,2025,KHM,science,381.9351,1.6906,378.62,385.25,BRR_FAY,5464,5464.0,80.0,
PISA,2025,KOR,mathematics,522.2978,3.9581,514.54,530.06,BRR_FAY,6859,6859.0,80.0,
PISA,2025,KOR,reading,500.5606,3.4458,493.81,507.31,BRR_FAY,6859,6859.0,80.0,
PISA,2025,KOR,science,526.1053,3.3696,519.5,532.71,BRR_FAY,6859,6859.0,80.0,
PISA,2025,KSV,mathematics,350.4395,1.3285,347.84,353.04,BRR_FAY,6632,6632.0,80.0,
PISA,2025,KSV,reading,340.4644,1.2916,337.93,343.0,BRR_FAY,6632,6632.0,80.0,
PISA,2025,KSV,science,357.0148,1.299,354.47,359.56,BRR_FAY,6632,6632.0,80.0,
PISA,2025,LBN,mathematics,377.1381,3.0242,371.21,383.07,BRR_FAY,7382,7382.0,80.0,
PISA,2025,LBN,reading,330.9027,3.3391,324.36,337.45,BRR_FAY,7382,7382.0,80.0,
PISA,2025,LBN,science,372.0057,3.4528,365.24,378.77,BRR_FAY,7382,7382.0,80.0,
PISA,2025,LTU,mathematics,470.4915,1.8743,466.82,474.17,BRR_FAY,7718,7718.0,80.0,
PISA,2025,LTU,reading,464.0538,1.9142,460.3,467.81,BRR_FAY,7718,7718.0,80.0,
PISA,2025,LTU,science,487.739,1.7808,484.25,491.23,BRR_FAY,7718,7718.0,80.0,
PISA,2025,LUX,mathematics,458.143,0.8803,456.42,459.87,BRR_FAY,6078,6078.0,80.0,
PISA,2025,LUX,reading,443.2322,1.0539,441.17,445.3,BRR_FAY,6078,6078.0,80.0,
PISA,2025,LUX,science,473.7703,1.0545,471.7,475.84,BRR_FAY,6078,6078.0,80.0,
PISA,2025,LVA,mathematics,460.4927,1.7023,457.16,463.83,BRR_FAY,6968,6968.0,80.0,
PISA,2025,LVA,reading,429.6787,2.0282,425.7,433.65,BRR_FAY,6968,6968.0,80.0,
PISA,2025,LVA,science,468.3674,2.054,464.34,472.39,BRR_FAY,6968,6968.0,80.0,
PISA,2025,MAC,mathematics,549.3016,1.1472,547.05,551.55,BRR_FAY,4953,4953.0,80.0,
PISA,2025,MAC,reading,501.0536,1.1555,498.79,503.32,BRR_FAY,4953,4953.0,80.0,
PISA,2025,MAC,science,540.8139,1.1274,538.6,543.02,BRR_FAY,4953,4953.0,80.0,
PISA,2025,MAR,mathematics,354.7551,2.9552,348.96,360.55,BRR_FAY,6978,6978.0,80.0,
PISA,2025,MAR,reading,321.1271,3.4833,314.3,327.95,BRR_FAY,6978,6978.0,80.0,
PISA,2025,MAR,science,357.9798,3.3258,351.46,364.5,BRR_FAY,6978,6978.0,80.0,
PISA,2025,MDA,mathematics,410.1301,2.557,405.12,415.14,BRR_FAY,6640,6640.0,80.0,
PISA,2025,MDA,reading,403.7011,2.898,398.02,409.38,BRR_FAY,6640,6640.0,80.0,
PISA,2025,MDA,science,421.947,2.8449,416.37,427.52,BRR_FAY,6640,6640.0,80.0,
PISA,2025,MEX,mathematics,387.5872,1.8582,383.95,391.23,BRR_FAY,7843,7843.0,80.0,
PISA,2025,MEX,reading,407.9376,2.1598,403.7,412.17,BRR_FAY,7843,7843.0,80.0,
PISA,2025,MEX,science,413.5654,2.0014,409.64,417.49,BRR_FAY,7843,7843.0,80.0,
PISA,2025,MKD,mathematics,379.792,0.9708,377.89,381.69,BRR_FAY,6977,6977.0,80.0,
PISA,2025,MKD,reading,357.4437,0.9933,355.5,359.39,BRR_FAY,6977,6977.0,80.0,
PISA,2025,MKD,science,378.4981,1.039,376.46,380.53,BRR_FAY,6977,6977.0,80.0,
PISA,2025,MLT,mathematics,439.0827,1.7834,435.59,442.58,BRR_FAY,3680,3680.0,80.0,
PISA,2025,MLT,reading,414.6257,1.6079,411.47,417.78,BRR_FAY,3680,3680.0,80.0,
PISA,2025,MLT,science,452.527,1.5469,449.5,455.56,BRR_FAY,3680,3680.0,80.0,
PISA,2025,MNE,mathematics,411.058,1.1169,408.87,413.25,BRR_FAY,6436,6436.0,80.0,
PISA,2025,MNE,reading,418.3713,1.2157,415.99,420.75,BRR_FAY,6436,6436.0,80.0,
PISA,2025,MNE,science,435.1844,1.3123,432.61,437.76,BRR_FAY,6436,6436.0,80.0,
PISA,2025,MNG,mathematics,418.6423,2.2945,414.15,423.14,BRR_FAY,7146,7146.0,80.0,
PISA,2025,MNG,reading,374.2527,1.7494,370.82,377.68,BRR_FAY,7146,7146.0,80.0,
PISA,2025,MNG,science,424.0337,2.1289,419.86,428.21,BRR_FAY,7146,7146.0,80.0,
PISA,2025,MUS,mathematics,406.8548,3.6682,399.67,414.04,BRR_FAY,5360,5360.0,80.0,
PISA,2025,MUS,reading,405.3334,3.502,398.47,412.2,BRR_FAY,5360,5360.0,80.0,
PISA,2025,MUS,science,438.164,4.1941,429.94,446.38,BRR_FAY,5360,5360.0,80.0,
PISA,2025,MYS,mathematics,397.4226,2.1981,393.11,401.73,BRR_FAY,7624,7624.0,80.0,
PISA,2025,MYS,reading,392.7719,2.1576,388.54,397.0,BRR_FAY,7624,7624.0,80.0,
PISA,2025,MYS,science,419.2027,2.1592,414.97,423.43,BRR_FAY,7624,7624.0,80.0,
PISA,2025,NLD,mathematics,483.2703,2.8883,477.61,488.93,BRR_FAY,6636,6636.0,80.0,
PISA,2025,NLD,reading,441.3449,2.8949,435.67,447.02,BRR_FAY,6636,6636.0,80.0,
PISA,2025,NLD,science,485.4514,2.8215,479.92,490.98,BRR_FAY,6636,6636.0,80.0,
PISA,2025,NOR,mathematics,451.7801,2.0202,447.82,455.74,BRR_FAY,6469,6469.0,80.0,
PISA,2025,NOR,reading,452.8013,2.0869,448.71,456.89,BRR_FAY,6469,6469.0,80.0,
PISA,2025,NOR,science,470.2123,2.0225,466.25,474.18,BRR_FAY,6469,6469.0,80.0,
PISA,2025,NZL,mathematics,479.6191,2.1652,475.38,483.86,BRR_FAY,5004,5004.0,80.0,
PISA,2025,NZL,reading,497.0445,2.4204,492.3,501.79,BRR_FAY,5004,5004.0,80.0,
PISA,2025,NZL,science,509.3979,2.311,504.87,513.93,BRR_FAY,5004,5004.0,80.0,
PISA,2025,PER,mathematics,382.4394,2.4483,377.64,387.24,BRR_FAY,6991,6991.0,80.0,
PISA,2025,PER,reading,390.1372,2.9089,384.44,395.84,BRR_FAY,6991,6991.0,80.0,
PISA,2025,PER,science,405.6005,2.5294,400.64,410.56,BRR_FAY,6991,6991.0,80.0,
PISA,2025,PHL,mathematics,370.6309,1.6985,367.3,373.96,BRR_FAY,8072,8072.0,80.0,
PISA,2025,PHL,reading,366.9185,2.371,362.27,371.57,BRR_FAY,8072,8072.0,80.0,
PISA,2025,PHL,science,373.3185,2.287,368.84,377.8,BRR_FAY,8072,8072.0,80.0,
PISA,2025,POL,mathematics,484.1209,2.7584,478.71,489.53,BRR_FAY,7103,7103.0,80.0,
PISA,2025,POL,reading,481.5374,2.8471,475.96,487.12,BRR_FAY,7103,7103.0,80.0,
PISA,2025,POL,science,495.067,2.7425,489.69,500.44,BRR_FAY,7103,7103.0,80.0,
PISA,2025,PRT,mathematics,459.943,3.4548,453.17,466.71,BRR_FAY,6945,6945.0,80.0,
PISA,2025,PRT,reading,462.0274,3.2281,455.7,468.35,BRR_FAY,6945,6945.0,80.0,
PISA,2025,PRT,science,481.716,3.5177,474.82,488.61,BRR_FAY,6945,6945.0,80.0,
PISA,2025,PRY,mathematics,333.7307,1.5878,330.62,336.84,BRR_FAY,6507,6507.0,80.0,
PISA,2025,PRY,reading,352.2158,2.0279,348.24,356.19,BRR_FAY,6507,6507.0,80.0,
PISA,2025,PRY,science,355.2441,1.9713,351.38,359.11,BRR_FAY,6507,6507.0,80.0,
PISA,2025,PSE,mathematics,354.337,1.7755,350.86,357.82,BRR_FAY,9647,9647.0,80.0,
PISA,2025,PSE,reading,349.8762,1.8665,346.22,353.53,BRR_FAY,9647,9647.0,80.0,
PISA,2025,PSE,science,358.7395,1.9473,354.92,362.56,BRR_FAY,9647,9647.0,80.0,
PISA,2025,QAT,mathematics,416.1618,1.3472,413.52,418.8,BRR_FAY,6674,6674.0,80.0,
PISA,2025,QAT,reading,418.0284,1.3535,415.38,420.68,BRR_FAY,6674,6674.0,80.0,
PISA,2025,QAT,science,434.3997,1.3403,431.77,437.03,BRR_FAY,6674,6674.0,80.0,
PISA,2025,QCI,mathematics,612.4297,2.5465,607.44,617.42,BRR_FAY,12385,12385.0,80.0,
PISA,2025,QCI,reading,526.5182,1.9851,522.63,530.41,BRR_FAY,12385,12385.0,80.0,
PISA,2025,QCI,science,597.0438,2.1561,592.82,601.27,BRR_FAY,12385,12385.0,80.0,
PISA,2025,QKI,mathematics,338.7574,1.7731,335.28,342.23,BRR_FAY,5732,5732.0,80.0,
PISA,2025,QKI,reading,311.5303,2.0251,307.56,315.5,BRR_FAY,5732,5732.0,80.0,
PISA,2025,QKI,science,352.1914,1.789,348.68,355.7,BRR_FAY,5732,5732.0,80.0,
PISA,2025,QTJ,mathematics,382.1373,0.9791,380.22,384.06,BRR_FAY,5771,5771.0,80.0,
PISA,2025,QTJ,reading,368.0838,1.1615,365.81,370.36,BRR_FAY,5771,5771.0,80.0,
PISA,2025,QTJ,science,333.7648,1.4187,330.98,336.55,BRR_FAY,5771,5771.0,80.0,
PISA,2025,QUA,mathematics,430.992,2.5563,425.98,436.0,BRR_FAY,7105,7105.0,80.0,
PISA,2025,QUA,reading,418.4229,2.4956,413.53,423.31,BRR_FAY,7105,7105.0,80.0,
PISA,2025,QUA,science,448.0823,2.491,443.2,452.96,BRR_FAY,7105,7105.0,80.0,
PISA,2025,ROU,mathematics,419.1242,4.5329,410.24,428.01,BRR_FAY,7725,7725.0,80.0,
PISA,2025,ROU,reading,412.9495,3.9783,405.15,420.75,BRR_FAY,7725,7725.0,80.0,
PISA,2025,ROU,science,424.7091,4.1502,416.57,432.84,BRR_FAY,7725,7725.0,80.0,
PISA,2025,RWA,mathematics,311.6483,3.0251,305.72,317.58,BRR_FAY,6622,6622.0,80.0,
PISA,2025,RWA,reading,300.9439,2.0149,296.99,304.89,BRR_FAY,6622,6622.0,80.0,
PISA,2025,RWA,science,317.2865,3.4961,310.43,324.14,BRR_FAY,6622,6622.0,80.0,
PISA,2025,SAU,mathematics,389.8859,2.4,385.18,394.59,BRR_FAY,7272,7272.0,80.0,
PISA,2025,SAU,reading,387.2841,2.381,382.62,391.95,BRR_FAY,7272,7272.0,80.0,
PISA,2025,SAU,science,413.4301,2.6455,408.24,418.62,BRR_FAY,7272,7272.0,80.0,
PISA,2025,SGP,mathematics,562.8975,1.5715,559.82,565.98,BRR_FAY,6551,6551.0,80.0,
PISA,2025,SGP,reading,534.9,1.9405,531.1,538.7,BRR_FAY,6551,6551.0,80.0,
PISA,2025,SGP,science,559.8506,1.7129,556.49,563.21,BRR_FAY,6551,6551.0,80.0,
PISA,2025,SLV,mathematics,346.2498,1.8016,342.72,349.78,BRR_FAY,7073,7073.0,80.0,
PISA,2025,SLV,reading,366.4317,2.283,361.96,370.91,BRR_FAY,7073,7073.0,80.0,
PISA,2025,SLV,science,384.6732,2.1761,380.41,388.94,BRR_FAY,7073,7073.0,80.0,
PISA,2025,SRB,mathematics,416.7354,2.9969,410.86,422.61,BRR_FAY,7041,7041.0,80.0,
PISA,2025,SRB,reading,414.5985,3.3727,407.99,421.21,BRR_FAY,7041,7041.0,80.0,
PISA,2025,SRB,science,428.9946,2.9288,423.25,434.74,BRR_FAY,7041,7041.0,80.0,
PISA,2025,SVK,mathematics,469.0983,2.4458,464.3,473.89,BRR_FAY,6682,6682.0,80.0,
PISA,2025,SVK,reading,447.9671,2.5611,442.95,452.99,BRR_FAY,6682,6682.0,80.0,
PISA,2025,SVK,science,474.8721,2.5046,469.96,479.78,BRR_FAY,6682,6682.0,80.0,
PISA,2025,SVN,mathematics,459.8356,1.1858,457.51,462.16,BRR_FAY,7366,7366.0,80.0,
PISA,2025,SVN,reading,444.7476,1.294,442.21,447.28,BRR_FAY,7366,7366.0,80.0,
PISA,2025,SVN,science,483.722,1.2774,481.22,486.23,BRR_FAY,7366,7366.0,80.0,
PISA,2025,SWE,mathematics,464.2512,2.5087,459.33,469.17,BRR_FAY,6688,6688.0,80.0,
PISA,2025,SWE,reading,466.4363,3.1495,460.26,472.61,BRR_FAY,6688,6688.0,80.0,
PISA,2025,SWE,science,485.1107,2.9939,479.24,490.98,BRR_FAY,6688,6688.0,80.0,
PISA,2025,TAP,mathematics,546.1891,3.1154,540.08,552.3,BRR_FAY,7279,7279.0,80.0,
PISA,2025,TAP,reading,507.788,2.945,502.02,513.56,BRR_FAY,7279,7279.0,80.0,
PISA,2025,TAP,science,539.7017,3.008,533.81,545.6,BRR_FAY,7279,7279.0,80.0,
PISA,2025,THA,mathematics,406.7648,2.8783,401.12,412.41,BRR_FAY,8547,8547.0,80.0,
PISA,2025,THA,reading,391.8296,3.0112,385.93,397.73,BRR_FAY,8547,8547.0,80.0,
PISA,2025,THA,science,432.2405,3.1886,425.99,438.49,BRR_FAY,8547,8547.0,80.0,
PISA,2025,TUR,mathematics,461.5466,2.3974,456.85,466.25,BRR_FAY,7702,7702.0,80.0,
PISA,2025,TUR,reading,472.0955,2.3062,467.58,476.62,BRR_FAY,7702,7702.0,80.0,
PISA,2025,TUR,science,494.2691,2.305,489.75,498.79,BRR_FAY,7702,7702.0,80.0,
PISA,2025,URY,mathematics,404.8788,1.9452,401.07,408.69,BRR_FAY,6572,6572.0,80.0,
PISA,2025,URY,reading,423.2127,2.0477,419.2,427.23,BRR_FAY,6572,6572.0,80.0,
PISA,2025,URY,science,444.5493,1.8163,440.99,448.11,BRR_FAY,6572,6572.0,80.0,
PISA,2025,USA,mathematics,462.8478,5.3968,452.27,473.43,BRR_FAY,4623,4623.0,80.0,
PISA,2025,USA,reading,489.5189,5.8368,478.08,500.96,BRR_FAY,4623,4623.0,80.0,
PISA,2025,USA,science,501.5832,5.8165,490.18,512.98,BRR_FAY,4623,4623.0,80.0,
PISA,2025,UZB,science,437.597,2.726,432.25,442.94,BRR_FAY,8652,8652.0,80.0,
PISA,2025,VNM,mathematics,443.186,4.2426,434.87,451.5,BRR_FAY,7368,7368.0,80.0,
PISA,2025,VNM,reading,391.5367,3.6586,384.37,398.71,BRR_FAY,7368,7368.0,80.0,
PISA,2025,VNM,science,457.4209,3.9283,449.72,465.12,BRR_FAY,7368,7368.0,80.0,
PISA,2025,ZMB,mathematics,313.6333,9.2748,295.45,331.81,BRR_FAY,5735,5735.0,80.0,
PISA,2025,ZMB,reading,324.8781,8.1965,308.81,340.94,BRR_FAY,5735,5735.0,80.0,
PISA,2025,ZMB,science,336.9547,10.992,315.41,358.5,BRR_FAY,5735,5735.0,80.0,
TIMSS,1995,AUT,mathematics,517.2892,2.4824,512.42,522.15,JRR_ZONES,5786,5786.0,416.0,
TIMSS,1995,AUT,science,521.3768,3.2728,514.96,527.79,JRR_ZONES,5786,5786.0,416.0,
TIMSS,1995,BFL,mathematics,548.3267,3.8158,540.85,555.81,JRR_ZONES,5662,5662.0,416.0,
TIMSS,1995,BFL,science,525.0407,3.9062,517.38,532.7,JRR_ZONES,5662,5662.0,416.0,
TIMSS,1995,BFR,mathematics,511.7411,3.2003,505.47,518.01,JRR_ZONES,4883,4883.0,416.0,
TIMSS,1995,BFR,science,452.8101,3.5277,445.9,459.72,JRR_ZONES,4883,4883.0,416.0,
TIMSS,1995,CAN,mathematics,505.7743,1.8024,502.24,509.31,JRR_ZONES,16581,16581.0,416.0,
TIMSS,1995,CAN,science,499.9413,2.2517,495.53,504.35,JRR_ZONES,16581,16581.0,416.0,
TIMSS,1995,CHE,mathematics,533.5459,1.8572,529.91,537.19,JRR_ZONES,11722,11722.0,416.0,
TIMSS,1995,CHE,science,507.9485,2.1134,503.81,512.09,JRR_ZONES,11722,11722.0,416.0,
TIMSS,1995,COL,mathematics,345.04,5.5003,334.26,355.82,JRR_ZONES,5304,5304.0,416.0,
TIMSS,1995,COL,science,378.0737,6.0172,366.28,389.87,JRR_ZONES,5304,5304.0,416.0,
TIMSS,1995,CYP,mathematics,451.446,1.7005,448.11,454.78,JRR_ZONES,5852,5852.0,416.0,
TIMSS,1995,CYP,science,429.0906,1.3741,426.4,431.78,JRR_ZONES,5852,5852.0,416.0,
TIMSS,1995,CZE,mathematics,529.102,3.8745,521.51,536.7,JRR_ZONES,6672,6672.0,416.0,
TIMSS,1995,CZE,science,538.0504,3.2381,531.7,544.4,JRR_ZONES,6672,6672.0,416.0,
TIMSS,1995,DEU,mathematics,492.385,4.1244,484.3,500.47,JRR_ZONES,5763,5763.0,416.0,
TIMSS,1995,DEU,science,503.5824,4.7301,494.31,512.85,JRR_ZONES,5763,5763.0,416.0,
TIMSS,1995,DNK,mathematics,482.3368,2.093,478.23,486.44,JRR_ZONES,4370,4370.0,416.0,
TIMSS,1995,DNK,science,454.5577,2.6028,449.46,459.66,JRR_ZONES,4370,4370.0,416.0,
TIMSS,1995,ENG,mathematics,483.5895,2.7845,478.13,489.05,JRR_ZONES,3579,3579.0,416.0,
TIMSS,1995,ENG,science,516.3168,2.897,510.64,521.99,JRR_ZONES,3579,3579.0,416.0,
TIMSS,1995,ESP,mathematics,463.333,2.2565,458.91,467.76,JRR_ZONES,7596,7596.0,416.0,
TIMSS,1995,ESP,science,485.768,2.2759,481.31,490.23,JRR_ZONES,7596,7596.0,416.0,
TIMSS,1995,GRC,mathematics,454.9902,3.411,448.3,461.68,JRR_ZONES,7921,7921.0,416.0,
TIMSS,1995,GRC,science,461.3512,2.8051,455.85,466.85,JRR_ZONES,7921,7921.0,416.0,
TIMSS,1995,IRL,mathematics,507.7519,3.561,500.77,514.73,JRR_ZONES,6203,6203.0,416.0,
TIMSS,1995,IRL,science,498.3518,3.7184,491.06,505.64,JRR_ZONES,6203,6203.0,416.0,
TIMSS,1995,IRN,mathematics,397.6076,3.5099,390.73,404.49,JRR_ZONES,7429,7429.0,416.0,
TIMSS,1995,IRN,science,446.6397,3.4932,439.79,453.49,JRR_ZONES,7429,7429.0,416.0,
TIMSS,1995,ISR,mathematics,513.3149,6.2148,501.13,525.5,JRR_ZONES,1415,1415.0,416.0,
TIMSS,1995,ISR,science,508.9575,6.2456,496.72,521.2,JRR_ZONES,1415,1415.0,416.0,
TIMSS,1995,ITA,mathematics,471.8647,2.9389,466.1,477.62,JRR_ZONES,4836,4836.0,416.0,
TIMSS,1995,ITA,science,476.9163,3.0442,470.95,482.88,JRR_ZONES,4836,4836.0,416.0,
TIMSS,1995,JPN,mathematics,568.9289,1.5042,565.98,571.88,JRR_ZONES,10271,10271.0,416.0,
TIMSS,1995,JPN,science,538.1906,1.7037,534.85,541.53,JRR_ZONES,10271,10271.0,416.0,
TIMSS,1995,LTU,mathematics,447.7643,3.6268,440.66,454.87,JRR_ZONES,5056,5056.0,416.0,
TIMSS,1995,LTU,science,429.947,3.7539,422.59,437.3,JRR_ZONES,5056,5056.0,416.0,
TIMSS,1995,LVA,mathematics,472.355,2.9238,466.62,478.09,JRR_ZONES,4976,4976.0,416.0,
TIMSS,1995,LVA,science,449.5737,2.8212,444.04,455.1,JRR_ZONES,4976,4976.0,416.0,
TIMSS,1995,NOR,mathematics,478.9983,2.2611,474.57,483.43,JRR_ZONES,5736,5736.0,416.0,
TIMSS,1995,NOR,science,494.6488,2.4285,489.89,499.41,JRR_ZONES,5736,5736.0,416.0,
TIMSS,1995,NZL,mathematics,483.7564,3.2759,477.34,490.18,JRR_ZONES,6867,6867.0,416.0,
TIMSS,1995,NZL,science,490.1169,3.48,483.3,496.94,JRR_ZONES,6867,6867.0,416.0,
TIMSS,1995,PRT,mathematics,433.5919,2.7671,428.17,439.02,JRR_ZONES,6753,6753.0,416.0,
TIMSS,1995,PRT,science,444.4094,2.8736,438.78,450.04,JRR_ZONES,6753,6753.0,416.0,
TIMSS,1995,ROM,mathematics,460.2217,4.1836,452.02,468.42,JRR_ZONES,7471,7471.0,416.0,
TIMSS,1995,ROM,science,455.026,4.9391,445.35,464.71,JRR_ZONES,7471,7471.0,416.0,
TIMSS,1995,RUS,mathematics,508.739,4.0835,500.74,516.74,JRR_ZONES,8160,8160.0,416.0,
TIMSS,1995,RUS,science,496.849,4.2021,488.61,505.09,JRR_ZONES,8160,8160.0,416.0,
TIMSS,1995,SVN,mathematics,512.0384,2.4499,507.24,516.84,JRR_ZONES,5606,5606.0,416.0,
TIMSS,1995,SVN,science,526.9626,2.4679,522.13,531.8,JRR_ZONES,5606,5606.0,416.0,
TIMSS,1995,SWE,mathematics,510.1058,2.2597,505.68,514.53,JRR_ZONES,8855,8855.0,416.0,
TIMSS,1995,SWE,science,520.1569,2.4234,515.41,524.91,JRR_ZONES,8855,8855.0,416.0,
TIMSS,1995,THA,mathematics,503.7922,5.3497,493.31,514.28,JRR_ZONES,11643,11643.0,416.0,
TIMSS,1995,THA,science,495.5945,4.2057,487.35,503.84,JRR_ZONES,11643,11643.0,416.0,
TIMSS,1995,USA,mathematics,480.4901,4.637,471.4,489.58,JRR_ZONES,10973,10973.0,416.0,
TIMSS,1995,USA,science,500.6289,5.4645,489.92,511.34,JRR_ZONES,10973,10973.0,416.0,
TIMSS,1999,AUS,mathematics,525.0803,4.7291,515.81,534.35,JRR_ZONES,4032,4032.0,532.0,
TIMSS,1999,AUS,science,540.2582,4.5311,531.38,549.14,JRR_ZONES,4032,4032.0,532.0,
TIMSS,1999,BFL,mathematics,557.9584,3.4925,551.11,564.8,JRR_ZONES,5259,5259.0,532.0,
TIMSS,1999,BFL,science,534.8579,2.9423,529.09,540.62,JRR_ZONES,5259,5259.0,532.0,
TIMSS,1999,BGR,mathematics,510.5905,5.8174,499.19,521.99,JRR_ZONES,3272,3272.0,532.0,
TIMSS,1999,BGR,science,518.011,5.5299,507.17,528.85,JRR_ZONES,3272,3272.0,532.0,
TIMSS,1999,CAN,mathematics,530.7527,2.3427,526.16,535.34,JRR_ZONES,8770,8770.0,532.0,
TIMSS,1999,CAN,science,533.082,2.1937,528.78,537.38,JRR_ZONES,8770,8770.0,532.0,
TIMSS,1999,CYP,mathematics,476.3821,1.856,472.74,480.02,JRR_ZONES,3116,3116.0,532.0,
TIMSS,1999,CYP,science,460.2383,2.3172,455.7,464.78,JRR_ZONES,3116,3116.0,532.0,
TIMSS,1999,CZE,mathematics,519.874,4.144,511.75,528.0,JRR_ZONES,3453,3453.0,532.0,
TIMSS,1999,CZE,science,539.4169,4.1587,531.27,547.57,JRR_ZONES,3453,3453.0,532.0,
TIMSS,1999,ENG,mathematics,496.33,4.2384,488.02,504.64,JRR_ZONES,2960,2960.0,532.0,
TIMSS,1999,ENG,science,538.4682,4.7724,529.11,547.82,JRR_ZONES,2960,2960.0,532.0,
TIMSS,1999,FIN,mathematics,520.4518,2.7147,515.13,525.77,JRR_ZONES,2920,2920.0,532.0,
TIMSS,1999,FIN,science,535.2068,3.1928,528.95,541.46,JRR_ZONES,2920,2920.0,532.0,
TIMSS,1999,HKG,mathematics,582.0556,4.2839,573.66,590.45,JRR_ZONES,5179,5179.0,532.0,
TIMSS,1999,HKG,science,529.5473,3.4967,522.69,536.4,JRR_ZONES,5179,5179.0,532.0,
TIMSS,1999,HUN,mathematics,531.6012,3.6081,524.53,538.67,JRR_ZONES,3183,3183.0,532.0,
TIMSS,1999,HUN,science,552.3812,3.5616,545.4,559.36,JRR_ZONES,3183,3183.0,532.0,
TIMSS,1999,IDN,mathematics,403.0701,4.8814,393.5,412.64,JRR_ZONES,5848,5848.0,532.0,
TIMSS,1999,IDN,science,435.4725,4.3987,426.85,444.09,JRR_ZONES,5848,5848.0,532.0,
TIMSS,1999,IRN,mathematics,422.1482,3.4175,415.45,428.85,JRR_ZONES,5301,5301.0,532.0,
TIMSS,1999,IRN,science,448.0025,3.791,440.57,455.43,JRR_ZONES,5301,5301.0,532.0,
TIMSS,1999,ISR,mathematics,466.336,4.2778,457.95,474.72,JRR_ZONES,4195,4195.0,532.0,
TIMSS,1999,ISR,science,468.0621,5.3033,457.67,478.46,JRR_ZONES,4195,4195.0,532.0,
TIMSS,1999,ITA,mathematics,479.4788,3.8793,471.88,487.08,JRR_ZONES,3328,3328.0,532.0,
TIMSS,1999,ITA,science,493.2808,3.9902,485.46,501.1,JRR_ZONES,3328,3328.0,532.0,
TIMSS,1999,JOR,mathematics,427.664,3.682,420.45,434.88,JRR_ZONES,5052,5052.0,532.0,
TIMSS,1999,JOR,science,450.3428,3.7787,442.94,457.75,JRR_ZONES,5052,5052.0,532.0,
TIMSS,1999,KOR,mathematics,587.1518,2.047,583.14,591.16,JRR_ZONES,6114,6114.0,532.0,
TIMSS,1999,KOR,science,548.6424,2.6807,543.39,553.9,JRR_ZONES,6114,6114.0,532.0,
TIMSS,1999,LTU,mathematics,481.5673,4.2619,473.21,489.92,JRR_ZONES,2361,2361.0,532.0,
TIMSS,1999,LTU,science,488.1521,4.1192,480.08,496.23,JRR_ZONES,2361,2361.0,532.0,
TIMSS,1999,LVA,mathematics,505.0591,3.4676,498.26,511.86,JRR_ZONES,2873,2873.0,532.0,
TIMSS,1999,LVA,science,502.6928,4.8333,493.22,512.17,JRR_ZONES,2873,2873.0,532.0,
TIMSS,1999,MAR,mathematics,336.5966,2.5723,331.56,341.64,JRR_ZONES,5402,5402.0,532.0,
TIMSS,1999,MAR,science,322.8162,3.9935,314.99,330.64,JRR_ZONES,5402,5402.0,532.0,
TIMSS,1999,MDA,mathematics,469.2306,3.8511,461.68,476.78,JRR_ZONES,3711,3711.0,532.0,
TIMSS,1999,MDA,science,459.137,4.0327,451.23,467.04,JRR_ZONES,3711,3711.0,532.0,
TIMSS,1999,MKD,mathematics,446.6035,4.1982,438.38,454.83,JRR_ZONES,4023,4023.0,532.0,
TIMSS,1999,MKD,science,458.0946,5.1668,447.97,468.22,JRR_ZONES,4023,4023.0,532.0,
TIMSS,1999,MYS,mathematics,519.2561,4.4625,510.51,528.0,JRR_ZONES,5577,5577.0,532.0,
TIMSS,1999,MYS,science,492.4313,4.3289,483.95,500.92,JRR_ZONES,5577,5577.0,532.0,
TIMSS,1999,NLD,mathematics,539.8754,7.2731,525.62,554.13,JRR_ZONES,2962,2962.0,532.0,
TIMSS,1999,NLD,science,544.7493,7.0452,530.94,558.56,JRR_ZONES,2962,2962.0,532.0,
TIMSS,1999,NZL,mathematics,490.9674,5.3025,480.57,501.36,JRR_ZONES,3613,3613.0,532.0,
TIMSS,1999,NZL,science,509.6338,5.1268,499.59,519.68,JRR_ZONES,3613,3613.0,532.0,
TIMSS,1999,PHL,mathematics,344.9052,5.8383,333.46,356.35,JRR_ZONES,6601,6601.0,532.0,
TIMSS,1999,PHL,science,345.2293,7.6239,330.29,360.17,JRR_ZONES,6601,6601.0,532.0,
TIMSS,1999,ROM,mathematics,472.4399,5.6448,461.38,483.5,JRR_ZONES,3425,3425.0,532.0,
TIMSS,1999,ROM,science,471.8655,5.7346,460.63,483.11,JRR_ZONES,3425,3425.0,532.0,
TIMSS,1999,RUS,mathematics,526.0227,5.8005,514.65,537.39,JRR_ZONES,4332,4332.0,532.0,
TIMSS,1999,RUS,science,529.22,6.4476,516.58,541.86,JRR_ZONES,4332,4332.0,532.0,
TIMSS,1999,SGP,mathematics,604.3935,6.3137,592.02,616.77,JRR_ZONES,4966,4966.0,532.0,
TIMSS,1999,SGP,science,567.8942,8.0299,552.16,583.63,JRR_ZONES,4966,4966.0,532.0,
TIMSS,1999,SVK,mathematics,533.9532,3.9854,526.14,541.76,JRR_ZONES,3497,3497.0,532.0,
TIMSS,1999,SVK,science,535.0093,3.6064,527.94,542.08,JRR_ZONES,3497,3497.0,532.0,
TIMSS,1999,SVN,mathematics,530.1125,2.923,524.38,535.84,JRR_ZONES,3109,3109.0,532.0,
TIMSS,1999,SVN,science,533.2546,3.3047,526.78,539.73,JRR_ZONES,3109,3109.0,532.0,
TIMSS,1999,THA,mathematics,467.3774,5.074,457.43,477.32,JRR_ZONES,5732,5732.0,532.0,
TIMSS,1999,THA,science,482.314,3.9146,474.64,489.99,JRR_ZONES,5732,5732.0,532.0,
TIMSS,1999,TUN,mathematics,447.9252,2.4564,443.11,452.74,JRR_ZONES,5051,5051.0,532.0,
TIMSS,1999,TUN,science,429.5117,3.4068,422.83,436.19,JRR_ZONES,5051,5051.0,532.0,
TIMSS,1999,TUR,mathematics,428.6056,4.5918,419.61,437.61,JRR_ZONES,7841,7841.0,532.0,
TIMSS,1999,TUR,science,432.951,4.2765,424.57,441.33,JRR_ZONES,7841,7841.0,532.0,
TIMSS,2003,ARM,mathematics,478.1272,2.9974,472.25,484.0,JRR_ZONES,5726,5726.0,390.0,
TIMSS,2003,ARM,science,461.2667,3.5627,454.28,468.25,JRR_ZONES,5726,5726.0,390.0,
TIMSS,2003,BFL,mathematics,536.7097,2.8186,531.19,542.23,JRR_ZONES,4970,4970.0,390.0,
TIMSS,2003,BFL,science,515.5065,2.4615,510.68,520.33,JRR_ZONES,4970,4970.0,390.0,
TIMSS,2003,BGR,mathematics,476.1686,4.3427,467.66,484.68,JRR_ZONES,4117,4117.0,390.0,
TIMSS,2003,BGR,science,478.8431,5.1653,468.72,488.97,JRR_ZONES,4117,4117.0,390.0,
TIMSS,2003,BHR,mathematics,401.1962,1.6554,397.95,404.44,JRR_ZONES,4199,4199.0,390.0,
TIMSS,2003,BHR,science,438.2555,1.7233,434.88,441.63,JRR_ZONES,4199,4199.0,390.0,
TIMSS,2003,BSQ,mathematics,487.0615,2.7214,481.73,492.4,JRR_ZONES,2514,2514.0,390.0,
TIMSS,2003,BSQ,science,488.7535,2.6758,483.51,494.0,JRR_ZONES,2514,2514.0,390.0,
TIMSS,2003,CHL,mathematics,386.8802,3.3233,380.37,393.39,JRR_ZONES,6377,6377.0,390.0,
TIMSS,2003,CHL,science,412.8508,2.8336,407.3,418.4,JRR_ZONES,6377,6377.0,390.0,
TIMSS,2003,COT,mathematics,520.9319,3.0728,514.91,526.95,JRR_ZONES,4217,4217.0,390.0,
TIMSS,2003,COT,science,532.9198,2.6756,527.68,538.16,JRR_ZONES,4217,4217.0,390.0,
TIMSS,2003,CQU,mathematics,543.0746,3.114,536.97,549.18,JRR_ZONES,4411,4411.0,390.0,
TIMSS,2003,CQU,science,531.0131,2.9882,525.16,536.87,JRR_ZONES,4411,4411.0,390.0,
TIMSS,2003,CYP,mathematics,459.3659,1.7099,456.01,462.72,JRR_ZONES,4002,4002.0,390.0,
TIMSS,2003,CYP,science,441.4736,2.0895,437.38,445.57,JRR_ZONES,4002,4002.0,390.0,
TIMSS,2003,EGY,mathematics,406.1682,3.5156,399.28,413.06,JRR_ZONES,7095,7095.0,390.0,
TIMSS,2003,EGY,science,421.1171,3.9356,413.4,428.83,JRR_ZONES,7095,7095.0,390.0,
TIMSS,2003,ENG,mathematics,498.4637,4.633,489.38,507.54,JRR_ZONES,2830,2830.0,390.0,
TIMSS,2003,ENG,science,543.8965,4.0403,535.98,551.82,JRR_ZONES,2830,2830.0,390.0,
TIMSS,2003,EST,mathematics,530.9155,3.0092,525.02,536.81,JRR_ZONES,4040,4040.0,390.0,
TIMSS,2003,EST,science,552.2576,2.4207,547.51,557.0,JRR_ZONES,4040,4040.0,390.0,
TIMSS,2003,GHA,mathematics,275.7042,4.7164,266.46,284.95,JRR_ZONES,5100,5100.0,390.0,
TIMSS,2003,GHA,science,255.3242,5.7873,243.98,266.67,JRR_ZONES,5100,5100.0,390.0,
TIMSS,2003,HKG,mathematics,586.0515,3.3611,579.46,592.64,JRR_ZONES,4972,4972.0,390.0,
TIMSS,2003,HKG,science,556.0891,3.0414,550.13,562.05,JRR_ZONES,4972,4972.0,390.0,
TIMSS,2003,HUN,mathematics,529.2745,3.283,522.84,535.71,JRR_ZONES,3302,3302.0,390.0,
TIMSS,2003,HUN,science,542.7608,2.8135,537.25,548.28,JRR_ZONES,3302,3302.0,390.0,
TIMSS,2003,ISR,mathematics,495.6478,3.4023,488.98,502.32,JRR_ZONES,4318,4318.0,390.0,
TIMSS,2003,ISR,science,488.2002,3.1419,482.04,494.36,JRR_ZONES,4318,4318.0,390.0,
TIMSS,2003,ITA,mathematics,483.5993,3.1808,477.36,489.83,JRR_ZONES,4278,4278.0,390.0,
TIMSS,2003,ITA,science,490.8905,3.1106,484.79,496.99,JRR_ZONES,4278,4278.0,390.0,
TIMSS,2003,KOR,mathematics,589.0916,2.2224,584.74,593.45,JRR_ZONES,5309,5309.0,390.0,
TIMSS,2003,KOR,science,558.3992,1.5802,555.3,561.5,JRR_ZONES,5309,5309.0,390.0,
TIMSS,2003,LBN,mathematics,433.0454,3.1458,426.88,439.21,JRR_ZONES,3814,3814.0,390.0,
TIMSS,2003,LBN,science,393.3989,4.2142,385.14,401.66,JRR_ZONES,3814,3814.0,390.0,
TIMSS,2003,LTU,mathematics,501.6151,2.4927,496.73,506.5,JRR_ZONES,4964,4964.0,390.0,
TIMSS,2003,LTU,science,519.3805,2.1903,515.09,523.67,JRR_ZONES,4964,4964.0,390.0,
TIMSS,2003,LVA,mathematics,508.3273,3.0814,502.29,514.37,JRR_ZONES,3630,3630.0,390.0,
TIMSS,2003,LVA,science,512.3627,2.6627,507.14,517.58,JRR_ZONES,3630,3630.0,390.0,
TIMSS,2003,MAR,mathematics,386.5391,2.4996,381.64,391.44,JRR_ZONES,2943,2943.0,390.0,
TIMSS,2003,MAR,science,396.4738,2.6986,391.18,401.76,JRR_ZONES,2943,2943.0,390.0,
TIMSS,2003,MDA,mathematics,459.8948,3.9799,452.09,467.7,JRR_ZONES,4033,4033.0,390.0,
TIMSS,2003,MDA,science,472.4226,3.4574,465.65,479.2,JRR_ZONES,4033,4033.0,390.0,
TIMSS,2003,MKD,mathematics,434.9835,3.5574,428.01,441.96,JRR_ZONES,3893,3893.0,390.0,
TIMSS,2003,MKD,science,449.3729,3.5692,442.38,456.37,JRR_ZONES,3893,3893.0,390.0,
TIMSS,2003,MYS,mathematics,508.3358,4.1385,500.22,516.45,JRR_ZONES,5314,5314.0,390.0,
TIMSS,2003,MYS,science,510.4518,3.6436,503.31,517.59,JRR_ZONES,5314,5314.0,390.0,
TIMSS,2003,NLD,mathematics,536.2731,3.8056,528.81,543.73,JRR_ZONES,3065,3065.0,390.0,
TIMSS,2003,NLD,science,535.7651,3.1065,529.68,541.85,JRR_ZONES,3065,3065.0,390.0,
TIMSS,2003,PHL,mathematics,377.6899,5.2156,367.47,387.91,JRR_ZONES,6917,6917.0,390.0,
TIMSS,2003,PHL,science,377.3732,5.7673,366.07,388.68,JRR_ZONES,6917,6917.0,390.0,
TIMSS,2003,PSE,mathematics,390.4864,3.1678,384.28,396.7,JRR_ZONES,5357,5357.0,390.0,
TIMSS,2003,PSE,science,435.3868,3.2057,429.1,441.67,JRR_ZONES,5357,5357.0,390.0,
TIMSS,2003,ROM,mathematics,475.2816,4.8648,465.75,484.82,JRR_ZONES,4104,4104.0,390.0,
TIMSS,2003,ROM,science,469.6042,4.8906,460.02,479.19,JRR_ZONES,4104,4104.0,390.0,
TIMSS,2003,RUS,mathematics,508.0408,3.8444,500.51,515.58,JRR_ZONES,4667,4667.0,390.0,
TIMSS,2003,RUS,science,513.6214,3.6345,506.5,520.74,JRR_ZONES,4667,4667.0,390.0,
TIMSS,2003,SVK,mathematics,507.7401,3.3771,501.12,514.36,JRR_ZONES,4215,4215.0,390.0,
TIMSS,2003,SVK,science,516.7849,3.1639,510.58,522.99,JRR_ZONES,4215,4215.0,390.0,
TIMSS,2003,SVN,mathematics,492.9556,2.1847,488.67,497.24,JRR_ZONES,3578,3578.0,390.0,
TIMSS,2003,SVN,science,520.4978,1.8506,516.87,524.13,JRR_ZONES,3578,3578.0,390.0,
TIMSS,2003,SWE,mathematics,499.0584,2.6815,493.8,504.31,JRR_ZONES,4256,4256.0,390.0,
TIMSS,2003,SWE,science,524.258,2.7414,518.88,529.63,JRR_ZONES,4256,4256.0,390.0,
TIMSS,2003,SYR,mathematics,357.5792,3.7223,350.28,364.87,JRR_ZONES,4895,4895.0,390.0,
TIMSS,2003,SYR,science,410.5621,3.7499,403.21,417.91,JRR_ZONES,4895,4895.0,390.0,
TIMSS,2003,TUN,mathematics,410.3295,2.2119,405.99,414.66,JRR_ZONES,4931,4931.0,390.0,
TIMSS,2003,TUN,science,403.5475,2.1384,399.36,407.74,JRR_ZONES,4931,4931.0,390.0,
TIMSS,2003,ZAF,mathematics,263.6137,5.455,252.92,274.31,JRR_ZONES,8952,8952.0,390.0,
TIMSS,2003,ZAF,science,243.664,6.7404,230.45,256.88,JRR_ZONES,8952,8952.0,390.0,
TIMSS,2007,BHR,mathematics,398.0714,1.6454,394.85,401.3,JRR_ZONES,4230,4230.0,384.0,
TIMSS,2007,BHR,science,467.4476,1.7125,464.09,470.8,JRR_ZONES,4230,4230.0,384.0,
TIMSS,2007,BIH,mathematics,455.8633,2.6774,450.62,461.11,JRR_ZONES,4220,4220.0,384.0,
TIMSS,2007,BIH,science,465.7452,2.8648,460.13,471.36,JRR_ZONES,4220,4220.0,384.0,
TIMSS,2007,BSQ,mathematics,498.5589,3.113,492.46,504.66,JRR_ZONES,2296,2296.0,384.0,
TIMSS,2007,BSQ,science,497.7063,2.9951,491.84,503.58,JRR_ZONES,2296,2296.0,384.0,
TIMSS,2007,CBC,mathematics,509.4494,3.1237,503.33,515.57,JRR_ZONES,4256,4256.0,384.0,
TIMSS,2007,CBC,science,525.7166,2.7132,520.4,531.03,JRR_ZONES,4256,4256.0,384.0,
TIMSS,2007,COL,mathematics,379.6358,3.507,372.76,386.51,JRR_ZONES,4873,4873.0,384.0,
TIMSS,2007,COL,science,417.1824,3.4126,410.49,423.87,JRR_ZONES,4873,4873.0,384.0,
TIMSS,2007,COT,mathematics,517.2319,3.6127,510.15,524.31,JRR_ZONES,3448,3448.0,384.0,
TIMSS,2007,COT,science,526.1282,3.6355,519.0,533.25,JRR_ZONES,3448,3448.0,384.0,
TIMSS,2007,CQU,mathematics,528.1098,3.4621,521.32,534.9,JRR_ZONES,3956,3956.0,384.0,
TIMSS,2007,CQU,science,506.5887,3.0403,500.63,512.55,JRR_ZONES,3956,3956.0,384.0,
TIMSS,2007,CYP,mathematics,465.4771,1.7193,462.11,468.85,JRR_ZONES,4399,4399.0,384.0,
TIMSS,2007,CYP,science,451.6235,2.1544,447.4,455.85,JRR_ZONES,4399,4399.0,384.0,
TIMSS,2007,DZA,mathematics,386.7519,2.1404,382.56,390.95,JRR_ZONES,5447,5447.0,384.0,
TIMSS,2007,DZA,science,408.0595,1.6557,404.81,411.3,JRR_ZONES,5447,5447.0,384.0,
TIMSS,2007,EGY,mathematics,390.5573,3.6163,383.47,397.65,JRR_ZONES,6582,6582.0,384.0,
TIMSS,2007,EGY,science,408.2421,3.5686,401.25,415.24,JRR_ZONES,6582,6582.0,384.0,
TIMSS,2007,GEO,mathematics,409.6166,5.7944,398.26,420.97,JRR_ZONES,4178,4178.0,384.0,
TIMSS,2007,GEO,science,420.9025,4.5524,411.98,429.83,JRR_ZONES,4178,4178.0,384.0,
TIMSS,2007,GHA,mathematics,309.3695,4.499,300.55,318.19,JRR_ZONES,5294,5294.0,384.0,
TIMSS,2007,GHA,science,303.2725,5.3978,292.69,313.85,JRR_ZONES,5294,5294.0,384.0,
TIMSS,2007,HKG,mathematics,572.4867,5.9035,560.92,584.06,JRR_ZONES,3470,3470.0,384.0,
TIMSS,2007,HKG,science,530.2093,4.9562,520.5,539.92,JRR_ZONES,3470,3470.0,384.0,
TIMSS,2007,HUN,mathematics,516.8952,3.4634,510.11,523.68,JRR_ZONES,4111,4111.0,384.0,
TIMSS,2007,HUN,science,539.0342,2.9138,533.32,544.75,JRR_ZONES,4111,4111.0,384.0,
TIMSS,2007,IRN,mathematics,403.3795,4.1069,395.33,411.43,JRR_ZONES,3981,3981.0,384.0,
TIMSS,2007,IRN,science,458.9289,3.6767,451.72,466.14,JRR_ZONES,3981,3981.0,384.0,
TIMSS,2007,ISR,mathematics,463.2513,3.9936,455.42,471.08,JRR_ZONES,3294,3294.0,384.0,
TIMSS,2007,ISR,science,467.9215,4.2714,459.55,476.29,JRR_ZONES,3294,3294.0,384.0,
TIMSS,2007,ITA,mathematics,479.6261,3.0765,473.6,485.66,JRR_ZONES,4408,4408.0,384.0,
TIMSS,2007,ITA,science,495.1468,2.9254,489.41,500.88,JRR_ZONES,4408,4408.0,384.0,
TIMSS,2007,JOR,mathematics,426.8926,4.2272,418.61,435.18,JRR_ZONES,5251,5251.0,384.0,
TIMSS,2007,JOR,science,481.7211,3.987,473.91,489.54,JRR_ZONES,5251,5251.0,384.0,
TIMSS,2007,JPN,mathematics,569.8098,2.4333,565.04,574.58,JRR_ZONES,4312,4312.0,384.0,
TIMSS,2007,JPN,science,553.8151,1.8296,550.23,557.4,JRR_ZONES,4312,4312.0,384.0,
TIMSS,2007,KWT,mathematics,353.6702,2.4329,348.9,358.44,JRR_ZONES,4091,4091.0,384.0,
TIMSS,2007,KWT,science,417.9562,2.8378,412.39,423.52,JRR_ZONES,4091,4091.0,384.0,
TIMSS,2007,LTU,mathematics,505.8179,2.4556,501.0,510.63,JRR_ZONES,3991,3991.0,384.0,
TIMSS,2007,LTU,science,518.5589,2.5725,513.52,523.6,JRR_ZONES,3991,3991.0,384.0,
TIMSS,2007,MAR,mathematics,380.7835,3.1753,374.56,387.01,JRR_ZONES,3060,3060.0,384.0,
TIMSS,2007,MAR,science,401.8307,3.0325,395.89,407.77,JRR_ZONES,3060,3060.0,384.0,
TIMSS,2007,MLT,mathematics,487.7524,1.228,485.35,490.16,JRR_ZONES,4670,4670.0,384.0,
TIMSS,2007,MLT,science,457.1672,1.2411,454.73,459.6,JRR_ZONES,4670,4670.0,384.0,
TIMSS,2007,MNG,mathematics,432.1717,3.8327,424.66,439.68,JRR_ZONES,4499,4499.0,384.0,
TIMSS,2007,MNG,science,449.3108,2.9902,443.45,455.17,JRR_ZONES,4499,4499.0,384.0,
TIMSS,2007,MYS,mathematics,473.8857,5.1342,463.82,483.95,JRR_ZONES,4466,4466.0,384.0,
TIMSS,2007,MYS,science,470.8015,5.9863,459.07,482.53,JRR_ZONES,4466,4466.0,384.0,
TIMSS,2007,NOR,mathematics,469.2158,2.0028,465.29,473.14,JRR_ZONES,4627,4627.0,384.0,
TIMSS,2007,NOR,science,486.7578,2.2426,482.36,491.15,JRR_ZONES,4627,4627.0,384.0,
TIMSS,2007,OMN,mathematics,372.4338,3.4353,365.7,379.17,JRR_ZONES,4752,4752.0,384.0,
TIMSS,2007,OMN,science,422.502,2.9465,416.73,428.28,JRR_ZONES,4752,4752.0,384.0,
TIMSS,2007,QAT,mathematics,306.7909,1.4234,304.0,309.58,JRR_ZONES,7184,7184.0,384.0,
TIMSS,2007,QAT,science,318.8538,1.7737,315.38,322.33,JRR_ZONES,7184,7184.0,384.0,
TIMSS,2007,ROM,mathematics,461.3179,4.1519,453.18,469.46,JRR_ZONES,4198,4198.0,384.0,
TIMSS,2007,ROM,science,461.9004,3.6989,454.65,469.15,JRR_ZONES,4198,4198.0,384.0,
TIMSS,2007,RUS,mathematics,511.7337,3.9729,503.95,519.52,JRR_ZONES,4472,4472.0,384.0,
TIMSS,2007,RUS,science,529.5702,3.7135,522.29,536.85,JRR_ZONES,4472,4472.0,384.0,
TIMSS,2007,SAU,mathematics,329.3372,2.8583,323.73,334.94,JRR_ZONES,4243,4243.0,384.0,
TIMSS,2007,SAU,science,403.2452,2.3658,398.61,407.88,JRR_ZONES,4243,4243.0,384.0,
TIMSS,2007,SCG,mathematics,485.7675,3.4309,479.04,492.49,JRR_ZONES,4045,4045.0,384.0,
TIMSS,2007,SCG,science,470.3069,3.1428,464.15,476.47,JRR_ZONES,4045,4045.0,384.0,
TIMSS,2007,SCO,mathematics,487.406,3.7392,480.08,494.73,JRR_ZONES,4070,4070.0,384.0,
TIMSS,2007,SCO,science,495.7318,3.3992,489.07,502.39,JRR_ZONES,4070,4070.0,384.0,
TIMSS,2007,SGP,mathematics,592.7852,3.8208,585.3,600.27,JRR_ZONES,4599,4599.0,384.0,
TIMSS,2007,SGP,science,567.2505,4.4494,558.53,575.97,JRR_ZONES,4599,4599.0,384.0,
TIMSS,2007,SLV,mathematics,340.4409,2.7818,334.99,345.89,JRR_ZONES,4063,4063.0,384.0,
TIMSS,2007,SLV,science,387.2741,2.8592,381.67,392.88,JRR_ZONES,4063,4063.0,384.0,
TIMSS,2007,SWE,mathematics,491.3001,2.2689,486.85,495.75,JRR_ZONES,5215,5215.0,384.0,
TIMSS,2007,SWE,science,510.6904,2.5305,505.73,515.65,JRR_ZONES,5215,5215.0,384.0,
TIMSS,2007,THA,mathematics,441.3904,4.9805,431.63,451.15,JRR_ZONES,5412,5412.0,384.0,
TIMSS,2007,THA,science,470.6135,4.2973,462.19,479.04,JRR_ZONES,5412,5412.0,384.0,
TIMSS,2007,TUN,mathematics,420.4132,2.4805,415.55,425.27,JRR_ZONES,4080,4080.0,384.0,
TIMSS,2007,TUN,science,444.8976,2.0653,440.85,448.95,JRR_ZONES,4080,4080.0,384.0,
TIMSS,2007,TWN,mathematics,598.3012,4.584,589.32,607.29,JRR_ZONES,4046,4046.0,384.0,
TIMSS,2007,TWN,science,561.0029,3.6498,553.85,568.16,JRR_ZONES,4046,4046.0,384.0,
TIMSS,2007,UKR,mathematics,462.162,3.5923,455.12,469.2,JRR_ZONES,4424,4424.0,384.0,
TIMSS,2007,UKR,science,485.063,3.5144,478.17,491.95,JRR_ZONES,4424,4424.0,384.0,
TIMSS,2011,AAD,mathematics,448.7581,3.7254,441.46,456.06,JRR_ZONES,4373,4373.0,398.0,
TIMSS,2011,AAD,science,461.4093,3.901,453.76,469.06,JRR_ZONES,4373,4373.0,398.0,
TIMSS,2011,ADU,mathematics,477.5646,2.2005,473.25,481.88,JRR_ZONES,5571,5571.0,398.0,
TIMSS,2011,ADU,science,485.0713,2.5748,480.02,490.12,JRR_ZONES,5571,5571.0,398.0,
TIMSS,2011,ARM,mathematics,466.588,2.7861,461.13,472.05,JRR_ZONES,5846,5846.0,398.0,
TIMSS,2011,ARM,science,436.9247,3.0928,430.86,442.99,JRR_ZONES,5846,5846.0,398.0,
TIMSS,2011,AUS,mathematics,504.8024,5.1592,494.69,514.91,JRR_ZONES,7556,7556.0,398.0,
TIMSS,2011,AUS,science,519.2655,4.7233,510.01,528.52,JRR_ZONES,7556,7556.0,398.0,
TIMSS,2011,BHR,mathematics,409.2168,1.8968,405.5,412.93,JRR_ZONES,4640,4640.0,398.0,
TIMSS,2011,BHR,science,452.4249,1.93,448.64,456.21,JRR_ZONES,4640,4640.0,398.0,
TIMSS,2011,CAB,mathematics,505.1407,2.6468,499.95,510.33,JRR_ZONES,4799,4799.0,398.0,
TIMSS,2011,CAB,science,545.6025,2.4183,540.86,550.34,JRR_ZONES,4799,4799.0,398.0,
TIMSS,2011,COT,mathematics,511.6252,2.4369,506.85,516.4,JRR_ZONES,4756,4756.0,398.0,
TIMSS,2011,COT,science,521.2937,2.4379,516.52,526.07,JRR_ZONES,4756,4756.0,398.0,
TIMSS,2011,CQU,mathematics,531.5639,2.4153,526.83,536.3,JRR_ZONES,6149,6149.0,398.0,
TIMSS,2011,CQU,science,519.9151,2.5771,514.86,524.97,JRR_ZONES,6149,6149.0,398.0,
TIMSS,2011,ENG,mathematics,506.7598,5.5635,495.86,517.66,JRR_ZONES,3842,3842.0,398.0,
TIMSS,2011,ENG,science,532.9972,4.8948,523.4,542.59,JRR_ZONES,3842,3842.0,398.0,
TIMSS,2011,GEO,mathematics,431.1388,3.7402,423.81,438.47,JRR_ZONES,4563,4563.0,398.0,
TIMSS,2011,GEO,science,419.9363,2.9818,414.09,425.78,JRR_ZONES,4563,4563.0,398.0,
TIMSS,2011,GHA,mathematics,330.8306,4.3731,322.26,339.4,JRR_ZONES,7323,7323.0,398.0,
TIMSS,2011,GHA,science,305.993,5.336,295.53,316.45,JRR_ZONES,7323,7323.0,398.0,
TIMSS,2011,HND,mathematics,337.9823,3.7733,330.59,345.38,JRR_ZONES,4418,4418.0,398.0,
TIMSS,2011,HND,science,368.7654,4.0239,360.88,376.65,JRR_ZONES,4418,4418.0,398.0,
TIMSS,2011,HUN,mathematics,504.8063,3.5352,497.88,511.74,JRR_ZONES,5178,5178.0,398.0,
TIMSS,2011,HUN,science,522.3938,3.12,516.28,528.51,JRR_ZONES,5178,5178.0,398.0,
TIMSS,2011,IDN,mathematics,385.8378,4.5321,376.95,394.72,JRR_ZONES,5795,5795.0,398.0,
TIMSS,2011,IDN,science,405.6124,4.4737,396.84,414.38,JRR_ZONES,5795,5795.0,398.0,
TIMSS,2011,IRN,mathematics,414.9606,4.2987,406.54,423.39,JRR_ZONES,6029,6029.0,398.0,
TIMSS,2011,IRN,science,474.3855,3.994,466.56,482.21,JRR_ZONES,6029,6029.0,398.0,
TIMSS,2011,ISR,mathematics,515.8438,4.1332,507.74,523.94,JRR_ZONES,4699,4699.0,398.0,
TIMSS,2011,ISR,science,515.6962,3.9875,507.88,523.51,JRR_ZONES,4699,4699.0,398.0,
TIMSS,2011,ITA,mathematics,498.376,2.3363,493.8,502.96,JRR_ZONES,3979,3979.0,398.0,
TIMSS,2011,ITA,science,501.1109,2.3787,496.45,505.77,JRR_ZONES,3979,3979.0,398.0,
TIMSS,2011,JOR,mathematics,405.8822,3.8611,398.31,413.45,JRR_ZONES,7694,7694.0,398.0,
TIMSS,2011,JOR,science,449.0001,4.0566,441.05,456.95,JRR_ZONES,7694,7694.0,398.0,
TIMSS,2011,JPN,mathematics,569.8295,2.6165,564.7,574.96,JRR_ZONES,4414,4414.0,398.0,
TIMSS,2011,JPN,science,557.7287,2.3878,553.05,562.41,JRR_ZONES,4414,4414.0,398.0,
TIMSS,2011,KAZ,mathematics,486.9523,4.151,478.82,495.09,JRR_ZONES,4390,4390.0,398.0,
TIMSS,2011,KAZ,science,489.9106,4.187,481.7,498.12,JRR_ZONES,4390,4390.0,398.0,
TIMSS,2011,KOR,mathematics,612.7934,2.9026,607.1,618.48,JRR_ZONES,5166,5166.0,398.0,
TIMSS,2011,KOR,science,560.1634,1.9827,556.28,564.05,JRR_ZONES,5166,5166.0,398.0,
TIMSS,2011,MAR,mathematics,371.1454,2.0425,367.14,375.15,JRR_ZONES,8986,8986.0,398.0,
TIMSS,2011,MAR,science,375.8871,2.1928,371.59,380.18,JRR_ZONES,8986,8986.0,398.0,
TIMSS,2011,MYS,mathematics,439.8237,5.4704,429.1,450.55,JRR_ZONES,5733,5733.0,398.0,
TIMSS,2011,MYS,science,426.4937,6.1781,414.38,438.6,JRR_ZONES,5733,5733.0,398.0,
TIMSS,2011,NOR,mathematics,474.6427,2.4602,469.82,479.46,JRR_ZONES,3862,3862.0,398.0,
TIMSS,2011,NOR,science,494.374,2.6123,489.25,499.49,JRR_ZONES,3862,3862.0,398.0,
TIMSS,2011,NZL,mathematics,487.7788,5.3964,477.2,498.36,JRR_ZONES,5336,5336.0,398.0,
TIMSS,2011,NZL,science,512.0371,4.6086,503.0,521.07,JRR_ZONES,5336,5336.0,398.0,
TIMSS,2011,PSE,mathematics,404.1806,3.4644,397.39,410.97,JRR_ZONES,7812,7812.0,398.0,
TIMSS,2011,PSE,science,420.455,3.1941,414.19,426.72,JRR_ZONES,7812,7812.0,398.0,
TIMSS,2011,QAT,mathematics,409.5958,3.0777,403.56,415.63,JRR_ZONES,4422,4422.0,398.0,
TIMSS,2011,QAT,science,418.6641,3.2477,412.3,425.03,JRR_ZONES,4422,4422.0,398.0,
TIMSS,2011,ROM,mathematics,457.9483,4.0579,449.99,465.9,JRR_ZONES,5523,5523.0,398.0,
TIMSS,2011,ROM,science,464.6945,3.5446,457.75,471.64,JRR_ZONES,5523,5523.0,398.0,
TIMSS,2011,SAU,mathematics,393.8235,4.6895,384.63,403.01,JRR_ZONES,4344,4344.0,398.0,
TIMSS,2011,SAU,science,436.3522,3.7845,428.93,443.77,JRR_ZONES,4344,4344.0,398.0,
TIMSS,2011,SYR,mathematics,380.1664,4.5824,371.18,389.15,JRR_ZONES,4413,4413.0,398.0,
TIMSS,2011,SYR,science,426.4115,3.829,418.91,433.92,JRR_ZONES,4413,4413.0,398.0,
TIMSS,2011,THA,mathematics,427.1091,4.3748,418.53,435.68,JRR_ZONES,6124,6124.0,398.0,
TIMSS,2011,THA,science,450.8923,3.9598,443.13,458.65,JRR_ZONES,6124,6124.0,398.0,
TIMSS,2011,TUN,mathematics,424.7365,2.8305,419.19,430.28,JRR_ZONES,5128,5128.0,398.0,
TIMSS,2011,TUN,science,438.5611,2.3814,433.89,443.23,JRR_ZONES,5128,5128.0,398.0,
TIMSS,2011,TUR,mathematics,452.4902,3.9618,444.73,460.26,JRR_ZONES,6928,6928.0,398.0,
TIMSS,2011,TUR,science,482.9884,3.4282,476.27,489.71,JRR_ZONES,6928,6928.0,398.0,
TIMSS,2011,TWN,mathematics,609.2786,3.2289,602.95,615.61,JRR_ZONES,5042,5042.0,398.0,
TIMSS,2011,TWN,science,563.8045,2.3432,559.21,568.4,JRR_ZONES,5042,5042.0,398.0,
TIMSS,2011,UKR,mathematics,479.1858,3.9166,471.51,486.86,JRR_ZONES,3378,3378.0,398.0,
TIMSS,2011,UKR,science,500.9918,3.4634,494.2,507.78,JRR_ZONES,3378,3378.0,398.0,
TIMSS,2011,USA,mathematics,509.4849,2.6513,504.29,514.68,JRR_ZONES,10477,10477.0,398.0,
TIMSS,2011,USA,science,524.6016,2.4198,519.86,529.34,JRR_ZONES,10477,10477.0,398.0,
TIMSS,2011,ZAF,mathematics,351.9087,2.4987,347.01,356.81,JRR_ZONES,11969,11969.0,398.0,
TIMSS,2011,ZAF,science,331.574,3.6029,324.51,338.64,JRR_ZONES,11969,11969.0,398.0,
TIMSS,2015,AAD,mathematics,441.6732,4.697,432.47,450.88,JRR_ZONES,4838,4838.0,437.0,
TIMSS,2015,AAD,science,454.2489,5.5932,443.29,465.21,JRR_ZONES,4838,4838.0,437.0,
TIMSS,2015,ABA,mathematics,396.1168,4.1931,387.9,404.34,JRR_ZONES,3253,3253.0,437.0,
TIMSS,2015,ABA,science,386.0132,4.239,377.7,394.32,JRR_ZONES,3253,3253.0,437.0,
TIMSS,2015,ADU,mathematics,511.8523,2.0828,507.77,515.93,JRR_ZONES,6149,6149.0,437.0,
TIMSS,2015,ADU,science,524.7226,1.9942,520.81,528.63,JRR_ZONES,6149,6149.0,437.0,
TIMSS,2015,ARE,mathematics,464.7833,2.0017,460.86,468.71,JRR_ZONES,18012,18012.0,437.0,
TIMSS,2015,ARE,science,476.6461,2.2833,472.17,481.12,JRR_ZONES,18012,18012.0,437.0,
TIMSS,2015,ARM,mathematics,471.4606,3.1771,465.23,477.69,JRR_ZONES,5060,5060.0,437.0,
TIMSS,2015,ARM,science,460.1724,3.2795,453.74,466.6,JRR_ZONES,5060,5060.0,437.0,
TIMSS,2015,AUS,mathematics,504.9582,3.1088,498.87,511.05,JRR_ZONES,10338,10338.0,437.0,
TIMSS,2015,AUS,science,511.9865,2.6758,506.74,517.23,JRR_ZONES,10338,10338.0,437.0,
TIMSS,2015,BHR,mathematics,453.9526,1.4372,451.14,456.77,JRR_ZONES,4918,4918.0,437.0,
TIMSS,2015,BHR,science,465.8525,2.1808,461.58,470.13,JRR_ZONES,4918,4918.0,437.0,
TIMSS,2015,CAN,mathematics,527.2789,2.1541,523.06,531.5,JRR_ZONES,8757,8757.0,437.0,
TIMSS,2015,CAN,science,526.1718,2.1832,521.89,530.45,JRR_ZONES,8757,8757.0,437.0,
TIMSS,2015,CHL,mathematics,427.4262,3.2178,421.12,433.73,JRR_ZONES,4849,4849.0,437.0,
TIMSS,2015,CHL,science,453.9692,3.0878,447.92,460.02,JRR_ZONES,4849,4849.0,437.0,
TIMSS,2015,COT,mathematics,522.3017,2.851,516.71,527.89,JRR_ZONES,4520,4520.0,437.0,
TIMSS,2015,COT,science,523.872,2.5075,518.96,528.79,JRR_ZONES,4520,4520.0,437.0,
TIMSS,2015,CQU,mathematics,543.3564,3.8553,535.8,550.91,JRR_ZONES,3950,3950.0,437.0,
TIMSS,2015,CQU,science,529.7164,4.3749,521.14,538.29,JRR_ZONES,3950,3950.0,437.0,
TIMSS,2015,HKG,mathematics,594.2529,4.6177,585.2,603.3,JRR_ZONES,4155,4155.0,437.0,
TIMSS,2015,HKG,science,545.7604,3.9228,538.07,553.45,JRR_ZONES,4155,4155.0,437.0,
TIMSS,2015,HUN,mathematics,514.4144,3.7781,507.01,521.82,JRR_ZONES,4893,4893.0,437.0,
TIMSS,2015,HUN,science,527.2598,3.3789,520.64,533.88,JRR_ZONES,4893,4893.0,437.0,
TIMSS,2015,IRL,mathematics,523.4944,2.7324,518.14,528.85,JRR_ZONES,4704,4704.0,437.0,
TIMSS,2015,IRL,science,530.0969,2.8236,524.56,535.63,JRR_ZONES,4704,4704.0,437.0,
TIMSS,2015,IRN,mathematics,436.3492,4.6428,427.25,445.45,JRR_ZONES,6130,6130.0,437.0,
TIMSS,2015,IRN,science,456.4247,4.0095,448.57,464.28,JRR_ZONES,6130,6130.0,437.0,
TIMSS,2015,ISR,mathematics,510.8994,4.101,502.86,518.94,JRR_ZONES,5512,5512.0,437.0,
TIMSS,2015,ISR,science,506.7307,3.9045,499.08,514.38,JRR_ZONES,5512,5512.0,437.0,
TIMSS,2015,ITA,mathematics,494.3942,2.5248,489.45,499.34,JRR_ZONES,4481,4481.0,437.0,
TIMSS,2015,ITA,science,498.9258,2.4183,494.19,503.67,JRR_ZONES,4481,4481.0,437.0,
TIMSS,2015,JOR,mathematics,385.5515,3.2304,379.22,391.88,JRR_ZONES,7865,7865.0,437.0,
TIMSS,2015,JOR,science,426.1643,3.3663,419.57,432.76,JRR_ZONES,7865,7865.0,437.0,
TIMSS,2015,JPN,mathematics,586.469,2.2699,582.02,590.92,JRR_ZONES,4745,4745.0,437.0,
TIMSS,2015,JPN,science,570.8995,1.7951,567.38,574.42,JRR_ZONES,4745,4745.0,437.0,
TIMSS,2015,KAZ,mathematics,527.8068,5.2798,517.46,538.16,JRR_ZONES,4887,4887.0,437.0,
TIMSS,2015,KAZ,science,532.5861,4.4452,523.87,541.3,JRR_ZONES,4887,4887.0,437.0,
TIMSS,2015,KWT,mathematics,392.4707,4.6459,383.36,401.58,JRR_ZONES,4503,4503.0,437.0,
TIMSS,2015,KWT,science,410.7408,5.1587,400.63,420.85,JRR_ZONES,4503,4503.0,437.0,
TIMSS,2015,LBN,mathematics,442.4251,3.6337,435.3,449.55,JRR_ZONES,3873,3873.0,437.0,
TIMSS,2015,LBN,science,398.1567,5.3466,387.68,408.64,JRR_ZONES,3873,3873.0,437.0,
TIMSS,2015,LTU,mathematics,511.3132,2.7651,505.89,516.73,JRR_ZONES,4347,4347.0,437.0,
TIMSS,2015,LTU,science,519.1053,2.7769,513.66,524.55,JRR_ZONES,4347,4347.0,437.0,
TIMSS,2015,MAR,mathematics,384.3871,2.2531,379.97,388.8,JRR_ZONES,13035,13035.0,437.0,
TIMSS,2015,MAR,science,393.2525,2.5204,388.31,398.19,JRR_ZONES,13035,13035.0,437.0,
TIMSS,2015,MLT,mathematics,493.5411,0.9899,491.6,495.48,JRR_ZONES,3817,3817.0,437.0,
TIMSS,2015,MLT,science,481.3606,1.6157,478.19,484.53,JRR_ZONES,3817,3817.0,437.0,
TIMSS,2015,MYS,mathematics,465.3131,3.568,458.32,472.31,JRR_ZONES,9726,9726.0,437.0,
TIMSS,2015,MYS,science,470.8221,4.1314,462.72,478.92,JRR_ZONES,9726,9726.0,437.0,
TIMSS,2015,NO8,mathematics,486.7674,1.968,482.91,490.62,JRR_ZONES,4795,4795.0,437.0,
TIMSS,2015,NO8,science,489.2212,2.3697,484.58,493.87,JRR_ZONES,4795,4795.0,437.0,
TIMSS,2015,OMN,mathematics,403.1564,2.4278,398.4,407.91,JRR_ZONES,8883,8883.0,437.0,
TIMSS,2015,OMN,science,454.5604,2.6529,449.36,459.76,JRR_ZONES,8883,8883.0,437.0,
TIMSS,2015,QAT,mathematics,437.1088,2.9918,431.24,442.97,JRR_ZONES,5403,5403.0,437.0,
TIMSS,2015,QAT,science,456.5158,3.0405,450.56,462.48,JRR_ZONES,5403,5403.0,437.0,
TIMSS,2015,RUS,mathematics,537.9962,4.6586,528.87,547.13,JRR_ZONES,4780,4780.0,437.0,
TIMSS,2015,RUS,science,544.1158,4.2103,535.86,552.37,JRR_ZONES,4780,4780.0,437.0,
TIMSS,2015,SAU,mathematics,367.7167,4.5884,358.72,376.71,JRR_ZONES,3759,3759.0,437.0,
TIMSS,2015,SAU,science,396.4198,4.479,387.64,405.2,JRR_ZONES,3759,3759.0,437.0,
TIMSS,2015,SGP,mathematics,620.956,3.1976,614.69,627.22,JRR_ZONES,6116,6116.0,437.0,
TIMSS,2015,SGP,science,596.6444,3.1807,590.41,602.88,JRR_ZONES,6116,6116.0,437.0,
TIMSS,2015,SVN,mathematics,516.3411,2.0864,512.25,520.43,JRR_ZONES,4257,4257.0,437.0,
TIMSS,2015,SVN,science,551.1115,2.4004,546.41,555.82,JRR_ZONES,4257,4257.0,437.0,
TIMSS,2015,THA,mathematics,431.4174,4.7645,422.08,440.76,JRR_ZONES,6482,6482.0,437.0,
TIMSS,2015,THA,science,455.8449,4.2388,447.54,464.15,JRR_ZONES,6482,6482.0,437.0,
TIMSS,2015,TUR,mathematics,457.6286,4.7423,448.33,466.92,JRR_ZONES,6079,6079.0,437.0,
TIMSS,2015,TUR,science,493.3961,4.0184,485.52,501.27,JRR_ZONES,6079,6079.0,437.0,
TIMSS,2015,ZAF,mathematics,372.3729,4.5283,363.5,381.25,JRR_ZONES,12514,12514.0,437.0,
TIMSS,2015,ZAF,science,357.7418,5.6351,346.7,368.79,JRR_ZONES,12514,12514.0,437.0,
TIMSS,2019,AAD,mathematics,436.0092,2.9405,430.25,441.77,JRR_ZONES,17584,17584.0,461.0,
TIMSS,2019,AAD,science,419.5156,3.6148,412.43,426.6,JRR_ZONES,17584,17584.0,461.0,
TIMSS,2019,ADU,mathematics,537.1847,1.9526,533.36,541.01,JRR_ZONES,6544,6544.0,461.0,
TIMSS,2019,ADU,science,546.2008,1.9703,542.34,550.06,JRR_ZONES,6544,6544.0,461.0,
TIMSS,2019,ARE,mathematics,477.4985,4.3129,469.05,485.95,JRR_ZONES,27628,27628.0,461.0,
TIMSS,2019,ARE,science,480.3441,5.0306,470.48,490.2,JRR_ZONES,27628,27628.0,461.0,
TIMSS,2019,AUS,mathematics,517.277,3.7711,509.89,524.67,JRR_ZONES,9060,9060.0,461.0,
TIMSS,2019,AUS,science,528.337,3.1876,522.09,534.58,JRR_ZONES,9060,9060.0,461.0,
TIMSS,2019,BHR,mathematics,481.0869,1.7021,477.75,484.42,JRR_ZONES,5725,5725.0,461.0,
TIMSS,2019,BHR,science,486.0362,1.9181,482.28,489.8,JRR_ZONES,5725,5725.0,461.0,
TIMSS,2019,CHL,mathematics,440.8369,2.7616,435.42,446.25,JRR_ZONES,8812,8812.0,461.0,
TIMSS,2019,CHL,science,462.7852,2.8127,457.27,468.3,JRR_ZONES,8812,8812.0,461.0,
TIMSS,2019,COT,mathematics,530.5544,4.2634,522.2,538.91,JRR_ZONES,8106,8106.0,461.0,
TIMSS,2019,COT,science,522.8972,2.9469,517.12,528.67,JRR_ZONES,8106,8106.0,461.0,
TIMSS,2019,CQU,mathematics,543.826,3.6064,536.76,550.89,JRR_ZONES,3638,3638.0,461.0,
TIMSS,2019,CQU,science,538.0454,3.5962,531.0,545.09,JRR_ZONES,3638,3638.0,461.0,
TIMSS,2019,CYP,mathematics,501.0823,1.6184,497.91,504.25,JRR_ZONES,3521,3521.0,461.0,
TIMSS,2019,CYP,science,483.5546,1.9114,479.81,487.3,JRR_ZONES,3521,3521.0,461.0,
TIMSS,2019,EGY,mathematics,412.8797,5.2123,402.66,423.1,JRR_ZONES,7210,7210.0,461.0,
TIMSS,2019,EGY,science,389.328,5.4447,378.66,400.0,JRR_ZONES,7210,7210.0,461.0,
TIMSS,2019,ENG,mathematics,520.3898,3.7049,513.13,527.65,JRR_ZONES,5450,5450.0,461.0,
TIMSS,2019,ENG,science,523.4179,3.1812,517.18,529.65,JRR_ZONES,5450,5450.0,461.0,
TIMSS,2019,FIN,mathematics,509.0496,2.5533,504.05,514.05,JRR_ZONES,5570,5570.0,461.0,
TIMSS,2019,FIN,science,543.0428,3.0037,537.16,548.93,JRR_ZONES,5570,5570.0,461.0,
TIMSS,2019,FRA,mathematics,483.1132,2.3984,478.41,487.81,JRR_ZONES,8300,8300.0,461.0,
TIMSS,2019,FRA,science,489.6883,2.6377,484.52,494.86,JRR_ZONES,8300,8300.0,461.0,
TIMSS,2019,GEO,mathematics,456.2468,4.1998,448.02,464.48,JRR_ZONES,5103,5103.0,461.0,
TIMSS,2019,GEO,science,440.6152,4.4047,431.98,449.25,JRR_ZONES,5103,5103.0,461.0,
TIMSS,2019,HKG,mathematics,578.3119,4.0617,570.35,586.27,JRR_ZONES,3265,3265.0,461.0,
TIMSS,2019,HKG,science,503.5145,5.2097,493.3,513.73,JRR_ZONES,3265,3265.0,461.0,
TIMSS,2019,HUN,mathematics,518.3008,2.9219,512.57,524.03,JRR_ZONES,11539,11539.0,461.0,
TIMSS,2019,HUN,science,527.7099,2.7388,522.34,533.08,JRR_ZONES,11539,11539.0,461.0,
TIMSS,2019,IRN,mathematics,446.1695,3.7263,438.87,453.47,JRR_ZONES,5980,5980.0,461.0,
TIMSS,2019,IRN,science,449.4148,3.5656,442.43,456.4,JRR_ZONES,5980,5980.0,461.0,
TIMSS,2019,ISR,mathematics,514.6275,4.0692,506.65,522.6,JRR_ZONES,6131,6131.0,461.0,
TIMSS,2019,ISR,science,505.19,4.1502,497.06,513.32,JRR_ZONES,6131,6131.0,461.0,
TIMSS,2019,ITA,mathematics,496.6127,2.2301,492.24,500.98,JRR_ZONES,9789,9789.0,461.0,
TIMSS,2019,ITA,science,495.372,2.4112,490.65,500.1,JRR_ZONES,9789,9789.0,461.0,
TIMSS,2019,JOR,mathematics,420.2682,4.2625,411.91,428.62,JRR_ZONES,7176,7176.0,461.0,
TIMSS,2019,JOR,science,452.0096,4.668,442.86,461.16,JRR_ZONES,7176,7176.0,461.0,
TIMSS,2019,KAZ,mathematics,487.5616,3.2978,481.1,494.03,JRR_ZONES,4453,4453.0,461.0,
TIMSS,2019,KAZ,science,478.0713,3.0637,472.07,484.08,JRR_ZONES,4453,4453.0,461.0,
TIMSS,2019,KOR,mathematics,603.9645,2.7273,598.62,609.31,JRR_ZONES,4409,4409.0,461.0,
TIMSS,2019,KOR,science,560.3149,2.0492,556.3,564.33,JRR_ZONES,4409,4409.0,461.0,
TIMSS,2019,LTU,mathematics,515.312,3.0878,509.26,521.36,JRR_ZONES,6053,6053.0,461.0,
TIMSS,2019,LTU,science,528.0128,2.7172,522.69,533.34,JRR_ZONES,6053,6053.0,461.0,
TIMSS,2019,MAR,mathematics,388.1867,2.2825,383.71,392.66,JRR_ZONES,8458,8458.0,461.0,
TIMSS,2019,MAR,science,394.1003,2.6566,388.89,399.31,JRR_ZONES,8458,8458.0,461.0,
TIMSS,2019,MYS,mathematics,461.1974,3.1534,455.02,467.38,JRR_ZONES,15142,15142.0,461.0,
TIMSS,2019,MYS,science,460.6795,3.4677,453.88,467.48,JRR_ZONES,15142,15142.0,461.0,
TIMSS,2019,NOR,mathematics,505.3992,1.8747,501.72,509.07,JRR_ZONES,11808,11808.0,461.0,
TIMSS,2019,NOR,science,497.5008,2.5879,492.43,502.57,JRR_ZONES,11808,11808.0,461.0,
TIMSS,2019,NZL,mathematics,481.5925,3.3648,475.0,488.19,JRR_ZONES,6051,6051.0,461.0,
TIMSS,2019,NZL,science,498.8757,3.4888,492.04,505.71,JRR_ZONES,6051,6051.0,461.0,
TIMSS,2019,PRT,mathematics,500.5385,3.1521,494.36,506.72,JRR_ZONES,7244,7244.0,461.0,
TIMSS,2019,PRT,science,518.1378,2.8414,512.57,523.71,JRR_ZONES,7244,7244.0,461.0,
TIMSS,2019,QAT,mathematics,447.914,3.852,440.36,455.46,JRR_ZONES,5374,5374.0,461.0,
TIMSS,2019,QAT,science,484.8407,3.424,478.13,491.55,JRR_ZONES,5374,5374.0,461.0,
TIMSS,2019,RMO,mathematics,575.4165,4.142,567.3,583.53,JRR_ZONES,8107,8107.0,461.0,
TIMSS,2019,RMO,science,566.6753,2.9232,560.95,572.4,JRR_ZONES,8107,8107.0,461.0,
TIMSS,2019,RUS,mathematics,543.3773,4.4015,534.75,552.0,JRR_ZONES,10440,10440.0,461.0,
TIMSS,2019,RUS,science,542.9377,3.8378,535.42,550.46,JRR_ZONES,10440,10440.0,461.0,
TIMSS,2019,SAU,mathematics,393.7697,2.5438,388.78,398.76,JRR_ZONES,5680,5680.0,461.0,
TIMSS,2019,SAU,science,431.4727,2.604,426.37,436.58,JRR_ZONES,5680,5680.0,461.0,
TIMSS,2019,SGP,mathematics,620.706,3.8919,613.08,628.33,JRR_ZONES,12270,12270.0,461.0,
TIMSS,2019,SGP,science,608.8899,3.6206,601.79,615.99,JRR_ZONES,12270,12270.0,461.0,
TIMSS,2019,SWE,mathematics,506.8241,2.4732,501.98,511.67,JRR_ZONES,10143,10143.0,461.0,
TIMSS,2019,SWE,science,521.6837,3.0205,515.76,527.6,JRR_ZONES,10143,10143.0,461.0,
TIMSS,2019,TUR,mathematics,490.8104,4.5287,481.93,499.69,JRR_ZONES,6481,6481.0,461.0,
TIMSS,2019,TUR,science,516.0107,3.991,508.19,523.83,JRR_ZONES,6481,6481.0,461.0,
TIMSS,2019,TWN,mathematics,613.4161,2.3407,608.83,618.0,JRR_ZONES,12103,12103.0,461.0,
TIMSS,2019,TWN,science,577.1273,1.8168,573.57,580.69,JRR_ZONES,12103,12103.0,461.0,
TIMSS,2019,USA,mathematics,516.3007,4.6965,507.1,525.51,JRR_ZONES,9944,9944.0,461.0,
TIMSS,2019,USA,science,525.1909,4.4537,516.46,533.92,JRR_ZONES,9944,9944.0,461.0,
TIMSS,2019,ZAF,mathematics,389.4772,2.266,385.04,393.92,JRR_ZONES,20829,20829.0,461.0,
TIMSS,2019,ZAF,science,369.9721,3.099,363.9,376.05,JRR_ZONES,20829,20829.0,461.0,
TIMSS,2023,AAD,mathematics,453.784,2.7897,448.32,459.25,JRR_ZONES,12109,12109.0,512.0,
TIMSS,2023,AAD,science,443.4712,3.7559,436.11,450.83,JRR_ZONES,12109,12109.0,512.0,
TIMSS,2023,ASH,mathematics,495.5467,4.8154,486.11,504.98,JRR_ZONES,6385,6385.0,512.0,
TIMSS,2023,ASH,science,498.6056,4.9218,488.96,508.25,JRR_ZONES,6385,6385.0,512.0,
TIMSS,2023,AUS,mathematics,508.7158,3.481,501.89,515.54,JRR_ZONES,8442,8442.0,512.0,
TIMSS,2023,AUS,science,520.1512,3.1624,513.95,526.35,JRR_ZONES,8442,8442.0,512.0,
TIMSS,2023,AZE,mathematics,478.659,3.7346,471.34,485.98,JRR_ZONES,6174,6174.0,512.0,
TIMSS,2023,AZE,science,411.3594,2.9818,405.52,417.2,JRR_ZONES,6174,6174.0,512.0,
TIMSS,2023,BHR,mathematics,426.45,2.4361,421.68,431.22,JRR_ZONES,5168,5168.0,512.0,
TIMSS,2023,BHR,science,451.8284,2.6433,446.65,457.01,JRR_ZONES,5168,5168.0,512.0,
TIMSS,2023,BRA,mathematics,378.0295,2.762,372.62,383.44,JRR_ZONES,22770,22770.0,512.0,
TIMSS,2023,BRA,science,419.9109,2.4876,415.04,424.79,JRR_ZONES,22770,22770.0,512.0,
TIMSS,2023,CHL,mathematics,415.9687,3.2082,409.68,422.26,JRR_ZONES,4478,4478.0,512.0,
TIMSS,2023,CHL,science,455.21,2.6707,449.98,460.44,JRR_ZONES,4478,4478.0,512.0,
TIMSS,2023,CIV,mathematics,263.1093,4.9396,253.43,272.79,JRR_ZONES,8284,8284.0,512.0,
TIMSS,2023,CIV,science,183.0291,8.1618,167.03,199.03,JRR_ZONES,8284,8284.0,512.0,
TIMSS,2023,CYP,mathematics,493.7793,2.6802,488.53,499.03,JRR_ZONES,4200,4200.0,512.0,
TIMSS,2023,CYP,science,464.2534,2.9796,458.41,470.09,JRR_ZONES,4200,4200.0,512.0,
TIMSS,2023,CZE,mathematics,518.1843,2.2719,513.73,522.64,JRR_ZONES,8110,8110.0,512.0,
TIMSS,2023,CZE,science,527.1529,2.0271,523.18,531.13,JRR_ZONES,8110,8110.0,512.0,
TIMSS,2023,ENG,mathematics,524.7728,4.5371,515.88,533.67,JRR_ZONES,4239,4239.0,512.0,
TIMSS,2023,ENG,science,531.3535,4.3371,522.85,539.85,JRR_ZONES,4239,4239.0,512.0,
TIMSS,2023,FIN,mathematics,503.8013,2.5538,498.8,508.81,JRR_ZONES,5880,5880.0,512.0,
TIMSS,2023,FIN,science,530.6375,3.1588,524.45,536.83,JRR_ZONES,5880,5880.0,512.0,
TIMSS,2023,FRA,mathematics,478.6812,3.1388,472.53,484.83,JRR_ZONES,4511,4511.0,512.0,
TIMSS,2023,FRA,science,486.1952,3.1686,479.98,492.41,JRR_ZONES,4511,4511.0,512.0,
TIMSS,2023,GEO,mathematics,466.7546,3.2168,460.45,473.06,JRR_ZONES,4872,4872.0,512.0,
TIMSS,2023,GEO,science,447.7856,2.9192,442.06,453.51,JRR_ZONES,4872,4872.0,512.0,
TIMSS,2023,HKG,mathematics,574.7027,5.0347,564.83,584.57,JRR_ZONES,4463,4463.0,512.0,
TIMSS,2023,HKG,science,527.698,4.7263,518.43,536.96,JRR_ZONES,4463,4463.0,512.0,
TIMSS,2023,HUN,mathematics,506.1218,3.7469,498.78,513.47,JRR_ZONES,5426,5426.0,512.0,
TIMSS,2023,HUN,science,521.6376,3.2764,515.22,528.06,JRR_ZONES,5426,5426.0,512.0,
TIMSS,2023,IRL,mathematics,521.6572,2.7193,516.33,526.99,JRR_ZONES,5090,5090.0,512.0,
TIMSS,2023,IRL,science,524.9589,3.5359,518.03,531.89,JRR_ZONES,5090,5090.0,512.0,
TIMSS,2023,IRN,mathematics,423.3231,3.5642,416.34,430.31,JRR_ZONES,6226,6226.0,512.0,
TIMSS,2023,IRN,science,419.0028,3.5543,412.04,425.97,JRR_ZONES,6226,6226.0,512.0,
TIMSS,2023,ITA,mathematics,500.5642,3.0043,494.68,506.45,JRR_ZONES,4591,4591.0,512.0,
TIMSS,2023,ITA,science,500.651,3.1985,494.38,506.92,JRR_ZONES,4591,4591.0,512.0,
TIMSS,2023,JPN,mathematics,594.6155,3.0451,588.65,600.58,JRR_ZONES,3905,3905.0,512.0,
TIMSS,2023,JPN,science,556.9873,3.0895,550.93,563.04,JRR_ZONES,3905,3905.0,512.0,
TIMSS,2023,KAZ,mathematics,454.0894,3.534,447.16,461.02,JRR_ZONES,6362,6362.0,512.0,
TIMSS,2023,KAZ,science,442.6806,3.0023,436.8,448.57,JRR_ZONES,6362,6362.0,512.0,
TIMSS,2023,KOR,mathematics,595.9943,3.0492,590.02,601.97,JRR_ZONES,4257,4257.0,512.0,
TIMSS,2023,KOR,science,545.3962,2.2499,540.99,549.81,JRR_ZONES,4257,4257.0,512.0,
TIMSS,2023,KWT,mathematics,398.6539,5.2145,388.43,408.87,JRR_ZONES,4332,4332.0,512.0,
TIMSS,2023,KWT,science,419.6972,5.7882,408.35,431.04,JRR_ZONES,4332,4332.0,512.0,
TIMSS,2023,LTU,mathematics,513.597,3.1456,507.43,519.76,JRR_ZONES,5421,5421.0,512.0,
TIMSS,2023,LTU,science,519.2904,2.9962,513.42,525.16,JRR_ZONES,5421,5421.0,512.0,
TIMSS,2023,MAR,mathematics,377.8809,3.0039,371.99,383.77,JRR_ZONES,8745,8745.0,512.0,
TIMSS,2023,MAR,science,326.9602,3.3882,320.32,333.6,JRR_ZONES,8745,8745.0,512.0,
TIMSS,2023,MYS,mathematics,410.6851,3.4839,403.86,417.51,JRR_ZONES,8780,8780.0,512.0,
TIMSS,2023,MYS,science,426.3985,3.7049,419.14,433.66,JRR_ZONES,8780,8780.0,512.0,
TIMSS,2023,NOR,mathematics,500.6292,2.2503,496.22,505.04,JRR_ZONES,6324,6324.0,512.0,
TIMSS,2023,NOR,science,488.3825,2.6221,483.24,493.52,JRR_ZONES,6324,6324.0,512.0,
TIMSS,2023,NZL,mathematics,485.4895,4.0653,477.52,493.46,JRR_ZONES,3930,3930.0,512.0,
TIMSS,2023,NZL,science,501.9258,3.9864,494.11,509.74,JRR_ZONES,3930,3930.0,512.0,
TIMSS,2023,OMN,mathematics,410.8779,2.7091,405.57,416.19,JRR_ZONES,8226,8226.0,512.0,
TIMSS,2023,OMN,science,455.7478,2.6095,450.63,460.86,JRR_ZONES,8226,8226.0,512.0,
TIMSS,2023,PRT,mathematics,475.4719,2.6857,470.21,480.74,JRR_ZONES,5414,5414.0,512.0,
TIMSS,2023,PRT,science,505.5807,2.3765,500.92,510.24,JRR_ZONES,5414,5414.0,512.0,
TIMSS,2023,PSE,mathematics,381.659,2.9667,375.84,387.47,JRR_ZONES,6532,6532.0,512.0,
TIMSS,2023,PSE,science,392.8622,2.8788,387.22,398.5,JRR_ZONES,6532,6532.0,512.0,
TIMSS,2023,ROM,mathematics,495.6882,4.8598,486.16,505.21,JRR_ZONES,3722,3722.0,512.0,
TIMSS,2023,ROM,science,466.1514,4.0559,458.2,474.1,JRR_ZONES,3722,3722.0,512.0,
TIMSS,2023,SGP,mathematics,605.3191,6.0519,593.46,617.18,JRR_ZONES,4772,4772.0,512.0,
TIMSS,2023,SGP,science,606.1538,5.6833,595.01,617.29,JRR_ZONES,4772,4772.0,512.0,
TIMSS,2023,SWE,mathematics,517.3197,2.4038,512.61,522.03,JRR_ZONES,5082,5082.0,512.0,
TIMSS,2023,SWE,science,521.3098,2.9384,515.55,527.07,JRR_ZONES,5082,5082.0,512.0,
TIMSS,2023,TUR,mathematics,508.568,4.2811,500.18,516.96,JRR_ZONES,4925,4925.0,512.0,
TIMSS,2023,TUR,science,529.5164,3.5699,522.52,536.51,JRR_ZONES,4925,4925.0,512.0,
TIMSS,2023,TWN,mathematics,602.4299,3.0763,596.4,608.46,JRR_ZONES,5543,5543.0,512.0,
TIMSS,2023,TWN,science,571.8284,2.3976,567.13,576.53,JRR_ZONES,5543,5543.0,512.0,
TIMSS,2023,USA,mathematics,488.0068,4.1885,479.8,496.22,JRR_ZONES,8074,8074.0,512.0,
TIMSS,2023,USA,science,513.3955,3.8658,505.82,520.97,JRR_ZONES,8074,8074.0,512.0,
TIMSS,2023,UZB,mathematics,420.9094,4.3009,412.48,429.34,JRR_ZONES,4339,4339.0,512.0,
TIMSS,2023,UZB,science,395.6721,3.7044,388.41,402.93,JRR_ZONES,4339,4339.0,512.0,
TIMSS_G4,1995,AUS,mathematics,485.9045,3.4308,479.18,492.63,JRR_ZONES,11248,11248.0,256.0,
TIMSS_G4,1995,AUS,science,514.2141,3.6851,506.99,521.44,JRR_ZONES,11248,11248.0,256.0,
TIMSS_G4,1995,CYP,mathematics,435.4924,2.8072,429.99,440.99,JRR_ZONES,6684,6684.0,256.0,
TIMSS_G4,1995,CYP,science,416.9639,2.6721,411.73,422.2,JRR_ZONES,6684,6684.0,256.0,
TIMSS_G4,1995,CZE,mathematics,505.7637,2.7906,500.29,511.23,JRR_ZONES,6524,6524.0,256.0,
TIMSS_G4,1995,CZE,science,500.7487,2.8764,495.11,506.39,JRR_ZONES,6524,6524.0,256.0,
TIMSS_G4,1995,ENG,mathematics,453.0551,2.7461,447.67,458.44,JRR_ZONES,6182,6182.0,256.0,
TIMSS_G4,1995,ENG,science,501.0653,2.6264,495.92,506.21,JRR_ZONES,6182,6182.0,256.0,
TIMSS_G4,1995,GRC,mathematics,428.48,4.5527,419.56,437.4,JRR_ZONES,6008,6008.0,256.0,
TIMSS_G4,1995,GRC,science,446.8421,4.1534,438.7,454.98,JRR_ZONES,6008,6008.0,256.0,
TIMSS_G4,1995,HKG,mathematics,530.2315,3.3747,523.62,536.85,JRR_ZONES,8807,8807.0,256.0,
TIMSS_G4,1995,HKG,science,483.6712,3.0124,477.77,489.58,JRR_ZONES,8807,8807.0,256.0,
TIMSS_G4,1995,IRN,mathematics,356.6559,4.646,347.55,365.76,JRR_ZONES,6746,6746.0,256.0,
TIMSS_G4,1995,IRN,science,341.3351,4.6134,332.29,350.38,JRR_ZONES,6746,6746.0,256.0,
TIMSS_G4,1995,ISL,mathematics,416.1517,3.2692,409.74,422.56,JRR_ZONES,3507,3507.0,256.0,
TIMSS_G4,1995,ISL,science,441.3708,3.9673,433.59,449.15,JRR_ZONES,3507,3507.0,256.0,
TIMSS_G4,1995,ISR,mathematics,505.3744,4.4293,496.69,514.06,JRR_ZONES,2351,2351.0,256.0,
TIMSS_G4,1995,ISR,science,482.4728,4.8107,473.04,491.9,JRR_ZONES,2351,2351.0,256.0,
TIMSS_G4,1995,JPN,mathematics,540.5077,1.5743,537.42,543.59,JRR_ZONES,8612,8612.0,256.0,
TIMSS_G4,1995,JPN,science,527.565,1.4653,524.69,530.44,JRR_ZONES,8612,8612.0,256.0,
TIMSS_G4,1995,KOR,mathematics,559.781,1.6507,556.55,563.02,JRR_ZONES,5589,5589.0,256.0,
TIMSS_G4,1995,KOR,science,555.184,1.9756,551.31,559.06,JRR_ZONES,5589,5589.0,256.0,
TIMSS_G4,1995,KWT,mathematics,351.4572,3.9736,343.67,359.25,JRR_ZONES,4318,4318.0,256.0,
TIMSS_G4,1995,KWT,science,360.0573,4.5569,351.13,368.99,JRR_ZONES,4318,4318.0,256.0,
TIMSS_G4,1995,LVA,mathematics,469.3679,4.02,461.49,477.25,JRR_ZONES,4270,4270.0,256.0,
TIMSS_G4,1995,LVA,science,464.874,4.348,456.35,473.4,JRR_ZONES,4270,4270.0,256.0,
TIMSS_G4,1995,NLD,mathematics,509.5365,2.9097,503.83,515.24,JRR_ZONES,5314,5314.0,256.0,
TIMSS_G4,1995,NLD,science,502.9933,2.9432,497.22,508.76,JRR_ZONES,5314,5314.0,256.0,
TIMSS_G4,1995,NOR,mathematics,432.1461,2.9749,426.32,437.98,JRR_ZONES,4476,4476.0,256.0,
TIMSS_G4,1995,NOR,science,461.7301,3.5226,454.83,468.63,JRR_ZONES,4476,4476.0,256.0,
TIMSS_G4,1995,NZL,mathematics,437.2578,4.6254,428.19,446.32,JRR_ZONES,4925,4925.0,256.0,
TIMSS_G4,1995,NZL,science,477.4337,5.3435,466.96,487.91,JRR_ZONES,4925,4925.0,256.0,
TIMSS_G4,1995,PRT,mathematics,415.6327,3.8101,408.16,423.1,JRR_ZONES,5503,5503.0,256.0,
TIMSS_G4,1995,PRT,science,422.133,3.9703,414.35,429.91,JRR_ZONES,5503,5503.0,256.0,
TIMSS_G4,1995,SCO,mathematics,459.804,3.5244,452.9,466.71,JRR_ZONES,6433,6433.0,256.0,
TIMSS_G4,1995,SCO,science,486.2358,4.1159,478.17,494.3,JRR_ZONES,6433,6433.0,256.0,
TIMSS_G4,1995,SGP,mathematics,556.959,3.7451,549.62,564.3,JRR_ZONES,14169,14169.0,256.0,
TIMSS_G4,1995,SGP,science,490.0381,4.3149,481.58,498.5,JRR_ZONES,14169,14169.0,256.0,
TIMSS_G4,1995,SVN,mathematics,493.626,3.0516,487.64,499.61,JRR_ZONES,5087,5087.0,256.0,
TIMSS_G4,1995,SVN,science,493.1684,3.3196,486.66,499.67,JRR_ZONES,5087,5087.0,256.0,
TIMSS_G4,1995,THA,mathematics,440.194,5.0254,430.34,450.04,JRR_ZONES,5862,5862.0,256.0,
TIMSS_G4,1995,THA,science,425.5455,6.1663,413.46,437.63,JRR_ZONES,5862,5862.0,256.0,
TIMSS_G4,1995,USA,mathematics,485.1006,2.9501,479.32,490.88,JRR_ZONES,11115,11115.0,256.0,
TIMSS_G4,1995,USA,science,513.8748,3.1664,507.67,520.08,JRR_ZONES,11115,11115.0,256.0,
TIMSS_G4,2003,ARM,mathematics,455.9249,3.4768,449.11,462.74,JRR_ZONES,5674,5674.0,210.0,
TIMSS_G4,2003,ARM,science,436.5281,4.3234,428.05,445.0,JRR_ZONES,5674,5674.0,210.0,
TIMSS_G4,2003,AUS,mathematics,498.6633,3.8727,491.07,506.25,JRR_ZONES,4321,4321.0,210.0,
TIMSS_G4,2003,AUS,science,520.6911,4.257,512.35,529.03,JRR_ZONES,4321,4321.0,210.0,
TIMSS_G4,2003,BFL,mathematics,550.6008,1.7946,547.08,554.12,JRR_ZONES,4712,4712.0,210.0,
TIMSS_G4,2003,BFL,science,518.3421,1.8879,514.64,522.04,JRR_ZONES,4712,4712.0,210.0,
TIMSS_G4,2003,COT,mathematics,511.1842,3.8561,503.63,518.74,JRR_ZONES,4362,4362.0,210.0,
TIMSS_G4,2003,COT,science,540.205,3.7728,532.81,547.6,JRR_ZONES,4362,4362.0,210.0,
TIMSS_G4,2003,CQU,mathematics,505.8475,2.4056,501.13,510.56,JRR_ZONES,4350,4350.0,210.0,
TIMSS_G4,2003,CQU,science,500.3921,2.4487,495.59,505.19,JRR_ZONES,4350,4350.0,210.0,
TIMSS_G4,2003,ENG,mathematics,531.1823,3.7051,523.92,538.44,JRR_ZONES,3585,3585.0,210.0,
TIMSS_G4,2003,ENG,science,540.2402,3.5135,533.35,547.13,JRR_ZONES,3585,3585.0,210.0,
TIMSS_G4,2003,HKG,mathematics,574.7823,3.121,568.67,580.9,JRR_ZONES,4608,4608.0,210.0,
TIMSS_G4,2003,HKG,science,542.4826,2.9888,536.62,548.34,JRR_ZONES,4608,4608.0,210.0,
TIMSS_G4,2003,HUN,mathematics,528.5023,3.1745,522.28,534.72,JRR_ZONES,3319,3319.0,210.0,
TIMSS_G4,2003,HUN,science,529.7275,2.8425,524.16,535.3,JRR_ZONES,3319,3319.0,210.0,
TIMSS_G4,2003,ITA,mathematics,502.7621,3.6533,495.6,509.92,JRR_ZONES,4282,4282.0,210.0,
TIMSS_G4,2003,ITA,science,515.6404,3.7953,508.2,523.08,JRR_ZONES,4282,4282.0,210.0,
TIMSS_G4,2003,JPN,mathematics,564.5561,1.5661,561.49,567.63,JRR_ZONES,4535,4535.0,210.0,
TIMSS_G4,2003,JPN,science,543.4686,1.5417,540.45,546.49,JRR_ZONES,4535,4535.0,210.0,
TIMSS_G4,2003,MAR,mathematics,346.8071,5.0363,336.94,356.68,JRR_ZONES,4264,4264.0,210.0,
TIMSS_G4,2003,MAR,science,304.3918,6.4201,291.81,316.98,JRR_ZONES,4264,4264.0,210.0,
TIMSS_G4,2003,NLD,mathematics,540.3734,2.1677,536.12,544.62,JRR_ZONES,2937,2937.0,210.0,
TIMSS_G4,2003,NLD,science,525.1246,2.0342,521.14,529.11,JRR_ZONES,2937,2937.0,210.0,
TIMSS_G4,2003,NOR,mathematics,451.3425,2.1918,447.05,455.64,JRR_ZONES,4342,4342.0,210.0,
TIMSS_G4,2003,NOR,science,466.3464,2.6005,461.25,471.44,JRR_ZONES,4342,4342.0,210.0,
TIMSS_G4,2003,NZL,mathematics,493.4637,2.1501,489.25,497.68,JRR_ZONES,4308,4308.0,210.0,
TIMSS_G4,2003,NZL,science,519.6712,2.3936,514.98,524.36,JRR_ZONES,4308,4308.0,210.0,
TIMSS_G4,2003,PHL,mathematics,358.1947,8.0482,342.42,373.97,JRR_ZONES,4572,4572.0,210.0,
TIMSS_G4,2003,PHL,science,331.6199,9.5928,312.82,350.42,JRR_ZONES,4572,4572.0,210.0,
TIMSS_G4,2003,RUS,mathematics,531.6823,4.7559,522.36,541.0,JRR_ZONES,3963,3963.0,210.0,
TIMSS_G4,2003,RUS,science,526.1874,5.3097,515.78,536.59,JRR_ZONES,3963,3963.0,210.0,
TIMSS_G4,2003,SCO,mathematics,490.3209,3.1027,484.24,496.4,JRR_ZONES,3936,3936.0,210.0,
TIMSS_G4,2003,SCO,science,501.9748,2.8775,496.33,507.61,JRR_ZONES,3936,3936.0,210.0,
TIMSS_G4,2003,SVN,mathematics,478.795,2.5255,473.85,483.74,JRR_ZONES,3126,3126.0,210.0,
TIMSS_G4,2003,SVN,science,490.3647,2.615,485.24,495.49,JRR_ZONES,3126,3126.0,210.0,
TIMSS_G4,2003,TUN,mathematics,339.3,4.6917,330.1,348.5,JRR_ZONES,4334,4334.0,210.0,
TIMSS_G4,2003,TUN,science,313.9885,5.6188,302.98,325.0,JRR_ZONES,4334,4334.0,210.0,
TIMSS_G4,2003,TWN,mathematics,563.9486,1.7564,560.51,567.39,JRR_ZONES,4661,4661.0,210.0,
TIMSS_G4,2003,TWN,science,551.3547,1.7526,547.92,554.79,JRR_ZONES,4661,4661.0,210.0,
TIMSS_G4,2003,UIN,mathematics,532.8736,2.9251,527.14,538.61,JRR_ZONES,2233,2233.0,210.0,
TIMSS_G4,2003,UIN,science,553.2871,3.5958,546.24,560.33,JRR_ZONES,2233,2233.0,210.0,
TIMSS_G4,2003,USA,mathematics,518.2842,2.4017,513.58,522.99,JRR_ZONES,9829,9829.0,210.0,
TIMSS_G4,2003,USA,science,535.6305,2.5029,530.72,540.54,JRR_ZONES,9829,9829.0,210.0,
TIMSS_G4,2007,ADU,mathematics,444.3338,2.095,440.23,448.44,JRR_ZONES,3064,3064.0,203.0,
TIMSS_G4,2007,ADU,science,459.6483,2.5955,454.56,464.74,JRR_ZONES,3064,3064.0,203.0,
TIMSS_G4,2007,ARM,mathematics,499.5128,4.2645,491.15,507.87,JRR_ZONES,4079,4079.0,203.0,
TIMSS_G4,2007,ARM,science,484.3868,6.125,472.38,496.39,JRR_ZONES,4079,4079.0,203.0,
TIMSS_G4,2007,AUS,mathematics,516.0625,3.4526,509.3,522.83,JRR_ZONES,4108,4108.0,203.0,
TIMSS_G4,2007,AUS,science,527.3967,3.3021,520.92,533.87,JRR_ZONES,4108,4108.0,203.0,
TIMSS_G4,2007,AUT,mathematics,505.3886,1.949,501.57,509.21,JRR_ZONES,4859,4859.0,203.0,
TIMSS_G4,2007,AUT,science,525.6268,2.4829,520.76,530.49,JRR_ZONES,4859,4859.0,203.0,
TIMSS_G4,2007,CAB,mathematics,505.3204,2.9046,499.63,511.01,JRR_ZONES,4037,4037.0,203.0,
TIMSS_G4,2007,CAB,science,542.5885,3.7924,535.16,550.02,JRR_ZONES,4037,4037.0,203.0,
TIMSS_G4,2007,CBC,mathematics,505.2194,2.7371,499.85,510.58,JRR_ZONES,4153,4153.0,203.0,
TIMSS_G4,2007,CBC,science,536.69,2.6941,531.41,541.97,JRR_ZONES,4153,4153.0,203.0,
TIMSS_G4,2007,COL,mathematics,355.4504,5.0732,345.51,365.39,JRR_ZONES,4801,4801.0,203.0,
TIMSS_G4,2007,COL,science,400.3046,5.2942,389.93,410.68,JRR_ZONES,4801,4801.0,203.0,
TIMSS_G4,2007,COT,mathematics,511.6142,2.9617,505.81,517.42,JRR_ZONES,3496,3496.0,203.0,
TIMSS_G4,2007,COT,science,535.8687,3.8014,528.42,543.32,JRR_ZONES,3496,3496.0,203.0,
TIMSS_G4,2007,CQU,mathematics,519.1031,3.0137,513.2,525.01,JRR_ZONES,3885,3885.0,203.0,
TIMSS_G4,2007,CQU,science,517.1224,2.8111,511.61,522.63,JRR_ZONES,3885,3885.0,203.0,
TIMSS_G4,2007,CZE,mathematics,486.3994,2.735,481.04,491.76,JRR_ZONES,4235,4235.0,203.0,
TIMSS_G4,2007,CZE,science,515.0518,3.0472,509.08,521.02,JRR_ZONES,4235,4235.0,203.0,
TIMSS_G4,2007,DNK,mathematics,523.1058,2.4558,518.29,527.92,JRR_ZONES,3519,3519.0,203.0,
TIMSS_G4,2007,DNK,science,516.9172,2.8848,511.26,522.57,JRR_ZONES,3519,3519.0,203.0,
TIMSS_G4,2007,DZA,mathematics,377.6451,5.2745,367.31,387.98,JRR_ZONES,4223,4223.0,203.0,
TIMSS_G4,2007,DZA,science,353.8193,5.9321,342.19,365.45,JRR_ZONES,4223,4223.0,203.0,
TIMSS_G4,2007,GEO,mathematics,438.4579,4.2918,430.05,446.87,JRR_ZONES,4108,4108.0,203.0,
TIMSS_G4,2007,GEO,science,417.6372,4.5887,408.64,426.63,JRR_ZONES,4108,4108.0,203.0,
TIMSS_G4,2007,HUN,mathematics,509.7197,3.5059,502.85,516.59,JRR_ZONES,4048,4048.0,203.0,
TIMSS_G4,2007,HUN,science,536.2259,3.395,529.57,542.88,JRR_ZONES,4048,4048.0,203.0,
TIMSS_G4,2007,IRN,mathematics,402.4216,4.0239,394.53,410.31,JRR_ZONES,3833,3833.0,203.0,
TIMSS_G4,2007,IRN,science,435.6388,4.3636,427.09,444.19,JRR_ZONES,3833,3833.0,203.0,
TIMSS_G4,2007,ITA,mathematics,506.7498,3.0929,500.69,512.81,JRR_ZONES,4470,4470.0,203.0,
TIMSS_G4,2007,ITA,science,535.2168,3.2477,528.85,541.58,JRR_ZONES,4470,4470.0,203.0,
TIMSS_G4,2007,KAZ,mathematics,549.3478,6.9676,535.69,563.0,JRR_ZONES,3990,3990.0,203.0,
TIMSS_G4,2007,KAZ,science,532.8304,5.8264,521.41,544.25,JRR_ZONES,3990,3990.0,203.0,
TIMSS_G4,2007,KWT,mathematics,315.5353,3.6563,308.37,322.7,JRR_ZONES,3803,3803.0,203.0,
TIMSS_G4,2007,KWT,science,348.1511,4.2831,339.76,356.55,JRR_ZONES,3803,3803.0,203.0,
TIMSS_G4,2007,LTU,mathematics,529.7988,2.3855,525.12,534.47,JRR_ZONES,3980,3980.0,203.0,
TIMSS_G4,2007,LTU,science,514.2051,2.3508,509.6,518.81,JRR_ZONES,3980,3980.0,203.0,
TIMSS_G4,2007,LVA,mathematics,537.2002,2.3245,532.64,541.76,JRR_ZONES,3908,3908.0,203.0,
TIMSS_G4,2007,LVA,science,541.8951,2.2792,537.43,546.36,JRR_ZONES,3908,3908.0,203.0,
TIMSS_G4,2007,MNG,mathematics,435.5953,4.0526,427.65,443.54,JRR_ZONES,4523,4523.0,203.0,
TIMSS_G4,2007,MNG,science,421.397,4.1033,413.35,429.44,JRR_ZONES,4523,4523.0,203.0,
TIMSS_G4,2007,NLD,mathematics,534.9518,2.112,530.81,539.09,JRR_ZONES,3349,3349.0,203.0,
TIMSS_G4,2007,NLD,science,523.1763,2.5572,518.16,528.19,JRR_ZONES,3349,3349.0,203.0,
TIMSS_G4,2007,NOR,mathematics,473.2164,2.5868,468.15,478.29,JRR_ZONES,4108,4108.0,203.0,
TIMSS_G4,2007,NOR,science,476.5508,3.5085,469.67,483.43,JRR_ZONES,4108,4108.0,203.0,
TIMSS_G4,2007,NZL,mathematics,492.4753,2.3758,487.82,497.13,JRR_ZONES,4940,4940.0,203.0,
TIMSS_G4,2007,NZL,science,504.0658,2.6791,498.81,509.32,JRR_ZONES,4940,4940.0,203.0,
TIMSS_G4,2007,QAT,mathematics,296.2682,1.0276,294.25,298.28,JRR_ZONES,7019,7019.0,203.0,
TIMSS_G4,2007,QAT,science,294.3956,2.5758,289.35,299.44,JRR_ZONES,7019,7019.0,203.0,
TIMSS_G4,2007,SLV,mathematics,329.9056,4.1675,321.74,338.07,JRR_ZONES,4166,4166.0,203.0,
TIMSS_G4,2007,SLV,science,389.583,3.4889,382.74,396.42,JRR_ZONES,4166,4166.0,203.0,
TIMSS_G4,2007,SVK,mathematics,495.9748,4.496,487.16,504.79,JRR_ZONES,4963,4963.0,203.0,
TIMSS_G4,2007,SVK,science,525.6914,4.8065,516.27,535.11,JRR_ZONES,4963,4963.0,203.0,
TIMSS_G4,2007,SVN,mathematics,501.8426,1.8079,498.3,505.39,JRR_ZONES,4351,4351.0,203.0,
TIMSS_G4,2007,SVN,science,518.3925,1.9267,514.62,522.17,JRR_ZONES,4351,4351.0,203.0,
TIMSS_G4,2007,SWE,mathematics,502.574,2.5661,497.54,507.6,JRR_ZONES,4676,4676.0,203.0,
TIMSS_G4,2007,SWE,science,524.8102,2.8673,519.19,530.43,JRR_ZONES,4676,4676.0,203.0,
TIMSS_G4,2007,TUN,mathematics,327.4354,4.4988,318.62,336.25,JRR_ZONES,4134,4134.0,203.0,
TIMSS_G4,2007,TUN,science,318.4744,5.8706,306.97,329.98,JRR_ZONES,4134,4134.0,203.0,
TIMSS_G4,2007,TWN,mathematics,575.8192,1.7635,572.36,579.28,JRR_ZONES,4131,4131.0,203.0,
TIMSS_G4,2007,TWN,science,556.6963,2.0183,552.74,560.65,JRR_ZONES,4131,4131.0,203.0,
TIMSS_G4,2007,UKR,mathematics,469.0033,2.8898,463.34,474.67,JRR_ZONES,4292,4292.0,203.0,
TIMSS_G4,2007,UKR,science,473.8136,3.0413,467.85,479.77,JRR_ZONES,4292,4292.0,203.0,
TIMSS_G4,2007,UMA,mathematics,572.4842,3.5686,565.49,579.48,JRR_ZONES,1747,1747.0,203.0,
TIMSS_G4,2007,UMA,science,570.8943,4.2486,562.57,579.22,JRR_ZONES,1747,1747.0,203.0,
TIMSS_G4,2007,UMN,mathematics,554.1172,5.8123,542.73,565.51,JRR_ZONES,1846,1846.0,203.0,
TIMSS_G4,2007,UMN,science,551.4777,6.1269,539.47,563.49,JRR_ZONES,1846,1846.0,203.0,
TIMSS_G4,2007,YEM,mathematics,223.6826,6.066,211.79,235.57,JRR_ZONES,5811,5811.0,203.0,
TIMSS_G4,2007,YEM,science,197.3648,7.2209,183.21,211.52,JRR_ZONES,5811,5811.0,203.0,
TIMSS_G4,2011,ADU,mathematics,467.8804,1.6934,464.56,471.2,JRR_ZONES,6151,6151.0,199.0,
TIMSS_G4,2011,ADU,science,461.2419,2.4549,456.43,466.05,JRR_ZONES,6151,6151.0,199.0,
TIMSS_G4,2011,ARE,mathematics,434.3831,1.9826,430.5,438.27,JRR_ZONES,14720,14720.0,199.0,
TIMSS_G4,2011,ARE,science,427.829,2.4916,422.95,432.71,JRR_ZONES,14720,14720.0,199.0,
TIMSS_G4,2011,ARM,mathematics,452.2821,3.5744,445.28,459.29,JRR_ZONES,5146,5146.0,199.0,
TIMSS_G4,2011,ARM,science,416.0832,3.7788,408.68,423.49,JRR_ZONES,5146,5146.0,199.0,
TIMSS_G4,2011,AUS,mathematics,515.9317,2.959,510.13,521.73,JRR_ZONES,6146,6146.0,199.0,
TIMSS_G4,2011,AUS,science,515.5933,2.8895,509.93,521.26,JRR_ZONES,6146,6146.0,199.0,
TIMSS_G4,2011,AUT,mathematics,508.3109,2.598,503.22,513.4,JRR_ZONES,4668,4668.0,199.0,
TIMSS_G4,2011,AUT,science,531.5022,2.8653,525.89,537.12,JRR_ZONES,4668,4668.0,199.0,
TIMSS_G4,2011,AZE,mathematics,462.7507,5.8702,451.25,474.26,JRR_ZONES,4882,4882.0,199.0,
TIMSS_G4,2011,AZE,science,438.0663,5.6336,427.02,449.11,JRR_ZONES,4882,4882.0,199.0,
TIMSS_G4,2011,BFL,mathematics,549.1849,1.9353,545.39,552.98,JRR_ZONES,4849,4849.0,199.0,
TIMSS_G4,2011,BFL,science,508.55,2.029,504.57,512.53,JRR_ZONES,4849,4849.0,199.0,
TIMSS_G4,2011,BHR,mathematics,436.0368,3.2463,429.67,442.4,JRR_ZONES,4083,4083.0,199.0,
TIMSS_G4,2011,BHR,science,449.4156,3.5386,442.48,456.35,JRR_ZONES,4083,4083.0,199.0,
TIMSS_G4,2011,CAB,mathematics,506.5501,2.4702,501.71,511.39,JRR_ZONES,3645,3645.0,199.0,
TIMSS_G4,2011,CAB,science,541.2533,2.5148,536.32,546.18,JRR_ZONES,3645,3645.0,199.0,
TIMSS_G4,2011,COT,mathematics,517.8829,3.0418,511.92,523.84,JRR_ZONES,4570,4570.0,199.0,
TIMSS_G4,2011,COT,science,527.5905,3.0675,521.58,533.6,JRR_ZONES,4570,4570.0,199.0,
TIMSS_G4,2011,CQU,mathematics,532.7976,2.4665,527.96,537.63,JRR_ZONES,4235,4235.0,199.0,
TIMSS_G4,2011,CQU,science,516.4002,2.713,511.08,521.72,JRR_ZONES,4235,4235.0,199.0,
TIMSS_G4,2011,ENG,mathematics,542.3643,3.468,535.57,549.16,JRR_ZONES,3397,3397.0,199.0,
TIMSS_G4,2011,ENG,science,528.7813,3.0164,522.87,534.69,JRR_ZONES,3397,3397.0,199.0,
TIMSS_G4,2011,FIN,mathematics,545.4379,2.3741,540.78,550.09,JRR_ZONES,4638,4638.0,199.0,
TIMSS_G4,2011,FIN,science,570.2206,2.6103,565.1,575.34,JRR_ZONES,4638,4638.0,199.0,
TIMSS_G4,2011,HKG,mathematics,601.6088,3.3788,594.99,608.23,JRR_ZONES,3957,3957.0,199.0,
TIMSS_G4,2011,HKG,science,534.9477,3.6627,527.77,542.13,JRR_ZONES,3957,3957.0,199.0,
TIMSS_G4,2011,HND,mathematics,396.4456,5.529,385.61,407.28,JRR_ZONES,3919,3919.0,199.0,
TIMSS_G4,2011,HND,science,432.3087,5.5681,421.4,443.22,JRR_ZONES,3919,3919.0,199.0,
TIMSS_G4,2011,HUN,mathematics,515.3955,3.3946,508.74,522.05,JRR_ZONES,5204,5204.0,199.0,
TIMSS_G4,2011,HUN,science,534.3866,3.6767,527.18,541.59,JRR_ZONES,5204,5204.0,199.0,
TIMSS_G4,2011,IRL,mathematics,527.3953,2.6004,522.3,532.49,JRR_ZONES,4560,4560.0,199.0,
TIMSS_G4,2011,IRL,science,516.0549,3.3379,509.51,522.6,JRR_ZONES,4560,4560.0,199.0,
TIMSS_G4,2011,ITA,mathematics,507.821,2.6495,502.63,513.01,JRR_ZONES,4200,4200.0,199.0,
TIMSS_G4,2011,ITA,science,523.8551,2.6696,518.62,529.09,JRR_ZONES,4200,4200.0,199.0,
TIMSS_G4,2011,KAZ,mathematics,501.0016,4.5331,492.12,509.89,JRR_ZONES,4382,4382.0,199.0,
TIMSS_G4,2011,KAZ,science,494.5325,5.0957,484.54,504.52,JRR_ZONES,4382,4382.0,199.0,
TIMSS_G4,2011,KWT,mathematics,341.7575,3.5555,334.79,348.73,JRR_ZONES,4142,4142.0,199.0,
TIMSS_G4,2011,KWT,science,347.1358,4.7832,337.76,356.51,JRR_ZONES,4142,4142.0,199.0,
TIMSS_G4,2011,LTU,mathematics,533.6899,2.4219,528.94,538.44,JRR_ZONES,4688,4688.0,199.0,
TIMSS_G4,2011,LTU,science,514.6282,2.3594,510.0,519.25,JRR_ZONES,4688,4688.0,199.0,
TIMSS_G4,2011,MAR,mathematics,334.5938,3.9573,326.84,342.35,JRR_ZONES,7841,7841.0,199.0,
TIMSS_G4,2011,MAR,science,263.6544,4.3758,255.08,272.23,JRR_ZONES,7841,7841.0,199.0,
TIMSS_G4,2011,MLT,mathematics,495.766,1.37,493.08,498.45,JRR_ZONES,3607,3607.0,199.0,
TIMSS_G4,2011,MLT,science,445.8257,1.9405,442.02,449.63,JRR_ZONES,3607,3607.0,199.0,
TIMSS_G4,2011,NLD,mathematics,540.0542,1.6301,536.86,543.25,JRR_ZONES,3229,3229.0,199.0,
TIMSS_G4,2011,NLD,science,531.1561,2.2364,526.77,535.54,JRR_ZONES,3229,3229.0,199.0,
TIMSS_G4,2011,OMN,mathematics,384.8565,2.8775,379.22,390.5,JRR_ZONES,10411,10411.0,199.0,
TIMSS_G4,2011,OMN,science,377.0061,4.3134,368.55,385.46,JRR_ZONES,10411,10411.0,199.0,
TIMSS_G4,2011,POL,mathematics,481.1649,2.1769,476.9,485.43,JRR_ZONES,5027,5027.0,199.0,
TIMSS_G4,2011,POL,science,504.8919,2.7044,499.59,510.19,JRR_ZONES,5027,5027.0,199.0,
TIMSS_G4,2011,QAT,mathematics,412.9159,3.4474,406.16,419.67,JRR_ZONES,4117,4117.0,199.0,
TIMSS_G4,2011,QAT,science,394.1559,4.3267,385.68,402.64,JRR_ZONES,4117,4117.0,199.0,
TIMSS_G4,2011,ROM,mathematics,482.2807,5.7733,470.97,493.6,JRR_ZONES,4673,4673.0,199.0,
TIMSS_G4,2011,ROM,science,505.3852,5.8637,493.89,516.88,JRR_ZONES,4673,4673.0,199.0,
TIMSS_G4,2011,RUS,mathematics,542.0973,3.6994,534.85,549.35,JRR_ZONES,4467,4467.0,199.0,
TIMSS_G4,2011,RUS,science,552.3455,3.4352,545.61,559.08,JRR_ZONES,4467,4467.0,199.0,
TIMSS_G4,2011,SAU,mathematics,410.2095,5.2088,400.0,420.42,JRR_ZONES,4515,4515.0,199.0,
TIMSS_G4,2011,SAU,science,429.3868,5.4553,418.69,440.08,JRR_ZONES,4515,4515.0,199.0,
TIMSS_G4,2011,SGP,mathematics,605.786,3.2268,599.46,612.11,JRR_ZONES,6368,6368.0,199.0,
TIMSS_G4,2011,SGP,science,583.3389,3.4139,576.65,590.03,JRR_ZONES,6368,6368.0,199.0,
TIMSS_G4,2011,SRB,mathematics,515.9359,3.0042,510.05,521.82,JRR_ZONES,4379,4379.0,199.0,
TIMSS_G4,2011,SRB,science,515.5076,3.1322,509.37,521.65,JRR_ZONES,4379,4379.0,199.0,
TIMSS_G4,2011,SVK,mathematics,506.7691,3.7471,499.42,514.11,JRR_ZONES,5616,5616.0,199.0,
TIMSS_G4,2011,SVK,science,531.8046,3.7483,524.46,539.15,JRR_ZONES,5616,5616.0,199.0,
TIMSS_G4,2011,SVN,mathematics,513.0257,2.1303,508.85,517.2,JRR_ZONES,4492,4492.0,199.0,
TIMSS_G4,2011,SVN,science,520.2802,2.5772,515.23,525.33,JRR_ZONES,4492,4492.0,199.0,
TIMSS_G4,2011,SWE,mathematics,503.9378,2.0873,499.85,508.03,JRR_ZONES,4663,4663.0,199.0,
TIMSS_G4,2011,SWE,science,533.4812,2.7761,528.04,538.92,JRR_ZONES,4663,4663.0,199.0,
TIMSS_G4,2011,THA,mathematics,457.9759,4.7398,448.69,467.27,JRR_ZONES,4448,4448.0,199.0,
TIMSS_G4,2011,THA,science,471.5708,5.798,460.21,482.93,JRR_ZONES,4448,4448.0,199.0,
TIMSS_G4,2011,TUN,mathematics,359.3446,3.8585,351.78,366.91,JRR_ZONES,4912,4912.0,199.0,
TIMSS_G4,2011,TUN,science,345.6063,5.132,335.55,355.67,JRR_ZONES,4912,4912.0,199.0,
TIMSS_G4,2011,TWN,mathematics,591.2061,1.9802,587.32,595.09,JRR_ZONES,4284,4284.0,199.0,
TIMSS_G4,2011,TWN,science,551.7028,2.2109,547.37,556.04,JRR_ZONES,4284,4284.0,199.0,
TIMSS_G4,2011,USA,mathematics,540.6493,1.8749,536.97,544.32,JRR_ZONES,12569,12569.0,199.0,
TIMSS_G4,2011,USA,science,543.8407,2.1151,539.7,547.99,JRR_ZONES,12569,12569.0,199.0,
TIMSS_G4,2011,YE6,mathematics,348.4812,5.575,337.55,359.41,JRR_ZONES,4929,4929.0,199.0,
TIMSS_G4,2011,YE6,science,345.4053,6.9309,331.82,358.99,JRR_ZONES,4929,4929.0,199.0,
TIMSS_G4,2015,AAD,mathematics,419.2901,4.6894,410.1,428.48,JRR_ZONES,5001,5001.0,218.0,
TIMSS_G4,2015,AAD,science,414.7105,5.5764,403.78,425.64,JRR_ZONES,5001,5001.0,218.0,
TIMSS_G4,2015,ABA,mathematics,419.7848,3.3841,413.15,426.42,JRR_ZONES,3104,3104.0,218.0,
TIMSS_G4,2015,ABA,science,417.8347,4.6528,408.72,426.95,JRR_ZONES,3104,3104.0,218.0,
TIMSS_G4,2015,BHR,mathematics,451.0328,1.6363,447.83,454.24,JRR_ZONES,8575,8575.0,218.0,
TIMSS_G4,2015,BHR,science,458.812,2.5517,453.81,463.81,JRR_ZONES,8575,4146.0,218.0,
TIMSS_G4,2015,CAN,mathematics,510.5564,2.3421,505.97,515.15,JRR_ZONES,12283,12283.0,218.0,
TIMSS_G4,2015,CAN,science,524.7821,2.6473,519.59,529.97,JRR_ZONES,12283,12283.0,218.0,
TIMSS_G4,2015,CHL,mathematics,458.5823,2.4106,453.86,463.31,JRR_ZONES,4756,4756.0,218.0,
TIMSS_G4,2015,CHL,science,477.7105,2.7359,472.35,483.07,JRR_ZONES,4756,4756.0,218.0,
TIMSS_G4,2015,COT,mathematics,512.4599,2.3354,507.88,517.04,JRR_ZONES,4574,4574.0,218.0,
TIMSS_G4,2015,COT,science,530.3701,2.5455,525.38,535.36,JRR_ZONES,4574,4574.0,218.0,
TIMSS_G4,2015,CQU,mathematics,535.8314,3.9775,528.04,543.63,JRR_ZONES,2798,2798.0,218.0,
TIMSS_G4,2015,CQU,science,524.5089,4.0915,516.49,532.53,JRR_ZONES,2798,2798.0,218.0,
TIMSS_G4,2015,CZE,mathematics,528.138,2.2328,523.76,532.51,JRR_ZONES,5202,5202.0,218.0,
TIMSS_G4,2015,CZE,science,534.3801,2.3569,529.76,539.0,JRR_ZONES,5202,5202.0,218.0,
TIMSS_G4,2015,DEU,mathematics,521.634,2.0368,517.64,525.63,JRR_ZONES,3948,3948.0,218.0,
TIMSS_G4,2015,DEU,science,528.4667,2.3909,523.78,533.15,JRR_ZONES,3948,3948.0,218.0,
TIMSS_G4,2015,DNK,mathematics,538.6533,2.7298,533.3,544.0,JRR_ZONES,3710,3710.0,218.0,
TIMSS_G4,2015,DNK,science,527.029,2.0752,522.96,531.1,JRR_ZONES,3710,3710.0,218.0,
TIMSS_G4,2015,ESP,mathematics,505.0949,2.4537,500.29,509.9,JRR_ZONES,7764,7764.0,218.0,
TIMSS_G4,2015,ESP,science,518.1979,2.5837,513.13,523.26,JRR_ZONES,7764,7764.0,218.0,
TIMSS_G4,2015,FIN,mathematics,535.288,2.0214,531.33,539.25,JRR_ZONES,5015,5015.0,218.0,
TIMSS_G4,2015,FIN,science,553.8131,2.3134,549.28,558.35,JRR_ZONES,5015,5015.0,218.0,
TIMSS_G4,2015,GEO,mathematics,463.1491,3.6209,456.05,470.25,JRR_ZONES,3919,3919.0,218.0,
TIMSS_G4,2015,GEO,science,451.2453,3.743,443.91,458.58,JRR_ZONES,3919,3919.0,218.0,
TIMSS_G4,2015,HKG,mathematics,614.5197,2.8671,608.9,620.14,JRR_ZONES,3600,3600.0,218.0,
TIMSS_G4,2015,HKG,science,556.5472,2.9347,550.8,562.3,JRR_ZONES,3600,3600.0,218.0,
TIMSS_G4,2015,HRV,mathematics,502.3352,1.7526,498.9,505.77,JRR_ZONES,3985,3985.0,218.0,
TIMSS_G4,2015,HRV,science,533.4419,2.0539,529.42,537.47,JRR_ZONES,3985,3985.0,218.0,
TIMSS_G4,2015,HUN,mathematics,529.1908,3.1508,523.02,535.37,JRR_ZONES,5036,5036.0,218.0,
TIMSS_G4,2015,HUN,science,541.9782,3.342,535.43,548.53,JRR_ZONES,5036,5036.0,218.0,
TIMSS_G4,2015,IDN,mathematics,397.4628,3.7117,390.19,404.74,JRR_ZONES,8319,8319.0,218.0,
TIMSS_G4,2015,IDN,science,396.6664,4.8358,387.19,406.14,JRR_ZONES,8319,4025.0,218.0,
TIMSS_G4,2015,IRL,mathematics,547.3368,2.1426,543.14,551.54,JRR_ZONES,4344,4344.0,218.0,
TIMSS_G4,2015,IRL,science,528.8759,2.3549,524.26,533.49,JRR_ZONES,4344,4344.0,218.0,
TIMSS_G4,2015,IRN,mathematics,431.4881,3.2416,425.13,437.84,JRR_ZONES,7928,7928.0,218.0,
TIMSS_G4,2015,IRN,science,421.0092,4.0212,413.13,428.89,JRR_ZONES,7928,3823.0,218.0,
TIMSS_G4,2015,ITA,mathematics,506.8483,2.552,501.85,511.85,JRR_ZONES,4373,4373.0,218.0,
TIMSS_G4,2015,ITA,science,516.475,2.6223,511.34,521.61,JRR_ZONES,4373,4373.0,218.0,
TIMSS_G4,2015,JPN,mathematics,592.826,1.9503,589.0,596.65,JRR_ZONES,4383,4383.0,218.0,
TIMSS_G4,2015,JPN,science,569.0127,1.774,565.54,572.49,JRR_ZONES,4383,4383.0,218.0,
TIMSS_G4,2015,KAZ,mathematics,544.42,4.499,535.6,553.24,JRR_ZONES,4702,4702.0,218.0,
TIMSS_G4,2015,KAZ,science,549.5563,4.4055,540.92,558.19,JRR_ZONES,4702,4702.0,218.0,
TIMSS_G4,2015,KOR,mathematics,608.0351,2.213,603.7,612.37,JRR_ZONES,4669,4669.0,218.0,
TIMSS_G4,2015,KOR,science,589.3195,1.9815,585.44,593.2,JRR_ZONES,4669,4669.0,218.0,
TIMSS_G4,2015,KWT,mathematics,353.0642,4.6298,343.99,362.14,JRR_ZONES,7296,7296.0,218.0,
TIMSS_G4,2015,KWT,science,337.2129,6.2187,325.02,349.4,JRR_ZONES,7296,3593.0,218.0,
TIMSS_G4,2015,LTU,mathematics,535.3409,2.4709,530.5,540.18,JRR_ZONES,4529,4529.0,218.0,
TIMSS_G4,2015,LTU,science,527.6665,2.5086,522.75,532.58,JRR_ZONES,4529,4529.0,218.0,
TIMSS_G4,2015,MAR,mathematics,379.4736,3.8445,371.94,387.01,JRR_ZONES,5068,5068.0,218.0,
TIMSS_G4,2015,MAR,science,352.2073,4.664,343.07,361.35,JRR_ZONES,5068,5068.0,218.0,
TIMSS_G4,2015,NIR,mathematics,570.261,2.9443,564.49,576.03,JRR_ZONES,3116,3116.0,218.0,
TIMSS_G4,2015,NIR,science,519.7678,2.2322,515.39,524.14,JRR_ZONES,3116,3116.0,218.0,
TIMSS_G4,2015,NLD,mathematics,529.8187,1.7057,526.48,533.16,JRR_ZONES,4515,4515.0,218.0,
TIMSS_G4,2015,NLD,science,517.1205,2.6523,511.92,522.32,JRR_ZONES,4515,4515.0,218.0,
TIMSS_G4,2015,NO4,mathematics,492.9966,2.2975,488.49,497.5,JRR_ZONES,4164,4164.0,218.0,
TIMSS_G4,2015,NO4,science,493.0032,2.172,488.75,497.26,JRR_ZONES,4164,4164.0,218.0,
TIMSS_G4,2015,NOR,mathematics,549.0799,2.4761,544.23,553.93,JRR_ZONES,4329,4329.0,218.0,
TIMSS_G4,2015,NOR,science,537.5982,2.648,532.41,542.79,JRR_ZONES,4329,4329.0,218.0,
TIMSS_G4,2015,NZL,mathematics,490.5609,2.342,485.97,495.15,JRR_ZONES,6322,6322.0,218.0,
TIMSS_G4,2015,NZL,science,505.517,2.6589,500.31,510.73,JRR_ZONES,6322,6322.0,218.0,
TIMSS_G4,2015,OMN,mathematics,425.4828,2.4953,420.59,430.37,JRR_ZONES,9105,9105.0,218.0,
TIMSS_G4,2015,OMN,science,430.9741,3.1159,424.87,437.08,JRR_ZONES,9105,9105.0,218.0,
TIMSS_G4,2015,PRT,mathematics,541.2002,2.2337,536.82,545.58,JRR_ZONES,4693,4693.0,218.0,
TIMSS_G4,2015,PRT,science,508.0561,2.2006,503.74,512.37,JRR_ZONES,4693,4693.0,218.0,
TIMSS_G4,2015,QAT,mathematics,438.9958,3.4304,432.27,445.72,JRR_ZONES,5194,5194.0,218.0,
TIMSS_G4,2015,QAT,science,436.2582,4.0663,428.29,444.23,JRR_ZONES,5194,5194.0,218.0,
TIMSS_G4,2015,SRB,mathematics,517.9984,3.5363,511.07,524.93,JRR_ZONES,4036,4036.0,218.0,
TIMSS_G4,2015,SRB,science,524.5091,3.6881,517.28,531.74,JRR_ZONES,4036,4036.0,218.0,
TIMSS_G4,2015,SVK,mathematics,498.2473,2.4767,493.39,503.1,JRR_ZONES,5773,5773.0,218.0,
TIMSS_G4,2015,SVK,science,520.4948,2.6233,515.35,525.64,JRR_ZONES,5773,5773.0,218.0,
TIMSS_G4,2015,SVN,mathematics,519.8749,1.8871,516.18,523.57,JRR_ZONES,4445,4445.0,218.0,
TIMSS_G4,2015,SVN,science,542.5731,2.4405,537.79,547.36,JRR_ZONES,4445,4445.0,218.0,
TIMSS_G4,2015,SWE,mathematics,518.6467,2.8105,513.14,524.16,JRR_ZONES,4142,4142.0,218.0,
TIMSS_G4,2015,SWE,science,540.1936,3.5691,533.2,547.19,JRR_ZONES,4142,4142.0,218.0,
TIMSS_G4,2015,TUR,mathematics,483.1501,3.0612,477.15,489.15,JRR_ZONES,6456,6456.0,218.0,
TIMSS_G4,2015,TUR,science,483.3988,3.3174,476.9,489.9,JRR_ZONES,6456,6456.0,218.0,
TIMSS_G4,2015,TWN,mathematics,596.619,1.8657,592.96,600.28,JRR_ZONES,4291,4291.0,218.0,
TIMSS_G4,2015,TWN,science,555.2816,1.7889,551.78,558.79,JRR_ZONES,4291,4291.0,218.0,
TIMSS_G4,2015,USA,mathematics,539.1556,2.2569,534.73,543.58,JRR_ZONES,10029,10029.0,218.0,
TIMSS_G4,2015,USA,science,545.9069,2.2125,541.57,550.24,JRR_ZONES,10029,10029.0,218.0,
TIMSS_G4,2015,ZAF,mathematics,375.7376,3.4999,368.88,382.6,JRR_ZONES,10932,10932.0,218.0,
TIMSS_G4,2019,AAD,mathematics,440.1146,2.2424,435.72,444.51,JRR_ZONES,19365,19365.0,245.0,
TIMSS_G4,2019,AAD,science,416.8693,2.7838,411.41,422.33,JRR_ZONES,19365,19365.0,245.0,
TIMSS_G4,2019,ADU,mathematics,543.4064,1.5913,540.29,546.53,JRR_ZONES,15564,15564.0,245.0,
TIMSS_G4,2019,ADU,science,543.0198,1.7035,539.68,546.36,JRR_ZONES,15564,15564.0,245.0,
TIMSS_G4,2019,ALB,mathematics,494.0175,3.377,487.4,500.64,JRR_ZONES,4426,4426.0,245.0,
TIMSS_G4,2019,ALB,science,489.4802,3.5271,482.57,496.39,JRR_ZONES,4426,4426.0,245.0,
TIMSS_G4,2019,ARE,mathematics,488.7269,4.1848,480.52,496.93,JRR_ZONES,28077,28077.0,245.0,
TIMSS_G4,2019,ARE,science,478.8223,4.6611,469.69,487.96,JRR_ZONES,28077,28077.0,245.0,
TIMSS_G4,2019,ARM,mathematics,498.1854,2.5376,493.21,503.16,JRR_ZONES,5399,5399.0,245.0,
TIMSS_G4,2019,ARM,science,466.4317,3.4341,459.7,473.16,JRR_ZONES,5399,5399.0,245.0,
TIMSS_G4,2019,AUS,mathematics,515.8801,2.776,510.44,521.32,JRR_ZONES,5890,5890.0,245.0,
TIMSS_G4,2019,AUS,science,532.5749,2.425,527.82,537.33,JRR_ZONES,5890,5890.0,245.0,
TIMSS_G4,2019,AUT,mathematics,537.3422,1.648,534.11,540.57,JRR_ZONES,11525,11525.0,245.0,
TIMSS_G4,2019,AUT,science,518.3878,2.2271,514.02,522.75,JRR_ZONES,11525,11525.0,245.0,
TIMSS_G4,2019,AZE,mathematics,515.4546,2.7281,510.11,520.8,JRR_ZONES,5245,5245.0,245.0,
TIMSS_G4,2019,AZE,science,426.7347,3.2874,420.29,433.18,JRR_ZONES,5245,5245.0,245.0,
TIMSS_G4,2019,BFL,mathematics,532.4429,1.9074,528.7,536.18,JRR_ZONES,4655,4655.0,245.0,
TIMSS_G4,2019,BFL,science,501.017,2.1059,496.89,505.14,JRR_ZONES,4655,4655.0,245.0,
TIMSS_G4,2019,CAN,mathematics,511.5895,1.7202,508.22,514.96,JRR_ZONES,30839,30839.0,245.0,
TIMSS_G4,2019,CAN,science,519.5728,2.0721,515.51,523.63,JRR_ZONES,30839,30839.0,245.0,
TIMSS_G4,2019,CHL,mathematics,441.4517,2.7182,436.12,446.78,JRR_ZONES,8949,8949.0,245.0,
TIMSS_G4,2019,CHL,science,469.7196,2.5665,464.69,474.75,JRR_ZONES,8949,8949.0,245.0,
TIMSS_G4,2019,COT,mathematics,511.8805,3.2657,505.48,518.28,JRR_ZONES,8190,8190.0,245.0,
TIMSS_G4,2019,COT,science,524.1015,3.1133,518.0,530.2,JRR_ZONES,8190,8190.0,245.0,
TIMSS_G4,2019,CQU,mathematics,531.7841,2.2312,527.41,536.16,JRR_ZONES,8221,8221.0,245.0,
TIMSS_G4,2019,CQU,science,521.8234,2.4713,516.98,526.67,JRR_ZONES,8221,8221.0,245.0,
TIMSS_G4,2019,CYP,mathematics,532.0938,2.8582,526.49,537.7,JRR_ZONES,4062,4062.0,245.0,
TIMSS_G4,2019,CYP,science,511.4192,3.037,505.47,517.37,JRR_ZONES,4062,4062.0,245.0,
TIMSS_G4,2019,CZE,mathematics,528.4997,2.9488,522.72,534.28,JRR_ZONES,12080,12080.0,245.0,
TIMSS_G4,2019,CZE,science,528.2753,3.6598,521.1,535.45,JRR_ZONES,12080,12080.0,245.0,
TIMSS_G4,2019,DEU,mathematics,519.271,4.2115,511.02,527.53,JRR_ZONES,1505,1505.0,245.0,
TIMSS_G4,2019,DEU,science,522.1972,4.7341,512.92,531.48,JRR_ZONES,1505,1505.0,245.0,
TIMSS_G4,2019,DNK,mathematics,526.2179,1.7189,522.85,529.59,JRR_ZONES,8352,8352.0,245.0,
TIMSS_G4,2019,DNK,science,520.2288,2.2397,515.84,524.62,JRR_ZONES,8352,8352.0,245.0,
TIMSS_G4,2019,EMA,mathematics,518.6246,2.0769,514.55,522.7,JRR_ZONES,7269,7269.0,245.0,
TIMSS_G4,2019,EMA,science,523.0615,1.9111,519.32,526.81,JRR_ZONES,7269,7269.0,245.0,
TIMSS_G4,2019,ENG,mathematics,555.3227,2.5375,550.35,560.3,JRR_ZONES,8510,8510.0,245.0,
TIMSS_G4,2019,ENG,science,539.4073,2.3296,534.84,543.97,JRR_ZONES,8510,8510.0,245.0,
TIMSS_G4,2019,ESP,mathematics,502.4739,2.6363,497.31,507.64,JRR_ZONES,12616,12616.0,245.0,
TIMSS_G4,2019,ESP,science,513.0994,2.4304,508.34,517.86,JRR_ZONES,12616,12616.0,245.0,
TIMSS_G4,2019,FIN,mathematics,532.3972,2.0619,528.36,536.44,JRR_ZONES,12110,12110.0,245.0,
TIMSS_G4,2019,FIN,science,551.8116,2.4113,547.09,556.54,JRR_ZONES,12110,12110.0,245.0,
TIMSS_G4,2019,FRA,mathematics,482.7399,2.5308,477.78,487.7,JRR_ZONES,6134,6134.0,245.0,
TIMSS_G4,2019,FRA,science,482.8377,2.7311,477.48,488.19,JRR_ZONES,6134,6134.0,245.0,
TIMSS_G4,2019,GEO,mathematics,489.6988,3.7241,482.4,497.0,JRR_ZONES,9735,9735.0,245.0,
TIMSS_G4,2019,GEO,science,462.1684,3.8874,454.55,469.79,JRR_ZONES,9735,9735.0,245.0,
TIMSS_G4,2019,HKG,mathematics,603.2682,3.3324,596.74,609.8,JRR_ZONES,7683,7683.0,245.0,
TIMSS_G4,2019,HKG,science,534.7279,3.229,528.4,541.06,JRR_ZONES,7683,7683.0,245.0,
TIMSS_G4,2019,HRV,mathematics,511.0552,3.4111,504.37,517.74,JRR_ZONES,1472,1472.0,245.0,
TIMSS_G4,2019,HRV,science,523.6182,3.4607,516.84,530.4,JRR_ZONES,1472,1472.0,245.0,
TIMSS_G4,2019,HUN,mathematics,525.8749,2.7526,520.48,531.27,JRR_ZONES,11576,11576.0,245.0,
TIMSS_G4,2019,HUN,science,530.5706,2.9736,524.74,536.4,JRR_ZONES,11576,11576.0,245.0,
TIMSS_G4,2019,IRL,mathematics,548.4654,2.4843,543.6,553.33,JRR_ZONES,4582,4582.0,245.0,
TIMSS_G4,2019,IRL,science,527.9704,3.1632,521.77,534.17,JRR_ZONES,4582,4582.0,245.0,
TIMSS_G4,2019,IRN,mathematics,443.035,3.856,435.48,450.59,JRR_ZONES,6010,6010.0,245.0,
TIMSS_G4,2019,IRN,science,440.828,4.1188,432.76,448.9,JRR_ZONES,6010,6010.0,245.0,
TIMSS_G4,2019,ITA,mathematics,514.708,2.3777,510.05,519.37,JRR_ZONES,8010,8010.0,245.0,
TIMSS_G4,2019,ITA,science,509.485,2.9353,503.73,515.24,JRR_ZONES,8010,8010.0,245.0,
TIMSS_G4,2019,KAZ,mathematics,512.0887,2.5001,507.19,516.99,JRR_ZONES,4791,4791.0,245.0,
TIMSS_G4,2019,KAZ,science,494.1548,3.0658,488.15,500.16,JRR_ZONES,4791,4791.0,245.0,
TIMSS_G4,2019,KOR,mathematics,599.1942,2.1858,594.91,603.48,JRR_ZONES,8341,8341.0,245.0,
TIMSS_G4,2019,KOR,science,587.6576,2.0997,583.54,591.77,JRR_ZONES,8341,8341.0,245.0,
TIMSS_G4,2019,KWT,mathematics,383.3179,4.7417,374.02,392.61,JRR_ZONES,4437,4437.0,245.0,
TIMSS_G4,2019,KWT,science,392.2951,6.1033,380.33,404.26,JRR_ZONES,4437,4437.0,245.0,
TIMSS_G4,2019,LTU,mathematics,542.1313,2.7658,536.71,547.55,JRR_ZONES,3741,3741.0,245.0,
TIMSS_G4,2019,LTU,science,538.0792,2.5174,533.15,543.01,JRR_ZONES,3741,3741.0,245.0,
TIMSS_G4,2019,LVA,mathematics,546.1333,2.587,541.06,551.2,JRR_ZONES,4481,4481.0,245.0,
TIMSS_G4,2019,LVA,science,541.8577,2.3847,537.18,546.53,JRR_ZONES,4481,4481.0,245.0,
TIMSS_G4,2019,MAR,mathematics,383.388,4.2978,374.96,391.81,JRR_ZONES,7723,7723.0,245.0,
TIMSS_G4,2019,MAR,science,374.0657,5.8267,362.65,385.49,JRR_ZONES,7723,7723.0,245.0,
TIMSS_G4,2019,MKD,mathematics,471.7201,5.2972,461.34,482.1,JRR_ZONES,3270,3270.0,245.0,
TIMSS_G4,2019,MKD,science,426.0427,6.2361,413.82,438.27,JRR_ZONES,3270,3270.0,245.0,
TIMSS_G4,2019,MLT,mathematics,509.2751,1.3891,506.55,512.0,JRR_ZONES,7784,7784.0,245.0,
TIMSS_G4,2019,MLT,science,496.0437,1.1624,493.77,498.32,JRR_ZONES,7784,7784.0,245.0,
TIMSS_G4,2019,MNE,mathematics,452.78,1.9532,448.95,456.61,JRR_ZONES,5076,5076.0,245.0,
TIMSS_G4,2019,MNE,science,453.3214,2.4917,448.44,458.21,JRR_ZONES,5076,5076.0,245.0,
TIMSS_G4,2019,NIR,mathematics,565.7995,2.7477,560.41,571.18,JRR_ZONES,3497,3497.0,245.0,
TIMSS_G4,2019,NIR,science,518.4913,2.3011,513.98,523.0,JRR_ZONES,3497,3497.0,245.0,
TIMSS_G4,2019,NLD,mathematics,535.1827,1.8093,531.64,538.73,JRR_ZONES,8481,8481.0,245.0,
TIMSS_G4,2019,NLD,science,516.6572,2.2637,512.22,521.09,JRR_ZONES,8481,8481.0,245.0,
TIMSS_G4,2019,NOR,mathematics,542.2656,2.0628,538.22,546.31,JRR_ZONES,10377,10377.0,245.0,
TIMSS_G4,2019,NOR,science,538.484,1.9822,534.6,542.37,JRR_ZONES,10377,10377.0,245.0,
TIMSS_G4,2019,NZL,mathematics,487.1918,2.6063,482.08,492.3,JRR_ZONES,5019,5019.0,245.0,
TIMSS_G4,2019,NZL,science,502.5515,2.3033,498.04,507.07,JRR_ZONES,5019,5019.0,245.0,
TIMSS_G4,2019,OMN,mathematics,430.8736,3.7303,423.56,438.19,JRR_ZONES,6814,6814.0,245.0,
TIMSS_G4,2019,OMN,science,434.9443,4.0683,426.97,442.92,JRR_ZONES,6814,6814.0,245.0,
TIMSS_G4,2019,PAK,mathematics,327.6905,11.9561,304.26,351.12,JRR_ZONES,3980,3980.0,245.0,
TIMSS_G4,2019,PAK,science,290.0965,13.443,263.75,316.44,JRR_ZONES,3980,3980.0,245.0,
TIMSS_G4,2019,PHL,mathematics,296.6752,6.3653,284.2,309.15,JRR_ZONES,5515,5515.0,245.0,
TIMSS_G4,2019,PHL,science,249.0181,7.5211,234.28,263.76,JRR_ZONES,5515,5515.0,245.0,
TIMSS_G4,2019,POL,mathematics,520.1396,2.6771,514.89,525.39,JRR_ZONES,4882,4882.0,245.0,
TIMSS_G4,2019,POL,science,530.8328,2.5871,525.76,535.9,JRR_ZONES,4882,4882.0,245.0,
TIMSS_G4,2019,PRT,mathematics,530.3065,2.4121,525.58,535.03,JRR_ZONES,6527,6527.0,245.0,
TIMSS_G4,2019,PRT,science,506.4609,2.3389,501.88,511.05,JRR_ZONES,6527,6527.0,245.0,
TIMSS_G4,2019,QAT,mathematics,449.2973,3.7203,442.01,456.59,JRR_ZONES,7132,7132.0,245.0,
TIMSS_G4,2019,QAT,science,455.8791,4.6579,446.75,465.01,JRR_ZONES,7132,7132.0,245.0,
TIMSS_G4,2019,RMO,mathematics,592.5591,2.1445,588.36,596.76,JRR_ZONES,8235,8235.0,245.0,
TIMSS_G4,2019,RMO,science,594.2858,2.1714,590.03,598.54,JRR_ZONES,8235,8235.0,245.0,
TIMSS_G4,2019,RUS,mathematics,566.947,3.3396,560.4,573.49,JRR_ZONES,4022,4022.0,245.0,
TIMSS_G4,2019,RUS,science,567.2547,3.0171,561.34,573.17,JRR_ZONES,4022,4022.0,245.0,
TIMSS_G4,2019,SAU,mathematics,398.0931,3.5524,391.13,405.06,JRR_ZONES,5453,5453.0,245.0,
TIMSS_G4,2019,SAU,science,402.2369,4.0697,394.26,410.21,JRR_ZONES,5453,5453.0,245.0,
TIMSS_G4,2019,SGP,mathematics,628.3895,3.4498,621.63,635.15,JRR_ZONES,7867,7867.0,245.0,
TIMSS_G4,2019,SGP,science,596.8263,3.1599,590.63,603.02,JRR_ZONES,7867,7867.0,245.0,
TIMSS_G4,2019,SRB,mathematics,507.8811,3.1893,501.63,514.13,JRR_ZONES,4380,4380.0,245.0,
TIMSS_G4,2019,SRB,science,516.9075,3.5003,510.05,523.77,JRR_ZONES,4380,4380.0,245.0,
TIMSS_G4,2019,SVK,mathematics,508.7407,2.6451,503.56,513.93,JRR_ZONES,10719,10719.0,245.0,
TIMSS_G4,2019,SVK,science,518.0652,2.7835,512.61,523.52,JRR_ZONES,10719,10719.0,245.0,
TIMSS_G4,2019,SWE,mathematics,518.844,3.0535,512.86,524.83,JRR_ZONES,5662,5662.0,245.0,
TIMSS_G4,2019,SWE,science,529.7944,3.3407,523.25,536.34,JRR_ZONES,5662,5662.0,245.0,
TIMSS_G4,2019,TUR,mathematics,522.1314,4.4458,513.42,530.85,JRR_ZONES,8627,8627.0,245.0,
TIMSS_G4,2019,TUR,science,526.0656,4.2192,517.8,534.34,JRR_ZONES,8627,8627.0,245.0,
TIMSS_G4,2019,TWN,mathematics,598.6887,1.8543,595.05,602.32,JRR_ZONES,8060,8060.0,245.0,
TIMSS_G4,2019,TWN,science,557.6698,1.756,554.23,561.11,JRR_ZONES,8060,8060.0,245.0,
TIMSS_G4,2019,USA,mathematics,535.0088,2.5721,529.97,540.05,JRR_ZONES,20457,20457.0,245.0,
TIMSS_G4,2019,USA,science,537.2607,2.7041,531.96,542.56,JRR_ZONES,20457,20457.0,245.0,
TIMSS_G4,2019,XKX,mathematics,444.3537,2.9888,438.5,450.21,JRR_ZONES,4496,4496.0,245.0,
TIMSS_G4,2019,XKX,science,413.0594,3.6954,405.82,420.3,JRR_ZONES,4496,4496.0,245.0,
TIMSS_G4,2019,ZAF,mathematics,373.5645,3.5653,366.58,380.55,JRR_ZONES,11891,11891.0,245.0,
TIMSS_G4,2019,ZAF,science,324.2336,4.9319,314.57,333.9,JRR_ZONES,11891,11891.0,245.0,
TIMSS_G4,2023,AAD,mathematics,458.5853,1.9377,454.79,462.38,JRR_ZONES,12558,12558.0,268.0,
TIMSS_G4,2023,AAD,science,446.1415,2.6301,440.99,451.3,JRR_ZONES,12558,12558.0,268.0,
TIMSS_G4,2023,ADU,mathematics,556.5811,1.5509,553.54,559.62,JRR_ZONES,9294,9294.0,268.0,
TIMSS_G4,2023,ADU,science,562.3922,1.7897,558.88,565.9,JRR_ZONES,9294,9294.0,268.0,
TIMSS_G4,2023,ALB,mathematics,511.5825,4.922,501.94,521.23,JRR_ZONES,2374,2374.0,268.0,
TIMSS_G4,2023,ALB,science,490.5998,4.4935,481.79,499.41,JRR_ZONES,2374,2374.0,268.0,
TIMSS_G4,2023,ARE,mathematics,498.0855,1.2389,495.66,500.51,JRR_ZONES,34842,34842.0,268.0,
TIMSS_G4,2023,ARE,science,494.9497,1.825,491.37,498.53,JRR_ZONES,34842,34842.0,268.0,
TIMSS_G4,2023,ARM,mathematics,512.6351,2.7716,507.2,518.07,JRR_ZONES,4855,4855.0,268.0,
TIMSS_G4,2023,ARM,science,457.2906,2.6915,452.02,462.57,JRR_ZONES,4855,4855.0,268.0,
TIMSS_G4,2023,ASH,mathematics,503.9368,3.2709,497.53,510.35,JRR_ZONES,6864,6864.0,268.0,
TIMSS_G4,2023,ASH,science,502.8046,3.9382,495.09,510.52,JRR_ZONES,6864,6864.0,268.0,
TIMSS_G4,2023,AUS,mathematics,524.9035,2.5936,519.82,529.99,JRR_ZONES,5470,5470.0,268.0,
TIMSS_G4,2023,AUS,science,549.5002,2.2909,545.01,553.99,JRR_ZONES,5470,5470.0,268.0,
TIMSS_G4,2023,AZE,mathematics,494.0651,3.465,487.27,500.86,JRR_ZONES,6057,6057.0,268.0,
TIMSS_G4,2023,AZE,science,421.6027,3.2655,415.2,428.0,JRR_ZONES,6057,6057.0,268.0,
TIMSS_G4,2023,BFL,mathematics,520.7867,2.4257,516.03,525.54,JRR_ZONES,4336,4336.0,268.0,
TIMSS_G4,2023,BFL,science,488.3576,2.6214,483.22,493.5,JRR_ZONES,4336,4336.0,268.0,
TIMSS_G4,2023,BFR,mathematics,489.4341,2.4055,484.72,494.15,JRR_ZONES,4875,4875.0,268.0,
TIMSS_G4,2023,BFR,science,480.6785,2.7625,475.26,486.09,JRR_ZONES,4875,4875.0,268.0,
TIMSS_G4,2023,BGR,mathematics,529.8966,3.6005,522.84,536.95,JRR_ZONES,4103,4103.0,268.0,
TIMSS_G4,2023,BGR,science,529.5846,4.801,520.17,538.99,JRR_ZONES,4103,4103.0,268.0,
TIMSS_G4,2023,BIH,mathematics,447.096,3.2452,440.74,453.46,JRR_ZONES,3391,3391.0,268.0,
TIMSS_G4,2023,BIH,science,448.3487,3.703,441.09,455.61,JRR_ZONES,3391,3391.0,268.0,
TIMSS_G4,2023,BRA,mathematics,400.022,3.4355,393.29,406.76,JRR_ZONES,22130,22130.0,268.0,
TIMSS_G4,2023,BRA,science,425.0281,3.5193,418.13,431.93,JRR_ZONES,22130,22130.0,268.0,
TIMSS_G4,2023,CAN,mathematics,503.8073,2.0052,499.88,507.74,JRR_ZONES,13716,13716.0,268.0,
TIMSS_G4,2023,CAN,science,521.1253,2.0448,517.12,525.13,JRR_ZONES,13716,13716.0,268.0,
TIMSS_G4,2023,CHL,mathematics,443.5424,2.8045,438.05,449.04,JRR_ZONES,4537,4537.0,268.0,
TIMSS_G4,2023,CHL,science,479.2523,2.6715,474.02,484.49,JRR_ZONES,4537,4537.0,268.0,
TIMSS_G4,2023,COT,mathematics,502.814,3.396,496.16,509.47,JRR_ZONES,4266,4266.0,268.0,
TIMSS_G4,2023,COT,science,525.2649,3.2495,518.9,531.63,JRR_ZONES,4266,4266.0,268.0,
TIMSS_G4,2023,CQU,mathematics,514.6937,2.7079,509.39,520.0,JRR_ZONES,3881,3881.0,268.0,
TIMSS_G4,2023,CQU,science,507.5048,2.7284,502.16,512.85,JRR_ZONES,3881,3881.0,268.0,
TIMSS_G4,2023,CYP,mathematics,516.295,2.467,511.46,521.13,JRR_ZONES,4829,4829.0,268.0,
TIMSS_G4,2023,CYP,science,486.9837,3.0814,480.94,493.02,JRR_ZONES,4829,4829.0,268.0,
TIMSS_G4,2023,CZE,mathematics,530.4311,2.1676,526.18,534.68,JRR_ZONES,6822,6822.0,268.0,
TIMSS_G4,2023,CZE,science,525.8413,2.3387,521.26,530.43,JRR_ZONES,6822,6822.0,268.0,
TIMSS_G4,2023,DEU,mathematics,523.784,2.1492,519.57,528.0,JRR_ZONES,4442,4442.0,268.0,
TIMSS_G4,2023,DEU,science,515.4773,2.827,509.94,521.02,JRR_ZONES,4442,4442.0,268.0,
TIMSS_G4,2023,ESP,mathematics,498.3176,2.1191,494.16,502.47,JRR_ZONES,10216,10216.0,268.0,
TIMSS_G4,2023,ESP,science,504.0387,2.0939,499.93,508.14,JRR_ZONES,10216,10216.0,268.0,
TIMSS_G4,2023,FIN,mathematics,529.2559,2.5049,524.35,534.17,JRR_ZONES,5803,5803.0,268.0,
TIMSS_G4,2023,FIN,science,542.0588,2.9452,536.29,547.83,JRR_ZONES,5803,5803.0,268.0,
TIMSS_G4,2023,FRA,mathematics,484.0991,2.8954,478.42,489.77,JRR_ZONES,4739,4739.0,268.0,
TIMSS_G4,2023,FRA,science,488.1341,2.9948,482.26,494.0,JRR_ZONES,4739,4739.0,268.0,
TIMSS_G4,2023,HKG,mathematics,594.3881,4.0305,586.49,602.29,JRR_ZONES,4141,4141.0,268.0,
TIMSS_G4,2023,HKG,science,545.231,3.8475,537.69,552.77,JRR_ZONES,4141,4141.0,268.0,
TIMSS_G4,2023,IRL,mathematics,545.7704,2.9115,540.06,551.48,JRR_ZONES,4750,4750.0,268.0,
TIMSS_G4,2023,IRL,science,531.8995,3.1927,525.64,538.16,JRR_ZONES,4750,4750.0,268.0,
TIMSS_G4,2023,ITA,mathematics,513.087,2.7741,507.65,518.52,JRR_ZONES,4453,4453.0,268.0,
TIMSS_G4,2023,ITA,science,510.5523,2.4719,505.71,515.4,JRR_ZONES,4453,4453.0,268.0,
TIMSS_G4,2023,JOR,mathematics,426.9648,5.314,416.55,437.38,JRR_ZONES,6065,6065.0,268.0,
TIMSS_G4,2023,JOR,science,417.6881,4.9095,408.07,427.31,JRR_ZONES,6065,6065.0,268.0,
TIMSS_G4,2023,JPN,mathematics,590.6653,2.324,586.11,595.22,JRR_ZONES,3875,3875.0,268.0,
TIMSS_G4,2023,JPN,science,554.8338,2.4107,550.11,559.56,JRR_ZONES,3875,3875.0,268.0,
TIMSS_G4,2023,KAZ,mathematics,487.1769,3.6026,480.12,494.24,JRR_ZONES,6508,6508.0,268.0,
TIMSS_G4,2023,KAZ,science,466.53,3.4832,459.7,473.36,JRR_ZONES,6508,6508.0,268.0,
TIMSS_G4,2023,KOR,mathematics,594.4118,2.6474,589.22,599.6,JRR_ZONES,4355,4355.0,268.0,
TIMSS_G4,2023,KOR,science,583.2645,2.5267,578.31,588.22,JRR_ZONES,4355,4355.0,268.0,
TIMSS_G4,2023,KWT,mathematics,381.9761,4.4091,373.33,390.62,JRR_ZONES,4486,4486.0,268.0,
TIMSS_G4,2023,KWT,science,373.3174,5.4728,362.59,384.04,JRR_ZONES,4486,4486.0,268.0,
TIMSS_G4,2023,LTU,mathematics,560.6228,2.8976,554.94,566.3,JRR_ZONES,4520,4520.0,268.0,
TIMSS_G4,2023,LTU,science,536.948,2.8936,531.28,542.62,JRR_ZONES,4520,4520.0,268.0,
TIMSS_G4,2023,LVA,mathematics,534.3004,2.7999,528.81,539.79,JRR_ZONES,4299,4299.0,268.0,
TIMSS_G4,2023,LVA,science,525.5452,3.0104,519.64,531.45,JRR_ZONES,4299,4299.0,268.0,
TIMSS_G4,2023,MAC,mathematics,582.0412,1.0414,580.0,584.08,JRR_ZONES,5513,5513.0,268.0,
TIMSS_G4,2023,MAC,science,535.7885,1.4121,533.02,538.56,JRR_ZONES,5513,5513.0,268.0,
TIMSS_G4,2023,MNE,mathematics,477.0728,2.0503,473.05,481.09,JRR_ZONES,4417,4417.0,268.0,
TIMSS_G4,2023,MNE,science,460.6789,2.0243,456.71,464.65,JRR_ZONES,4417,4417.0,268.0,
TIMSS_G4,2023,NLD,mathematics,537.124,1.9813,533.24,541.01,JRR_ZONES,3555,3555.0,268.0,
TIMSS_G4,2023,NLD,science,516.9196,2.9171,511.2,522.64,JRR_ZONES,3555,3555.0,268.0,
TIMSS_G4,2023,NOR,mathematics,530.5566,2.0108,526.62,534.5,JRR_ZONES,5301,5301.0,268.0,
TIMSS_G4,2023,NOR,science,530.4362,2.5669,525.4,535.47,JRR_ZONES,5301,5301.0,268.0,
TIMSS_G4,2023,NZL,mathematics,490.2756,2.6338,485.11,495.44,JRR_ZONES,4947,4947.0,268.0,
TIMSS_G4,2023,NZL,science,517.0717,2.8464,511.49,522.65,JRR_ZONES,4947,4947.0,268.0,
TIMSS_G4,2023,OMN,mathematics,421.3615,4.0308,413.46,429.26,JRR_ZONES,8068,8068.0,268.0,
TIMSS_G4,2023,OMN,science,432.6494,4.2297,424.36,440.94,JRR_ZONES,8068,8068.0,268.0,
TIMSS_G4,2023,POL,mathematics,546.0228,2.0331,542.04,550.01,JRR_ZONES,4666,4666.0,268.0,
TIMSS_G4,2023,POL,science,549.8445,2.2279,545.48,554.21,JRR_ZONES,4666,4666.0,268.0,
TIMSS_G4,2023,QAT,mathematics,463.9648,3.4806,457.14,470.79,JRR_ZONES,6412,6412.0,268.0,
TIMSS_G4,2023,QAT,science,472.1361,3.602,465.08,479.2,JRR_ZONES,6412,6412.0,268.0,
TIMSS_G4,2023,ROM,mathematics,541.8522,4.819,532.41,551.3,JRR_ZONES,3559,3559.0,268.0,
TIMSS_G4,2023,ROM,science,526.2065,4.7787,516.84,535.57,JRR_ZONES,3559,3559.0,268.0,
TIMSS_G4,2023,SAU,mathematics,419.5002,4.1645,411.34,427.66,JRR_ZONES,5515,5515.0,268.0,
TIMSS_G4,2023,SAU,science,427.5799,4.0095,419.72,435.44,JRR_ZONES,5515,5515.0,268.0,
TIMSS_G4,2023,SGP,mathematics,614.7797,2.8989,609.1,620.46,JRR_ZONES,6530,6530.0,268.0,
TIMSS_G4,2023,SGP,science,607.3513,2.7596,601.94,612.76,JRR_ZONES,6530,6530.0,268.0,
TIMSS_G4,2023,SRB,mathematics,522.9273,3.3035,516.45,529.4,JRR_ZONES,4349,4349.0,268.0,
TIMSS_G4,2023,SRB,science,509.8597,3.1889,503.61,516.11,JRR_ZONES,4349,4349.0,268.0,
TIMSS_G4,2023,SVK,mathematics,514.7984,3.0667,508.79,520.81,JRR_ZONES,4788,4788.0,268.0,
TIMSS_G4,2023,SVK,science,520.5926,3.3094,514.11,527.08,JRR_ZONES,4788,4788.0,268.0,
TIMSS_G4,2023,SVN,mathematics,513.7806,1.8198,510.21,517.35,JRR_ZONES,4746,4746.0,268.0,
TIMSS_G4,2023,SVN,science,525.6442,2.3373,521.06,530.23,JRR_ZONES,4746,4746.0,268.0,
TIMSS_G4,2023,TUR,mathematics,553.2616,4.1025,545.22,561.3,JRR_ZONES,4541,4541.0,268.0,
TIMSS_G4,2023,TUR,science,570.1124,3.4223,563.4,576.82,JRR_ZONES,4541,4541.0,268.0,
TIMSS_G4,2023,TWN,mathematics,607.03,1.7404,603.62,610.44,JRR_ZONES,5308,5308.0,268.0,
TIMSS_G4,2023,TWN,science,572.6067,1.7406,569.2,576.02,JRR_ZONES,5308,5308.0,268.0,
TIMSS_G4,2023,UZB,mathematics,443.4615,3.1902,437.21,449.71,JRR_ZONES,4457,4457.0,268.0,
TIMSS_G4,2023,UZB,science,411.8723,3.4546,405.1,418.64,JRR_ZONES,4457,4457.0,268.0,
TIMSS_G4,2023,XKX,mathematics,451.3987,3.4316,444.67,458.12,JRR_ZONES,4609,4609.0,268.0,
TIMSS_G4,2023,XKX,science,403.1171,3.6412,395.98,410.25,JRR_ZONES,4609,4609.0,268.0,
TIMSS_G4,2023,ZAF,mathematics,361.6672,3.5246,354.76,368.58,JRR_ZONES,10424,10424.0,268.0,
TIMSS_G4,2023,ZAF,science,307.918,4.7045,298.7,317.14,JRR_ZONES,10424,10424.0,268.0,
