paper_id,title,year,program,domain,predictor_raw,predictor_canonical,predictor_category,effect_type,effect_value,direction,outcome,level,n_countries,n_students,pv_correct,weight_correct,quality_flag
1,An Extended Dataset of Educational Quality Across Countries (1970–2023),2025,TIMSS,other,Economic and education indicators,GDP_EXPENDITURE,GDP_expenditure,R2,0.912,positive,Harmonized test scores (Tscore_ML),country,101.0,,,False,medium
10,Investigating the Performance of Artificial Neural Networks in Predicting Affective Responses,2025,PISA,other,Item1 intercultural awareness,OTHER,other,accuracy,0.63,positive,Item3 response (predicted vs actual),student,1.0,4631.0,,False,medium
10,Investigating the Performance of Artificial Neural Networks in Predicting Affective Responses,2025,PISA,other,Item2 intercultural awareness,OTHER,other,accuracy,0.63,positive,Item3 response (predicted vs actual),student,1.0,4631.0,,False,medium
10,Investigating the Performance of Artificial Neural Networks in Predicting Affective Responses,2025,PISA,other,Item4 intercultural awareness,OTHER,other,accuracy,0.63,positive,Item3 response (predicted vs actual),student,1.0,4631.0,,False,medium
10,Investigating the Performance of Artificial Neural Networks in Predicting Affective Responses,2025,PISA,other,Item5 intercultural awareness,OTHER,other,accuracy,0.63,positive,Item3 response (predicted vs actual),student,1.0,4631.0,,False,medium
10,Investigating the Performance of Artificial Neural Networks in Predicting Affective Responses,2025,PISA,other,Item6 intercultural awareness,OTHER,other,accuracy,0.63,positive,Item3 response (predicted vs actual),student,1.0,4631.0,,False,medium
100,Combining Clickstream Analyses and Graph-Modeled Data Clustering for Identifying Common Response Processes,2021,PIAAC,other,Time spent on task (RTT),OTHER,other,other,,mixed,Dominant response processes (cliques of action patterns),student,1.0,225.0,False,False,low
100,Combining Clickstream Analyses and Graph-Modeled Data Clustering for Identifying Common Response Processes,2021,PIAAC,other,Action sequence length (|a|),OTHER,other,other,,mixed,Dominant response processes (cliques of action patterns),student,1.0,225.0,False,False,low
100,Combining Clickstream Analyses and Graph-Modeled Data Clustering for Identifying Common Response Processes,2021,PIAAC,other,Age,AGE_GRADE,other,other,,mixed,Dominant response processes (cliques of action patterns),student,1.0,225.0,False,False,low
100,Combining Clickstream Analyses and Graph-Modeled Data Clustering for Identifying Common Response Processes,2021,PIAAC,other,PSTRE proficiency (PV mean),OTHER,prior_achievement,other,,mixed,Dominant response processes (cliques of action patterns),student,1.0,225.0,False,False,low
101,An exploratory analysis of the latent structure of process data via action sequence autoencoders,2021,PIAAC,other,Sequence length,OTHER,other,accuracy,0.975,positive,Derived binary variables (including item outcomes),student,,11464.0,,False,medium
101,An exploratory analysis of the latent structure of process data via action sequence autoencoders,2021,PIAAC,other,Attentiveness (process),OTHER,other,accuracy,0.975,positive,Derived binary variables (including item outcomes),student,,11464.0,,False,medium
101,An exploratory analysis of the latent structure of process data via action sequence autoencoders,2021,PIAAC,other,Interface environment type,OTHER,other,accuracy,0.975,positive,Derived binary variables (including item outcomes),student,,11464.0,,False,medium
102,Improving the Precision of Ability Estimates Using Time-On-Task Variables: Insights From the PISA 2012 Computer-Based Assessment of Mathematics,2021,PISA,mathematics,Total time on task,INSTRUCTIONAL_TIME,other,other,,positive,Student math proficiency (EAP ability estimates),student,31.0,18970.0,False,False,medium
102,Improving the Precision of Ability Estimates Using Time-On-Task Variables: Insights From the PISA 2012 Computer-Based Assessment of Mathematics,2021,PISA,mathematics,Response accuracy,OTHER,other,other,,positive,Student math proficiency (EAP ability estimates),student,31.0,18970.0,False,False,medium
102,Improving the Precision of Ability Estimates Using Time-On-Task Variables: Insights From the PISA 2012 Computer-Based Assessment of Mathematics,2021,PISA,mathematics,Country/economy,OTHER,other,other,,mixed,Student math proficiency (EAP ability estimates),country,31.0,18970.0,False,False,medium
104,Automated Scoring of Constructed-Response Items Using Artificial Neural Networks in International Large-scale Assessment,2022,TIMSS,other,Human rater score,OTHER,prior_achievement,r_correlation,0.93,positive,SE71054 correctness (human vs ANN),student,1.0,1239.0,,False,medium
104,Automated Scoring of Constructed-Response Items Using Artificial Neural Networks in International Large-scale Assessment,2022,TIMSS,other,IRT-expected score (MAP),OTHER,prior_achievement,r_correlation,0.93,positive,SE71054 correctness (human vs ANN),student,1.0,1239.0,,False,medium
104,Automated Scoring of Constructed-Response Items Using Artificial Neural Networks in International Large-scale Assessment,2022,TIMSS,other,Item difficulty level,OTHER,curriculum,r_correlation,0.93,positive,SE71054 correctness (human vs ANN),student,1.0,1239.0,,False,medium
106,Machine learning investigation of optimal psychoemotional well-being factors for students’ reading literacy,2023,PISA,reading,Socioeconomic status (ESCS),SES_COMPOSITE,SES/home_resources/parental_education,other,,positive,High vs low reading literacy (binary),student,1.0,3497.0,False,False,low
106,Machine learning investigation of optimal psychoemotional well-being factors for students’ reading literacy,2023,PISA,reading,Learning goals,OTHER,motivation,other,,positive,High vs low reading literacy (binary),student,1.0,3497.0,False,False,low
106,Machine learning investigation of optimal psychoemotional well-being factors for students’ reading literacy,2023,PISA,reading,Disciplinary climate,SCHOOL_CLIMATE,school_climate,other,,positive,High vs low reading literacy (binary),student,1.0,3497.0,False,False,low
106,Machine learning investigation of optimal psychoemotional well-being factors for students’ reading literacy,2023,PISA,reading,Reading engagement stimulation,AGE_GRADE,teacher_quality,other,,positive,High vs low reading literacy (binary),student,1.0,3497.0,False,False,low
106,Machine learning investigation of optimal psychoemotional well-being factors for students’ reading literacy,2023,PISA,reading,Parents’ emotional support,PARENTAL_EDUCATION,SES/home_resources/parental_education,other,,positive,High vs low reading literacy (binary),student,1.0,3497.0,False,False,low
107,Using machine learning algorithms to predict students’ general self-efficacy in PISA 2018,2025,PISA,other,mastery goal orientation,OTHER,motivation,R2,0.467,positive,General self-efficacy (continuous IRT score),student,5.0,527825.0,,False,medium
107,Using machine learning algorithms to predict students’ general self-efficacy in PISA 2018,2025,PISA,other,meaning of life,OTHER,motivation,R2,0.467,positive,General self-efficacy (continuous IRT score),student,5.0,527825.0,,False,medium
107,Using machine learning algorithms to predict students’ general self-efficacy in PISA 2018,2025,PISA,other,proud,OTHER,motivation,R2,0.467,positive,General self-efficacy (continuous IRT score),student,5.0,527825.0,,False,medium
107,Using machine learning algorithms to predict students’ general self-efficacy in PISA 2018,2025,PISA,other,positive emotions,OTHER,motivation,R2,0.467,positive,General self-efficacy (continuous IRT score),student,5.0,527825.0,,False,medium
107,Using machine learning algorithms to predict students’ general self-efficacy in PISA 2018,2025,PISA,other,learning aspiration,OTHER,motivation,R2,0.467,positive,General self-efficacy (continuous IRT score),student,5.0,527825.0,,False,medium
11,Modeling mathematics achievement with deep learning methods,2021,PISA,mathematics,Gender,GENDER,gender,accuracy,0.826,positive,Mathematics achievement class (successful vs unsuccessful),student,1.0,,False,False,low
11,Modeling mathematics achievement with deep learning methods,2021,PISA,mathematics,Sense of school belonging,BELONGING,belonging,accuracy,0.826,positive,Mathematics achievement class (successful vs unsuccessful),student,1.0,,False,False,low
11,Modeling mathematics achievement with deep learning methods,2021,PISA,mathematics,Socioeconomic status (ESCS),SES_COMPOSITE,SES,accuracy,0.826,positive,Mathematics achievement class (successful vs unsuccessful),student,1.0,,False,False,low
11,Modeling mathematics achievement with deep learning methods,2021,PISA,mathematics,Home possessions,SES_COMPOSITE,SES,accuracy,0.826,positive,Mathematics achievement class (successful vs unsuccessful),student,1.0,,False,False,low
11,Modeling mathematics achievement with deep learning methods,2021,PISA,mathematics,Parents’ emotional support,PARENTAL_EDUCATION,SES,accuracy,0.826,positive,Mathematics achievement class (successful vs unsuccessful),student,1.0,,False,False,low
111,Profiling low-proficiency science students in the Philippines using machine learning,2023,PISA,science,Sense of belonging,BELONGING,belonging,AUC,0.83,positive,Poor vs better science proficiency (Level ≤1b vs ≥1a),student,1.0,7233.0,True,False,medium
111,Profiling low-proficiency science students in the Philippines using machine learning,2023,PISA,science,Perceived student cooperation,OTHER,school_climate,AUC,0.83,positive,Poor vs better science proficiency (Level ≤1b vs ≥1a),student,1.0,7233.0,True,False,medium
111,Profiling low-proficiency science students in the Philippines using machine learning,2023,PISA,science,Experienced bullying,SCHOOL_CLIMATE,school_climate,AUC,0.83,negative,Poor vs better science proficiency (Level ≤1b vs ≥1a),student,1.0,7233.0,True,False,medium
111,Profiling low-proficiency science students in the Philippines using machine learning,2023,PISA,science,Work mastery motivation,MOTIVATION,motivation,AUC,0.83,positive,Poor vs better science proficiency (Level ≤1b vs ≥1a),student,1.0,7233.0,True,False,medium
111,Profiling low-proficiency science students in the Philippines using machine learning,2023,PISA,science,Smartphones with internet at home,OTHER,ICT,AUC,0.83,positive,Poor vs better science proficiency (Level ≤1b vs ≥1a),student,1.0,7233.0,True,False,medium
112,ACCURATE ASSESSMENT VIA PROCESS DATA,2023,PIAAC,other,PIAAC PSTRE latent proficiency,OTHER,prior_achievement,other,,positive,PSTRE latent proficiency (process-incorporated vs response-based agreement with reference set),student,5.0,2304.0,,False,medium
112,ACCURATE ASSESSMENT VIA PROCESS DATA,2023,PIAAC,other,Age (16–65 years),AGE_GRADE,other,other,,positive,PSTRE latent proficiency (process-incorporated vs response-based agreement with reference set),student,5.0,2304.0,,False,medium
112,ACCURATE ASSESSMENT VIA PROCESS DATA,2023,PIAAC,other,Country/region,OTHER,other,other,,mixed,PSTRE latent proficiency (process-incorporated vs response-based agreement with reference set),country,5.0,2304.0,,False,medium
113,Using convolutional neural networks to automatically score eight TIMSS 2019 graphical response items,2024,TIMSS,mathematics,Human rater score category,OTHER,other,accuracy,0.9937,positive,Automated CNN score classification vs human rater (dichotomous/partial credit as applicable),student,30.0,,False,False,medium
113,Using convolutional neural networks to automatically score eight TIMSS 2019 graphical response items,2024,TIMSS,mathematics,Human rater score category,OTHER,other,F1,0.9948,positive,Automated CNN score classification vs human rater (dichotomous/partial credit as applicable),student,30.0,,False,False,medium
113,Using convolutional neural networks to automatically score eight TIMSS 2019 graphical response items,2024,TIMSS,mathematics,Human rater score category,OTHER,other,accuracy,0.9799,positive,Automated CNN score classification vs human rater (trichotomous item ME62300),student,22.0,,False,False,medium
113,Using convolutional neural networks to automatically score eight TIMSS 2019 graphical response items,2024,TIMSS,mathematics,Human rater score category,OTHER,other,F1,0.9766,positive,Automated CNN score classification vs human rater (trichotomous item ME62300),student,22.0,,False,False,medium
114,Identifying the contextual factors related to the reading performance of Moroccan fourth-grade students from a Machine Learning-based Approach.,2024,PIRLS,reading,Reading achievement too low,OTHER,prior_achievement,accuracy,0.8097,negative,Reading proficiency (Low vs Others),student,1.0,5446.0,False,False,medium
114,Identifying the contextual factors related to the reading performance of Moroccan fourth-grade students from a Machine Learning-based Approach.,2024,PIRLS,reading,Students confident in reading,OTHER,motivation,accuracy,0.8097,positive,Reading proficiency (Low vs Others),student,1.0,5446.0,False,False,medium
114,Identifying the contextual factors related to the reading performance of Moroccan fourth-grade students from a Machine Learning-based Approach.,2024,PIRLS,reading,Early literacy tasks performance,OTHER,prior_achievement,accuracy,0.8097,positive,Reading proficiency (Low vs Others),student,1.0,5446.0,False,False,medium
114,Identifying the contextual factors related to the reading performance of Moroccan fourth-grade students from a Machine Learning-based Approach.,2024,PIRLS,reading,Student age,AGE_GRADE,demographic,accuracy,0.8097,mixed,Reading proficiency (Low vs Others),student,1.0,5446.0,False,False,medium
114,Identifying the contextual factors related to the reading performance of Moroccan fourth-grade students from a Machine Learning-based Approach.,2024,PIRLS,reading,Reading is boring attitude,OTHER,motivation,accuracy,0.8097,negative,Reading proficiency (Low vs Others),student,1.0,5446.0,False,False,medium
116,"USING A MACHINE LEARNING APPROACH TO EXPLORE NON-COGNITIVE FACTORS AFFECTING READING, MATHEMATICS, AND SCIENCE LITERACY IN CHINA AND THE UNITED STATES",2022,PISA,reading,Perceived PISA test difficulty,OTHER,motivation,other,,positive,Reading achievement (PV1READ),student,2.0,16815.0,False,False,low
116,"USING A MACHINE LEARNING APPROACH TO EXPLORE NON-COGNITIVE FACTORS AFFECTING READING, MATHEMATICS, AND SCIENCE LITERACY IN CHINA AND THE UNITED STATES",2022,PISA,reading,Meta-cognition: assess credibility,SES_COMPOSITE,self_efficacy,other,,positive,Reading achievement (PV1READ),student,2.0,16815.0,False,False,low
116,"USING A MACHINE LEARNING APPROACH TO EXPLORE NON-COGNITIVE FACTORS AFFECTING READING, MATHEMATICS, AND SCIENCE LITERACY IN CHINA AND THE UNITED STATES",2022,PISA,reading,Meta-cognition: summarizing,OTHER,self_efficacy,other,,positive,Reading achievement (PV1READ),student,2.0,16815.0,False,False,low
116,"USING A MACHINE LEARNING APPROACH TO EXPLORE NON-COGNITIVE FACTORS AFFECTING READING, MATHEMATICS, AND SCIENCE LITERACY IN CHINA AND THE UNITED STATES",2022,PISA,reading,Socioeconomic status (ESCS),SES_COMPOSITE,SES,other,,positive,Reading achievement (PV1READ),student,2.0,16815.0,False,False,low
116,"USING A MACHINE LEARNING APPROACH TO EXPLORE NON-COGNITIVE FACTORS AFFECTING READING, MATHEMATICS, AND SCIENCE LITERACY IN CHINA AND THE UNITED STATES",2022,PISA,reading,Science learning time per week,INSTRUCTIONAL_TIME,instructional_time,other,,positive,Reading achievement (PV1READ),student,2.0,16815.0,False,False,low
12,Interpretable Machine Learning Models for PISA Results in Mathematics,2025,PISA,mathematics,Grade repetition,PRIOR_ACHIEVEMENT,other,AUC,0.9766,negative,Low vs High mathematics proficiency (binary),student,1.0,29282.0,,False,medium
12,Interpretable Machine Learning Models for PISA Results in Mathematics,2025,PISA,mathematics,Digital devices with screens,ICT_ACCESS,ICT,AUC,0.9766,positive,Low vs High mathematics proficiency (binary),student,1.0,29282.0,,False,medium
12,Interpretable Machine Learning Models for PISA Results in Mathematics,2025,PISA,mathematics,Participation in extra math classes,SES_COMPOSITE,other,AUC,0.9766,positive,Low vs High mathematics proficiency (binary),student,1.0,29282.0,,False,medium
12,Interpretable Machine Learning Models for PISA Results in Mathematics,2025,PISA,mathematics,Number of books at home,HOME_RESOURCES,SES,AUC,0.9766,positive,Low vs High mathematics proficiency (binary),student,1.0,29282.0,,False,medium
12,Interpretable Machine Learning Models for PISA Results in Mathematics,2025,PISA,mathematics,Studies/does homework before class,INSTRUCTIONAL_TIME,other,AUC,0.9766,positive,Low vs High mathematics proficiency (binary),student,1.0,29282.0,,False,medium
120,A graphically based machine learning approach to predict secondary schools performance in Tunisia,2020,PISA,other,School size (enrollment),OTHER,school_resources,other,46.517,positive,School inefficiency score (DDF/DEA output),school,1.0,,False,False,medium
120,A graphically based machine learning approach to predict secondary schools performance in Tunisia,2020,PISA,other,Class size (average),SCHOOL_RESOURCES,school_resources,other,21.022,positive,School inefficiency score (DDF/DEA output),school,1.0,,False,False,medium
120,A graphically based machine learning approach to predict secondary schools performance in Tunisia,2020,PISA,other,Proportion of girls,GENDER,gender,other,47.773,positive,School inefficiency score (DDF/DEA output),school,1.0,,False,False,medium
120,A graphically based machine learning approach to predict secondary schools performance in Tunisia,2020,PISA,other,Competition (dummy),OTHER,school_climate,other,10.499,positive,School inefficiency score (DDF/DEA output),school,1.0,,False,False,medium
120,A graphically based machine learning approach to predict secondary schools performance in Tunisia,2020,PISA,other,Parental pressure (dummy),OTHER,parent_home,other,8.492,positive,School inefficiency score (DDF/DEA output),school,1.0,,False,False,medium
120,A graphically based machine learning approach to predict secondary schools performance in Tunisia,2020,PISA,other,School location (rural=1),OTHER,school_climate,other,,positive,School inefficiency score (DDF/DEA output),school,1.0,,False,False,medium
121,Rethinking TIMSS quality assurance: utilizing neural network models with regression‑based bias mitigation strategies for validating country‑level math and science achievement scores,2025,TIMSS,mathematics,Books at home,HOME_RESOURCES,SES,standardized_beta,,positive,country-level math achievement,country,34.0,,True,False,medium
121,Rethinking TIMSS quality assurance: utilizing neural network models with regression‑based bias mitigation strategies for validating country‑level math and science achievement scores,2025,TIMSS,mathematics,Gender,GENDER,gender,standardized_beta,,mixed,country-level math achievement,country,34.0,,True,False,medium
121,Rethinking TIMSS quality assurance: utilizing neural network models with regression‑based bias mitigation strategies for validating country‑level math and science achievement scores,2025,TIMSS,mathematics,Language at home,AGE_GRADE,other,standardized_beta,,positive,country-level math achievement,country,34.0,,True,False,medium
121,Rethinking TIMSS quality assurance: utilizing neural network models with regression‑based bias mitigation strategies for validating country‑level math and science achievement scores,2025,TIMSS,mathematics,Home computer/tablet,ICT_ACCESS,ICT,standardized_beta,,positive,country-level math achievement,country,34.0,,True,False,medium
121,Rethinking TIMSS quality assurance: utilizing neural network models with regression‑based bias mitigation strategies for validating country‑level math and science achievement scores,2025,TIMSS,mathematics,Study desk/table,OTHER,ICT,standardized_beta,,positive,country-level math achievement,country,34.0,,True,False,medium
121,Rethinking TIMSS quality assurance: utilizing neural network models with regression‑based bias mitigation strategies for validating country‑level math and science achievement scores,2025,TIMSS,mathematics,Own room,OTHER,ICT,standardized_beta,,positive,country-level math achievement,country,34.0,,True,False,medium
121,Rethinking TIMSS quality assurance: utilizing neural network models with regression‑based bias mitigation strategies for validating country‑level math and science achievement scores,2025,TIMSS,mathematics,Internet connection,OTHER,ICT,standardized_beta,,positive,country-level math achievement,country,34.0,,True,False,medium
121,Rethinking TIMSS quality assurance: utilizing neural network models with regression‑based bias mitigation strategies for validating country‑level math and science achievement scores,2025,TIMSS,mathematics,Computer use at home,ICT_ACCESS,ICT,standardized_beta,,positive,country-level math achievement,country,34.0,,True,False,medium
121,Rethinking TIMSS quality assurance: utilizing neural network models with regression‑based bias mitigation strategies for validating country‑level math and science achievement scores,2025,TIMSS,mathematics,Computer use at school,ICT_ACCESS,ICT,standardized_beta,,positive,country-level math achievement,country,34.0,,True,False,medium
121,Rethinking TIMSS quality assurance: utilizing neural network models with regression‑based bias mitigation strategies for validating country‑level math and science achievement scores,2025,TIMSS,mathematics,Computer use other place,ICT_ACCESS,ICT,standardized_beta,,positive,country-level math achievement,country,34.0,,True,False,medium
121,Rethinking TIMSS quality assurance: utilizing neural network models with regression‑based bias mitigation strategies for validating country‑level math and science achievement scores,2025,TIMSS,mathematics,Peer bullying experiences,SCHOOL_CLIMATE,other,standardized_beta,,negative,country-level math achievement,country,34.0,,True,False,medium
121,Rethinking TIMSS quality assurance: utilizing neural network models with regression‑based bias mitigation strategies for validating country‑level math and science achievement scores,2025,TIMSS,mathematics,School belonging,BELONGING,belonging,standardized_beta,,positive,country-level math achievement,country,34.0,,True,False,medium
121,Rethinking TIMSS quality assurance: utilizing neural network models with regression‑based bias mitigation strategies for validating country‑level math and science achievement scores,2025,TIMSS,mathematics,Feeling safe at school,OTHER,school_climate,standardized_beta,,positive,country-level math achievement,country,34.0,,True,False,medium
121,Rethinking TIMSS quality assurance: utilizing neural network models with regression‑based bias mitigation strategies for validating country‑level math and science achievement scores,2025,TIMSS,mathematics,Enjoyment of learning math,MOTIVATION,motivation,standardized_beta,,positive,country-level math achievement,country,34.0,,True,False,medium
10.1186/s40536-025-00264-9,Principal component analysis on the covariance matrix for data reduction in large-scale assessments,2025,other,mathematics,Gender group indicators,GENDER,gender,other,,mixed,Proficiency group mean estimates (PVs) bias and MSE,student,1.0,,True,False,medium
10.1186/s40536-025-00264-9,Principal component analysis on the covariance matrix for data reduction in large-scale assessments,2025,other,mathematics,Race/ethnicity group indicators,OTHER,other,other,,mixed,Proficiency group mean estimates (PVs) bias and MSE,student,1.0,,True,False,medium
10.1186/s40536-025-00264-9,Principal component analysis on the covariance matrix for data reduction in large-scale assessments,2025,other,mathematics,English learner status,OTHER,other,other,,mixed,Proficiency group mean estimates (PVs) bias and MSE,student,1.0,,True,False,medium
10.1186/s40536-025-00264-9,Principal component analysis on the covariance matrix for data reduction in large-scale assessments,2025,other,mathematics,Disability status,OTHER,other,other,,mixed,Proficiency group mean estimates (PVs) bias and MSE,student,1.0,,True,False,medium
10.1186/s40536-025-00264-9,Principal component analysis on the covariance matrix for data reduction in large-scale assessments,2025,other,mathematics,FRPL socioeconomic eligibility,SES_COMPOSITE,SES,other,,mixed,Proficiency group mean estimates (PVs) bias and MSE,student,1.0,,True,False,medium
123,Identifying students’ solution strategies in digital mathematics assessment using log data,2025,other,mathematics,Solution-strategy class membership (5 latent classes),SES_COMPOSITE,other,other,,negative,Estimated mathematical ability (WLE theta),student,1.0,802.0,False,False,low
10.1186/s40536-024-00224-9,Technology factors related to the differences in paper and online reading scores in PIRLS 2016,2024,PIRLS,reading,Time using computer daily,ICT_ACCESS,ICT,standardized_beta,0.1,positive,Mode difference in reading for information (e-reading PV minus paper PV),student,6.0,,True,True,high
10.1186/s40536-024-00224-9,Technology factors related to the differences in paper and online reading scores in PIRLS 2016,2024,PIRLS,reading,Device use in and out school,OTHER,ICT,standardized_beta,0.1,positive,Mode difference in reading for information (e-reading PV minus paper PV),student,2.0,,True,True,high
10.1186/s40536-024-00224-9,Technology factors related to the differences in paper and online reading scores in PIRLS 2016,2024,PIRLS,reading,Computer self-efficacy,SELF_EFFICACY,self_efficacy,standardized_beta,0.1,positive,Mode difference in reading for information (e-reading PV minus paper PV),student,2.0,,True,True,high
10.1186/s40536-024-00224-9,Technology factors related to the differences in paper and online reading scores in PIRLS 2016,2024,PIRLS,reading,Digital devices at home,ICT_ACCESS,ICT,standardized_beta,0.1,positive,Mode difference in reading for information (e-reading PV minus paper PV),student,1.0,,True,True,high
10.1186/s40536-024-00224-9,Technology factors related to the differences in paper and online reading scores in PIRLS 2016,2024,PIRLS,reading,Computers to students ratio,ICT_ACCESS,school_resources,standardized_beta,0.1,positive,Mode difference in reading for information (e-reading PV minus paper PV),school,1.0,,True,True,high
10.1186/s40536-024-00224-9,Technology factors related to the differences in paper and online reading scores in PIRLS 2016,2024,PIRLS,reading,Instruction affected by shortages,AGE_GRADE,school_resources,standardized_beta,0.1,positive,Mode difference in reading for information (e-reading PV minus paper PV),school,1.0,,True,True,high
10.1186/s40536-024-00224-9,Technology factors related to the differences in paper and online reading scores in PIRLS 2016,2024,PIRLS,reading,Home resources for learning,HOME_RESOURCES,SES,r_correlation,,negative,Mode difference in reading for information (e-reading PV minus paper PV),student,3.0,,True,True,high
126,The relationship between personal-collaborative motivation profiles and students’ performance in collaborative problem solving,2024,PISA,other,CPS motivation profile (LPA classes),SES_COMPOSITE,motivation,other,,mixed,CPS achievement (10 plausible values),student,1.0,9398.0,True,True,medium
126,The relationship between personal-collaborative motivation profiles and students’ performance in collaborative problem solving,2024,PISA,other,Gender,GENDER,gender,other,,,CPS achievement (10 plausible values),student,1.0,9398.0,True,True,medium
126,The relationship between personal-collaborative motivation profiles and students’ performance in collaborative problem solving,2024,PISA,other,Socioeconomic status (ESCS),SES_COMPOSITE,SES,other,,positive,CPS achievement (10 plausible values),student,1.0,9398.0,True,True,medium
126,The relationship between personal-collaborative motivation profiles and students’ performance in collaborative problem solving,2024,PISA,other,ICT in daily social life (SOIAICT),ICT_ACCESS,ICT,other,,negative,CPS achievement (10 plausible values),student,1.0,9398.0,True,True,medium
126,The relationship between personal-collaborative motivation profiles and students’ performance in collaborative problem solving,2024,PISA,other,Certified science teacher proportion (PROSTCE),OTHER,teacher_quality,other,,positive,CPS achievement (10 plausible values),school,1.0,9398.0,True,True,medium
128,Synergistic effects of instruction and affect factors on high- and low-ability disparities in elementary students’ reading literacy,2020,PIRLS,reading,Reading self-concepts,SELF_EFFICACY,motivation,accuracy,88.19,positive,High vs low reading proficiency (benchmark-based),student,4.0,9748.0,False,False,medium
128,Synergistic effects of instruction and affect factors on high- and low-ability disparities in elementary students’ reading literacy,2020,PIRLS,reading,Reading attitudes,OTHER,motivation,accuracy,88.19,positive,High vs low reading proficiency (benchmark-based),student,4.0,9748.0,False,False,medium
128,Synergistic effects of instruction and affect factors on high- and low-ability disparities in elementary students’ reading literacy,2020,PIRLS,reading,Teacher lets show learning,OTHER,teacher_quality,accuracy,88.19,positive,High vs low reading proficiency (benchmark-based),student,4.0,9748.0,False,False,medium
128,Synergistic effects of instruction and affect factors on high- and low-ability disparities in elementary students’ reading literacy,2020,PIRLS,reading,Generalize and infer,OTHER,motivation,accuracy,88.19,positive,High vs low reading proficiency (benchmark-based),student,4.0,9748.0,False,False,medium
128,Synergistic effects of instruction and affect factors on high- and low-ability disparities in elementary students’ reading literacy,2020,PIRLS,reading,Same-ability groups,OTHER,teacher_quality,accuracy,88.19,positive,High vs low reading proficiency (benchmark-based),student,4.0,9748.0,False,False,medium
129,"Digital gender gaps in Students’ knowledge, attitudes and skills: an integrative data analysis across 32 Countries",2024,other,other,Gender (girls vs boys),GENDER,gender,standardized_beta,0.15,positive,Digital skills (CIL),student,32.0,105981.0,True,True,high
129,"Digital gender gaps in Students’ knowledge, attitudes and skills: an integrative data analysis across 32 Countries",2024,other,other,ICT availability at home,ICT_ACCESS,ICT,standardized_beta,0.1,positive,Digital skills (CIL),student,32.0,105981.0,True,True,high
129,"Digital gender gaps in Students’ knowledge, attitudes and skills: an integrative data analysis across 32 Countries",2024,other,other,ICT affect (interest/enjoyment),MOTIVATION,motivation,standardized_beta,0.2,positive,Digital skills (CIL),student,32.0,105981.0,True,True,high
129,"Digital gender gaps in Students’ knowledge, attitudes and skills: an integrative data analysis across 32 Countries",2024,other,other,ICT beliefs: positive attitudes,ICT_ACCESS,motivation,standardized_beta,0.12,positive,Digital skills (CIL),student,32.0,105981.0,True,True,high
129,"Digital gender gaps in Students’ knowledge, attitudes and skills: an integrative data analysis across 32 Countries",2024,other,other,ICT beliefs: negative attitudes,ICT_ACCESS,motivation,standardized_beta,-0.08,negative,Digital skills (CIL),student,32.0,105981.0,True,True,high
129,"Digital gender gaps in Students’ knowledge, attitudes and skills: an integrative data analysis across 32 Countries",2024,other,other,ICT self-efficacy: basic,SELF_EFFICACY,self_efficacy,standardized_beta,0.18,positive,Digital skills (CIL),student,32.0,105981.0,True,True,high
129,"Digital gender gaps in Students’ knowledge, attitudes and skills: an integrative data analysis across 32 Countries",2024,other,other,ICT self-efficacy: advanced,SELF_EFFICACY,self_efficacy,standardized_beta,0.22,positive,Digital skills (CIL),student,32.0,105981.0,True,True,high
129,"Digital gender gaps in Students’ knowledge, attitudes and skills: an integrative data analysis across 32 Countries",2024,other,other,Socioeconomic development (HDI),SES_COMPOSITE,SES,standardized_beta,0.25,positive,Digital skills (CIL),country,32.0,105981.0,True,True,high
129,"Digital gender gaps in Students’ knowledge, attitudes and skills: an integrative data analysis across 32 Countries",2024,other,other,Gender inequality (GII),GENDER,gender,standardized_beta,-0.14,negative,Digital skills (CIL),country,32.0,105981.0,True,True,high
13,What key contextual factors contribute to students’ reading literacy among top-performing countries and economies? Statistical and machine learning analyses,2023,PISA,reading,Assessing credibility,SES_COMPOSITE,motivation,R2,0.499,positive,Reading literacy (PV1READ),student,3.0,12058.0,False,False,medium
13,What key contextual factors contribute to students’ reading literacy among top-performing countries and economies? Statistical and machine learning analyses,2023,PISA,reading,Socioeconomic status (ESCS),SES_COMPOSITE,SES,R2,0.499,positive,Reading literacy (PV1READ),student,3.0,12058.0,False,False,medium
13,What key contextual factors contribute to students’ reading literacy among top-performing countries and economies? Statistical and machine learning analyses,2023,PISA,reading,Summarizing information,OTHER,motivation,R2,0.499,positive,Reading literacy (PV1READ),student,3.0,12058.0,False,False,medium
13,What key contextual factors contribute to students’ reading literacy among top-performing countries and economies? Statistical and machine learning analyses,2023,PISA,reading,Reading interest,MOTIVATION,motivation,R2,0.499,positive,Reading literacy (PV1READ),student,3.0,12058.0,False,False,medium
13,What key contextual factors contribute to students’ reading literacy among top-performing countries and economies? Statistical and machine learning analyses,2023,PISA,reading,Understanding and remembering,OTHER,motivation,R2,0.499,positive,Reading literacy (PV1READ),student,3.0,12058.0,False,False,medium
13,What key contextual factors contribute to students’ reading literacy among top-performing countries and economies? Statistical and machine learning analyses,2023,PISA,reading,Assessing credibility,SES_COMPOSITE,motivation,R2,0.48,positive,Reading literacy (PV1READ),student,79.0,,False,False,medium
13,What key contextual factors contribute to students’ reading literacy among top-performing countries and economies? Statistical and machine learning analyses,2023,PISA,reading,Socioeconomic status (ESCS),SES_COMPOSITE,SES,R2,0.48,positive,Reading literacy (PV1READ),student,79.0,,False,False,medium
13,What key contextual factors contribute to students’ reading literacy among top-performing countries and economies? Statistical and machine learning analyses,2023,PISA,reading,Summarizing information,OTHER,motivation,R2,0.48,positive,Reading literacy (PV1READ),student,79.0,,False,False,medium
13,What key contextual factors contribute to students’ reading literacy among top-performing countries and economies? Statistical and machine learning analyses,2023,PISA,reading,Self-concept: perceived difficulty,SELF_EFFICACY,motivation,R2,0.48,positive,Reading literacy (PV1READ),student,79.0,,False,False,medium
13,What key contextual factors contribute to students’ reading literacy among top-performing countries and economies? Statistical and machine learning analyses,2023,PISA,reading,Reading interest,MOTIVATION,motivation,R2,0.48,positive,Reading literacy (PV1READ),student,79.0,,False,False,medium
13,What key contextual factors contribute to students’ reading literacy among top-performing countries and economies? Statistical and machine learning analyses,2023,PISA,reading,Assessing credibility,SES_COMPOSITE,motivation,R2,0.45,positive,Reading literacy (PV1READ),student,1.0,,False,False,medium
13,What key contextual factors contribute to students’ reading literacy among top-performing countries and economies? Statistical and machine learning analyses,2023,PISA,reading,Socioeconomic status (ESCS),SES_COMPOSITE,SES,R2,0.45,positive,Reading literacy (PV1READ),student,1.0,,False,False,medium
13,What key contextual factors contribute to students’ reading literacy among top-performing countries and economies? Statistical and machine learning analyses,2023,PISA,reading,Reading interest,MOTIVATION,motivation,R2,0.45,positive,Reading literacy (PV1READ),student,1.0,,False,False,medium
13,What key contextual factors contribute to students’ reading literacy among top-performing countries and economies? Statistical and machine learning analyses,2023,PISA,reading,Summarizing information,OTHER,motivation,R2,0.45,positive,Reading literacy (PV1READ),student,1.0,,False,False,medium
13,What key contextual factors contribute to students’ reading literacy among top-performing countries and economies? Statistical and machine learning analyses,2023,PISA,reading,Understanding and remembering,OTHER,motivation,R2,0.45,positive,Reading literacy (PV1READ),student,1.0,,False,False,medium
130,An International Comparison Study Exploring the Influential Variables Affecting Students’ Reading Literacy and Life Satisfaction,2022,PISA,reading,Socioeconomic status (ESCS),SES_COMPOSITE,SES,standardized_beta,0.35,positive,reading literacy,student,2.0,11327.0,True,False,medium
130,An International Comparison Study Exploring the Influential Variables Affecting Students’ Reading Literacy and Life Satisfaction,2022,PISA,reading,Gender,GENDER,gender,standardized_beta,-0.12,negative,reading literacy,student,2.0,11327.0,True,False,medium
130,An International Comparison Study Exploring the Influential Variables Affecting Students’ Reading Literacy and Life Satisfaction,2022,PISA,reading,Joy/liking reading,OTHER,motivation,standardized_beta,0.28,positive,reading literacy,student,2.0,11327.0,True,False,medium
130,An International Comparison Study Exploring the Influential Variables Affecting Students’ Reading Literacy and Life Satisfaction,2022,PISA,reading,Reading self-concept: competence,SELF_EFFICACY,self_efficacy,standardized_beta,0.22,positive,reading literacy,student,2.0,11327.0,True,False,medium
130,An International Comparison Study Exploring the Influential Variables Affecting Students’ Reading Literacy and Life Satisfaction,2022,PISA,reading,Reading self-concept: difficulty,SELF_EFFICACY,self_efficacy,standardized_beta,-0.18,negative,reading literacy,student,2.0,11327.0,True,False,medium
131,Young people’s civic engagement in Italy: evidence on grade 8 students from the international civic and citizenship education study (ICCS) 2016,2024,other,other,Citizenship self-efficacy,SELF_EFFICACY,self_efficacy,odds_ratio,1.5,positive,Civic engagement profile membership (disengaged/moderately engaged/engaged),student,1.0,3329.0,True,True,medium
131,Young people’s civic engagement in Italy: evidence on grade 8 students from the international civic and citizenship education study (ICCS) 2016,2024,other,other,Trust in civic institutions,OTHER,other,odds_ratio,,positive,Civic engagement profile membership (disengaged/moderately engaged/engaged),student,1.0,3329.0,True,True,medium
131,Young people’s civic engagement in Italy: evidence on grade 8 students from the international civic and citizenship education study (ICCS) 2016,2024,other,other,Engagement with social media,AGE_GRADE,other,odds_ratio,,positive,Civic engagement profile membership (disengaged/moderately engaged/engaged),student,1.0,3329.0,True,True,medium
131,Young people’s civic engagement in Italy: evidence on grade 8 students from the international civic and citizenship education study (ICCS) 2016,2024,other,other,Openness in classroom discussions,OTHER,school_climate,odds_ratio,,positive,Civic engagement profile membership (disengaged/moderately engaged/engaged),student,1.0,3329.0,True,True,medium
131,Young people’s civic engagement in Italy: evidence on grade 8 students from the international civic and citizenship education study (ICCS) 2016,2024,other,other,Civic learning at school,OTHER,curriculum,odds_ratio,,positive,Civic engagement profile membership (disengaged/moderately engaged/engaged),student,1.0,3329.0,True,True,medium
131,Young people’s civic engagement in Italy: evidence on grade 8 students from the international civic and citizenship education study (ICCS) 2016,2024,other,other,Civic knowledge,OTHER,prior_achievement,odds_ratio,,,Civic engagement profile membership (disengaged/moderately engaged/engaged),student,1.0,3329.0,True,True,medium
14,Do Key Predictors of Academic Resilience Differ Across Cultures? Evidence From Korea and the US,2024,PISA,reading,Meta-cognition: summarizing (METASUM),OTHER,motivation,accuracy,0.76,positive,Academic resilience (binary: reading Level 3+ vs below),student,2.0,2829.0,False,False,medium
14,Do Key Predictors of Academic Resilience Differ Across Cultures? Evidence From Korea and the US,2024,PISA,reading,Meta-cognition: assess credibility (METASPAM),SES_COMPOSITE,motivation,accuracy,0.76,positive,Academic resilience (binary: reading Level 3+ vs below),student,2.0,2829.0,False,False,medium
14,Do Key Predictors of Academic Resilience Differ Across Cultures? Evidence From Korea and the US,2024,PISA,reading,Meta-cognition: understanding and remembering (UNDREM),OTHER,motivation,accuracy,0.76,positive,Academic resilience (binary: reading Level 3+ vs below),student,2.0,2829.0,False,False,medium
14,Do Key Predictors of Academic Resilience Differ Across Cultures? Evidence From Korea and the US,2024,PISA,reading,Reading self-concept: competence (SCREADCOMP),SELF_EFFICACY,self_efficacy,accuracy,0.76,positive,Academic resilience (binary: reading Level 3+ vs below),student,2.0,2829.0,False,False,medium
14,Do Key Predictors of Academic Resilience Differ Across Cultures? Evidence From Korea and the US,2024,PISA,reading,Joy/like reading (JOYREAD),OTHER,motivation,accuracy,0.76,positive,Academic resilience (binary: reading Level 3+ vs below),student,2.0,2829.0,False,False,medium
15,HEURISTIC ANALYSIS OF THE NATIVE LANGUAGE CURRICULUM OF SUCCESSFUL COUNTRIES IN PISA AND TURKEY BY USING ANFIS,2023,PISA,reading,Reading & listening outcomes,OTHER,other,R2,0.780652,positive,PISA 2018 reading score (country-level),country,9.0,,False,False,medium
15,HEURISTIC ANALYSIS OF THE NATIVE LANGUAGE CURRICULUM OF SUCCESSFUL COUNTRIES IN PISA AND TURKEY BY USING ANFIS,2023,PISA,reading,Reading & listening codes,OTHER,other,R2,0.780652,positive,PISA 2018 reading score (country-level),country,9.0,,False,False,medium
15,HEURISTIC ANALYSIS OF THE NATIVE LANGUAGE CURRICULUM OF SUCCESSFUL COUNTRIES IN PISA AND TURKEY BY USING ANFIS,2023,PISA,reading,Reading & speaking,OTHER,other,R2,0.851708,positive,PISA 2018 reading score (country-level),country,9.0,,False,False,medium
15,HEURISTIC ANALYSIS OF THE NATIVE LANGUAGE CURRICULUM OF SUCCESSFUL COUNTRIES IN PISA AND TURKEY BY USING ANFIS,2023,PISA,reading,Reading & writing,OTHER,other,R2,0.844698,positive,PISA 2018 reading score (country-level),country,9.0,,False,False,medium
15,HEURISTIC ANALYSIS OF THE NATIVE LANGUAGE CURRICULUM OF SUCCESSFUL COUNTRIES IN PISA AND TURKEY BY USING ANFIS,2023,PISA,reading,Reading & listening & speaking & writing,OTHER,other,R2,0.683623,positive,PISA 2018 reading score (country-level),country,9.0,,False,False,medium
16,Using Machine Learning Approaches to Explore Non-Cognitive Variables Influencing Reading Proficiency in English among Filipino Learners,2021,PISA,reading,Perceived reading difficulty,OTHER,motivation,AUC,0.89,negative,Reading proficiency group (low vs high) using PV1READ,student,1.0,7233.0,False,False,medium
16,Using Machine Learning Approaches to Explore Non-Cognitive Variables Influencing Reading Proficiency in English among Filipino Learners,2021,PISA,reading,Exposure to bullying,SCHOOL_CLIMATE,school_climate,AUC,0.89,negative,Reading proficiency group (low vs high) using PV1READ,student,1.0,7233.0,False,False,medium
16,Using Machine Learning Approaches to Explore Non-Cognitive Variables Influencing Reading Proficiency in English among Filipino Learners,2021,PISA,reading,Mastery motivation and persistence,MOTIVATION,motivation,AUC,0.89,positive,Reading proficiency group (low vs high) using PV1READ,student,1.0,7233.0,False,False,medium
16,Using Machine Learning Approaches to Explore Non-Cognitive Variables Influencing Reading Proficiency in English among Filipino Learners,2021,PISA,reading,Reading enjoyment,MOTIVATION,motivation,AUC,0.89,positive,Reading proficiency group (low vs high) using PV1READ,student,1.0,7233.0,False,False,medium
16,Using Machine Learning Approaches to Explore Non-Cognitive Variables Influencing Reading Proficiency in English among Filipino Learners,2021,PISA,reading,Socioeconomic status (ESCS),SES_COMPOSITE,SES,AUC,0.89,positive,Reading proficiency group (low vs high) using PV1READ,student,1.0,7233.0,False,False,medium
17,Factors affecting teacher job satisfaction: a causal inference machine learning approach using data,2023,other,other,CPD participation (>=4 events),OTHER,teacher_quality,other,,positive,Teacher job satisfaction (TALIS scale),other,1.0,4385.0,,True,medium
17,Factors affecting teacher job satisfaction: a causal inference machine learning approach using data,2023,other,other,Induction programme participation,OTHER,teacher_quality,other,,positive,Teacher job satisfaction (TALIS scale),other,1.0,4385.0,,True,medium
17,Factors affecting teacher job satisfaction: a causal inference machine learning approach using data,2023,other,other,Part-time contract (<90%),OTHER,teacher_quality,other,-0.216,negative,Teacher job satisfaction (TALIS scale),other,1.0,4385.0,,True,medium
17,Factors affecting teacher job satisfaction: a causal inference machine learning approach using data,2023,other,other,Team teaching participation,OTHER,teacher_quality,other,,mixed,Teacher job satisfaction (TALIS scale),other,1.0,4385.0,,True,medium
17,Factors affecting teacher job satisfaction: a causal inference machine learning approach using data,2023,other,other,Observing other teachers,OTHER,teacher_quality,other,,mixed,Teacher job satisfaction (TALIS scale),other,1.0,4385.0,,True,medium
18,From Meals to Marks: Modeling the Impact of Family Involvement on Reading Performance with Counterfactual Explainable AI,2025,PISA,reading,Family meal frequency,OTHER,other,other,0.188,positive,Reading achievement (READING plausible value),student,1.0,24600.0,True,False,medium
18,From Meals to Marks: Modeling the Impact of Family Involvement on Reading Performance with Counterfactual Explainable AI,2025,PISA,reading,Time talking with parents,OTHER,other,other,0.188,positive,Reading achievement (READING plausible value),student,1.0,24600.0,True,False,medium
18,From Meals to Marks: Modeling the Impact of Family Involvement on Reading Performance with Counterfactual Explainable AI,2025,PISA,reading,Discuss how school is going,OTHER,other,other,0.188,positive,Reading achievement (READING plausible value),student,1.0,24600.0,True,False,medium
18,From Meals to Marks: Modeling the Impact of Family Involvement on Reading Performance with Counterfactual Explainable AI,2025,PISA,reading,Encouragement for good grades,AGE_GRADE,other,other,0.188,positive,Reading achievement (READING plausible value),student,1.0,24600.0,True,False,medium
18,From Meals to Marks: Modeling the Impact of Family Involvement on Reading Performance with Counterfactual Explainable AI,2025,PISA,reading,Parents ask about school,OTHER,other,other,0.188,positive,Reading achievement (READING plausible value),student,1.0,24600.0,True,False,medium
19,Finding the contextual impacts on Students’ Mathematical performance using a Machine Learning-based Approach,2024,TIMSS,mathematics,Mathematics achievement too low,OTHER,prior_achievement,accuracy,81.92,positive,Low vs Others mathematics achievement (majority-vote benchmark),student,1.0,8390.0,False,False,medium
19,Finding the contextual impacts on Students’ Mathematical performance using a Machine Learning-based Approach,2024,TIMSS,mathematics,Classroom libraries,OTHER,school_resources,accuracy,81.92,positive,Low vs Others mathematics achievement (majority-vote benchmark),school,1.0,8390.0,False,False,medium
19,Finding the contextual impacts on Students’ Mathematical performance using a Machine Learning-based Approach,2024,TIMSS,mathematics,Science achievement too low,OTHER,prior_achievement,accuracy,81.92,positive,Low vs Others mathematics achievement (majority-vote benchmark),student,1.0,8390.0,False,False,medium
19,Finding the contextual impacts on Students’ Mathematical performance using a Machine Learning-based Approach,2024,TIMSS,mathematics,Work on your own frequency,OTHER,other,accuracy,81.92,positive,Low vs Others mathematics achievement (majority-vote benchmark),student,1.0,8390.0,False,False,medium
19,Finding the contextual impacts on Students’ Mathematical performance using a Machine Learning-based Approach,2024,TIMSS,mathematics,Student confident in mathematics,OTHER,self_efficacy,accuracy,81.92,positive,Low vs Others mathematics achievement (majority-vote benchmark),student,1.0,8390.0,False,False,medium
2,Predictive insights into U.S. students’ mathematics performance on PISA 2022 using ensemble tree-based machine learning models,2025,PISA,mathematics,Mathematics self-efficacy,SELF_EFFICACY,self_efficacy,other,,positive,Mathematics achievement (PVs),student,1.0,4552.0,True,False,medium
2,Predictive insights into U.S. students’ mathematics performance on PISA 2022 using ensemble tree-based machine learning models,2025,PISA,mathematics,Socioeconomic status (ESCS),SES_COMPOSITE,SES,other,,positive,Mathematics achievement (PVs),student,1.0,4552.0,True,False,medium
2,Predictive insights into U.S. students’ mathematics performance on PISA 2022 using ensemble tree-based machine learning models,2025,PISA,mathematics,Expected occupation status,OTHER,motivation,other,,positive,Mathematics achievement (PVs),student,1.0,4552.0,True,False,medium
2,Predictive insights into U.S. students’ mathematics performance on PISA 2022 using ensemble tree-based machine learning models,2025,PISA,mathematics,Familiarity with math concepts,OTHER,motivation,other,,positive,Mathematics achievement (PVs),student,1.0,4552.0,True,False,medium
2,Predictive insights into U.S. students’ mathematics performance on PISA 2022 using ensemble tree-based machine learning models,2025,PISA,mathematics,Family support for self-directed learning,OTHER,SES,other,,positive,Mathematics achievement (PVs),student,1.0,4552.0,True,False,medium
20,Analysis of Factors Effecting PISA 2015 Mathematics Literacy via Educational Data Mining,2020,PISA,mathematics,anxiety,ANXIETY,anxiety,other,,negative,Math achievement status (low/medium/high),student,1.0,4422.0,False,False,low
20,Analysis of Factors Effecting PISA 2015 Mathematics Literacy via Educational Data Mining,2020,PISA,mathematics,turkish_success_status,OTHER,prior_achievement,other,,positive,Math achievement status (low/medium/high),student,1.0,4422.0,False,False,low
20,Analysis of Factors Effecting PISA 2015 Mathematics Literacy via Educational Data Mining,2020,PISA,mathematics,mother_education_level,OTHER,parental_education,other,,positive,Math achievement status (low/medium/high),student,1.0,4422.0,False,False,low
20,Analysis of Factors Effecting PISA 2015 Mathematics Literacy via Educational Data Mining,2020,PISA,mathematics,motivation,MOTIVATION,motivation,other,,positive,Math achievement status (low/medium/high),student,1.0,4422.0,False,False,low
20,Analysis of Factors Effecting PISA 2015 Mathematics Literacy via Educational Data Mining,2020,PISA,mathematics,epistemological_beliefs,OTHER,motivation,other,,positive,Math achievement status (low/medium/high),student,1.0,4422.0,False,False,low
21,Teachers’ team innovativeness in TALIS 2018: An empirical and simulation study using glmmLasso for multilevel data,2025,other,other,Joint activities across classes/ages (TT3G33C),SES_COMPOSITE,teacher_quality,other,,positive,Teachers’ team innovativeness (T3TEAM),school,1.0,2895.0,,False,medium
21,Teachers’ team innovativeness in TALIS 2018: An empirical and simulation study using glmmLasso for multilevel data,2025,other,other,Work with other teachers on common standards (TT3G33F),OTHER,teacher_quality,other,,positive,Teachers’ team innovativeness (T3TEAM),school,1.0,2895.0,,False,medium
21,Teachers’ team innovativeness in TALIS 2018: An empirical and simulation study using glmmLasso for multilevel data,2025,other,other,Attend team conferences (TT3G33G),OTHER,teacher_quality,other,,positive,Teachers’ team innovativeness (T3TEAM),school,1.0,2895.0,,False,medium
21,Teachers’ team innovativeness in TALIS 2018: An empirical and simulation study using glmmLasso for multilevel data,2025,other,other,Self-efficacy: motivate low-interest students (TT3G34E),MOTIVATION,self_efficacy,other,,positive,Teachers’ team innovativeness (T3TEAM),school,1.0,2895.0,,False,medium
21,Teachers’ team innovativeness in TALIS 2018: An empirical and simulation study using glmmLasso for multilevel data,2025,other,other,Shared responsibility for school issues (TT3G48D),OTHER,school_climate,other,,positive,Teachers’ team innovativeness (T3TEAM),school,1.0,2895.0,,False,medium
24,Why do East Asian students do so well in mathematics? A machine learning study,2022,TIMSS,mathematics,Students confident in mathematics,OTHER,motivation,R2,0.49,positive,Mathematics achievement,student,5.0,21340.0,True,False,medium
24,Why do East Asian students do so well in mathematics? A machine learning study,2022,TIMSS,mathematics,Student socioeconomic status (SES),SES_COMPOSITE,SES,R2,0.49,positive,Mathematics achievement,student,5.0,21340.0,True,False,medium
24,Why do East Asian students do so well in mathematics? A machine learning study,2022,TIMSS,mathematics,School emphasis on academic success,OTHER,school_climate,R2,0.49,positive,Mathematics achievement,school,5.0,21340.0,True,False,medium
24,Why do East Asian students do so well in mathematics? A machine learning study,2022,TIMSS,mathematics,Teaching limited by student needs,OTHER,teacher_quality,R2,0.49,negative,Mathematics achievement,school,5.0,21340.0,True,False,medium
24,Why do East Asian students do so well in mathematics? A machine learning study,2022,TIMSS,mathematics,Students value mathematics,OTHER,motivation,R2,0.49,positive,Mathematics achievement,student,5.0,21340.0,True,False,medium
25,Algorithmic Fairness in Automatic Short Answer Scoring,2025,PISA,reading,Gender,GENDER,gender,other,0.0,,Automatic-vs-human scoring bias (demographic disparity) for gender and language groups,student,1.0,4060.0,False,False,medium
25,Algorithmic Fairness in Automatic Short Answer Scoring,2025,PISA,reading,Language spoken at home,AGE_GRADE,other,other,-0.011,negative,Automatic-vs-human scoring bias (demographic disparity) for gender and language groups,student,1.0,4060.0,False,False,medium
26,Inequality of Opportunity in Education in Spanish Regions: A Machine Learning Approach,2025,PISA,science,Number of books at home,HOME_RESOURCES,SES/home_resources,R2,0.43,positive,Inequality of opportunity in science achievement (IOpE),student,1.0,,True,False,medium
26,Inequality of Opportunity in Education in Spanish Regions: A Machine Learning Approach,2025,PISA,science,Household cultural possessions,SES_COMPOSITE,SES/home_resources,R2,0.43,positive,Inequality of opportunity in science achievement (IOpE),student,1.0,,True,False,medium
26,Inequality of Opportunity in Education in Spanish Regions: A Machine Learning Approach,2025,PISA,science,Mother occupation,OTHER,SES/home_resources,R2,0.43,positive,Inequality of opportunity in science achievement (IOpE),student,1.0,,True,False,medium
26,Inequality of Opportunity in Education in Spanish Regions: A Machine Learning Approach,2025,PISA,science,Father occupation,OTHER,SES/home_resources,R2,0.43,positive,Inequality of opportunity in science achievement (IOpE),student,1.0,,True,False,medium
26,Inequality of Opportunity in Education in Spanish Regions: A Machine Learning Approach,2025,PISA,science,Household wealth index,OTHER,SES/home_resources,R2,0.43,positive,Inequality of opportunity in science achievement (IOpE),student,1.0,,True,False,medium
27,A study on factors influencing digital sports participation among Chinese secondary school students based on explainable machine learning,2025,PISA,other,Academic performance (PV-based),OTHER,prior_achievement,other,,negative,Digital Sports participation (binary),student,1.0,4925.0,False,False,medium
27,A study on factors influencing digital sports participation among Chinese secondary school students based on explainable machine learning,2025,PISA,other,Weekly number of PE days,OTHER,instructional_time,other,,positive,Digital Sports participation (binary),student,1.0,4925.0,False,False,medium
27,A study on factors influencing digital sports participation among Chinese secondary school students based on explainable machine learning,2025,PISA,other,ICT available at home,ICT_ACCESS,ICT,other,,positive,Digital Sports participation (binary),student,1.0,4925.0,False,False,medium
27,A study on factors influencing digital sports participation among Chinese secondary school students based on explainable machine learning,2025,PISA,other,ICT available at school,ICT_ACCESS,ICT,other,,positive,Digital Sports participation (binary),student,1.0,4925.0,False,False,medium
27,A study on factors influencing digital sports participation among Chinese secondary school students based on explainable machine learning,2025,PISA,other,ICT social perception,ICT_ACCESS,ICT,other,,positive,Digital Sports participation (binary),student,1.0,4925.0,False,False,medium
28,Combining machine translation and automated scoring in international large-scale assessments,2024,TIMSS,science,Machine translation engine,OTHER,ICT,F1,0.88,positive,Automated item scoring agreement (human vs machine),student,8.0,4517.0,,False,medium
28,Combining machine translation and automated scoring in international large-scale assessments,2024,TIMSS,science,Response language (original),AGE_GRADE,other,F1,0.88,positive,Automated item scoring agreement (human vs machine),student,8.0,4517.0,,False,medium
28,Combining machine translation and automated scoring in international large-scale assessments,2024,TIMSS,science,Constructed-response item,OTHER,other,F1,0.88,positive,Automated item scoring agreement (human vs machine),student,8.0,4517.0,,False,medium
28,Combining machine translation and automated scoring in international large-scale assessments,2024,TIMSS,science,Country context,OTHER,other,F1,0.88,positive,Automated item scoring agreement (human vs machine),student,8.0,4517.0,,False,medium
28,Combining machine translation and automated scoring in international large-scale assessments,2024,TIMSS,science,Machine translation engine,OTHER,ICT,r_correlation,0.33,positive,Psychometric similarity of machine scores (AITC and item difficulty),student,8.0,4517.0,,False,medium
28,Combining machine translation and automated scoring in international large-scale assessments,2024,TIMSS,science,Constructed-response item,OTHER,other,r_correlation,0.33,positive,Psychometric similarity of machine scores (AITC and item difficulty),student,8.0,4517.0,,False,medium
28,Combining machine translation and automated scoring in international large-scale assessments,2024,TIMSS,science,Country context,OTHER,other,r_correlation,0.33,positive,Psychometric similarity of machine scores (AITC and item difficulty),student,8.0,4517.0,,False,medium
28,Combining machine translation and automated scoring in international large-scale assessments,2024,TIMSS,science,Response language (original),AGE_GRADE,other,r_correlation,0.33,positive,Psychometric similarity of machine scores (AITC and item difficulty),student,8.0,4517.0,,False,medium
29,Applying Machine Learning and SHAP Method to Identify Key Influences on Middle-School Students’ Mathematics Literacy Performance,2024,PISA,mathematics,Math self-efficacy,SELF_EFFICACY,self_efficacy,R2,0.6,positive,Mathematics literacy (PV1MATH),student,6.0,34495.0,False,False,medium
29,Applying Machine Learning and SHAP Method to Identify Key Influences on Middle-School Students’ Mathematics Literacy Performance,2024,PISA,mathematics,Expected occupational status,OTHER,motivation,R2,0.6,positive,Mathematics literacy (PV1MATH),student,6.0,34495.0,False,False,medium
29,Applying Machine Learning and SHAP Method to Identify Key Influences on Middle-School Students’ Mathematics Literacy Performance,2024,PISA,mathematics,Socioeconomic status (ESCS),SES_COMPOSITE,SES,R2,0.6,positive,Mathematics literacy (PV1MATH),student,6.0,34495.0,False,False,medium
29,Applying Machine Learning and SHAP Method to Identify Key Influences on Middle-School Students’ Mathematics Literacy Performance,2024,PISA,mathematics,Weekend ICT leisure frequency,ICT_ACCESS,ICT,R2,0.6,positive,Mathematics literacy (PV1MATH),student,6.0,34495.0,False,False,medium
29,Applying Machine Learning and SHAP Method to Identify Key Influences on Middle-School Students’ Mathematics Literacy Performance,2024,PISA,mathematics,Math anxiety,ANXIETY,anxiety,R2,0.6,negative,Mathematics literacy (PV1MATH),student,6.0,34495.0,False,False,medium
3,Investigating response behavior through TF-IDF and Word2vec text analysis: A case study of PISA 2012 problem-solving process data,2024,PISA,other,VOTAT navigation behavior,OTHER,other,F1,0.8419,positive,Correct answer (binary 0/1),student,,16763.0,False,False,low
3,Investigating response behavior through TF-IDF and Word2vec text analysis: A case study of PISA 2012 problem-solving process data,2024,PISA,other,Sequence length,OTHER,other,F1,0.8419,positive,Correct answer (binary 0/1),student,,16763.0,False,False,low
3,Investigating response behavior through TF-IDF and Word2vec text analysis: A case study of PISA 2012 problem-solving process data,2024,PISA,other,Reset frequency,OTHER,other,F1,0.8419,positive,Correct answer (binary 0/1),student,,16763.0,False,False,low
3,Investigating response behavior through TF-IDF and Word2vec text analysis: A case study of PISA 2012 problem-solving process data,2024,PISA,other,0_0_0 behavior usage,AGE_GRADE,other,F1,0.8419,positive,Correct answer (binary 0/1),student,,16763.0,False,False,low
30,Understanding Students’ Subjective and Eudaimonic Well-Being: Combining both Machine Learning and Classical Statistics,2023,PISA,other,Sense of belonging to school,BELONGING,belonging,R2,0.1915,positive,Positive affect (SWBP),student,1.0,6037.0,,False,medium
30,Understanding Students’ Subjective and Eudaimonic Well-Being: Combining both Machine Learning and Classical Statistics,2023,PISA,other,Resilience,OTHER,motivation,R2,0.1915,positive,Positive affect (SWBP),student,1.0,6037.0,,False,medium
30,Understanding Students’ Subjective and Eudaimonic Well-Being: Combining both Machine Learning and Classical Statistics,2023,PISA,other,Parents’ emotional support,PARENTAL_EDUCATION,SES,R2,0.1915,positive,Positive affect (SWBP),student,1.0,6037.0,,False,medium
30,Understanding Students’ Subjective and Eudaimonic Well-Being: Combining both Machine Learning and Classical Statistics,2023,PISA,other,Teacher support,TEACHER_QUALITY,teacher_quality,R2,0.1915,positive,Positive affect (SWBP),student,1.0,6037.0,,False,medium
30,Understanding Students’ Subjective and Eudaimonic Well-Being: Combining both Machine Learning and Classical Statistics,2023,PISA,other,Perceived teacher interest,MOTIVATION,teacher_quality,R2,0.1915,positive,Positive affect (SWBP),student,1.0,6037.0,,False,medium
30,Understanding Students’ Subjective and Eudaimonic Well-Being: Combining both Machine Learning and Classical Statistics,2023,PISA,other,General fear of failure,OTHER,anxiety,R2,,positive,Negative affect (SWBN),student,1.0,6037.0,,False,medium
30,Understanding Students’ Subjective and Eudaimonic Well-Being: Combining both Machine Learning and Classical Statistics,2023,PISA,other,Sense of belonging to school,BELONGING,belonging,R2,,negative,Negative affect (SWBN),student,1.0,6037.0,,False,medium
30,Understanding Students’ Subjective and Eudaimonic Well-Being: Combining both Machine Learning and Classical Statistics,2023,PISA,other,Resilience,OTHER,motivation,R2,,negative,Negative affect (SWBN),student,1.0,6037.0,,False,medium
30,Understanding Students’ Subjective and Eudaimonic Well-Being: Combining both Machine Learning and Classical Statistics,2023,PISA,other,Perception of cooperation at school,OTHER,school_climate,R2,,negative,Negative affect (SWBN),student,1.0,6037.0,,False,medium
31,Predicting the Mathematics Literacy of Resilient Students from High‐performing Economies: A Machine Learning Approach,2024,PISA,mathematics,Mathematics self-efficacy (21st-century),SELF_EFFICACY,self_efficacy,R2,0.35,positive,Mathematics literacy (Plausible Values 1–10),student,6.0,1163.0,True,True,high
31,Predicting the Mathematics Literacy of Resilient Students from High‐performing Economies: A Machine Learning Approach,2024,PISA,mathematics,Mathematics self-efficacy (formal/applied),SELF_EFFICACY,self_efficacy,R2,0.28,positive,Mathematics literacy (Plausible Values 1–10),student,6.0,1163.0,True,True,high
31,Predicting the Mathematics Literacy of Resilient Students from High‐performing Economies: A Machine Learning Approach,2024,PISA,mathematics,Mathematics anxiety,ANXIETY,anxiety,R2,0.15,negative,Mathematics literacy (Plausible Values 1–10),student,6.0,1163.0,True,True,high
31,Predicting the Mathematics Literacy of Resilient Students from High‐performing Economies: A Machine Learning Approach,2024,PISA,mathematics,Motivation for math compared,PARENTAL_EDUCATION,motivation,R2,0.22,positive,Mathematics literacy (Plausible Values 1–10),student,6.0,1163.0,True,True,high
32,Student well-being and mathematical literacy performance in PISA 2018: a machine-learning approach,2024,PISA,mathematics,Talk to mother’s partner when bothered,OTHER,other,R2,0.66912,positive,Mathematical literacy achievement (PVs),student,1.0,35943.0,True,False,medium
32,Student well-being and mathematical literacy performance in PISA 2018: a machine-learning approach,2024,PISA,mathematics,Talk to father’s partner when bothered,OTHER,other,R2,0.66912,positive,Mathematical literacy achievement (PVs),student,1.0,35943.0,True,False,medium
32,Student well-being and mathematical literacy performance in PISA 2018: a machine-learning approach,2024,PISA,mathematics,Days with friends after school,OTHER,other,R2,0.66912,positive,Mathematical literacy achievement (PVs),student,1.0,35943.0,True,False,medium
32,Student well-being and mathematical literacy performance in PISA 2018: a machine-learning approach,2024,PISA,mathematics,Moderate physical activity days,OTHER,other,R2,0.66912,positive,Mathematical literacy achievement (PVs),student,1.0,35943.0,True,False,medium
32,Student well-being and mathematical literacy performance in PISA 2018: a machine-learning approach,2024,PISA,mathematics,Satisfaction with material resources,OTHER,SES,R2,0.66912,positive,Mathematical literacy achievement (PVs),student,1.0,35943.0,True,False,medium
32,Student well-being and mathematical literacy performance in PISA 2018: a machine-learning approach,2024,PISA,mathematics,Student ESCS,SES_COMPOSITE,SES,R2,0.66912,positive,Mathematical literacy achievement (PVs),student,1.0,35943.0,True,False,medium
32,Student well-being and mathematical literacy performance in PISA 2018: a machine-learning approach,2024,PISA,mathematics,School average ESCS,SES_COMPOSITE,SES,R2,0.66912,positive,Mathematical literacy achievement (PVs),school,1.0,35943.0,True,False,medium
32,Student well-being and mathematical literacy performance in PISA 2018: a machine-learning approach,2024,PISA,mathematics,Talk to teacher when bothered,OTHER,other,R2,0.66912,positive,Mathematical literacy achievement (PVs),student,1.0,35943.0,True,False,medium
33,Little and often: Causal inference machine learning demonstrates the benefits of homework for improving achievement in mathematics and science,2024,TIMSS,mathematics,Homework frequency: 3 or 4 times/week,INSTRUCTIONAL_TIME,other,other,2.88,positive,Mathematics achievement (Plausible Values),student,1.0,4118.0,True,True,high
33,Little and often: Causal inference machine learning demonstrates the benefits of homework for improving achievement in mathematics and science,2024,TIMSS,mathematics,Homework frequency: Every day,INSTRUCTIONAL_TIME,other,other,7.51,positive,Mathematics achievement (Plausible Values),student,1.0,4118.0,True,True,high
33,Little and often: Causal inference machine learning demonstrates the benefits of homework for improving achievement in mathematics and science,2024,TIMSS,mathematics,Homework duration: 16–30 min,INSTRUCTIONAL_TIME,other,other,-0.98,negative,Mathematics achievement (Plausible Values),student,1.0,4118.0,True,True,high
33,Little and often: Causal inference machine learning demonstrates the benefits of homework for improving achievement in mathematics and science,2024,TIMSS,mathematics,Homework duration: >30 min,INSTRUCTIONAL_TIME,other,other,0.12,positive,Mathematics achievement (Plausible Values),student,1.0,4118.0,True,True,high
33,Little and often: Causal inference machine learning demonstrates the benefits of homework for improving achievement in mathematics and science,2024,TIMSS,science,Homework frequency: 3 or 4 times/week,INSTRUCTIONAL_TIME,other,other,5.34,positive,Science achievement (Plausible Values),student,1.0,4118.0,True,True,high
33,Little and often: Causal inference machine learning demonstrates the benefits of homework for improving achievement in mathematics and science,2024,TIMSS,science,Homework frequency: Every day,INSTRUCTIONAL_TIME,other,other,-1.94,negative,Science achievement (Plausible Values),student,1.0,4118.0,True,True,high
33,Little and often: Causal inference machine learning demonstrates the benefits of homework for improving achievement in mathematics and science,2024,TIMSS,science,Homework duration: 16–30 min,INSTRUCTIONAL_TIME,other,other,1.8,positive,Science achievement (Plausible Values),student,1.0,4118.0,True,True,high
33,Little and often: Causal inference machine learning demonstrates the benefits of homework for improving achievement in mathematics and science,2024,TIMSS,science,Homework duration: >30 min,INSTRUCTIONAL_TIME,other,other,3.27,positive,Science achievement (Plausible Values),student,1.0,4118.0,True,True,high
35,An evaluation of tiered machine learning framework to predict science achievement among Singapore students,2023,TIMSS,science,Socioeconomic status (parents),SES_COMPOSITE,SES,accuracy,57.47,positive,Science achievement class (5 categories),student,1.0,4853.0,,False,medium
35,An evaluation of tiered machine learning framework to predict science achievement among Singapore students,2023,TIMSS,science,Confidence in science,OTHER,motivation,accuracy,57.47,positive,Science achievement class (5 categories),student,1.0,4853.0,,False,medium
35,An evaluation of tiered machine learning framework to predict science achievement among Singapore students,2023,TIMSS,science,Valuing science,OTHER,motivation,accuracy,57.47,positive,Science achievement class (5 categories),student,1.0,4853.0,,False,medium
36,Uncovering student profiles. An explainable cluster analysis approach to PISA 2022,2024,PISA,other,Socioeconomic status (ESCS),SES_COMPOSITE,SES,R2,,positive,academic performance,student,1.0,30800.0,False,False,low
36,Uncovering student profiles. An explainable cluster analysis approach to PISA 2022,2024,PISA,other,Gender,GENDER,gender,R2,,mixed,academic performance,student,1.0,30800.0,False,False,low
36,Uncovering student profiles. An explainable cluster analysis approach to PISA 2022,2024,PISA,other,Highest parental education,PARENTAL_EDUCATION,parental_education,R2,,positive,academic performance,student,1.0,30800.0,False,False,low
36,Uncovering student profiles. An explainable cluster analysis approach to PISA 2022,2024,PISA,other,Sense of belonging,BELONGING,belonging,R2,,positive,academic performance,student,1.0,30800.0,False,False,low
36,Uncovering student profiles. An explainable cluster analysis approach to PISA 2022,2024,PISA,other,Teacher support (math),TEACHER_QUALITY,teacher_quality,R2,,positive,academic performance,student,1.0,30800.0,False,False,low
38,Do School Activities Foster Creative Thinking? An Analysis of PISA Results,2025,PISA,other,Verbal/critical activities composite,OTHER,other,r_correlation,-0.852,negative,Creative thinking mean score (PISA 2022),country,54.0,,,False,medium
38,Do School Activities Foster Creative Thinking? An Analysis of PISA Results,2025,PISA,other,Verbal/critical activities composite,OTHER,other,R2,0.721,negative,Creative thinking mean score (PISA 2022),country,54.0,,,False,medium
38,Do School Activities Foster Creative Thinking? An Analysis of PISA Results,2025,PISA,other,Verbal/critical activities composite + Art/music activities composite,OTHER,other,r_correlation,0.881,mixed,Creative thinking mean score (PISA 2022),country,54.0,,,False,medium
38,Do School Activities Foster Creative Thinking? An Analysis of PISA Results,2025,PISA,other,Verbal/critical activities composite + Art/music activities composite,OTHER,other,R2,0.768,mixed,Creative thinking mean score (PISA 2022),country,54.0,,,False,medium
38,Do School Activities Foster Creative Thinking? An Analysis of PISA Results,2025,PISA,science,Reading score (PISA 2022),OTHER,prior_achievement,r_correlation,0.884,positive,Scientific problem-solving domain score (PISA 2022),country,54.0,,,False,medium
38,Do School Activities Foster Creative Thinking? An Analysis of PISA Results,2025,PISA,science,Reading score (PISA 2022),OTHER,prior_achievement,R2,0.777,positive,Scientific problem-solving domain score (PISA 2022),country,54.0,,,False,medium
38,Do School Activities Foster Creative Thinking? An Analysis of PISA Results,2025,PISA,science,Weekly science club participation,OTHER,other,r_correlation,-0.666,negative,Scientific problem-solving domain score (PISA 2022),country,54.0,,,False,medium
38,Do School Activities Foster Creative Thinking? An Analysis of PISA Results,2025,PISA,science,Weekly programming activity participation,OTHER,other,r_correlation,-0.438,negative,Scientific problem-solving domain score (PISA 2022),country,54.0,,,False,medium
39,Unfolding key factors of resilience in ICT cognitive-motivational engagement: Global evidence from machine learning techniques,2025,PISA,other,ICT use outside school,ICT_ACCESS,ICT,F1,0.8778,positive,Resilience in ICT engagement (IRS vs NRS),student,53.0,68959.0,,False,medium
39,Unfolding key factors of resilience in ICT cognitive-motivational engagement: Global evidence from machine learning techniques,2025,PISA,other,ICT resources at home,ICT_ACCESS,ICT,F1,0.8778,positive,Resilience in ICT engagement (IRS vs NRS),student,53.0,68959.0,,False,medium
39,Unfolding key factors of resilience in ICT cognitive-motivational engagement: Global evidence from machine learning techniques,2025,PISA,other,Self-efficacy,SELF_EFFICACY,self_efficacy,F1,0.8778,positive,Resilience in ICT engagement (IRS vs NRS),student,53.0,68959.0,,False,medium
39,Unfolding key factors of resilience in ICT cognitive-motivational engagement: Global evidence from machine learning techniques,2025,PISA,other,Gender,GENDER,gender,F1,0.8778,positive,Resilience in ICT engagement (IRS vs NRS),student,53.0,68959.0,,False,medium
39,Unfolding key factors of resilience in ICT cognitive-motivational engagement: Global evidence from machine learning techniques,2025,PISA,other,Parents’ emotional support,PARENTAL_EDUCATION,SES,F1,0.8778,positive,Resilience in ICT engagement (IRS vs NRS),student,53.0,68959.0,,False,medium
4,Identifying key features of resilient students in digital reading: Insights from a machine learning approach,2023,PISA,reading,Assess credibility metacognition,SES_COMPOSITE,motivation,AUC,0.9486,positive,Academic resilience classification (ARS vs NRS; binary),student,7.0,11496.0,,False,medium
4,Identifying key features of resilient students in digital reading: Insights from a machine learning approach,2023,PISA,reading,Summarizing metacognition,OTHER,motivation,AUC,0.9486,positive,Academic resilience classification (ARS vs NRS; binary),student,7.0,11496.0,,False,medium
4,Identifying key features of resilient students in digital reading: Insights from a machine learning approach,2023,PISA,reading,Reading enjoyment,MOTIVATION,motivation,AUC,0.9486,positive,Academic resilience classification (ARS vs NRS; binary),student,7.0,11496.0,,False,medium
4,Identifying key features of resilient students in digital reading: Insights from a machine learning approach,2023,PISA,reading,ICT resources at home,ICT_ACCESS,ICT,AUC,0.9486,positive,Academic resilience classification (ARS vs NRS; binary),student,7.0,11496.0,,False,medium
4,Identifying key features of resilient students in digital reading: Insights from a machine learning approach,2023,PISA,reading,Teacher feedback,TEACHER_QUALITY,teacher_quality,AUC,0.9486,positive,Academic resilience classification (ARS vs NRS; binary),student,7.0,11496.0,,False,medium
40,Exploring Influencing Factors at Student and Teacher/School levels on Science Self-efficacy Using Machine Learning and Multilevel Latent Profile Analysis,2024,PISA,science,Environmental awareness,OTHER,motivation,R2,0.356,positive,Science self-efficacy (WLE index),student,5.0,28886.0,False,False,medium
40,Exploring Influencing Factors at Student and Teacher/School levels on Science Self-efficacy Using Machine Learning and Multilevel Latent Profile Analysis,2024,PISA,science,Index science activities,OTHER,motivation,R2,0.356,positive,Science self-efficacy (WLE index),student,5.0,28886.0,False,False,medium
40,Exploring Influencing Factors at Student and Teacher/School levels on Science Self-efficacy Using Machine Learning and Multilevel Latent Profile Analysis,2024,PISA,science,Epistemological beliefs,OTHER,motivation,R2,0.356,positive,Science self-efficacy (WLE index),student,5.0,28886.0,False,False,medium
40,Exploring Influencing Factors at Student and Teacher/School levels on Science Self-efficacy Using Machine Learning and Multilevel Latent Profile Analysis,2024,PISA,science,Interest in broad science topics,MOTIVATION,motivation,R2,0.356,positive,Science self-efficacy (WLE index),student,5.0,28886.0,False,False,medium
40,Exploring Influencing Factors at Student and Teacher/School levels on Science Self-efficacy Using Machine Learning and Multilevel Latent Profile Analysis,2024,PISA,science,Test anxiety,ANXIETY,anxiety,R2,0.356,negative,Science self-efficacy (WLE index),student,5.0,28886.0,False,False,medium
40,Exploring Influencing Factors at Student and Teacher/School levels on Science Self-efficacy Using Machine Learning and Multilevel Latent Profile Analysis,2024,PISA,science,Science-specific resources,OTHER,school_resources,R2,0.041,positive,Science self-efficacy (WLE index),school,5.0,28886.0,False,False,medium
40,Exploring Influencing Factors at Student and Teacher/School levels on Science Self-efficacy Using Machine Learning and Multilevel Latent Profile Analysis,2024,PISA,science,Instructional leadership,OTHER,teacher_quality,R2,0.041,positive,Science self-efficacy (WLE index),school,5.0,28886.0,False,False,medium
40,Exploring Influencing Factors at Student and Teacher/School levels on Science Self-efficacy Using Machine Learning and Multilevel Latent Profile Analysis,2024,PISA,science,Student-teacher ratio,SCHOOL_RESOURCES,school_resources,R2,0.041,negative,Science self-efficacy (WLE index),school,5.0,28886.0,False,False,medium
40,Exploring Influencing Factors at Student and Teacher/School levels on Science Self-efficacy Using Machine Learning and Multilevel Latent Profile Analysis,2024,PISA,science,Class size,SCHOOL_RESOURCES,school_resources,R2,0.041,negative,Science self-efficacy (WLE index),school,5.0,28886.0,False,False,medium
40,Exploring Influencing Factors at Student and Teacher/School levels on Science Self-efficacy Using Machine Learning and Multilevel Latent Profile Analysis,2024,PISA,science,Total science teachers at school,OTHER,school_resources,R2,0.041,positive,Science self-efficacy (WLE index),school,5.0,28886.0,False,False,medium
41,"Machine learning procedures for predictor variable selection for schoolwork‑related anxiety: evidence from PISA 2015 mathematics, reading, and science assessments",2022,PISA,mathematics,PV1MATH,OTHER,prior_achievement,standardized_beta,,positive,ANXTEST,student,1.0,5593.0,True,True,medium
41,"Machine learning procedures for predictor variable selection for schoolwork‑related anxiety: evidence from PISA 2015 mathematics, reading, and science assessments",2022,PISA,reading,PV1READ,OTHER,prior_achievement,standardized_beta,,positive,ANXTEST,student,1.0,5593.0,True,True,medium
41,"Machine learning procedures for predictor variable selection for schoolwork‑related anxiety: evidence from PISA 2015 mathematics, reading, and science assessments",2022,PISA,science,PV1SCIE,OTHER,prior_achievement,standardized_beta,,positive,ANXTEST,student,1.0,5593.0,True,True,medium
42,What Are the Best Predictors of STEM Competences in PISA 2018? An Analysis of the Spanish Context Using Data Mining,2025,PISA,mathematics,ICT access and use,ICT_ACCESS,ICT,R2,0.561,positive,Mathematics achievement (averaged PISA-derived variables),student,1.0,35943.0,False,False,medium
42,What Are the Best Predictors of STEM Competences in PISA 2018? An Analysis of the Spanish Context Using Data Mining,2025,PISA,mathematics,Student well-being,OTHER,other,R2,0.561,positive,Mathematics achievement (averaged PISA-derived variables),student,1.0,35943.0,False,False,medium
42,What Are the Best Predictors of STEM Competences in PISA 2018? An Analysis of the Spanish Context Using Data Mining,2025,PISA,mathematics,Supportive school context,OTHER,school_climate,R2,0.561,positive,Mathematics achievement (averaged PISA-derived variables),student,1.0,35943.0,False,False,medium
42,What Are the Best Predictors of STEM Competences in PISA 2018? An Analysis of the Spanish Context Using Data Mining,2025,PISA,mathematics,Household possessions and background,SES_COMPOSITE,SES,R2,0.561,positive,Mathematics achievement (averaged PISA-derived variables),student,1.0,35943.0,False,False,medium
42,What Are the Best Predictors of STEM Competences in PISA 2018? An Analysis of the Spanish Context Using Data Mining,2025,PISA,mathematics,Metacognition,OTHER,other,R2,0.561,positive,Mathematics achievement (averaged PISA-derived variables),student,1.0,35943.0,False,False,medium
43,Predicting adolescents’ environmental action: From individual to national-level factors using an explainable machine learning approach,2025,PISA,other,Environmental attitude,OTHER,motivation,accuracy,0.7,positive,Private-sphere environmental actions,student,66.0,420339.0,,False,medium
43,Predicting adolescents’ environmental action: From individual to national-level factors using an explainable machine learning approach,2025,PISA,other,Environmental attitude,OTHER,motivation,F1,0.702,positive,Private-sphere environmental actions,student,66.0,420339.0,,False,medium
43,Predicting adolescents’ environmental action: From individual to national-level factors using an explainable machine learning approach,2025,PISA,other,Environmental attitude,OTHER,motivation,AUC,0.767,positive,Private-sphere environmental actions,student,66.0,420339.0,,False,medium
43,Predicting adolescents’ environmental action: From individual to national-level factors using an explainable machine learning approach,2025,PISA,other,Critical thinking,OTHER,motivation,accuracy,0.7,positive,Private-sphere environmental actions,student,66.0,420339.0,,False,medium
43,Predicting adolescents’ environmental action: From individual to national-level factors using an explainable machine learning approach,2025,PISA,other,Critical thinking,OTHER,motivation,F1,0.702,positive,Private-sphere environmental actions,student,66.0,420339.0,,False,medium
43,Predicting adolescents’ environmental action: From individual to national-level factors using an explainable machine learning approach,2025,PISA,other,Critical thinking,OTHER,motivation,AUC,0.767,positive,Private-sphere environmental actions,student,66.0,420339.0,,False,medium
43,Predicting adolescents’ environmental action: From individual to national-level factors using an explainable machine learning approach,2025,PISA,other,Climate-change explanatory capacity,OTHER,motivation,accuracy,0.7,positive,Private-sphere environmental actions,student,66.0,420339.0,,False,medium
43,Predicting adolescents’ environmental action: From individual to national-level factors using an explainable machine learning approach,2025,PISA,other,Climate-change explanatory capacity,OTHER,motivation,F1,0.702,positive,Private-sphere environmental actions,student,66.0,420339.0,,False,medium
43,Predicting adolescents’ environmental action: From individual to national-level factors using an explainable machine learning approach,2025,PISA,other,Climate-change explanatory capacity,OTHER,motivation,AUC,0.767,positive,Private-sphere environmental actions,student,66.0,420339.0,,False,medium
43,Predicting adolescents’ environmental action: From individual to national-level factors using an explainable machine learning approach,2025,PISA,other,School collaboration atmosphere,OTHER,school_climate,accuracy,0.7,positive,Private-sphere environmental actions,student,66.0,420339.0,,False,medium
43,Predicting adolescents’ environmental action: From individual to national-level factors using an explainable machine learning approach,2025,PISA,other,School collaboration atmosphere,OTHER,school_climate,F1,0.702,positive,Private-sphere environmental actions,student,66.0,420339.0,,False,medium
43,Predicting adolescents’ environmental action: From individual to national-level factors using an explainable machine learning approach,2025,PISA,other,School collaboration atmosphere,OTHER,school_climate,AUC,0.767,positive,Private-sphere environmental actions,student,66.0,420339.0,,False,medium
43,Predicting adolescents’ environmental action: From individual to national-level factors using an explainable machine learning approach,2025,PISA,other,Sense of life meaning,OTHER,motivation,accuracy,0.7,positive,Private-sphere environmental actions,student,66.0,420339.0,,False,medium
43,Predicting adolescents’ environmental action: From individual to national-level factors using an explainable machine learning approach,2025,PISA,other,Sense of life meaning,OTHER,motivation,F1,0.702,positive,Private-sphere environmental actions,student,66.0,420339.0,,False,medium
43,Predicting adolescents’ environmental action: From individual to national-level factors using an explainable machine learning approach,2025,PISA,other,Sense of life meaning,OTHER,motivation,AUC,0.767,positive,Private-sphere environmental actions,student,66.0,420339.0,,False,medium
44,Combining statistical and machine learning methods to explore German students’ attitudes towards ICT,2021,PISA,mathematics,ICT autonomy,ICT_ACCESS,ICT,AUC,0.6744,positive,Mathematics proficiency level (categorical),student,1.0,5411.0,False,False,medium
44,Combining statistical and machine learning methods to explore German students’ attitudes towards ICT,2021,PISA,mathematics,Socioeconomic status (ESCS),SES_COMPOSITE,SES,AUC,0.6744,positive,Mathematics proficiency level (categorical),student,1.0,5411.0,False,False,medium
44,Combining statistical and machine learning methods to explore German students’ attitudes towards ICT,2021,PISA,mathematics,Gender,GENDER,gender,AUC,0.6744,positive,Mathematics proficiency level (categorical),student,1.0,5411.0,False,False,medium
44,Combining statistical and machine learning methods to explore German students’ attitudes towards ICT,2021,PISA,mathematics,ICT interest,MOTIVATION,ICT,AUC,0.6744,positive,Mathematics proficiency level (categorical),student,1.0,5411.0,False,False,medium
44,Combining statistical and machine learning methods to explore German students’ attitudes towards ICT,2021,PISA,mathematics,ICT competence,ICT_ACCESS,ICT,AUC,0.6744,positive,Mathematics proficiency level (categorical),student,1.0,5411.0,False,False,medium
44,Combining statistical and machine learning methods to explore German students’ attitudes towards ICT,2021,PISA,science,ICT autonomy,ICT_ACCESS,ICT,AUC,0.7166,positive,Science proficiency level (categorical),student,1.0,5411.0,False,False,medium
44,Combining statistical and machine learning methods to explore German students’ attitudes towards ICT,2021,PISA,science,Socioeconomic status (ESCS),SES_COMPOSITE,SES,AUC,0.7166,positive,Science proficiency level (categorical),student,1.0,5411.0,False,False,medium
44,Combining statistical and machine learning methods to explore German students’ attitudes towards ICT,2021,PISA,science,Gender,GENDER,gender,AUC,0.7166,positive,Science proficiency level (categorical),student,1.0,5411.0,False,False,medium
44,Combining statistical and machine learning methods to explore German students’ attitudes towards ICT,2021,PISA,science,ICT interest,MOTIVATION,ICT,AUC,0.7166,positive,Science proficiency level (categorical),student,1.0,5411.0,False,False,medium
44,Combining statistical and machine learning methods to explore German students’ attitudes towards ICT,2021,PISA,science,ICT competence,ICT_ACCESS,ICT,AUC,0.7166,positive,Science proficiency level (categorical),student,1.0,5411.0,False,False,medium
44,Combining statistical and machine learning methods to explore German students’ attitudes towards ICT,2021,PISA,mathematics,ICT autonomy,ICT_ACCESS,ICT,standardized_beta,,positive,Mathematical literacy (continuous; PV-based),student,1.0,5411.0,True,True,high
44,Combining statistical and machine learning methods to explore German students’ attitudes towards ICT,2021,PISA,mathematics,ICT in social interaction,ICT_ACCESS,ICT,standardized_beta,,negative,Mathematical literacy (continuous; PV-based),student,1.0,5411.0,True,True,high
45,Stacking: An ensemble learning approach to predict student performance in pisa 2022,2024,PISA,mathematics,Stacking,OTHER,other,other,0.1,positive,Mathematics achievement (PVs),country,80.0,,False,False,medium
45,Stacking: An ensemble learning approach to predict student performance in pisa 2022,2024,PISA,reading,Stacking,OTHER,other,other,0.1,positive,Reading achievement (PVs),country,80.0,,False,False,medium
45,Stacking: An ensemble learning approach to predict student performance in pisa 2022,2024,PISA,science,Stacking,OTHER,other,other,0.1,positive,Science achievement (PVs),country,80.0,,False,False,medium
46,"Examining ICT attitudes, use and support in blended learning settings for students’ reading performance: Approaches of artificial intelligence and multilevel model",2023,PISA,reading,Interest in ICT,MOTIVATION,ICT,standardized_beta,0.15,positive,reading performance,student,32.0,152218.0,True,True,high
46,"Examining ICT attitudes, use and support in blended learning settings for students’ reading performance: Approaches of artificial intelligence and multilevel model",2023,PISA,reading,Perceived ICT competence,ICT_ACCESS,ICT,standardized_beta,0.12,positive,reading performance,student,32.0,152218.0,True,True,high
46,"Examining ICT attitudes, use and support in blended learning settings for students’ reading performance: Approaches of artificial intelligence and multilevel model",2023,PISA,reading,ICT autonomy,ICT_ACCESS,ICT,standardized_beta,-0.05,negative,reading performance,student,32.0,152218.0,True,True,high
46,"Examining ICT attitudes, use and support in blended learning settings for students’ reading performance: Approaches of artificial intelligence and multilevel model",2023,PISA,reading,Socioeconomic status (ESCS),SES_COMPOSITE,SES,standardized_beta,0.25,positive,reading performance,student,32.0,152218.0,True,True,high
46,"Examining ICT attitudes, use and support in blended learning settings for students’ reading performance: Approaches of artificial intelligence and multilevel model",2023,PISA,reading,Country GDP per capita,GDP_EXPENDITURE,GDP_expenditure,standardized_beta,0.1,positive,reading performance,country,32.0,152218.0,True,True,high
48,Using machine learning to predict UK and Japanese secondary students' life satisfaction in PISA 2018,2022,PISA,other,Meaning in life (EUDMO),OTHER,motivation,R2,0.187,positive,Life satisfaction (0–10 scale),student,1.0,13818.0,,False,medium
48,Using machine learning to predict UK and Japanese secondary students' life satisfaction in PISA 2018,2022,PISA,other,Motivation to master tasks (WORKMAST),MOTIVATION,motivation,R2,0.187,positive,Life satisfaction (0–10 scale),student,1.0,13818.0,,False,medium
48,Using machine learning to predict UK and Japanese secondary students' life satisfaction in PISA 2018,2022,PISA,other,Student competition (PERCOMP),OTHER,motivation,R2,0.187,positive,Life satisfaction (0–10 scale),student,1.0,13818.0,,False,medium
48,Using machine learning to predict UK and Japanese secondary students' life satisfaction in PISA 2018,2022,PISA,other,ICT resources at home and school (ICTRES),ICT_ACCESS,ICT,R2,0.187,positive,Life satisfaction (0–10 scale),student,1.0,13818.0,,False,medium
48,Using machine learning to predict UK and Japanese secondary students' life satisfaction in PISA 2018,2022,PISA,other,Exposure to bullying (BEINGBULLIED),SCHOOL_CLIMATE,school_climate,R2,0.187,negative,Life satisfaction (0–10 scale),student,1.0,13818.0,,False,medium
48,Using machine learning to predict UK and Japanese secondary students' life satisfaction in PISA 2018,2022,PISA,other,Student cooperation (PERCOOP),OTHER,motivation,R2,0.194,positive,Life satisfaction (0–10 scale),student,1.0,6109.0,,False,medium
48,Using machine learning to predict UK and Japanese secondary students' life satisfaction in PISA 2018,2022,PISA,other,Self-efficacy (RESILIENCE),SELF_EFFICACY,self_efficacy,R2,0.194,positive,Life satisfaction (0–10 scale),student,1.0,6109.0,,False,medium
48,Using machine learning to predict UK and Japanese secondary students' life satisfaction in PISA 2018,2022,PISA,other,Meaning in life (EUDMO),OTHER,motivation,R2,0.194,positive,Life satisfaction (0–10 scale),student,1.0,6109.0,,False,medium
48,Using machine learning to predict UK and Japanese secondary students' life satisfaction in PISA 2018,2022,PISA,other,Teacher support (TEACHSUP),TEACHER_QUALITY,teacher_quality,R2,0.194,positive,Life satisfaction (0–10 scale),student,1.0,6109.0,,False,medium
48,Using machine learning to predict UK and Japanese secondary students' life satisfaction in PISA 2018,2022,PISA,other,ICT resources at home and school (ICTRES),ICT_ACCESS,ICT,R2,0.194,positive,Life satisfaction (0–10 scale),student,1.0,6109.0,,False,medium
49,Contrasting Profiles of Low-Performing Mathematics Students in Public and Private Schools in the Philippines: Insights from Machine Learning,2022,PISA,mathematics,ST012Q05NA,OTHER,ICT,F1,0.65,positive,Low math performance (PV1MATH below Level 1),student,1.0,7091.0,False,False,low
49,Contrasting Profiles of Low-Performing Mathematics Students in Public and Private Schools in the Philippines: Insights from Machine Learning,2022,PISA,mathematics,ST225Q05HA,OTHER,motivation,F1,0.65,positive,Low math performance (PV1MATH below Level 1),student,1.0,7091.0,False,False,low
49,Contrasting Profiles of Low-Performing Mathematics Students in Public and Private Schools in the Philippines: Insights from Machine Learning,2022,PISA,mathematics,ST166Q02HA,OTHER,other,F1,0.65,positive,Low math performance (PV1MATH below Level 1),student,1.0,7091.0,False,False,low
49,Contrasting Profiles of Low-Performing Mathematics Students in Public and Private Schools in the Philippines: Insights from Machine Learning,2022,PISA,mathematics,HISEI,OTHER,SES,F1,0.65,positive,Low math performance (PV1MATH below Level 1),student,1.0,7091.0,False,False,low
49,Contrasting Profiles of Low-Performing Mathematics Students in Public and Private Schools in the Philippines: Insights from Machine Learning,2022,PISA,mathematics,WORKMAST,OTHER,motivation,F1,0.65,positive,Low math performance (PV1MATH below Level 1),student,1.0,7091.0,False,False,low
49,Contrasting Profiles of Low-Performing Mathematics Students in Public and Private Schools in the Philippines: Insights from Machine Learning,2022,PISA,mathematics,ST012Q05NA,OTHER,ICT,F1,0.79,positive,Low math performance (PV1MATH below Level 1),student,1.0,7091.0,False,False,low
49,Contrasting Profiles of Low-Performing Mathematics Students in Public and Private Schools in the Philippines: Insights from Machine Learning,2022,PISA,mathematics,ST225Q05HA,OTHER,motivation,F1,0.79,positive,Low math performance (PV1MATH below Level 1),student,1.0,7091.0,False,False,low
49,Contrasting Profiles of Low-Performing Mathematics Students in Public and Private Schools in the Philippines: Insights from Machine Learning,2022,PISA,mathematics,ST166Q02HA,OTHER,other,F1,0.79,positive,Low math performance (PV1MATH below Level 1),student,1.0,7091.0,False,False,low
49,Contrasting Profiles of Low-Performing Mathematics Students in Public and Private Schools in the Philippines: Insights from Machine Learning,2022,PISA,mathematics,HISEI,OTHER,SES,F1,0.79,positive,Low math performance (PV1MATH below Level 1),student,1.0,7091.0,False,False,low
49,Contrasting Profiles of Low-Performing Mathematics Students in Public and Private Schools in the Philippines: Insights from Machine Learning,2022,PISA,mathematics,PERCOOP,OTHER,school_climate,F1,0.79,positive,Low math performance (PV1MATH below Level 1),student,1.0,7091.0,False,False,low
5,Using machine learning to predict student science achievement based on science curriculum type in TIMSS 2019,2024,TIMSS,science,science curriculum type,OTHER,other,accuracy,0.78,positive,student science achievement,student,44.0,309511.0,,True,medium
5,Using machine learning to predict student science achievement based on science curriculum type in TIMSS 2019,2024,TIMSS,science,instructional clarity,OTHER,teacher_quality,standardized_beta,0.35,positive,student science achievement,student,44.0,309511.0,,True,medium
5,Using machine learning to predict student science achievement based on science curriculum type in TIMSS 2019,2024,TIMSS,science,instructional strategies,OTHER,teacher_quality,standardized_beta,0.28,positive,student science achievement,student,44.0,309511.0,,True,medium
5,Using machine learning to predict student science achievement based on science curriculum type in TIMSS 2019,2024,TIMSS,science,homework and experiment-related items,INSTRUCTIONAL_TIME,teacher_quality,standardized_beta,0.22,positive,student science achievement,student,44.0,309511.0,,True,medium
50,"Holistic exploration of reading comprehension skills, technology and socioeconomic factors in Spanish teenagers",2024,PISA,reading,Playing online games,OTHER,ICT,other,,negative,Reading comprehension skills (PVREAD mean),student,1.0,22400.0,True,False,medium
50,"Holistic exploration of reading comprehension skills, technology and socioeconomic factors in Spanish teenagers",2024,PISA,reading,Daily internet use (weekdays),OTHER,ICT,other,,mixed,Reading comprehension skills (PVREAD mean),student,1.0,22400.0,True,False,medium
50,"Holistic exploration of reading comprehension skills, technology and socioeconomic factors in Spanish teenagers",2024,PISA,reading,Perceived ICT competence (WLE),ICT_ACCESS,ICT,other,,positive,Reading comprehension skills (PVREAD mean),student,1.0,22400.0,True,False,medium
50,"Holistic exploration of reading comprehension skills, technology and socioeconomic factors in Spanish teenagers",2024,PISA,reading,Perceived ICT autonomy (WLE),ICT_ACCESS,ICT,other,,positive,Reading comprehension skills (PVREAD mean),student,1.0,22400.0,True,False,medium
50,"Holistic exploration of reading comprehension skills, technology and socioeconomic factors in Spanish teenagers",2024,PISA,reading,Mother’s education level,PARENTAL_EDUCATION,parental_education,other,,positive,Reading comprehension skills (PVREAD mean),student,1.0,22400.0,True,False,medium
52,"Decoding Contextual Factors Differentiating Adolescents’ High, Average, and Low Digital Reading Performance Through Machine-Learning Methods",2023,PISA,reading,Socioeconomic status (ESCS),SES_COMPOSITE,SES,accuracy,0.957,positive,High vs low digital reading performance,student,38.0,276269.0,False,False,medium
52,"Decoding Contextual Factors Differentiating Adolescents’ High, Average, and Low Digital Reading Performance Through Machine-Learning Methods",2023,PISA,reading,Expected occupational status,OTHER,motivation,accuracy,0.957,positive,High vs low digital reading performance,student,38.0,276269.0,False,False,medium
52,"Decoding Contextual Factors Differentiating Adolescents’ High, Average, and Low Digital Reading Performance Through Machine-Learning Methods",2023,PISA,reading,Enjoyment of reading,MOTIVATION,motivation,accuracy,0.957,positive,High vs low digital reading performance,student,38.0,276269.0,False,False,medium
52,"Decoding Contextual Factors Differentiating Adolescents’ High, Average, and Low Digital Reading Performance Through Machine-Learning Methods",2023,PISA,reading,Reading competence perception,OTHER,self_efficacy,accuracy,0.957,positive,High vs low digital reading performance,student,38.0,276269.0,False,False,medium
52,"Decoding Contextual Factors Differentiating Adolescents’ High, Average, and Low Digital Reading Performance Through Machine-Learning Methods",2023,PISA,reading,Reading difficulty perception,OTHER,self_efficacy,accuracy,0.957,negative,High vs low digital reading performance,student,38.0,276269.0,False,False,medium
53,Educational Big Data Mining: Comparison of Multiple Machine Learning Algorithms in Predictive Modelling of Student Academic Performance,2024,PISA,other,Gender,GENDER,gender,accuracy,0.78,positive,student academic performance,student,79.0,612004.0,False,False,medium
53,Educational Big Data Mining: Comparison of Multiple Machine Learning Algorithms in Predictive Modelling of Student Academic Performance,2024,PISA,other,Mother education level,PARENTAL_EDUCATION,parental_education,accuracy,0.82,positive,student academic performance,student,79.0,612004.0,False,False,medium
53,Educational Big Data Mining: Comparison of Multiple Machine Learning Algorithms in Predictive Modelling of Student Academic Performance,2024,PISA,other,Father education level,PARENTAL_EDUCATION,parental_education,accuracy,0.81,positive,student academic performance,student,79.0,612004.0,False,False,medium
53,Educational Big Data Mining: Comparison of Multiple Machine Learning Algorithms in Predictive Modelling of Student Academic Performance,2024,PISA,other,Number of books at home,HOME_RESOURCES,SES,accuracy,0.85,positive,student academic performance,student,79.0,612004.0,False,False,medium
54,Combining Statistical and Machine Learning Methods to Identify Predictors of Brazilian Students’ Proficiency in PISA 2018,2024,PISA,other,Annual household income,OTHER,SES,odds_ratio,1.15,positive,Proficiency in PISA 2018,student,1.0,10691.0,False,False,medium
54,Combining Statistical and Machine Learning Methods to Identify Predictors of Brazilian Students’ Proficiency in PISA 2018,2024,PISA,other,Mother’s education level,PARENTAL_EDUCATION,parental_education,odds_ratio,1.1,positive,Proficiency in PISA 2018,student,1.0,10691.0,False,False,medium
54,Combining Statistical and Machine Learning Methods to Identify Predictors of Brazilian Students’ Proficiency in PISA 2018,2024,PISA,other,Father’s education level,PARENTAL_EDUCATION,parental_education,odds_ratio,1.08,positive,Proficiency in PISA 2018,student,1.0,10691.0,False,False,medium
54,Combining Statistical and Machine Learning Methods to Identify Predictors of Brazilian Students’ Proficiency in PISA 2018,2024,PISA,other,Grade repetition,PRIOR_ACHIEVEMENT,other,odds_ratio,0.75,negative,Proficiency in PISA 2018,student,1.0,10691.0,False,False,medium
54,Combining Statistical and Machine Learning Methods to Identify Predictors of Brazilian Students’ Proficiency in PISA 2018,2024,PISA,other,ICT use outside school (learning),ICT_ACCESS,ICT,odds_ratio,1.05,positive,Proficiency in PISA 2018,student,1.0,10691.0,False,False,medium
55,Students’ 2018 PISA reading self-concept: Identifying predictors and examining model generalizability for emergent bilinguals,2023,PISA,reading,Newspaper reading frequency,OTHER,other,standardized_beta,0.12,positive,reading self-concept,student,1.0,4838.0,,True,medium
55,Students’ 2018 PISA reading self-concept: Identifying predictors and examining model generalizability for emergent bilinguals,2023,PISA,reading,Fiction reading frequency,ICT_ACCESS,other,standardized_beta,0.15,positive,reading self-concept,student,1.0,4838.0,,True,medium
55,Students’ 2018 PISA reading self-concept: Identifying predictors and examining model generalizability for emergent bilinguals,2023,PISA,reading,Non-fiction reading frequency,ICT_ACCESS,other,standardized_beta,0.1,positive,reading self-concept,student,1.0,4838.0,,True,medium
55,Students’ 2018 PISA reading self-concept: Identifying predictors and examining model generalizability for emergent bilinguals,2023,PISA,reading,Difficulty with reading,OTHER,other,standardized_beta,-0.2,negative,reading self-concept,student,1.0,4838.0,,True,medium
55,Students’ 2018 PISA reading self-concept: Identifying predictors and examining model generalizability for emergent bilinguals,2023,PISA,reading,Feeling like an outsider at school,OTHER,belonging,standardized_beta,-0.18,negative,reading self-concept,student,1.0,4838.0,,True,medium
55,Students’ 2018 PISA reading self-concept: Identifying predictors and examining model generalizability for emergent bilinguals,2023,PISA,reading,Feeling awkward at school,OTHER,belonging,standardized_beta,-0.14,negative,reading self-concept,student,1.0,4838.0,,True,medium
55,Students’ 2018 PISA reading self-concept: Identifying predictors and examining model generalizability for emergent bilinguals,2023,PISA,reading,Feeling miserable,OTHER,anxiety,standardized_beta,-0.22,negative,reading self-concept,student,1.0,4838.0,,True,medium
55,Students’ 2018 PISA reading self-concept: Identifying predictors and examining model generalizability for emergent bilinguals,2023,PISA,reading,Life has clear meaning,OTHER,motivation,standardized_beta,0.16,positive,reading self-concept,student,1.0,4838.0,,True,medium
55,Students’ 2018 PISA reading self-concept: Identifying predictors and examining model generalizability for emergent bilinguals,2023,PISA,reading,Teacher understood me,OTHER,teacher_quality,standardized_beta,0.13,positive,reading self-concept,student,1.0,4838.0,,True,medium
55,Students’ 2018 PISA reading self-concept: Identifying predictors and examining model generalizability for emergent bilinguals,2023,PISA,reading,Work mastery,OTHER,motivation,standardized_beta,0.19,positive,reading self-concept,student,1.0,4838.0,,True,medium
55,Students’ 2018 PISA reading self-concept: Identifying predictors and examining model generalizability for emergent bilinguals,2023,PISA,reading,Perceived ICT competence,ICT_ACCESS,ICT,standardized_beta,0.11,positive,reading self-concept,student,1.0,4838.0,,True,medium
55,Students’ 2018 PISA reading self-concept: Identifying predictors and examining model generalizability for emergent bilinguals,2023,PISA,reading,General fear of failure,OTHER,anxiety,standardized_beta,-0.17,negative,reading self-concept,student,1.0,4838.0,,True,medium
55,Students’ 2018 PISA reading self-concept: Identifying predictors and examining model generalizability for emergent bilinguals,2023,PISA,reading,Competitiveness,OTHER,motivation,standardized_beta,0.14,positive,reading self-concept,student,1.0,4838.0,,True,medium
55,Students’ 2018 PISA reading self-concept: Identifying predictors and examining model generalizability for emergent bilinguals,2023,PISA,reading,Father’s education level,PARENTAL_EDUCATION,SES,standardized_beta,0.09,positive,reading self-concept,student,1.0,4838.0,,True,medium
56,What explains Macau students’ achievement? An integrative perspective using a machine learning approach,2022,PISA,reading,"Metacognition (understanding, remembering)",OTHER,motivation,other,,positive,Reading achievement (Plausible Values),student,1.0,2979.0,True,False,medium
56,What explains Macau students’ achievement? An integrative perspective using a machine learning approach,2022,PISA,reading,Socioeconomic status (ESCS),SES_COMPOSITE,SES,other,,positive,Reading achievement (Plausible Values),student,1.0,2979.0,True,False,medium
56,What explains Macau students’ achievement? An integrative perspective using a machine learning approach,2022,PISA,reading,Enjoyment of reading,MOTIVATION,motivation,other,,positive,Reading achievement (Plausible Values),student,1.0,2979.0,True,False,medium
56,What explains Macau students’ achievement? An integrative perspective using a machine learning approach,2022,PISA,reading,Teacher-directed instruction,TEACHER_QUALITY,teacher_quality,other,,positive,Reading achievement (Plausible Values),student,1.0,2979.0,True,False,medium
56,What explains Macau students’ achievement? An integrative perspective using a machine learning approach,2022,PISA,reading,Teacher support in test language,TEACHER_QUALITY,teacher_quality,other,,positive,Reading achievement (Plausible Values),student,1.0,2979.0,True,False,medium
58,Bayesian Approach to Analyze Reading Comprehension: A Case Study in Elementary School Children in Mexico,2021,other,reading,Learning style (VAK),OTHER,other,accuracy,0.8536,positive,Language and communication level (I–IV),student,1.0,107.0,,False,medium
58,Bayesian Approach to Analyze Reading Comprehension: A Case Study in Elementary School Children in Mexico,2021,other,reading,Learning pace,OTHER,other,accuracy,0.8536,positive,Language and communication level (I–IV),student,1.0,107.0,,False,medium
58,Bayesian Approach to Analyze Reading Comprehension: A Case Study in Elementary School Children in Mexico,2021,other,reading,Reading speed category,OTHER,other,accuracy,0.8536,positive,Language and communication level (I–IV),student,1.0,107.0,,False,medium
58,Bayesian Approach to Analyze Reading Comprehension: A Case Study in Elementary School Children in Mexico,2021,other,reading,Reading comprehension test,OTHER,other,accuracy,0.8536,positive,Language and communication level (I–IV),student,1.0,107.0,,False,medium
59,"Metropolitan, Urban, and Rural Regions: How Regional Differences Affect Elementary School Students in Germany",2025,PIRLS,reading,Highest ISEI (HISEI),OTHER,SES,standardized_beta,0.35,positive,academic track recommendation,student,1.0,3959.0,False,False,medium
59,"Metropolitan, Urban, and Rural Regions: How Regional Differences Affect Elementary School Students in Germany",2025,PIRLS,reading,Books at home,HOME_RESOURCES,SES,standardized_beta,0.28,positive,academic track recommendation,student,1.0,3959.0,False,False,medium
59,"Metropolitan, Urban, and Rural Regions: How Regional Differences Affect Elementary School Students in Germany",2025,PIRLS,reading,Parental education,PARENTAL_EDUCATION,parental_education,standardized_beta,0.22,positive,academic track recommendation,student,1.0,3959.0,False,False,medium
59,"Metropolitan, Urban, and Rural Regions: How Regional Differences Affect Elementary School Students in Germany",2025,PIRLS,reading,Reading self-concept,SELF_EFFICACY,motivation,standardized_beta,0.3,positive,academic track recommendation,student,1.0,3959.0,False,False,medium
59,"Metropolitan, Urban, and Rural Regions: How Regional Differences Affect Elementary School Students in Germany",2025,PIRLS,reading,Cognitive skills test,OTHER,prior_achievement,standardized_beta,0.45,positive,academic track recommendation,student,1.0,3959.0,False,False,medium
6,Uncovering Key Factors of Student Performance in Math: An Explainable Deep Learning Approach Using TIMSS2019 Data,2025,TIMSS,mathematics,Confidence in learning math,OTHER,motivation,other,,positive,Mathematics performance (binary from PV tiers),student,1.0,8458.0,False,False,low
6,Uncovering Key Factors of Student Performance in Math: An Explainable Deep Learning Approach Using TIMSS2019 Data,2025,TIMSS,mathematics,Absenteeism frequency,OTHER,other,other,,negative,Mathematics performance (binary from PV tiers),student,1.0,8458.0,False,False,low
6,Uncovering Key Factors of Student Performance in Math: An Explainable Deep Learning Approach Using TIMSS2019 Data,2025,TIMSS,mathematics,Sense of belonging at school,BELONGING,belonging,other,,positive,Mathematics performance (binary from PV tiers),student,1.0,8458.0,False,False,low
6,Uncovering Key Factors of Student Performance in Math: An Explainable Deep Learning Approach Using TIMSS2019 Data,2025,TIMSS,mathematics,Teachers ask to explain answers,OTHER,teacher_quality,other,,positive,Mathematics performance (binary from PV tiers),student,1.0,8458.0,False,False,low
6,Uncovering Key Factors of Student Performance in Math: An Explainable Deep Learning Approach Using TIMSS2019 Data,2025,TIMSS,mathematics,Teacher professional development frequency,OTHER,teacher_quality,other,,positive,Mathematics performance (binary from PV tiers),student,1.0,8458.0,False,False,low
6,Uncovering Key Factors of Student Performance in Math: An Explainable Deep Learning Approach Using TIMSS2019 Data,2025,TIMSS,mathematics,Technology integration in math lessons,OTHER,ICT,other,,positive,Mathematics performance (binary from PV tiers),student,1.0,8458.0,False,False,low
6,Uncovering Key Factors of Student Performance in Math: An Explainable Deep Learning Approach Using TIMSS2019 Data,2025,TIMSS,mathematics,Availability of a school library,OTHER,school_resources,other,,positive,Mathematics performance (binary from PV tiers),student,1.0,8458.0,False,False,low
6,Uncovering Key Factors of Student Performance in Math: An Explainable Deep Learning Approach Using TIMSS2019 Data,2025,TIMSS,mathematics,Shortage of qualified teachers,AGE_GRADE,school_climate,other,,negative,Mathematics performance (binary from PV tiers),student,1.0,8458.0,False,False,low
6,Uncovering Key Factors of Student Performance in Math: An Explainable Deep Learning Approach Using TIMSS2019 Data,2025,TIMSS,mathematics,Total number of computers,ICT_ACCESS,school_resources,other,,positive,Mathematics performance (binary from PV tiers),student,1.0,8458.0,False,False,low
6,Uncovering Key Factors of Student Performance in Math: An Explainable Deep Learning Approach Using TIMSS2019 Data,2025,TIMSS,mathematics,sex,GENDER,gender,other,,mixed,Mathematics performance (binary from PV tiers),student,1.0,8458.0,False,False,low
6,Uncovering Key Factors of Student Performance in Math: An Explainable Deep Learning Approach Using TIMSS2019 Data,2025,TIMSS,mathematics,School location (urban/rural),OTHER,school_climate,other,,mixed,Mathematics performance (binary from PV tiers),student,1.0,8458.0,False,False,low
60,Predictors of reading performance of fourth-grade Turkish students,2025,PIRLS,reading,Emphasis on letter-sound relationships,OTHER,school_resources,accuracy,0.957,positive,Reading performance (binary high vs low; ASRIBM01 PV1 benchmark),student,1.0,3589.0,False,False,medium
60,Predictors of reading performance of fourth-grade Turkish students,2025,PIRLS,reading,Emphasis on alphabet letters,OTHER,school_resources,accuracy,0.957,positive,Reading performance (binary high vs low; ASRIBM01 PV1 benchmark),student,1.0,3589.0,False,False,medium
60,Predictors of reading performance of fourth-grade Turkish students,2025,PIRLS,reading,Borrow books from classroom library,OTHER,school_resources,accuracy,0.957,positive,Reading performance (binary high vs low; ASRIBM01 PV1 benchmark),student,1.0,3589.0,False,False,medium
60,Predictors of reading performance of fourth-grade Turkish students,2025,PIRLS,reading,Emphasis on reading words,OTHER,school_resources,accuracy,0.957,positive,Reading performance (binary high vs low; ASRIBM01 PV1 benchmark),student,1.0,3589.0,False,False,medium
60,Predictors of reading performance of fourth-grade Turkish students,2025,PIRLS,reading,Observing students as they work,OTHER,teacher_quality,accuracy,0.957,positive,Reading performance (binary high vs low; ASRIBM01 PV1 benchmark),student,1.0,3589.0,False,False,medium
61,Beating the odds: Identifying the top predictors of resilience among Hong Kong students,2022,PISA,reading,Metacognition: assess credibility,SES_COMPOSITE,motivation,AUC,0.81,positive,Academic resilience (binary: resilient vs non-resilient),student,1.0,1459.0,,False,medium
61,Beating the odds: Identifying the top predictors of resilience among Hong Kong students,2022,PISA,reading,Joy of reading,OTHER,motivation,AUC,0.81,positive,Academic resilience (binary: resilient vs non-resilient),student,1.0,1459.0,,False,medium
61,Beating the odds: Identifying the top predictors of resilience among Hong Kong students,2022,PISA,reading,Teacher-directed instruction,TEACHER_QUALITY,teacher_quality,AUC,0.81,positive,Academic resilience (binary: resilient vs non-resilient),student,1.0,1459.0,,False,medium
61,Beating the odds: Identifying the top predictors of resilience among Hong Kong students,2022,PISA,reading,Perception of test difficulty,OTHER,motivation,AUC,0.81,negative,Academic resilience (binary: resilient vs non-resilient),student,1.0,1459.0,,False,medium
61,Beating the odds: Identifying the top predictors of resilience among Hong Kong students,2022,PISA,reading,Sense of belonging to school,BELONGING,belonging,AUC,0.81,positive,Academic resilience (binary: resilient vs non-resilient),student,1.0,1459.0,,False,medium
62,Understanding Chinese Students' Well‑Being: A Machine Learning Study,2022,PISA,other,Sense of school belonging,BELONGING,belonging,R2,0.2141,positive,Positive affect (well-being dimension),student,1.0,12058.0,,False,medium
62,Understanding Chinese Students' Well‑Being: A Machine Learning Study,2022,PISA,other,Resilience,OTHER,motivation,R2,0.2141,positive,Positive affect (well-being dimension),student,1.0,12058.0,,False,medium
62,Understanding Chinese Students' Well‑Being: A Machine Learning Study,2022,PISA,other,Self-concept of reading: competence,SELF_EFFICACY,self_efficacy,R2,0.2141,positive,Positive affect (well-being dimension),student,1.0,12058.0,,False,medium
62,Understanding Chinese Students' Well‑Being: A Machine Learning Study,2022,PISA,other,Work mastery,OTHER,motivation,R2,0.2141,positive,Positive affect (well-being dimension),student,1.0,12058.0,,False,medium
62,Understanding Chinese Students' Well‑Being: A Machine Learning Study,2022,PISA,other,Mastery goal orientation,OTHER,motivation,R2,0.2141,positive,Positive affect (well-being dimension),student,1.0,12058.0,,False,medium
65,"A Machine-Learning Approach to Predicting the Achievement of Australian Students Using School Climate; Learner Characteristics; and Economic, Social, and Cultural Status",2024,PISA,mathematics,Mathematics self-efficacy,SELF_EFFICACY,self_efficacy,other,40.72,positive,Mathematics achievement score (ACHIEVE),student,1.0,13437.0,False,False,medium
65,"A Machine-Learning Approach to Predicting the Achievement of Australian Students Using School Climate; Learner Characteristics; and Economic, Social, and Cultural Status",2024,PISA,mathematics,Socioeconomic status (ESCS),SES_COMPOSITE,SES,other,18.37,positive,Mathematics achievement score (ACHIEVE),student,1.0,13437.0,False,False,medium
65,"A Machine-Learning Approach to Predicting the Achievement of Australian Students Using School Climate; Learner Characteristics; and Economic, Social, and Cultural Status",2024,PISA,mathematics,Student–teacher relationship,OTHER,school_climate,other,,positive,Mathematics achievement score (ACHIEVE),student,1.0,13437.0,False,False,medium
65,"A Machine-Learning Approach to Predicting the Achievement of Australian Students Using School Climate; Learner Characteristics; and Economic, Social, and Cultural Status",2024,PISA,mathematics,Sense of belonging,BELONGING,belonging,other,,positive,Mathematics achievement score (ACHIEVE),student,1.0,13437.0,False,False,medium
65,"A Machine-Learning Approach to Predicting the Achievement of Australian Students Using School Climate; Learner Characteristics; and Economic, Social, and Cultural Status",2024,PISA,mathematics,Disciplinary climate,SCHOOL_CLIMATE,school_climate,other,,positive,Mathematics achievement score (ACHIEVE),student,1.0,13437.0,False,False,medium
10.1007/s11336-022-09855-9,DIAGNOSTIC CLASSIFICATION ANALYSIS OF PROBLEM-SOLVING COMPETENCE USING PROCESS DATA: AN ITEM EXPANSION METHOD,2022,PISA,other,Understanding city subway network,OTHER,other,r_correlation,0.826,positive,Latent problem-solving ability (HO-DINA θ1) vs PCM θ2,student,4.0,3760.0,False,False,medium
10.1007/s11336-022-09855-9,DIAGNOSTIC CLASSIFICATION ANALYSIS OF PROBLEM-SOLVING COMPETENCE USING PROCESS DATA: AN ITEM EXPANSION METHOD,2022,PISA,other,Understanding concession fares,OTHER,other,r_correlation,0.826,positive,Latent problem-solving ability (HO-DINA θ1) vs PCM θ2,student,4.0,3760.0,False,False,medium
10.1007/s11336-022-09855-9,DIAGNOSTIC CLASSIFICATION ANALYSIS OF PROBLEM-SOLVING COMPETENCE USING PROCESS DATA: AN ITEM EXPANSION METHOD,2022,PISA,other,Understanding travel options for four trips,OTHER,other,r_correlation,0.826,positive,Latent problem-solving ability (HO-DINA θ1) vs PCM θ2,student,4.0,3760.0,False,False,medium
10.1007/s11336-022-09855-9,DIAGNOSTIC CLASSIFICATION ANALYSIS OF PROBLEM-SOLVING COMPETENCE USING PROCESS DATA: AN ITEM EXPANSION METHOD,2022,PISA,other,Comparing ticket prices,OTHER,other,r_correlation,0.826,positive,Latent problem-solving ability (HO-DINA θ1) vs PCM θ2,student,4.0,3760.0,False,False,medium
10.1007/s11336-022-09855-9,DIAGNOSTIC CLASSIFICATION ANALYSIS OF PROBLEM-SOLVING COMPETENCE USING PROCESS DATA: AN ITEM EXPANSION METHOD,2022,PISA,other,Making the buy decision,OTHER,other,r_correlation,0.826,positive,Latent problem-solving ability (HO-DINA θ1) vs PCM θ2,student,4.0,3760.0,False,False,medium
7,Artificial Neural Network and Adaptive Neuro Fuzzy Inference System Hybridized Models in the Sustainable Integration of Language and Mathematics Skills: The Case of Singaporeand Hong Kong,2024,PISA,other,Verbal skills (curriculum themes),OTHER,other,R2,0.397867,positive,Language skills in native curriculum (predicted from math language themes),country,2.0,,False,False,low
7,Artificial Neural Network and Adaptive Neuro Fuzzy Inference System Hybridized Models in the Sustainable Integration of Language and Mathematics Skills: The Case of Singaporeand Hong Kong,2024,PISA,other,Math curriculum language themes,AGE_GRADE,other,R2,0.397867,positive,Language skills in native curriculum (predicted from math language themes),country,2.0,,False,False,low
7,Artificial Neural Network and Adaptive Neuro Fuzzy Inference System Hybridized Models in the Sustainable Integration of Language and Mathematics Skills: The Case of Singaporeand Hong Kong,2024,PISA,other,Country (Singapore vs Hong Kong),OTHER,other,R2,0.397867,positive,Language skills in native curriculum (predicted from math language themes),country,2.0,,False,False,low
72,Uncovering Student Strategies for Solving Scientific Inquiry Tasks: Insights from Student Process Data in PISA,2024,PISA,science,VOTAT navigation behavior,OTHER,other,other,,positive,Inquiry response accuracy (MC and data response),student,1.0,81.0,False,False,medium
72,Uncovering Student Strategies for Solving Scientific Inquiry Tasks: Insights from Student Process Data in PISA,2024,PISA,science,Number of actions,OTHER,other,other,,positive,Inquiry response accuracy (MC and data response),student,1.0,81.0,False,False,medium
72,Uncovering Student Strategies for Solving Scientific Inquiry Tasks: Insights from Student Process Data in PISA,2024,PISA,science,Number of trials,OTHER,other,other,,positive,Inquiry response accuracy (MC and data response),student,1.0,81.0,False,False,medium
72,Uncovering Student Strategies for Solving Scientific Inquiry Tasks: Insights from Student Process Data in PISA,2024,PISA,science,Time before first action,OTHER,other,other,,positive,Inquiry response accuracy (MC and data response),student,1.0,81.0,False,False,medium
72,Uncovering Student Strategies for Solving Scientific Inquiry Tasks: Insights from Student Process Data in PISA,2024,PISA,science,Time on task,INSTRUCTIONAL_TIME,other,other,,positive,Inquiry response accuracy (MC and data response),student,1.0,81.0,False,False,medium
72,Uncovering Student Strategies for Solving Scientific Inquiry Tasks: Insights from Student Process Data in PISA,2024,PISA,science,Interactive multivariable strategy,OTHER,other,other,,positive,Inquiry performance profiles (strategic vs emergent vs disengaged),student,1.0,1222.0,False,False,medium
72,Uncovering Student Strategies for Solving Scientific Inquiry Tasks: Insights from Student Process Data in PISA,2024,PISA,science,Number of actions,OTHER,other,other,,positive,Inquiry performance profiles (strategic vs emergent vs disengaged),student,1.0,1222.0,False,False,medium
72,Uncovering Student Strategies for Solving Scientific Inquiry Tasks: Insights from Student Process Data in PISA,2024,PISA,science,Number of trials,OTHER,other,other,,positive,Inquiry performance profiles (strategic vs emergent vs disengaged),student,1.0,1222.0,False,False,medium
72,Uncovering Student Strategies for Solving Scientific Inquiry Tasks: Insights from Student Process Data in PISA,2024,PISA,science,Time before first action,OTHER,other,other,,positive,Inquiry performance profiles (strategic vs emergent vs disengaged),student,1.0,1222.0,False,False,medium
72,Uncovering Student Strategies for Solving Scientific Inquiry Tasks: Insights from Student Process Data in PISA,2024,PISA,science,Time on task,INSTRUCTIONAL_TIME,other,other,,positive,Inquiry performance profiles (strategic vs emergent vs disengaged),student,1.0,1222.0,False,False,medium
73,Discovering action insights from large-scale assessment log data using machine learning,2025,PIAAC,other,Performance level (score group),PRIOR_ACHIEVEMENT,prior_achievement,F1,0.962,positive,High vs low performance (score3 vs score0),student,1.0,2739.0,False,False,medium
73,Discovering action insights from large-scale assessment log data using machine learning,2025,PIAAC,other,Performance level (score group),PRIOR_ACHIEVEMENT,prior_achievement,accuracy,0.946,positive,High vs low performance (score3 vs score0),student,1.0,2739.0,False,False,medium
73,Discovering action insights from large-scale assessment log data using machine learning,2025,PIAAC,other,Performance level (score group),PRIOR_ACHIEVEMENT,prior_achievement,F1,0.917,positive,Correct vs incorrect performance,student,1.0,2739.0,False,False,medium
73,Discovering action insights from large-scale assessment log data using machine learning,2025,PIAAC,other,Performance level (score group),PRIOR_ACHIEVEMENT,prior_achievement,accuracy,0.876,positive,Correct vs incorrect performance,student,1.0,2739.0,False,False,medium
74,Evaluating test-taking motivation based on process data and its influence on academic performance,2025,PISA,science,Behavioral effort (cluster membership),OTHER,motivation,standardized_beta,1.083,positive,Science academic performance (Plausible Value 1),student,8.0,2853.0,True,True,high
74,Evaluating test-taking motivation based on process data and its influence on academic performance,2025,PISA,science,Self-reported effort,OTHER,motivation,standardized_beta,0.448,positive,Science academic performance (Plausible Value 1),student,8.0,2853.0,True,True,high
74,Evaluating test-taking motivation based on process data and its influence on academic performance,2025,PISA,science,Response time effort (RTE),INSTRUCTIONAL_TIME,motivation,standardized_beta,0.773,positive,Science academic performance (Plausible Value 1),student,8.0,2853.0,True,True,high
75,Investigating the Predictive Performance of Process Data and Result Data in Complex Problem Solving Using the Conditional Gradient Boosting Algorithm,2025,PISA,other,VOTAT strategy score,OTHER,other,R2,0.705,positive,"CPS score (model-based, EAP-scaled)",student,1.0,915.0,True,True,medium
75,Investigating the Predictive Performance of Process Data and Result Data in Complex Problem Solving Using the Conditional Gradient Boosting Algorithm,2025,PISA,other,Total time on task,INSTRUCTIONAL_TIME,other,R2,0.705,positive,"CPS score (model-based, EAP-scaled)",student,1.0,915.0,True,True,medium
75,Investigating the Predictive Performance of Process Data and Result Data in Complex Problem Solving Using the Conditional Gradient Boosting Algorithm,2025,PISA,other,Mathematical literacy (PV1),OTHER,prior_achievement,R2,0.705,positive,"CPS score (model-based, EAP-scaled)",student,1.0,915.0,True,True,medium
75,Investigating the Predictive Performance of Process Data and Result Data in Complex Problem Solving Using the Conditional Gradient Boosting Algorithm,2025,PISA,other,Reading literacy (PV1),OTHER,prior_achievement,R2,0.705,positive,"CPS score (model-based, EAP-scaled)",student,1.0,915.0,True,True,medium
76,Human-Centered AI for Discovering Student Engagement Profiles on Large-Scale Educational Assessments,2024,other,mathematics,Total block score,OTHER,prior_achievement,other,,positive,Engagement profile label (10-profile classification),student,1.0,14008.0,,False,medium
76,Human-Centered AI for Discovering Student Engagement Profiles on Large-Scale Educational Assessments,2024,other,mathematics,Total time on block,OTHER,other,other,,positive,Engagement profile label (10-profile classification),student,1.0,14008.0,,False,medium
76,Human-Centered AI for Discovering Student Engagement Profiles on Large-Scale Educational Assessments,2024,other,mathematics,Total number of visits,OTHER,other,other,,positive,Engagement profile label (10-profile classification),student,1.0,14008.0,,False,medium
76,Human-Centered AI for Discovering Student Engagement Profiles on Large-Scale Educational Assessments,2024,other,mathematics,Item response time category,INSTRUCTIONAL_TIME,other,other,,positive,Engagement profile label (10-profile classification),student,1.0,14008.0,,False,medium
76,Human-Centered AI for Discovering Student Engagement Profiles on Large-Scale Educational Assessments,2024,other,mathematics,Item navigation sequence,OTHER,other,other,,positive,Engagement profile label (10-profile classification),student,1.0,14008.0,,False,medium
77,An engagement‑aware predictive model to evaluate problem‑solving performance from the study of adult skills’ (PIAAC 2012) process data,2024,PIAAC,other,Engagement status (engaged/disengaged),AGE_GRADE,other,accuracy,0.883,positive,Problem-solving performance (categorical score),student,3.0,5123.0,,False,medium
77,An engagement‑aware predictive model to evaluate problem‑solving performance from the study of adult skills’ (PIAAC 2012) process data,2024,PIAAC,other,Engagement status (engaged/disengaged),AGE_GRADE,other,F1,0.9,positive,Problem-solving performance (categorical score),student,3.0,5123.0,,False,medium
77,An engagement‑aware predictive model to evaluate problem‑solving performance from the study of adult skills’ (PIAAC 2012) process data,2024,PIAAC,other,Engagement status (engaged/disengaged),AGE_GRADE,other,AUC,0.835,positive,Problem-solving performance (categorical score),student,3.0,5123.0,,False,medium
78,When didactics meet data science: process data analysis in large‑scale mathematics assessment in France,2025,other,mathematics,Month list length,OTHER,other,AUC,0.78,positive,Item success (correct boolean),student,1.0,3000.0,,False,medium
78,When didactics meet data science: process data analysis in large‑scale mathematics assessment in France,2025,other,mathematics,Std dev of month list,OTHER,other,AUC,0.78,positive,Item success (correct boolean),student,1.0,3000.0,,False,medium
78,When didactics meet data science: process data analysis in large‑scale mathematics assessment in France,2025,other,mathematics,Distance first input to target,OTHER,other,AUC,0.78,positive,Item success (correct boolean),student,1.0,3000.0,,False,medium
78,When didactics meet data science: process data analysis in large‑scale mathematics assessment in France,2025,other,mathematics,Distance second input to target,OTHER,other,AUC,0.78,positive,Item success (correct boolean),student,1.0,3000.0,,False,medium
78,When didactics meet data science: process data analysis in large‑scale mathematics assessment in France,2025,other,mathematics,Number of alternations,OTHER,other,AUC,0.78,positive,Item success (correct boolean),student,1.0,3000.0,,False,medium
79,Predictive Machine Learning Approach for Complex Problem Solving Process Data Mining,2021,PISA,other,VOTAT strategy usage ratios,AGE_GRADE,other,F1,0.949,positive,Climate Control task success (TRUE/FALSE),student,,15194.0,,False,medium
79,Predictive Machine Learning Approach for Complex Problem Solving Process Data Mining,2021,PISA,other,Time spent on task phases,SES_COMPOSITE,other,F1,0.779,positive,Climate Control task success (TRUE/FALSE),student,,15194.0,,False,medium
8,Predicting science achievement scores with machine learning algorithms: a case study of OECD PISA 2015–2018 data,2023,PISA,science,Science learning time (weekly),INSTRUCTIONAL_TIME,instructional_time,r_correlation,0.6,positive,PISA-2018 science achievement (PV2SCIE),country,13.0,67329.0,False,False,medium
8,Predicting science achievement scores with machine learning algorithms: a case study of OECD PISA 2015–2018 data,2023,PISA,science,Socioeconomic status (ESCS),SES_COMPOSITE,SES,r_correlation,0.6,positive,PISA-2018 science achievement (PV2SCIE),country,13.0,67329.0,False,False,medium
8,Predicting science achievement scores with machine learning algorithms: a case study of OECD PISA 2015–2018 data,2023,PISA,science,Home possessions,SES_COMPOSITE,SES,r_correlation,0.6,positive,PISA-2018 science achievement (PV2SCIE),country,13.0,67329.0,False,False,medium
8,Predicting science achievement scores with machine learning algorithms: a case study of OECD PISA 2015–2018 data,2023,PISA,science,Total learning time (weekly),INSTRUCTIONAL_TIME,instructional_time,r_correlation,0.6,positive,PISA-2018 science achievement (PV2SCIE),country,13.0,67329.0,False,False,medium
82,Exploring the relationship between process data and contextual variables among Scandinavian students on PISA 2012 mathematics tasks,2023,PISA,mathematics,"Economic, social, and cultural status",GDP_EXPENDITURE,SES,standardized_beta,,positive,Latent math performance (response accuracy),student,3.0,1426.0,,True,medium
82,Exploring the relationship between process data and contextual variables among Scandinavian students on PISA 2012 mathematics tasks,2023,PISA,mathematics,Gender,GENDER,gender,standardized_beta,,mixed,Latent math performance (response accuracy),student,3.0,1426.0,,True,medium
82,Exploring the relationship between process data and contextual variables among Scandinavian students on PISA 2012 mathematics tasks,2023,PISA,mathematics,Experience with pure math tasks,OTHER,other,standardized_beta,,mixed,Latent math performance (response accuracy),student,3.0,1426.0,,True,medium
82,Exploring the relationship between process data and contextual variables among Scandinavian students on PISA 2012 mathematics tasks,2023,PISA,mathematics,ICT (latent ICT construct),ICT_ACCESS,ICT,standardized_beta,,negative,Latent math performance (response accuracy),student,3.0,1426.0,,True,medium
82,Exploring the relationship between process data and contextual variables among Scandinavian students on PISA 2012 mathematics tasks,2023,PISA,mathematics,"Economic, social, and cultural status",GDP_EXPENDITURE,SES,standardized_beta,,positive,Latent speed (log response time),student,3.0,1426.0,,True,medium
82,Exploring the relationship between process data and contextual variables among Scandinavian students on PISA 2012 mathematics tasks,2023,PISA,mathematics,Experience with pure math tasks,OTHER,other,standardized_beta,,positive,Latent speed (log response time),student,3.0,1426.0,,True,medium
82,Exploring the relationship between process data and contextual variables among Scandinavian students on PISA 2012 mathematics tasks,2023,PISA,mathematics,"Economic, social, and cultural status",GDP_EXPENDITURE,SES,standardized_beta,,positive,Latent exploration behaviour (log frequency of actions),student,3.0,1426.0,,True,medium
84,Using process features to investigate scientific problem-solving in large-scale assessments,2023,other,science,Preparation time (PT),OTHER,other,other,,negative,"Item score (rubric-based, 1–3)",student,1.0,,,False,medium
84,Using process features to investigate scientific problem-solving in large-scale assessments,2023,other,science,Execution time (ET),OTHER,other,other,,negative,"Item score (rubric-based, 1–3)",student,1.0,,,False,medium
84,Using process features to investigate scientific problem-solving in large-scale assessments,2023,other,science,Mean execution time (MET),OTHER,other,other,,negative,"Item score (rubric-based, 1–3)",student,1.0,,,False,medium
84,Using process features to investigate scientific problem-solving in large-scale assessments,2023,other,science,Preparation time (PT),OTHER,other,other,,negative,"Item score (rubric-based, 1–4)",student,1.0,,,False,medium
84,Using process features to investigate scientific problem-solving in large-scale assessments,2023,other,science,Execution time (ET),OTHER,other,other,,mixed,"Item score (rubric-based, 1–4)",student,1.0,,,False,medium
84,Using process features to investigate scientific problem-solving in large-scale assessments,2023,other,science,Mean execution time (MET),OTHER,other,other,,negative,"Item score (rubric-based, 1–4)",student,1.0,,,False,medium
85,Predicting problem-solving success in an office simulation applying N-grams and a random forest to behavioral process data,2024,other,other,Note-taking frequency,OTHER,other,AUC,0.67,positive,Problem-solving success (binary class; more vs less successful),student,1.0,234.0,,False,medium
85,Predicting problem-solving success in an office simulation applying N-grams and a random forest to behavioral process data,2024,other,other,Relevant document access,OTHER,other,AUC,0.67,positive,Problem-solving success (binary class; more vs less successful),student,1.0,234.0,,False,medium
85,Predicting problem-solving success in an office simulation applying N-grams and a random forest to behavioral process data,2024,other,other,Spreadsheet calculation,OTHER,other,AUC,0.67,positive,Problem-solving success (binary class; more vs less successful),student,1.0,234.0,,False,medium
85,Predicting problem-solving success in an office simulation applying N-grams and a random forest to behavioral process data,2024,other,other,Attachment download sequence,OTHER,other,AUC,0.67,positive,Problem-solving success (binary class; more vs less successful),student,1.0,234.0,,False,medium
85,Predicting problem-solving success in an office simulation applying N-grams and a random forest to behavioral process data,2024,other,other,Irrelevant document access,OTHER,other,AUC,0.67,negative,Problem-solving success (binary class; more vs less successful),student,1.0,234.0,,False,medium
86,Improving math proficiency prediction in computer-based international large-scale assessments with data augmentation,2022,PISA,mathematics,Student math attitudes,OTHER,motivation,F1,0.6383,positive,Math proficiency class (low/medium/high),student,,17671.0,False,False,medium
86,Improving math proficiency prediction in computer-based international large-scale assessments with data augmentation,2022,PISA,mathematics,Books at home,HOME_RESOURCES,SES,F1,0.6383,positive,Math proficiency class (low/medium/high),student,,17671.0,False,False,medium
86,Improving math proficiency prediction in computer-based international large-scale assessments with data augmentation,2022,PISA,mathematics,Mathematics efficacy,OTHER,self_efficacy,F1,0.6383,positive,Math proficiency class (low/medium/high),student,,17671.0,False,False,medium
86,Improving math proficiency prediction in computer-based international large-scale assessments with data augmentation,2022,PISA,mathematics,Guided homework study time,INSTRUCTIONAL_TIME,instructional_time,F1,0.6383,positive,Math proficiency class (low/medium/high),student,,17671.0,False,False,medium
86,Improving math proficiency prediction in computer-based international large-scale assessments with data augmentation,2022,PISA,mathematics,Personal tutor study time,OTHER,instructional_time,F1,0.6383,positive,Math proficiency class (low/medium/high),student,,17671.0,False,False,medium
87,Exploring Test-Taking Disengagement in the Context of PISA 2022: Evidence from Process Data,2025,PISA,mathematics,Response time (RT),INSTRUCTIONAL_TIME,other,other,,positive,Mathematics achievement (profile differences),student,1.0,6560.0,False,False,low
87,Exploring Test-Taking Disengagement in the Context of PISA 2022: Evidence from Process Data,2025,PISA,mathematics,Number of actions (NA),OTHER,other,other,,positive,Mathematics achievement (profile differences),student,1.0,6560.0,False,False,low
87,Exploring Test-Taking Disengagement in the Context of PISA 2022: Evidence from Process Data,2025,PISA,mathematics,Self-reported effort (SRE),OTHER,motivation,other,,positive,Mathematics achievement (profile differences),student,1.0,6560.0,False,False,low
88,Understanding students’ problem-solving patterns: Evidence from an allotted response time in a PISA 2012 item,2023,PISA,other,Time to first action,OTHER,other,other,,positive,Overall problem-solving ability (PISA scale-score ratio),student,42.0,7191.0,False,False,medium
88,Understanding students’ problem-solving patterns: Evidence from an allotted response time in a PISA 2012 item,2023,PISA,other,Time on b1 decision path,OTHER,other,other,,positive,Overall problem-solving ability (PISA scale-score ratio),student,42.0,7191.0,False,False,medium
88,Understanding students’ problem-solving patterns: Evidence from an allotted response time in a PISA 2012 item,2023,PISA,other,Time on b3 explore path,OTHER,other,other,,positive,Overall problem-solving ability (PISA scale-score ratio),student,42.0,7191.0,False,False,medium
88,Understanding students’ problem-solving patterns: Evidence from an allotted response time in a PISA 2012 item,2023,PISA,other,Time on irrelevant sequences,OTHER,other,other,,positive,Overall problem-solving ability (PISA scale-score ratio),student,42.0,7191.0,False,False,medium
88,Understanding students’ problem-solving patterns: Evidence from an allotted response time in a PISA 2012 item,2023,PISA,other,Average time between clicks,AGE_GRADE,other,other,,positive,Overall problem-solving ability (PISA scale-score ratio),student,42.0,7191.0,False,False,medium
9,Educational improvement through machine learning: Strategic models for better PISA scores,2025,PISA,other,ICTRES,ICT_ACCESS,ICT,other,,positive,country-level performance label,country,37.0,,,False,low
9,Educational improvement through machine learning: Strategic models for better PISA scores,2025,PISA,other,CPERFORLAN,OTHER,instructional_time,other,,positive,country-level performance label,country,37.0,,,False,low
9,Educational improvement through machine learning: Strategic models for better PISA scores,2025,PISA,other,CPERWEEK,OTHER,instructional_time,other,,positive,country-level performance label,country,37.0,,,False,low
9,Educational improvement through machine learning: Strategic models for better PISA scores,2025,PISA,other,METASPAM,OTHER,other,other,,positive,country-level performance label,country,37.0,,,False,low
9,Educational improvement through machine learning: Strategic models for better PISA scores,2025,PISA,other,ESCS,SES_COMPOSITE,SES,other,,positive,country-level performance label,country,37.0,,,False,low
9,Educational improvement through machine learning: Strategic models for better PISA scores,2025,PISA,other,HISEI,OTHER,SES,other,,positive,country-level performance label,country,37.0,,,False,low
9,Educational improvement through machine learning: Strategic models for better PISA scores,2025,PISA,other,COMPETE,OTHER,motivation,other,,positive,country-level performance label,country,37.0,,,False,low
9,Educational improvement through machine learning: Strategic models for better PISA scores,2025,PISA,other,PISADIFF,OTHER,motivation,other,,negative,country-level performance label,country,37.0,,,False,low
9,Educational improvement through machine learning: Strategic models for better PISA scores,2025,PISA,other,JOYREAD,OTHER,motivation,other,,positive,country-level performance label,country,37.0,,,False,low
9,Educational improvement through machine learning: Strategic models for better PISA scores,2025,PISA,other,CPERMATH,OTHER,instructional_time,other,,positive,country-level performance label,country,37.0,,,False,low
9,Educational improvement through machine learning: Strategic models for better PISA scores,2025,PISA,other,CPERSCI,OTHER,instructional_time,other,,positive,country-level performance label,country,37.0,,,False,low
9,Educational improvement through machine learning: Strategic models for better PISA scores,2025,PISA,other,STIMREAD,OTHER,teacher_quality,other,,positive,country-level performance label,country,37.0,,,False,low
9,Educational improvement through machine learning: Strategic models for better PISA scores,2025,PISA,other,ADAPTIVITY,OTHER,teacher_quality,other,,positive,country-level performance label,country,37.0,,,False,low
9,Educational improvement through machine learning: Strategic models for better PISA scores,2025,PISA,other,MASTGOAL,OTHER,motivation,other,,positive,country-level performance label,country,37.0,,,False,low
9,Educational improvement through machine learning: Strategic models for better PISA scores,2025,PISA,other,reading_understanding,OTHER,other,other,,positive,country-level performance label,country,37.0,,,False,low
9,Educational improvement through machine learning: Strategic models for better PISA scores,2025,PISA,other,recall,OTHER,other,other,,positive,country-level performance label,country,37.0,,,False,low
9,Educational improvement through machine learning: Strategic models for better PISA scores,2025,PISA,other,METASUM,OTHER,other,other,,positive,country-level performance label,country,37.0,,,False,low
90,Han et al. Large-scale Assessments in Education (2023) 11:35,2023,PISA,other,Response time (Part 1),INSTRUCTIONAL_TIME,other,other,,negative,ColPS overall performance (PVCLPS),student,11.0,2520.0,True,True,high
90,Han et al. Large-scale Assessments in Education (2023) 11:35,2023,PISA,other,Actions (Part 1),OTHER,other,other,,negative,ColPS overall performance (PVCLPS),student,11.0,2520.0,True,True,high
90,Han et al. Large-scale Assessments in Education (2023) 11:35,2023,PISA,other,Response time (Part 2),INSTRUCTIONAL_TIME,other,other,,negative,ColPS overall performance (PVCLPS),student,11.0,2520.0,True,True,high
90,Han et al. Large-scale Assessments in Education (2023) 11:35,2023,PISA,other,Actions (Part 3),OTHER,other,other,,negative,ColPS overall performance (PVCLPS),student,11.0,2520.0,True,True,high
90,Han et al. Large-scale Assessments in Education (2023) 11:35,2023,PISA,other,Actions (Part 2),OTHER,other,other,,negative,ColPS overall performance (PVCLPS),student,11.0,2520.0,True,True,high
91,Math proficiency prediction in computer-based international large-scale assessments using a multi-class machine learning model,2021,PISA,mathematics,Mathematics efficacy,OTHER,self_efficacy,F1,0.72,positive,Math proficiency class (low/mediocre/high),student,,58753.0,False,False,medium
91,Math proficiency prediction in computer-based international large-scale assessments using a multi-class machine learning model,2021,PISA,mathematics,Books at home,HOME_RESOURCES,SES,F1,0.72,positive,Math proficiency class (low/mediocre/high),student,,58753.0,False,False,medium
91,Math proficiency prediction in computer-based international large-scale assessments using a multi-class machine learning model,2021,PISA,mathematics,Possessions - literature,SES_COMPOSITE,SES,F1,0.72,positive,Math proficiency class (low/mediocre/high),student,,58753.0,False,False,medium
91,Math proficiency prediction in computer-based international large-scale assessments using a multi-class machine learning model,2021,PISA,mathematics,Out-of-school study time (guided),OTHER,instructional_time,F1,0.72,positive,Math proficiency class (low/mediocre/high),student,,58753.0,False,False,medium
91,Math proficiency prediction in computer-based international large-scale assessments using a multi-class machine learning model,2021,PISA,mathematics,Out-of-school study time (tutor),OTHER,instructional_time,F1,0.72,positive,Math proficiency class (low/mediocre/high),student,,58753.0,False,False,medium
92,Measurement Invariance for Multilingual Learners Using Item Response and Response Time in PISA 2018,2025,PISA,reading,Home language (ML vs non-ML),AGE_GRADE,other,other,0.26,positive,Latent ability differences (WLE theta) between ML and non-ML,student,1.0,4838.0,False,False,medium
92,Measurement Invariance for Multilingual Learners Using Item Response and Response Time in PISA 2018,2025,PISA,mathematics,Home language (ML vs non-ML),AGE_GRADE,other,other,0.23,positive,Latent ability differences (WLE theta) between ML and non-ML,student,1.0,4838.0,False,False,medium
93,Using Process Data to Improve Classification Accuracy of Cognitive Diagnosis Model,2023,PISA,reading,Item response accuracy,OTHER,other,accuracy,0.494,positive,Attribute classification reliability,student,79.0,2003.0,,False,medium
93,Using Process Data to Improve Classification Accuracy of Cognitive Diagnosis Model,2023,PISA,reading,Response time (RT),INSTRUCTIONAL_TIME,other,accuracy,0.494,positive,Attribute classification reliability,student,79.0,2003.0,,False,medium
93,Using Process Data to Improve Classification Accuracy of Cognitive Diagnosis Model,2023,PISA,reading,Mouse actions (trace count),OTHER,other,accuracy,0.494,positive,Attribute classification reliability,student,79.0,2003.0,,False,medium
93,Using Process Data to Improve Classification Accuracy of Cognitive Diagnosis Model,2023,PISA,reading,Item response accuracy,OTHER,other,accuracy,0.5193,positive,Person classification accuracy,student,79.0,2003.0,,False,medium
93,Using Process Data to Improve Classification Accuracy of Cognitive Diagnosis Model,2023,PISA,reading,Response time (RT),INSTRUCTIONAL_TIME,other,accuracy,0.5193,positive,Person classification accuracy,student,79.0,2003.0,,False,medium
93,Using Process Data to Improve Classification Accuracy of Cognitive Diagnosis Model,2023,PISA,reading,Mouse actions (trace count),OTHER,other,accuracy,0.5193,positive,Person classification accuracy,student,79.0,2003.0,,False,medium
93,Using Process Data to Improve Classification Accuracy of Cognitive Diagnosis Model,2023,PISA,reading,Item response accuracy,OTHER,other,accuracy,0.8335,positive,Attribute-level classification accuracy,student,79.0,2003.0,,False,medium
93,Using Process Data to Improve Classification Accuracy of Cognitive Diagnosis Model,2023,PISA,reading,Response time (RT),INSTRUCTIONAL_TIME,other,accuracy,0.8335,positive,Attribute-level classification accuracy,student,79.0,2003.0,,False,medium
93,Using Process Data to Improve Classification Accuracy of Cognitive Diagnosis Model,2023,PISA,reading,Mouse actions (trace count),OTHER,other,accuracy,0.8335,positive,Attribute-level classification accuracy,student,79.0,2003.0,,False,medium
95,Jointly exploring mathematics ability and speed in large-scale computer-based testing,2024,other,mathematics,Prior achievement (final mark),PRIOR_ACHIEVEMENT,prior_achievement,standardized_beta,-0.442,negative,Mathematics ability (latent ability),student,1.0,35970.0,,False,medium
95,Jointly exploring mathematics ability and speed in large-scale computer-based testing,2024,other,mathematics,Math test anxiety,ANXIETY,anxiety,standardized_beta,-0.176,negative,Mathematics ability (latent ability),student,1.0,35970.0,,False,medium
95,Jointly exploring mathematics ability and speed in large-scale computer-based testing,2024,other,mathematics,Gender,GENDER,gender,standardized_beta,0.111,positive,Mathematics ability (latent ability),student,1.0,35970.0,,False,medium
95,Jointly exploring mathematics ability and speed in large-scale computer-based testing,2024,other,mathematics,Socioeconomic status (ESCS),SES_COMPOSITE,SES,standardized_beta,,positive,Mathematics ability (latent ability),student,1.0,35970.0,,False,medium
95,Jointly exploring mathematics ability and speed in large-scale computer-based testing,2024,other,mathematics,Class average ESCS,SES_COMPOSITE,SES,standardized_beta,0.226,positive,Mathematics ability (latent ability),student,1.0,35970.0,,False,medium
96,Exploring the Evidence to Interpret Differential Item Functioning via Response Process Data,2025,PIAAC,other,Betweenness centrality (SNA action sequence),OTHER,other,AUC,0.86,positive,Gender DIF item label (DIF vs DIF-free),student,1.0,1675.0,,False,medium
96,Exploring the Evidence to Interpret Differential Item Functioning via Response Process Data,2025,PIAAC,other,FIRST_TIMING (initial action timing),OTHER,other,AUC,0.86,positive,Gender DIF item label (DIF vs DIF-free),student,1.0,1675.0,,False,medium
96,Exploring the Evidence to Interpret Differential Item Functioning via Response Process Data,2025,PIAAC,other,Item response time (RT),INSTRUCTIONAL_TIME,other,AUC,0.86,positive,Gender DIF item label (DIF vs DIF-free),student,1.0,1675.0,,False,medium
96,Exploring the Evidence to Interpret Differential Item Functioning via Response Process Data,2025,PIAAC,other,Action-sequence density (SNA),OTHER,other,AUC,0.86,positive,Gender DIF item label (DIF vs DIF-free),student,1.0,1675.0,,False,medium
96,Exploring the Evidence to Interpret Differential Item Functioning via Response Process Data,2025,PIAAC,other,Number of nodes (SNA),OTHER,other,AUC,0.86,positive,Gender DIF item label (DIF vs DIF-free),student,1.0,1675.0,,False,medium
97,Using learners’ problem‑solving processes in computer‑based assessments for enhanced learner modeling: A deep learning approach,2023,other,other,Problem-solving action sequence,OTHER,other,accuracy,0.7225,positive,Next-step item response correctness (binary),student,,74.0,,False,medium
97,Using learners’ problem‑solving processes in computer‑based assessments for enhanced learner modeling: A deep learning approach,2023,other,other,Time durations in actions,OTHER,other,AUC,0.74,positive,Next-step item response correctness (binary),student,,74.0,,False,medium
97,Using learners’ problem‑solving processes in computer‑based assessments for enhanced learner modeling: A deep learning approach,2023,other,other,Learner identity embedding,OTHER,other,accuracy,0.7225,positive,Next-step item response correctness (binary),student,,74.0,,False,medium
97,Using learners’ problem‑solving processes in computer‑based assessments for enhanced learner modeling: A deep learning approach,2023,other,other,Item identity embedding,OTHER,other,AUC,0.74,positive,Next-step item response correctness (binary),student,,74.0,,False,medium
97,Using learners’ problem‑solving processes in computer‑based assessments for enhanced learner modeling: A deep learning approach,2023,other,other,Latent skill model (KC),OTHER,other,accuracy,0.7225,positive,Next-step item response correctness (binary),student,,74.0,,False,medium
10.1016/j.learninstruc.2025.102243,Civic Education Outcomes After Emergency Lockdowns: International Evidence from the COVID-19 Pandemic,2026,other,other,Avg. Stringency,OTHER,other,standardized_beta,-0.035,negative,Civic knowledge change (PV-based scale),country,,107995.0,True,True,high
10.1016/j.learninstruc.2025.102243,Civic Education Outcomes After Emergency Lockdowns: International Evidence from the COVID-19 Pandemic,2026,other,other,Days Closed,OTHER,other,standardized_beta,-0.041,negative,Civic knowledge change (PV-based scale),country,,107995.0,True,True,high
10.1016/j.learninstruc.2025.102243,Civic Education Outcomes After Emergency Lockdowns: International Evidence from the COVID-19 Pandemic,2026,other,other,Avg. Stringency,OTHER,other,standardized_beta,-0.057,negative,Trust in civic institutions change (INTRUST scale),country,,104088.0,True,True,high
10.1016/j.learninstruc.2025.102243,Civic Education Outcomes After Emergency Lockdowns: International Evidence from the COVID-19 Pandemic,2026,other,other,Days Closed,OTHER,other,standardized_beta,-0.076,negative,Trust in civic institutions change (INTRUST scale),country,,104088.0,True,True,high
10.1016/j.stueduc.2025.101482,A critical review and meta-analysis of studies investigating the effects of the professional development teachers typically receive,2025,other,other,PD participation,OTHER,teacher_quality,r_correlation,0.06,,student achievement,other,,,,False,medium
10.1016/j.ijer.2024.102431,Discourse of contemporary chinese ideological and political education: Development directions and teaching methods,2024,other,other,Political Theory,OTHER,other,R2,0.126,positive,socio-political activity,student,1.0,182.0,,False,low
10.1016/j.ijintrel.2024.101980,Immigration status and adolescents’ voting intention in European countries: The importance of immigrant integration policy context,2024,other,other,MIPEX_education policy,OTHER,other,standardized_beta,0.068,positive,First-generation/native voting intention contrast,country,17.0,2877.0,,True,medium
10.1016/j.ijintrel.2024.101980,Immigration status and adolescents’ voting intention in European countries: The importance of immigrant integration policy context,2024,other,other,MIPEX_political participation,OTHER,other,standardized_beta,0.029,,First-generation/native voting intention contrast,country,17.0,2877.0,,True,medium
10.1016/j.ijintrel.2024.101980,Immigration status and adolescents’ voting intention in European countries: The importance of immigrant integration policy context,2024,other,other,MIPEX_citizenship acquisition,OTHER,other,standardized_beta,0.044,,First-generation/native voting intention contrast,country,17.0,2877.0,,True,medium
10.1016/j.ijintrel.2024.101980,Immigration status and adolescents’ voting intention in European countries: The importance of immigrant integration policy context,2024,other,other,MIPEX_anti-discrimination,OTHER,other,standardized_beta,0.05,,First-generation/native voting intention contrast,country,17.0,2877.0,,True,medium
10.1016/j.ijedudev.2025.103316,Opportunities or risks for civic education in electoral democracies? Evidence from Nigeria,2025,other,other,Socioeconomic status (SES),SES_COMPOSITE,SES,other,,mixed,intended political participation outcomes,student,1.0,3118.0,,False,medium
10.1016/j.ijedudev.2025.103316,Opportunities or risks for civic education in electoral democracies? Evidence from Nigeria,2025,other,other,Political knowledge,OTHER,other,other,,mixed,intended political participation outcomes,student,1.0,3118.0,,False,medium
10.1016/j.ijedudev.2025.103316,Opportunities or risks for civic education in electoral democracies? Evidence from Nigeria,2025,other,other,Democratic norms,OTHER,other,other,,mixed,intended political participation outcomes,student,1.0,3118.0,,False,medium
10.1016/j.ijedudev.2025.103316,Opportunities or risks for civic education in electoral democracies? Evidence from Nigeria,2025,other,other,Institutional trust,OTHER,other,other,,positive,intended political participation outcomes,student,1.0,3118.0,,False,medium
10.1016/j.tate.2019.102876,Pre-service teachers' perceptions of teacher morality in China,2019,other,other,Political identity (PI),OTHER,other,standardized_beta,0.377,positive,Teacher morality perception,student,1.0,203.0,,False,medium
10.1016/j.tate.2019.102876,Pre-service teachers' perceptions of teacher morality in China,2019,other,other,Scientific spirit (SS),OTHER,other,standardized_beta,0.249,positive,Teacher morality perception,student,1.0,203.0,,False,medium
10.1016/j.tate.2019.102876,Pre-service teachers' perceptions of teacher morality in China,2019,other,other,Rule-of-law awareness (LA),OTHER,other,standardized_beta,0.289,positive,Teacher morality perception,student,1.0,203.0,,False,medium
10.1016/j.tate.2019.102876,Pre-service teachers' perceptions of teacher morality in China,2019,other,other,Teacher morality perception,OTHER,other,standardized_beta,0.695,positive,Political-civic competence perception,student,1.0,203.0,,False,medium
10.1016/j.tate.2019.102876,Pre-service teachers' perceptions of teacher morality in China,2019,other,other,CCP membership,OTHER,other,standardized_beta,-0.106,negative,Political-civic competence perception,student,1.0,203.0,,False,medium
10.1016/j.stueduc.2025.101505,Students’ multicultural attitudes and the role of background characteristics,2025,other,other,Gender,GENDER,gender,standardized_beta,0.44,positive,Multicultural attitudes (Know),student,1.0,450.0,,False,medium
10.1016/j.stueduc.2025.101505,Students’ multicultural attitudes and the role of background characteristics,2025,other,other,Gender,GENDER,gender,standardized_beta,0.35,positive,Multicultural attitudes (Care),student,1.0,450.0,,False,medium
10.1016/j.stueduc.2025.101505,Students’ multicultural attitudes and the role of background characteristics,2025,other,other,Gender,GENDER,gender,standardized_beta,0.37,positive,Multicultural attitudes (Act),student,1.0,450.0,,False,medium
10.1016/j.stueduc.2025.101505,Students’ multicultural attitudes and the role of background characteristics,2025,other,other,Gender,GENDER,gender,standardized_beta,0.27,positive,Social desirability bias,student,1.0,450.0,,False,medium
10.1016/j.stueduc.2025.101505,Students’ multicultural attitudes and the role of background characteristics,2025,other,other,Social desirability bias,OTHER,other,standardized_beta,0.34,positive,Multicultural attitudes (Care),student,1.0,450.0,,False,medium
10.1016/j.stueduc.2025.101505,Students’ multicultural attitudes and the role of background characteristics,2025,other,other,Social desirability bias,OTHER,other,standardized_beta,0.43,positive,Multicultural attitudes (Act),student,1.0,450.0,,False,medium
10.1016/j.ijedudev.2024.103130,The civic side of American charter schools,2024,other,other,School type (charter/private),SCHOOL_RESOURCES,school_climate,other,-3.37,,Civics achievement (Plausible Values),school,1.0,,True,True,high
10.1016/j.ijedudev.2024.103130,The civic side of American charter schools,2024,other,other,School type (charter/private),SCHOOL_RESOURCES,school_climate,other,18.57,positive,Civics achievement (Plausible Values),school,1.0,,True,True,high
10.1016/j.ijedudev.2024.103130,The civic side of American charter schools,2024,other,other,Teacher civics instructional time,INSTRUCTIONAL_TIME,instructional_time,other,-0.09,,Civics achievement (Plausible Values),school,1.0,,True,True,high
10.1016/j.ijedudev.2024.103130,The civic side of American charter schools,2024,other,other,Teacher credential level,OTHER,teacher_quality,other,-1.3,,Civics achievement (Plausible Values),school,1.0,,True,True,high
10.1016/j.ijedudev.2024.103130,The civic side of American charter schools,2024,other,other,School type (charter/private),SCHOOL_RESOURCES,school_climate,other,5.41,,Civics achievement (Plausible Values),school,1.0,,True,True,high
10.1016/j.ijedudev.2024.103130,The civic side of American charter schools,2024,other,other,School type (charter/private),SCHOOL_RESOURCES,school_climate,other,17.96,positive,Civics achievement (Plausible Values),school,1.0,,True,True,high
10.1016/j.ijedudev.2024.103130,The civic side of American charter schools,2024,other,other,Teacher civics instructional time,INSTRUCTIONAL_TIME,instructional_time,other,0.75,,Civics achievement (Plausible Values),school,1.0,,True,True,high
10.1016/j.ijedudev.2024.103130,The civic side of American charter schools,2024,other,other,Teacher credential level,OTHER,teacher_quality,other,-1.93,,Civics achievement (Plausible Values),school,1.0,,True,True,high
10.1016/j.ijedudev.2024.103130,The civic side of American charter schools,2024,other,other,School type (charter/private),SCHOOL_RESOURCES,school_climate,other,4.36,,Civics achievement (Plausible Values),school,1.0,,True,True,high
10.1016/j.ijedudev.2024.103130,The civic side of American charter schools,2024,other,other,School type (charter/private),SCHOOL_RESOURCES,school_climate,other,11.55,positive,Civics achievement (Plausible Values),school,1.0,,True,True,high
10.1016/j.ijedudev.2024.103130,The civic side of American charter schools,2024,other,other,Teacher civics instructional time,INSTRUCTIONAL_TIME,instructional_time,other,0.11,,Civics achievement (Plausible Values),school,1.0,,True,True,high
10.1016/j.ijedudev.2024.103130,The civic side of American charter schools,2024,other,other,Teacher credential level,OTHER,teacher_quality,other,-3.62,,Civics achievement (Plausible Values),school,1.0,,True,True,high
10.1016/j.ijedudev.2024.103130,The civic side of American charter schools,2024,other,other,School type (charter/private),SCHOOL_RESOURCES,school_climate,other,5.44,,Civics achievement (Plausible Values),school,1.0,,True,True,high
10.1016/j.ijedudev.2024.103130,The civic side of American charter schools,2024,other,other,School type (charter/private),SCHOOL_RESOURCES,school_climate,other,17.38,positive,Civics achievement (Plausible Values),school,1.0,,True,True,high
10.1016/j.adolescence.2014.05.001,Adolescents' expected civic participation: The role of civic knowledge and efficacy beliefs,2014,other,other,Socioeconomic background (NISB),SES_COMPOSITE,SES,R2,0.61,positive,expected civic participation,student,1.0,3352.0,True,True,high
10.1016/j.adolescence.2014.05.001,Adolescents' expected civic participation: The role of civic knowledge and efficacy beliefs,2014,other,other,Internal political efficacy,OTHER,self_efficacy,other,,positive,expected civic participation,student,1.0,3352.0,True,True,high
10.1016/j.adolescence.2014.05.001,Adolescents' expected civic participation: The role of civic knowledge and efficacy beliefs,2014,other,other,Citizenship self-efficacy,SELF_EFFICACY,self_efficacy,other,,positive,expected civic participation,student,1.0,3352.0,True,True,high
10.1016/j.adolescence.2014.05.001,Adolescents' expected civic participation: The role of civic knowledge and efficacy beliefs,2014,other,other,Civic knowledge (PV score),OTHER,prior_achievement,other,,positive,expected civic participation,student,1.0,3352.0,True,True,high
10.1016/j.adolescence.2014.05.001,Adolescents' expected civic participation: The role of civic knowledge and efficacy beliefs,2014,other,other,Gender (boys vs girls),GENDER,gender,other,,mixed,expected civic participation,student,1.0,3352.0,True,True,high
10.1016/j.appdev.2019.101104,Adolescents’ transitions between different views on democracy: Examining individual-level moderators,2020,other,other,Social movement participation,OTHER,other,odds_ratio,0.71,negative,Latent transition from liberal to conventional view,student,1.0,768.0,False,False,medium
10.1016/j.appdev.2019.101104,Adolescents’ transitions between different views on democracy: Examining individual-level moderators,2020,other,other,Standard political participation,OTHER,other,odds_ratio,0.78,negative,Latent transition from liberal to conventional view,student,1.0,768.0,False,False,medium
10.1016/j.appdev.2019.101104,Adolescents’ transitions between different views on democracy: Examining individual-level moderators,2020,other,other,Community service,OTHER,other,odds_ratio,0.38,negative,Latent transition from liberal to conventional view,student,1.0,768.0,False,False,medium
10.1016/j.appdev.2019.101104,Adolescents’ transitions between different views on democracy: Examining individual-level moderators,2020,other,other,Gender (female),GENDER,gender,odds_ratio,0.34,negative,Latent transition from liberal to majority-oriented view,student,1.0,768.0,False,False,medium
10.1016/j.appdev.2019.101104,Adolescents’ transitions between different views on democracy: Examining individual-level moderators,2020,other,other,Institutional trust,OTHER,other,odds_ratio,0.26,negative,Latent transition from liberal to majority-oriented view,student,1.0,768.0,False,False,medium
10.1016/j.heliyon.2023.e21319,Pedagogical practices and civic knowledge and engagement in Latin America: Multilevel analysis using ICCS data,2023,other,other,Civic learning at school (S_CIVLRN),OTHER,other,other,,positive,Civic Knowledge and Engagement (SCKE) score (Plausible Values),student,5.0,,True,True,medium
10.1016/j.heliyon.2023.e21319,Pedagogical practices and civic knowledge and engagement in Latin America: Multilevel analysis using ICCS data,2023,other,other,Openness in classroom discussions (OPDISC),OTHER,other,other,,positive,Civic Knowledge and Engagement (SCKE) score (Plausible Values),student,5.0,,True,True,medium
10.1016/j.heliyon.2023.e21319,Pedagogical practices and civic knowledge and engagement in Latin America: Multilevel analysis using ICCS data,2023,other,other,Civic participation in wider community (S_COMPART),OTHER,other,other,,negative,Civic Knowledge and Engagement (SCKE) score (Plausible Values),student,5.0,,True,True,medium
10.1016/j.heliyon.2023.e21319,Pedagogical practices and civic knowledge and engagement in Latin America: Multilevel analysis using ICCS data,2023,other,other,Expected education level (ISCED) (S_ISCED),PARENTAL_EDUCATION,other,other,,positive,Civic Knowledge and Engagement (SCKE) score (Plausible Values),student,5.0,,True,True,medium
10.1016/j.heliyon.2023.e21319,Pedagogical practices and civic knowledge and engagement in Latin America: Multilevel analysis using ICCS data,2023,other,other,Home literacy resources (S_HOMLIT),OTHER,SES/home_resources,other,,positive,Civic Knowledge and Engagement (SCKE) score (Plausible Values),student,5.0,,True,True,medium
10.1016/j.ijer.2025.102574,Are educated individuals more likely to be civically engaged? Evidence from rural Bangladesh,2025,other,other,Education level (no to tertiary),PARENTAL_EDUCATION,other,other,0.231,positive,Civic engagement: Contributions (integrated count score),student,1.0,24440.0,False,True,medium
10.1016/j.ijer.2025.102574,Are educated individuals more likely to be civically engaged? Evidence from rural Bangladesh,2025,other,other,Education level (no to tertiary),PARENTAL_EDUCATION,other,other,0.122,positive,Contribution: Religious establishment building,student,1.0,24440.0,False,True,medium
10.1016/j.ijer.2025.102574,Are educated individuals more likely to be civically engaged? Evidence from rural Bangladesh,2025,other,other,Education level (no to tertiary),PARENTAL_EDUCATION,other,other,0.038,positive,Contribution: Development/public works,student,1.0,24440.0,False,True,medium
10.1016/j.ijer.2025.102574,Are educated individuals more likely to be civically engaged? Evidence from rural Bangladesh,2025,other,other,Education level (no to tertiary),PARENTAL_EDUCATION,other,other,0.04,positive,Contribution: Roads,student,1.0,24440.0,False,True,medium
10.1016/j.ijer.2025.102574,Are educated individuals more likely to be civically engaged? Evidence from rural Bangladesh,2025,other,other,Education level (no to tertiary),PARENTAL_EDUCATION,other,other,,,Contribution: Irrigation maintenance,student,1.0,24440.0,False,True,medium
10.1016/j.ijer.2025.102574,Are educated individuals more likely to be civically engaged? Evidence from rural Bangladesh,2025,other,other,Education level (no to tertiary),PARENTAL_EDUCATION,other,other,0.399,positive,Civic engagement: Community leadership (integrated count score),student,1.0,24440.0,False,True,medium
10.1016/j.ijer.2025.102574,Are educated individuals more likely to be civically engaged? Evidence from rural Bangladesh,2025,other,other,Education level (no to tertiary),PARENTAL_EDUCATION,other,other,0.281,positive,Comfortable public speaker (protesting authorities),student,1.0,24440.0,False,True,medium
10.1016/j.ijer.2025.102574,Are educated individuals more likely to be civically engaged? Evidence from rural Bangladesh,2025,other,other,Education level (no to tertiary),PARENTAL_EDUCATION,other,other,0.296,positive,Comfortable public speaker (wage payment),student,1.0,24440.0,False,True,medium
10.1016/j.paid.2025.113210,Are life goals invariant across different sociocultural and economic conditions? A study on a representative sample of adolescents,2025,other,other,Socioeconomic status (SES),SES_COMPOSITE,SES,standardized_beta,,mixed,Primary study outcome (heuristic migration),student,1.0,3460.0,,True,medium
10.1016/j.paid.2025.113210,Are life goals invariant across different sociocultural and economic conditions? A study on a representative sample of adolescents,2025,other,other,Immigrant background (native vs immigrant),SES_COMPOSITE,other,standardized_beta,0.153,positive,extrinsic general orientation,student,1.0,3460.0,,True,medium
10.1016/j.paid.2025.113210,Are life goals invariant across different sociocultural and economic conditions? A study on a representative sample of adolescents,2025,other,other,Gender (girls vs boys),GENDER,gender,standardized_beta,0.53,positive,extrinsic general orientation,student,1.0,3460.0,,True,medium
10.1016/j.paid.2025.113210,Are life goals invariant across different sociocultural and economic conditions? A study on a representative sample of adolescents,2025,other,other,Gender (girls vs boys),GENDER,gender,standardized_beta,-0.46,negative,intrinsic general orientation,student,1.0,3460.0,,True,medium
10.1016/j.ijer.2024.102501,"Civic education, school climate, and gender in Latin American countries: A path analysis using ICCS 2016 data",2025,other,other,Civic learning at school,OTHER,other,standardized_beta,0.26,positive,Personally responsible citizenship,student,5.0,2016.0,,True,medium
10.1016/j.ijer.2024.102501,"Civic education, school climate, and gender in Latin American countries: A path analysis using ICCS 2016 data",2025,other,other,Civic learning at school,OTHER,other,standardized_beta,0.24,positive,Conventional citizenship,student,5.0,2016.0,,True,medium
10.1016/j.ijer.2024.102501,"Civic education, school climate, and gender in Latin American countries: A path analysis using ICCS 2016 data",2025,other,other,Civic Learning*Gender interaction,GENDER,gender,standardized_beta,-0.17,negative,Personally responsible citizenship,student,5.0,2016.0,,True,medium
10.1016/j.ijer.2024.102501,"Civic education, school climate, and gender in Latin American countries: A path analysis using ICCS 2016 data",2025,other,other,Civic Learning*Gender interaction,GENDER,gender,standardized_beta,-0.13,negative,Conventional citizenship,student,5.0,2016.0,,True,medium
10.1016/j.learninstruc.2023.101869,Classroom emotions in civic education: A multilevel approach to antecedents and effects,2024,other,other,Open classroom climate (relative to class mean),SCHOOL_CLIMATE,school_climate,R2,0.086,positive,Political knowledge,student,1.0,1162.0,,True,medium
10.1016/j.learninstruc.2023.101869,Classroom emotions in civic education: A multilevel approach to antecedents and effects,2024,other,other,Open classroom climate (relative to class mean),SCHOOL_CLIMATE,school_climate,R2,0.84,positive,Political knowledge,school,1.0,1162.0,,True,medium
10.1016/j.learninstruc.2023.101869,Classroom emotions in civic education: A multilevel approach to antecedents and effects,2024,other,other,Enjoyment,MOTIVATION,motivation,R2,0.147,positive,Political knowledge,student,1.0,1162.0,,True,medium
10.1016/j.learninstruc.2023.101869,Classroom emotions in civic education: A multilevel approach to antecedents and effects,2024,other,other,Shame,OTHER,anxiety,R2,0.197,negative,Political knowledge,student,1.0,1162.0,,True,medium
10.1016/j.learninstruc.2023.101869,Classroom emotions in civic education: A multilevel approach to antecedents and effects,2024,other,other,Anxiety,ANXIETY,anxiety,R2,0.211,negative,Political knowledge,student,1.0,1162.0,,True,medium
10.1016/j.learninstruc.2023.101869,Classroom emotions in civic education: A multilevel approach to antecedents and effects,2024,other,other,Boredom,OTHER,anxiety,R2,0.159,negative,Political knowledge,student,1.0,1162.0,,True,medium
10.1016/j.childyouth.2020.104847,Factors affecting youth citizenship in accordance with socioeconomic background,2020,other,other,Gender (male=1),GENDER,gender,R2,0.287,positive,Cognitive citizen participation,student,1.0,4785.0,False,False,medium
10.1016/j.childyouth.2020.104847,Factors affecting youth citizenship in accordance with socioeconomic background,2020,other,other,Self-esteem,OTHER,motivation,R2,0.287,positive,Cognitive citizen participation,student,1.0,4785.0,False,False,medium
10.1016/j.childyouth.2020.104847,Factors affecting youth citizenship in accordance with socioeconomic background,2020,other,other,Occupational view,OTHER,motivation,R2,0.287,positive,Cognitive citizen participation,student,1.0,4785.0,False,False,medium
10.1016/j.childyouth.2020.104847,Factors affecting youth citizenship in accordance with socioeconomic background,2020,other,other,Peer support,OTHER,belonging,R2,0.287,positive,Cognitive citizen participation,student,1.0,4785.0,False,False,medium
10.1016/j.childyouth.2020.104847,Factors affecting youth citizenship in accordance with socioeconomic background,2020,other,other,Reading behavior,OTHER,motivation,R2,0.287,positive,Cognitive citizen participation,student,1.0,4785.0,False,False,medium
10.1016/j.childyouth.2020.104847,Factors affecting youth citizenship in accordance with socioeconomic background,2020,other,other,Gender (male=1),GENDER,gender,R2,0.253,positive,Affective-behavioral citizen participation,student,1.0,4785.0,False,False,medium
10.1016/j.childyouth.2020.104847,Factors affecting youth citizenship in accordance with socioeconomic background,2020,other,other,Self-esteem,OTHER,motivation,R2,0.253,positive,Affective-behavioral citizen participation,student,1.0,4785.0,False,False,medium
10.1016/j.childyouth.2020.104847,Factors affecting youth citizenship in accordance with socioeconomic background,2020,other,other,Reading behavior,OTHER,motivation,R2,0.253,positive,Affective-behavioral citizen participation,student,1.0,4785.0,False,False,medium
10.1016/j.childyouth.2020.104847,Factors affecting youth citizenship in accordance with socioeconomic background,2020,other,other,Volunteer experience,OTHER,other,R2,0.253,positive,Affective-behavioral citizen participation,student,1.0,4785.0,False,False,medium
10.1016/j.childyouth.2020.104847,Factors affecting youth citizenship in accordance with socioeconomic background,2020,other,other,Student–teacher relationship,OTHER,teacher_quality,R2,0.253,positive,Affective-behavioral citizen participation,student,1.0,4785.0,False,False,medium
10.1016/j.jssr.2023.01.001,Is classroom diversity related to citizenship competences of ethnic minority and majority students?,2023,other,other,Classroom ethnic diversity,OTHER,school_climate,standardized_beta,0.07,,Citizenship knowledge,student,1.0,2565.0,True,True,medium
10.1016/j.jssr.2023.01.001,Is classroom diversity related to citizenship competences of ethnic minority and majority students?,2023,other,other,Classroom ethnic diversity,OTHER,school_climate,standardized_beta,-0.52,negative,Trust in civic institutions,student,1.0,2565.0,True,True,medium
10.1016/j.jssr.2023.01.001,Is classroom diversity related to citizenship competences of ethnic minority and majority students?,2023,other,other,Classroom ethnic diversity,OTHER,school_climate,standardized_beta,0.51,positive,Support for gender equality,student,1.0,2565.0,True,True,medium
10.1016/j.ijedro.2023.100281,Measuring education: Do we need a plethora of assessment studies or just a single score?,2023,TIMSS,science,TIMSS 2019 mathematics,OTHER,prior_achievement,r_correlation,0.94,positive,science score,country,,,,False,medium
10.1016/j.ijedro.2023.100281,Measuring education: Do we need a plethora of assessment studies or just a single score?,2023,TIMSS,other,TIMSS 2019 mathematics,OTHER,prior_achievement,r_correlation,,mixed,ICCS 2016,country,,,,False,medium
10.1016/j.electstud.2015.11.003,Measuring the civic duty to vote: A proposal,2016,other,other,Political interest,MOTIVATION,motivation,R2,0.15,positive,duty scale,student,7.0,22072.0,,False,medium
10.1016/j.electstud.2015.11.003,Measuring the civic duty to vote: A proposal,2016,other,other,Parents said voting duty,OTHER,SES,R2,0.15,positive,duty scale,student,7.0,22072.0,,False,medium
10.1016/j.electstud.2015.11.003,Measuring the civic duty to vote: A proposal,2016,other,other,Age,AGE_GRADE,other,R2,0.15,positive,duty scale,student,7.0,22072.0,,False,medium
10.1016/j.lcsi.2020.100429,The impact of schooling on trust in political institutions – Differences arising from students' immigration backgrounds,2020,other,other,Student-teacher relationships,OTHER,school_climate,other,,positive,Trust in Political Institutions (TIPI),student,1.0,1451.0,True,True,medium
10.1016/j.lcsi.2020.100429,The impact of schooling on trust in political institutions – Differences arising from students' immigration backgrounds,2020,other,other,Student-student relationships,OTHER,school_climate,other,,positive,Trust in Political Institutions (TIPI),student,1.0,1451.0,True,True,medium
10.1016/j.lcsi.2020.100429,The impact of schooling on trust in political institutions – Differences arising from students' immigration backgrounds,2020,other,other,Civic knowledge,OTHER,curriculum,other,,mixed,Trust in Political Institutions (TIPI),student,1.0,1451.0,True,True,medium
10.1016/j.lcsi.2020.100429,The impact of schooling on trust in political institutions – Differences arising from students' immigration backgrounds,2020,other,other,National identity,OTHER,other,other,,positive,Trust in Political Institutions (TIPI),student,1.0,1451.0,True,True,medium
10.1016/j.compedu.2026.105603,Gaining tolerance of immigrants through simulating migratory experiences: Quasi-experimental evidence from secondary school classrooms,2026,other,other,Baseline ATI,OTHER,motivation,R2,0.737,positive,Attitudes towards immigrants (ATI) posttest score,student,1.0,148.0,,True,medium
10.1016/j.compedu.2026.105603,Gaining tolerance of immigrants through simulating migratory experiences: Quasi-experimental evidence from secondary school classrooms,2026,other,other,Perceived learning,OTHER,motivation,standardized_beta,,positive,Attitudes towards immigrants (ATI) posttest score,student,1.0,148.0,,True,medium
10.1016/j.compedu.2026.105603,Gaining tolerance of immigrants through simulating migratory experiences: Quasi-experimental evidence from secondary school classrooms,2026,other,other,Parents political interest,MOTIVATION,SES,standardized_beta,,positive,Attitudes towards immigrants (ATI) posttest score,student,1.0,148.0,,True,medium
10.1016/j.compedu.2026.105603,Gaining tolerance of immigrants through simulating migratory experiences: Quasi-experimental evidence from secondary school classrooms,2026,other,other,Amount of playing time,OTHER,instructional_time,standardized_beta,,positive,Attitudes towards immigrants (ATI) posttest score,student,1.0,148.0,,True,medium
10.1016/j.compedu.2026.105603,Gaining tolerance of immigrants through simulating migratory experiences: Quasi-experimental evidence from secondary school classrooms,2026,other,other,Interaction: prior knowledge × playing time,OTHER,other,standardized_beta,0.125,positive,Attitudes towards immigrants (ATI) posttest score,student,1.0,148.0,,True,medium
10.1016/j.compedu.2026.105603,Gaining tolerance of immigrants through simulating migratory experiences: Quasi-experimental evidence from secondary school classrooms,2026,other,other,Baseline ATI,OTHER,motivation,r_correlation,0.3288,positive,Social tolerance towards immigrants posttest score,student,1.0,148.0,,True,medium
10.1016/j.compedu.2026.105603,Gaining tolerance of immigrants through simulating migratory experiences: Quasi-experimental evidence from secondary school classrooms,2026,other,other,Perceived learning,OTHER,motivation,r_correlation,0.3288,positive,Social tolerance towards immigrants posttest score,student,1.0,148.0,,True,medium
10.1016/j.compedu.2026.105603,Gaining tolerance of immigrants through simulating migratory experiences: Quasi-experimental evidence from secondary school classrooms,2026,other,other,Amount of playing time,OTHER,instructional_time,r_correlation,0.3288,positive,Social tolerance towards immigrants posttest score,student,1.0,148.0,,True,medium
10.1016/j.compedu.2026.105603,Gaining tolerance of immigrants through simulating migratory experiences: Quasi-experimental evidence from secondary school classrooms,2026,other,other,Parents political interest,MOTIVATION,SES,r_correlation,0.3288,positive,Social tolerance towards immigrants posttest score,student,1.0,148.0,,True,medium
10.1016/j.compedu.2026.105637,Social inequality in digital competencies among students in Germany: A trend analysis using ICILS data 2013-2023,2026,other,other,Parental SES (ISEI),SES_COMPOSITE,SES,other,25.0,positive,Digital competencies (CIL achievement; plausible values),student,1.0,8548.0,True,True,high
10.1016/j.compedu.2026.105637,Social inequality in digital competencies among students in Germany: A trend analysis using ICILS data 2013-2023,2026,other,other,Books at home (>100),HOME_RESOURCES,SES,other,,positive,Digital competencies (CIL achievement; plausible values),student,1.0,8548.0,True,True,high
10.1016/j.compedu.2026.105637,Social inequality in digital competencies among students in Germany: A trend analysis using ICILS data 2013-2023,2026,other,other,Upper secondary school track,OTHER,school_climate,other,,positive,Digital competencies (CIL achievement; plausible values),student,1.0,8548.0,True,True,high
10.1016/j.compedu.2026.105637,Social inequality in digital competencies among students in Germany: A trend analysis using ICILS data 2013-2023,2026,other,other,Number of digital devices,ICT_ACCESS,ICT,other,,positive,Digital competencies (CIL achievement; plausible values),student,1.0,8548.0,True,True,high
10.1016/j.compedu.2026.105637,Social inequality in digital competencies among students in Germany: A trend analysis using ICILS data 2013-2023,2026,other,other,Educational digital media use,ICT_ACCESS,ICT,other,,positive,Digital competencies (CIL achievement; plausible values),student,1.0,8548.0,True,True,high
10.1016/j.tate.2021.103346,Digital learning in schools: What does it take beyond digital technology?,2021,other,other,Basic digital skills,ICT_ACCESS,ICT,standardized_beta,0.41,positive,frequency of digital technology use during teaching,other,1.0,,,False,medium
10.1016/j.tate.2021.103346,Digital learning in schools: What does it take beyond digital technology?,2021,other,other,Basic digital skills,ICT_ACCESS,ICT,standardized_beta,0.37,positive,passive learning activities,other,1.0,,,False,medium
10.1016/j.tate.2021.103346,Digital learning in schools: What does it take beyond digital technology?,2021,other,other,Basic digital skills,ICT_ACCESS,ICT,standardized_beta,0.29,positive,active learning activities,other,1.0,,,False,medium
10.1016/j.tate.2021.103346,Digital learning in schools: What does it take beyond digital technology?,2021,other,other,Basic digital skills,ICT_ACCESS,ICT,standardized_beta,0.34,positive,interactive learning activities,other,1.0,,,False,medium
10.1016/j.tate.2021.103346,Digital learning in schools: What does it take beyond digital technology?,2021,other,other,Technology-related teaching skills,OTHER,ICT,standardized_beta,0.3,positive,constructive learning activities,other,1.0,,,False,medium
10.1016/j.tate.2021.103346,Digital learning in schools: What does it take beyond digital technology?,2021,other,other,Digital technology in school,ICT_ACCESS,ICT,standardized_beta,,,frequency of digital technology use during teaching,other,1.0,,,False,medium
10.1016/j.tate.2021.103346,Digital learning in schools: What does it take beyond digital technology?,2021,other,other,Digital technology in school,ICT_ACCESS,ICT,standardized_beta,,,learning activities,other,1.0,,,False,medium
10.1016/j.chb.2020.106642,"New technology, new role of parents: How parents' beliefs and behavior affect students’ digital media self-efficacy",2021,PISA,other,Intrinsic value (digital media),ICT_ACCESS,motivation,standardized_beta,,positive,Students’ digital media self-efficacy,student,1.0,1206.0,False,False,medium
10.1016/j.chb.2020.106642,"New technology, new role of parents: How parents' beliefs and behavior affect students’ digital media self-efficacy",2021,PISA,other,Utility value (digital media),ICT_ACCESS,motivation,standardized_beta,,positive,Students’ digital media self-efficacy,student,1.0,1206.0,False,False,medium
10.1016/j.chb.2020.106642,"New technology, new role of parents: How parents' beliefs and behavior affect students’ digital media self-efficacy",2021,PISA,other,Attainment value (digital media),ICT_ACCESS,motivation,standardized_beta,,positive,Students’ digital media self-efficacy,student,1.0,1206.0,False,False,medium
10.1016/j.chb.2020.106642,"New technology, new role of parents: How parents' beliefs and behavior affect students’ digital media self-efficacy",2021,PISA,other,Emotional cost (digital media),ICT_ACCESS,motivation,standardized_beta,,negative,Students’ digital media self-efficacy,student,1.0,1206.0,False,False,medium
10.1016/j.chb.2020.106642,"New technology, new role of parents: How parents' beliefs and behavior affect students’ digital media self-efficacy",2021,PISA,other,Opportunity cost (digital media),ICT_ACCESS,motivation,standardized_beta,,negative,Students’ digital media self-efficacy,student,1.0,1206.0,False,False,medium
10.1016/j.chb.2020.106642,"New technology, new role of parents: How parents' beliefs and behavior affect students’ digital media self-efficacy",2021,PISA,other,Age of phone provision,AGE_GRADE,ICT,standardized_beta,,positive,Students’ digital media self-efficacy,student,1.0,1206.0,False,False,medium
10.1016/j.rmal.2025.100218,Advancing language education with ChatGPT: A path to cultivate 21st-century digital skills,2025,other,other,ChatGPT accuracy & responsiveness,OTHER,ICT,standardized_beta,0.212,positive,Information management,student,1.0,236.0,False,False,low
10.1016/j.rmal.2025.100218,Advancing language education with ChatGPT: A path to cultivate 21st-century digital skills,2025,other,other,ChatGPT personalization,OTHER,ICT,standardized_beta,0.334,positive,Information evaluation,student,1.0,236.0,False,False,low
10.1016/j.rmal.2025.100218,Advancing language education with ChatGPT: A path to cultivate 21st-century digital skills,2025,other,other,ChatGPT interactivity,OTHER,ICT,standardized_beta,0.174,positive,Information evaluation,student,1.0,236.0,False,False,low
10.1016/j.rmal.2025.100218,Advancing language education with ChatGPT: A path to cultivate 21st-century digital skills,2025,other,other,ChatGPT accuracy & responsiveness,OTHER,ICT,standardized_beta,0.142,positive,Information evaluation,student,1.0,236.0,False,False,low
10.1016/j.rmal.2025.100218,Advancing language education with ChatGPT: A path to cultivate 21st-century digital skills,2025,other,other,ChatGPT interactivity,OTHER,ICT,standardized_beta,0.149,positive,Digital communication skills,student,1.0,236.0,False,False,low
10.1016/j.rmal.2025.100218,Advancing language education with ChatGPT: A path to cultivate 21st-century digital skills,2025,other,other,ChatGPT accuracy & responsiveness,OTHER,ICT,standardized_beta,0.183,positive,Digital communication skills,student,1.0,236.0,False,False,low
10.1016/j.techsoc.2020.101397,Digital inequality in Austria: Empirical evidence from the survey of the OECD “Programme for the International Assessment of Adult Competencies”,2020,PIAAC,other,Gender,GENDER,gender,other,-7.36,negative,PSTRE digital problem-solving score,student,1.0,2542.0,True,True,high
10.1016/j.techsoc.2020.101397,Digital inequality in Austria: Empirical evidence from the survey of the OECD “Programme for the International Assessment of Adult Competencies”,2020,PIAAC,other,Age,AGE_GRADE,other,other,-0.69,negative,PSTRE digital problem-solving score,student,1.0,2542.0,True,True,high
10.1016/j.techsoc.2020.101397,Digital inequality in Austria: Empirical evidence from the survey of the OECD “Programme for the International Assessment of Adult Competencies”,2020,PIAAC,other,Years of schooling,OTHER,SES,other,3.89,positive,PSTRE digital problem-solving score,student,1.0,2542.0,True,True,high
10.1016/j.techsoc.2020.101397,Digital inequality in Austria: Empirical evidence from the survey of the OECD “Programme for the International Assessment of Adult Competencies”,2020,PIAAC,other,ICT use in everyday life,ICT_ACCESS,ICT,other,6.2,positive,PSTRE digital problem-solving score,student,1.0,2542.0,True,True,high
10.1016/j.compedu.2020.103877,Student teachers’ responsible use of ICT: Examining two samples in Spain and Norway,2020,other,other,Perceived competence in cyberbullying,SCHOOL_CLIMATE,other,r_correlation,0.69,positive,Perceived competence in privacy issues,student,2.0,1244.0,,False,medium
10.1016/j.compedu.2020.103877,Student teachers’ responsible use of ICT: Examining two samples in Spain and Norway,2020,other,other,Ability to evaluate digital content,ICT_ACCESS,other,r_correlation,0.34,positive,Perceived competence in privacy issues,student,2.0,1244.0,,False,medium
10.1016/j.compedu.2020.103877,Student teachers’ responsible use of ICT: Examining two samples in Spain and Norway,2020,other,other,Perceived competence in privacy,OTHER,other,r_correlation,0.69,positive,Perceived competence in handling cyberbullying,student,2.0,1244.0,,False,medium
10.1016/j.compedu.2020.103877,Student teachers’ responsible use of ICT: Examining two samples in Spain and Norway,2020,other,other,Ability to evaluate digital content,ICT_ACCESS,other,r_correlation,0.19,positive,Perceived competence in handling cyberbullying,student,2.0,1244.0,,False,medium
10.1016/j.compedu.2020.103877,Student teachers’ responsible use of ICT: Examining two samples in Spain and Norway,2020,other,other,Perceived competence in privacy,OTHER,other,r_correlation,0.34,positive,Ability to evaluate digital content,student,2.0,1244.0,,False,medium
10.1016/j.compedu.2020.103877,Student teachers’ responsible use of ICT: Examining two samples in Spain and Norway,2020,other,other,Perceived competence in cyberbullying,SCHOOL_CLIMATE,other,r_correlation,0.19,positive,Ability to evaluate digital content,student,2.0,1244.0,,False,medium
10.1016/j.ssresearch.2025.103202,The development of ICT skills in adolescence at the intersection of gender and family background,2025,other,other,Gender,GENDER,gender,standardized_beta,-0.11,negative,ICT skills in grade 9 (WLE),student,1.0,14137.0,True,False,medium
10.1016/j.ssresearch.2025.103202,The development of ICT skills in adolescence at the intersection of gender and family background,2025,other,other,Language use at home,AGE_GRADE,SES/home_resources,standardized_beta,-0.33,negative,ICT skills in grade 9 (WLE),student,1.0,14137.0,True,False,medium
10.1016/j.ssresearch.2025.103202,The development of ICT skills in adolescence at the intersection of gender and family background,2025,other,other,Number of books at home,HOME_RESOURCES,SES/home_resources,standardized_beta,0.18,positive,ICT skills in grade 9 (WLE),student,1.0,14137.0,True,False,medium
10.1016/j.ssresearch.2025.103202,The development of ICT skills in adolescence at the intersection of gender and family background,2025,other,other,Household equivalence income,OTHER,SES/home_resources,standardized_beta,0.02,positive,ICT skills in grade 9 (WLE),student,1.0,14137.0,True,False,medium
10.1016/j.ssresearch.2025.103202,The development of ICT skills in adolescence at the intersection of gender and family background,2025,other,other,Gender,GENDER,gender,standardized_beta,-0.28,negative,ICT skills change from grade 9 to grade 12 (WLE),student,1.0,14137.0,True,False,medium
10.1016/j.ssresearch.2025.103202,The development of ICT skills in adolescence at the intersection of gender and family background,2025,other,other,Grade 9 ICT skills (WLE),ICT_ACCESS,prior_achievement,standardized_beta,0.54,positive,ICT skills change from grade 9 to grade 12 (WLE),student,1.0,14137.0,True,False,medium
10.1016/j.appdev.2022.101481,Classes of problematic smartphone use and information and communication technology (ICT) self-efficacy,2022,other,other,Gender,GENDER,gender,odds_ratio,1.58,positive,Latent class membership: PSU & ICT self-efficacy classes,student,1.0,1275.0,,False,medium
10.1016/j.appdev.2022.101481,Classes of problematic smartphone use and information and communication technology (ICT) self-efficacy,2022,other,other,Family socioeconomic status (SES),SES_COMPOSITE,SES,odds_ratio,0.57,negative,Latent class membership: PSU & ICT self-efficacy classes,student,1.0,1275.0,,False,medium
10.1016/j.appdev.2022.101481,Classes of problematic smartphone use and information and communication technology (ICT) self-efficacy,2022,other,other,Entertainment smartphone use,OTHER,other,odds_ratio,3.09,positive,Latent class membership: PSU & ICT self-efficacy classes,student,1.0,1275.0,,False,medium
10.1016/j.appdev.2022.101481,Classes of problematic smartphone use and information and communication technology (ICT) self-efficacy,2022,other,other,Information-seeking smartphone use,OTHER,other,odds_ratio,0.6,negative,Latent class membership: PSU & ICT self-efficacy classes,student,1.0,1275.0,,False,medium
10.1016/j.appdev.2022.101481,Classes of problematic smartphone use and information and communication technology (ICT) self-efficacy,2022,other,other,Study smartphone use,OTHER,other,odds_ratio,0.58,negative,Latent class membership: PSU & ICT self-efficacy classes,student,1.0,1275.0,,False,medium
10.1016/j.compedu.2023.104833,Multilevel analysis of the effects of principal support and innovative school climate on the integration of technology in learning activities,2023,other,other,Principal support,OTHER,school_climate,standardized_beta,0.164,positive,Passive technology use,school,1.0,364.0,,False,medium
10.1016/j.compedu.2023.104833,Multilevel analysis of the effects of principal support and innovative school climate on the integration of technology in learning activities,2023,other,other,Innovative school climate,SCHOOL_CLIMATE,school_climate,standardized_beta,0.224,positive,Passive technology use,school,1.0,364.0,,False,medium
10.1016/j.compedu.2023.104833,Multilevel analysis of the effects of principal support and innovative school climate on the integration of technology in learning activities,2023,other,other,Innovative school climate,SCHOOL_CLIMATE,school_climate,standardized_beta,0.219,positive,Passive technology use,school,1.0,364.0,,False,medium
10.1016/j.compedu.2023.104833,Multilevel analysis of the effects of principal support and innovative school climate on the integration of technology in learning activities,2023,other,other,Innovative school climate,SCHOOL_CLIMATE,school_climate,standardized_beta,0.372,positive,Active technology use,school,1.0,364.0,,False,medium
10.1016/j.compedu.2023.104833,Multilevel analysis of the effects of principal support and innovative school climate on the integration of technology in learning activities,2023,other,other,Innovative school climate,SCHOOL_CLIMATE,school_climate,standardized_beta,0.393,positive,Interactive technology use,school,1.0,364.0,,False,medium
10.1016/j.compedu.2023.104847,What predicts studentsâ€™ future ICT literacy? Evidence from a large-scale study conducted in different stages of secondary school,2023,other,other,ICT literacy (Grade 6),ICT_ACCESS,prior_achievement,standardized_beta,0.45,positive,ICT literacy (Grade 9),student,1.0,6810.0,,True,medium
10.1016/j.compedu.2023.104847,What predicts studentsâ€™ future ICT literacy? Evidence from a large-scale study conducted in different stages of secondary school,2023,other,other,ICT literacy (Grade 9),ICT_ACCESS,prior_achievement,standardized_beta,0.52,positive,ICT literacy (Grade 12),student,1.0,1776.0,,True,medium
10.1016/j.compedu.2023.104847,What predicts studentsâ€™ future ICT literacy? Evidence from a large-scale study conducted in different stages of secondary school,2023,other,other,Socioeconomic status (HISEI),SES_COMPOSITE,SES,standardized_beta,0.18,positive,ICT literacy (Grade 9),student,1.0,6810.0,,True,medium
10.1016/j.compedu.2023.104847,What predicts studentsâ€™ future ICT literacy? Evidence from a large-scale study conducted in different stages of secondary school,2023,other,other,Gender,GENDER,gender,standardized_beta,-0.12,negative,ICT literacy (Grade 9),student,1.0,6810.0,,True,medium
10.1016/j.compedu.2023.104847,What predicts studentsâ€™ future ICT literacy? Evidence from a large-scale study conducted in different stages of secondary school,2023,other,other,Own PC,OTHER,ICT,standardized_beta,0.1,positive,ICT literacy (Grade 9),student,1.0,6810.0,,True,medium
10.1016/j.compedu.2023.104937,How well does the digital home learning environment predict ICT literacy and ICT self-efficacy? Comparing the predictive power of adolescent and parent reports,2023,other,other,Parental ICT values,ICT_ACCESS,other,standardized_beta,0.32,positive,ICT self-efficacy,student,1.0,422.0,,False,medium
10.1016/j.compedu.2023.104937,How well does the digital home learning environment predict ICT literacy and ICT self-efficacy? Comparing the predictive power of adolescent and parent reports,2023,other,other,Monitoring/supervision,OTHER,other,standardized_beta,-0.4,negative,ICT self-efficacy,student,1.0,422.0,,False,medium
10.1016/j.compedu.2023.104937,How well does the digital home learning environment predict ICT literacy and ICT self-efficacy? Comparing the predictive power of adolescent and parent reports,2023,other,other,Parental ICT values,ICT_ACCESS,other,standardized_beta,0.38,positive,ICT literacy,student,1.0,422.0,,False,medium
10.1016/j.compedu.2023.104937,How well does the digital home learning environment predict ICT literacy and ICT self-efficacy? Comparing the predictive power of adolescent and parent reports,2023,other,other,Monitoring/supervision,OTHER,other,standardized_beta,-0.17,negative,ICT literacy,student,1.0,422.0,,False,medium
10.1016/j.compedu.2023.104937,How well does the digital home learning environment predict ICT literacy and ICT self-efficacy? Comparing the predictive power of adolescent and parent reports,2023,other,other,Instructional support,TEACHER_QUALITY,other,standardized_beta,0.2,positive,ICT literacy,student,1.0,422.0,,False,medium
10.1016/j.compedu.2023.104937,How well does the digital home learning environment predict ICT literacy and ICT self-efficacy? Comparing the predictive power of adolescent and parent reports,2023,other,other,Psychological support,OTHER,other,standardized_beta,-0.23,negative,ICT literacy,student,1.0,422.0,,False,medium
10.1016/j.tele.2020.101536,Does the digital divide matter? Factors and conditions that promote ICT literacy,2021,other,other,Computer experience,ICT_ACCESS,ICT,odds_ratio,2.189,positive,CIL achievement profile (successful vs low achieving; PV1; cut-off 500),student,2.0,5967.0,False,,medium
10.1016/j.tele.2020.101536,Does the digital divide matter? Factors and conditions that promote ICT literacy,2021,other,other,Internet connection at home,OTHER,ICT,odds_ratio,2.425,positive,CIL achievement profile (successful vs low achieving; PV1; cut-off 500),student,2.0,5967.0,False,,medium
10.1016/j.tele.2020.101536,Does the digital divide matter? Factors and conditions that promote ICT literacy,2021,other,other,Gender,GENDER,gender,odds_ratio,2.153,positive,CIL achievement profile (successful vs low achieving; PV1; cut-off 500),student,2.0,5967.0,False,,medium
10.1016/j.tele.2020.101536,Does the digital divide matter? Factors and conditions that promote ICT literacy,2021,other,other,Parents’ level of education,OTHER,parental_education,odds_ratio,1.491,positive,CIL achievement profile (successful vs low achieving; PV1; cut-off 500),student,2.0,5967.0,False,,medium
10.1016/j.tele.2020.101536,Does the digital divide matter? Factors and conditions that promote ICT literacy,2021,other,other,Computer experience,ICT_ACCESS,ICT,odds_ratio,2.173,positive,CIL achievement profile (successful vs low achieving; PV1; cut-off 500),student,2.0,5967.0,False,,medium
10.1016/j.tele.2020.101536,Does the digital divide matter? Factors and conditions that promote ICT literacy,2021,other,other,Internet connection at home,OTHER,ICT,odds_ratio,2.386,positive,CIL achievement profile (successful vs low achieving; PV1; cut-off 500),student,2.0,5967.0,False,,medium
10.1016/j.tele.2020.101536,Does the digital divide matter? Factors and conditions that promote ICT literacy,2021,other,other,Gender,GENDER,gender,odds_ratio,1.357,positive,CIL achievement profile (successful vs low achieving; PV1; cut-off 500),student,2.0,5967.0,False,,medium
10.1016/j.tele.2020.101536,Does the digital divide matter? Factors and conditions that promote ICT literacy,2021,other,other,Parents’ level of education,OTHER,parental_education,odds_ratio,3.488,positive,CIL achievement profile (successful vs low achieving; PV1; cut-off 500),student,2.0,5967.0,False,,medium
10.1016/j.ijer.2022.101948,"Comparing tablet and print mode of a german reading comprehension test in grade 3: Influence of test order, gender and language",2022,other,reading,Test order (digital vs print first),ICT_ACCESS,other,η2,0.05,mixed,Word subtest raw score (digital vs print),student,1.0,218.0,,False,medium
10.1016/j.ijer.2022.101948,"Comparing tablet and print mode of a german reading comprehension test in grade 3: Influence of test order, gender and language",2022,other,reading,Test order (digital vs print first),ICT_ACCESS,other,η2,0.33,mixed,Sentence subtest raw score (digital vs print),student,1.0,218.0,,False,medium
10.1016/j.ijer.2022.101948,"Comparing tablet and print mode of a german reading comprehension test in grade 3: Influence of test order, gender and language",2022,other,reading,Test order (digital vs print first),ICT_ACCESS,other,η2,0.17,mixed,Text I subtest raw score (digital vs print),student,1.0,218.0,,False,medium
10.1016/j.ijer.2022.101948,"Comparing tablet and print mode of a german reading comprehension test in grade 3: Influence of test order, gender and language",2022,other,reading,Test order (digital vs print first),ICT_ACCESS,other,η2,0.02,mixed,Text II subtest raw score (digital vs print),student,1.0,218.0,,False,medium
10.1016/j.lindif.2022.102254,Non-cognitive skills and social gaps in digital skills: Evidence from ICILS 2018,2023,other,other,Gender,GENDER,gender,standardized_beta,5.39,positive,CIL test score (plausible values),student,12.0,40403.0,True,True,high
10.1016/j.lindif.2022.102254,Non-cognitive skills and social gaps in digital skills: Evidence from ICILS 2018,2023,other,other,Parental higher education,OTHER,parental_education,standardized_beta,8.83,positive,CIL test score (plausible values),student,12.0,40403.0,True,True,high
10.1016/j.lindif.2022.102254,Non-cognitive skills and social gaps in digital skills: Evidence from ICILS 2018,2023,other,other,Immigrant background,SES_COMPOSITE,other,standardized_beta,-9.31,negative,CIL test score (plausible values),student,12.0,40403.0,True,True,high
10.1016/j.lindif.2022.102254,Non-cognitive skills and social gaps in digital skills: Evidence from ICILS 2018,2023,other,other,Drop in response time,INSTRUCTIONAL_TIME,other,standardized_beta,0.67,positive,CIL test score (plausible values),student,12.0,40403.0,True,True,high
10.1016/j.lindif.2022.102254,Non-cognitive skills and social gaps in digital skills: Evidence from ICILS 2018,2023,other,other,Drop in performance,OTHER,other,standardized_beta,117.65,positive,CIL test score (plausible values),student,12.0,40403.0,True,True,high
10.1016/j.lindif.2022.102254,Non-cognitive skills and social gaps in digital skills: Evidence from ICILS 2018,2023,other,other,Item response rate,OTHER,other,standardized_beta,119.17,positive,CIL test score (plausible values),student,12.0,40403.0,True,True,high
10.1016/j.lindif.2022.102254,Non-cognitive skills and social gaps in digital skills: Evidence from ICILS 2018,2023,other,other,Model 5 R²,OTHER,other,R2,0.37,positive,CIL test score (plausible values),student,12.0,40403.0,True,True,high
10.1016/j.chbr.2024.100369,Computer user profiles in early adolescence and digitally assessed mathematics: A latent class analysis,2024,other,mathematics,Socioeconomic status (ESCS),SES_COMPOSITE,SES,other,,positive,Mathematics ability (Plausible Values),student,1.0,1155.0,True,False,medium
10.1016/j.chbr.2024.100369,Computer user profiles in early adolescence and digitally assessed mathematics: A latent class analysis,2024,other,mathematics,Gender,GENDER,gender,other,,positive,Mathematics ability (Plausible Values),student,1.0,1155.0,True,False,medium
10.1016/j.chbr.2024.100369,Computer user profiles in early adolescence and digitally assessed mathematics: A latent class analysis,2024,other,mathematics,Immigrant background,SES_COMPOSITE,other,other,,,Mathematics ability (Plausible Values),student,1.0,1155.0,True,False,medium
10.1016/j.chbr.2024.100369,Computer user profiles in early adolescence and digitally assessed mathematics: A latent class analysis,2024,other,mathematics,School geographic location,OTHER,other,other,,,Mathematics ability (Plausible Values),student,1.0,1155.0,True,False,medium
10.1016/j.chbr.2024.100369,Computer user profiles in early adolescence and digitally assessed mathematics: A latent class analysis,2024,other,mathematics,Computer user class (LCA typology),ICT_ACCESS,ICT,other,,mixed,Mathematics ability (Plausible Values),student,1.0,1155.0,True,False,medium
10.1016/j.ssaho.2024.101111,Against all expectations? What are the differences between resilient and non-resilient schools in the CIL domain,2024,other,other,School type (resilient vs non-resilient),SCHOOL_RESOURCES,school_climate,other,58.8,positive,"CIL achievement (plausible values, 5 PVs combined)",school,1.0,3115.0,True,True,high
10.1016/j.ssaho.2024.101111,Against all expectations? What are the differences between resilient and non-resilient schools in the CIL domain,2024,other,other,Immigrant background,SES_COMPOSITE,other,other,,negative,"CIL achievement (plausible values, 5 PVs combined)",student,1.0,3115.0,True,True,high
10.1016/j.ssaho.2024.101111,Against all expectations? What are the differences between resilient and non-resilient schools in the CIL domain,2024,other,other,Educational aspirations,OTHER,motivation,other,,positive,"CIL achievement (plausible values, 5 PVs combined)",student,1.0,3115.0,True,True,high
10.1016/j.ssaho.2024.101111,Against all expectations? What are the differences between resilient and non-resilient schools in the CIL domain,2024,other,other,Digital self-efficacy,SELF_EFFICACY,self_efficacy,other,,positive,"CIL achievement (plausible values, 5 PVs combined)",student,1.0,3115.0,True,True,high
10.1016/j.ssaho.2024.101111,Against all expectations? What are the differences between resilient and non-resilient schools in the CIL domain,2024,other,other,Cultural resources,OTHER,SES,other,,positive,"CIL achievement (plausible values, 5 PVs combined)",student,1.0,3115.0,True,True,high
10.1016/j.ssaho.2024.101120,Understanding teacher ICT usage: Insights from ICILS 2018 Korea data,2024,other,other,Professional development (PD),OTHER,teacher_quality,standardized_beta,0.129,positive,ICTPRAC (ICT use for assessment practices),other,1.0,,,False,medium
10.1016/j.ssaho.2024.101120,Understanding teacher ICT usage: Insights from ICILS 2018 Korea data,2024,other,other,Teacher ICT collaboration (COLICT),ICT_ACCESS,ICT,standardized_beta,0.082,positive,ICTPRAC (ICT use for assessment practices),other,1.0,,,False,medium
10.1016/j.ssaho.2024.101120,Understanding teacher ICT usage: Insights from ICILS 2018 Korea data,2024,other,other,Emphasis on ICT capabilities (ICTEMP),ICT_ACCESS,ICT,standardized_beta,0.206,positive,ICTPRAC (ICT use for assessment practices),other,1.0,,,False,medium
10.1016/j.ssaho.2024.101120,Understanding teacher ICT usage: Insights from ICILS 2018 Korea data,2024,other,other,Emphasis on coding tasks (CODEMP),OTHER,ICT,standardized_beta,0.233,positive,ICTPRAC (ICT use for assessment practices),other,1.0,,,False,medium
10.1016/j.ssaho.2024.101120,Understanding teacher ICT usage: Insights from ICILS 2018 Korea data,2024,other,other,Prior ICT experience (EXP),ICT_ACCESS,ICT,standardized_beta,0.177,positive,ICTPRAC (ICT use for assessment practices),other,1.0,,,False,medium
10.1016/j.ssaho.2024.101120,Understanding teacher ICT usage: Insights from ICILS 2018 Korea data,2024,other,other,Negative views on ICT (VWNEG),ICT_ACCESS,ICT,standardized_beta,-0.005,,ICTPRAC (ICT use for assessment practices),other,1.0,,,False,medium
10.1016/j.ssaho.2024.101120,Understanding teacher ICT usage: Insights from ICILS 2018 Korea data,2024,other,other,Professional development (PD),OTHER,teacher_quality,standardized_beta,0.305,positive,USETOOL (use of digital learning tools),other,1.0,,,False,medium
10.1016/j.ssaho.2024.101120,Understanding teacher ICT usage: Insights from ICILS 2018 Korea data,2024,other,other,Teacher ICT collaboration (COLICT),ICT_ACCESS,ICT,standardized_beta,0.095,positive,USETOOL (use of digital learning tools),other,1.0,,,False,medium
10.1016/j.ssaho.2024.101120,Understanding teacher ICT usage: Insights from ICILS 2018 Korea data,2024,other,other,Emphasis on ICT capabilities (ICTEMP),ICT_ACCESS,ICT,standardized_beta,0.156,positive,USETOOL (use of digital learning tools),other,1.0,,,False,medium
10.1016/j.ssaho.2024.101120,Understanding teacher ICT usage: Insights from ICILS 2018 Korea data,2024,other,other,Emphasis on coding tasks (CODEMP),OTHER,ICT,standardized_beta,0.179,positive,USETOOL (use of digital learning tools),other,1.0,,,False,medium
10.1016/j.ssaho.2024.101120,Understanding teacher ICT usage: Insights from ICILS 2018 Korea data,2024,other,other,Negative views on ICT (VWNEG),ICT_ACCESS,ICT,standardized_beta,0.086,positive,USETOOL (use of digital learning tools),other,1.0,,,False,medium
10.1016/j.ssaho.2025.101304,The relationship between information literacy and digital self-efficacy in teaching information literacy for new teachers in Lithuania,2025,other,other,Information seeking literacy,OTHER,other,standardized_beta,0.425,positive,Digital self-efficacy in teaching information literacy (DSE) — undergraduate students,student,1.0,405.0,,False,medium
10.1016/j.ssaho.2025.101304,The relationship between information literacy and digital self-efficacy in teaching information literacy for new teachers in Lithuania,2025,other,other,Information evaluation literacy,OTHER,other,standardized_beta,0.834,positive,Digital self-efficacy in teaching information literacy (DSE) — undergraduate students,student,1.0,405.0,,False,medium
10.1016/j.ssaho.2025.101304,The relationship between information literacy and digital self-efficacy in teaching information literacy for new teachers in Lithuania,2025,other,other,Information processing literacy,OTHER,other,standardized_beta,0.849,positive,Digital self-efficacy in teaching information literacy (DSE) — undergraduate students,student,1.0,405.0,,False,medium
10.1016/j.ssaho.2025.101304,The relationship between information literacy and digital self-efficacy in teaching information literacy for new teachers in Lithuania,2025,other,other,Information dissemination literacy,OTHER,other,standardized_beta,0.384,positive,Digital self-efficacy in teaching information literacy (DSE) — undergraduate students,student,1.0,405.0,,False,medium
10.1016/j.ssaho.2025.101304,The relationship between information literacy and digital self-efficacy in teaching information literacy for new teachers in Lithuania,2025,other,other,Information seeking literacy,OTHER,other,standardized_beta,0.376,positive,Digital self-efficacy in teaching information literacy (DSE) — requalification programme teachers,student,1.0,405.0,,False,medium
10.1016/j.ssaho.2025.101304,The relationship between information literacy and digital self-efficacy in teaching information literacy for new teachers in Lithuania,2025,other,other,Information evaluation literacy,OTHER,other,standardized_beta,0.821,positive,Digital self-efficacy in teaching information literacy (DSE) — requalification programme teachers,student,1.0,405.0,,False,medium
10.1016/j.ssaho.2025.101304,The relationship between information literacy and digital self-efficacy in teaching information literacy for new teachers in Lithuania,2025,other,other,Information processing literacy,OTHER,other,standardized_beta,0.774,positive,Digital self-efficacy in teaching information literacy (DSE) — requalification programme teachers,student,1.0,405.0,,False,medium
10.1016/j.ssaho.2025.101304,The relationship between information literacy and digital self-efficacy in teaching information literacy for new teachers in Lithuania,2025,other,other,Information dissemination literacy,OTHER,other,standardized_beta,0.335,positive,Digital self-efficacy in teaching information literacy (DSE) — requalification programme teachers,student,1.0,405.0,,False,medium
10.1016/j.caeo.2024.100199,"Pre-service English teachers‘ approaches to technology-assisted teaching and learning: Associations with study level, self-efficacy and value beliefs",2024,other,other,Study level (bachelor vs master),OTHER,other,Cramer-V,0.35,mixed,Cluster membership (approaches to ICT-assisted EFL teaching),student,1.0,125.0,,False,low
10.1016/j.caeo.2024.100199,"Pre-service English teachers‘ approaches to technology-assisted teaching and learning: Associations with study level, self-efficacy and value beliefs",2024,other,other,Value beliefs about ICT-assisted EFL teaching (interest),MOTIVATION,motivation,ηp2,0.1,positive,Cluster membership (approaches to ICT-assisted EFL teaching),student,1.0,125.0,,False,low
10.1016/j.caeo.2024.100199,"Pre-service English teachers‘ approaches to technology-assisted teaching and learning: Associations with study level, self-efficacy and value beliefs",2024,other,other,Value beliefs about ICT-assisted EFL teaching (utility),ICT_ACCESS,motivation,ηp2,0.05,positive,Cluster membership (approaches to ICT-assisted EFL teaching),student,1.0,125.0,,False,low
10.1016/j.caeo.2024.100199,"Pre-service English teachers‘ approaches to technology-assisted teaching and learning: Associations with study level, self-efficacy and value beliefs",2024,other,other,Value beliefs about ICT-assisted EFL teaching (relevance),ICT_ACCESS,motivation,ηp2,0.06,positive,Cluster membership (approaches to ICT-assisted EFL teaching),student,1.0,125.0,,False,low
10.1016/j.chbr.2025.100896,Using machine learning approaches to predict Taiwanese eighth graders' computational thinking performance in ICILS 2023 study,2026,other,other,CT disposition (CTDS),OTHER,motivation,AUC,0.79,positive,CT performance (binary: below vs above average using PV1 threshold),student,1.0,5211.0,False,False,medium
10.1016/j.chbr.2025.100896,Using machine learning approaches to predict Taiwanese eighth graders' computational thinking performance in ICILS 2023 study,2026,other,other,ICT self-efficacy (specialist),SELF_EFFICACY,self_efficacy,AUC,0.79,positive,CT performance (binary: below vs above average using PV1 threshold),student,1.0,5211.0,False,False,medium
10.1016/j.chbr.2025.100896,Using machine learning approaches to predict Taiwanese eighth graders' computational thinking performance in ICILS 2023 study,2026,other,other,Learning with specialist classroom apps,OTHER,ICT,AUC,0.79,positive,CT performance (binary: below vs above average using PV1 threshold),student,1.0,5211.0,False,False,medium
10.1016/j.chbr.2025.100896,Using machine learning approaches to predict Taiwanese eighth graders' computational thinking performance in ICILS 2023 study,2026,other,other,ICT self-efficacy (general),SELF_EFFICACY,self_efficacy,AUC,0.79,positive,CT performance (binary: below vs above average using PV1 threshold),student,1.0,5211.0,False,False,medium
10.1016/j.chbr.2025.100896,Using machine learning approaches to predict Taiwanese eighth graders' computational thinking performance in ICILS 2023 study,2026,other,other,Academic media multitasking,OTHER,other,AUC,0.79,positive,CT performance (binary: below vs above average using PV1 threshold),student,1.0,5211.0,False,False,medium
10.1016/j.econedurev.2025.102720,Trends in international assessments and outcomes in adulthood,2025,PISA,mathematics,PISA math score (cohort average),AGE_GRADE,prior_achievement,standardized_beta,0.198,positive,PIAAC numeracy test score (cohort average),country,,221.0,,True,medium
10.1016/j.econedurev.2025.102720,Trends in international assessments and outcomes in adulthood,2025,TIMSS,mathematics,"TIMSS (Grade 8, PISA scale) math score (cohort average)",AGE_GRADE,prior_achievement,standardized_beta,0.221,positive,PIAAC numeracy test score (cohort average),country,,221.0,,True,medium
10.1016/j.econedurev.2025.102720,Trends in international assessments and outcomes in adulthood,2025,PISA,mathematics,PISA math score (cohort average),AGE_GRADE,prior_achievement,standardized_beta,0.739,positive,"Years of education (adult, 16+ years old)",country,,221.0,,True,medium
10.1016/j.econedurev.2025.102720,Trends in international assessments and outcomes in adulthood,2025,TIMSS,mathematics,"TIMSS (Grade 8, PISA scale) math score (cohort average)",AGE_GRADE,prior_achievement,standardized_beta,0.236,,"Years of education (adult, 16+ years old)",country,,221.0,,True,medium
10.1016/j.econedurev.2025.102720,Trends in international assessments and outcomes in adulthood,2025,PISA,mathematics,PISA math score (cohort average),AGE_GRADE,prior_achievement,standardized_beta,0.122,positive,"Complete secondary school (adult, 19+ years old)",country,,221.0,,True,medium
10.1016/j.econedurev.2025.102720,Trends in international assessments and outcomes in adulthood,2025,TIMSS,mathematics,"TIMSS (Grade 8, PISA scale) math score (cohort average)",AGE_GRADE,prior_achievement,standardized_beta,0.045,,"Complete secondary school (adult, 19+ years old)",country,,221.0,,True,medium
10.1016/j.compedu.2020.103968,Measuring digital literacy across three age cohorts: Exploring test dimensionality and performance differences,2020,other,other,cohort,OTHER,other,other,0.374,positive,digital literacy performance,student,1.0,1989.0,,False,medium
10.1016/j.compedu.2020.103968,Measuring digital literacy across three age cohorts: Exploring test dimensionality and performance differences,2020,other,other,gender,GENDER,gender,other,0.011,positive,digital literacy performance,student,1.0,1989.0,,False,medium
10.1016/j.compedu.2020.103968,Measuring digital literacy across three age cohorts: Exploring test dimensionality and performance differences,2020,other,other,gender×cohort interaction,GENDER,other,other,0.005,positive,digital literacy performance,student,1.0,1989.0,,False,medium
10.1016/j.compedu.2021.104170,1-s2.0-S0360131521000476-main,2021,PIAAC,other,Behavioral pattern: similarity to optimal action sequences (SM),OTHER,other,r_correlation,0.79,positive,Problem-solving proficiency (PSTRE score/level),student,5.0,5302.0,,False,medium
10.1016/j.compedu.2021.104170,1-s2.0-S0360131521000476-main,2021,PIAAC,other,Gender,GENDER,gender,other,,mixed,Problem-solving proficiency (PSTRE score/level),student,5.0,5302.0,,False,medium
10.1016/j.compedu.2021.104170,1-s2.0-S0360131521000476-main,2021,PIAAC,other,Age,AGE_GRADE,demographic,other,,positive,Problem-solving proficiency (PSTRE score/level),student,5.0,5302.0,,False,medium
10.1016/j.compedu.2021.104170,1-s2.0-S0360131521000476-main,2021,PIAAC,other,ICT skills at work,ICT_ACCESS,ICT,other,,positive,Problem-solving proficiency (PSTRE score/level),student,5.0,5302.0,,False,medium
10.1016/j.compedu.2021.104170,1-s2.0-S0360131521000476-main,2021,PIAAC,other,ICT skills at home,ICT_ACCESS,ICT,other,,positive,Problem-solving proficiency (PSTRE score/level),student,5.0,5302.0,,False,medium
10.1016/j.respol.2025.105285,"Artificial intelligence, tasks, skills, and wages: Worker-level evidence from Germany",2025,other,other,AI exposure (DAIOE),OTHER,other,standardized_beta,0.0162,positive,Log daily wage,other,1.0,,,False,medium
10.1016/j.econedurev.2022.102289,Central exams and adult skills: Evidence from PIAAC,2022,PIAAC,other,Central exams,OTHER,other,standardized_beta,0.068,positive,"Numeracy skills (adult, standardized)",country,30.0,161352.0,,True,medium
10.1016/j.labeco.2020.101845,Job Tasks and Wages in Developed Countries: Evidence from PIAAC,2020,PIAAC,other,Abstract task endowment,OTHER,other,standardized_beta,0.0241,positive,"Abstract task price (within-occupation wage premium, log hourly earnings)",other,19.0,37607.0,,True,medium
10.1016/j.labeco.2020.101845,Job Tasks and Wages in Developed Countries: Evidence from PIAAC,2020,PIAAC,other,Numeracy skills (PIAAC PVs),OTHER,prior_achievement,standardized_beta,,positive,"Abstract task price (within-occupation wage premium, log hourly earnings)",other,19.0,37607.0,,True,medium
10.1016/j.labeco.2022.102197,Measurements of skill and skill-use using PIAAC,2022,PIAAC,other,gender,GENDER,gender,standardized_beta,,mixed,literacy skill,student,24.0,,,True,medium
10.1016/j.labeco.2022.102197,Measurements of skill and skill-use using PIAAC,2022,PIAAC,other,years_of_education,OTHER,SES,standardized_beta,,positive,literacy skill,student,24.0,,,True,medium
10.1016/j.labeco.2022.102197,Measurements of skill and skill-use using PIAAC,2022,PIAAC,other,literacy_skill_use,OTHER,prior_achievement,standardized_beta,,positive,literacy skill,student,24.0,,,True,medium
10.1016/j.labeco.2022.102197,Measurements of skill and skill-use using PIAAC,2022,PIAAC,other,numeracy_skill_use,OTHER,prior_achievement,standardized_beta,,positive,numeracy skill,student,24.0,,,True,medium
10.1016/j.stueduc.2021.101069,Separating PIAAC competencies from general cognitive skills: A dimensionality and explanatory analysis,2021,PIAAC,reading,Age at assessment,SES_COMPOSITE,other,standardized_beta,-0.08,,PIAAC literacy latent factor,student,1.0,903.0,,True,medium
10.1016/j.stueduc.2021.101069,Separating PIAAC competencies from general cognitive skills: A dimensionality and explanatory analysis,2021,PIAAC,reading,Educational attainment,PARENTAL_EDUCATION,SES,standardized_beta,0.33,positive,PIAAC literacy latent factor,student,1.0,903.0,,True,medium
10.1016/j.stueduc.2021.101069,Separating PIAAC competencies from general cognitive skills: A dimensionality and explanatory analysis,2021,PIAAC,reading,Years in educational settings,OTHER,SES,standardized_beta,0.24,positive,PIAAC literacy latent factor,student,1.0,903.0,,True,medium
10.1016/j.stueduc.2021.101069,Separating PIAAC competencies from general cognitive skills: A dimensionality and explanatory analysis,2021,PIAAC,reading,Books at age 16,AGE_GRADE,SES,standardized_beta,0.3,positive,PIAAC literacy latent factor,student,1.0,903.0,,True,medium
10.1016/j.stueduc.2021.101069,Separating PIAAC competencies from general cognitive skills: A dimensionality and explanatory analysis,2021,PIAAC,reading,Library/book online visits,OTHER,other,r_correlation,0.241,positive,PIAAC literacy latent factor,student,1.0,903.0,,True,medium
10.1016/j.stueduc.2021.101069,Separating PIAAC competencies from general cognitive skills: A dimensionality and explanatory analysis,2021,PIAAC,mathematics,Age at assessment,SES_COMPOSITE,other,standardized_beta,0.08,,PIAAC numeracy latent factor,student,1.0,903.0,,True,medium
10.1016/j.stueduc.2021.101069,Separating PIAAC competencies from general cognitive skills: A dimensionality and explanatory analysis,2021,PIAAC,mathematics,Educational attainment,PARENTAL_EDUCATION,SES,standardized_beta,0.16,,PIAAC numeracy latent factor,student,1.0,903.0,,True,medium
10.1016/j.stueduc.2021.101069,Separating PIAAC competencies from general cognitive skills: A dimensionality and explanatory analysis,2021,PIAAC,mathematics,Years in educational settings,OTHER,SES,standardized_beta,0.07,,PIAAC numeracy latent factor,student,1.0,903.0,,True,medium
10.1016/j.stueduc.2021.101069,Separating PIAAC competencies from general cognitive skills: A dimensionality and explanatory analysis,2021,PIAAC,mathematics,Books at age 16,AGE_GRADE,SES,standardized_beta,0.13,,PIAAC numeracy latent factor,student,1.0,903.0,,True,medium
10.1016/j.stueduc.2021.101069,Separating PIAAC competencies from general cognitive skills: A dimensionality and explanatory analysis,2021,PIAAC,mathematics,Uses math skills at work,SES_COMPOSITE,other,r_correlation,0.191,positive,PIAAC numeracy latent factor,student,1.0,903.0,,True,medium
10.1016/j.econedurev.2025.102654,The effect of compulsory education on non-cognitive skills: Evidence from low- and middle-income countries,2025,other,other,Gender (female),GENDER,gender,standardized_beta,-0.23,negative,Emotional stability (standardized Big Five),student,4.0,,,False,medium
10.1016/j.econedurev.2025.102654,The effect of compulsory education on non-cognitive skills: Evidence from low- and middle-income countries,2025,other,other,SES at age 15,SES_COMPOSITE,SES,standardized_beta,0.14,positive,Openness to experience (standardized Big Five),student,4.0,,,False,medium
10.1016/j.econedurev.2025.102654,The effect of compulsory education on non-cognitive skills: Evidence from low- and middle-income countries,2025,other,other,Parental involvement in education,OTHER,parental_education,standardized_beta,0.1,positive,Decision-making patterns (standardized alternative/consequential thinking index),student,4.0,,,False,medium
10.1016/j.labeco.2023.102481,The impact of ICT and robots on labour market outcomes of demographic groups in Europe,2024,other,other,ICT capital exposure,ICT_ACCESS,ICT,other,0.129,positive,Employment share change (percentage points) — women age 20–29,other,14.0,,,True,medium
10.1016/j.labeco.2023.102481,The impact of ICT and robots on labour market outcomes of demographic groups in Europe,2024,other,other,Robot exposure,OTHER,ICT,other,0.201,positive,Employment share change (percentage points) — women age 20–29,other,14.0,,,True,medium
10.1016/j.labeco.2023.102481,The impact of ICT and robots on labour market outcomes of demographic groups in Europe,2024,other,other,ICT capital exposure,ICT_ACCESS,ICT,other,-0.105,negative,Employment share change (percentage points) — women age 60+,other,14.0,,,True,medium
10.1016/j.labeco.2023.102481,The impact of ICT and robots on labour market outcomes of demographic groups in Europe,2024,other,other,Robot exposure,OTHER,ICT,other,-0.125,negative,Employment share change (percentage points) — women age 60+,other,14.0,,,True,medium
10.1016/j.respol.2026.105424,"Firm training, automation, and wages: International worker-level evidence",2026,PIAAC,other,Firm training (job-related training in prior 12 months),OTHER,other,standardized_beta,-0.0377,negative,"Automation risk (individual-level, 0–1)",student,37.0,91470.0,,True,medium
10.1016/j.econedurev.2021.102119,The evolution of gender gaps in numeracy and literacy between childhood and young adulthood,2021,TIMSS,mathematics,Gender (female indicator),GENDER,gender,standardized_beta,-0.029,negative,Gender gap in numeracy (male–female difference in standardized scores),student,11.0,,True,True,high
10.1016/j.econedurev.2021.102119,The evolution of gender gaps in numeracy and literacy between childhood and young adulthood,2021,PISA,mathematics,Gender (female indicator),GENDER,gender,standardized_beta,-0.087,negative,Gender gap in numeracy (male–female difference in standardized scores),student,11.0,,True,True,high
10.1016/j.econedurev.2021.102119,The evolution of gender gaps in numeracy and literacy between childhood and young adulthood,2021,PIAAC,mathematics,Gender (female indicator),GENDER,gender,standardized_beta,-0.332,negative,Gender gap in numeracy (male–female difference in standardized scores),student,11.0,,True,True,high
10.1016/j.econedurev.2021.102119,The evolution of gender gaps in numeracy and literacy between childhood and young adulthood,2021,PIRLS,reading,Gender (female indicator),GENDER,gender,standardized_beta,0.185,positive,Gender gap in literacy (female–male difference in standardized scores),student,10.0,,True,True,high
10.1016/j.econedurev.2021.102119,The evolution of gender gaps in numeracy and literacy between childhood and young adulthood,2021,PISA,reading,Gender (female indicator),GENDER,gender,standardized_beta,0.307,positive,Gender gap in literacy (female–male difference in standardized scores),student,10.0,,True,True,high
10.1016/j.econedurev.2021.102119,The evolution of gender gaps in numeracy and literacy between childhood and young adulthood,2021,PIAAC,reading,Gender (female indicator),GENDER,gender,standardized_beta,-0.019,,Gender gap in literacy (female–male difference in standardized scores),student,10.0,,True,True,high
10.1016/j.chb.2021.107142,Examining adults’ web navigation patterns in multi-layered hypertext environments,2022,PIAAC,other,Satisficing pattern group,OTHER,other,accuracy,96.05,positive,Problem Solving,student,2.0,1408.0,,False,medium
10.1016/j.chb.2021.107142,Examining adults’ web navigation patterns in multi-layered hypertext environments,2022,PIAAC,other,Sampling pattern group,OTHER,other,accuracy,92.45,positive,Problem Solving,student,2.0,1408.0,,False,medium
10.1016/j.asieco.2021.101438,Can older workers stay productive? The role of ICT skills and training,2022,PIAAC,other,ICT skills composite index,ICT_ACCESS,ICT,standardized_beta,0.166,positive,Wage (log hourly earnings),other,1.0,2620.0,,False,medium
10.1016/j.asieco.2021.101438,Can older workers stay productive? The role of ICT skills and training,2022,PIAAC,other,Job training participation,OTHER,curriculum,standardized_beta,0.154,positive,Wage (log hourly earnings),other,1.0,2620.0,,False,medium
10.1016/j.asieco.2021.101438,Can older workers stay productive? The role of ICT skills and training,2022,PIAAC,other,ICT skills x 50–65 x High Edu,ICT_ACCESS,ICT,standardized_beta,0.137,positive,Wage (log hourly earnings),other,1.0,2620.0,,False,medium
10.1016/j.asieco.2021.101438,Can older workers stay productive? The role of ICT skills and training,2022,PIAAC,other,ICT skills x 50–65 x Skill Occ,ICT_ACCESS,ICT,standardized_beta,0.129,positive,Wage (log hourly earnings),other,1.0,2620.0,,False,medium
10.1016/j.econmod.2025.107448,Educational mismatch and wages: Evidence from a cross-country comparison,2026,PIAAC,other,Numeracy skill score,OTHER,prior_achievement,standardized_beta,,positive,wages,student,20.0,48166.0,,False,medium
10.1016/j.econmod.2025.107448,Educational mismatch and wages: Evidence from a cross-country comparison,2026,PIAAC,other,Overeducation status,OTHER,other,standardized_beta,,negative,wages,student,20.0,48166.0,,False,medium
10.1016/j.econmod.2025.107448,Educational mismatch and wages: Evidence from a cross-country comparison,2026,PIAAC,other,Undereducation status,OTHER,other,standardized_beta,,positive,wages,student,20.0,48166.0,,False,medium
10.1016/j.ssresearch.2023.102874,From asking to observing. Behavioural measures of socio-emotional and motivational skills in large-scale assessments,2023,PISA,reading,Non-response,OTHER,motivation,standardized_beta,-0.27,negative,contemporaneous achievement,student,,224748.0,,True,medium
10.1016/j.ssresearch.2023.102874,From asking to observing. Behavioural measures of socio-emotional and motivational skills in large-scale assessments,2023,PISA,mathematics,Non-response,OTHER,motivation,standardized_beta,-0.26,negative,contemporaneous achievement,student,,224748.0,,True,medium
10.1016/j.ssresearch.2023.102874,From asking to observing. Behavioural measures of socio-emotional and motivational skills in large-scale assessments,2023,PISA,science,Non-response,OTHER,motivation,standardized_beta,-0.27,negative,contemporaneous achievement,student,,224748.0,,True,medium
10.1016/j.ssresearch.2023.102874,From asking to observing. Behavioural measures of socio-emotional and motivational skills in large-scale assessments,2023,PISA,other,Non-response,OTHER,motivation,standardized_beta,-0.27,negative,contemporaneous achievement,student,,224748.0,,True,medium
10.1016/j.lindif.2025.102763,Global motivation to learn and adult learning: A nomological network analysis and a four-year longitudinal study,2025,PIAAC,other,global motivation to learn (MtL),MOTIVATION,motivation,other,,positive,participation in adult education and training (PAE),student,1.0,5465.0,True,True,high
10.1016/j.lindif.2025.102763,Global motivation to learn and adult learning: A nomological network analysis and a four-year longitudinal study,2025,PIAAC,other,openness to experience,OTHER,motivation,other,,,participation in adult education and training (PAE),student,1.0,5465.0,True,True,high
10.1016/j.econlet.2025.112278,Output costs of education and skill mismatch in OECD countries,2025,PIAAC,other,Well-matched wage premium,AGE_GRADE,prior_achievement,r_correlation,0.98,positive,Output cost of education mismatch (percent change in output when mismatch frictions set to zero),country,17.0,,,False,medium
10.1016/j.econlet.2025.112278,Output costs of education and skill mismatch in OECD countries,2025,PIAAC,other,Well-matched wage premium,AGE_GRADE,prior_achievement,r_correlation,0.98,positive,Output cost of skill mismatch (percent change in output when mismatch frictions set to zero),country,17.0,,,False,medium
10.1016/j.chb.2020.106672,"Understanding teaching professionals' digital competence: What do PIAAC and TALIS reveal about technology-related skills, attitudes, and knowledge?",2021,PIAAC,other,Age group,AGE_GRADE,other,odds_ratio,1.57,positive,PS-in-TRE skills proficiency (weak Level 1 or below),other,11.0,2590.0,True,True,medium
10.1016/j.chb.2020.106672,"Understanding teaching professionals' digital competence: What do PIAAC and TALIS reveal about technology-related skills, attitudes, and knowledge?",2021,PIAAC,other,Age group,AGE_GRADE,other,odds_ratio,0.67,negative,PS-in-TRE skills proficiency (strong Level 3),other,11.0,2590.0,True,True,medium
10.1016/j.chb.2020.106672,"Understanding teaching professionals' digital competence: What do PIAAC and TALIS reveal about technology-related skills, attitudes, and knowledge?",2021,PIAAC,other,Language background (native vs non-native),AGE_GRADE,other,odds_ratio,0.45,negative,PS-in-TRE skills proficiency (weak Level 1 or below),other,11.0,2590.0,True,True,medium
10.1016/j.chb.2020.106672,"Understanding teaching professionals' digital competence: What do PIAAC and TALIS reveal about technology-related skills, attitudes, and knowledge?",2021,PIAAC,other,Number of books at home,HOME_RESOURCES,SES,odds_ratio,0.8,negative,PS-in-TRE skills proficiency (weak Level 1 or below),other,11.0,2590.0,True,True,medium
10.1016/j.chb.2020.106672,"Understanding teaching professionals' digital competence: What do PIAAC and TALIS reveal about technology-related skills, attitudes, and knowledge?",2021,PIAAC,other,ICT use regularity at work,ICT_ACCESS,ICT,odds_ratio,0.61,negative,PS-in-TRE skills proficiency (weak Level 1 or below),other,11.0,2590.0,True,True,medium
10.1016/j.chb.2020.106672,"Understanding teaching professionals' digital competence: What do PIAAC and TALIS reveal about technology-related skills, attitudes, and knowledge?",2021,PIAAC,other,ICT use regularity outside work,ICT_ACCESS,ICT,odds_ratio,1.4,positive,PS-in-TRE skills proficiency (weak Level 1 or below),other,11.0,2590.0,True,True,medium
10.1016/j.jebo.2021.12.027,Human capital investment and perceived automation risks: Evidence from 16 countries,2022,other,other,Fear of automation (binary),OTHER,other,other,0.06,positive,Intention to invest in further training (binary),other,16.0,15889.0,,True,medium
10.1016/j.jebo.2021.12.027,Human capital investment and perceived automation risks: Evidence from 16 countries,2022,other,other,Internal locus of control,OTHER,motivation,other,,positive,Intention to invest in further training (binary),other,16.0,15889.0,,True,medium
10.1016/j.jebo.2021.12.027,Human capital investment and perceived automation risks: Evidence from 16 countries,2022,other,other,Risk aversion (binary),OTHER,motivation,other,,positive,Intention to invest in further training (binary),other,16.0,15889.0,,True,medium
10.1016/j.jebo.2021.12.027,Human capital investment and perceived automation risks: Evidence from 16 countries,2022,other,other,Impatience (CRT-based),OTHER,motivation,other,,positive,Intention to invest in further training (binary),other,16.0,15889.0,,True,medium
10.1016/j.jebo.2021.12.027,Human capital investment and perceived automation risks: Evidence from 16 countries,2022,other,other,Educational attainment,PARENTAL_EDUCATION,SES,other,,positive,Intention to invest in further training (binary),other,16.0,15889.0,,True,medium
10.1016/j.paid.2026.113806,Revisiting gender differences in personality: New evidence on big five domains and facets with large-scale samples from 27 nations,2026,PIAAC,other,Gender (male/female),GENDER,gender,other,0.67,positive,Primary study outcome (heuristic migration),country,27.0,143313.0,,True,medium
10.1016/j.paid.2026.113806,Revisiting gender differences in personality: New evidence on big five domains and facets with large-scale samples from 27 nations,2026,PIAAC,other,Individualism-collectivism index,OTHER,other,r_correlation,0.41,positive,Primary study outcome (heuristic migration),country,27.0,143313.0,,True,medium
10.1016/j.jmoneco.2025.103884,Artificial intelligence and cognitive inequality,2026,other,other,Dale–Chall readability variance (Democrats),OTHER,other,other,0.13,positive,Primary study outcome (heuristic migration),country,27.0,,,False,low
10.1016/j.jmoneco.2025.103884,Artificial intelligence and cognitive inequality,2026,other,other,Dale–Chall readability variance (Republicans),OTHER,other,other,0.12,positive,Primary study outcome (heuristic migration),country,27.0,,,False,low
10.1016/j.jecp.2022.105476,Reading fiction and theory of mind in early adolescence: concurrent and longitudinal relations,2022,PIRLS,other,Fiction reading,ICT_ACCESS,motivation,standardized_beta,0.26,positive,ToM at Time 3,student,1.0,236.0,,False,medium
10.1016/j.jecp.2022.105476,Reading fiction and theory of mind in early adolescence: concurrent and longitudinal relations,2022,PIRLS,other,Non-fiction reading,ICT_ACCESS,motivation,standardized_beta,-0.01,,ToM at Time 3,student,1.0,236.0,,False,medium
10.1016/j.jecp.2022.105476,Reading fiction and theory of mind in early adolescence: concurrent and longitudinal relations,2022,PIRLS,other,Receptive vocabulary (BPVS-3),OTHER,prior_achievement,other,,positive,ToM at Time 3,student,1.0,236.0,,False,medium
10.1016/j.jecp.2022.105476,Reading fiction and theory of mind in early adolescence: concurrent and longitudinal relations,2022,PIRLS,other,Parental education,PARENTAL_EDUCATION,parental_education,other,,positive,ToM at Time 3,student,1.0,236.0,,False,medium
10.1016/j.jecp.2022.105476,Reading fiction and theory of mind in early adolescence: concurrent and longitudinal relations,2022,PIRLS,other,Gender,GENDER,gender,other,,positive,ToM at Time 3,student,1.0,236.0,,False,medium
10.1016/j.intell.2022.101703,1-s2.0-S0160289622000848-main,2022,PISA,reading,Gender (female),GENDER,gender,other,-22.0,negative,Reading achievement gap (STEM vs Liberal Arts),student,1.0,2809.0,,True,medium
10.1016/j.intell.2022.101703,1-s2.0-S0160289622000848-main,2022,PISA,reading,Books at home,HOME_RESOURCES,SES,other,-22.0,negative,Reading achievement gap (STEM vs Liberal Arts),student,1.0,2809.0,,True,medium
10.1016/j.intell.2022.101703,1-s2.0-S0160289622000848-main,2022,PISA,reading,Region (macroarea),OTHER,other,other,-22.0,negative,Reading achievement gap (STEM vs Liberal Arts),student,1.0,2809.0,,True,medium
10.1016/j.intell.2022.101703,1-s2.0-S0160289622000848-main,2022,PISA,reading,Location size,OTHER,other,other,-22.0,negative,Reading achievement gap (STEM vs Liberal Arts),student,1.0,2809.0,,True,medium
10.1016/j.intell.2022.101703,1-s2.0-S0160289622000848-main,2022,PISA,reading,Immigration status,SES_COMPOSITE,other,other,-22.0,negative,Reading achievement gap (STEM vs Liberal Arts),student,1.0,2809.0,,True,medium
10.1016/j.intell.2022.101703,1-s2.0-S0160289622000848-main,2022,PISA,mathematics,Gender (female),GENDER,gender,other,-50.1,negative,Math achievement gap (STEM vs Liberal Arts),student,1.0,2809.0,,True,medium
10.1016/j.intell.2022.101703,1-s2.0-S0160289622000848-main,2022,PISA,mathematics,Books at home,HOME_RESOURCES,SES,other,-50.1,negative,Math achievement gap (STEM vs Liberal Arts),student,1.0,2809.0,,True,medium
10.1016/j.intell.2022.101703,1-s2.0-S0160289622000848-main,2022,PISA,mathematics,Region (macroarea),OTHER,other,other,-50.1,negative,Math achievement gap (STEM vs Liberal Arts),student,1.0,2809.0,,True,medium
10.1016/j.intell.2022.101703,1-s2.0-S0160289622000848-main,2022,PISA,mathematics,Location size,OTHER,other,other,-50.1,negative,Math achievement gap (STEM vs Liberal Arts),student,1.0,2809.0,,True,medium
10.1016/j.intell.2022.101703,1-s2.0-S0160289622000848-main,2022,PISA,mathematics,Grade repeater,OTHER,other,other,-50.1,negative,Math achievement gap (STEM vs Liberal Arts),student,1.0,2809.0,,True,medium
10.1016/j.intell.2023.101784,"Predicting cross-national sex differences in large-scale assessments of students' reading literacy, mathematics, and science achievement: Evidence from PIRLS and TIMSS",2023,PIRLS,reading,Gender Gap Index (GGI),GENDER,gender,standardized_beta,0.23,positive,Sex difference in reading literacy (standardized),country,,,,,medium
10.1016/j.intell.2023.101784,"Predicting cross-national sex differences in large-scale assessments of students' reading literacy, mathematics, and science achievement: Evidence from PIRLS and TIMSS",2023,PIRLS,reading,Gender Parity Index (GPI),GENDER,gender,standardized_beta,0.27,positive,Sex difference in reading literacy (standardized),country,,,,,medium
10.1016/j.intell.2023.101784,"Predicting cross-national sex differences in large-scale assessments of students' reading literacy, mathematics, and science achievement: Evidence from PIRLS and TIMSS",2023,PIRLS,reading,Country GDP per capita,GDP_EXPENDITURE,GDP_expenditure,standardized_beta,0.08,,Sex difference in reading literacy (standardized),country,,,,,medium
10.1016/j.intell.2023.101784,"Predicting cross-national sex differences in large-scale assessments of students' reading literacy, mathematics, and science achievement: Evidence from PIRLS and TIMSS",2023,PIRLS,reading,Education spending per primary student,GDP_EXPENDITURE,GDP_expenditure,standardized_beta,-0.07,,Sex difference in reading literacy (standardized),country,,,,,medium
10.1016/j.intell.2023.101784,"Predicting cross-national sex differences in large-scale assessments of students' reading literacy, mathematics, and science achievement: Evidence from PIRLS and TIMSS",2023,TIMSS,mathematics,Country GDP per capita,GDP_EXPENDITURE,GDP_expenditure,standardized_beta,-0.39,negative,Sex difference in mathematics (standardized),country,,,,,medium
10.1016/j.intell.2023.101784,"Predicting cross-national sex differences in large-scale assessments of students' reading literacy, mathematics, and science achievement: Evidence from PIRLS and TIMSS",2023,TIMSS,mathematics,"Gender equality in health, education",GENDER,gender,standardized_beta,-0.39,negative,Sex difference in mathematics (standardized),country,,,,,medium
10.1016/j.intell.2023.101784,"Predicting cross-national sex differences in large-scale assessments of students' reading literacy, mathematics, and science achievement: Evidence from PIRLS and TIMSS",2023,TIMSS,mathematics,Education spending per primary student,GDP_EXPENDITURE,GDP_expenditure,standardized_beta,-0.32,negative,Sex difference in mathematics (standardized),country,,,,,medium
10.1016/j.intell.2023.101784,"Predicting cross-national sex differences in large-scale assessments of students' reading literacy, mathematics, and science achievement: Evidence from PIRLS and TIMSS",2023,TIMSS,mathematics,Gender Gap Index (GGI),GENDER,gender,standardized_beta,-0.39,negative,Sex difference in mathematics (standardized),country,,,,,medium
10.1016/j.intell.2023.101784,"Predicting cross-national sex differences in large-scale assessments of students' reading literacy, mathematics, and science achievement: Evidence from PIRLS and TIMSS",2023,TIMSS,mathematics,Gini Index,OTHER,GDP_expenditure,standardized_beta,0.16,positive,Sex difference in mathematics (standardized),country,,,,,medium
10.1016/j.intell.2023.101784,"Predicting cross-national sex differences in large-scale assessments of students' reading literacy, mathematics, and science achievement: Evidence from PIRLS and TIMSS",2023,TIMSS,mathematics,Gender Parity Index (GPI),GENDER,gender,standardized_beta,0.04,,Sex difference in mathematics (standardized),country,,,,,medium
10.1016/j.intell.2023.101784,"Predicting cross-national sex differences in large-scale assessments of students' reading literacy, mathematics, and science achievement: Evidence from PIRLS and TIMSS",2023,TIMSS,mathematics,Education spending per secondary student,GDP_EXPENDITURE,GDP_expenditure,standardized_beta,-0.12,negative,Sex difference in mathematics (standardized),country,,,,,medium
10.1016/j.intell.2023.101784,"Predicting cross-national sex differences in large-scale assessments of students' reading literacy, mathematics, and science achievement: Evidence from PIRLS and TIMSS",2023,TIMSS,mathematics,Country GDP per capita,GDP_EXPENDITURE,GDP_expenditure,standardized_beta,0.12,positive,Sex difference in mathematics (standardized),country,,,,,medium
10.1016/j.intell.2023.101784,"Predicting cross-national sex differences in large-scale assessments of students' reading literacy, mathematics, and science achievement: Evidence from PIRLS and TIMSS",2023,TIMSS,mathematics,Gender Parity Index (GPI),GENDER,gender,standardized_beta,0.14,positive,Sex difference in mathematics (standardized),country,,,,,medium
10.1016/j.intell.2023.101784,"Predicting cross-national sex differences in large-scale assessments of students' reading literacy, mathematics, and science achievement: Evidence from PIRLS and TIMSS",2023,TIMSS,mathematics,Gender Gap Index (GGI),GENDER,gender,standardized_beta,-0.12,negative,Sex difference in mathematics (standardized),country,,,,,medium
10.1016/j.intell.2023.101784,"Predicting cross-national sex differences in large-scale assessments of students' reading literacy, mathematics, and science achievement: Evidence from PIRLS and TIMSS",2023,TIMSS,mathematics,Gini Index,OTHER,GDP_expenditure,standardized_beta,-0.03,,Sex difference in mathematics (standardized),country,,,,,medium
10.1016/j.intell.2024.101845,"Unraveling the nexus: Culture, cognitive competence, and economic performance across 86 nations (2000–2018)",2024,PISA,other,AXC1: Religiosity & Authority,OTHER,other,standardized_beta,-0.78,negative,PISA means (country factor score),country,86.0,,False,False,medium
10.1016/j.intell.2024.101845,"Unraveling the nexus: Culture, cognitive competence, and economic performance across 86 nations (2000–2018)",2024,PISA,other,REL3: Muslims share,OTHER,other,standardized_beta,-0.46,negative,PISA means (country factor score),country,86.0,,False,False,medium
10.1016/j.intell.2024.101845,"Unraveling the nexus: Culture, cognitive competence, and economic performance across 86 nations (2000–2018)",2024,PISA,other,REL4: Three Teachings share,OTHER,other,standardized_beta,0.24,positive,PISA means (country factor score),country,86.0,,False,False,medium
10.1016/j.intell.2024.101845,"Unraveling the nexus: Culture, cognitive competence, and economic performance across 86 nations (2000–2018)",2024,PISA,other,REL2: Protestants share,OTHER,other,standardized_beta,0.27,positive,PISA means (country factor score),country,86.0,,False,False,medium
10.1016/j.intell.2024.101845,"Unraveling the nexus: Culture, cognitive competence, and economic performance across 86 nations (2000–2018)",2024,PISA,other,AXC2: Sexual Traditionalism,GENDER,other,R2,0.323,positive,PISA spans (country factor score),country,86.0,,False,False,medium
10.1016/j.stueduc.2026.101570,"Curriculum standardization, central exams and achievement inequalities in primary education: A cross-national longitudinal study",2026,PIRLS,reading,curriculum_standardization_index,OTHER,other,standardized_beta,0.15,positive,reading literacy,country,28.0,430000.0,True,True,high
10.1016/j.stueduc.2026.101570,"Curriculum standardization, central exams and achievement inequalities in primary education: A cross-national longitudinal study",2026,PIRLS,reading,central_exams_primary,OTHER,other,standardized_beta,-0.1,negative,reading literacy,country,28.0,430000.0,True,True,high
10.1016/j.stueduc.2026.101581,"Reading more, achieving more? Long-term gender gaps in reading behavior and reading achievement",2026,PIRLS,reading,Gender gap in reading behavior,GENDER,gender,standardized_beta,0.11,positive,Gender gap in reading achievement (Cohen’s d units),country,8.0,897876.0,True,True,high
10.1016/j.paid.2025.113410,Sex differences in variability: Evidence from math and reading assessment in Italy,2025,other,mathematics,Standardized mean difference (SMD),OTHER,prior_achievement,standardized_beta,0.271,positive,"Boys vs girls variability in mathematics (Variance Ratio, VR)",other,1.0,26645542.0,False,False,medium
10.1016/j.paid.2025.113410,Sex differences in variability: Evidence from math and reading assessment in Italy,2025,other,mathematics,Grade level,AGE_GRADE,other,standardized_beta,0.006,positive,"Boys vs girls variability in mathematics (Variance Ratio, VR)",other,1.0,26645542.0,False,False,medium
10.1016/j.paid.2025.113410,Sex differences in variability: Evidence from math and reading assessment in Italy,2025,other,mathematics,Geographical gradient (north-south),OTHER,other,standardized_beta,-0.001,negative,"Boys vs girls variability in mathematics (Variance Ratio, VR)",other,1.0,26645542.0,False,False,medium
10.1016/j.paid.2025.113410,Sex differences in variability: Evidence from math and reading assessment in Italy,2025,other,reading,Standardized mean difference (SMD),OTHER,prior_achievement,standardized_beta,-0.093,negative,"Boys vs girls variability in reading (Variance Ratio, VR)",other,1.0,26645542.0,False,False,medium
10.1016/j.paid.2025.113410,Sex differences in variability: Evidence from math and reading assessment in Italy,2025,other,reading,Grade level,AGE_GRADE,other,standardized_beta,0.001,positive,"Boys vs girls variability in reading (Variance Ratio, VR)",other,1.0,26645542.0,False,False,medium
10.1016/j.ijedudev.2025.103371,Evaluation of achievement change in Egypt using PIRLS data,2025,PIRLS,reading,Time trend (PIRLS rounds),OTHER,other,other,55.52,positive,Achievement change in 2021 relative to pre-2021 trend (PIRLS reading scale),country,,14936.0,True,True,high
10.1016/j.ijedudev.2025.103371,Evaluation of achievement change in Egypt using PIRLS data,2025,PIRLS,reading,Socioeconomic status (SES),SES_COMPOSITE,SES,other,15.2,positive,Explained vs unexplained components of reading-score improvement,country,,14936.0,True,True,high
10.1016/j.ijedudev.2025.103371,Evaluation of achievement change in Egypt using PIRLS data,2025,PIRLS,reading,School characteristics (principal),OTHER,school_climate,other,,positive,Explained vs unexplained components of reading-score improvement,country,,14936.0,True,True,high
10.1016/j.ijedudev.2025.103371,Evaluation of achievement change in Egypt using PIRLS data,2025,PIRLS,reading,Reading activities index,OTHER,other,other,,positive,Explained vs unexplained components of reading-score improvement,country,,14936.0,True,True,high
10.1016/j.ijedudev.2025.103371,Evaluation of achievement change in Egypt using PIRLS data,2025,PIRLS,reading,Reading instruction index,OTHER,other,other,,positive,Explained vs unexplained components of reading-score improvement,country,,14936.0,True,True,high
10.1016/j.ijedudev.2025.103371,Evaluation of achievement change in Egypt using PIRLS data,2025,PIRLS,reading,Access to digital books,ICT_ACCESS,ICT,other,,positive,Explained vs unexplained components of reading-score improvement,country,,14936.0,True,True,high
10.1016/j.tate.2026.105415,Trends in reading teacher shortage: Using 20 years of evidence from PIRLS,2026,PIRLS,reading,teacher_shortage,AGE_GRADE,teacher_quality,standardized_beta,-0.35,negative,reading_achievement,country,65.0,,False,True,medium
10.1016/j.learninstruc.2025.102150,Reading literacy decline in Europe: Disentangling school closures and out-of-school learning conditions during the COVID-19 pandemic,2025,PIRLS,reading,School-entry reading skills,OTHER,prior_achievement,standardized_beta,,positive,"Reading literacy decline (Cohen's d, observed vs adjusted)",student,18.0,187386.0,True,True,high
10.1016/j.learninstruc.2025.102150,Reading literacy decline in Europe: Disentangling school closures and out-of-school learning conditions during the COVID-19 pandemic,2025,PIRLS,reading,ECEC enrolment,OTHER,curriculum,standardized_beta,,positive,"Reading literacy decline (Cohen's d, observed vs adjusted)",student,18.0,187386.0,True,True,high
10.1016/j.learninstruc.2025.102150,Reading literacy decline in Europe: Disentangling school closures and out-of-school learning conditions during the COVID-19 pandemic,2025,PIRLS,reading,Speaking test language at home,AGE_GRADE,demographic,standardized_beta,,positive,"Reading literacy decline (Cohen's d, observed vs adjusted)",student,18.0,187386.0,True,True,high
10.1016/j.learninstruc.2025.102150,Reading literacy decline in Europe: Disentangling school closures and out-of-school learning conditions during the COVID-19 pandemic,2025,PIRLS,reading,Printed books at home,HOME_RESOURCES,SES,standardized_beta,,positive,"Reading literacy decline (Cohen's d, observed vs adjusted)",student,18.0,187386.0,True,True,high
10.1016/j.learninstruc.2025.102150,Reading literacy decline in Europe: Disentangling school closures and out-of-school learning conditions during the COVID-19 pandemic,2025,PIRLS,reading,Parents who like reading,OTHER,parent_home,standardized_beta,,positive,"Reading literacy decline (Cohen's d, observed vs adjusted)",student,18.0,187386.0,True,True,high
10.1016/j.tsc.2026.102140,Reading as a catalyst for creative attitude: evidence from rural China and the cognitive pathways linking literacy and innovation,2026,PIRLS,reading,Standardised reading scores,OTHER,prior_achievement,standardized_beta,0.298,positive,Creative attitude score (CAS),student,1.0,3424.0,,False,medium
10.1016/j.tsc.2026.102140,Reading as a catalyst for creative attitude: evidence from rural China and the cognitive pathways linking literacy and innovation,2026,PIRLS,reading,Number of household books,OTHER,SES/home_resources,standardized_beta,,positive,Creative attitude score (CAS),student,1.0,3424.0,,False,medium
10.1016/j.tsc.2026.102140,Reading as a catalyst for creative attitude: evidence from rural China and the cognitive pathways linking literacy and innovation,2026,PIRLS,reading,School library availability,OTHER,school_resources,standardized_beta,,positive,Creative attitude score (CAS),student,1.0,3424.0,,False,medium
10.1016/j.tsc.2026.102140,Reading as a catalyst for creative attitude: evidence from rural China and the cognitive pathways linking literacy and innovation,2026,PIRLS,reading,Class book corner,OTHER,school_resources,standardized_beta,,positive,Creative attitude score (CAS),student,1.0,3424.0,,False,medium
10.1016/j.tsc.2026.102140,Reading as a catalyst for creative attitude: evidence from rural China and the cognitive pathways linking literacy and innovation,2026,PIRLS,reading,Father education,PARENTAL_EDUCATION,parental_education,standardized_beta,,positive,Creative attitude score (CAS),student,1.0,3424.0,,False,medium
10.1016/j.ijedudev.2020.102241,Independent reading in rural China’s elementary schools_ A mixed-methods analysis,2020,other,reading,Independent reading (≥60 min/day),OTHER,instructional_time,standardized_beta,0.14,positive,Reading achievement (standardized test score),student,1.0,13232.0,False,False,medium
10.1016/j.ijedudev.2020.102241,Independent reading in rural China’s elementary schools_ A mixed-methods analysis,2020,other,reading,School has a library,OTHER,school_resources,standardized_beta,0.03,,Reading achievement (standardized test score),school,1.0,13232.0,False,False,medium
10.1016/j.ijedudev.2020.102241,Independent reading in rural China’s elementary schools_ A mixed-methods analysis,2020,other,reading,Borrow books from library,OTHER,student_behavior,standardized_beta,0.0,,Reading achievement (standardized test score),student,1.0,13232.0,False,False,medium
10.1016/j.ijedudev.2020.102241,Independent reading in rural China’s elementary schools_ A mixed-methods analysis,2020,other,reading,Caregivers buy books,OTHER,SES,standardized_beta,-0.34,negative,Reading achievement (standardized test score),student,1.0,13232.0,False,False,medium
10.1016/j.ijedudev.2020.102241,Independent reading in rural China’s elementary schools_ A mixed-methods analysis,2020,other,mathematics,Independent reading (≥60 min/day),OTHER,instructional_time,standardized_beta,0.13,positive,Math achievement (standardized test score),student,1.0,6944.0,False,False,medium
10.1016/j.ijedudev.2020.102241,Independent reading in rural China’s elementary schools_ A mixed-methods analysis,2020,other,mathematics,School has a library,OTHER,school_resources,standardized_beta,0.02,,Math achievement (standardized test score),school,1.0,6944.0,False,False,medium
10.1016/j.ijedudev.2020.102241,Independent reading in rural China’s elementary schools_ A mixed-methods analysis,2020,other,mathematics,Borrow books from library,OTHER,student_behavior,standardized_beta,0.06,,Math achievement (standardized test score),student,1.0,6944.0,False,False,medium
10.1016/j.ijedudev.2020.102241,Independent reading in rural China’s elementary schools_ A mixed-methods analysis,2020,other,mathematics,Caregivers buy books,OTHER,SES,standardized_beta,-0.19,negative,Math achievement (standardized test score),student,1.0,6944.0,False,False,medium
10.1016/j.stueduc.2025.101513,Comparing linear and nonlinear reading assessments in PIRLS 2016,2025,PIRLS,reading,general reading factor,OTHER,other,ECV,0.87,positive,Latent dimensionality of reading (general vs nonlinear-specific factor),student,16.0,85075.0,,True,medium
10.1016/j.stueduc.2025.101513,Comparing linear and nonlinear reading assessments in PIRLS 2016,2025,PIRLS,reading,nonlinear-specific reading factor,OTHER,other,ECV,0.12,positive,Latent dimensionality of reading (general vs nonlinear-specific factor),student,16.0,85075.0,,True,medium
10.1016/j.stueduc.2025.101554,"The predictive validity of PIRLS and ePIRLS on later academic achievement: Insights from Sweden,",2026,PIRLS,reading,Mean reading achievement (PIRLS & ePIRLS),OTHER,prior_achievement,standardized_beta,0.63,positive,Swedish grade (Grade 6),student,1.0,,False,False,medium
10.1016/j.stueduc.2025.101554,"The predictive validity of PIRLS and ePIRLS on later academic achievement: Insights from Sweden,",2026,PIRLS,reading,Difference (ePIRLS minus PIRLS),OTHER,prior_achievement,standardized_beta,0.05,positive,Swedish grade (Grade 6),student,1.0,,False,False,medium
10.1016/j.stueduc.2025.101554,"The predictive validity of PIRLS and ePIRLS on later academic achievement: Insights from Sweden,",2026,PIRLS,reading,Gender,GENDER,gender,standardized_beta,0.214,positive,Swedish grade (Grade 6),student,1.0,,False,False,medium
10.1016/j.stueduc.2025.101554,"The predictive validity of PIRLS and ePIRLS on later academic achievement: Insights from Sweden,",2026,PIRLS,reading,Parental education,PARENTAL_EDUCATION,parental_education,standardized_beta,0.079,positive,Swedish grade (Grade 6),student,1.0,,False,False,medium
10.1016/j.stueduc.2025.101554,"The predictive validity of PIRLS and ePIRLS on later academic achievement: Insights from Sweden,",2026,PIRLS,reading,Home language,AGE_GRADE,other,standardized_beta,-0.017,,Swedish grade (Grade 6),student,1.0,,False,False,medium
10.1016/j.stueduc.2025.101554,"The predictive validity of PIRLS and ePIRLS on later academic achievement: Insights from Sweden,",2026,PIRLS,reading,Mean reading achievement (PIRLS & ePIRLS),OTHER,prior_achievement,standardized_beta,0.549,positive,Swedish grade (Grade 9),student,1.0,,False,False,medium
10.1016/j.stueduc.2025.101554,"The predictive validity of PIRLS and ePIRLS on later academic achievement: Insights from Sweden,",2026,PIRLS,reading,Difference (ePIRLS minus PIRLS),OTHER,prior_achievement,standardized_beta,0.053,positive,Swedish grade (Grade 9),student,1.0,,False,False,medium
10.1016/j.stueduc.2025.101554,"The predictive validity of PIRLS and ePIRLS on later academic achievement: Insights from Sweden,",2026,PIRLS,reading,Gender,GENDER,gender,standardized_beta,0.175,positive,Swedish grade (Grade 9),student,1.0,,False,False,medium
10.1016/j.stueduc.2025.101554,"The predictive validity of PIRLS and ePIRLS on later academic achievement: Insights from Sweden,",2026,PIRLS,reading,Parental education,PARENTAL_EDUCATION,parental_education,standardized_beta,0.148,positive,Swedish grade (Grade 9),student,1.0,,False,False,medium
10.1016/j.stueduc.2025.101554,"The predictive validity of PIRLS and ePIRLS on later academic achievement: Insights from Sweden,",2026,PIRLS,reading,Home language,AGE_GRADE,other,standardized_beta,0.05,positive,Swedish grade (Grade 9),student,1.0,,False,False,medium
10.1016/j.stueduc.2025.101554,"The predictive validity of PIRLS and ePIRLS on later academic achievement: Insights from Sweden,",2026,PIRLS,reading,Mean reading achievement (PIRLS & ePIRLS),OTHER,prior_achievement,standardized_beta,0.61,positive,English grade (Grade 6),student,1.0,,False,False,medium
10.1016/j.stueduc.2025.101554,"The predictive validity of PIRLS and ePIRLS on later academic achievement: Insights from Sweden,",2026,PIRLS,reading,Difference (ePIRLS minus PIRLS),OTHER,prior_achievement,standardized_beta,0.088,positive,English grade (Grade 6),student,1.0,,False,False,medium
10.1016/j.stueduc.2025.101554,"The predictive validity of PIRLS and ePIRLS on later academic achievement: Insights from Sweden,",2026,PIRLS,reading,Gender,GENDER,gender,standardized_beta,-0.144,negative,English grade (Grade 6),student,1.0,,False,False,medium
10.1016/j.stueduc.2025.101554,"The predictive validity of PIRLS and ePIRLS on later academic achievement: Insights from Sweden,",2026,PIRLS,reading,Parental education,PARENTAL_EDUCATION,parental_education,standardized_beta,0.077,positive,English grade (Grade 6),student,1.0,,False,False,medium
10.1016/j.stueduc.2025.101554,"The predictive validity of PIRLS and ePIRLS on later academic achievement: Insights from Sweden,",2026,PIRLS,reading,Home language,AGE_GRADE,other,standardized_beta,0.105,positive,English grade (Grade 6),student,1.0,,False,False,medium
10.1016/j.ijer.2024.102418,The use of digital devices for schoolwork at home and reading achievement: Multilevel analyses of the PIRLS 2016 U.S. results,2024,PIRLS,reading,Home tablet/computer possession,SES_COMPOSITE,ICT,other,-8.62,negative,Reading achievement (multilevel model outcome),student,1.0,4425.0,,True,medium
10.1016/j.ijer.2024.102418,The use of digital devices for schoolwork at home and reading achievement: Multilevel analyses of the PIRLS 2016 U.S. results,2024,PIRLS,reading,Home tablet/computer possession,SES_COMPOSITE,ICT,other,-24.74,negative,Reading achievement (multilevel model outcome),student,1.0,4425.0,,True,medium
10.1016/j.ijer.2024.102418,The use of digital devices for schoolwork at home and reading achievement: Multilevel analyses of the PIRLS 2016 U.S. results,2024,PIRLS,reading,Home tablet/computer possession,SES_COMPOSITE,ICT,other,-16.74,negative,Reading achievement (multilevel model outcome),student,1.0,4425.0,,True,medium
10.1016/j.ijer.2024.102418,The use of digital devices for schoolwork at home and reading achievement: Multilevel analyses of the PIRLS 2016 U.S. results,2024,PIRLS,reading,Home tablet/computer possession,SES_COMPOSITE,ICT,other,-33.12,negative,Reading achievement (multilevel model outcome),student,1.0,4425.0,,True,medium
10.1016/j.ijer.2024.102418,The use of digital devices for schoolwork at home and reading achievement: Multilevel analyses of the PIRLS 2016 U.S. results,2024,PIRLS,reading,Home tablet/computer possession,SES_COMPOSITE,ICT,other,-3.73,negative,Reading achievement (multilevel model outcome),student,1.0,4425.0,,True,medium
10.1016/j.ijer.2024.102418,The use of digital devices for schoolwork at home and reading achievement: Multilevel analyses of the PIRLS 2016 U.S. results,2024,PIRLS,reading,Home tablet/computer possession,SES_COMPOSITE,ICT,other,5.46,positive,Reading achievement (multilevel model outcome),student,1.0,4425.0,,True,medium
10.1016/j.psicod.2023.09.001,A to Z reading intervention for struggling second graders: a difference-in-differences quasi-experimental evaluation,2024,other,reading,A to Z reading intervention,OTHER,instructional_time,standardized_beta,0.42,positive,words per minute (WPM),student,1.0,1009.0,,False,medium
10.1016/j.psicod.2023.09.001,A to Z reading intervention for struggling second graders: a difference-in-differences quasi-experimental evaluation,2024,other,reading,A to Z reading intervention,OTHER,instructional_time,standardized_beta,0.42,positive,reading accuracy,student,1.0,1009.0,,False,medium
10.1016/j.psicod.2023.09.001,A to Z reading intervention for struggling second graders: a difference-in-differences quasi-experimental evaluation,2024,other,reading,A to Z reading intervention,OTHER,instructional_time,standardized_beta,0.42,positive,reading expressiveness,student,1.0,1009.0,,False,medium
10.1016/j.stueduc.2026.101598,The role of home and classroom factors in shaping reading achievement: A multilevel study based on PIRLS 2021 Türkiye data,2026,PIRLS,reading,Gender,GENDER,gender,standardized_beta,,positive,reading achievement,student,1.0,4745.0,True,True,medium
10.1016/j.stueduc.2026.101598,The role of home and classroom factors in shaping reading achievement: A multilevel study based on PIRLS 2021 Türkiye data,2026,PIRLS,reading,Speaking test language at home,AGE_GRADE,SES/home_resources/parental_education,standardized_beta,,positive,reading achievement,student,1.0,4745.0,True,True,medium
10.1016/j.stueduc.2026.101598,The role of home and classroom factors in shaping reading achievement: A multilevel study based on PIRLS 2021 Türkiye data,2026,PIRLS,reading,Home socioeconomic status,SES_COMPOSITE,SES,standardized_beta,,positive,reading achievement,student,1.0,4745.0,True,True,medium
10.1016/j.stueduc.2026.101598,The role of home and classroom factors in shaping reading achievement: A multilevel study based on PIRLS 2021 Türkiye data,2026,PIRLS,reading,Early literacy activities before school,OTHER,SES/home_resources/parental_education,standardized_beta,,positive,reading achievement,student,1.0,4745.0,True,True,medium
10.1016/j.stueduc.2026.101598,The role of home and classroom factors in shaping reading achievement: A multilevel study based on PIRLS 2021 Türkiye data,2026,PIRLS,reading,Early literacy tasks,OTHER,SES/home_resources/parental_education,standardized_beta,,positive,reading achievement,student,1.0,4745.0,True,True,medium
10.1016/j.system.2025.103665,"The reading rainbow of young multilingual learners: Reading comprehension in the majority (Spanish), regional (Basque) and foreign (English) language",2025,other,reading,Non-verbal intelligence (NVI),OTHER,other,standardized_beta,0.344,positive,English reading comprehension score,student,1.0,199.0,,False,medium
10.1016/j.system.2025.103665,"The reading rainbow of young multilingual learners: Reading comprehension in the majority (Spanish), regional (Basque) and foreign (English) language",2025,other,reading,Socioeconomic status (SES),SES_COMPOSITE,SES,standardized_beta,0.195,positive,English reading comprehension score,student,1.0,199.0,,False,medium
10.1016/j.system.2025.103665,"The reading rainbow of young multilingual learners: Reading comprehension in the majority (Spanish), regional (Basque) and foreign (English) language",2025,other,reading,Extramural reading (ER),OTHER,other,standardized_beta,0.05,,English reading comprehension score,student,1.0,199.0,,False,medium
10.1016/j.system.2025.103665,"The reading rainbow of young multilingual learners: Reading comprehension in the majority (Spanish), regional (Basque) and foreign (English) language",2025,other,reading,Non-verbal intelligence (NVI),OTHER,other,standardized_beta,0.279,positive,Basque reading comprehension score (LI group),student,1.0,81.0,,False,medium
10.1016/j.system.2025.103665,"The reading rainbow of young multilingual learners: Reading comprehension in the majority (Spanish), regional (Basque) and foreign (English) language",2025,other,reading,Non-verbal intelligence (NVI),OTHER,other,standardized_beta,0.412,positive,Spanish reading comprehension score,student,1.0,199.0,,False,medium
10.1016/j.system.2025.103665,"The reading rainbow of young multilingual learners: Reading comprehension in the majority (Spanish), regional (Basque) and foreign (English) language",2025,other,reading,Socioeconomic status (SES),SES_COMPOSITE,SES,standardized_beta,0.24,positive,Spanish reading comprehension score,student,1.0,199.0,,False,medium
10.1016/j.system.2025.103665,"The reading rainbow of young multilingual learners: Reading comprehension in the majority (Spanish), regional (Basque) and foreign (English) language",2025,other,reading,Extramural reading (ER),OTHER,other,standardized_beta,-0.044,,Spanish reading comprehension score,student,1.0,199.0,,False,medium
10.1016/j.ijedudev.2026.103551,School-level digital support and reading achievement: Evidence from the PIRLS 2021 U.S. sample,2026,PIRLS,reading,Teacher technological support,OTHER,ICT,other,58.37,positive,Reading achievement (Plausible Values),student,1.0,1657.0,True,True,medium
10.1016/j.ijedudev.2026.103551,School-level digital support and reading achievement: Evidence from the PIRLS 2021 U.S. sample,2026,PIRLS,reading,School internet connection,OTHER,ICT,other,-57.07,negative,Reading achievement (Plausible Values),student,1.0,1657.0,True,True,medium
10.1016/j.ijedudev.2026.103551,School-level digital support and reading achievement: Evidence from the PIRLS 2021 U.S. sample,2026,PIRLS,reading,Internet × Locating skill,OTHER,ICT,other,25.28,positive,Reading achievement (Plausible Values),student,1.0,1657.0,True,True,medium
10.1016/j.ijedudev.2026.103551,School-level digital support and reading achievement: Evidence from the PIRLS 2021 U.S. sample,2026,PIRLS,reading,Teacher support × Locating skill,TEACHER_QUALITY,ICT,other,-19.33,negative,Reading achievement (Plausible Values),student,1.0,1657.0,True,True,medium
10.1016/j.ijedudev.2026.103551,School-level digital support and reading achievement: Evidence from the PIRLS 2021 U.S. sample,2026,PIRLS,reading,Overall model,OTHER,other,R2,0.217,positive,Reading achievement (Plausible Values),student,1.0,1657.0,True,True,medium
10.1016/j.lindif.2023.102288,Comparing parental and school pressure in terms of their relations with students' well-being,2023,PIRLS,reading,School pressure,OTHER,other,standardized_beta,-0.02,,Satisfaction with school (well-being facet),student,1.0,342.0,False,False,medium
10.1016/j.lindif.2023.102288,Comparing parental and school pressure in terms of their relations with students' well-being,2023,PIRLS,reading,Parental pressure,OTHER,other,standardized_beta,-0.17,negative,Satisfaction with school (well-being facet),student,1.0,342.0,False,False,medium
10.1016/j.lindif.2023.102288,Comparing parental and school pressure in terms of their relations with students' well-being,2023,PIRLS,reading,Academic achievement (WLE),OTHER,prior_achievement,standardized_beta,0.26,positive,Satisfaction with school (well-being facet),student,1.0,342.0,False,False,medium
10.1016/j.lindif.2023.102288,Comparing parental and school pressure in terms of their relations with students' well-being,2023,PIRLS,reading,School pressure,OTHER,other,standardized_beta,0.27,positive,Worries about school (well-being facet),student,1.0,342.0,False,False,medium
10.1016/j.lindif.2023.102288,Comparing parental and school pressure in terms of their relations with students' well-being,2023,PIRLS,reading,Parental pressure,OTHER,other,standardized_beta,0.26,positive,Worries about school (well-being facet),student,1.0,342.0,False,False,medium
10.1016/j.lindif.2023.102288,Comparing parental and school pressure in terms of their relations with students' well-being,2023,PIRLS,reading,Academic achievement (WLE),OTHER,prior_achievement,standardized_beta,-0.19,negative,Worries about school (well-being facet),student,1.0,342.0,False,False,medium
10.1016/j.lindif.2023.102288,Comparing parental and school pressure in terms of their relations with students' well-being,2023,PIRLS,reading,Parental pressure,OTHER,other,standardized_beta,0.13,positive,Physical complaints related to school (well-being facet),student,1.0,342.0,False,False,medium
10.1016/j.lindif.2023.102288,Comparing parental and school pressure in terms of their relations with students' well-being,2023,PIRLS,reading,Academic achievement (WLE),OTHER,prior_achievement,standardized_beta,-0.34,negative,Physical complaints related to school (well-being facet),student,1.0,342.0,False,False,medium
10.1016/j.lindif.2023.102288,Comparing parental and school pressure in terms of their relations with students' well-being,2023,PIRLS,reading,Parental pressure,OTHER,other,standardized_beta,-0.23,negative,Social integration (well-being facet),student,1.0,342.0,False,False,medium
10.1016/j.ijedro.2024.100421,Reading achievements among students in the United Arab Emirates: A multilevel analysis of PIRLS 2021,2025,PIRLS,reading,Socioeconomic status (SES),SES_COMPOSITE,SES,standardized_beta,22.51,positive,Reading achievement score,student,1.0,20537.0,False,True,medium
10.1016/j.ijedro.2024.100421,Reading achievements among students in the United Arab Emirates: A multilevel analysis of PIRLS 2021,2025,PIRLS,reading,Students confident in reading,OTHER,motivation,standardized_beta,42.37,positive,Reading achievement score,student,1.0,20537.0,False,True,medium
10.1016/j.ijedro.2024.100421,Reading achievements among students in the United Arab Emirates: A multilevel analysis of PIRLS 2021,2025,PIRLS,reading,Students engaged in reading,AGE_GRADE,motivation,standardized_beta,12.7,positive,Reading achievement score,student,1.0,20537.0,False,True,medium
10.1016/j.ijedro.2024.100421,Reading achievements among students in the United Arab Emirates: A multilevel analysis of PIRLS 2021,2025,PIRLS,reading,Gender,GENDER,gender,standardized_beta,-5.61,negative,Reading achievement score,student,1.0,20537.0,False,True,medium
10.1016/j.ijedro.2024.100421,Reading achievements among students in the United Arab Emirates: A multilevel analysis of PIRLS 2021,2025,PIRLS,reading,Teacher sends to library,OTHER,teacher_quality,standardized_beta,8.88,positive,Reading achievement score,school,1.0,20537.0,False,True,medium
10.1016/j.ijedro.2024.100421,Reading achievements among students in the United Arab Emirates: A multilevel analysis of PIRLS 2021,2025,PIRLS,reading,School character (climate),OTHER,school_climate,standardized_beta,47.88,positive,Reading achievement score,school,1.0,20537.0,False,True,medium
10.1016/j.ijedro.2024.100421,Reading achievements among students in the United Arab Emirates: A multilevel analysis of PIRLS 2021,2025,PIRLS,reading,Explained variance at Level 1,OTHER,other,R2,0.21,positive,Reading achievement score,student,1.0,20537.0,False,True,medium
10.1016/j.ijedro.2024.100421,Reading achievements among students in the United Arab Emirates: A multilevel analysis of PIRLS 2021,2025,PIRLS,reading,Explained variance at Level 2,OTHER,other,R2,0.61,positive,Reading achievement score,school,1.0,20537.0,False,True,medium
10.1016/j.econedurev.2020.101978,Explaining the gender gaps in mathematics achievement and attitudes_ The role of societal gender equality,2020,PISA,mathematics,societal gender equality (GGI),GENDER,other,standardized_beta,0.15,positive,mathematics achievement,country,56.0,220333.0,True,True,high
10.1016/j.econedurev.2020.101978,Explaining the gender gaps in mathematics achievement and attitudes_ The role of societal gender equality,2020,PISA,mathematics,intrinsic motivation index,MOTIVATION,motivation,standardized_beta,0.1,positive,mathematics achievement,student,56.0,220333.0,True,True,high
10.1016/j.econedurev.2020.101978,Explaining the gender gaps in mathematics achievement and attitudes_ The role of societal gender equality,2020,PISA,mathematics,instrumental motivation index,MOTIVATION,motivation,standardized_beta,0.08,positive,mathematics achievement,student,56.0,220333.0,True,True,high
10.1016/j.econedurev.2020.101978,Explaining the gender gaps in mathematics achievement and attitudes_ The role of societal gender equality,2020,PISA,mathematics,gender (female vs male),GENDER,gender,standardized_beta,-0.12,negative,mathematics achievement,student,56.0,220333.0,True,True,high
10.1016/j.econedurev.2024.102606,Expecting less in hard times: How the state of the economy influences students’ educational expectations,2024,PISA,other,GDP growth (macro conditions),GDP_EXPENDITURE,GDP_expenditure,standardized_beta,0.191,positive,Expected years of education,student,38.0,885247.0,False,False,medium
10.1016/j.econedurev.2024.102606,Expecting less in hard times: How the state of the economy influences students’ educational expectations,2024,PISA,other,GDP growth quintiles (Quintile 5 vs Quintile 1),GDP_EXPENDITURE,GDP_expenditure,other,0.388,positive,Expected years of education,student,38.0,885247.0,False,False,medium
10.1016/j.econedurev.2024.102606,Expecting less in hard times: How the state of the economy influences students’ educational expectations,2024,PISA,other,Expected years of education,OTHER,other,standardized_beta,3.805,positive,Expected occupational status at age 30,student,38.0,519600.0,False,False,medium
10.1016/j.econedurev.2024.102606,Expecting less in hard times: How the state of the economy influences students’ educational expectations,2024,PISA,other,Interaction (GDP growth standardised by country × expected years of education),GDP_EXPENDITURE,GDP_expenditure,standardized_beta,0.712,positive,Expected occupational status at age 30,student,38.0,519600.0,False,False,medium
10.1016/j.compedu.2021.104342,"The effects of ICT-based social media on adolescents' digital reading performance: A longitudinal study of PISA 2009, PISA 2012, PISA 2015 and PISA 2018",2021,PISA,reading,Recreational email use,OTHER,ICT,standardized_beta,-0.05,negative,digital reading performance,student,57.0,767511.0,True,True,high
10.1016/j.compedu.2021.104342,"The effects of ICT-based social media on adolescents' digital reading performance: A longitudinal study of PISA 2009, PISA 2012, PISA 2015 and PISA 2018",2021,PISA,reading,Recreational chatting use,OTHER,ICT,standardized_beta,-0.07,negative,digital reading performance,student,57.0,767511.0,True,True,high
10.1016/j.compedu.2021.104342,"The effects of ICT-based social media on adolescents' digital reading performance: A longitudinal study of PISA 2009, PISA 2012, PISA 2015 and PISA 2018",2021,PISA,reading,Recreational social network use,OTHER,ICT,standardized_beta,-0.09,negative,digital reading performance,student,57.0,767511.0,True,True,high
10.1016/j.compedu.2021.104342,"The effects of ICT-based social media on adolescents' digital reading performance: A longitudinal study of PISA 2009, PISA 2012, PISA 2015 and PISA 2018",2021,PISA,reading,Recreational online games use,OTHER,ICT,standardized_beta,-0.03,negative,digital reading performance,student,57.0,767511.0,True,True,high
10.1016/j.compedu.2021.104342,"The effects of ICT-based social media on adolescents' digital reading performance: A longitudinal study of PISA 2009, PISA 2012, PISA 2015 and PISA 2018",2021,PISA,reading,Recreational browsing fun use,OTHER,ICT,standardized_beta,-0.04,negative,digital reading performance,student,57.0,767511.0,True,True,high
10.1016/j.compedu.2021.104342,"The effects of ICT-based social media on adolescents' digital reading performance: A longitudinal study of PISA 2009, PISA 2012, PISA 2015 and PISA 2018",2021,PISA,reading,Recreational online news use,OTHER,ICT,standardized_beta,0.02,positive,digital reading performance,student,57.0,767511.0,True,True,high
10.1016/j.compedu.2024.105227,Impacts of generative AI on student teachers' task performance and collaborative knowledge construction process in mind mapping-based collaborative environment,2025,other,other,GAI integration condition,OTHER,other,other,,positive,Task performance: ID product TPACK score,student,1.0,30.0,,False,medium
10.1016/j.compedu.2024.105227,Impacts of generative AI on student teachers' task performance and collaborative knowledge construction process in mind mapping-based collaborative environment,2025,other,other,Problem-solving ability (pretest),OTHER,prior_achievement,other,,positive,Task performance: ID product TPACK score,student,1.0,30.0,,False,medium
10.1016/j.compedu.2024.105227,Impacts of generative AI on student teachers' task performance and collaborative knowledge construction process in mind mapping-based collaborative environment,2025,other,other,Pedagogy & tech knowledge (questionnaire),OTHER,prior_achievement,other,,positive,Task performance: ID product TPACK score,student,1.0,30.0,,False,medium
10.1016/j.compedu.2024.105227,Impacts of generative AI on student teachers' task performance and collaborative knowledge construction process in mind mapping-based collaborative environment,2025,other,other,GAI integration condition,OTHER,other,other,,,Task performance: MD product TPACK score,student,1.0,30.0,,False,medium
10.1016/j.compedu.2024.105227,Impacts of generative AI on student teachers' task performance and collaborative knowledge construction process in mind mapping-based collaborative environment,2025,other,other,Problem-solving ability (pretest),OTHER,prior_achievement,other,,,Task performance: MD product TPACK score,student,1.0,30.0,,False,medium
10.1016/j.compedu.2024.105227,Impacts of generative AI on student teachers' task performance and collaborative knowledge construction process in mind mapping-based collaborative environment,2025,other,other,Pedagogy & tech knowledge (questionnaire),OTHER,prior_achievement,other,,,Task performance: MD product TPACK score,student,1.0,30.0,,False,medium
10.1016/j.compedu.2025.105537,National contexts and information and communication technology in education: A systematic review of PISA studies,2026,PISA,other,ICT attitudes,ICT_ACCESS,ICT,other,,positive,cognitive outcomes,student,,,,,low
10.1016/j.compedu.2025.105537,National contexts and information and communication technology in education: A systematic review of PISA studies,2026,PISA,other,ICT access/use,ICT_ACCESS,ICT,other,,mixed,cognitive outcomes,student,,,,,low
10.1016/j.ijedudev.2021.102378,Does greater community involvement mean more parent-teacher interaction? Evidence from seven developing countries,2021,PISA,other,Community involvement level,OTHER,school_climate,other,,,Parent-teacher meeting demand (percentage of teachers),school,7.0,,False,True,medium
10.1016/j.ijedudev.2021.102378,Does greater community involvement mean more parent-teacher interaction? Evidence from seven developing countries,2021,PISA,other,Instructional resources,OTHER,school_resources,other,,mixed,Parent-teacher meeting demand (percentage of teachers),school,7.0,,False,True,medium
10.1016/j.ijedudev.2021.102378,Does greater community involvement mean more parent-teacher interaction? Evidence from seven developing countries,2021,PISA,other,School ownership (private/public),OTHER,school_climate,other,,positive,Parent-teacher meeting demand (percentage of teachers),school,7.0,,False,True,medium
10.1016/j.ijedudev.2021.102378,Does greater community involvement mean more parent-teacher interaction? Evidence from seven developing countries,2021,PISA,other,Socioeconomic status (ESCS),SES_COMPOSITE,SES,other,,,Parent-teacher meeting demand (percentage of teachers),school,7.0,,False,True,medium
10.1016/j.ijedudev.2021.102404,Public and private school efficiency and equity in Latin America: New evidence based on PISA for development,2021,PISA,other,Family SES (escs15),SES_COMPOSITE,SES,standardized_beta,,positive,DEA efficiency scores,school,4.0,,False,False,medium
10.1016/j.ijedudev.2021.102404,Public and private school efficiency and equity in Latin America: New evidence based on PISA for development,2021,PISA,other,Physical infrastructure index,SCHOOL_RESOURCES,school_resources,standardized_beta,,positive,DEA efficiency scores,school,4.0,,False,False,medium
10.1016/j.ijedudev.2021.102404,Public and private school efficiency and equity in Latin America: New evidence based on PISA for development,2021,PISA,other,Educational infrastructure index,SCHOOL_RESOURCES,school_resources,standardized_beta,,positive,DEA efficiency scores,school,4.0,,False,False,medium
10.1016/j.ijedudev.2021.102404,Public and private school efficiency and equity in Latin America: New evidence based on PISA for development,2021,PISA,other,IT infrastructure index,SCHOOL_RESOURCES,ICT,standardized_beta,,positive,DEA efficiency scores,school,4.0,,False,False,medium
10.1016/j.ijedudev.2021.102404,Public and private school efficiency and equity in Latin America: New evidence based on PISA for development,2021,PISA,other,Student–teacher ratio (inverse),OTHER,school_resources,standardized_beta,,positive,DEA efficiency scores,school,4.0,,False,False,medium
10.1016/j.ijedudev.2022.102631,Indigenous and non-Indigenous proficiency gaps for out-of-school and in-school populations: A machine learning approach,2022,PISA,mathematics,indigenous_language_home,AGE_GRADE,other,odds_ratio,,negative,reaching at least specified PISA-D proficiency levels,student,3.0,17037.0,,False,medium
10.1016/j.ijedudev.2022.102631,Indigenous and non-Indigenous proficiency gaps for out-of-school and in-school populations: A machine learning approach,2022,PISA,reading,indigenous_language_home,AGE_GRADE,other,odds_ratio,,negative,reaching at least specified PISA-D proficiency levels,student,3.0,17037.0,,False,medium
10.1016/j.chb.2024.108198,Examining the relationship between online chatting and PISA reading literacy trends (2000-2018),2024,PISA,reading,Online chatting trend change,ICT_ACCESS,ICT,standardized_beta,-0.15,negative,PISA reading literacy,country,39.0,,,True,medium
10.1016/j.chb.2024.108198,Examining the relationship between online chatting and PISA reading literacy trends (2000-2018),2024,PISA,reading,Reading fiction trend change,ICT_ACCESS,other,standardized_beta,0.2,positive,PISA reading literacy,country,39.0,,,True,medium
10.1016/j.chb.2024.108198,Examining the relationship between online chatting and PISA reading literacy trends (2000-2018),2024,PISA,reading,Reading strategies awareness change,OTHER,other,standardized_beta,0.1,positive,PISA reading literacy,country,39.0,,,True,medium
10.1016/j.chb.2024.108198,Examining the relationship between online chatting and PISA reading literacy trends (2000-2018),2024,PISA,reading,Internet availability trend change,OTHER,ICT,standardized_beta,-0.05,negative,PISA reading literacy,country,39.0,,,True,medium
10.1016/j.chb.2024.108198,Examining the relationship between online chatting and PISA reading literacy trends (2000-2018),2024,PISA,reading,Reading time trend change,OTHER,other,standardized_beta,0.12,positive,PISA reading literacy,country,39.0,,,True,medium
10.1016/j.ijer.2021.101833,Teachers’ perceived societal appreciation: PISA outcomes predict whether teachers feel valued in society,2021,PISA,science,PISA score (Science),OTHER,prior_achievement,standardized_beta,0.35,positive,Teachers’ perceived societal appreciation,country,25.0,66593.0,,False,medium
10.1016/j.ijer.2021.101833,Teachers’ perceived societal appreciation: PISA outcomes predict whether teachers feel valued in society,2021,PISA,mathematics,PISA score (Maths),OTHER,prior_achievement,standardized_beta,0.28,positive,Teachers’ perceived societal appreciation,country,25.0,66593.0,,False,medium
10.1016/j.ijer.2021.101833,Teachers’ perceived societal appreciation: PISA outcomes predict whether teachers feel valued in society,2021,PISA,reading,PISA score (Reading),OTHER,prior_achievement,standardized_beta,0.3,positive,Teachers’ perceived societal appreciation,country,25.0,66593.0,,False,medium
10.1016/j.ijer.2022.102000,The correspondence between PISA performance and school achievement in Finland,2022,PISA,reading,PISA proficiency level in reading,OTHER,prior_achievement,r_correlation,0.58,positive,Mother tongue & literature grade,student,1.0,9809.0,,True,medium
10.1016/j.ijer.2022.102000,The correspondence between PISA performance and school achievement in Finland,2022,PISA,mathematics,PISA proficiency level in mathematics,OTHER,prior_achievement,r_correlation,0.58,positive,Mathematics grade,student,1.0,9809.0,,True,medium
10.1016/j.ijer.2022.102000,The correspondence between PISA performance and school achievement in Finland,2022,PISA,science,PISA proficiency level in science,OTHER,prior_achievement,r_correlation,0.66,positive,Science-related grades,student,1.0,9809.0,,True,medium
10.1016/j.ijer.2022.102000,The correspondence between PISA performance and school achievement in Finland,2022,PISA,reading,PISA proficiency level in reading,OTHER,prior_achievement,r_correlation,0.62,positive,Mother tongue & literature grade,student,1.0,9809.0,,True,medium
10.1016/j.ijer.2022.102000,The correspondence between PISA performance and school achievement in Finland,2022,PISA,mathematics,PISA proficiency level in mathematics,OTHER,prior_achievement,r_correlation,0.58,positive,Mathematics grade,student,1.0,9809.0,,True,medium
10.1016/j.ijer.2023.102274,Adolescents want to be teachers? Affecting factors and two-decade trends in 39 educational systems,2024,PISA,other,Socioeconomic status (ESCS),SES_COMPOSITE,SES,odds_ratio,1.25,positive,teaching-career expectation,student,39.0,,,True,medium
10.1016/j.ijer.2023.102274,Adolescents want to be teachers? Affecting factors and two-decade trends in 39 educational systems,2024,PISA,reading,Reading achievement,OTHER,prior_achievement,odds_ratio,1.1,positive,teaching-career expectation,student,39.0,,,True,medium
10.1016/j.ijer.2023.102274,Adolescents want to be teachers? Affecting factors and two-decade trends in 39 educational systems,2024,PISA,mathematics,Math,OTHER,prior_achievement,odds_ratio,1.05,positive,teaching-career expectation,student,39.0,,,True,medium
10.1016/j.ijer.2023.102274,Adolescents want to be teachers? Affecting factors and two-decade trends in 39 educational systems,2024,PISA,science,Science achievement,OTHER,prior_achievement,odds_ratio,1.08,positive,teaching-career expectation,student,39.0,,,True,medium
10.1016/j.ijer.2023.102274,Adolescents want to be teachers? Affecting factors and two-decade trends in 39 educational systems,2024,PISA,other,Enjoyment of reading,MOTIVATION,motivation,odds_ratio,1.15,positive,teaching-career expectation,student,39.0,,,True,medium
10.1016/j.ijer.2023.102274,Adolescents want to be teachers? Affecting factors and two-decade trends in 39 educational systems,2024,PISA,other,Self-efficacy,SELF_EFFICACY,self_efficacy,odds_ratio,1.12,positive,teaching-career expectation,student,39.0,,,True,medium
10.1016/j.ijer.2023.102274,Adolescents want to be teachers? Affecting factors and two-decade trends in 39 educational systems,2024,PISA,other,Parents’ teaching career,OTHER,parental_education,odds_ratio,1.3,positive,teaching-career expectation,student,39.0,,,True,medium
10.1016/j.ijer.2023.102274,Adolescents want to be teachers? Affecting factors and two-decade trends in 39 educational systems,2024,PISA,other,Family support,OTHER,SES,odds_ratio,1.2,positive,teaching-career expectation,student,39.0,,,True,medium
10.1016/j.ijer.2023.102274,Adolescents want to be teachers? Affecting factors and two-decade trends in 39 educational systems,2024,PISA,other,Teacher support,TEACHER_QUALITY,teacher_quality,odds_ratio,1.18,positive,teaching-career expectation,student,39.0,,,True,medium
10.1016/j.ijer.2023.102274,Adolescents want to be teachers? Affecting factors and two-decade trends in 39 educational systems,2024,PISA,other,Teacher enthusiasm,TEACHER_QUALITY,teacher_quality,odds_ratio,1.22,positive,teaching-career expectation,student,39.0,,,True,medium
10.1016/j.ijer.2024.102493,School efficiency in Latin America before and after the COVID-19 pandemic: New evidence from PISA 2018 and 2022,2025,PISA,mathematics,Gender (male share),GENDER,gender,standardized_beta,,mixed,student achievement,school,9.0,4969.0,False,False,medium
10.1016/j.ijer.2024.102493,School efficiency in Latin America before and after the COVID-19 pandemic: New evidence from PISA 2018 and 2022,2025,PISA,reading,IT home resources index,HOME_RESOURCES,ICT,standardized_beta,,positive,student achievement,school,9.0,4969.0,False,False,medium
10.1016/j.ijer.2024.102493,School efficiency in Latin America before and after the COVID-19 pandemic: New evidence from PISA 2018 and 2022,2025,PISA,science,Parental support index,PARENTAL_EDUCATION,SES,standardized_beta,,positive,student achievement,school,9.0,4969.0,False,False,medium
10.1016/j.ijer.2024.102493,School efficiency in Latin America before and after the COVID-19 pandemic: New evidence from PISA 2018 and 2022,2025,PISA,mathematics,School type (private),SCHOOL_RESOURCES,school_resources,standardized_beta,,positive,student achievement,school,9.0,4969.0,False,False,medium
10.1016/j.ijer.2024.102493,School efficiency in Latin America before and after the COVID-19 pandemic: New evidence from PISA 2018 and 2022,2025,PISA,reading,School location (urban),OTHER,school_resources,standardized_beta,,positive,student achievement,school,9.0,4969.0,False,False,medium
10.1016/j.ijer.2024.102493,School efficiency in Latin America before and after the COVID-19 pandemic: New evidence from PISA 2018 and 2022,2025,PISA,science,Disadvantaged families share,AGE_GRADE,SES,standardized_beta,,negative,student achievement,school,9.0,4969.0,False,False,medium
10.1016/j.ijer.2026.102975,Education systems and social background inequality of educational opportunity: New evidence,2026,PISA,other,Family background (ESCS),SES_COMPOSITE,SES,standardized_beta,0.35,positive,Academic achievement (PISA PV-weighted average),student,52.0,181727.0,True,,medium
10.1016/j.ijer.2026.102975,Education systems and social background inequality of educational opportunity: New evidence,2026,PISA,other,SGUSE stratification,OTHER,school_resources,standardized_beta,-0.12,negative,Academic achievement (PISA PV-weighted average),student,52.0,181727.0,True,,medium
10.1016/j.ijer.2026.102975,Education systems and social background inequality of educational opportunity: New evidence,2026,PISA,other,HST transition exams,OTHER,curriculum,standardized_beta,0.08,positive,Academic achievement (PISA PV-weighted average),student,52.0,181727.0,True,,medium
10.1016/j.ijer.2026.102975,Education systems and social background inequality of educational opportunity: New evidence,2026,PISA,other,Gender (Female=1),GENDER,gender,standardized_beta,0.05,positive,Academic achievement (PISA PV-weighted average),student,52.0,181727.0,True,,medium
10.1016/j.ijer.2026.102975,Education systems and social background inequality of educational opportunity: New evidence,2026,PISA,other,Immigration status,SES_COMPOSITE,other,standardized_beta,-0.07,negative,Academic achievement (PISA PV-weighted average),student,52.0,181727.0,True,,medium
10.1016/j.learninstruc.2023.101825,Income inequality is associated with heightened test anxiety and lower academic achievement: A cross-national study in 51 countries,2024,PISA,reading,Income inequality (Gini),OTHER,GDP_expenditure,standardized_beta,-0.15,negative,Reading achievement,country,51.0,389215.0,,False,medium
10.1016/j.learninstruc.2023.101825,Income inequality is associated with heightened test anxiety and lower academic achievement: A cross-national study in 51 countries,2024,PISA,reading,Test anxiety (schoolwork),ANXIETY,anxiety,standardized_beta,-0.08,negative,Reading achievement,student,51.0,389215.0,,False,medium
10.1016/j.learninstruc.2023.101825,Income inequality is associated with heightened test anxiety and lower academic achievement: A cross-national study in 51 countries,2024,PISA,reading,Income inequality (Gini),OTHER,GDP_expenditure,other,,,Reading achievement,country,51.0,389215.0,,False,medium
10.1016/j.lindif.2024.102520,"Expectancy-value-cost motivational profiles in biology and physics: Their relations with gender, self-reported satisfaction of needs, and learning behavior",2024,other,other,Biology expectancy,OTHER,motivation,other,,positive,Latent motivational profile membership (biology & physics),student,1.0,1502.0,,False,medium
10.1016/j.lindif.2024.102520,"Expectancy-value-cost motivational profiles in biology and physics: Their relations with gender, self-reported satisfaction of needs, and learning behavior",2024,other,other,Biology intrinsic value,OTHER,motivation,other,,positive,Latent motivational profile membership (biology & physics),student,1.0,1502.0,,False,medium
10.1016/j.lindif.2024.102520,"Expectancy-value-cost motivational profiles in biology and physics: Their relations with gender, self-reported satisfaction of needs, and learning behavior",2024,other,other,Biology utility value,OTHER,motivation,other,,positive,Latent motivational profile membership (biology & physics),student,1.0,1502.0,,False,medium
10.1016/j.lindif.2024.102520,"Expectancy-value-cost motivational profiles in biology and physics: Their relations with gender, self-reported satisfaction of needs, and learning behavior",2024,other,other,Biology perceived cost,OTHER,motivation,other,,negative,Latent motivational profile membership (biology & physics),student,1.0,1502.0,,False,medium
10.1016/j.lindif.2024.102520,"Expectancy-value-cost motivational profiles in biology and physics: Their relations with gender, self-reported satisfaction of needs, and learning behavior",2024,other,other,Physics expectancy,OTHER,motivation,other,,positive,Latent motivational profile membership (biology & physics),student,1.0,1502.0,,False,medium
10.1016/j.lindif.2024.102520,"Expectancy-value-cost motivational profiles in biology and physics: Their relations with gender, self-reported satisfaction of needs, and learning behavior",2024,other,other,Deep learning strategy use,OTHER,motivation,other,,positive,Reported use of deep learning strategies across profiles,student,1.0,1502.0,,False,medium
10.1016/j.lindif.2024.102520,"Expectancy-value-cost motivational profiles in biology and physics: Their relations with gender, self-reported satisfaction of needs, and learning behavior",2024,other,other,Biology intrinsic value,OTHER,motivation,other,,positive,Reported use of deep learning strategies across profiles,student,1.0,1502.0,,False,medium
10.1016/j.lindif.2024.102520,"Expectancy-value-cost motivational profiles in biology and physics: Their relations with gender, self-reported satisfaction of needs, and learning behavior",2024,other,other,Physics intrinsic value,OTHER,motivation,other,,positive,Reported use of deep learning strategies across profiles,student,1.0,1502.0,,False,medium
10.1016/j.lindif.2024.102520,"Expectancy-value-cost motivational profiles in biology and physics: Their relations with gender, self-reported satisfaction of needs, and learning behavior",2024,other,other,Biology utility value,OTHER,motivation,other,,positive,Reported use of deep learning strategies across profiles,student,1.0,1502.0,,False,medium
10.1016/j.lindif.2024.102520,"Expectancy-value-cost motivational profiles in biology and physics: Their relations with gender, self-reported satisfaction of needs, and learning behavior",2024,other,other,Physics utility value,OTHER,motivation,other,,positive,Reported use of deep learning strategies across profiles,student,1.0,1502.0,,False,medium
10.1016/j.lindif.2026.102877,The association between private tutoring and mathematics learning outcomes in primary and secondary schools: A three-level meta-analysis,2026,other,mathematics,private tutoring,SCHOOL_RESOURCES,other,r_correlation,0.11,positive,mathematics achievement,student,,,,,medium
10.1016/j.lindif.2026.102877,The association between private tutoring and mathematics learning outcomes in primary and secondary schools: A three-level meta-analysis,2026,other,mathematics,private tutoring,SCHOOL_RESOURCES,other,r_correlation,0.144,positive,cognitive mathematics outcomes,student,,,,,medium
10.1016/j.lindif.2026.102877,The association between private tutoring and mathematics learning outcomes in primary and secondary schools: A three-level meta-analysis,2026,other,mathematics,private tutoring,SCHOOL_RESOURCES,other,r_correlation,0.145,positive,mathematics achievement,student,,,,,medium
10.1016/j.lindif.2026.102877,The association between private tutoring and mathematics learning outcomes in primary and secondary schools: A three-level meta-analysis,2026,other,mathematics,private tutoring,SCHOOL_RESOURCES,other,r_correlation,0.082,,mathematics ability,student,,,,,medium
10.1016/j.lindif.2026.102877,The association between private tutoring and mathematics learning outcomes in primary and secondary schools: A three-level meta-analysis,2026,other,other,private tutoring,SCHOOL_RESOURCES,other,r_correlation,0.019,,non-cognitive outcomes,student,,,,,medium
10.1016/j.lindif.2026.102877,The association between private tutoring and mathematics learning outcomes in primary and secondary schools: A three-level meta-analysis,2026,other,mathematics,private tutoring,SCHOOL_RESOURCES,other,r_correlation,0.289,positive,cognitive outcomes by test type (school tests only),student,,,,,medium
10.1016/j.lindif.2026.102877,The association between private tutoring and mathematics learning outcomes in primary and secondary schools: A three-level meta-analysis,2026,other,mathematics,private tutoring,SCHOOL_RESOURCES,other,r_correlation,0.206,positive,cognitive outcomes by school stage (secondary),student,,,,,medium
10.1016/j.lindif.2026.102877,The association between private tutoring and mathematics learning outcomes in primary and secondary schools: A three-level meta-analysis,2026,other,mathematics,private tutoring,SCHOOL_RESOURCES,other,r_correlation,0.189,positive,cognitive outcomes by geographical location (Asia),student,,,,,medium
10.1016/j.jadohealth.2025.06.017,Adolescent Loneliness Trends and Contextual Correlates Across 38 Countries From 2000 to 2022,2025,PISA,other,Sex,GENDER,gender,standardized_beta,-0.007,negative,School loneliness (weighted mean score),student,38.0,1169308.0,,True,medium
10.1016/j.jadohealth.2025.06.017,Adolescent Loneliness Trends and Contextual Correlates Across 38 Countries From 2000 to 2022,2025,PISA,other,Maternal education,OTHER,parental_education,standardized_beta,0.045,positive,School loneliness (weighted mean score),student,38.0,1169308.0,,True,medium
10.1016/j.jadohealth.2025.06.017,Adolescent Loneliness Trends and Contextual Correlates Across 38 Countries From 2000 to 2022,2025,PISA,other,Paternal education,OTHER,parental_education,standardized_beta,0.017,positive,School loneliness (weighted mean score),student,38.0,1169308.0,,True,medium
10.1016/j.pirs.2025.100096,The ’picking the fittest’ approach and spatial dynamics in China’s artificial intelligence regional development,2025,other,other,ICT specialization (RTA ICT),ICT_ACCESS,ICT,standardized_beta,0.6705,positive,AI patenting performance (AIpat/Pop),country,1.0,,,False,medium
10.1016/j.pirs.2025.100096,The ’picking the fittest’ approach and spatial dynamics in China’s artificial intelligence regional development,2025,other,other,ICT specialization (RTA ICT),ICT_ACCESS,ICT,standardized_beta,0.4984,positive,AI patenting performance (AIpat/Pop),country,1.0,,,False,medium
10.1016/j.pirs.2025.100096,The ’picking the fittest’ approach and spatial dynamics in China’s artificial intelligence regional development,2025,other,other,ICT specialization (RTA ICT),ICT_ACCESS,ICT,standardized_beta,0.3213,positive,AI patenting performance spatial spillovers (neighboring AIpat/Pop),country,1.0,,,False,medium
10.1016/j.pirs.2025.100096,The ’picking the fittest’ approach and spatial dynamics in China’s artificial intelligence regional development,2025,other,other,spatial lag of AI patenting performance WY,PRIOR_ACHIEVEMENT,other,standardized_beta,-0.2162,negative,AI patenting performance spatial spillovers (neighboring AIpat/Pop),country,1.0,,,False,medium
10.1016/j.edurev.2025.100746,Effects of social cues of artificial intelligence-powered pedagogical agents: A multilevel meta-analysis,2025,other,other,social cues in AI-powered pedagogical agents,AGE_GRADE,other,standardized_beta,0.359,positive,cognitive learning outcomes,other,,,,,medium
10.1016/j.edurev.2025.100746,Effects of social cues of artificial intelligence-powered pedagogical agents: A multilevel meta-analysis,2025,other,other,social cues in AI-powered pedagogical agents,AGE_GRADE,other,standardized_beta,0.519,positive,affective learning outcomes,other,,,,,medium
10.1016/j.edurev.2025.100746,Effects of social cues of artificial intelligence-powered pedagogical agents: A multilevel meta-analysis,2025,other,other,social cues in AI-powered pedagogical agents,AGE_GRADE,other,standardized_beta,0.458,positive,behavioral learning outcomes,other,,,,,medium
10.1016/j.edurev.2025.100746,Effects of social cues of artificial intelligence-powered pedagogical agents: A multilevel meta-analysis,2025,other,other,social cues in AI-powered pedagogical agents,AGE_GRADE,other,standardized_beta,0.039,,cognitive load,other,,,,,medium
10.1016/j.tsc.2025.102069,Interpretable machine learning reveals key determinants of creative thinking among East Asian students: Evidence from PISA 2022,2026,PISA,other,Reading performance,OTHER,prior_achievement,R2,0.6304,positive,Creative thinking score (PISA 2022; 10 PVs pooled via Rubin’s rules),student,5.0,29208.0,True,False,medium
10.1016/j.tsc.2025.102069,Interpretable machine learning reveals key determinants of creative thinking among East Asian students: Evidence from PISA 2022,2026,PISA,other,Science performance,OTHER,prior_achievement,R2,0.6304,positive,Creative thinking score (PISA 2022; 10 PVs pooled via Rubin’s rules),student,5.0,29208.0,True,False,medium
10.1016/j.tsc.2025.102069,Interpretable machine learning reveals key determinants of creative thinking among East Asian students: Evidence from PISA 2022,2026,PISA,other,Family ESCS,SES_COMPOSITE,SES,R2,0.6304,positive,Creative thinking score (PISA 2022; 10 PVs pooled via Rubin’s rules),student,5.0,29208.0,True,False,medium
10.1016/j.tsc.2025.102069,Interpretable machine learning reveals key determinants of creative thinking among East Asian students: Evidence from PISA 2022,2026,PISA,other,Math performance,OTHER,prior_achievement,R2,0.6304,positive,Creative thinking score (PISA 2022; 10 PVs pooled via Rubin’s rules),student,5.0,29208.0,True,False,medium
10.1016/j.tsc.2025.102069,Interpretable machine learning reveals key determinants of creative thinking among East Asian students: Evidence from PISA 2022,2026,PISA,other,Gender,GENDER,gender,R2,0.6304,positive,Creative thinking score (PISA 2022; 10 PVs pooled via Rubin’s rules),student,5.0,29208.0,True,False,medium
10.1016/j.psicod.2019.08.003,Explorando la relación entre las actitudes ante las ciencias y el rendimiento en PISA,2020,PISA,science,SEFISCI,OTHER,self_efficacy,standardized_beta,0.35,positive,science literacy,country,72.0,,False,True,medium
10.1016/j.psicod.2019.08.003,Explorando la relación entre las actitudes ante las ciencias y el rendimiento en PISA,2020,PISA,science,PARTSCI,OTHER,motivation,standardized_beta,0.28,positive,science literacy,country,72.0,,False,True,medium
10.1016/j.psicod.2019.08.003,Explorando la relación entre las actitudes ante las ciencias y el rendimiento en PISA,2020,PISA,science,INTSCI,OTHER,motivation,standardized_beta,0.22,positive,science literacy,country,72.0,,False,True,medium
10.1016/j.psicod.2019.08.003,Explorando la relación entre las actitudes ante las ciencias y el rendimiento en PISA,2020,PISA,science,JOYSCI,OTHER,motivation,standardized_beta,0.18,positive,science literacy,country,72.0,,False,True,medium
10.1016/j.ijedro.2022.100165,1-s2.0-S2666374022000437-main,2022,PISA,other,Socioeconomic status (ESCS),SES_COMPOSITE,SES,standardized_beta,10.343,positive,"PISA mean score (imputed across reading, mathematics, science)",student,2.0,,,True,medium
10.1016/j.ijedro.2022.100165,1-s2.0-S2666374022000437-main,2022,PISA,other,School mean ESCS,SES_COMPOSITE,SES,standardized_beta,105.524,positive,"PISA mean score (imputed across reading, mathematics, science)",school,2.0,,,True,medium
10.1016/j.ijedro.2022.100165,1-s2.0-S2666374022000437-main,2022,PISA,other,Socioeconomic status (ESCS),SES_COMPOSITE,SES,standardized_beta,27.763,positive,"PISA mean score (imputed across reading, mathematics, science)",student,2.0,,,True,medium
10.1016/j.ijedro.2022.100165,1-s2.0-S2666374022000437-main,2022,PISA,other,School mean ESCS,SES_COMPOSITE,SES,standardized_beta,62.924,positive,"PISA mean score (imputed across reading, mathematics, science)",school,2.0,,,True,medium
10.1016/j.ijedro.2022.100165,1-s2.0-S2666374022000437-main,2022,PISA,other,Socioeconomic status (ESCS),SES_COMPOSITE,SES,standardized_beta,10.23,positive,"PISA mean score (imputed across reading, mathematics, science)",student,2.0,,,True,medium
10.1016/j.ijedro.2022.100165,1-s2.0-S2666374022000437-main,2022,PISA,other,School mean ESCS,SES_COMPOSITE,SES,standardized_beta,116.308,positive,"PISA mean score (imputed across reading, mathematics, science)",school,2.0,,,True,medium
10.1016/j.ijedro.2022.100165,1-s2.0-S2666374022000437-main,2022,PISA,other,Socioeconomic status (ESCS),SES_COMPOSITE,SES,standardized_beta,26.365,positive,"PISA mean score (imputed across reading, mathematics, science)",student,2.0,,,True,medium
10.1016/j.ijedro.2022.100165,1-s2.0-S2666374022000437-main,2022,PISA,other,School mean ESCS,SES_COMPOSITE,SES,standardized_beta,73.35,positive,"PISA mean score (imputed across reading, mathematics, science)",school,2.0,,,True,medium
10.1016/j.ijedro.2022.100165,1-s2.0-S2666374022000437-main,2022,PISA,other,Socioeconomic status (ESCS),SES_COMPOSITE,SES,standardized_beta,10.589,positive,"PISA mean score (imputed across reading, mathematics, science)",student,2.0,,,True,medium
10.1016/j.ijedro.2022.100165,1-s2.0-S2666374022000437-main,2022,PISA,other,School mean ESCS,SES_COMPOSITE,SES,standardized_beta,88.976,positive,"PISA mean score (imputed across reading, mathematics, science)",school,2.0,,,True,medium
10.1016/j.ijedro.2022.100165,1-s2.0-S2666374022000437-main,2022,PISA,other,Socioeconomic status (ESCS),SES_COMPOSITE,SES,standardized_beta,20.989,positive,"PISA mean score (imputed across reading, mathematics, science)",student,2.0,,,True,medium
10.1016/j.ijedro.2024.100414,"PISA 2022 insights on intellectual curiosity, perspective-taking, and science achievement: Examining the mediating pathways",2025,PISA,science,Intellectual curiosity,OTHER,motivation,standardized_beta,0.19,positive,Science achievement (PVs),student,1.0,21510.0,True,False,medium
10.1016/j.ijedro.2024.100414,"PISA 2022 insights on intellectual curiosity, perspective-taking, and science achievement: Examining the mediating pathways",2025,PISA,science,Perspective-taking,OTHER,motivation,standardized_beta,0.15,positive,Science achievement (PVs),student,1.0,21510.0,True,False,medium
10.1016/j.ijedro.2024.100414,"PISA 2022 insights on intellectual curiosity, perspective-taking, and science achievement: Examining the mediating pathways",2025,PISA,science,Intellectual curiosity -> Perspective-taking,OTHER,motivation,standardized_beta,0.09,positive,Science achievement (PVs),student,1.0,21510.0,True,False,medium
10.1016/j.ijedro.2024.100414,"PISA 2022 insights on intellectual curiosity, perspective-taking, and science achievement: Examining the mediating pathways",2025,PISA,science,Intellectual curiosity,OTHER,motivation,R2,0.09,positive,Science achievement (PVs),student,1.0,21510.0,True,False,medium
10.1016/j.ijedro.2025.100445,A long road to educational equity: Tracking trends through PISA 2000–2018,2025,PISA,other,ESCS,SES_COMPOSITE,SES,R2,0.128,negative,PISA scores,country,87.0,,,False,medium
10.1016/j.ijedro.2025.100489,The impact of the pandemic and school closures on non-cognitive characteristics: Evidence from PISA,2025,PISA,other,COVID-19 period indicator,OTHER,other,standardized_beta,0.049,positive,Sense of belonging (BELONG index),student,32.0,980403.0,,True,medium
10.1016/j.ijedro.2025.100489,The impact of the pandemic and school closures on non-cognitive characteristics: Evidence from PISA,2025,PISA,other,COVID-19 period indicator,OTHER,other,standardized_beta,-0.04,negative,Sense of belonging (BELONG index),student,32.0,980403.0,,True,medium
10.1016/j.ijedro.2025.100489,The impact of the pandemic and school closures on non-cognitive characteristics: Evidence from PISA,2025,PISA,other,Socioeconomic status (ESCS),SES_COMPOSITE,SES,R2,0.029,positive,Sense of belonging (BELONG index),student,32.0,980403.0,,True,medium
10.1016/j.ijedro.2025.100489,The impact of the pandemic and school closures on non-cognitive characteristics: Evidence from PISA,2025,PISA,other,Socioeconomic status (ESCS),SES_COMPOSITE,SES,R2,0.037,positive,Sense of belonging (BELONG index),student,32.0,980403.0,,True,medium
10.1016/j.caeai.2023.100165,What do university students know about Artificial Intelligence? Development and validation of an AI literacy test,2023,other,other,AI self-efficacy,SELF_EFFICACY,self_efficacy,r_correlation,0.39,positive,"AI literacy knowledge (IRT person ability, 3-PL)",student,1.0,1286.0,,False,medium
10.1016/j.caeai.2023.100165,What do university students know about Artificial Intelligence? Development and validation of an AI literacy test,2023,other,other,Interest in AI,MOTIVATION,motivation,r_correlation,0.36,positive,"AI literacy knowledge (IRT person ability, 3-PL)",student,1.0,1286.0,,False,medium
10.1016/j.caeai.2023.100165,What do university students know about Artificial Intelligence? Development and validation of an AI literacy test,2023,other,other,Positive attitude toward AI,OTHER,motivation,r_correlation,0.27,positive,"AI literacy knowledge (IRT person ability, 3-PL)",student,1.0,1286.0,,False,medium
10.1016/j.caeai.2023.100165,What do university students know about Artificial Intelligence? Development and validation of an AI literacy test,2023,other,other,Negative attitude toward AI,OTHER,motivation,r_correlation,-0.26,negative,"AI literacy knowledge (IRT person ability, 3-PL)",student,1.0,1286.0,,False,medium
10.1016/j.caeai.2023.100165,What do university students know about Artificial Intelligence? Development and validation of an AI literacy test,2023,other,other,Prior computer science study,ICT_ACCESS,prior_achievement,other,0.551,positive,"AI literacy knowledge (IRT person ability, 3-PL)",student,1.0,1286.0,,False,medium
10.1016/j.caeai.2024.100288,"AI in essay-based assessment: Student adoption, usage, and performance",2024,other,other,Used AI,OTHER,other,other,,,Final research proposal mark (0–100),student,1.0,69.0,,False,low
10.1016/j.caeai.2024.100288,"AI in essay-based assessment: Student adoption, usage, and performance",2024,other,other,Used AI,OTHER,other,other,,,Individual marking criteria subscores (scaled out of 100),student,1.0,69.0,,False,low
10.4018/IJOPCD.376343,Important-Things-to-Know-Before-Developing-Artific,2025,other,other,Problem-solving,OTHER,other,standardized_beta,0.313,positive,Programming attainment (post-test score),student,1.0,73.0,False,False,low
10.4018/IJOPCD.376343,Important-Things-to-Know-Before-Developing-Artific,2025,other,other,Creativity,OTHER,other,standardized_beta,-0.276,negative,Programming attainment (post-test score),student,1.0,73.0,False,False,low
10.4018/IJOPCD.376343,Important-Things-to-Know-Before-Developing-Artific,2025,other,other,Gender,GENDER,gender,standardized_beta,0.217,,Programming attainment (post-test score),student,1.0,73.0,False,False,low
10.1016/j.ijedro.2024.100360,Cognitive skills and economic growth in the twenty-first century: Evidence from PISA and cognitive ability studies,2024,PISA,other,PISA 2000 average scores,AGE_GRADE,prior_achievement,standardized_beta,0.45,positive,GDP per capita growth (2010–2019),country,78.0,,False,False,medium
10.1016/j.ijedro.2024.100360,Cognitive skills and economic growth in the twenty-first century: Evidence from PISA and cognitive ability studies,2024,other,other,years of schooling,OTHER,SES,standardized_beta,0.3,positive,GDP per capita growth (2010–2019),country,78.0,,False,False,medium
10.1016/j.ijedro.2024.100360,Cognitive skills and economic growth in the twenty-first century: Evidence from PISA and cognitive ability studies,2024,other,other,Gini,OTHER,SES,standardized_beta,-0.25,negative,GDP per capita growth (2010–2019),country,78.0,,False,False,medium
10.1016/j.learninstruc.2021.101539,The immigrant paradox and math self-concept: An SES-of-origin-country hypothesis,2022,PISA,mathematics,Immigrant status (native vs immigrant),SES_COMPOSITE,other,standardized_beta,0.196,positive,Math self-concept (weighted total score),student,1.0,27032.0,True,True,high
10.1016/j.learninstruc.2021.101539,The immigrant paradox and math self-concept: An SES-of-origin-country hypothesis,2022,PISA,mathematics,Math achievement (PVs),OTHER,prior_achievement,standardized_beta,0.45,positive,Math self-concept (weighted total score),student,1.0,27032.0,True,True,high
10.1016/j.learninstruc.2021.101539,The immigrant paradox and math self-concept: An SES-of-origin-country hypothesis,2022,PISA,mathematics,Relative SES (origin country years),SES_COMPOSITE,SES,standardized_beta,-0.091,negative,Math self-concept (weighted total score),student,1.0,27032.0,True,True,high
10.1016/j.learninstruc.2021.101539,The immigrant paradox and math self-concept: An SES-of-origin-country hypothesis,2022,PISA,mathematics,School-average achievement,AGE_GRADE,other,standardized_beta,-0.281,negative,Math self-concept (weighted total score),student,1.0,27032.0,True,True,high
10.1016/j.learninstruc.2021.101539,The immigrant paradox and math self-concept: An SES-of-origin-country hypothesis,2022,PISA,mathematics,Immigrant status (native vs immigrant),SES_COMPOSITE,other,standardized_beta,0.271,positive,Educational expectations (combined binary scale),student,1.0,27032.0,True,True,high
10.1016/j.learninstruc.2021.101539,The immigrant paradox and math self-concept: An SES-of-origin-country hypothesis,2022,PISA,mathematics,Math achievement (PVs),OTHER,prior_achievement,standardized_beta,0.321,positive,Educational expectations (combined binary scale),student,1.0,27032.0,True,True,high
10.1016/j.learninstruc.2021.101539,The immigrant paradox and math self-concept: An SES-of-origin-country hypothesis,2022,PISA,mathematics,Relative SES (origin country years),SES_COMPOSITE,SES,standardized_beta,-0.09,negative,Educational expectations (combined binary scale),student,1.0,27032.0,True,True,high
10.1016/j.lindif.2020.101889,Control-value theory and enjoyment of science_ A cross-national investigation with 15-year-olds using PISA 2006 data,2020,PISA,science,Perceived control (science self-concept),SELF_EFFICACY,motivation,standardized_beta,,positive,Enjoyment of science learning,student,57.0,398750.0,False,True,medium
10.1016/j.lindif.2020.101889,Control-value theory and enjoyment of science_ A cross-national investigation with 15-year-olds using PISA 2006 data,2020,PISA,science,Personal value of science,MOTIVATION,motivation,standardized_beta,,positive,Enjoyment of science learning,student,57.0,398750.0,False,True,medium
10.1016/j.lindif.2020.101889,Control-value theory and enjoyment of science_ A cross-national investigation with 15-year-olds using PISA 2006 data,2020,PISA,science,Utility value (school science),OTHER,motivation,standardized_beta,,positive,Enjoyment of science learning,student,57.0,398750.0,False,True,medium
10.1016/j.childyouth.2020.104946,"Bullying victimization, school belonging, academic engagement and achievement in adolescents in rural China_ A serial mediation model",2020,PISA,other,bullying victimization,SCHOOL_CLIMATE,school_climate,standardized_beta,-0.03,negative,academic achievement,student,1.0,813.0,,False,medium
10.1016/j.childyouth.2020.104946,"Bullying victimization, school belonging, academic engagement and achievement in adolescents in rural China_ A serial mediation model",2020,PISA,other,academic engagement,AGE_GRADE,motivation,standardized_beta,0.21,positive,academic achievement,student,1.0,813.0,,False,medium
10.1016/j.ijer.2020.101566,Interpreting mathematics performance in PISA_ Taking account of reading performance,2020,PISA,mathematics,Overall reading performance,OTHER,prior_achievement,standardized_beta,0.833,positive,Mathematics performance (PVs),student,1.0,607.0,True,True,high
10.1016/j.ijer.2020.101566,Interpreting mathematics performance in PISA_ Taking account of reading performance,2020,PISA,mathematics,Socioeconomic status (ESCS),SES_COMPOSITE,SES,other,,positive,Mathematics performance (PVs),student,1.0,607.0,True,True,high
10.1016/j.ijer.2020.101566,Interpreting mathematics performance in PISA_ Taking account of reading performance,2020,PISA,mathematics,School ESCS (average),SES_COMPOSITE,SES,standardized_beta,91.684,positive,Mathematics performance (PVs),school,1.0,607.0,True,True,high
10.1016/j.ijer.2020.101566,Interpreting mathematics performance in PISA_ Taking account of reading performance,2020,PISA,mathematics,Gender (male dummy),GENDER,gender,standardized_beta,16.739,positive,Mathematics performance (PVs),student,1.0,607.0,True,True,high
10.1016/j.ijer.2020.101566,Interpreting mathematics performance in PISA_ Taking account of reading performance,2020,PISA,mathematics,Reading aspect: Integrate & Interpret,OTHER,student_behavior,standardized_beta,,positive,Mathematics performance (PVs),student,1.0,607.0,True,True,high
10.1016/j.ijer.2020.101566,Interpreting mathematics performance in PISA_ Taking account of reading performance,2020,PISA,mathematics,Reading aspect: Reflect & Evaluate,OTHER,student_behavior,standardized_beta,,positive,Mathematics performance (PVs),student,1.0,607.0,True,True,high
10.1016/j.ijer.2020.101566,Interpreting mathematics performance in PISA_ Taking account of reading performance,2020,PISA,mathematics,Reading format: Non-continuous texts,OTHER,prior_achievement,standardized_beta,0.436,positive,Mathematics performance (PVs),student,1.0,607.0,True,True,high
10.1016/j.tsc.2023.101380,ChatGPT: The brightest student in the class,2023,PISA,reading,Teacher gender,GENDER,gender,other,,,Style score difference (ChatGPT vs students),student,1.0,30.0,,False,low
10.1016/j.tsc.2023.101380,ChatGPT: The brightest student in the class,2023,PISA,reading,Teacher age,AGE_GRADE,other,other,,positive,Style score difference (ChatGPT vs students),student,1.0,30.0,,False,low
10.1016/j.tsc.2023.101380,ChatGPT: The brightest student in the class,2023,PISA,reading,Teacher experience,OTHER,teacher_quality,other,,,Style score difference (ChatGPT vs students),student,1.0,30.0,,False,low
10.1016/j.tsc.2023.101380,ChatGPT: The brightest student in the class,2023,PISA,reading,Teacher gender,GENDER,gender,other,,positive,Content score difference (ChatGPT vs students),student,1.0,30.0,,False,low
10.1016/j.tsc.2023.101380,ChatGPT: The brightest student in the class,2023,PISA,reading,Teacher age,AGE_GRADE,other,other,,positive,Content score difference (ChatGPT vs students),student,1.0,30.0,,False,low
10.1016/j.tsc.2023.101380,ChatGPT: The brightest student in the class,2023,PISA,reading,Teacher experience,OTHER,teacher_quality,other,,,Content score difference (ChatGPT vs students),student,1.0,30.0,,False,low
10.1016/j.stueduc.2020.100847,Measuring mathematics competence in international and national large scale assessments_ Linking PISA and the national educational panel study in Germany,2020,PISA,mathematics,PISA mathematics score,OTHER,prior_achievement,r_correlation,0.68,positive,NEPS mathematics score,student,1.0,1270.0,False,False,medium
10.1016/j.stueduc.2020.100847,Measuring mathematics competence in international and national large scale assessments_ Linking PISA and the national educational panel study in Germany,2020,PISA,mathematics,PISA mathematics score,OTHER,prior_achievement,r_correlation,0.9,positive,NEPS mathematics score,student,1.0,1270.0,False,False,medium
10.1016/j.stueduc.2020.100847,Measuring mathematics competence in international and national large scale assessments_ Linking PISA and the national educational panel study in Germany,2020,PISA,mathematics,PISA mathematics score,OTHER,prior_achievement,other,0.26,positive,NEPS mathematics score,student,1.0,1270.0,False,False,medium
10.1016/j.stueduc.2020.100867,Exposure to crime and academic achievement_ A case study for Costa Rica using PISA data,2020,PISA,mathematics,homicide_rate,OTHER,other,other,-5.937,negative,Math achievement (PISA test scores),student,1.0,4580.0,True,True,high
10.1016/j.stueduc.2020.100867,Exposure to crime and academic achievement_ A case study for Costa Rica using PISA data,2020,PISA,mathematics,Economic social cultural status,GDP_EXPENDITURE,SES,other,,positive,Math achievement (PISA test scores),student,1.0,4580.0,True,True,high
10.1016/j.stueduc.2020.100867,Exposure to crime and academic achievement_ A case study for Costa Rica using PISA data,2020,PISA,mathematics,School autonomy,OTHER,school_resources,other,,positive,Math achievement (PISA test scores),student,1.0,4580.0,True,True,high
10.1016/j.stueduc.2020.100867,Exposure to crime and academic achievement_ A case study for Costa Rica using PISA data,2020,PISA,mathematics,School size (enrolment),OTHER,school_resources,other,,positive,Math achievement (PISA test scores),student,1.0,4580.0,True,True,high
10.1016/j.stueduc.2020.100867,Exposure to crime and academic achievement_ A case study for Costa Rica using PISA data,2020,PISA,mathematics,Student gender,GENDER,gender,other,,,Math achievement (PISA test scores),student,1.0,4580.0,True,True,high
10.1016/j.stueduc.2020.100867,Exposure to crime and academic achievement_ A case study for Costa Rica using PISA data,2020,PISA,reading,homicide_rate,OTHER,other,other,-5.937,negative,Reading achievement (PISA test scores),student,1.0,4580.0,True,True,high
10.1016/j.stueduc.2020.100867,Exposure to crime and academic achievement_ A case study for Costa Rica using PISA data,2020,PISA,reading,Economic social cultural status,GDP_EXPENDITURE,SES,other,,positive,Reading achievement (PISA test scores),student,1.0,4580.0,True,True,high
10.1016/j.stueduc.2020.100867,Exposure to crime and academic achievement_ A case study for Costa Rica using PISA data,2020,PISA,reading,Share of government funding,OTHER,school_resources,other,,positive,Reading achievement (PISA test scores),student,1.0,4580.0,True,True,high
10.1016/j.stueduc.2020.100867,Exposure to crime and academic achievement_ A case study for Costa Rica using PISA data,2020,PISA,reading,School autonomy,OTHER,school_resources,other,,positive,Reading achievement (PISA test scores),student,1.0,4580.0,True,True,high
10.1016/j.stueduc.2020.100867,Exposure to crime and academic achievement_ A case study for Costa Rica using PISA data,2020,PISA,reading,Immigrant background,SES_COMPOSITE,SES,other,,negative,Reading achievement (PISA test scores),student,1.0,4580.0,True,True,high
10.1016/j.stueduc.2022.101146,"Engagement, achievement, and teacher classroom practices in mathematics: Insights from TIMSS 2011 and PISA 2012",2022,TIMSS,mathematics,Socioeconomic status (SES),SES_COMPOSITE,SES,standardized_beta,0.32,positive,Mathematics achievement level outcome,student,4.0,,False,True,high
10.1016/j.stueduc.2022.101146,"Engagement, achievement, and teacher classroom practices in mathematics: Insights from TIMSS 2011 and PISA 2012",2022,TIMSS,mathematics,Teacher classroom challenge,OTHER,teacher_quality,standardized_beta,,positive,Mathematics achievement level outcome,student,3.0,,False,True,high
10.1016/j.stueduc.2022.101146,"Engagement, achievement, and teacher classroom practices in mathematics: Insights from TIMSS 2011 and PISA 2012",2022,PISA,mathematics,Socioeconomic status (SES),SES_COMPOSITE,SES,standardized_beta,0.29,positive,Mathematics achievement level outcome,student,4.0,,False,True,high
10.1016/j.stueduc.2022.101146,"Engagement, achievement, and teacher classroom practices in mathematics: Insights from TIMSS 2011 and PISA 2012",2022,PISA,mathematics,Teacher classroom challenge,OTHER,teacher_quality,standardized_beta,,negative,Mathematics achievement level outcome,student,4.0,,False,True,high
10.1016/j.stueduc.2022.101146,"Engagement, achievement, and teacher classroom practices in mathematics: Insights from TIMSS 2011 and PISA 2012",2022,PISA,mathematics,Teacher classroom structure,OTHER,teacher_quality,standardized_beta,,positive,Mathematics achievement level outcome,student,2.0,,False,True,high
10.1016/j.compedu.2022.104534,Relationship between digital game experience and problem-solving performance according to a PISA framework,2022,PISA,other,Digital game experience,ICT_ACCESS,other,other,,positive,Computer-based problem-solving performance (0–71),student,1.0,267.0,,False,low
10.1016/j.compedu.2022.104534,Relationship between digital game experience and problem-solving performance according to a PISA framework,2022,PISA,other,Self-regulated learning (total),OTHER,motivation,r_correlation,-0.165,negative,Computer-based problem-solving performance,student,1.0,267.0,,False,low
10.1016/j.compedu.2022.104534,Relationship between digital game experience and problem-solving performance according to a PISA framework,2022,PISA,other,Self-regulated learning action control,OTHER,motivation,r_correlation,-0.158,negative,Computer-based problem-solving performance,student,1.0,267.0,,False,low
10.1016/j.compedu.2022.104534,Relationship between digital game experience and problem-solving performance according to a PISA framework,2022,PISA,other,Representation & formulation stage,AGE_GRADE,other,standardized_beta,0.344,positive,Computer-based problem-solving performance (0–71),student,1.0,267.0,,False,low
10.1016/j.compedu.2022.104534,Relationship between digital game experience and problem-solving performance according to a PISA framework,2022,PISA,other,Monitoring & reflection stage,AGE_GRADE,other,standardized_beta,0.193,positive,Computer-based problem-solving performance (0–71),student,1.0,267.0,,False,low
10.1016/j.compedu.2022.104534,Relationship between digital game experience and problem-solving performance according to a PISA framework,2022,PISA,other,Planning & execution stage,AGE_GRADE,other,standardized_beta,0.126,positive,Computer-based problem-solving performance (0–71),student,1.0,267.0,,False,low
10.1016/j.compedu.2022.104534,Relationship between digital game experience and problem-solving performance according to a PISA framework,2022,PISA,other,Exploring & understanding stage,AGE_GRADE,other,standardized_beta,0.117,positive,Computer-based problem-solving performance (0–71),student,1.0,267.0,,False,low
10.1016/j.compedu.2022.104534,Relationship between digital game experience and problem-solving performance according to a PISA framework,2022,PISA,other,Problem-solving process (total),OTHER,other,R2,0.296,positive,Computer-based problem-solving performance (0–71),student,1.0,267.0,,False,low
10.1016/j.cedpsych.2021.102019,"Got math attitude? (In)direct effects of student mathematics attitudes on intentions, behavioral engagement, and mathematics performance in the U.S. PISA",2021,PISA,mathematics,Behavioral engagement,AGE_GRADE,motivation,standardized_beta,0.255,positive,Mathematics performance (PISA math plausible values),student,1.0,4978.0,True,True,high
10.1016/j.cedpsych.2021.102019,"Got math attitude? (In)direct effects of student mathematics attitudes on intentions, behavioral engagement, and mathematics performance in the U.S. PISA",2021,PISA,mathematics,Perceived behavioral control,OTHER,self_efficacy,standardized_beta,0.184,positive,Mathematics performance (PISA math plausible values),student,1.0,4978.0,True,True,high
10.1016/j.cedpsych.2021.102019,"Got math attitude? (In)direct effects of student mathematics attitudes on intentions, behavioral engagement, and mathematics performance in the U.S. PISA",2021,PISA,mathematics,Intentions,OTHER,motivation,standardized_beta,0.015,positive,Mathematics performance (PISA math plausible values),student,1.0,4978.0,True,True,high
10.1016/j.cedpsych.2021.102019,"Got math attitude? (In)direct effects of student mathematics attitudes on intentions, behavioral engagement, and mathematics performance in the U.S. PISA",2021,PISA,mathematics,Attitude,OTHER,motivation,standardized_beta,0.006,positive,Mathematics performance (PISA math plausible values),student,1.0,4978.0,True,True,high
10.1016/j.cedpsych.2021.102019,"Got math attitude? (In)direct effects of student mathematics attitudes on intentions, behavioral engagement, and mathematics performance in the U.S. PISA",2021,PISA,mathematics,Subjective norms,OTHER,motivation,standardized_beta,-0.001,negative,Mathematics performance (PISA math plausible values),student,1.0,4978.0,True,True,high
10.1016/j.ijedudev.2020.102321,Does all work and no play make elite students? Evidence from the China education panel survey,2021,other,other,after_class_learning_time_weekdays,OTHER,instructional_time,other,,mixed,Academic performance (total test score),student,1.0,19487.0,False,False,medium
10.1016/j.ijedudev.2020.102321,Does all work and no play make elite students? Evidence from the China education panel survey,2021,other,other,after_class_learning_time_weekdays_squared,OTHER,instructional_time,other,,mixed,Academic performance (total test score),student,1.0,19487.0,False,False,medium
10.1016/j.ijedudev.2020.102321,Does all work and no play make elite students? Evidence from the China education panel survey,2021,other,other,after_class_learning_time_weekends,OTHER,instructional_time,other,,mixed,Academic performance (total test score),student,1.0,19487.0,False,False,medium
10.1016/j.ijedudev.2020.102321,Does all work and no play make elite students? Evidence from the China education panel survey,2021,other,other,after_class_learning_time_weekends_squared,OTHER,instructional_time,other,,mixed,Academic performance (total test score),student,1.0,19487.0,False,False,medium
10.1016/j.ijedudev.2020.102321,Does all work and no play make elite students? Evidence from the China education panel survey,2021,other,other,Gender,GENDER,gender,other,,positive,Academic performance (total test score),student,1.0,19487.0,False,False,medium
10.1016/j.ijer.2021.101808,Does Inequality Stay in the Shadow? The Cross-national Effects of Educational Equity on Private Tutoring and Student Achievement,2021,PISA,mathematics,Commercial tutoring hours,OTHER,other,standardized_beta,-2.42,negative,Mathematics achievement (PVs),student,65.0,248308.0,True,True,high
10.1016/j.ijer.2021.101808,Does Inequality Stay in the Shadow? The Cross-national Effects of Educational Equity on Private Tutoring and Student Achievement,2021,PISA,mathematics,Personal tutoring hours,OTHER,other,standardized_beta,-5.33,negative,Mathematics achievement (PVs),student,65.0,248308.0,True,True,high
10.1016/j.ijer.2021.101808,Does Inequality Stay in the Shadow? The Cross-national Effects of Educational Equity on Private Tutoring and Student Achievement,2021,PISA,mathematics,Family tutoring hours,OTHER,other,standardized_beta,-4.59,negative,Mathematics achievement (PVs),student,65.0,248308.0,True,True,high
10.1016/j.ijer.2021.101808,Does Inequality Stay in the Shadow? The Cross-national Effects of Educational Equity on Private Tutoring and Student Achievement,2021,PISA,science,Commercial tutoring hours,OTHER,other,standardized_beta,-2.9,negative,Science achievement (PVs),student,65.0,248308.0,True,True,high
10.1016/j.ijer.2021.101808,Does Inequality Stay in the Shadow? The Cross-national Effects of Educational Equity on Private Tutoring and Student Achievement,2021,PISA,science,Personal tutoring hours,OTHER,other,standardized_beta,-5.09,negative,Science achievement (PVs),student,65.0,248308.0,True,True,high
10.1016/j.ijer.2021.101808,Does Inequality Stay in the Shadow? The Cross-national Effects of Educational Equity on Private Tutoring and Student Achievement,2021,PISA,science,Family tutoring hours,OTHER,other,standardized_beta,-4.19,negative,Science achievement (PVs),student,65.0,248308.0,True,True,high
10.1016/j.ijer.2023.102215,1-s2.0-S0883035523000794-main,2023,PISA,mathematics,Achievement scores (PVs),OTHER,prior_achievement,standardized_beta,0.106,positive,Overclaiming scale (standardised; IRT from 3 fake constructs),student,7.0,40429.0,True,True,high
10.1016/j.ijer.2023.102215,1-s2.0-S0883035523000794-main,2023,PISA,mathematics,Achievement scores (PVs),OTHER,prior_achievement,standardized_beta,0.23,positive,Overclaiming scale by within-school achievement tercile,student,7.0,40429.0,True,True,high
10.1016/j.ijer.2023.102215,1-s2.0-S0883035523000794-main,2023,PISA,mathematics,Achievement scores (PVs),OTHER,prior_achievement,odds_ratio,1.21,positive,Odds of strong knowledge for each fake construct (Proper number),student,7.0,40429.0,True,True,high
10.1016/j.ijer.2023.102215,1-s2.0-S0883035523000794-main,2023,PISA,mathematics,Achievement scores (PVs),OTHER,prior_achievement,odds_ratio,1.18,positive,Odds of strong knowledge for each fake construct (Declarative fraction),student,7.0,40429.0,True,True,high
10.1016/j.lindif.2022.102198,Expectancy-value profiles in math: How are student-perceived teaching behaviors related to motivational transitions?,2022,PISA,mathematics,Perceived teacher support,TEACHER_QUALITY,teacher_quality,odds_ratio,0.3,negative,Motivational transitions from Grade 9 to Grade 10 latent profiles,student,1.0,2605.0,,True,high
10.1016/j.lindif.2022.102198,Expectancy-value profiles in math: How are student-perceived teaching behaviors related to motivational transitions?,2022,PISA,mathematics,Perceived teacher support,TEACHER_QUALITY,teacher_quality,odds_ratio,0.52,negative,Motivational transitions from Grade 9 to Grade 10 latent profiles,student,1.0,2605.0,,True,high
10.1016/j.lindif.2022.102198,Expectancy-value profiles in math: How are student-perceived teaching behaviors related to motivational transitions?,2022,PISA,mathematics,Student-oriented teaching,OTHER,teacher_quality,odds_ratio,0.43,negative,Motivational transitions from Grade 9 to Grade 10 latent profiles,student,1.0,2605.0,,True,high
10.1016/j.lindif.2025.102745,"For skilled comprehenders digital reading is a routine task, for unskilled comprehenders it is a problem",2025,PISA,reading,Comprehension skill (WLE),OTHER,prior_achievement,standardized_beta,0.32,positive,Precision (navigation indicator),student,32.0,13080.0,,True,high
10.1016/j.lindif.2025.102745,"For skilled comprehenders digital reading is a routine task, for unskilled comprehenders it is a problem",2025,PISA,reading,Problem solving skill (WLE),OTHER,prior_achievement,standardized_beta,0.27,positive,Precision (navigation indicator),student,32.0,13080.0,,True,high
10.1016/j.lindif.2025.102745,"For skilled comprehenders digital reading is a routine task, for unskilled comprehenders it is a problem",2025,PISA,reading,Comprehension skill (WLE),OTHER,prior_achievement,standardized_beta,0.25,positive,Adaptive processing (navigation indicator),student,32.0,13080.0,,True,high
10.1016/j.lindif.2025.102745,"For skilled comprehenders digital reading is a routine task, for unskilled comprehenders it is a problem",2025,PISA,reading,Problem solving skill (WLE),OTHER,prior_achievement,standardized_beta,0.15,positive,Adaptive processing (navigation indicator),student,32.0,13080.0,,True,high
10.1016/j.tsc.2025.101805,Does ICT matter for complex problem-solving competency? A multilevel analysis of 33 countries and economies,2025,PISA,other,Gender,GENDER,gender,other,9.06,positive,Complex problem-solving competency (PISA CPS score),student,33.0,194701.0,True,True,high
10.1016/j.tsc.2025.101805,Does ICT matter for complex problem-solving competency? A multilevel analysis of 33 countries and economies,2025,PISA,other,Socioeconomic status (ESCS),SES_COMPOSITE,SES,other,30.35,positive,Complex problem-solving competency (PISA CPS score),student,33.0,194701.0,True,True,high
10.1016/j.tsc.2025.101805,Does ICT matter for complex problem-solving competency? A multilevel analysis of 33 countries and economies,2025,PISA,other,Openness for problem-solving,OTHER,motivation,other,10.08,positive,Complex problem-solving competency (PISA CPS score),student,33.0,194701.0,True,True,high
10.1016/j.tsc.2025.101805,Does ICT matter for complex problem-solving competency? A multilevel analysis of 33 countries and economies,2025,PISA,other,ICT availability at home,ICT_ACCESS,ICT,other,-9.55,negative,Complex problem-solving competency (PISA CPS score),student,33.0,194701.0,True,True,high
10.1016/j.tsc.2025.101805,Does ICT matter for complex problem-solving competency? A multilevel analysis of 33 countries and economies,2025,PISA,other,Use of ICT at school,ICT_ACCESS,ICT,other,-9.4,negative,Complex problem-solving competency (PISA CPS score),student,33.0,194701.0,True,True,high
10.1016/j.tsc.2026.102138,Exploring complex problem-solving in vietnamese students: An investigation of performance data and process data,2026,PISA,other,Gender,GENDER,gender,Cohen's d,0.3,positive,Complex problem-solving (CPS) proficiency (Rasch-scaled),student,1.0,589.0,False,False,low
10.1016/j.tsc.2026.102138,Exploring complex problem-solving in vietnamese students: An investigation of performance data and process data,2026,PISA,other,CPS phase (acquisition vs application),OTHER,other,Cohen's d,0.31,positive,Complex problem-solving (CPS) proficiency (Rasch-scaled),student,1.0,589.0,False,False,low
10.1016/j.tsc.2026.102138,Exploring complex problem-solving in vietnamese students: An investigation of performance data and process data,2026,PISA,other,Number of interactions (actions),OTHER,other,r_correlation,-0.087,negative,Knowledge acquisition achievement (Rasch-scaled),student,1.0,589.0,False,False,low
10.1016/j.tsc.2026.102138,Exploring complex problem-solving in vietnamese students: An investigation of performance data and process data,2026,PISA,other,VOTAT (vary-one-thing-at-a-time) use,OTHER,other,r_correlation,0.343,positive,Knowledge acquisition achievement (Rasch-scaled),student,1.0,589.0,False,False,low
10.1016/j.childyouth.2020.105827,The moderating role of parental support in the relationship between latent profiles of bullying victimization and sense of school belonging: A cross-national comparison,2021,PISA,other,Parental interest,MOTIVATION,SES,other,,mixed,Sense of school belonging (composite score),student,6.0,38292.0,,False,medium
10.1016/j.childyouth.2020.105827,The moderating role of parental support in the relationship between latent profiles of bullying victimization and sense of school belonging: A cross-national comparison,2021,PISA,other,Victimization profile (low vs very low),ICT_ACCESS,other,other,-0.19,negative,Sense of school belonging (composite score),student,6.0,38292.0,,False,medium
10.1016/j.childyouth.2020.105827,The moderating role of parental support in the relationship between latent profiles of bullying victimization and sense of school belonging: A cross-national comparison,2021,PISA,other,Victimization profile (medium vs very low),ICT_ACCESS,other,other,-0.34,negative,Sense of school belonging (composite score),student,6.0,38292.0,,False,medium
10.1016/j.childyouth.2020.105827,The moderating role of parental support in the relationship between latent profiles of bullying victimization and sense of school belonging: A cross-national comparison,2021,PISA,other,Victimization profile (selective vs very low),ICT_ACCESS,other,other,-0.24,negative,Sense of school belonging (composite score),student,6.0,38292.0,,False,medium
10.1016/j.childyouth.2020.105827,The moderating role of parental support in the relationship between latent profiles of bullying victimization and sense of school belonging: A cross-national comparison,2021,PISA,other,Victimization profile (selective II vs very low),ICT_ACCESS,other,other,,negative,Sense of school belonging (composite score),student,6.0,38292.0,,False,medium
10.1016/j.childyouth.2020.105827,The moderating role of parental support in the relationship between latent profiles of bullying victimization and sense of school belonging: A cross-national comparison,2021,PISA,other,Victimization profile (low × parental interest),MOTIVATION,other,other,,mixed,Moderation of parental support on the profile–belonging relationship,student,6.0,38292.0,,False,medium
10.1016/j.childyouth.2020.105827,The moderating role of parental support in the relationship between latent profiles of bullying victimization and sense of school belonging: A cross-national comparison,2021,PISA,other,Victimization profile (medium × parental interest),MOTIVATION,other,other,-0.17,negative,Moderation of parental support on the profile–belonging relationship,student,6.0,38292.0,,False,medium
10.1016/j.childyouth.2020.105827,The moderating role of parental support in the relationship between latent profiles of bullying victimization and sense of school belonging: A cross-national comparison,2021,PISA,other,Victimization profile (selective × parental interest),MOTIVATION,other,other,-0.09,negative,Moderation of parental support on the profile–belonging relationship,student,6.0,38292.0,,False,medium
10.1016/j.childyouth.2020.105827,The moderating role of parental support in the relationship between latent profiles of bullying victimization and sense of school belonging: A cross-national comparison,2021,PISA,other,Victimization profile (selective II × parental interest),MOTIVATION,other,other,,mixed,Moderation of parental support on the profile–belonging relationship,student,6.0,38292.0,,False,medium
10.1016/j.childyouth.2021.106291,Are only children always better? Testing the sibling effects on academic performance in rural Chinese adolescents,2021,PISA,mathematics,Singleton status (only vs non-only),OTHER,other,standardized_beta,-0.114,negative,Math achievement (z score),student,1.0,312.0,False,False,medium
10.1016/j.childyouth.2021.106291,Are only children always better? Testing the sibling effects on academic performance in rural Chinese adolescents,2021,PISA,reading,Eyesight (myopia),OTHER,other,standardized_beta,-0.133,negative,Reading achievement (z score),student,1.0,312.0,False,False,medium
10.1016/j.childyouth.2021.106291,Are only children always better? Testing the sibling effects on academic performance in rural Chinese adolescents,2021,PISA,reading,Parents’ academic expectation,OTHER,SES/home_resources/parental_education,standardized_beta,0.306,positive,Reading achievement (z score),student,1.0,312.0,False,False,medium
10.1016/j.childyouth.2021.106291,Are only children always better? Testing the sibling effects on academic performance in rural Chinese adolescents,2021,PISA,reading,Kindergarten level,OTHER,other,standardized_beta,0.194,positive,Reading achievement (z score),student,1.0,312.0,False,False,medium
10.1016/j.childyouth.2021.106291,Are only children always better? Testing the sibling effects on academic performance in rural Chinese adolescents,2021,PISA,reading,Leisure reading time,OTHER,other,standardized_beta,0.107,positive,Reading achievement (z score),student,1.0,312.0,False,False,medium
10.1016/j.childyouth.2021.106291,Are only children always better? Testing the sibling effects on academic performance in rural Chinese adolescents,2021,PISA,science,Eyesight (myopia),OTHER,other,standardized_beta,-0.17,negative,Science achievement (z score),student,1.0,312.0,False,False,medium
10.1016/j.childyouth.2021.106291,Are only children always better? Testing the sibling effects on academic performance in rural Chinese adolescents,2021,PISA,science,Parents’ academic expectation,OTHER,SES/home_resources/parental_education,standardized_beta,0.347,positive,Science achievement (z score),student,1.0,312.0,False,False,medium
10.1016/j.childyouth.2021.106291,Are only children always better? Testing the sibling effects on academic performance in rural Chinese adolescents,2021,PISA,science,Kindergarten level,OTHER,other,standardized_beta,0.198,positive,Science achievement (z score),student,1.0,312.0,False,False,medium
10.1016/j.childyouth.2021.106291,Are only children always better? Testing the sibling effects on academic performance in rural Chinese adolescents,2021,PISA,science,Leisure reading time,OTHER,other,standardized_beta,0.196,positive,Science achievement (z score),student,1.0,312.0,False,False,medium
10.1016/j.stueduc.2020.100875,Educational Data Mining_ Identification of factors associated with school effectiveness in PISA assessment,2020,PISA,other,Socioeconomic status (ESCS),SES_COMPOSITE,SES,standardized_beta,,positive,school effectiveness,school,1.0,8347.0,False,True,medium
10.1016/j.stueduc.2020.100875,Educational Data Mining_ Identification of factors associated with school effectiveness in PISA assessment,2020,PISA,other,Gender,GENDER,gender,standardized_beta,,mixed,school effectiveness,school,1.0,8347.0,False,True,medium
10.1016/j.stueduc.2020.100875,Educational Data Mining_ Identification of factors associated with school effectiveness in PISA assessment,2020,PISA,other,Grade,OTHER,other,standardized_beta,,positive,school effectiveness,school,1.0,8347.0,False,True,medium
10.1016/j.stueduc.2020.100875,Educational Data Mining_ Identification of factors associated with school effectiveness in PISA assessment,2020,PISA,other,Immigrant status,SES_COMPOSITE,other,standardized_beta,,negative,school effectiveness,school,1.0,8347.0,False,True,medium
10.1016/j.stueduc.2020.100875,Educational Data Mining_ Identification of factors associated with school effectiveness in PISA assessment,2020,PISA,other,Grade repetition,PRIOR_ACHIEVEMENT,other,standardized_beta,,negative,school effectiveness,school,1.0,8347.0,False,True,medium
10.1016/j.stueduc.2020.100875,Educational Data Mining_ Identification of factors associated with school effectiveness in PISA assessment,2020,PISA,other,School size,OTHER,school_resources,standardized_beta,,positive,school effectiveness,school,1.0,8347.0,False,True,medium
10.1016/j.stueduc.2020.100875,Educational Data Mining_ Identification of factors associated with school effectiveness in PISA assessment,2020,PISA,other,Classroom size,OTHER,school_resources,standardized_beta,,negative,school effectiveness,school,1.0,8347.0,False,True,medium
10.1016/j.stueduc.2020.100875,Educational Data Mining_ Identification of factors associated with school effectiveness in PISA assessment,2020,PISA,other,Shortage of resources,AGE_GRADE,school_resources,standardized_beta,,negative,school effectiveness,school,1.0,8347.0,False,True,medium
10.1016/j.stueduc.2020.100875,Educational Data Mining_ Identification of factors associated with school effectiveness in PISA assessment,2020,PISA,other,Shortage of staff,AGE_GRADE,school_resources,standardized_beta,,negative,school effectiveness,school,1.0,8347.0,False,True,medium
10.1016/j.stueduc.2020.100875,Educational Data Mining_ Identification of factors associated with school effectiveness in PISA assessment,2020,PISA,other,School ownership,OTHER,school_resources,standardized_beta,,mixed,school effectiveness,school,1.0,8347.0,False,True,medium
10.1016/j.stueduc.2020.100875,Educational Data Mining_ Identification of factors associated with school effectiveness in PISA assessment,2020,PISA,other,Student-teacher ratio,SCHOOL_RESOURCES,school_resources,standardized_beta,,negative,school effectiveness,school,1.0,8347.0,False,True,medium
10.1016/j.stueduc.2020.100875,Educational Data Mining_ Identification of factors associated with school effectiveness in PISA assessment,2020,PISA,other,Average ESCS,SES_COMPOSITE,SES,standardized_beta,,positive,school effectiveness,school,1.0,8347.0,False,True,medium
10.1016/j.stueduc.2024.101368,Small-class effects on science achievement in secondary education,2024,PISA,science,Small class indicator,OTHER,other,standardized_beta,0.15,positive,science achievement,student,26.0,,True,True,high
10.1016/j.stueduc.2024.101368,Small-class effects on science achievement in secondary education,2024,PISA,science,Gender (female vs male),GENDER,gender,standardized_beta,-0.05,negative,science achievement,student,26.0,,True,True,high
10.1016/j.stueduc.2024.101368,Small-class effects on science achievement in secondary education,2024,PISA,science,Grade repetition,PRIOR_ACHIEVEMENT,other,standardized_beta,-0.1,negative,science achievement,student,26.0,,True,True,high
10.1016/j.stueduc.2024.101368,Small-class effects on science achievement in secondary education,2024,PISA,science,Immigrant status,SES_COMPOSITE,other,standardized_beta,-0.08,negative,science achievement,student,26.0,,True,True,high
10.1016/j.stueduc.2024.101368,Small-class effects on science achievement in secondary education,2024,PISA,science,Economic,GDP_EXPENDITURE,SES,standardized_beta,0.2,positive,science achievement,student,26.0,,True,True,high
10.1016/j.stueduc.2024.101368,Small-class effects on science achievement in secondary education,2024,PISA,science,Science enjoyment,MOTIVATION,motivation,standardized_beta,0.12,positive,science achievement,student,26.0,,True,True,high
10.1016/j.stueduc.2024.101368,Small-class effects on science achievement in secondary education,2024,PISA,science,Science self-efficacy,SELF_EFFICACY,self_efficacy,standardized_beta,0.18,positive,science achievement,student,26.0,,True,True,high
10.1016/j.econedurev.2023.102490,Measurements of performance gaps are sensitive to the level of test stakes: Evidence from PISA and a Field Experiment,2024,other,mathematics,Arab ethnicity (vs Jewish),OTHER,belonging,other,6.4,positive,Performance gap under low vs high stakes (ΔGrade = High − Low; Arab vs Jewish),student,1.0,577.0,,False,medium
10.1016/j.econedurev.2023.102490,Measurements of performance gaps are sensitive to the level of test stakes: Evidence from PISA and a Field Experiment,2024,other,mathematics,Arab male indicator,GENDER,belonging,other,3.16,positive,Performance gap under low vs high stakes (ΔGrade = High − Low; Arab vs Jewish),student,1.0,577.0,,False,medium
10.1016/j.econedurev.2023.102490,Measurements of performance gaps are sensitive to the level of test stakes: Evidence from PISA and a Field Experiment,2024,other,mathematics,Mother education,PARENTAL_EDUCATION,parental_education,other,,,Performance gap under low vs high stakes (ΔGrade = High − Low; Arab vs Jewish),student,1.0,577.0,,False,medium
10.1016/j.econedurev.2023.102490,Measurements of performance gaps are sensitive to the level of test stakes: Evidence from PISA and a Field Experiment,2024,other,mathematics,Father education,PARENTAL_EDUCATION,parental_education,other,,,Performance gap under low vs high stakes (ΔGrade = High − Low; Arab vs Jewish),student,1.0,577.0,,False,medium
10.1016/j.socscimed.2022.115062,The gendered playing field: Family socioeconomic status and national gender inequality in adolescents’ out-of-school physical activity,2022,PISA,other,Family socioeconomic status (ESCS),SES_COMPOSITE,SES,other,,positive,adolescents’ out-of-school vigorous physical activity,student,50.0,316657.0,,False,medium
10.1016/j.socscimed.2022.115062,The gendered playing field: Family socioeconomic status and national gender inequality in adolescents’ out-of-school physical activity,2022,PISA,other,National gender inequality (GII),GENDER,other,other,,negative,adolescents’ out-of-school vigorous physical activity,country,50.0,316657.0,,False,medium
10.1016/j.socscimed.2022.115062,The gendered playing field: Family socioeconomic status and national gender inequality in adolescents’ out-of-school physical activity,2022,PISA,other,Country GDP per capita (logged PPP),GDP_EXPENDITURE,GDP_expenditure,other,,positive,adolescents’ out-of-school vigorous physical activity,country,50.0,316657.0,,False,medium
10.1016/j.compedu.2020.103964,The assessment of collaborative problem solving in PISA 2015: An investigation of the validity of the PISA 2015 CPS tasks,2020,PISA,other,Self-reported collaboration,OTHER,other,r_correlation,0.29,positive,PISA 2015 CPS performance (latent),student,1.0,483.0,,False,medium
10.1016/j.compedu.2020.103964,The assessment of collaborative problem solving in PISA 2015: An investigation of the validity of the PISA 2015 CPS tasks,2020,PISA,other,Teacher-reported collaboration,OTHER,other,r_correlation,0.2,positive,PISA 2015 CPS performance (latent),student,1.0,483.0,,False,medium
10.1016/j.compedu.2020.103964,The assessment of collaborative problem solving in PISA 2015: An investigation of the validity of the PISA 2015 CPS tasks,2020,PISA,other,Reasoning (IST-Screening),OTHER,prior_achievement,r_correlation,0.38,positive,PISA 2015 CPS performance (latent),student,1.0,483.0,,False,medium
10.1016/j.compedu.2020.103964,The assessment of collaborative problem solving in PISA 2015: An investigation of the validity of the PISA 2015 CPS tasks,2020,PISA,other,Reading performance,OTHER,prior_achievement,r_correlation,0.29,positive,PISA 2015 CPS performance (latent),student,1.0,483.0,,False,medium
10.1016/j.compedu.2020.103964,The assessment of collaborative problem solving in PISA 2015: An investigation of the validity of the PISA 2015 CPS tasks,2020,PISA,other,Self-reported collaboration,OTHER,other,standardized_beta,0.31,positive,Co-player CPS performance (joint dyad score),student,1.0,228.0,,False,medium
10.1016/j.compedu.2020.103964,The assessment of collaborative problem solving in PISA 2015: An investigation of the validity of the PISA 2015 CPS tasks,2020,PISA,other,Partner CPS performance,OTHER,peer_effects,standardized_beta,0.26,positive,Co-player CPS performance (joint dyad score),student,1.0,228.0,,False,medium
10.1016/j.compedu.2020.104004,ICT-related behavioral factors mediate the relationship between adolescents’ ICT interest and their ICT self-efficacy: Evidence from 30 countries,2020,PISA,other,ICT interest,MOTIVATION,motivation,standardized_beta,0.4385,positive,ICT self-efficacy (COMPICT),student,30.0,201652.0,,True,medium
10.1016/j.compedu.2020.104004,ICT-related behavioral factors mediate the relationship between adolescents’ ICT interest and their ICT self-efficacy: Evidence from 30 countries,2020,PISA,other,ICT interest,MOTIVATION,motivation,standardized_beta,0.2857,positive,ICT self-efficacy (COMPICT) direct effect (controlling mediators),student,30.0,201652.0,,True,medium
10.1016/j.ijedudev.2021.102528,Do school resources reduce socioeconomic achievement gap? Evidence from PISA 2015,2022,PISA,mathematics,SES index,SES_COMPOSITE,SES,standardized_beta,0.35,positive,student achievement,student,39.0,300218.0,True,True,high
10.1016/j.ijedudev.2021.102528,Do school resources reduce socioeconomic achievement gap? Evidence from PISA 2015,2022,PISA,mathematics,Computers per student,ICT_ACCESS,school_resources,standardized_beta,0.12,positive,student achievement,school,39.0,300218.0,True,True,high
10.1016/j.ijedudev.2021.102528,Do school resources reduce socioeconomic achievement gap? Evidence from PISA 2015,2022,PISA,mathematics,Master degreed teachers,OTHER,teacher_quality,standardized_beta,0.08,positive,student achievement,school,39.0,300218.0,True,True,high
10.1016/j.ijedudev.2021.102528,Do school resources reduce socioeconomic achievement gap? Evidence from PISA 2015,2022,PISA,mathematics,Private school,OTHER,school_resources,standardized_beta,0.05,positive,student achievement,school,39.0,300218.0,True,True,high
10.1016/j.ijedudev.2023.102777,How context shapes the relationship between school autonomy and test-scores. An explanatory analysis using PISA 2015,2023,PISA,mathematics,Hiring autonomy,OTHER,other,standardized_beta,0.05,positive,PISA math performance,school,34.0,205000.0,True,True,high
10.1016/j.ijedudev.2023.102777,How context shapes the relationship between school autonomy and test-scores. An explanatory analysis using PISA 2015,2023,PISA,mathematics,Budget autonomy,OTHER,other,standardized_beta,-0.03,negative,PISA math performance,school,34.0,205000.0,True,True,high
10.1016/j.ijedudev.2023.102777,How context shapes the relationship between school autonomy and test-scores. An explanatory analysis using PISA 2015,2023,PISA,mathematics,Course content autonomy,OTHER,other,standardized_beta,0.02,positive,PISA math performance,school,34.0,205000.0,True,True,high
10.1016/j.ijedudev.2023.102777,How context shapes the relationship between school autonomy and test-scores. An explanatory analysis using PISA 2015,2023,PISA,mathematics,Admissions autonomy,OTHER,other,standardized_beta,,,PISA math performance,school,34.0,205000.0,True,True,high
10.1016/j.ijedudev.2023.102777,How context shapes the relationship between school autonomy and test-scores. An explanatory analysis using PISA 2015,2023,PISA,mathematics,Accountability (public achievement),OTHER,other,standardized_beta,0.04,positive,PISA math performance,school,34.0,205000.0,True,True,high
10.1016/j.ijedudev.2023.102843,Collaboration and socio-economic inequality: Estimating the effects of intra-school and inter-school inequality on collaborative problem-solving skills,2023,PISA,other,Intra-school SES inequality,SES_COMPOSITE,SES,standardized_beta,,negative,Collaborative problem solving (CPS index),student,46.0,102219.0,False,False,medium
10.1016/j.ijedudev.2023.102843,Collaboration and socio-economic inequality: Estimating the effects of intra-school and inter-school inequality on collaborative problem-solving skills,2023,PISA,other,ESCS index,SES_COMPOSITE,SES,standardized_beta,,positive,Collaborative problem solving (CPS index),student,46.0,102219.0,False,False,medium
10.1016/j.ijedudev.2023.102843,Collaboration and socio-economic inequality: Estimating the effects of intra-school and inter-school inequality on collaborative problem-solving skills,2023,PISA,other,Science achievement (SCIENCE),OTHER,prior_achievement,standardized_beta,,positive,Collaborative problem solving (CPS index),student,46.0,102219.0,False,False,medium
10.1016/j.ijedudev.2024.103173,Deciphering socioeconomic inequality in science literacy: Evidence from PISA 2015 in Türkiye,2024,PISA,science,Socioeconomic status (ESCS),SES_COMPOSITE,SES,r_correlation,0.3,positive,Science literacy (PISA 2015 plausible values),student,1.0,5859.0,True,True,high
10.1016/j.ijedudev.2024.103173,Deciphering socioeconomic inequality in science literacy: Evidence from PISA 2015 in Türkiye,2024,PISA,science,Socioeconomic status (ESCS),SES_COMPOSITE,SES,standardized_beta,1.33,,Science literacy (PISA 2015 plausible values),student,1.0,5859.0,True,True,high
10.1016/j.ijedudev.2024.103173,Deciphering socioeconomic inequality in science literacy: Evidence from PISA 2015 in Türkiye,2024,PISA,science,Socioeconomic status (ESCS),SES_COMPOSITE,SES,standardized_beta,56.43,positive,Science literacy (PISA 2015 plausible values),school,1.0,5859.0,True,True,high
10.1016/j.ijedudev.2024.103173,Deciphering socioeconomic inequality in science literacy: Evidence from PISA 2015 in Türkiye,2024,PISA,science,Socioeconomic status (ESCS),SES_COMPOSITE,SES,R2,0.494,positive,Science literacy (PISA 2015 plausible values),school,1.0,5859.0,True,True,high
10.1016/j.ijedudev.2024.103173,Deciphering socioeconomic inequality in science literacy: Evidence from PISA 2015 in Türkiye,2024,PISA,science,School type (STRATUM recode),SCHOOL_RESOURCES,other,Cohen's d,0.96,positive,Science literacy (PISA 2015 plausible values) — school-type differences,school,1.0,5859.0,True,True,high
10.1016/j.ijedudev.2024.103173,Deciphering socioeconomic inequality in science literacy: Evidence from PISA 2015 in Türkiye,2024,PISA,science,Socioeconomic status (ESCS),SES_COMPOSITE,SES,R2,0.504,positive,Science literacy (PISA 2015 plausible values) — school-type differences,school,1.0,5859.0,True,True,high
10.1016/j.ijedudev.2024.103173,Deciphering socioeconomic inequality in science literacy: Evidence from PISA 2015 in Türkiye,2024,PISA,science,Socioeconomic status (ESCS),SES_COMPOSITE,SES,standardized_beta,2.87,positive,Science literacy (PISA 2015 plausible values) — school-type differences,student,1.0,5859.0,True,True,high
10.1016/j.ijedudev.2024.103173,Deciphering socioeconomic inequality in science literacy: Evidence from PISA 2015 in Türkiye,2024,PISA,science,Socioeconomic status (ESCS),SES_COMPOSITE,SES,R2,0.188,positive,Science literacy (PISA 2015 plausible values) — school-type differences,school,1.0,5859.0,True,True,high
10.1016/j.ijedudev.2024.103173,Deciphering socioeconomic inequality in science literacy: Evidence from PISA 2015 in Türkiye,2024,PISA,science,Socioeconomic status (ESCS),SES_COMPOSITE,SES,R2,0.833,positive,Science literacy (PISA 2015 plausible values) — SES–science literacy relationship by region,school,1.0,5859.0,True,True,high
10.1016/j.chb.2018.07.035,The assessment of collaborative problem solving in PISA 2015_ Can computer agents replace humans?,2020,PISA,other,interface effect on CPS performance accuracy,OTHER,other,other,0.02,,Problem Solving,student,1.0,386.0,,False,low
10.1016/j.chb.2018.07.035,The assessment of collaborative problem solving in PISA 2015_ Can computer agents replace humans?,2020,PISA,other,interface effect on behavioral actions,OTHER,other,other,0.11,positive,Problem Solving,student,1.0,386.0,,False,low
10.1016/j.ijer.2025.102903,Does motivation towards science mediate the relationship between parental support and adolescent science achievement? A comparison of two countries,2026,PISA,science,Parental support,PARENTAL_EDUCATION,SES/home_resources/parental_education,standardized_beta,0.05,positive,Science achievement,student,2.0,11293.0,True,,medium
10.1016/j.ijer.2025.102903,Does motivation towards science mediate the relationship between parental support and adolescent science achievement? A comparison of two countries,2026,PISA,science,Parental support,PARENTAL_EDUCATION,SES/home_resources/parental_education,standardized_beta,-0.02,,Science achievement,student,2.0,11293.0,True,,medium
10.1016/j.ijer.2025.102903,Does motivation towards science mediate the relationship between parental support and adolescent science achievement? A comparison of two countries,2026,PISA,science,Science intrinsic motivation,MOTIVATION,motivation,other,,positive,Science achievement,student,2.0,11293.0,True,,medium
10.1016/j.ijer.2025.102903,Does motivation towards science mediate the relationship between parental support and adolescent science achievement? A comparison of two countries,2026,PISA,science,Science extrinsic motivation,MOTIVATION,motivation,other,,negative,Science achievement,student,2.0,11293.0,True,,medium
10.1016/j.ijer.2025.102903,Does motivation towards science mediate the relationship between parental support and adolescent science achievement? A comparison of two countries,2026,PISA,science,Science self-efficacy,SELF_EFFICACY,self_efficacy,other,,positive,Science achievement,student,2.0,11293.0,True,,medium
10.1016/j.ijer.2025.102903,Does motivation towards science mediate the relationship between parental support and adolescent science achievement? A comparison of two countries,2026,PISA,science,"Economic, social, cultural status (ESCS)",SES_COMPOSITE,SES,other,,positive,Science achievement,student,2.0,11293.0,True,,medium
10.1016/j.learninstruc.2018.12.004,The relationship between inquiry-based teaching and students’ achievement. New evidence from a longitudinal PISA study in England,2022,PISA,science,Disciplinary climate,SCHOOL_CLIMATE,school_climate,standardized_beta,0.1,positive,GCSE science achievement (pillar score),student,1.0,5194.0,,True,medium
10.1016/j.learninstruc.2018.12.004,The relationship between inquiry-based teaching and students’ achievement. New evidence from a longitudinal PISA study in England,2022,PISA,science,Sense of belonging,BELONGING,belonging,standardized_beta,,,GCSE science achievement (pillar score),student,1.0,5194.0,,True,medium
10.1016/j.learninstruc.2018.12.004,The relationship between inquiry-based teaching and students’ achievement. New evidence from a longitudinal PISA study in England,2022,PISA,science,Test anxiety,ANXIETY,anxiety,standardized_beta,,,GCSE science achievement (pillar score),student,1.0,5194.0,,True,medium
10.1016/j.learninstruc.2018.12.004,The relationship between inquiry-based teaching and students’ achievement. New evidence from a longitudinal PISA study in England,2022,PISA,science,Science minutes per week,OTHER,instructional_time,standardized_beta,,,GCSE science achievement (pillar score),student,1.0,5194.0,,True,medium
10.1016/j.learninstruc.2018.12.004,The relationship between inquiry-based teaching and students’ achievement. New evidence from a longitudinal PISA study in England,2022,PISA,science,Parental support,PARENTAL_EDUCATION,SES,standardized_beta,,,GCSE science achievement (pillar score),student,1.0,5194.0,,True,medium
10.1016/j.lindif.2021.102005,Overlearning is as ineffective as underlearning? A cross-culture study from PISA 2015,2021,PISA,science,Standardized science learning time,INSTRUCTIONAL_TIME,instructional_time,standardized_beta,,mixed,Science achievement (PISA 2015 science score),student,8.0,75404.0,False,,medium
10.1016/j.lindif.2021.102005,Overlearning is as ineffective as underlearning? A cross-culture study from PISA 2015,2021,PISA,science,Squared standardized learning time,INSTRUCTIONAL_TIME,instructional_time,standardized_beta,,negative,Science achievement (PISA 2015 science score),student,8.0,75404.0,False,,medium
10.1016/j.lindif.2021.102005,Overlearning is as ineffective as underlearning? A cross-culture study from PISA 2015,2021,PISA,science,Culture (east vs west),OTHER,other,standardized_beta,38.79,positive,Science achievement moderated by culture (east vs west),country,8.0,75404.0,False,,medium
10.1016/j.lindif.2021.102005,Overlearning is as ineffective as underlearning? A cross-culture study from PISA 2015,2021,PISA,science,Culture × learning time,INSTRUCTIONAL_TIME,other,standardized_beta,14.3,positive,Science achievement moderated by culture (east vs west),country,8.0,75404.0,False,,medium
10.1016/j.lindif.2021.102005,Overlearning is as ineffective as underlearning? A cross-culture study from PISA 2015,2021,PISA,science,Culture × squared learning time,INSTRUCTIONAL_TIME,other,standardized_beta,-1.89,negative,Science achievement moderated by culture (east vs west),country,8.0,75404.0,False,,medium
10.1016/j.lindif.2021.102005,Overlearning is as ineffective as underlearning? A cross-culture study from PISA 2015,2021,PISA,science,Student gender,GENDER,gender,standardized_beta,,,Science achievement (PISA 2015 science score),student,8.0,75404.0,False,,medium
10.1016/j.lindif.2021.102005,Overlearning is as ineffective as underlearning? A cross-culture study from PISA 2015,2021,PISA,science,Socioeconomic status (ESCS),SES_COMPOSITE,SES,standardized_beta,,positive,Science achievement (PISA 2015 science score),student,8.0,75404.0,False,,medium
10.1016/j.tsc.2024.101642,Identifying emergent roles and their relationship with learning outcomes and collaborative problem-solving skills,2024,other,other,Prior knowledge,OTHER,prior_achievement,standardized_beta,0.078,,Learning outcomes (mind-map scores),student,1.0,54.0,,False,low
10.1016/j.tsc.2024.101642,Identifying emergent roles and their relationship with learning outcomes and collaborative problem-solving skills,2024,other,other,Achievement motivation,MOTIVATION,motivation,standardized_beta,0.213,,Learning outcomes (mind-map scores),student,1.0,54.0,,False,low
10.1016/j.tsc.2024.101642,Identifying emergent roles and their relationship with learning outcomes and collaborative problem-solving skills,2024,other,other,Knowledge seeker role,OTHER,other,standardized_beta,-0.443,negative,Learning outcomes (mind-map scores),student,1.0,54.0,,False,low
10.1016/j.tsc.2024.101642,Identifying emergent roles and their relationship with learning outcomes and collaborative problem-solving skills,2024,other,other,Distractor role,OTHER,other,standardized_beta,-0.472,negative,Learning outcomes (mind-map scores),student,1.0,54.0,,False,low
10.1016/j.tsc.2024.101642,Identifying emergent roles and their relationship with learning outcomes and collaborative problem-solving skills,2024,other,other,Harmonizer role,OTHER,other,standardized_beta,0.332,positive,Learning outcomes (mind-map scores),student,1.0,54.0,,False,low
10.1016/j.tsc.2024.101642,Identifying emergent roles and their relationship with learning outcomes and collaborative problem-solving skills,2024,other,other,Prior knowledge,OTHER,prior_achievement,r_correlation,0.279,positive,Learning outcomes (mind-map scores),student,1.0,54.0,,False,low
10.1016/j.tsc.2024.101642,Identifying emergent roles and their relationship with learning outcomes and collaborative problem-solving skills,2024,other,other,Harmonizer role,OTHER,other,r_correlation,-0.359,negative,Learning outcomes (mind-map scores),student,1.0,54.0,,False,low
10.1016/j.tsc.2024.101642,Identifying emergent roles and their relationship with learning outcomes and collaborative problem-solving skills,2024,other,other,Emergent roles,OTHER,other,R2,0.21,positive,Learning outcomes (mind-map scores),student,1.0,54.0,,False,low
10.1016/j.erss.2020.101641,"“Hot-headed” students? Scientific literacy, perceptions and awareness of climate change in 15-year olds across 54 countries",2020,PISA,science,Scientific literacy,OTHER,other,standardized_beta,0.35,positive,awareness of climate change,student,54.0,336396.0,True,True,high
10.1016/j.erss.2020.101641,"“Hot-headed” students? Scientific literacy, perceptions and awareness of climate change in 15-year olds across 54 countries",2020,PISA,science,Enjoyment of science,MOTIVATION,motivation,standardized_beta,0.28,positive,awareness of climate change,student,54.0,336396.0,True,True,high
10.1016/j.erss.2020.101641,"“Hot-headed” students? Scientific literacy, perceptions and awareness of climate change in 15-year olds across 54 countries",2020,PISA,science,Instrumental motivation to science,MOTIVATION,motivation,standardized_beta,0.22,positive,awareness of climate change,student,54.0,336396.0,True,True,high
10.1016/j.erss.2020.101641,"“Hot-headed” students? Scientific literacy, perceptions and awareness of climate change in 15-year olds across 54 countries",2020,PISA,science,Interest in broad science,MOTIVATION,motivation,standardized_beta,0.19,positive,awareness of climate change,student,54.0,336396.0,True,True,high
10.1016/j.ijedro.2022.100191,Examining the context of better science literacy outcomes among U.S. schools using visual analytics: A machine learning approach,2022,PISA,science,Student-teacher ratio,SCHOOL_RESOURCES,school_resources,standardized_beta,-0.15,negative,science literacy,school,1.0,,,True,medium
10.1016/j.ijedro.2022.100191,Examining the context of better science literacy outcomes among U.S. schools using visual analytics: A machine learning approach,2022,PISA,science,Class size,SCHOOL_RESOURCES,school_resources,standardized_beta,-0.1,negative,science literacy,school,1.0,,,True,medium
10.1016/j.ijedro.2022.100191,Examining the context of better science literacy outcomes among U.S. schools using visual analytics: A machine learning approach,2022,PISA,science,Fully certified teachers,OTHER,teacher_quality,standardized_beta,0.2,positive,science literacy,school,1.0,,,True,medium
10.1016/j.ijedro.2022.100191,Examining the context of better science literacy outcomes among U.S. schools using visual analytics: A machine learning approach,2022,PISA,science,Proportion science teachers,OTHER,teacher_quality,standardized_beta,0.12,positive,science literacy,school,1.0,,,True,medium
10.1016/j.ijedro.2022.100191,Examining the context of better science literacy outcomes among U.S. schools using visual analytics: A machine learning approach,2022,PISA,science,Creative extra-curricular activities,OTHER,other,standardized_beta,0.08,positive,science literacy,school,1.0,,,True,medium
10.1016/j.ijedro.2022.100191,Examining the context of better science literacy outcomes among U.S. schools using visual analytics: A machine learning approach,2022,PISA,science,Educational material shortage,AGE_GRADE,school_resources,standardized_beta,-0.18,negative,science literacy,school,1.0,,,True,medium
10.1016/j.ijedro.2022.100191,Examining the context of better science literacy outcomes among U.S. schools using visual analytics: A machine learning approach,2022,PISA,science,Shortage of educational staff,AGE_GRADE,school_resources,standardized_beta,-0.14,negative,science literacy,school,1.0,,,True,medium
10.1016/j.caeai.2024.100340,"AI advocates and cautious critics: How AI attitudes, AI interest, use of AI, and AI literacy build university students' AI self-efficacy",2025,other,other,Use of AI,OTHER,other,standardized_beta,0.434,positive,AI interest,student,3.0,1465.0,,False,medium
10.1016/j.caeai.2024.100340,"AI advocates and cautious critics: How AI attitudes, AI interest, use of AI, and AI literacy build university students' AI self-efficacy",2025,other,other,Positive attitudes toward AI,OTHER,motivation,standardized_beta,0.618,positive,AI interest,student,3.0,1465.0,,False,medium
10.1016/j.caeai.2024.100340,"AI advocates and cautious critics: How AI attitudes, AI interest, use of AI, and AI literacy build university students' AI self-efficacy",2025,other,other,Negative attitudes toward AI,OTHER,motivation,standardized_beta,-0.057,negative,AI interest,student,3.0,1465.0,,False,medium
10.1016/j.caeai.2024.100340,"AI advocates and cautious critics: How AI attitudes, AI interest, use of AI, and AI literacy build university students' AI self-efficacy",2025,other,other,AI literacy,OTHER,other,standardized_beta,0.144,positive,AI self-efficacy,student,3.0,1465.0,,False,medium
10.1016/j.caeai.2024.100340,"AI advocates and cautious critics: How AI attitudes, AI interest, use of AI, and AI literacy build university students' AI self-efficacy",2025,other,other,AI interest,MOTIVATION,motivation,standardized_beta,0.245,positive,AI self-efficacy,student,3.0,1465.0,,False,medium
10.1016/j.caeai.2026.100567,Context-aware prompting for collaborative problem solving skill identification,2026,other,other,Cognitive context window,OTHER,other,accuracy,81.04,positive,CPS skill label prediction (chat messages),student,2.0,1218.0,,False,medium
10.1016/j.caeai.2026.100567,Context-aware prompting for collaborative problem solving skill identification,2026,other,other,Social context window,OTHER,other,accuracy,81.04,positive,CPS skill label prediction (chat messages),student,2.0,1218.0,,False,medium
10.1016/j.caeai.2026.100567,Context-aware prompting for collaborative problem solving skill identification,2026,other,other,Skill class imbalance,OTHER,other,accuracy,81.04,positive,CPS skill label prediction (chat messages),student,2.0,1218.0,,False,medium
10.1016/j.caeai.2026.100567,Context-aware prompting for collaborative problem solving skill identification,2026,other,other,Chat message length,AGE_GRADE,other,accuracy,81.04,positive,CPS skill label prediction (chat messages),student,2.0,1218.0,,False,medium
10.1163/23641177-bja10055,Factors Predicting Science Achievement Groups,2022,PISA,science,Past science activities,OTHER,other,AUC,0.84,positive,High-achievement group membership (vs moderate),student,1.0,4634.0,False,False,medium
10.1163/23641177-bja10055,Factors Predicting Science Achievement Groups,2022,PISA,science,Current science activities,OTHER,other,AUC,0.84,positive,High-achievement group membership (vs moderate),student,1.0,4634.0,False,False,medium
10.1163/23641177-bja10055,Factors Predicting Science Achievement Groups,2022,PISA,science,Teacher-directed instruction,TEACHER_QUALITY,teacher_quality,AUC,0.84,positive,High-achievement group membership (vs moderate),student,1.0,4634.0,False,False,medium
10.1163/23641177-bja10055,Factors Predicting Science Achievement Groups,2022,PISA,science,Adaptive instruction,OTHER,teacher_quality,AUC,0.84,positive,High-achievement group membership (vs moderate),student,1.0,4634.0,False,False,medium
10.1163/23641177-bja10055,Factors Predicting Science Achievement Groups,2022,PISA,science,Inquiry-based instruction,OTHER,teacher_quality,AUC,0.84,positive,High-achievement group membership (vs moderate),student,1.0,4634.0,False,False,medium
10.1163/23641177-bja10055,Factors Predicting Science Achievement Groups,2022,PISA,science,Past science activities,OTHER,other,AUC,0.84,positive,Low-achievement group membership (vs moderate),student,1.0,4634.0,False,False,medium
10.1163/23641177-bja10055,Factors Predicting Science Achievement Groups,2022,PISA,science,Teacher-directed instruction,TEACHER_QUALITY,teacher_quality,AUC,0.84,positive,Low-achievement group membership (vs moderate),student,1.0,4634.0,False,False,medium
10.1163/23641177-bja10055,Factors Predicting Science Achievement Groups,2022,PISA,science,Perceived feedback,OTHER,teacher_quality,AUC,0.84,positive,Low-achievement group membership (vs moderate),student,1.0,4634.0,False,False,medium
10.1163/23641177-bja10055,Factors Predicting Science Achievement Groups,2022,PISA,science,Adaptive instruction,OTHER,teacher_quality,AUC,0.84,positive,Low-achievement group membership (vs moderate),student,1.0,4634.0,False,False,medium
10.1163/23641177-bja10055,Factors Predicting Science Achievement Groups,2022,PISA,science,Inquiry-based instruction,OTHER,teacher_quality,AUC,0.84,positive,Low-achievement group membership (vs moderate),student,1.0,4634.0,False,False,medium
10.1016/j.chiabu.2026.107909,Gender inequality and adolescent bullying victimization among 69 countries and its effect modification by corporal punishment prohibiting laws,2026,PISA,other,Gender inequality index (GII),GENDER,other,standardized_beta,0.52,positive,Total victimization score (6–24),country,69.0,433836.0,,True,medium
10.1016/j.chiabu.2026.107909,Gender inequality and adolescent bullying victimization among 69 countries and its effect modification by corporal punishment prohibiting laws,2026,PISA,other,GII*sex,GENDER,gender,standardized_beta,-0.23,negative,Total victimization score (6–24),country,69.0,433836.0,,True,medium
10.1016/j.chiabu.2026.107909,Gender inequality and adolescent bullying victimization among 69 countries and its effect modification by corporal punishment prohibiting laws,2026,PISA,other,Corporal punishment ban status (full ban ≤10y vs no/partial ban),OTHER,other,standardized_beta,-0.43,negative,Total victimization score (6–24),country,69.0,433836.0,,True,medium
10.1016/j.childyouth.2023.106875,Adolescents’ meaning in life as a resilience factor between bullying victimization and life satisfaction,2023,PISA,other,Bullying victimization (verbal/physical/relational parcels),SCHOOL_CLIMATE,other,standardized_beta,-0.168,negative,Life satisfaction (single-item),student,1.0,4838.0,False,True,medium
10.1016/j.childyouth.2023.106875,Adolescents’ meaning in life as a resilience factor between bullying victimization and life satisfaction,2023,PISA,other,Meaning in life (MIL),OTHER,other,standardized_beta,0.511,positive,Life satisfaction (single-item),student,1.0,4838.0,False,True,medium
10.1016/j.childyouth.2023.106875,Adolescents’ meaning in life as a resilience factor between bullying victimization and life satisfaction,2023,PISA,other,Bullying victimization × MIL interaction,SCHOOL_CLIMATE,other,standardized_beta,0.074,positive,Life satisfaction (single-item),student,1.0,4838.0,False,True,medium
10.1016/j.childyouth.2025.108126,The role of parental involvement in adolescents’ digital reading performance,2025,PISA,reading,Previous parental support,PARENTAL_EDUCATION,other,standardized_beta,0.021,positive,Digital reading performance (PVs),student,12.0,83043.0,True,True,high
10.1016/j.childyouth.2025.108126,The role of parental involvement in adolescents’ digital reading performance,2025,PISA,reading,Current parental support,PARENTAL_EDUCATION,other,standardized_beta,-0.041,negative,Digital reading performance (PVs),student,12.0,83043.0,True,True,high
10.1016/j.childyouth.2025.108126,The role of parental involvement in adolescents’ digital reading performance,2025,PISA,reading,School policies for involvement,OTHER,other,standardized_beta,-0.047,negative,Digital reading performance (PVs),student,12.0,83043.0,True,True,high
10.1016/j.childyouth.2025.108126,The role of parental involvement in adolescents’ digital reading performance,2025,PISA,reading,Parental emotional support,OTHER,other,standardized_beta,0.055,positive,Digital reading performance (PVs),student,12.0,83043.0,True,True,high
10.1016/j.childyouth.2025.108126,The role of parental involvement in adolescents’ digital reading performance,2025,PISA,reading,Parental enjoyment of reading,MOTIVATION,other,standardized_beta,0.06,positive,Digital reading performance (PVs),student,12.0,83043.0,True,True,high
10.1016/j.childyouth.2025.108126,The role of parental involvement in adolescents’ digital reading performance,2025,PISA,reading,Previous support × emotional support,OTHER,other,other,,positive,Digital reading performance (PVs),student,12.0,83043.0,True,True,high
10.1016/j.stueduc.2021.100982,"Measurement invariance of information, communication and technology (ICT) engagement and its relationship with student academic literacy: Evidence from PISA 2018",2021,PISA,mathematics,Perceived ICT autonomy,ICT_ACCESS,ICT,R2,0.17,positive,student literacy,student,16.0,,True,True,medium
10.1016/j.stueduc.2021.100982,"Measurement invariance of information, communication and technology (ICT) engagement and its relationship with student academic literacy: Evidence from PISA 2018",2021,PISA,science,Perceived ICT autonomy,ICT_ACCESS,ICT,R2,0.12,positive,student literacy,student,16.0,,True,True,medium
10.1016/j.stueduc.2021.100982,"Measurement invariance of information, communication and technology (ICT) engagement and its relationship with student academic literacy: Evidence from PISA 2018",2021,PISA,reading,Perceived ICT autonomy,ICT_ACCESS,ICT,R2,0.18,positive,student literacy,student,16.0,,True,True,medium
10.1016/j.stueduc.2021.100982,"Measurement invariance of information, communication and technology (ICT) engagement and its relationship with student academic literacy: Evidence from PISA 2018",2021,PISA,mathematics,Use of social media,OTHER,ICT,R2,0.17,negative,student literacy,student,16.0,,True,True,medium
10.1016/j.stueduc.2021.100982,"Measurement invariance of information, communication and technology (ICT) engagement and its relationship with student academic literacy: Evidence from PISA 2018",2021,PISA,science,Use of social media,OTHER,ICT,R2,0.12,negative,student literacy,student,16.0,,True,True,medium
10.1016/j.stueduc.2021.100982,"Measurement invariance of information, communication and technology (ICT) engagement and its relationship with student academic literacy: Evidence from PISA 2018",2021,PISA,reading,Use of social media,OTHER,ICT,R2,0.18,negative,student literacy,student,16.0,,True,True,medium
10.1016/j.stueduc.2023.101308,"Exploring the relationship between educational ICT resources, student engagement, and academic performance: A multilevel structural equation analysis based on PISA 2018 data",2023,PISA,reading,School ICT resources (ICTSCH),ICT_ACCESS,ICT,standardized_beta,-0.037,negative,Reading literacy (academic performance),student,5.0,26405.0,True,True,high
10.1016/j.stueduc.2023.101308,"Exploring the relationship between educational ICT resources, student engagement, and academic performance: A multilevel structural equation analysis based on PISA 2018 data",2023,PISA,reading,Home ICT resources (ICTHOME),ICT_ACCESS,ICT,standardized_beta,-0.054,negative,Reading literacy (academic performance),student,5.0,26405.0,True,True,high
10.1016/j.stueduc.2023.101308,"Exploring the relationship between educational ICT resources, student engagement, and academic performance: A multilevel structural equation analysis based on PISA 2018 data",2023,PISA,mathematics,School ICT resources (ICTSCH),ICT_ACCESS,ICT,standardized_beta,-0.031,negative,Mathematical literacy (academic performance),student,5.0,26405.0,True,True,high
10.1016/j.stueduc.2023.101308,"Exploring the relationship between educational ICT resources, student engagement, and academic performance: A multilevel structural equation analysis based on PISA 2018 data",2023,PISA,mathematics,Home ICT resources (ICTHOME),ICT_ACCESS,ICT,standardized_beta,-0.036,negative,Mathematical literacy (academic performance),student,5.0,26405.0,True,True,high
10.1016/j.stueduc.2024.101389,1-s2.0-S0191491X24000683-main,2024,PISA,reading,Student socioeconomic status (ESCS),SES_COMPOSITE,SES,standardized_beta,0.104,positive,Reading achievement (WLE scores),student,26.0,184102.0,True,True,high
10.1016/j.stueduc.2024.101389,1-s2.0-S0191491X24000683-main,2024,PISA,reading,School socioeconomic status (mean ESCS),SES_COMPOSITE,SES,standardized_beta,0.566,positive,Reading achievement (WLE scores),school,26.0,184102.0,True,True,high
10.1016/j.stueduc.2024.101389,1-s2.0-S0191491X24000683-main,2024,PISA,reading,Gender,GENDER,gender,standardized_beta,0.195,positive,Reading achievement (WLE scores),student,26.0,184102.0,True,True,high
10.1016/j.stueduc.2024.101389,1-s2.0-S0191491X24000683-main,2024,PISA,reading,Test language equals home language,AGE_GRADE,other,standardized_beta,0.346,positive,Reading achievement (WLE scores),student,26.0,184102.0,True,True,high
10.1016/j.stueduc.2024.101389,1-s2.0-S0191491X24000683-main,2024,PISA,reading,Disciplinary climate (school index),SCHOOL_CLIMATE,school_climate,standardized_beta,0.074,positive,Reading achievement (WLE scores),student,26.0,184102.0,True,True,high
10.1016/j.stueduc.2024.101389,1-s2.0-S0191491X24000683-main,2024,PISA,reading,Disciplinary climate (school index),SCHOOL_CLIMATE,school_climate,standardized_beta,0.126,positive,Reading achievement (WLE scores),school,26.0,184102.0,True,True,high
10.1016/j.stueduc.2024.101389,1-s2.0-S0191491X24000683-main,2024,PISA,reading,Teacher support (school index),TEACHER_QUALITY,teacher_quality,standardized_beta,0.036,positive,Reading achievement (WLE scores),student,26.0,184102.0,True,True,high
10.1016/j.stueduc.2024.101401,The role of item format in the PISA 2018 mathematics literacy assessment: A cross-country study,2024,PISA,mathematics,item_format,OTHER,other,standardized_beta,0.15,positive,mathematics_achievement,student,71.0,260000.0,False,False,medium
10.1016/j.stueduc.2024.101401,The role of item format in the PISA 2018 mathematics literacy assessment: A cross-country study,2024,PISA,mathematics,ESCS,SES_COMPOSITE,SES,standardized_beta,0.3,positive,mathematics_achievement,student,71.0,260000.0,False,False,medium
10.1016/j.stueduc.2025.101497,School performance and inequality of opportunities in Latin America,2025,PISA,reading,Gender,GENDER,gender,other,9.406,positive,Reading achievement (PVs),student,10.0,75622.0,True,,medium
10.1016/j.stueduc.2025.101497,School performance and inequality of opportunities in Latin America,2025,PISA,reading,Age,AGE_GRADE,other,other,12.115,positive,Reading achievement (PVs),student,10.0,75622.0,True,,medium
10.1016/j.stueduc.2025.101497,School performance and inequality of opportunities in Latin America,2025,PISA,reading,Preschool attendance,OTHER,other,other,4.517,positive,Reading achievement (PVs),student,10.0,75622.0,True,,medium
10.1016/j.stueduc.2025.101497,School performance and inequality of opportunities in Latin America,2025,PISA,reading,Grade repetition,PRIOR_ACHIEVEMENT,other,other,-49.29,negative,Reading achievement (PVs),student,10.0,75622.0,True,,medium
10.1016/j.stueduc.2025.101497,School performance and inequality of opportunities in Latin America,2025,PISA,reading,Family background index,OTHER,SES,other,7.312,positive,Reading achievement (PVs),student,10.0,75622.0,True,,medium
10.1016/j.stueduc.2026.101559,"The interrelationships between reading achievement, online reading activities, and metacognitive skills: Findings from PISA data",2026,PISA,reading,"Economic, social, cultural status",GDP_EXPENDITURE,SES,standardized_beta,0.19,positive,Online reading activities for searching information (ORA),student,5.0,27170.0,True,True,high
10.1016/j.stueduc.2026.101559,"The interrelationships between reading achievement, online reading activities, and metacognitive skills: Findings from PISA data",2026,PISA,reading,"Economic, social, cultural status",GDP_EXPENDITURE,SES,standardized_beta,0.24,positive,Online reading activities for searching information (ORA),student,5.0,27170.0,True,True,high
10.1016/j.stueduc.2026.101559,"The interrelationships between reading achievement, online reading activities, and metacognitive skills: Findings from PISA data",2026,PISA,reading,"Economic, social, cultural status",GDP_EXPENDITURE,SES,standardized_beta,0.19,positive,Reading achievement (RA),student,5.0,27170.0,True,True,high
10.1016/j.stueduc.2026.101559,"The interrelationships between reading achievement, online reading activities, and metacognitive skills: Findings from PISA data",2026,PISA,reading,"Economic, social, cultural status",GDP_EXPENDITURE,SES,standardized_beta,0.22,positive,Reading achievement (RA),student,5.0,27170.0,True,True,high
10.1016/j.stueduc.2026.101559,"The interrelationships between reading achievement, online reading activities, and metacognitive skills: Findings from PISA data",2026,PISA,reading,Online reading activities (ORA),OTHER,other,standardized_beta,0.09,positive,Reading achievement (RA),student,5.0,27170.0,True,True,high
10.1016/j.stueduc.2026.101559,"The interrelationships between reading achievement, online reading activities, and metacognitive skills: Findings from PISA data",2026,PISA,reading,Online reading activities (ORA),OTHER,other,standardized_beta,0.17,positive,Reading achievement (RA),student,5.0,27170.0,True,True,high
10.1016/j.socscimed.2023.115892,"Competitiveness, country economic inequality and adolescent well-being: Analysis of 60 countries",2023,PISA,other,Individual competitiveness,OTHER,motivation,standardized_beta,0.087,positive,Life satisfaction (standardized composite score),student,60.0,347934.0,,True,medium
10.1016/j.socscimed.2023.115892,"Competitiveness, country economic inequality and adolescent well-being: Analysis of 60 countries",2023,PISA,other,Country competitiveness,OTHER,other,standardized_beta,0.002,,Life satisfaction (standardized composite score),country,60.0,347934.0,,True,medium
10.1016/j.socscimed.2023.115892,"Competitiveness, country economic inequality and adolescent well-being: Analysis of 60 countries",2023,PISA,other,Individual competitiveness,OTHER,motivation,standardized_beta,0.214,positive,Purpose of life (standardized composite score),student,60.0,347934.0,,True,medium
10.1016/j.socscimed.2023.115892,"Competitiveness, country economic inequality and adolescent well-being: Analysis of 60 countries",2023,PISA,other,Country competitiveness,OTHER,other,standardized_beta,0.115,positive,Purpose of life (standardized composite score),country,60.0,347934.0,,True,medium
10.1016/j.compedu.2021.104226,Are schools digitally inclusive for all? Profiles of school digital inclusion using PISA 2018,2021,PISA,other,"Economic, social, cultural status (ESCS)",SES_COMPOSITE,SES,odds_ratio,2.476,positive,School digital inclusion profile membership (High vs Low),school,27.0,2018.0,False,,medium
10.1016/j.compedu.2021.104226,Are schools digitally inclusive for all? Profiles of school digital inclusion using PISA 2018,2021,PISA,other,School type (public/private),SCHOOL_RESOURCES,school_resources,odds_ratio,0.507,negative,School digital inclusion profile membership (High vs Low),school,27.0,2018.0,False,,medium
10.1016/j.compedu.2021.104226,Are schools digitally inclusive for all? Profiles of school digital inclusion using PISA 2018,2021,PISA,other,"Economic, social, cultural status (ESCS)",SES_COMPOSITE,SES,odds_ratio,1.68,positive,School digital inclusion profile membership (Medium vs Low),school,27.0,2018.0,False,,medium
10.1016/j.compedu.2021.104226,Are schools digitally inclusive for all? Profiles of school digital inclusion using PISA 2018,2021,PISA,other,School type (public/private),SCHOOL_RESOURCES,school_resources,odds_ratio,0.788,negative,School digital inclusion profile membership (Medium vs Low),school,27.0,2018.0,False,,medium
10.1016/j.compedu.2021.104226,Are schools digitally inclusive for all? Profiles of school digital inclusion using PISA 2018,2021,PISA,other,"Economic, social, cultural status (ESCS)",SES_COMPOSITE,SES,odds_ratio,0.678,negative,School digital inclusion profile membership (Medium vs High),school,27.0,2018.0,False,,medium
10.1016/j.compedu.2021.104226,Are schools digitally inclusive for all? Profiles of school digital inclusion using PISA 2018,2021,PISA,other,School type (public/private),SCHOOL_RESOURCES,school_resources,odds_ratio,1.553,positive,School digital inclusion profile membership (Medium vs High),school,27.0,2018.0,False,,medium
10.1016/j.compedu.2022.104447,Patterns of cognitive returns to Information and Communication Technology (ICT) use of 15-year-olds: Global evidence from a Hierarchical Linear Modeling approach using PISA 2018,2022,PISA,mathematics,Online activity (OA index),OTHER,ICT,standardized_beta,36.87,positive,Mathematics achievement (Plausible Value pv2),student,78.0,485760.0,True,True,high
10.1016/j.compedu.2022.104447,Patterns of cognitive returns to Information and Communication Technology (ICT) use of 15-year-olds: Global evidence from a Hierarchical Linear Modeling approach using PISA 2018,2022,PISA,mathematics,Online activity (quadratic),OTHER,ICT,standardized_beta,-4.845,negative,Mathematics achievement (Plausible Value pv2),student,78.0,485760.0,True,True,high
10.1016/j.compedu.2022.104447,Patterns of cognitive returns to Information and Communication Technology (ICT) use of 15-year-olds: Global evidence from a Hierarchical Linear Modeling approach using PISA 2018,2022,PISA,mathematics,Socioeconomic status (ESCS),SES_COMPOSITE,SES,standardized_beta,10.9,positive,Mathematics achievement (Plausible Value pv2),student,78.0,485760.0,True,True,high
10.1016/j.compedu.2022.104447,Patterns of cognitive returns to Information and Communication Technology (ICT) use of 15-year-olds: Global evidence from a Hierarchical Linear Modeling approach using PISA 2018,2022,PISA,mathematics,Gender (female dummy),GENDER,gender,standardized_beta,-17.65,negative,Mathematics achievement (Plausible Value pv2),student,78.0,485760.0,True,True,high
10.1016/j.compedu.2022.104447,Patterns of cognitive returns to Information and Communication Technology (ICT) use of 15-year-olds: Global evidence from a Hierarchical Linear Modeling approach using PISA 2018,2022,PISA,mathematics,Understanding and remembering,OTHER,other,standardized_beta,7.363,positive,Mathematics achievement (Plausible Value pv2),student,78.0,485760.0,True,True,high
10.1016/j.compedu.2022.104447,Patterns of cognitive returns to Information and Communication Technology (ICT) use of 15-year-olds: Global evidence from a Hierarchical Linear Modeling approach using PISA 2018,2022,PISA,mathematics,Assessing credibility,SES_COMPOSITE,other,standardized_beta,14.96,positive,Mathematics achievement (Plausible Value pv2),student,78.0,485760.0,True,True,high
10.1016/j.compedu.2022.104447,Patterns of cognitive returns to Information and Communication Technology (ICT) use of 15-year-olds: Global evidence from a Hierarchical Linear Modeling approach using PISA 2018,2022,PISA,science,Online activity (OA index),OTHER,ICT,standardized_beta,35.2,positive,Science achievement (Plausible Value pv2),student,78.0,485760.0,True,True,high
10.1016/j.compedu.2022.104447,Patterns of cognitive returns to Information and Communication Technology (ICT) use of 15-year-olds: Global evidence from a Hierarchical Linear Modeling approach using PISA 2018,2022,PISA,science,Online activity (quadratic),OTHER,ICT,standardized_beta,-4.607,negative,Science achievement (Plausible Value pv2),student,78.0,485760.0,True,True,high
10.1016/j.compedu.2022.104447,Patterns of cognitive returns to Information and Communication Technology (ICT) use of 15-year-olds: Global evidence from a Hierarchical Linear Modeling approach using PISA 2018,2022,PISA,science,Socioeconomic status (ESCS),SES_COMPOSITE,SES,standardized_beta,9.963,positive,Science achievement (Plausible Value pv2),student,78.0,485760.0,True,True,high
10.1016/j.compedu.2022.104447,Patterns of cognitive returns to Information and Communication Technology (ICT) use of 15-year-olds: Global evidence from a Hierarchical Linear Modeling approach using PISA 2018,2022,PISA,science,Gender (female dummy),GENDER,gender,standardized_beta,-12.58,negative,Science achievement (Plausible Value pv2),student,78.0,485760.0,True,True,high
10.1016/j.compedu.2022.104447,Patterns of cognitive returns to Information and Communication Technology (ICT) use of 15-year-olds: Global evidence from a Hierarchical Linear Modeling approach using PISA 2018,2022,PISA,science,Understanding and remembering,OTHER,other,standardized_beta,8.49,positive,Science achievement (Plausible Value pv2),student,78.0,485760.0,True,True,high
10.1016/j.compedu.2022.104447,Patterns of cognitive returns to Information and Communication Technology (ICT) use of 15-year-olds: Global evidence from a Hierarchical Linear Modeling approach using PISA 2018,2022,PISA,science,Assessing credibility,SES_COMPOSITE,other,standardized_beta,18.22,positive,Science achievement (Plausible Value pv2),student,78.0,485760.0,True,True,high
10.1016/j.compedu.2023.104807,"Relations between academic boredom, academic achievement, ICT use, and teacher enthusiasm among adolescents",2023,PISA,mathematics,ICT use for leisure,ICT_ACCESS,ICT,standardized_beta,0.11,positive,Boredom in mathematics classes (self-reported),student,8.0,76818.0,True,,medium
10.1016/j.compedu.2023.104807,"Relations between academic boredom, academic achievement, ICT use, and teacher enthusiasm among adolescents",2023,PISA,mathematics,Perceived teacher enthusiasm,TEACHER_QUALITY,teacher_quality,standardized_beta,-0.12,negative,Boredom in mathematics classes (self-reported),student,8.0,76818.0,True,,medium
10.1016/j.compedu.2023.104807,"Relations between academic boredom, academic achievement, ICT use, and teacher enthusiasm among adolescents",2023,PISA,reading,ICT use for leisure,ICT_ACCESS,ICT,standardized_beta,0.07,positive,Boredom in language and literature classes (self-reported),student,8.0,76818.0,True,,medium
10.1016/j.compedu.2023.104807,"Relations between academic boredom, academic achievement, ICT use, and teacher enthusiasm among adolescents",2023,PISA,reading,Perceived teacher enthusiasm,TEACHER_QUALITY,teacher_quality,standardized_beta,-0.31,negative,Boredom in language and literature classes (self-reported),student,8.0,76818.0,True,,medium
10.1016/j.cedpsych.2024.102323,"The environment is somewhat alike for different adaptive motivations: Machine learning reveals optimal motivational contexts involve collective support of parents, teachers, and peers",2024,PISA,other,Parent emotional support,OTHER,SES/home_resources/parental_education,r_correlation,0.45,positive,Adaptive motivation (learning goals),student,19.0,77068.0,,True,medium
10.1016/j.cedpsych.2024.102323,"The environment is somewhat alike for different adaptive motivations: Machine learning reveals optimal motivational contexts involve collective support of parents, teachers, and peers",2024,PISA,other,Parent emotional support,OTHER,SES/home_resources/parental_education,r_correlation,0.39,positive,Adaptive motivation (self-efficacy),student,19.0,77068.0,,True,medium
10.1016/j.cedpsych.2024.102323,"The environment is somewhat alike for different adaptive motivations: Machine learning reveals optimal motivational contexts involve collective support of parents, teachers, and peers",2024,PISA,other,Parent emotional support,OTHER,SES/home_resources/parental_education,r_correlation,0.41,positive,Adaptive motivation (task mastery orientation),student,19.0,77068.0,,True,medium
10.1016/j.cedpsych.2024.102323,"The environment is somewhat alike for different adaptive motivations: Machine learning reveals optimal motivational contexts involve collective support of parents, teachers, and peers",2024,PISA,other,Peer cooperation,OTHER,belonging,r_correlation,0.45,positive,Adaptive motivation (learning goals),student,19.0,77068.0,,True,medium
10.1016/j.cedpsych.2024.102323,"The environment is somewhat alike for different adaptive motivations: Machine learning reveals optimal motivational contexts involve collective support of parents, teachers, and peers",2024,PISA,other,Peer cooperation,OTHER,belonging,r_correlation,0.39,positive,Adaptive motivation (self-efficacy),student,19.0,77068.0,,True,medium
10.1016/j.cedpsych.2024.102323,"The environment is somewhat alike for different adaptive motivations: Machine learning reveals optimal motivational contexts involve collective support of parents, teachers, and peers",2024,PISA,other,Peer cooperation,OTHER,belonging,r_correlation,0.41,positive,Adaptive motivation (task mastery orientation),student,19.0,77068.0,,True,medium
10.1016/j.cedpsych.2024.102323,"The environment is somewhat alike for different adaptive motivations: Machine learning reveals optimal motivational contexts involve collective support of parents, teachers, and peers",2024,PISA,other,Teacher enthusiasm,TEACHER_QUALITY,teacher_quality,r_correlation,0.45,positive,Adaptive motivation (learning goals),student,19.0,77068.0,,True,medium
10.1016/j.cedpsych.2024.102323,"The environment is somewhat alike for different adaptive motivations: Machine learning reveals optimal motivational contexts involve collective support of parents, teachers, and peers",2024,PISA,other,Teacher enthusiasm,TEACHER_QUALITY,teacher_quality,r_correlation,0.39,positive,Adaptive motivation (self-efficacy),student,19.0,77068.0,,True,medium
10.1016/j.cedpsych.2024.102323,"The environment is somewhat alike for different adaptive motivations: Machine learning reveals optimal motivational contexts involve collective support of parents, teachers, and peers",2024,PISA,other,Teacher enthusiasm,TEACHER_QUALITY,teacher_quality,r_correlation,0.41,positive,Adaptive motivation (task mastery orientation),student,19.0,77068.0,,True,medium
10.1016/j.cedpsych.2024.102323,"The environment is somewhat alike for different adaptive motivations: Machine learning reveals optimal motivational contexts involve collective support of parents, teachers, and peers",2024,PISA,other,Teacher adaptive instruction,OTHER,teacher_quality,r_correlation,0.45,positive,Adaptive motivation (learning goals),student,19.0,77068.0,,True,medium
10.1016/j.cedpsych.2024.102323,"The environment is somewhat alike for different adaptive motivations: Machine learning reveals optimal motivational contexts involve collective support of parents, teachers, and peers",2024,PISA,other,Teacher adaptive instruction,OTHER,teacher_quality,r_correlation,0.39,positive,Adaptive motivation (self-efficacy),student,19.0,77068.0,,True,medium
10.1016/j.cedpsych.2024.102323,"The environment is somewhat alike for different adaptive motivations: Machine learning reveals optimal motivational contexts involve collective support of parents, teachers, and peers",2024,PISA,other,Teacher adaptive instruction,OTHER,teacher_quality,r_correlation,0.41,positive,Adaptive motivation (task mastery orientation),student,19.0,77068.0,,True,medium
10.1016/j.cedpsych.2024.102323,"The environment is somewhat alike for different adaptive motivations: Machine learning reveals optimal motivational contexts involve collective support of parents, teachers, and peers",2024,PISA,other,Teacher feedback,TEACHER_QUALITY,teacher_quality,r_correlation,0.45,positive,Adaptive motivation (learning goals),student,19.0,77068.0,,True,medium
10.1016/j.cedpsych.2024.102323,"The environment is somewhat alike for different adaptive motivations: Machine learning reveals optimal motivational contexts involve collective support of parents, teachers, and peers",2024,PISA,other,Teacher feedback,TEACHER_QUALITY,teacher_quality,r_correlation,0.39,positive,Adaptive motivation (self-efficacy),student,19.0,77068.0,,True,medium
10.1016/j.cedpsych.2024.102323,"The environment is somewhat alike for different adaptive motivations: Machine learning reveals optimal motivational contexts involve collective support of parents, teachers, and peers",2024,PISA,other,Teacher feedback,TEACHER_QUALITY,teacher_quality,r_correlation,0.41,positive,Adaptive motivation (task mastery orientation),student,19.0,77068.0,,True,medium
10.1016/j.ijedudev.2020.102174,"Material resources, school climate, and achievement variations in the Philippines_ Insights from PISA 2018",2020,PISA,reading,Material resource constraints,OTHER,school_resources,standardized_beta,-20.42,negative,Reading achievement (standardized test score; single plausible value),school,1.0,7233.0,False,False,medium
10.1016/j.ijedudev.2020.102174,"Material resources, school climate, and achievement variations in the Philippines_ Insights from PISA 2018",2020,PISA,reading,Attendance climate deficit,OTHER,school_climate,standardized_beta,-19.03,negative,Reading achievement (standardized test score; single plausible value),school,1.0,7233.0,False,False,medium
10.1016/j.ijedudev.2020.102174,"Material resources, school climate, and achievement variations in the Philippines_ Insights from PISA 2018",2020,PISA,reading,Discipline climate deficit,OTHER,school_climate,standardized_beta,11.23,positive,Reading achievement (standardized test score; single plausible value),school,1.0,7233.0,False,False,medium
10.1016/j.ijedudev.2020.102174,"Material resources, school climate, and achievement variations in the Philippines_ Insights from PISA 2018",2020,PISA,reading,Student attendance problem,OTHER,school_climate,standardized_beta,,negative,Reading achievement (standardized test score; single plausible value),student,1.0,7233.0,False,False,medium
10.1016/j.ijedudev.2020.102174,"Material resources, school climate, and achievement variations in the Philippines_ Insights from PISA 2018",2020,PISA,reading,School type (public/private),SCHOOL_RESOURCES,school_climate,standardized_beta,,positive,Reading achievement (standardized test score; single plausible value),school,1.0,7233.0,False,False,medium
10.1016/j.ijedudev.2020.102174,"Material resources, school climate, and achievement variations in the Philippines_ Insights from PISA 2018",2020,PISA,reading,Socioeconomic status (SES),SES_COMPOSITE,SES,standardized_beta,,positive,Reading achievement (standardized test score; single plausible value),student,1.0,7233.0,False,False,medium
10.1016/j.ijedudev.2020.102174,"Material resources, school climate, and achievement variations in the Philippines_ Insights from PISA 2018",2020,PISA,mathematics,Material resource constraints,OTHER,school_resources,standardized_beta,-17.07,negative,Math achievement (standardized test score; single plausible value),school,1.0,7233.0,False,False,medium
10.1016/j.ijedudev.2020.102174,"Material resources, school climate, and achievement variations in the Philippines_ Insights from PISA 2018",2020,PISA,mathematics,Attendance climate deficit,OTHER,school_climate,standardized_beta,-17.98,negative,Math achievement (standardized test score; single plausible value),school,1.0,7233.0,False,False,medium
10.1016/j.ijedudev.2020.102174,"Material resources, school climate, and achievement variations in the Philippines_ Insights from PISA 2018",2020,PISA,mathematics,Discipline climate deficit,OTHER,school_climate,standardized_beta,10.73,positive,Math achievement (standardized test score; single plausible value),school,1.0,7233.0,False,False,medium
10.1016/j.ijedudev.2020.102174,"Material resources, school climate, and achievement variations in the Philippines_ Insights from PISA 2018",2020,PISA,mathematics,Student attendance problem,OTHER,school_climate,standardized_beta,-17.66,negative,Math achievement (standardized test score; single plausible value),student,1.0,7233.0,False,False,medium
10.1016/j.ijedudev.2020.102174,"Material resources, school climate, and achievement variations in the Philippines_ Insights from PISA 2018",2020,PISA,mathematics,School type (public/private),SCHOOL_RESOURCES,school_climate,standardized_beta,,positive,Math achievement (standardized test score; single plausible value),school,1.0,7233.0,False,False,medium
10.1016/j.ijedudev.2020.102174,"Material resources, school climate, and achievement variations in the Philippines_ Insights from PISA 2018",2020,PISA,mathematics,Socioeconomic status (SES),SES_COMPOSITE,SES,standardized_beta,,positive,Math achievement (standardized test score; single plausible value),student,1.0,7233.0,False,False,medium
10.1016/j.ijedudev.2022.102657,Indiscipline: The school climate of Brazilian schools and the impact on student performance,2022,PISA,reading,Disciplinary climate index,SCHOOL_CLIMATE,school_climate,standardized_beta,,negative,Reading grade (PISA scale score),student,1.0,8343.0,False,False,medium
10.1016/j.ijedudev.2022.102657,Indiscipline: The school climate of Brazilian schools and the impact on student performance,2022,PISA,reading,Socioeconomic status (ESCS),SES_COMPOSITE,SES,standardized_beta,,positive,Reading grade (PISA scale score),student,1.0,8343.0,False,False,medium
10.1016/j.ijedudev.2022.102657,Indiscipline: The school climate of Brazilian schools and the impact on student performance,2022,PISA,reading,Teacher support,TEACHER_QUALITY,teacher_quality,standardized_beta,,positive,Reading grade (PISA scale score),student,1.0,8343.0,False,False,medium
10.1016/j.ijedudev.2022.102657,Indiscipline: The school climate of Brazilian schools and the impact on student performance,2022,PISA,reading,Sense of belonging,BELONGING,belonging,standardized_beta,,positive,Reading grade (PISA scale score),student,1.0,8343.0,False,False,medium
10.1016/j.ijedudev.2023.102757,"Technological resources, ICT use and schools efficiency in Latin America – Insights from OECD PISA 2018",2023,PISA,science,ICT resources index,ICT_ACCESS,ICT,other,,positive,science achievement,school,10.0,,False,False,medium
10.1016/j.ijedudev.2023.102757,"Technological resources, ICT use and schools efficiency in Latin America – Insights from OECD PISA 2018",2023,PISA,science,ICT use index,ICT_ACCESS,ICT,other,,mixed,science achievement,school,10.0,,False,False,medium
10.1016/j.ijedudev.2023.102757,"Technological resources, ICT use and schools efficiency in Latin America – Insights from OECD PISA 2018",2023,PISA,science,Admission: academic record,OTHER,school_resources,other,,positive,science achievement,school,10.0,,False,False,medium
10.1016/j.ijedudev.2024.102996,"Effects of individual attributes, family background, and school context on students’ global competence: Insights from the OECD PISA 2018",2024,PISA,other,Gender,GENDER,gender,standardized_beta,,negative,Global competence performance (WLE from 10 plausible values),student,6.0,,True,True,high
10.1016/j.ijedudev.2024.102996,"Effects of individual attributes, family background, and school context on students’ global competence: Insights from the OECD PISA 2018",2024,PISA,other,Global self-efficacy,SELF_EFFICACY,self_efficacy,standardized_beta,,positive,Global competence performance (WLE from 10 plausible values),student,6.0,,True,True,high
10.1016/j.ijedudev.2024.102996,"Effects of individual attributes, family background, and school context on students’ global competence: Insights from the OECD PISA 2018",2024,PISA,other,Family ESCS,SES_COMPOSITE,SES,standardized_beta,,positive,Global competence performance (WLE from 10 plausible values),student,6.0,,True,True,high
10.1016/j.ijedudev.2024.102996,"Effects of individual attributes, family background, and school context on students’ global competence: Insights from the OECD PISA 2018",2024,PISA,other,Teachers’ intercultural attitudes,OTHER,teacher_quality,standardized_beta,,positive,Global competence performance (WLE from 10 plausible values),school,6.0,,True,True,high
10.1016/j.ijedudev.2024.103028,Analysing ability grouping in secondary school: A way to improve academic performance and mitigate educational inequalities in Spain?,2024,PISA,other,Ability grouping (treatment),OTHER,other,other,,mixed,academic performance,student,1.0,,False,True,medium
10.1016/j.ijedudev.2024.103139,The influence of ICT competencies on English digital reading achievement,2024,PISA,reading,Socioeconomic status (SES),SES_COMPOSITE,SES,standardized_beta,0.282,positive,English digital reading achievement (PV1READ),student,3.0,7703.0,False,False,medium
10.1016/j.ijedudev.2024.103139,The influence of ICT competencies on English digital reading achievement,2024,PISA,reading,Gender,GENDER,gender,standardized_beta,-0.169,negative,English digital reading achievement (PV1READ),student,3.0,7703.0,False,False,medium
10.1016/j.ijedudev.2024.103139,The influence of ICT competencies on English digital reading achievement,2024,PISA,reading,Interest in ICT,MOTIVATION,ICT,standardized_beta,0.254,positive,English digital reading achievement (PV1READ),student,3.0,7703.0,False,False,medium
10.1016/j.ijedudev.2024.103139,The influence of ICT competencies on English digital reading achievement,2024,PISA,reading,ICT as social interaction topic,ICT_ACCESS,ICT,standardized_beta,-0.196,negative,English digital reading achievement (PV1READ),student,3.0,7703.0,False,False,medium
10.1016/j.ijedudev.2024.103139,The influence of ICT competencies on English digital reading achievement,2024,PISA,reading,Socioeconomic status (SES),SES_COMPOSITE,SES,standardized_beta,0.428,positive,English digital reading achievement (PV1READ),student,3.0,7703.0,False,False,medium
10.1016/j.ijedudev.2024.103139,The influence of ICT competencies on English digital reading achievement,2024,PISA,reading,Gender,GENDER,gender,standardized_beta,-0.164,negative,English digital reading achievement (PV1READ),student,3.0,7703.0,False,False,medium
10.1016/j.ijedudev.2024.103139,The influence of ICT competencies on English digital reading achievement,2024,PISA,reading,Interest in ICT,MOTIVATION,ICT,standardized_beta,0.06,,English digital reading achievement (PV1READ),student,3.0,7703.0,False,False,medium
10.1016/j.ijedudev.2024.103139,The influence of ICT competencies on English digital reading achievement,2024,PISA,reading,ICT as social interaction topic,ICT_ACCESS,ICT,standardized_beta,-0.21,negative,English digital reading achievement (PV1READ),student,3.0,7703.0,False,False,medium
10.1016/j.ijedudev.2024.103139,The influence of ICT competencies on English digital reading achievement,2024,PISA,reading,Socioeconomic status (SES),SES_COMPOSITE,SES,standardized_beta,0.348,positive,English digital reading achievement (PV1READ),student,3.0,7703.0,False,False,medium
10.1016/j.ijedudev.2024.103139,The influence of ICT competencies on English digital reading achievement,2024,PISA,reading,Gender,GENDER,gender,standardized_beta,-0.05,negative,English digital reading achievement (PV1READ),student,3.0,7703.0,False,False,medium
10.1016/j.ijedudev.2024.103139,The influence of ICT competencies on English digital reading achievement,2024,PISA,reading,Interest in ICT,MOTIVATION,ICT,standardized_beta,0.118,positive,English digital reading achievement (PV1READ),student,3.0,7703.0,False,False,medium
10.1016/j.ijedudev.2024.103139,The influence of ICT competencies on English digital reading achievement,2024,PISA,reading,ICT as social interaction topic,ICT_ACCESS,ICT,standardized_beta,-0.249,negative,English digital reading achievement (PV1READ),student,3.0,7703.0,False,False,medium
10.1016/j.ijedudev.2025.103203,"Predictors of students’ global competence in China, Germany, Turkey, and Mexico: A cross-cultural comparative study",2025,PISA,other,Cultural possessions (CULTPOS),SES_COMPOSITE,SES,standardized_beta,0.079,positive,Self-efficacy regarding global issues,student,4.0,25677.0,,False,medium
10.1016/j.ijedudev.2025.103203,"Predictors of students’ global competence in China, Germany, Turkey, and Mexico: A cross-cultural comparative study",2025,PISA,other,Perceived ICT competence,ICT_ACCESS,ICT,standardized_beta,0.067,positive,Self-efficacy regarding global issues,student,4.0,25677.0,,False,medium
10.1016/j.ijedudev.2025.103203,"Predictors of students’ global competence in China, Germany, Turkey, and Mexico: A cross-cultural comparative study",2025,PISA,other,Perception of co-operation,OTHER,school_climate,standardized_beta,0.072,positive,Self-efficacy regarding global issues,student,4.0,25677.0,,False,medium
10.1016/j.ijedudev.2025.103203,"Predictors of students’ global competence in China, Germany, Turkey, and Mexico: A cross-cultural comparative study",2025,PISA,other,Gender,GENDER,gender,standardized_beta,-0.139,mixed,Self-efficacy regarding global issues,student,4.0,25677.0,,False,medium
10.1016/j.ijedudev.2025.103203,"Predictors of students’ global competence in China, Germany, Turkey, and Mexico: A cross-cultural comparative study",2025,PISA,other,Exchange programme (EXCHPG),OTHER,school,standardized_beta,0.257,positive,Self-efficacy regarding global issues,student,2.0,12750.0,,False,medium
10.1016/j.ijedudev.2025.103203,"Predictors of students’ global competence in China, Germany, Turkey, and Mexico: A cross-cultural comparative study",2025,PISA,other,Gender,GENDER,gender,standardized_beta,-0.378,negative,Respect for people from other cultural backgrounds,student,4.0,25677.0,,False,medium
10.1016/j.ijedudev.2025.103203,"Predictors of students’ global competence in China, Germany, Turkey, and Mexico: A cross-cultural comparative study",2025,PISA,other,Perceived ICT competence,ICT_ACCESS,ICT,standardized_beta,-0.203,negative,Respect for people from other cultural backgrounds,student,4.0,25677.0,,False,medium
10.1016/j.ijedudev.2025.103203,"Predictors of students’ global competence in China, Germany, Turkey, and Mexico: A cross-cultural comparative study",2025,PISA,other,Perception of co-operation,OTHER,school_climate,standardized_beta,-0.198,negative,Respect for people from other cultural backgrounds,student,4.0,25677.0,,False,medium
10.1016/j.ijedudev.2025.103203,"Predictors of students’ global competence in China, Germany, Turkey, and Mexico: A cross-cultural comparative study",2025,PISA,other,Cultural possessions (CULTPOS),SES_COMPOSITE,SES,standardized_beta,-0.087,negative,Respect for people from other cultural backgrounds,student,3.0,18378.0,,False,medium
10.1016/j.ijedudev.2026.103546,Equity’s diverse pathways: How collectivism shapes the link between home possessions and scientific literacy,2026,PISA,science,Family wealth index,OTHER,SES,other,1.15,positive,Scientific literacy (PV1SCIE),student,37.0,230078.0,True,False,medium
10.1016/j.ijedudev.2026.103546,Equity’s diverse pathways: How collectivism shapes the link between home possessions and scientific literacy,2026,PISA,science,Cultural possessions index,SES_COMPOSITE,SES,other,4.89,positive,Scientific literacy (PV1SCIE),student,37.0,230078.0,True,False,medium
10.1016/j.ijedudev.2026.103546,Equity’s diverse pathways: How collectivism shapes the link between home possessions and scientific literacy,2026,PISA,science,Home educational resources,HOME_RESOURCES,SES,other,2.15,positive,Scientific literacy (PV1SCIE),student,37.0,230078.0,True,False,medium
10.1016/j.ijedudev.2026.103546,Equity’s diverse pathways: How collectivism shapes the link between home possessions and scientific literacy,2026,PISA,science,Books in the home,OTHER,SES,other,29.75,positive,Scientific literacy (PV1SCIE),student,37.0,230078.0,True,False,medium
10.1016/j.ijedudev.2026.103546,Equity’s diverse pathways: How collectivism shapes the link between home possessions and scientific literacy,2026,PISA,science,Latin America × Family wealth,OTHER,SES,other,3.06,positive,Scientific literacy (PV1SCIE),country,37.0,230078.0,True,False,medium
10.1016/j.ijedudev.2026.103546,Equity’s diverse pathways: How collectivism shapes the link between home possessions and scientific literacy,2026,PISA,science,Latin America × Cultural possessions,SES_COMPOSITE,SES,other,0.89,positive,Scientific literacy (PV1SCIE),country,37.0,230078.0,True,False,medium
10.1016/j.ijedudev.2026.103546,Equity’s diverse pathways: How collectivism shapes the link between home possessions and scientific literacy,2026,PISA,science,Latin America × Home educational resources,HOME_RESOURCES,SES,other,-4.41,negative,Scientific literacy (PV1SCIE),country,37.0,230078.0,True,False,medium
10.1016/j.ijedudev.2026.103546,Equity’s diverse pathways: How collectivism shapes the link between home possessions and scientific literacy,2026,PISA,science,Muslim world × Cultural possessions,SES_COMPOSITE,SES,other,-1.67,negative,Scientific literacy (PV1SCIE),country,37.0,230078.0,True,False,medium
10.1016/j.ijedudev.2026.103546,Equity’s diverse pathways: How collectivism shapes the link between home possessions and scientific literacy,2026,PISA,science,Muslim world × Books,OTHER,SES,other,-14.53,negative,Scientific literacy (PV1SCIE),country,37.0,230078.0,True,False,medium
10.1016/j.ijedudev.2026.103546,Equity’s diverse pathways: How collectivism shapes the link between home possessions and scientific literacy,2026,PISA,science,Muslim world × Home educational resources,HOME_RESOURCES,SES,other,-3.27,negative,Scientific literacy (PV1SCIE),country,37.0,230078.0,True,False,medium
10.1016/j.ijedudev.2026.103546,Equity’s diverse pathways: How collectivism shapes the link between home possessions and scientific literacy,2026,PISA,science,East & Southeast Asia × Family wealth,OTHER,SES,other,1.48,positive,Scientific literacy (PV1SCIE),country,37.0,230078.0,True,False,medium
10.1016/j.ijedudev.2026.103546,Equity’s diverse pathways: How collectivism shapes the link between home possessions and scientific literacy,2026,PISA,science,East & Southeast Asia × Home educational resources,HOME_RESOURCES,SES,other,-3.31,negative,Scientific literacy (PV1SCIE),country,37.0,230078.0,True,False,medium
10.1016/j.tate.2025.105034,1-s2.0-S0742051X25001106-main,2025,PISA,reading,Compict,ICT_ACCESS,ICT,other,,positive,Reading literacy (PISA 2018 PV1READ),student,52.0,248224.0,True,True,medium
10.1016/j.tate.2025.105034,1-s2.0-S0742051X25001106-main,2025,PISA,reading,Entuse,OTHER,ICT,other,,positive,Reading literacy (PISA 2018 PV1READ),student,52.0,248224.0,True,True,medium
10.1016/j.tate.2025.105034,1-s2.0-S0742051X25001106-main,2025,PISA,reading,Usesch,SES_COMPOSITE,ICT,other,,positive,Reading literacy (PISA 2018 PV1READ),student,52.0,248224.0,True,True,medium
10.1016/j.tate.2025.105034,1-s2.0-S0742051X25001106-main,2025,PISA,reading,Metaspam,OTHER,other,other,,positive,Reading literacy (PISA 2018 PV1READ),student,52.0,248224.0,True,True,medium
10.1016/j.tate.2025.105034,1-s2.0-S0742051X25001106-main,2025,PISA,mathematics,Homesch,OTHER,ICT,other,,positive,Mathematical literacy (PISA 2018 PV1MATH),student,52.0,248224.0,True,True,medium
10.1016/j.tate.2025.105034,1-s2.0-S0742051X25001106-main,2025,PISA,mathematics,Soiaict,ICT_ACCESS,ICT,other,,positive,Mathematical literacy (PISA 2018 PV1MATH),student,52.0,248224.0,True,True,medium
10.1016/j.tate.2025.105034,1-s2.0-S0742051X25001106-main,2025,PISA,mathematics,Entuse,OTHER,ICT,other,,positive,Mathematical literacy (PISA 2018 PV1MATH),student,52.0,248224.0,True,True,medium
10.1016/j.tate.2025.105034,1-s2.0-S0742051X25001106-main,2025,PISA,mathematics,Metaspam,OTHER,other,other,,positive,Mathematical literacy (PISA 2018 PV1MATH),student,52.0,248224.0,True,True,medium
10.1016/j.tate.2025.105034,1-s2.0-S0742051X25001106-main,2025,PISA,mathematics,Compict,ICT_ACCESS,ICT,other,,positive,Mathematical literacy (PISA 2018 PV1MATH),student,52.0,248224.0,True,True,medium
10.1016/j.tate.2025.105034,1-s2.0-S0742051X25001106-main,2025,PISA,science,Homesch,OTHER,ICT,other,,positive,Scientific literacy (PISA 2018 PV1SCIE),student,52.0,248224.0,True,True,medium
10.1016/j.tate.2025.105034,1-s2.0-S0742051X25001106-main,2025,PISA,science,Compict,ICT_ACCESS,ICT,other,,positive,Scientific literacy (PISA 2018 PV1SCIE),student,52.0,248224.0,True,True,medium
10.1016/j.tate.2025.105034,1-s2.0-S0742051X25001106-main,2025,PISA,science,Soiaict,ICT_ACCESS,ICT,other,,positive,Scientific literacy (PISA 2018 PV1SCIE),student,52.0,248224.0,True,True,medium
10.1016/j.tate.2025.105034,1-s2.0-S0742051X25001106-main,2025,PISA,science,Entuse,OTHER,ICT,other,,positive,Scientific literacy (PISA 2018 PV1SCIE),student,52.0,248224.0,True,True,medium
10.1016/j.tate.2025.105034,1-s2.0-S0742051X25001106-main,2025,PISA,science,Metaspam,OTHER,other,other,,positive,Scientific literacy (PISA 2018 PV1SCIE),student,52.0,248224.0,True,True,medium
10.1016/j.tate.2025.105363,A social network analysis of student-perceived teaching practices in top-performing countries and regions in reading literacy: Insights from PISA 2018,2026,PISA,reading,Teacher support (perception),TEACHER_QUALITY,teacher_quality,other,0.9,positive,Teaching-practice centrality (strength centrality),country,16.0,16000.0,False,False,medium
10.1016/j.tate.2025.105363,A social network analysis of student-perceived teaching practices in top-performing countries and regions in reading literacy: Insights from PISA 2018,2026,PISA,reading,Teacher enthusiasm (reading),TEACHER_QUALITY,teacher_quality,other,0.83,positive,Teaching-practice centrality (strength centrality),country,16.0,16000.0,False,False,medium
10.1016/j.tate.2025.105363,A social network analysis of student-perceived teaching practices in top-performing countries and regions in reading literacy: Insights from PISA 2018,2026,PISA,reading,Cognitive stimulation (reading),OTHER,teacher_quality,other,0.8,positive,Teaching-practice centrality (strength centrality),country,16.0,16000.0,False,False,medium
10.1016/j.tate.2025.105363,A social network analysis of student-perceived teaching practices in top-performing countries and regions in reading literacy: Insights from PISA 2018,2026,PISA,reading,Adaptive instruction (reading),OTHER,teacher_quality,other,0.74,positive,Teaching-practice centrality (strength centrality),country,16.0,16000.0,False,False,medium
10.1016/j.tate.2025.105363,A social network analysis of student-perceived teaching practices in top-performing countries and regions in reading literacy: Insights from PISA 2018,2026,PISA,reading,Disciplinary climate (perception),SCHOOL_CLIMATE,school_climate,other,0.32,positive,Teaching-practice centrality (strength centrality),country,16.0,16000.0,False,False,medium
10.1016/j.ijer.2020.101715,1-s2.0-S0883035520318218-main,2021,PISA,mathematics,SES + home possessions (SESHP),SES_COMPOSITE,SES,standardized_beta,0.31,positive,Mathematics achievement (average of first three plausible values),student,1.0,2968.0,True,False,medium
10.1016/j.ijer.2020.101715,1-s2.0-S0883035520318218-main,2021,PISA,mathematics,Parent education,OTHER,parental_education,standardized_beta,0.09,positive,Mathematics achievement (average of first three plausible values),student,1.0,2968.0,True,False,medium
10.1016/j.ijer.2020.101715,1-s2.0-S0883035520318218-main,2021,PISA,mathematics,Teacher support,TEACHER_QUALITY,teacher_quality,standardized_beta,0.1,positive,Mathematics achievement (average of first three plausible values),student,1.0,2968.0,True,False,medium
10.1016/j.ijer.2020.101715,1-s2.0-S0883035520318218-main,2021,PISA,mathematics,Parent education,OTHER,parental_education,standardized_beta,0.2,positive,Mathematics achievement (average of first three plausible values),student,1.0,2968.0,True,False,medium
10.1016/j.ijer.2020.101715,1-s2.0-S0883035520318218-main,2021,PISA,mathematics,SES + home possessions (SESHP),SES_COMPOSITE,SES,standardized_beta,-0.06,negative,Mathematics achievement (average of first three plausible values),student,1.0,2968.0,True,False,medium
10.1016/j.ijer.2020.101715,1-s2.0-S0883035520318218-main,2021,PISA,mathematics,Teacher support,TEACHER_QUALITY,teacher_quality,standardized_beta,-0.01,negative,Mathematics achievement (average of first three plausible values),student,1.0,2968.0,True,False,medium
10.1016/j.ijer.2021.101803,The relationship between cultural capital and the students’ perception of feedback across 75 countries: Evidence from PISA 2018,2021,PISA,other,Cultural Capital,OTHER,SES,standardized_beta,0.15,positive,PERFEED,student,75.0,2018.0,,True,medium
10.1016/j.ijer.2021.101864,Need supportive teaching is associated with greater reading achievement: What the Philippines can learn from PISA 2018,2021,PISA,reading,Need supportive teaching (NST),OTHER,teacher_quality,standardized_beta,18.2,positive,Reading achievement (Rasch-scaled score),student,1.0,7050.0,,False,medium
10.1016/j.ijer.2021.101864,Need supportive teaching is associated with greater reading achievement: What the Philippines can learn from PISA 2018,2021,PISA,reading,Gender (female vs male),GENDER,gender,other,,,Reading achievement (Rasch-scaled score),student,1.0,7050.0,,False,medium
10.1016/j.ijer.2021.101864,Need supportive teaching is associated with greater reading achievement: What the Philippines can learn from PISA 2018,2021,PISA,reading,Family socioeconomic status (ESCS),SES_COMPOSITE,SES,other,,,Reading achievement (Rasch-scaled score),student,1.0,7050.0,,False,medium
10.1016/j.ijer.2021.101864,Need supportive teaching is associated with greater reading achievement: What the Philippines can learn from PISA 2018,2021,PISA,reading,School mean socioeconomic status,SES_COMPOSITE,SES,other,,,Reading achievement (Rasch-scaled score),school,1.0,7050.0,,False,medium
10.1016/j.ijer.2021.101912,ICT and Digital Reading Achievement: A Cross-national Comparison using PISA 2018 Data,2022,PISA,reading,Frequency of using digital devices,ICT_ACCESS,ICT,other,-25.23,negative,Digital reading achievement,student,3.0,3645.0,True,True,high
10.1016/j.ijer.2021.101912,ICT and Digital Reading Achievement: A Cross-national Comparison using PISA 2018 Data,2022,PISA,reading,Attitude toward digital devices,ICT_ACCESS,ICT,other,20.22,positive,Digital reading achievement,student,3.0,3645.0,True,True,high
10.1016/j.ijer.2021.101912,ICT and Digital Reading Achievement: A Cross-national Comparison using PISA 2018 Data,2022,PISA,reading,Frequency of reading on digital devices,ICT_ACCESS,ICT,other,8.72,positive,Digital reading achievement,student,3.0,3645.0,True,True,high
10.1016/j.ijer.2021.101912,ICT and Digital Reading Achievement: A Cross-national Comparison using PISA 2018 Data,2022,PISA,reading,"Economic, social and cultural status (ESCS)",SES_COMPOSITE,SES,other,,positive,Digital reading achievement,student,3.0,3645.0,True,True,high
10.1016/j.ijer.2021.101912,ICT and Digital Reading Achievement: A Cross-national Comparison using PISA 2018 Data,2022,PISA,reading,Availability of digital devices at home,ICT_ACCESS,ICT,other,,positive,Digital reading achievement,student,3.0,3645.0,True,True,high
10.1016/j.ijer.2023.102202,"Reading instruction and reading engagement and their relationship with Chinese students’ PISA reading performance: Evidence from B-S-J-Z, Hong Kong, and Chinese Taipei",2023,PISA,reading,Disciplinary climate,SCHOOL_CLIMATE,school_climate,standardized_beta,,positive,Reading achievement (PISA 2018 reading literacy score),student,3.0,25338.0,,False,medium
10.1016/j.ijer.2023.102202,"Reading instruction and reading engagement and their relationship with Chinese students’ PISA reading performance: Evidence from B-S-J-Z, Hong Kong, and Chinese Taipei",2023,PISA,reading,Teacher support,TEACHER_QUALITY,teacher_quality,standardized_beta,,positive,Reading achievement (PISA 2018 reading literacy score),student,3.0,25338.0,,False,medium
10.1016/j.ijer.2023.102202,"Reading instruction and reading engagement and their relationship with Chinese students’ PISA reading performance: Evidence from B-S-J-Z, Hong Kong, and Chinese Taipei",2023,PISA,reading,Teacher-directed instruction,TEACHER_QUALITY,teacher_quality,standardized_beta,,negative,Reading achievement (PISA 2018 reading literacy score),student,3.0,25338.0,,False,medium
10.1016/j.ijer.2023.102202,"Reading instruction and reading engagement and their relationship with Chinese students’ PISA reading performance: Evidence from B-S-J-Z, Hong Kong, and Chinese Taipei",2023,PISA,reading,Metacognition of assessing credibility,SES_COMPOSITE,motivation,standardized_beta,,positive,Reading achievement (PISA 2018 reading literacy score),student,3.0,25338.0,,False,medium
10.1016/j.ijer.2023.102202,"Reading instruction and reading engagement and their relationship with Chinese students’ PISA reading performance: Evidence from B-S-J-Z, Hong Kong, and Chinese Taipei",2023,PISA,reading,Perceived reading difficulty,OTHER,motivation,standardized_beta,,negative,Reading achievement (PISA 2018 reading literacy score),student,3.0,25338.0,,False,medium
10.1016/j.ijer.2023.102310,How teachers’ enthusiasm influences Chinese students’ school belonging: The mediation role of teaching practices,2024,PISA,other,Teacher enthusiasm,TEACHER_QUALITY,teacher_quality,standardized_beta,0.272,positive,School belonging (SCHBLNG; WLE score),student,1.0,12057.0,,False,medium
10.1016/j.ijer.2023.102310,How teachers’ enthusiasm influences Chinese students’ school belonging: The mediation role of teaching practices,2024,PISA,other,Teacher enthusiasm,TEACHER_QUALITY,teacher_quality,standardized_beta,0.179,positive,School belonging (SCHBLNG; WLE score),student,1.0,12057.0,,False,medium
10.1016/j.ijer.2023.102310,How teachers’ enthusiasm influences Chinese students’ school belonging: The mediation role of teaching practices,2024,PISA,other,Teacher support,TEACHER_QUALITY,teacher_quality,standardized_beta,0.061,positive,School belonging (SCHBLNG; WLE score),student,1.0,12057.0,,False,medium
10.1016/j.ijer.2023.102310,How teachers’ enthusiasm influences Chinese students’ school belonging: The mediation role of teaching practices,2024,PISA,other,Perceived teacher feedback,TEACHER_QUALITY,teacher_quality,standardized_beta,0.062,positive,School belonging (SCHBLNG; WLE score),student,1.0,12057.0,,False,medium
10.1016/j.ijer.2023.102310,How teachers’ enthusiasm influences Chinese students’ school belonging: The mediation role of teaching practices,2024,PISA,other,Teacher-directed instruction,TEACHER_QUALITY,teacher_quality,standardized_beta,0.044,positive,School belonging (SCHBLNG; WLE score),student,1.0,12057.0,,False,medium
10.1016/j.ijer.2023.102310,How teachers’ enthusiasm influences Chinese students’ school belonging: The mediation role of teaching practices,2024,PISA,other,Adaptivity of instruction,OTHER,teacher_quality,standardized_beta,0.023,,School belonging (SCHBLNG; WLE score),student,1.0,12057.0,,False,medium
10.1016/j.ijer.2024.102438,Does the relationship between competitiveness and student achievement vary based on the culture of competitiveness? Evidence from PISA 2018,2024,PISA,mathematics,competitiveness,OTHER,motivation,standardized_beta,0.15,positive,mathematics achievement,student,57.0,436343.0,True,True,high
10.1016/j.ijer.2024.102438,Does the relationship between competitiveness and student achievement vary based on the culture of competitiveness? Evidence from PISA 2018,2024,PISA,mathematics,ESCS,SES_COMPOSITE,SES,standardized_beta,0.3,positive,mathematics achievement,student,57.0,436343.0,True,True,high
10.1016/j.ijer.2024.102438,Does the relationship between competitiveness and student achievement vary based on the culture of competitiveness? Evidence from PISA 2018,2024,PISA,mathematics,teacher_support,OTHER,teacher_quality,standardized_beta,0.1,positive,mathematics achievement,student,57.0,436343.0,True,True,high
10.1016/j.ijer.2024.102438,Does the relationship between competitiveness and student achievement vary based on the culture of competitiveness? Evidence from PISA 2018,2024,PISA,mathematics,school_average_escs,SES_COMPOSITE,SES,standardized_beta,0.25,positive,mathematics achievement,school,57.0,436343.0,True,True,high
10.1016/j.ijer.2024.102438,Does the relationship between competitiveness and student achievement vary based on the culture of competitiveness? Evidence from PISA 2018,2024,PISA,mathematics,student_staff_ratio,OTHER,school_resources,standardized_beta,-0.05,negative,mathematics achievement,school,57.0,436343.0,True,True,high
10.1016/j.ijer.2024.102440,PISA Maths-Reading index and its relationship with gender and levels of performance,2024,PISA,other,Gender,GENDER,gender,r_correlation,0.12,positive,PISA Maths-Reading index,student,1.0,35943.0,True,True,high
10.1016/j.ijer.2025.102646,Bridging Between Us and Them: Cultivating inclusive attitudes toward immigrants through global citizenship education and intergroup contact in South Korea,2025,PISA,other,GCE exposure (types count),OTHER,other,standardized_beta,0.295,positive,Inclusive attitudes toward immigrants (IATI),student,1.0,6570.0,,True,medium
10.1016/j.ijer.2025.102646,Bridging Between Us and Them: Cultivating inclusive attitudes toward immigrants through global citizenship education and intergroup contact in South Korea,2025,PISA,other,Intergroup contact in school,OTHER,other,standardized_beta,-0.182,negative,Inclusive attitudes toward immigrants (IATI),student,1.0,6570.0,,True,medium
10.1016/j.ijer.2025.102646,Bridging Between Us and Them: Cultivating inclusive attitudes toward immigrants through global citizenship education and intergroup contact in South Korea,2025,PISA,other,Intergroup contact in community,OTHER,other,standardized_beta,0.087,,Inclusive attitudes toward immigrants (IATI),student,1.0,6570.0,,True,medium
10.1016/j.ijer.2025.102646,Bridging Between Us and Them: Cultivating inclusive attitudes toward immigrants through global citizenship education and intergroup contact in South Korea,2025,PISA,other,Socioeconomic status (SES),SES_COMPOSITE,SES,standardized_beta,0.06,positive,Inclusive attitudes toward immigrants (IATI),student,1.0,6570.0,,True,medium
10.1016/j.ijer.2025.102646,Bridging Between Us and Them: Cultivating inclusive attitudes toward immigrants through global citizenship education and intergroup contact in South Korea,2025,PISA,other,Sex,GENDER,gender,standardized_beta,0.14,positive,Inclusive attitudes toward immigrants (IATI),student,1.0,6570.0,,True,medium
10.1016/j.ijer.2025.102646,Bridging Between Us and Them: Cultivating inclusive attitudes toward immigrants through global citizenship education and intergroup contact in South Korea,2025,PISA,other,Reading newspaper frequency,OTHER,other,standardized_beta,,,Inclusive attitudes toward immigrants (IATI),student,1.0,6570.0,,True,medium
10.1016/j.ijer.2025.102646,Bridging Between Us and Them: Cultivating inclusive attitudes toward immigrants through global citizenship education and intergroup contact in South Korea,2025,PISA,other,Reading online news frequency,OTHER,other,standardized_beta,0.046,positive,Inclusive attitudes toward immigrants (IATI),student,1.0,6570.0,,True,medium
10.1016/j.ijer.2025.102707,Competition or cooperation: Which is better for students’ academic performance? A multi‑level analysis across cultures based on PISA 2018,2025,PISA,other,competition,OTHER,other,standardized_beta,0.12,positive,academic_performance,student,79.0,576142.0,True,False,medium
10.1016/j.ijer.2025.102707,Competition or cooperation: Which is better for students’ academic performance? A multi‑level analysis across cultures based on PISA 2018,2025,PISA,other,cooperation,OTHER,other,standardized_beta,-0.08,negative,academic_performance,student,79.0,576142.0,True,False,medium
10.1016/j.ijer.2025.102707,Competition or cooperation: Which is better for students’ academic performance? A multi‑level analysis across cultures based on PISA 2018,2025,PISA,other,ESCS,SES_COMPOSITE,SES,standardized_beta,0.3,positive,academic_performance,student,79.0,576142.0,True,False,medium
10.1016/j.ijer.2025.102707,Competition or cooperation: Which is better for students’ academic performance? A multi‑level analysis across cultures based on PISA 2018,2025,PISA,other,school_climate,OTHER,school_climate,standardized_beta,0.15,positive,academic_performance,school,79.0,576142.0,True,False,medium
10.1016/j.learninstruc.2024.101874,Growth mindset mediates perceptions of teachers' and parents' process feedback in digital reading performance: Evidence from 32 OECD countries,2024,PISA,reading,Teacher process feedback,OTHER,teacher_quality,standardized_beta,0.134,positive,Digital reading literacy (PV1READ),student,32.0,250912.0,True,True,medium
10.1016/j.learninstruc.2024.101874,Growth mindset mediates perceptions of teachers' and parents' process feedback in digital reading performance: Evidence from 32 OECD countries,2024,PISA,reading,Parent process feedback,OTHER,SES,standardized_beta,0.2,positive,Digital reading literacy (PV1READ),student,32.0,250912.0,True,True,medium
10.1016/j.learninstruc.2024.101874,Growth mindset mediates perceptions of teachers' and parents' process feedback in digital reading performance: Evidence from 32 OECD countries,2024,PISA,reading,Growth mindset,OTHER,motivation,standardized_beta,0.392,positive,Digital reading literacy (PV1READ),student,32.0,250912.0,True,True,medium
10.1016/j.learninstruc.2024.101879,Do intercultural education and attitudes promote student wellbeing and social outcomes? An examination across PISA countries,2024,PISA,other,Student intercultural education practices,OTHER,other,standardized_beta,0.12,positive,Eudaimonia (PISA scale score),student,80.0,,,True,medium
10.1016/j.learninstruc.2024.101879,Do intercultural education and attitudes promote student wellbeing and social outcomes? An examination across PISA countries,2024,PISA,other,Principal intercultural education practices,OTHER,other,standardized_beta,-0.01,negative,Eudaimonia (PISA scale score),school,80.0,,,True,medium
10.1016/j.learninstruc.2024.101879,Do intercultural education and attitudes promote student wellbeing and social outcomes? An examination across PISA countries,2024,PISA,other,Student-reported teacher attitudes,OTHER,teacher_quality,standardized_beta,-0.04,negative,Eudaimonia (PISA scale score),student,80.0,,,True,medium
10.1016/j.learninstruc.2024.101879,Do intercultural education and attitudes promote student wellbeing and social outcomes? An examination across PISA countries,2024,PISA,other,Teacher self-reported attitudes,OTHER,teacher_quality,standardized_beta,-0.01,,Eudaimonia (PISA scale score),teacher,80.0,,,True,medium
10.1016/j.learninstruc.2024.101879,Do intercultural education and attitudes promote student wellbeing and social outcomes? An examination across PISA countries,2024,PISA,other,Student intercultural education practices,OTHER,other,standardized_beta,0.11,positive,Life satisfaction (PISA scale score),student,80.0,,,True,medium
10.1016/j.learninstruc.2024.101879,Do intercultural education and attitudes promote student wellbeing and social outcomes? An examination across PISA countries,2024,PISA,other,Principal intercultural education practices,OTHER,other,standardized_beta,0.0,,Life satisfaction (PISA scale score),school,80.0,,,True,medium
10.1016/j.learninstruc.2024.101879,Do intercultural education and attitudes promote student wellbeing and social outcomes? An examination across PISA countries,2024,PISA,other,Student-reported teacher attitudes,OTHER,teacher_quality,standardized_beta,0.04,positive,Life satisfaction (PISA scale score),student,80.0,,,True,medium
10.1016/j.learninstruc.2024.101879,Do intercultural education and attitudes promote student wellbeing and social outcomes? An examination across PISA countries,2024,PISA,other,Teacher self-reported attitudes,OTHER,teacher_quality,standardized_beta,0.01,,Life satisfaction (PISA scale score),teacher,80.0,,,True,medium
10.1016/j.lindif.2020.101947,"Perceived teacher support, self-concept, enjoyment and achievement in reading: A multilevel mediation model based on PISA 2018",2021,PISA,reading,Student-perceived teacher support (student level),TEACHER_QUALITY,teacher_quality,other,5.511,positive,Reading literacy (PISA 2018),student,1.0,12058.0,True,True,medium
10.1016/j.lindif.2020.101947,"Perceived teacher support, self-concept, enjoyment and achievement in reading: A multilevel mediation model based on PISA 2018",2021,PISA,reading,Student-perceived teacher support (school level),TEACHER_QUALITY,teacher_quality,other,,,Reading literacy (PISA 2018),school,1.0,12058.0,True,True,medium
10.1016/j.lindif.2020.101947,"Perceived teacher support, self-concept, enjoyment and achievement in reading: A multilevel mediation model based on PISA 2018",2021,PISA,reading,Reading enjoyment,MOTIVATION,motivation,other,23.999,positive,Reading literacy (PISA 2018),student,1.0,12058.0,True,True,medium
10.1016/j.lindif.2020.101947,"Perceived teacher support, self-concept, enjoyment and achievement in reading: A multilevel mediation model based on PISA 2018",2021,PISA,reading,Reading self-concept,SELF_EFFICACY,self_efficacy,other,18.073,positive,Reading literacy (PISA 2018),student,1.0,12058.0,True,True,medium
10.1016/j.lindif.2021.102051,Need-supportive teaching is positively associated with students' well-being: A cross-cultural study,2021,PISA,other,need_supportive_teaching,OTHER,teacher_quality,standardized_beta,0.25,positive,students_well_being,student,70.0,513295.0,,False,medium
10.1016/j.lindif.2022.102161,Need-supportive teaching is associated with reading achievement via intrinsic motivation across eight cultures,2022,PISA,reading,Reading intrinsic motivation,MOTIVATION,motivation,standardized_beta,0.33,positive,Reading achievement (Plausible Values),student,76.0,578168.0,True,True,high
10.1016/j.lindif.2022.102161,Need-supportive teaching is associated with reading achievement via intrinsic motivation across eight cultures,2022,PISA,reading,Need-supportive teaching (NST),OTHER,teacher_quality,standardized_beta,0.02,mixed,Reading achievement (Plausible Values),student,76.0,578168.0,True,True,high
10.1016/j.lindif.2022.102161,Need-supportive teaching is associated with reading achievement via intrinsic motivation across eight cultures,2022,PISA,reading,Need-supportive teaching (NST) ➔ Reading intrinsic motivation ➔ Reading achievement,MOTIVATION,teacher_quality,standardized_beta,0.05,positive,Reading achievement (Plausible Values),student,76.0,578168.0,True,True,high
10.1016/j.lindif.2023.102344,Students' and schools' expectancy-value beliefs are associated with reading achievement: A cross-cultural study,2023,PISA,reading,Reading self-concept item 1,SELF_EFFICACY,motivation,standardized_beta,0.33,positive,Reading achievement (Plausible Values),student,6.0,41872.0,True,True,high
10.1016/j.lindif.2023.102344,Students' and schools' expectancy-value beliefs are associated with reading achievement: A cross-cultural study,2023,PISA,reading,Intrinsic value item 1,OTHER,motivation,standardized_beta,0.29,positive,Reading achievement (Plausible Values),student,6.0,41872.0,True,True,high
10.1016/j.lindif.2023.102344,Students' and schools' expectancy-value beliefs are associated with reading achievement: A cross-cultural study,2023,PISA,reading,Socioeconomic status (ESCS),SES_COMPOSITE,SES,standardized_beta,,positive,Reading achievement (Plausible Values),student,6.0,41872.0,True,True,high
10.1016/j.lindif.2023.102344,Students' and schools' expectancy-value beliefs are associated with reading achievement: A cross-cultural study,2023,PISA,reading,Gender,GENDER,gender,standardized_beta,,positive,Reading achievement (Plausible Values),student,6.0,41872.0,True,True,high
10.1016/j.lindif.2023.102344,Students' and schools' expectancy-value beliefs are associated with reading achievement: A cross-cultural study,2023,PISA,reading,Home language use,AGE_GRADE,other,standardized_beta,,positive,Reading achievement (Plausible Values),student,6.0,41872.0,True,True,high
10.1016/j.lindif.2023.102344,Students' and schools' expectancy-value beliefs are associated with reading achievement: A cross-cultural study,2023,PISA,reading,Reading self-concept item 1,SELF_EFFICACY,motivation,standardized_beta,0.41,positive,Reading achievement (Plausible Values),student,5.0,61755.0,True,True,high
10.1016/j.lindif.2023.102344,Students' and schools' expectancy-value beliefs are associated with reading achievement: A cross-cultural study,2023,PISA,reading,Intrinsic value item 1,OTHER,motivation,standardized_beta,0.36,positive,Reading achievement (Plausible Values),student,5.0,61755.0,True,True,high
10.1016/j.lindif.2023.102344,Students' and schools' expectancy-value beliefs are associated with reading achievement: A cross-cultural study,2023,PISA,reading,Socioeconomic status (ESCS),SES_COMPOSITE,SES,standardized_beta,,positive,Reading achievement (Plausible Values),student,5.0,61755.0,True,True,high
10.1016/j.lindif.2023.102344,Students' and schools' expectancy-value beliefs are associated with reading achievement: A cross-cultural study,2023,PISA,reading,Gender,GENDER,gender,standardized_beta,,positive,Reading achievement (Plausible Values),student,5.0,61755.0,True,True,high
10.1016/j.lindif.2023.102344,Students' and schools' expectancy-value beliefs are associated with reading achievement: A cross-cultural study,2023,PISA,reading,Immigrant status,SES_COMPOSITE,other,standardized_beta,,positive,Reading achievement (Plausible Values),student,5.0,61755.0,True,True,high
10.1016/j.lindif.2024.102441,Female students and students from more affluent families benefit more from fear of failure in learning achievements: A study based on 77 economies,2024,PISA,mathematics,Fear of failure (worry others),OTHER,anxiety,standardized_beta,0.05,positive,Mathematics achievement (PISA 2018 PV),student,77.0,536741.0,False,False,medium
10.1016/j.lindif.2024.102441,Female students and students from more affluent families benefit more from fear of failure in learning achievements: A study based on 77 economies,2024,PISA,mathematics,Socioeconomic status (ESCS),SES_COMPOSITE,SES,standardized_beta,0.38,positive,Mathematics achievement (PISA 2018 PV),student,77.0,536741.0,False,False,medium
10.1016/j.lindif.2024.102441,Female students and students from more affluent families benefit more from fear of failure in learning achievements: A study based on 77 economies,2024,PISA,mathematics,Gender,GENDER,gender,standardized_beta,0.08,positive,Mathematics achievement (PISA 2018 PV),student,77.0,536741.0,False,False,medium
10.1016/j.lindif.2024.102441,Female students and students from more affluent families benefit more from fear of failure in learning achievements: A study based on 77 economies,2024,PISA,reading,Fear of failure (worry others),OTHER,anxiety,standardized_beta,0.07,positive,Reading achievement (PISA 2018 PV),student,77.0,536741.0,False,False,medium
10.1016/j.lindif.2024.102441,Female students and students from more affluent families benefit more from fear of failure in learning achievements: A study based on 77 economies,2024,PISA,reading,Socioeconomic status (ESCS),SES_COMPOSITE,SES,standardized_beta,0.37,positive,Reading achievement (PISA 2018 PV),student,77.0,536741.0,False,False,medium
10.1016/j.lindif.2024.102441,Female students and students from more affluent families benefit more from fear of failure in learning achievements: A study based on 77 economies,2024,PISA,reading,Gender,GENDER,gender,standardized_beta,-0.24,negative,Reading achievement (PISA 2018 PV),student,77.0,536741.0,False,False,medium
10.1016/j.lindif.2024.102441,Female students and students from more affluent families benefit more from fear of failure in learning achievements: A study based on 77 economies,2024,PISA,science,Fear of failure (worry others),OTHER,anxiety,standardized_beta,0.06,positive,Science achievement (PISA 2018 PV),student,77.0,536741.0,False,False,medium
10.1016/j.lindif.2024.102441,Female students and students from more affluent families benefit more from fear of failure in learning achievements: A study based on 77 economies,2024,PISA,science,Socioeconomic status (ESCS),SES_COMPOSITE,SES,standardized_beta,0.37,positive,Science achievement (PISA 2018 PV),student,77.0,536741.0,False,False,medium
10.1016/j.lindif.2024.102441,Female students and students from more affluent families benefit more from fear of failure in learning achievements: A study based on 77 economies,2024,PISA,science,Gender,GENDER,gender,standardized_beta,0.003,,Science achievement (PISA 2018 PV),student,77.0,536741.0,False,False,medium
10.1016/j.lindif.2025.102722,The issue of test-taking motivation in low- and high-stakes tests: are students underachieving in PISA?,2025,PISA,reading,Test-taking effort (TTE),OTHER,motivation,standardized_beta,0.15,positive,PISA reading achievement (plausible values),student,1.0,4919.0,True,True,high
10.1016/j.lindif.2025.102722,The issue of test-taking motivation in low- and high-stakes tests: are students underachieving in PISA?,2025,PISA,reading,National test grade (reading),AGE_GRADE,prior_achievement,standardized_beta,0.65,positive,PISA reading achievement (plausible values),student,1.0,4919.0,True,True,high
10.1016/j.lindif.2025.102722,The issue of test-taking motivation in low- and high-stakes tests: are students underachieving in PISA?,2025,PISA,reading,Test-taking effort (TTE) × National test grade (reading),AGE_GRADE,other,standardized_beta,0.05,positive,PISA reading achievement (plausible values),student,1.0,4919.0,True,True,high
10.1016/j.lindif.2025.102722,The issue of test-taking motivation in low- and high-stakes tests: are students underachieving in PISA?,2025,PISA,reading,Model R2,OTHER,other,R2,0.446,positive,PISA reading achievement (plausible values),student,1.0,4919.0,True,True,high
10.1016/j.ijedro.2021.100087,Mind the gap: Examining migrant-native disparities in reading performance and subjective wellbeing among 15-year-old students in different education systems,2021,PISA,reading,Migration status,OTHER,other,other,-12.82,negative,Reading performance (mean of 10 plausible values),student,15.0,94716.0,True,False,medium
10.1016/j.ijedro.2021.100087,Mind the gap: Examining migrant-native disparities in reading performance and subjective wellbeing among 15-year-old students in different education systems,2021,PISA,reading,Grade repetition,PRIOR_ACHIEVEMENT,other,R2,0.28,negative,Reading performance (mean of 10 plausible values),student,15.0,94716.0,True,False,medium
10.1016/j.ijedro.2021.100087,Mind the gap: Examining migrant-native disparities in reading performance and subjective wellbeing among 15-year-old students in different education systems,2021,PISA,reading,Language use at home,AGE_GRADE,other,R2,0.28,negative,Reading performance (mean of 10 plausible values),student,15.0,94716.0,True,False,medium
10.1016/j.ijedro.2021.100087,Mind the gap: Examining migrant-native disparities in reading performance and subjective wellbeing among 15-year-old students in different education systems,2021,PISA,reading,ESCS,SES_COMPOSITE,SES,R2,0.28,positive,Reading performance (mean of 10 plausible values),student,15.0,94716.0,True,False,medium
10.1016/j.ijedro.2021.100087,Mind the gap: Examining migrant-native disparities in reading performance and subjective wellbeing among 15-year-old students in different education systems,2021,PISA,reading,Gender,GENDER,gender,R2,0.28,mixed,Reading performance (mean of 10 plausible values),student,15.0,94716.0,True,False,medium
10.1016/j.ijedro.2025.100554,"Students’ reading enjoyment as a multilevel mediator of the relationship between parental reading enjoyment, teachers’ stimulation of reading, ICT factors, and reading literacy",2026,PISA,reading,Parents’ reading enjoyment,MOTIVATION,SES,other,10.079,positive,Reading literacy (Plausible Values),student,1.0,6650.0,True,True,high
10.1016/j.ijedro.2025.100554,"Students’ reading enjoyment as a multilevel mediator of the relationship between parental reading enjoyment, teachers’ stimulation of reading, ICT factors, and reading literacy",2026,PISA,reading,Students’ ICT interest,MOTIVATION,ICT,other,36.109,positive,Reading literacy (Plausible Values),student,1.0,6650.0,True,True,high
10.1016/j.ijedro.2025.100554,"Students’ reading enjoyment as a multilevel mediator of the relationship between parental reading enjoyment, teachers’ stimulation of reading, ICT factors, and reading literacy",2026,PISA,reading,Students’ reading enjoyment,MOTIVATION,motivation,other,42.753,positive,Reading literacy (Plausible Values),student,1.0,6650.0,True,True,high
10.1016/j.ijedro.2025.100554,"Students’ reading enjoyment as a multilevel mediator of the relationship between parental reading enjoyment, teachers’ stimulation of reading, ICT factors, and reading literacy",2026,PISA,reading,Teachers’ stimulation of reading,OTHER,teacher_quality,other,,positive,Reading literacy (Plausible Values),school,1.0,6650.0,True,True,high
10.1016/j.ijedro.2025.100554,"Students’ reading enjoyment as a multilevel mediator of the relationship between parental reading enjoyment, teachers’ stimulation of reading, ICT factors, and reading literacy",2026,PISA,reading,Schools’ ICT capacity,ICT_ACCESS,ICT,other,-16.064,negative,Reading literacy (Plausible Values),school,1.0,6650.0,True,True,high
10.1016/j.caeo.2023.100141,Examining student ICT use and learning outcomes: Evidence from Japanese PISA data,2023,PISA,reading,Perceived ICT competence,ICT_ACCESS,ICT,standardized_beta,,positive,Reading achievement (PVs),student,1.0,6109.0,True,True,high
10.1016/j.caeo.2023.100141,Examining student ICT use and learning outcomes: Evidence from Japanese PISA data,2023,PISA,reading,ICT use outside of school for leisure (ENTUSE),ICT_ACCESS,ICT,standardized_beta,,negative,Reading achievement (PVs),student,1.0,6109.0,True,True,high
10.1016/j.caeo.2023.100141,Examining student ICT use and learning outcomes: Evidence from Japanese PISA data,2023,PISA,reading,Subject-related ICT use during lessons (ICTCLASS),ICT_ACCESS,ICT,standardized_beta,,positive,Reading achievement (PVs),student,1.0,6109.0,True,True,high
10.1016/j.caeo.2023.100141,Examining student ICT use and learning outcomes: Evidence from Japanese PISA data,2023,PISA,reading,Subject-related ICT use outside lessons (ICTOUTSIDE),ICT_ACCESS,ICT,standardized_beta,,positive,Reading achievement (PVs),student,1.0,6109.0,True,True,high
10.1016/j.caeo.2023.100141,Examining student ICT use and learning outcomes: Evidence from Japanese PISA data,2023,PISA,mathematics,Perceived ICT competence,ICT_ACCESS,ICT,standardized_beta,,positive,Mathematics achievement (PVs),student,1.0,6109.0,True,True,high
10.1016/j.caeo.2023.100141,Examining student ICT use and learning outcomes: Evidence from Japanese PISA data,2023,PISA,mathematics,ICT use outside of school for leisure (ENTUSE),ICT_ACCESS,ICT,standardized_beta,,negative,Mathematics achievement (PVs),student,1.0,6109.0,True,True,high
10.1016/j.caeo.2023.100141,Examining student ICT use and learning outcomes: Evidence from Japanese PISA data,2023,PISA,mathematics,Subject-related ICT use during lessons (ICTCLASS),ICT_ACCESS,ICT,standardized_beta,,positive,Mathematics achievement (PVs),student,1.0,6109.0,True,True,high
10.1016/j.caeo.2023.100141,Examining student ICT use and learning outcomes: Evidence from Japanese PISA data,2023,PISA,mathematics,Subject-related ICT use outside lessons (ICTOUTSIDE),ICT_ACCESS,ICT,standardized_beta,,positive,Mathematics achievement (PVs),student,1.0,6109.0,True,True,high
10.1016/j.caeo.2023.100141,Examining student ICT use and learning outcomes: Evidence from Japanese PISA data,2023,PISA,science,Perceived ICT competence,ICT_ACCESS,ICT,standardized_beta,,positive,Science achievement (PVs),student,1.0,6109.0,True,True,high
10.1016/j.caeo.2023.100141,Examining student ICT use and learning outcomes: Evidence from Japanese PISA data,2023,PISA,science,ICT use outside of school for leisure (ENTUSE),ICT_ACCESS,ICT,standardized_beta,,negative,Science achievement (PVs),student,1.0,6109.0,True,True,high
10.1016/j.caeo.2023.100141,Examining student ICT use and learning outcomes: Evidence from Japanese PISA data,2023,PISA,science,Subject-related ICT use during lessons (ICTCLASS),ICT_ACCESS,ICT,standardized_beta,,positive,Science achievement (PVs),student,1.0,6109.0,True,True,high
10.1016/j.caeo.2023.100141,Examining student ICT use and learning outcomes: Evidence from Japanese PISA data,2023,PISA,science,Subject-related ICT use outside lessons (ICTOUTSIDE),ICT_ACCESS,ICT,standardized_beta,,positive,Science achievement (PVs),student,1.0,6109.0,True,True,high
10.1016/j.caeai.2026.100566,Decoding divides: The role of socioeconomic status and personality traits in AI divides and educational inequality,2026,other,other,Digital literacy,ICT_ACCESS,ICT,other,1.78,positive,Academic performance (exit test score percentile),student,1.0,4497.0,,False,medium
10.1016/j.caeai.2026.100566,Decoding divides: The role of socioeconomic status and personality traits in AI divides and educational inequality,2026,other,other,Family socioeconomic status (SES),SES_COMPOSITE,SES,other,0.23,positive,Academic performance (exit test score percentile),student,1.0,4497.0,,False,medium
10.1016/j.caeai.2026.100566,Decoding divides: The role of socioeconomic status and personality traits in AI divides and educational inequality,2026,other,other,AI usage intensity,AGE_GRADE,ICT,other,,,Academic performance (exit test score percentile),student,1.0,4497.0,,False,medium
10.1016/j.ssresearch.2026.103350,Social and emotional skills and young people's expectations of social status and mobility,2026,PISA,other,Objective social status (ESCS),SES_COMPOSITE,SES,standardized_beta,,positive,Expected relative social status (ERSS) at age 30 (1–10 ladder),student,27.0,205231.0,True,True,high
10.1016/j.ssresearch.2026.103350,Social and emotional skills and young people's expectations of social status and mobility,2026,PISA,other,Perseverance,OTHER,motivation,standardized_beta,0.2115,positive,Expected relative social status (ERSS) at age 30 (1–10 ladder),student,27.0,205231.0,True,True,high
10.1016/j.ssresearch.2026.103350,Social and emotional skills and young people's expectations of social status and mobility,2026,PISA,other,Assertiveness,OTHER,motivation,standardized_beta,0.2215,positive,Expected relative social status (ERSS) at age 30 (1–10 ladder),student,27.0,205231.0,True,True,high
10.1016/j.ssresearch.2026.103350,Social and emotional skills and young people's expectations of social status and mobility,2026,PISA,other,Stress resistance,ANXIETY,motivation,standardized_beta,,positive,Expected relative social status (ERSS) at age 30 (1–10 ladder),student,27.0,205231.0,True,True,high
10.1016/j.ssresearch.2026.103350,Social and emotional skills and young people's expectations of social status and mobility,2026,PISA,other,Mathematics achievement quintiles,OTHER,prior_achievement,standardized_beta,,positive,Expected relative social status (ERSS) at age 30 (1–10 ladder),student,27.0,205231.0,True,True,high
10.1016/j.stueduc.2025.101544,Overrepresentation of female teachers in secondary education and gender achievement gaps in PISA 2022,2026,PISA,reading,Overrepresentation of female teachers,GENDER,gender,standardized_beta,0.659,positive,Gender achievement gap in reading (female advantage),country,65.0,,,True,medium
10.1016/j.stueduc.2025.101544,Overrepresentation of female teachers in secondary education and gender achievement gaps in PISA 2022,2026,PISA,reading,Overrepresentation of female teachers,GENDER,gender,R2,0.564,positive,Gender achievement gap in reading (female advantage),country,65.0,,,True,medium
10.1016/j.stueduc.2026.101583,Evaluating the effects of ICT engagement on science and mathematics achievement: Evidence from PISA 2022 using structural equation modeling,2026,PISA,mathematics,ICTSCH,ICT_ACCESS,ICT,standardized_beta,-0.055,negative,Mathematics achievement (PVs),student,1.0,7250.0,True,False,medium
10.1016/j.stueduc.2026.101583,Evaluating the effects of ICT engagement on science and mathematics achievement: Evidence from PISA 2022 using structural equation modeling,2026,PISA,mathematics,ICTHOME,ICT_ACCESS,ICT,standardized_beta,0.207,positive,Mathematics achievement (PVs),student,1.0,7250.0,True,False,medium
10.1016/j.stueduc.2026.101583,Evaluating the effects of ICT engagement on science and mathematics achievement: Evidence from PISA 2022 using structural equation modeling,2026,PISA,mathematics,ICTWKDY,ICT_ACCESS,ICT,standardized_beta,-0.267,negative,Mathematics achievement (PVs),student,1.0,7250.0,True,False,medium
10.1016/j.stueduc.2026.101583,Evaluating the effects of ICT engagement on science and mathematics achievement: Evidence from PISA 2022 using structural equation modeling,2026,PISA,mathematics,ICTOUT,ICT_ACCESS,ICT,standardized_beta,0.012,,Mathematics achievement (PVs),student,1.0,7250.0,True,False,medium
10.1016/j.stueduc.2026.101583,Evaluating the effects of ICT engagement on science and mathematics achievement: Evidence from PISA 2022 using structural equation modeling,2026,PISA,mathematics,ICTEFFIC,ICT_ACCESS,self_efficacy,standardized_beta,0.216,positive,Mathematics achievement (PVs),student,1.0,7250.0,True,False,medium
10.1016/j.stueduc.2026.101583,Evaluating the effects of ICT engagement on science and mathematics achievement: Evidence from PISA 2022 using structural equation modeling,2026,PISA,science,ICTSCH,ICT_ACCESS,ICT,standardized_beta,-0.051,negative,Science achievement (PVs),student,1.0,7250.0,True,False,medium
10.1016/j.stueduc.2026.101583,Evaluating the effects of ICT engagement on science and mathematics achievement: Evidence from PISA 2022 using structural equation modeling,2026,PISA,science,ICTHOME,ICT_ACCESS,ICT,standardized_beta,0.275,positive,Science achievement (PVs),student,1.0,7250.0,True,False,medium
10.1016/j.stueduc.2026.101583,Evaluating the effects of ICT engagement on science and mathematics achievement: Evidence from PISA 2022 using structural equation modeling,2026,PISA,science,ICTOUT,ICT_ACCESS,ICT,standardized_beta,0.04,positive,Science achievement (PVs),student,1.0,7250.0,True,False,medium
10.1016/j.stueduc.2026.101583,Evaluating the effects of ICT engagement on science and mathematics achievement: Evidence from PISA 2022 using structural equation modeling,2026,PISA,science,ICTWKDY,ICT_ACCESS,ICT,standardized_beta,-0.265,negative,Science achievement (PVs),student,1.0,7250.0,True,False,medium
10.1016/j.stueduc.2026.101583,Evaluating the effects of ICT engagement on science and mathematics achievement: Evidence from PISA 2022 using structural equation modeling,2026,PISA,science,ICTEFFIC,ICT_ACCESS,self_efficacy,standardized_beta,0.227,positive,Science achievement (PVs),student,1.0,7250.0,True,False,medium
10.1016/j.stueduc.2026.101602,Beyond the test scores: Balancing information and accountability in global assessment systems,2026,PISA,mathematics,Test-based accountability (STDTEST),OTHER,other,standardized_beta,-0.128,negative,Mathematics achievement (Plausible Values),country,65.0,479178.0,True,True,high
10.1016/j.stueduc.2026.101602,Beyond the test scores: Balancing information and accountability in global assessment systems,2026,PISA,mathematics,Test frequency (principal-reported),OTHER,other,standardized_beta,0.149,positive,Mathematics achievement (Plausible Values),country,65.0,479178.0,True,True,high
10.1016/j.stueduc.2026.101602,Beyond the test scores: Balancing information and accountability in global assessment systems,2026,PISA,mathematics,Socioeconomic status (ESCS),SES_COMPOSITE,SES,standardized_beta,0.111,positive,Mathematics achievement (Plausible Values),student,65.0,479178.0,True,True,high
10.1016/j.stueduc.2026.101602,Beyond the test scores: Balancing information and accountability in global assessment systems,2026,PISA,mathematics,School ESCS,SES_COMPOSITE,SES,standardized_beta,0.329,positive,Mathematics achievement (Plausible Values),school,65.0,479178.0,True,True,high
10.1016/j.stueduc.2026.101602,Beyond the test scores: Balancing information and accountability in global assessment systems,2026,PISA,mathematics,GDP per capita (log),GDP_EXPENDITURE,GDP_expenditure,standardized_beta,0.426,positive,Mathematics achievement (Plausible Values),country,65.0,479178.0,True,True,high
10.1016/j.stueduc.2026.101602,Beyond the test scores: Balancing information and accountability in global assessment systems,2026,PISA,mathematics,Gender,GENDER,gender,standardized_beta,0.088,positive,Mathematics achievement (Plausible Values),student,65.0,479178.0,True,True,high
10.1016/j.stueduc.2026.101602,Beyond the test scores: Balancing information and accountability in global assessment systems,2026,PISA,mathematics,Immigration background,SES_COMPOSITE,other,standardized_beta,-0.046,negative,Mathematics achievement (Plausible Values),student,65.0,479178.0,True,True,high
10.1016/j.stueduc.2026.101602,Beyond the test scores: Balancing information and accountability in global assessment systems,2026,PISA,mathematics,accountability×student ESCS,SES_COMPOSITE,SES,standardized_beta,-0.029,negative,Mathematics achievement (Plausible Values),student,65.0,479178.0,True,True,high
10.1016/j.stueduc.2026.101602,Beyond the test scores: Balancing information and accountability in global assessment systems,2026,PISA,mathematics,accountability×school ESCS,SES_COMPOSITE,SES,standardized_beta,-0.052,negative,Mathematics achievement (Plausible Values),school,65.0,479178.0,True,True,high
10.1016/j.stueduc.2026.101602,Beyond the test scores: Balancing information and accountability in global assessment systems,2026,PISA,mathematics,frequency×student ESCS,SES_COMPOSITE,SES,standardized_beta,-0.026,negative,Mathematics achievement (Plausible Values),student,65.0,479178.0,True,True,high
10.1016/j.stueduc.2026.101602,Beyond the test scores: Balancing information and accountability in global assessment systems,2026,PISA,mathematics,frequency×school ESCS,SES_COMPOSITE,SES,standardized_beta,-0.033,negative,Mathematics achievement (Plausible Values),school,65.0,479178.0,True,True,high
10.1016/j.compedu.2025.105539,"Understanding the relationships among ICT use, self-efficacy, and achievement in PISA 2022: A multigroup analysis featuring gender and immigrant status",2026,PISA,mathematics,ICT use for learning,ICT_ACCESS,ICT,standardized_beta,0.084,positive,Math achievement (Plausible Values),student,1.0,10239.0,True,True,high
10.1016/j.compedu.2025.105539,"Understanding the relationships among ICT use, self-efficacy, and achievement in PISA 2022: A multigroup analysis featuring gender and immigrant status",2026,PISA,mathematics,ICT use for leisure,ICT_ACCESS,ICT,standardized_beta,-0.368,negative,Math achievement (Plausible Values),student,1.0,10239.0,True,True,high
10.1016/j.compedu.2025.105539,"Understanding the relationships among ICT use, self-efficacy, and achievement in PISA 2022: A multigroup analysis featuring gender and immigrant status",2026,PISA,mathematics,Self-efficacy in CIL,SELF_EFFICACY,self_efficacy,standardized_beta,0.115,positive,Math achievement (Plausible Values),student,1.0,10239.0,True,True,high
10.1016/j.compedu.2025.105539,"Understanding the relationships among ICT use, self-efficacy, and achievement in PISA 2022: A multigroup analysis featuring gender and immigrant status",2026,PISA,mathematics,Self-efficacy in CT,SELF_EFFICACY,self_efficacy,standardized_beta,-0.045,negative,Math achievement (Plausible Values),student,1.0,10239.0,True,True,high
10.1016/j.compedu.2025.105539,"Understanding the relationships among ICT use, self-efficacy, and achievement in PISA 2022: A multigroup analysis featuring gender and immigrant status",2026,PISA,reading,ICT use for learning,ICT_ACCESS,ICT,standardized_beta,0.05,positive,Reading achievement (Plausible Values),student,1.0,10239.0,True,True,high
10.1016/j.compedu.2025.105539,"Understanding the relationships among ICT use, self-efficacy, and achievement in PISA 2022: A multigroup analysis featuring gender and immigrant status",2026,PISA,reading,ICT use for leisure,ICT_ACCESS,ICT,standardized_beta,-0.359,negative,Reading achievement (Plausible Values),student,1.0,10239.0,True,True,high
10.1016/j.compedu.2025.105539,"Understanding the relationships among ICT use, self-efficacy, and achievement in PISA 2022: A multigroup analysis featuring gender and immigrant status",2026,PISA,reading,Self-efficacy in CIL,SELF_EFFICACY,self_efficacy,standardized_beta,0.138,positive,Reading achievement (Plausible Values),student,1.0,10239.0,True,True,high
10.1016/j.compedu.2025.105539,"Understanding the relationships among ICT use, self-efficacy, and achievement in PISA 2022: A multigroup analysis featuring gender and immigrant status",2026,PISA,reading,Self-efficacy in CT,SELF_EFFICACY,self_efficacy,standardized_beta,-0.07,negative,Reading achievement (Plausible Values),student,1.0,10239.0,True,True,high
10.1016/j.compedu.2025.105539,"Understanding the relationships among ICT use, self-efficacy, and achievement in PISA 2022: A multigroup analysis featuring gender and immigrant status",2026,PISA,science,ICT use for learning,ICT_ACCESS,ICT,standardized_beta,0.065,positive,Science achievement (Plausible Values),student,1.0,10239.0,True,True,high
10.1016/j.compedu.2025.105539,"Understanding the relationships among ICT use, self-efficacy, and achievement in PISA 2022: A multigroup analysis featuring gender and immigrant status",2026,PISA,science,ICT use for leisure,ICT_ACCESS,ICT,standardized_beta,-0.368,negative,Science achievement (Plausible Values),student,1.0,10239.0,True,True,high
10.1016/j.compedu.2025.105539,"Understanding the relationships among ICT use, self-efficacy, and achievement in PISA 2022: A multigroup analysis featuring gender and immigrant status",2026,PISA,science,Self-efficacy in CIL,SELF_EFFICACY,self_efficacy,standardized_beta,0.122,positive,Science achievement (Plausible Values),student,1.0,10239.0,True,True,high
10.1016/j.compedu.2025.105539,"Understanding the relationships among ICT use, self-efficacy, and achievement in PISA 2022: A multigroup analysis featuring gender and immigrant status",2026,PISA,science,Self-efficacy in CT,SELF_EFFICACY,self_efficacy,standardized_beta,-0.053,negative,Science achievement (Plausible Values),student,1.0,10239.0,True,True,high
10.1016/j.compedu.2026.105623,Profiles of academic performance and perceived digital distraction in secondary classrooms,2026,PISA,mathematics,ESCS,SES_COMPOSITE,SES,standardized_beta,0.35,positive,mathematics performance,student,30.0,239695.0,True,True,high
10.1016/j.compedu.2026.105623,Profiles of academic performance and perceived digital distraction in secondary classrooms,2026,PISA,mathematics,ANXMAT,OTHER,anxiety,standardized_beta,-0.25,negative,mathematics performance,student,30.0,239695.0,True,True,high
10.1016/j.compedu.2026.105623,Profiles of academic performance and perceived digital distraction in secondary classrooms,2026,PISA,mathematics,MATHEFF,OTHER,self_efficacy,standardized_beta,0.3,positive,mathematics performance,student,30.0,239695.0,True,True,high
10.1016/j.compedu.2026.105623,Profiles of academic performance and perceived digital distraction in secondary classrooms,2026,PISA,mathematics,ICTEFFIC,ICT_ACCESS,self_efficacy,standardized_beta,0.1,positive,mathematics performance,student,30.0,239695.0,True,True,high
10.1016/j.compedu.2026.105623,Profiles of academic performance and perceived digital distraction in secondary classrooms,2026,PISA,mathematics,ICTWKDY,ICT_ACCESS,ICT,standardized_beta,-0.15,negative,mathematics performance,student,30.0,239695.0,True,True,high
10.1016/j.cedpsych.2025.102428,"Gender, mindset, and teacher support predict students’ math motivation profiles: Evidence from five countries in PISA 2022",2025,PISA,mathematics,Gender,GENDER,gender,other,,mixed,Math achievement,student,5.0,27421.0,True,True,medium
10.1016/j.cedpsych.2025.102428,"Gender, mindset, and teacher support predict students’ math motivation profiles: Evidence from five countries in PISA 2022",2025,PISA,mathematics,Fixed mindset,OTHER,motivation,other,,negative,Math achievement,student,5.0,27421.0,True,True,medium
10.1016/j.cedpsych.2025.102428,"Gender, mindset, and teacher support predict students’ math motivation profiles: Evidence from five countries in PISA 2022",2025,PISA,mathematics,Teacher support,TEACHER_QUALITY,teacher_quality,other,,positive,Math achievement,student,5.0,27421.0,True,True,medium
10.1016/j.cedpsych.2025.102428,"Gender, mindset, and teacher support predict students’ math motivation profiles: Evidence from five countries in PISA 2022",2025,PISA,mathematics,Teacher fostering reasoning,OTHER,teacher_quality,other,,positive,Math achievement,student,5.0,27421.0,True,True,medium
10.1016/j.cedpsych.2025.102428,"Gender, mindset, and teacher support predict students’ math motivation profiles: Evidence from five countries in PISA 2022",2025,PISA,mathematics,Teacher encouraging thinking,OTHER,teacher_quality,other,,positive,Math achievement,student,5.0,27421.0,True,True,medium
10.1016/j.ijedudev.2024.103170,1-s2.0-S0738059324001974-main,2024,PISA,mathematics,Inquiry-based pedagogy (IBP),OTHER,teacher_quality,standardized_beta,0.084,positive,Math performance (Plausible Values; SMP),student,1.0,5711.0,True,False,medium
10.1016/j.ijedudev.2024.103170,1-s2.0-S0738059324001974-main,2024,PISA,mathematics,Student math attitude (SMA),OTHER,motivation,standardized_beta,0.072,positive,Math performance (Plausible Values; SMP),student,1.0,5711.0,True,False,medium
10.1016/j.ijedudev.2024.103170,1-s2.0-S0738059324001974-main,2024,PISA,mathematics,Inquiry-based pedagogy (IBP),OTHER,teacher_quality,standardized_beta,0.03,positive,Math performance (Plausible Values; SMP),student,1.0,5711.0,True,False,medium
10.1016/j.ijedudev.2025.103420,Mind the gap: Uncovering student’s learning achievement disparities in Cambodian urban and rural secondary schools,2025,PISA,mathematics,Urban–rural location,OTHER,other,other,,negative,Mathematics achievement,student,1.0,3321.0,False,False,medium
10.1016/j.ijedudev.2025.103420,Mind the gap: Uncovering student’s learning achievement disparities in Cambodian urban and rural secondary schools,2025,PISA,mathematics,COVID-19 school closure,OTHER,school_resources,other,,negative,Mathematics achievement,student,1.0,3321.0,False,False,medium
10.1016/j.ijedudev.2025.103420,Mind the gap: Uncovering student’s learning achievement disparities in Cambodian urban and rural secondary schools,2025,PISA,reading,Urban–rural location,OTHER,other,other,,negative,Reading achievement,student,1.0,3321.0,False,False,medium
10.1016/j.ijedudev.2025.103420,Mind the gap: Uncovering student’s learning achievement disparities in Cambodian urban and rural secondary schools,2025,PISA,reading,COVID-19 school closure,OTHER,school_resources,other,,negative,Reading achievement,student,1.0,3321.0,False,False,medium
10.1016/j.ijedudev.2025.103483,Effects of COVID-19 education policies on students’ learning proficiency in Latin America—Insights from PISA 2022,2026,PISA,mathematics,Socioeconomic status (ESCS),SES_COMPOSITE,SES,standardized_beta,0.35,positive,learning proficiency,student,10.0,71000.0,True,False,medium
10.1016/j.ijedudev.2025.103483,Effects of COVID-19 education policies on students’ learning proficiency in Latin America—Insights from PISA 2022,2026,PISA,reading,Socioeconomic status (ESCS),SES_COMPOSITE,SES,standardized_beta,0.32,positive,learning proficiency,student,10.0,71000.0,True,False,medium
10.1016/j.ijedudev.2025.103483,Effects of COVID-19 education policies on students’ learning proficiency in Latin America—Insights from PISA 2022,2026,PISA,mathematics,Digital devices at home,ICT_ACCESS,ICT,standardized_beta,0.12,positive,learning proficiency,student,10.0,71000.0,True,False,medium
10.1016/j.ijedudev.2025.103483,Effects of COVID-19 education policies on students’ learning proficiency in Latin America—Insights from PISA 2022,2026,PISA,reading,Digital devices at home,ICT_ACCESS,ICT,standardized_beta,0.1,positive,learning proficiency,student,10.0,71000.0,True,False,medium
10.1016/j.ijedudev.2025.103483,Effects of COVID-19 education policies on students’ learning proficiency in Latin America—Insights from PISA 2022,2026,PISA,mathematics,Teacher support for well-being,TEACHER_QUALITY,teacher_quality,standardized_beta,0.08,positive,learning proficiency,student,10.0,71000.0,True,False,medium
10.1016/j.ijedudev.2025.103483,Effects of COVID-19 education policies on students’ learning proficiency in Latin America—Insights from PISA 2022,2026,PISA,reading,Teacher support for well-being,TEACHER_QUALITY,teacher_quality,standardized_beta,0.07,positive,learning proficiency,student,10.0,71000.0,True,False,medium
10.1016/j.ijedudev.2026.103523,Optimal class size and learning outcomes in Morocco: A normative-causal approach using PISA 2022 data,2026,PISA,mathematics,Student socioeconomic status (ESCS),SES_COMPOSITE,SES,other,,positive,Optimal class size for mathematics achievement (PISA PV-based),student,1.0,5962.0,True,True,high
10.1016/j.ijedudev.2026.103523,Optimal class size and learning outcomes in Morocco: A normative-causal approach using PISA 2022 data,2026,PISA,mathematics,School-average ESCS,SES_COMPOSITE,SES,other,,positive,Optimal class size for mathematics achievement (PISA PV-based),school,1.0,5962.0,True,True,high
10.1016/j.ijedudev.2026.103523,Optimal class size and learning outcomes in Morocco: A normative-causal approach using PISA 2022 data,2026,PISA,mathematics,School type (public/private),SCHOOL_RESOURCES,other,other,,positive,Optimal class size for mathematics achievement (PISA PV-based),school,1.0,5962.0,True,True,high
10.1016/j.ijedudev.2026.103523,Optimal class size and learning outcomes in Morocco: A normative-causal approach using PISA 2022 data,2026,PISA,mathematics,Student socioeconomic status (ESCS),SES_COMPOSITE,SES,other,,positive,Causal effect of class-size thresholds on mathematics,student,1.0,5962.0,True,True,high
10.1016/j.ijedudev.2026.103523,Optimal class size and learning outcomes in Morocco: A normative-causal approach using PISA 2022 data,2026,PISA,mathematics,School-average ESCS,SES_COMPOSITE,SES,other,,positive,Causal effect of class-size thresholds on mathematics,school,1.0,5962.0,True,True,high
10.1016/j.ijedudev.2026.103523,Optimal class size and learning outcomes in Morocco: A normative-causal approach using PISA 2022 data,2026,PISA,mathematics,Gender,GENDER,gender,other,,positive,Causal effect of class-size thresholds on mathematics,student,1.0,5962.0,True,True,high
10.1016/j.ijedudev.2026.103523,Optimal class size and learning outcomes in Morocco: A normative-causal approach using PISA 2022 data,2026,PISA,science,Student socioeconomic status (ESCS),SES_COMPOSITE,SES,other,,positive,Optimal class size for science achievement (PISA PV-based),student,1.0,5962.0,True,True,high
10.1016/j.ijedudev.2026.103523,Optimal class size and learning outcomes in Morocco: A normative-causal approach using PISA 2022 data,2026,PISA,science,School-average ESCS,SES_COMPOSITE,SES,other,,positive,Optimal class size for science achievement (PISA PV-based),school,1.0,5962.0,True,True,high
10.1016/j.ijedudev.2026.103523,Optimal class size and learning outcomes in Morocco: A normative-causal approach using PISA 2022 data,2026,PISA,science,School type (public/private),SCHOOL_RESOURCES,other,other,,positive,Optimal class size for science achievement (PISA PV-based),school,1.0,5962.0,True,True,high
10.1016/j.ijedudev.2026.103523,Optimal class size and learning outcomes in Morocco: A normative-causal approach using PISA 2022 data,2026,PISA,reading,Student socioeconomic status (ESCS),SES_COMPOSITE,SES,other,,positive,Optimal class size for reading achievement (PISA PV-based),student,1.0,5962.0,True,True,high
10.1016/j.ijedudev.2026.103523,Optimal class size and learning outcomes in Morocco: A normative-causal approach using PISA 2022 data,2026,PISA,reading,School-average ESCS,SES_COMPOSITE,SES,other,,positive,Optimal class size for reading achievement (PISA PV-based),school,1.0,5962.0,True,True,high
10.1016/j.ijedudev.2026.103523,Optimal class size and learning outcomes in Morocco: A normative-causal approach using PISA 2022 data,2026,PISA,reading,School type (public/private),SCHOOL_RESOURCES,other,other,,positive,Optimal class size for reading achievement (PISA PV-based),school,1.0,5962.0,True,True,high
10.1016/j.ijedudev.2026.103536,Socioeconomic achievement gap in Taiwan: The impact of COVID-19 on math performance,2026,PISA,mathematics,Lower-SES group indicator,SES_COMPOSITE,SES,standardized_beta,-26.11,negative,Math achievement gap (Lower × Post DID interaction),student,1.0,20638.0,False,True,medium
10.1016/j.ijedudev.2026.103536,Socioeconomic achievement gap in Taiwan: The impact of COVID-19 on math performance,2026,PISA,mathematics,Post-pandemic period indicator,OTHER,other,standardized_beta,-26.11,negative,Math achievement gap (Lower × Post DID interaction),student,1.0,20638.0,False,True,medium
10.1016/j.ijedudev.2026.103536,Socioeconomic achievement gap in Taiwan: The impact of COVID-19 on math performance,2026,PISA,mathematics,Socioeconomic status (ESCS),SES_COMPOSITE,SES,standardized_beta,,negative,Math achievement gap (Lower × Post DID interaction),student,1.0,20638.0,False,True,medium
10.1016/j.ijedudev.2026.103536,Socioeconomic achievement gap in Taiwan: The impact of COVID-19 on math performance,2026,PISA,mathematics,Immigrant background,SES_COMPOSITE,other,standardized_beta,,negative,Math achievement gap (Lower × Post DID interaction),student,1.0,20638.0,False,True,medium
10.1016/j.ijedudev.2026.103536,Socioeconomic achievement gap in Taiwan: The impact of COVID-19 on math performance,2026,PISA,mathematics,Gender,GENDER,gender,standardized_beta,,negative,Math achievement gap (Lower × Post DID interaction),student,1.0,20638.0,False,True,medium
10.1016/j.ijedudev.2026.103536,Socioeconomic achievement gap in Taiwan: The impact of COVID-19 on math performance,2026,PISA,mathematics,Lower×Post interaction,OTHER,SES,R2,0.326,positive,Math achievement gap (Lower × Post DID interaction),student,1.0,20638.0,False,True,medium
10.1016/j.tate.2025.105039,"Overworked and under-creative: Teacher workload, time allocation, and creative pedagogy in Chinese secondary schools - evidence from PISA 2022",2025,PISA,other,Weekly workload (hours),OTHER,instructional_time,standardized_beta,-0.014,,Creative pedagogies (school-average CREATPED),school,2.0,4251.0,,True,medium
10.1016/j.tate.2025.105039,"Overworked and under-creative: Teacher workload, time allocation, and creative pedagogy in Chinese secondary schools - evidence from PISA 2022",2025,PISA,other,Teaching-related time proportion,OTHER,instructional_time,standardized_beta,0.392,mixed,Creative pedagogies (school-average CREATPED),school,2.0,4251.0,,True,medium
10.1016/j.tate.2025.105039,"Overworked and under-creative: Teacher workload, time allocation, and creative pedagogy in Chinese secondary schools - evidence from PISA 2022",2025,PISA,other,ICT use (digital resources),ICT_ACCESS,ICT,standardized_beta,0.299,positive,Creative pedagogies (school-average CREATPED),school,2.0,4251.0,,True,medium
10.1016/j.ijer.2025.102666,"Pathways to equity: A mediation analysis of gender, SES, and mathematics achievement using PISA 2022 UK data",2025,PISA,mathematics,Socioeconomic status (ESCS),SES_COMPOSITE,SES,standardized_beta,0.3,positive,Mathematics achievement (PVMATH),student,1.0,12972.0,True,False,medium
10.1016/j.ijer.2025.102666,"Pathways to equity: A mediation analysis of gender, SES, and mathematics achievement using PISA 2022 UK data",2025,PISA,mathematics,Mathematics anxiety,ANXIETY,anxiety,standardized_beta,-0.24,negative,Mathematics achievement (PVMATH),student,1.0,12972.0,True,False,medium
10.1016/j.ijer.2025.102666,"Pathways to equity: A mediation analysis of gender, SES, and mathematics achievement using PISA 2022 UK data",2025,PISA,mathematics,Growth mindset,OTHER,motivation,standardized_beta,0.12,positive,Mathematics achievement (PVMATH),student,1.0,12972.0,True,False,medium
10.1016/j.ijer.2025.102666,"Pathways to equity: A mediation analysis of gender, SES, and mathematics achievement using PISA 2022 UK data",2025,PISA,mathematics,Mathematics teacher support,TEACHER_QUALITY,teacher_quality,standardized_beta,0.03,positive,Mathematics achievement (PVMATH),student,1.0,12972.0,True,False,medium
10.1016/j.ijer.2025.102666,"Pathways to equity: A mediation analysis of gender, SES, and mathematics achievement using PISA 2022 UK data",2025,PISA,mathematics,Gender,GENDER,gender,standardized_beta,-0.0,,Mathematics achievement (PVMATH),student,1.0,12972.0,True,False,medium
10.1016/j.ijer.2025.102699,1-s2.0-S0883035525001727-main,2025,PISA,other,Instructional leadership (LEAD),OTHER,school_climate,standardized_beta,0.278,positive,Teacher well-being (WELL),other,15.0,46563.0,,True,medium
10.1016/j.ijer.2025.102699,1-s2.0-S0883035525001727-main,2025,PISA,other,Teacher workload stress (LOAD),ANXIETY,other,standardized_beta,-0.428,negative,Teacher well-being (WELL),other,15.0,46563.0,,True,medium
10.1016/j.ijer.2025.102699,1-s2.0-S0883035525001727-main,2025,PISA,other,Teacher autonomy support (AUTO),OTHER,school_climate,standardized_beta,0.197,positive,Teacher well-being (WELL),other,15.0,46563.0,,True,medium
10.1016/j.ijer.2025.102699,1-s2.0-S0883035525001727-main,2025,PISA,other,AUTO*LOAD,OTHER,other,standardized_beta,0.04,positive,Teacher well-being (WELL),other,15.0,46563.0,,True,medium
10.1016/j.ijer.2025.102699,1-s2.0-S0883035525001727-main,2025,PISA,other,LEAD→LOAD→WELL indirect effect,OTHER,other,standardized_beta,0.061,positive,Teacher well-being (WELL),other,15.0,46563.0,,True,medium
10.1016/j.lindif.2025.102820,Separating prior knowledge from acquired knowledge: An individual differences analysis of PISA - learning in the digital world,2026,PISA,other,Use of worked examples,OTHER,other,standardized_beta,0.63,positive,problem solving,student,1.0,737.0,,False,medium
10.1016/j.lindif.2025.102820,Separating prior knowledge from acquired knowledge: An individual differences analysis of PISA - learning in the digital world,2026,PISA,other,General intelligence (reasoning),OTHER,prior_achievement,standardized_beta,0.73,positive,problem solving,student,1.0,737.0,,False,medium
10.1016/j.lindif.2025.102820,Separating prior knowledge from acquired knowledge: An individual differences analysis of PISA - learning in the digital world,2026,PISA,other,Complex problem solving (CPS),OTHER,prior_achievement,standardized_beta,0.23,positive,problem solving,student,1.0,737.0,,False,medium
10.1016/j.lindif.2025.102820,Separating prior knowledge from acquired knowledge: An individual differences analysis of PISA - learning in the digital world,2026,PISA,other,Mastery orientation,OTHER,motivation,standardized_beta,0.22,positive,problem solving,student,1.0,737.0,,False,medium
10.1016/j.tsc.2025.101946,"Creative learning environments and mathematics self-efficacy as predictors of mathematics achievement: Insights from PISA 2022 across three countries – Korea, Canada, and Türkiye",2025,PISA,mathematics,Mathematics self-efficacy (MATHEF21),SELF_EFFICACY,self_efficacy,standardized_beta,0.521,positive,Mathematics achievement (MATHACH; PV1MATH–PV10MATH),student,3.0,36777.0,True,False,medium
10.1016/j.tsc.2025.101946,"Creative learning environments and mathematics self-efficacy as predictors of mathematics achievement: Insights from PISA 2022 across three countries – Korea, Canada, and Türkiye",2025,PISA,mathematics,Creative peers and family environment,OTHER,other,standardized_beta,0.034,positive,Mathematics achievement (MATHACH; PV1MATH–PV10MATH),student,3.0,36777.0,True,False,medium
10.1016/j.tsc.2025.101946,"Creative learning environments and mathematics self-efficacy as predictors of mathematics achievement: Insights from PISA 2022 across three countries – Korea, Canada, and Türkiye",2025,PISA,mathematics,Creative school and class environment,OTHER,other,standardized_beta,-0.103,negative,Mathematics achievement (MATHACH; PV1MATH–PV10MATH),student,3.0,36777.0,True,False,medium
10.1016/j.tsc.2025.101963,Being female and being well-situated implies higher performance on creative thinking tests: Evidence across 62 countries from PISA 2022,2026,PISA,other,Gender,GENDER,gender,standardized_beta,-0.277,negative,Creative thinking (PVs),country,62.0,493660.0,True,True,high
10.1016/j.tsc.2025.101963,Being female and being well-situated implies higher performance on creative thinking tests: Evidence across 62 countries from PISA 2022,2026,PISA,other,Socioeconomic status (ESCS),SES_COMPOSITE,SES,standardized_beta,0.334,positive,Creative thinking (PVs),country,62.0,493660.0,True,True,high
10.1016/j.tsc.2025.101963,Being female and being well-situated implies higher performance on creative thinking tests: Evidence across 62 countries from PISA 2022,2026,PISA,other,Gender*SES,SES_COMPOSITE,other,standardized_beta,-0.034,negative,Creative thinking (PVs),country,62.0,493660.0,True,True,high
10.1016/j.tsc.2025.101963,Being female and being well-situated implies higher performance on creative thinking tests: Evidence across 62 countries from PISA 2022,2026,PISA,mathematics,Gender,GENDER,gender,standardized_beta,0.028,,Mathematics (PVs),country,62.0,493660.0,True,True,high
10.1016/j.tsc.2025.101963,Being female and being well-situated implies higher performance on creative thinking tests: Evidence across 62 countries from PISA 2022,2026,PISA,mathematics,Socioeconomic status (ESCS),SES_COMPOSITE,SES,standardized_beta,0.361,positive,Mathematics (PVs),country,62.0,493660.0,True,True,high
10.1016/j.tsc.2025.101963,Being female and being well-situated implies higher performance on creative thinking tests: Evidence across 62 countries from PISA 2022,2026,PISA,mathematics,Gender*SES,SES_COMPOSITE,other,standardized_beta,-0.006,negative,Mathematics (PVs),country,62.0,493660.0,True,True,high
10.1016/j.tsc.2025.101963,Being female and being well-situated implies higher performance on creative thinking tests: Evidence across 62 countries from PISA 2022,2026,PISA,reading,Gender,GENDER,gender,standardized_beta,-0.294,negative,Reading (PVs),country,62.0,493660.0,True,True,high
10.1016/j.tsc.2025.102050,Using machine learning techniques for evaluating creativity in Graphic Combination Task (GCT) among Chinese college students,2026,other,other,Fluency (process-derived),OTHER,other,R2,0.71,positive,Creativity total score (expert-rated),student,1.0,700.0,,False,medium
10.1016/j.tsc.2025.102050,Using machine learning techniques for evaluating creativity in Graphic Combination Task (GCT) among Chinese college students,2026,other,other,Flexibility (process-derived),OTHER,other,R2,0.71,positive,Creativity total score (expert-rated),student,1.0,700.0,,False,medium
10.1016/j.tsc.2025.102050,Using machine learning techniques for evaluating creativity in Graphic Combination Task (GCT) among Chinese college students,2026,other,other,Originality (process-derived),OTHER,other,R2,0.71,positive,Creativity total score (expert-rated),student,1.0,700.0,,False,medium
10.1016/j.tsc.2025.102050,Using machine learning techniques for evaluating creativity in Graphic Combination Task (GCT) among Chinese college students,2026,other,other,Total operating time,OTHER,other,R2,0.71,positive,Creativity total score (expert-rated),student,1.0,700.0,,False,medium
10.1016/j.tsc.2025.102050,Using machine learning techniques for evaluating creativity in Graphic Combination Task (GCT) among Chinese college students,2026,other,other,Composition range,OTHER,other,R2,0.71,positive,Creativity total score (expert-rated),student,1.0,700.0,,False,medium
10.1016/j.tsc.2025.102050,Using machine learning techniques for evaluating creativity in Graphic Combination Task (GCT) among Chinese college students,2026,other,other,Fluency (process-derived),OTHER,other,R2,0.79,positive,Creativity fluency score (expert-rated),student,1.0,700.0,,False,medium
10.1016/j.tsc.2025.102050,Using machine learning techniques for evaluating creativity in Graphic Combination Task (GCT) among Chinese college students,2026,other,other,Number of graphics,OTHER,other,R2,0.79,positive,Creativity fluency score (expert-rated),student,1.0,700.0,,False,medium
10.1016/j.tsc.2025.102050,Using machine learning techniques for evaluating creativity in Graphic Combination Task (GCT) among Chinese college students,2026,other,other,Graphic movement times,OTHER,other,R2,0.79,positive,Creativity fluency score (expert-rated),student,1.0,700.0,,False,medium
10.1016/j.tsc.2025.102050,Using machine learning techniques for evaluating creativity in Graphic Combination Task (GCT) among Chinese college students,2026,other,other,Number of colors used,OTHER,other,R2,0.79,positive,Creativity fluency score (expert-rated),student,1.0,700.0,,False,medium
10.1016/j.tsc.2025.102050,Using machine learning techniques for evaluating creativity in Graphic Combination Task (GCT) among Chinese college students,2026,other,other,Total operating time,OTHER,other,R2,0.79,positive,Creativity fluency score (expert-rated),student,1.0,700.0,,False,medium
10.1016/j.tsc.2025.102050,Using machine learning techniques for evaluating creativity in Graphic Combination Task (GCT) among Chinese college students,2026,other,other,Flexibility (process-derived),OTHER,other,R2,0.65,positive,Creativity flexibility score (expert-rated),student,1.0,700.0,,False,medium
10.1016/j.tsc.2025.102050,Using machine learning techniques for evaluating creativity in Graphic Combination Task (GCT) among Chinese college students,2026,other,other,Function key usage,AGE_GRADE,other,R2,0.65,positive,Creativity flexibility score (expert-rated),student,1.0,700.0,,False,medium
10.1016/j.tsc.2025.102050,Using machine learning techniques for evaluating creativity in Graphic Combination Task (GCT) among Chinese college students,2026,other,other,Changing scale of graphic,OTHER,other,R2,0.65,positive,Creativity flexibility score (expert-rated),student,1.0,700.0,,False,medium
10.1016/j.tsc.2025.102050,Using machine learning techniques for evaluating creativity in Graphic Combination Task (GCT) among Chinese college students,2026,other,other,Rotation angle magnitude,OTHER,other,R2,0.65,positive,Creativity flexibility score (expert-rated),student,1.0,700.0,,False,medium
10.1016/j.tsc.2025.102050,Using machine learning techniques for evaluating creativity in Graphic Combination Task (GCT) among Chinese college students,2026,other,other,Graphic rotation times,OTHER,other,R2,0.65,positive,Creativity flexibility score (expert-rated),student,1.0,700.0,,False,medium
10.1016/j.tsc.2025.102102,"The effects of teaching initiative, ICT application, and teaching collaboration on teachers’ creative thinking: Latent profile and multiple logistic regression analysis",2026,PISA,other,Teaching initiative (autonomy),OTHER,teacher_quality,odds_ratio,1.893,positive,Teachers’ creative thinking class membership,other,2.0,4069.0,False,True,medium
10.1016/j.tsc.2025.102102,"The effects of teaching initiative, ICT application, and teaching collaboration on teachers’ creative thinking: Latent profile and multiple logistic regression analysis",2026,PISA,other,ICT application,ICT_ACCESS,ICT,odds_ratio,1.726,positive,Teachers’ creative thinking class membership,other,2.0,4069.0,False,True,medium
10.1016/j.tsc.2025.102102,"The effects of teaching initiative, ICT application, and teaching collaboration on teachers’ creative thinking: Latent profile and multiple logistic regression analysis",2026,PISA,other,Teaching collaboration,OTHER,teacher_quality,odds_ratio,1.613,positive,Teachers’ creative thinking class membership,other,2.0,4069.0,False,True,medium
10.1016/j.tsc.2026.102154,Mapping student engagement in creative thinking: An explainable machine learning approach to behavioral heterogeneity,2026,PISA,other,EFFORT1,OTHER,motivation,F1,0.93,positive,Engagement vs disengagement (binary; 1=disengagement),student,1.0,6794.0,,False,medium
10.1016/j.tsc.2026.102154,Mapping student engagement in creative thinking: An explainable machine learning approach to behavioral heterogeneity,2026,PISA,other,WORKHOME,OTHER,motivation,F1,0.93,positive,Engagement vs disengagement (binary; 1=disengagement),student,1.0,6794.0,,False,medium
10.1016/j.tsc.2026.102154,Mapping student engagement in creative thinking: An explainable machine learning approach to behavioral heterogeneity,2026,PISA,other,reading,OTHER,prior_achievement,F1,0.93,positive,Engagement vs disengagement (binary; 1=disengagement),student,1.0,6794.0,,False,medium
10.1016/j.tsc.2026.102154,Mapping student engagement in creative thinking: An explainable machine learning approach to behavioral heterogeneity,2026,PISA,other,mathematics,OTHER,prior_achievement,F1,0.93,positive,Engagement vs disengagement (binary; 1=disengagement),student,1.0,6794.0,,False,medium
10.1016/j.tsc.2026.102154,Mapping student engagement in creative thinking: An explainable machine learning approach to behavioral heterogeneity,2026,PISA,other,CREATEFF,OTHER,self_efficacy,F1,0.93,positive,Engagement vs disengagement (binary; 1=disengagement),student,1.0,6794.0,,False,medium
10.1016/j.tsc.2026.102155,Exploring the relationship between reading literacy and creativity competence: A multilevel modeling approach,2026,PISA,reading,Reading literacy (PISA PVs),OTHER,prior_achievement,standardized_beta,0.44,positive,Student creativity competence (PISA 2022 plausible values),student,1.0,5557.0,True,False,medium
10.1016/j.tsc.2026.102155,Exploring the relationship between reading literacy and creativity competence: A multilevel modeling approach,2026,PISA,reading,Socioeconomic status (ESCS),SES_COMPOSITE,SES,standardized_beta,0.04,positive,Student creativity competence (PISA 2022 plausible values),student,1.0,5557.0,True,False,medium
10.1016/j.tsc.2026.102155,Exploring the relationship between reading literacy and creativity competence: A multilevel modeling approach,2026,PISA,reading,Gender,GENDER,gender,standardized_beta,-0.12,negative,Student creativity competence (PISA 2022 plausible values),student,1.0,5557.0,True,False,medium
10.1016/j.tsc.2026.102155,Exploring the relationship between reading literacy and creativity competence: A multilevel modeling approach,2026,PISA,reading,School mean reading literacy,OTHER,prior_achievement,standardized_beta,0.74,positive,School collective creativity competence (school-level aggregated score),school,1.0,5557.0,True,False,medium
10.1016/j.tsc.2026.102155,Exploring the relationship between reading literacy and creativity competence: A multilevel modeling approach,2026,PISA,reading,School SES,SES_COMPOSITE,SES,standardized_beta,0.31,positive,School collective creativity competence (school-level aggregated score),school,1.0,5557.0,True,False,medium
10.1016/j.tsc.2026.102168,Balancing creativity and emotional health: The role of openness,2026,PISA,other,Creative self-efficacy,SELF_EFFICACY,self_efficacy,standardized_beta,0.076,positive,Emotional control (index),student,,,True,True,high
10.1016/j.tsc.2026.102168,Balancing creativity and emotional health: The role of openness,2026,PISA,other,Creative thinking test score,OTHER,prior_achievement,standardized_beta,0.012,positive,Emotional control (index),student,,,True,True,high
10.1016/j.tsc.2026.102168,Balancing creativity and emotional health: The role of openness,2026,PISA,other,Openness to intellect,OTHER,other,standardized_beta,0.08,positive,Emotional control (index),student,,,True,True,high
10.1016/j.tsc.2026.102168,Balancing creativity and emotional health: The role of openness,2026,PISA,other,Openness to art,OTHER,other,standardized_beta,-0.036,negative,Emotional control (index),student,,,True,True,high
10.1016/j.tsc.2026.102168,Balancing creativity and emotional health: The role of openness,2026,PISA,other,Creative self-efficacy,SELF_EFFICACY,self_efficacy,standardized_beta,0.102,positive,Stress resistance (index),student,,,True,True,high
10.1016/j.tsc.2026.102168,Balancing creativity and emotional health: The role of openness,2026,PISA,other,Creative thinking test score,OTHER,prior_achievement,standardized_beta,0.008,positive,Stress resistance (index),student,,,True,True,high
10.1016/j.tsc.2026.102168,Balancing creativity and emotional health: The role of openness,2026,PISA,other,Openness to intellect,OTHER,other,standardized_beta,0.115,positive,Stress resistance (index),student,,,True,True,high
10.1016/j.tsc.2026.102168,Balancing creativity and emotional health: The role of openness,2026,PISA,other,Openness to art,OTHER,other,standardized_beta,-0.09,negative,Stress resistance (index),student,,,True,True,high
10.1016/j.tsc.2026.102168,Balancing creativity and emotional health: The role of openness,2026,PISA,other,Creative self-efficacy,SELF_EFFICACY,self_efficacy,standardized_beta,-0.03,negative,Psychosomatic symptoms (index),student,,,True,True,high
10.1016/j.tsc.2026.102168,Balancing creativity and emotional health: The role of openness,2026,PISA,other,Creative thinking test score,OTHER,prior_achievement,standardized_beta,0.025,positive,Psychosomatic symptoms (index),student,,,True,True,high
10.1016/j.tsc.2026.102205,The essence of creative thinking in PISA 2022: An item-level machine learning approach to construct validity at the facet level,2026,PISA,other,Item content domain,OTHER,other,accuracy,0.675,mixed,Creative thinking item score categories (no/partial/full) for GDI items,student,,142564.0,False,False,medium
10.1016/j.tsc.2026.102205,The essence of creative thinking in PISA 2022: An item-level machine learning approach to construct validity at the facet level,2026,PISA,other,Gender,GENDER,gender,accuracy,0.675,mixed,Creative thinking item score categories (no/partial/full) for GDI items,student,,142564.0,False,False,medium
10.1016/j.tsc.2026.102205,The essence of creative thinking in PISA 2022: An item-level machine learning approach to construct validity at the facet level,2026,PISA,other,Total time on task,INSTRUCTIONAL_TIME,other,accuracy,0.675,positive,Creative thinking item score categories (no/partial/full) for GDI items,student,,142564.0,False,False,medium
10.1016/j.tsc.2026.102205,The essence of creative thinking in PISA 2022: An item-level machine learning approach to construct validity at the facet level,2026,PISA,other,Reading competence (PV),OTHER,prior_achievement,accuracy,0.675,positive,Creative thinking item score categories (no/partial/full) for GDI items,student,,142564.0,False,False,medium
10.1016/j.tsc.2026.102205,The essence of creative thinking in PISA 2022: An item-level machine learning approach to construct validity at the facet level,2026,PISA,other,Home possessions (HOMEPOS),SES_COMPOSITE,SES,accuracy,0.675,positive,Creative thinking item score categories (no/partial/full) for GDI items,student,,142564.0,False,False,medium
10.1016/j.tsc.2026.102205,The essence of creative thinking in PISA 2022: An item-level machine learning approach to construct validity at the facet level,2026,PISA,other,Item content domain,OTHER,other,accuracy,0.645,mixed,Creative thinking item score categories (no/partial/full) for GCI items,student,,142564.0,False,False,medium
10.1016/j.tsc.2026.102205,The essence of creative thinking in PISA 2022: An item-level machine learning approach to construct validity at the facet level,2026,PISA,other,Total time on task,INSTRUCTIONAL_TIME,other,accuracy,0.645,positive,Creative thinking item score categories (no/partial/full) for GCI items,student,,142564.0,False,False,medium
10.1016/j.tsc.2026.102205,The essence of creative thinking in PISA 2022: An item-level machine learning approach to construct validity at the facet level,2026,PISA,other,Mathematics competence (PV),OTHER,prior_achievement,accuracy,0.645,positive,Creative thinking item score categories (no/partial/full) for GCI items,student,,142564.0,False,False,medium
10.1016/j.tsc.2026.102205,The essence of creative thinking in PISA 2022: An item-level machine learning approach to construct validity at the facet level,2026,PISA,other,Parental education (ISCEDP),PARENTAL_EDUCATION,parental_education,accuracy,0.645,positive,Creative thinking item score categories (no/partial/full) for GCI items,student,,142564.0,False,False,medium
10.1016/j.tsc.2026.102205,The essence of creative thinking in PISA 2022: An item-level machine learning approach to construct validity at the facet level,2026,PISA,other,Number of actions,OTHER,other,accuracy,0.645,positive,Creative thinking item score categories (no/partial/full) for GCI items,student,,142564.0,False,False,medium
10.1016/j.tsc.2026.102224,Predicting Key Factors Influencing Students’ Creative Thinking: A Machine Learning Analysis Based on PISA 2022 Data from East Asia,2026,PISA,other,Index of ESCS,SES_COMPOSITE,SES,R2,0.3414,positive,Creative thinking performance (average of 10 plausible values),student,5.0,29208.0,True,True,medium
10.1016/j.tsc.2026.102224,Predicting Key Factors Influencing Students’ Creative Thinking: A Machine Learning Analysis Based on PISA 2022 Data from East Asia,2026,PISA,other,Self-efficacy in digital competencies,SELF_EFFICACY,self_efficacy,other,,positive,Creative thinking performance (average of 10 plausible values),student,5.0,29208.0,True,True,medium
10.1016/j.tsc.2026.102224,Predicting Key Factors Influencing Students’ Creative Thinking: A Machine Learning Analysis Based on PISA 2022 Data from East Asia,2026,PISA,other,Curiosity,OTHER,motivation,other,,positive,Creative thinking performance (average of 10 plausible values),student,5.0,29208.0,True,True,medium
10.1016/j.tsc.2026.102224,Predicting Key Factors Influencing Students’ Creative Thinking: A Machine Learning Analysis Based on PISA 2022 Data from East Asia,2026,PISA,other,ICT resources,ICT_ACCESS,ICT,other,,positive,Creative thinking performance (average of 10 plausible values),student,5.0,29208.0,True,True,medium
10.1016/j.tsc.2026.102224,Predicting Key Factors Influencing Students’ Creative Thinking: A Machine Learning Analysis Based on PISA 2022 Data from East Asia,2026,PISA,other,Imagination,OTHER,motivation,other,,positive,Creative thinking performance (average of 10 plausible values),student,5.0,29208.0,True,True,medium
10.1016/j.tsc.2026.102235,1-s2.0-S1871187126001100-main,0,PISA,other,"Economic, social and cultural status (ESCS)",SES_COMPOSITE,SES,R2,0.028,,Differential item functioning (DIF) across subgroups,student,,10779.0,,False,medium
10.1016/j.tsc.2026.102235,1-s2.0-S1871187126001100-main,0,PISA,other,Immigrant background,SES_COMPOSITE,other,R2,0.028,,Differential item functioning (DIF) across subgroups,student,,10779.0,,False,medium
10.1016/j.tsc.2026.102235,1-s2.0-S1871187126001100-main,0,PISA,other,Gender,GENDER,gender,R2,0.028,,Differential item functioning (DIF) across subgroups,student,,10779.0,,False,medium
10.1016/j.psicod.2024.500152,1-s2.0-S2530380524000157-main,2025,PISA,mathematics,Gender,GENDER,gender,other,-7.45,negative,Mathematics competence (PISA 2022 score),student,1.0,28792.0,True,False,medium
10.1016/j.psicod.2024.500152,1-s2.0-S2530380524000157-main,2025,PISA,mathematics,Student socioeconomic context,SES_COMPOSITE,SES,other,13.52,positive,Mathematics competence (PISA 2022 score),student,1.0,28792.0,True,False,medium
10.1016/j.psicod.2024.500152,1-s2.0-S2530380524000157-main,2025,PISA,mathematics,Family cultural capital,OTHER,SES,other,6.28,positive,Mathematics competence (PISA 2022 score),student,1.0,28792.0,True,False,medium
10.1016/j.psicod.2024.500152,1-s2.0-S2530380524000157-main,2025,PISA,mathematics,Mathematics anxiety,ANXIETY,anxiety,other,-9.26,negative,Mathematics competence (PISA 2022 score),student,1.0,28792.0,True,False,medium
10.1016/j.psicod.2024.500152,1-s2.0-S2530380524000157-main,2025,PISA,mathematics,Self-efficacy in mathematics,SELF_EFFICACY,self_efficacy,other,7.64,positive,Mathematics competence (PISA 2022 score),student,1.0,28792.0,True,False,medium
10.1016/j.ssaho.2025.101359,Navigating the impact of the pandemic on teacher competencies: A comparative analysis across economic contexts using pre- and post-COVID-19 PISA data,2025,PISA,other,Pre vs post COVID period,OTHER,other,other,,positive,Empowerment-related competencies,country,24.0,,,False,medium
10.1016/j.ssaho.2025.101359,Navigating the impact of the pandemic on teacher competencies: A comparative analysis across economic contexts using pre- and post-COVID-19 PISA data,2025,PISA,other,Country economic level,GDP_EXPENDITURE,GDP_expenditure,other,,mixed,Empowerment-related competencies,country,24.0,,,False,medium
10.1016/j.ssaho.2025.101359,Navigating the impact of the pandemic on teacher competencies: A comparative analysis across economic contexts using pre- and post-COVID-19 PISA data,2025,PISA,other,Professional development needs,OTHER,teacher_quality,other,0.22,positive,Empowerment-related competencies,country,24.0,,,False,medium
10.1016/j.ssaho.2025.101359,Navigating the impact of the pandemic on teacher competencies: A comparative analysis across economic contexts using pre- and post-COVID-19 PISA data,2025,PISA,other,Teacher collaboration in school,TEACHER_QUALITY,school_climate,other,0.27,positive,Empowerment-related competencies,country,24.0,,,False,medium
10.1016/j.ssaho.2025.101359,Navigating the impact of the pandemic on teacher competencies: A comparative analysis across economic contexts using pre- and post-COVID-19 PISA data,2025,PISA,other,Pre vs post COVID period,OTHER,other,other,,positive,Management-related competencies,country,24.0,,,False,medium
10.1016/j.ssaho.2025.101359,Navigating the impact of the pandemic on teacher competencies: A comparative analysis across economic contexts using pre- and post-COVID-19 PISA data,2025,PISA,other,Country economic level,GDP_EXPENDITURE,GDP_expenditure,other,,mixed,Management-related competencies,country,24.0,,,False,medium
10.1016/j.ssaho.2025.101359,Navigating the impact of the pandemic on teacher competencies: A comparative analysis across economic contexts using pre- and post-COVID-19 PISA data,2025,PISA,other,Professional development needs,OTHER,teacher_quality,other,0.21,positive,Management-related competencies,country,24.0,,,False,medium
10.1016/j.ssaho.2025.101359,Navigating the impact of the pandemic on teacher competencies: A comparative analysis across economic contexts using pre- and post-COVID-19 PISA data,2025,PISA,other,Teacher collaboration in school,TEACHER_QUALITY,school_climate,other,0.27,positive,Management-related competencies,country,24.0,,,False,medium
10.1016/j.ssaho.2025.101486,Subjective well-being and educational performance in PISA: A copula based approach,2025,PISA,other,Life satisfaction (ST016),OTHER,other,r_correlation,0.026,positive,overall PISA performance,student,13.0,2022.0,False,False,medium
10.1016/j.ssaho.2025.101486,Subjective well-being and educational performance in PISA: A copula based approach,2025,PISA,other,Health satisfaction (WB155Q01),OTHER,other,r_correlation,0.026,positive,overall PISA performance,student,13.0,2022.0,False,False,medium
10.1016/j.ssaho.2025.101486,Subjective well-being and educational performance in PISA: A copula based approach,2025,PISA,other,Parents/guardians satisfaction (WB155Q08),OTHER,other,r_correlation,0.026,positive,overall PISA performance,student,13.0,2022.0,False,False,medium
10.1016/j.ssaho.2025.101486,Subjective well-being and educational performance in PISA: A copula based approach,2025,PISA,other,Life at school satisfaction (WB155Q10),OTHER,other,r_correlation,0.026,positive,overall PISA performance,student,13.0,2022.0,False,False,medium
10.1016/j.ssaho.2025.101486,Subjective well-being and educational performance in PISA: A copula based approach,2025,PISA,other,Latent SWB factor score,OTHER,other,standardized_beta,,positive,overall PISA performance,student,13.0,2022.0,False,False,medium
10.1016/j.ssaho.2025.101486,Subjective well-being and educational performance in PISA: A copula based approach,2025,PISA,other,Latent SWB factor score,OTHER,other,R2,0.03,positive,overall PISA performance,student,13.0,2022.0,False,True,medium
10.1016/j.ssaho.2025.102235,Role of secondary school students’ AI acceptance in mathematics learning in shaping academic achievement,2026,other,mathematics,Time using digital resources,ICT_ACCESS,ICT,R2,0.07,positive,Mathematics achievement (continuous score/percentage),student,1.0,804.0,,False,medium
10.1016/j.ssaho.2025.102235,Role of secondary school students’ AI acceptance in mathematics learning in shaping academic achievement,2026,other,mathematics,Perceived enjoyment (AI),MOTIVATION,motivation,R2,0.07,positive,Mathematics achievement (continuous score/percentage),student,1.0,804.0,,False,medium
10.1016/j.ssaho.2025.102235,Role of secondary school students’ AI acceptance in mathematics learning in shaping academic achievement,2026,other,mathematics,Perceived usefulness (AI),OTHER,motivation,R2,0.07,positive,Mathematics achievement (continuous score/percentage),student,1.0,804.0,,False,medium
10.1016/j.ssaho.2025.102235,Role of secondary school students’ AI acceptance in mathematics learning in shaping academic achievement,2026,other,mathematics,Attitude toward using AI,OTHER,motivation,R2,0.07,positive,Mathematics achievement (continuous score/percentage),student,1.0,804.0,,False,medium
10.1016/j.ssaho.2025.102235,Role of secondary school students’ AI acceptance in mathematics learning in shaping academic achievement,2026,other,mathematics,AI acceptance cluster level,OTHER,motivation,AUC,0.49,,"Mathematics achievement category (multi-class; e.g., Not graded to Outstanding)",student,1.0,804.0,,False,medium
10.1016/j.ssaho.2026.102748,The impact of financial education in schools on the financial literacy of Brazilian students,2026,PISA,other,Financial education course outside school,OTHER,other,other,45.57,positive,Financial literacy (PVFL; plausible value of financial literacy),student,1.0,3458.0,True,True,high
10.1016/j.ssaho.2026.102748,The impact of financial education in schools on the financial literacy of Brazilian students,2026,PISA,other,Financial education course outside school,OTHER,other,other,42.88,positive,Financial literacy by topic: Credit and indebtedness (PVFL),student,1.0,3458.0,True,True,high
10.1016/j.ssaho.2026.102748,The impact of financial education in schools on the financial literacy of Brazilian students,2026,PISA,other,Financial education course outside school,OTHER,other,other,35.4,positive,Financial literacy by topic: Investments (PVFL),student,1.0,3458.0,True,True,high
10.1016/j.ijedro.2025.100443,"The impact of digital resource utilization on student learning outcomes and self-efficacy across different economic contexts: A comparative analysis of PISA, 2022",2025,PISA,other,Use of digital resources at school,ICT_ACCESS,ICT,standardized_beta,0.15,positive,student learning outcomes,student,50.0,237844.0,,False,medium
10.1016/j.ijedro.2025.100443,"The impact of digital resource utilization on student learning outcomes and self-efficacy across different economic contexts: A comparative analysis of PISA, 2022",2025,PISA,other,Use of digital resources outside school,ICT_ACCESS,ICT,standardized_beta,0.1,positive,student learning outcomes,student,50.0,237844.0,,False,medium
10.1016/j.ijedro.2025.100443,"The impact of digital resource utilization on student learning outcomes and self-efficacy across different economic contexts: A comparative analysis of PISA, 2022",2025,PISA,other,Use of digital resources for learning,ICT_ACCESS,ICT,standardized_beta,0.12,positive,student learning outcomes,student,50.0,237844.0,,False,medium
10.1016/j.ijedro.2025.100443,"The impact of digital resource utilization on student learning outcomes and self-efficacy across different economic contexts: A comparative analysis of PISA, 2022",2025,PISA,other,Use of digital resources for feedback,ICT_ACCESS,ICT,standardized_beta,0.08,positive,student learning outcomes,student,50.0,237844.0,,False,medium
10.1016/j.ijedro.2025.100443,"The impact of digital resource utilization on student learning outcomes and self-efficacy across different economic contexts: A comparative analysis of PISA, 2022",2025,PISA,other,Use of digital resources for school activities,ICT_ACCESS,ICT,standardized_beta,0.09,positive,student learning outcomes,student,50.0,237844.0,,False,medium
10.1016/j.ijedro.2025.100443,"The impact of digital resource utilization on student learning outcomes and self-efficacy across different economic contexts: A comparative analysis of PISA, 2022",2025,PISA,other,Self-efficacy in digital competencies,SELF_EFFICACY,self_efficacy,standardized_beta,0.2,positive,student learning outcomes,student,50.0,237844.0,,False,medium
10.1016/j.ijedro.2025.100571,"Creative thinking, mathematics achievement, and well-being: A multilevel analysis of Spanish students",2026,PISA,mathematics,Creative thinking performance,OTHER,other,standardized_beta,3.95,positive,Mathematics achievement (PV1MATH),student,1.0,30800.0,True,False,medium
10.1016/j.ijedro.2025.100571,"Creative thinking, mathematics achievement, and well-being: A multilevel analysis of Spanish students",2026,PISA,mathematics,School-average creative thinking,AGE_GRADE,other,standardized_beta,2.54,positive,Mathematics achievement (PV1MATH),school,1.0,30800.0,True,False,medium
10.1016/j.ijedro.2025.100571,"Creative thinking, mathematics achievement, and well-being: A multilevel analysis of Spanish students",2026,PISA,mathematics,Creative Thinking × SES,SES_COMPOSITE,other,standardized_beta,0.01,,Mathematics achievement (PV1MATH),student,1.0,30800.0,True,False,medium
10.1016/j.caeai.2025.100411,Assessing reading fluency in elementary grades: A machine learning approach,2025,other,reading,Reading speed (WPM),OTHER,other,accuracy,0.83,positive,Fluency (binary: fluent vs nonfluent),student,1.0,513.0,,False,medium
10.1016/j.caeai.2025.100411,Assessing reading fluency in elementary grades: A machine learning approach,2025,other,reading,Reading speed (WPM),OTHER,other,R2,0.7071,positive,"Fluency (continuous score, 0-10)",student,1.0,513.0,,False,medium
10.1016/j.caeai.2025.100411,Assessing reading fluency in elementary grades: A machine learning approach,2025,other,reading,Reading speed (WPM),OTHER,other,accuracy,0.75,positive,"Fluency (multiclass: nonfluent, partially fluent, fluent)",student,1.0,513.0,,False,medium
10.1016/j.caeai.2025.100411,Assessing reading fluency in elementary grades: A machine learning approach,2025,other,reading,Accuracy (correct words),OTHER,other,accuracy,0.83,positive,Fluency (binary: fluent vs nonfluent),student,1.0,513.0,,False,medium
10.1016/j.caeai.2025.100411,Assessing reading fluency in elementary grades: A machine learning approach,2025,other,reading,Prosody (correct pauses),SES_COMPOSITE,other,accuracy,0.83,positive,Fluency (binary: fluent vs nonfluent),student,1.0,513.0,,False,medium
10.1016/j.caeai.2025.100431,Which educational approaches predict students’ generative AI confidence and responsibility?,2025,other,other,Critical-reflective GenAI approach,OTHER,other,standardized_beta,0.11,positive,GenAI confidence,student,1.0,1157.0,,False,medium
10.1016/j.caeai.2025.100431,Which educational approaches predict students’ generative AI confidence and responsibility?,2025,other,other,Creative-productive GenAI approach,OTHER,other,standardized_beta,0.08,positive,GenAI confidence,student,1.0,1157.0,,False,medium
10.1016/j.caeai.2025.100431,Which educational approaches predict students’ generative AI confidence and responsibility?,2025,other,other,Gender (male/female/other),GENDER,gender,standardized_beta,-0.24,negative,GenAI confidence,student,1.0,1157.0,,False,medium
10.1016/j.caeai.2025.100431,Which educational approaches predict students’ generative AI confidence and responsibility?,2025,other,other,Critical-reflective GenAI approach,OTHER,other,standardized_beta,0.16,positive,GenAI responsibility,student,1.0,1157.0,,False,medium
10.1016/j.caeai.2025.100431,Which educational approaches predict students’ generative AI confidence and responsibility?,2025,other,other,Gender (male/female/other),GENDER,gender,standardized_beta,0.09,positive,GenAI responsibility,student,1.0,1157.0,,False,medium
10.1016/j.compedu.2026.105573,Measuring different types and domains of AI knowledge: Developing and validating a performance-based scale,2026,other,other,Accumulating GenAI experience,OTHER,other,η2,0.106,positive,Overall AI knowledge score (0–27),student,1.0,800.0,,False,medium
10.1016/j.compedu.2026.105573,Measuring different types and domains of AI knowledge: Developing and validating a performance-based scale,2026,other,other,Education level,PARENTAL_EDUCATION,SES,η2,0.11,positive,Overall AI knowledge score (0–27),student,1.0,800.0,,False,medium
10.1016/j.compedu.2026.105573,Measuring different types and domains of AI knowledge: Developing and validating a performance-based scale,2026,other,other,Gender,GENDER,gender,t-test,,mixed,Overall AI knowledge score (0–27),student,1.0,800.0,,False,medium
10.1016/j.compedu.2026.105573,Measuring different types and domains of AI knowledge: Developing and validating a performance-based scale,2026,other,other,Age,AGE_GRADE,other,η2,0.11,positive,Overall AI knowledge score (0–27),student,1.0,800.0,,False,medium
10.1016/j.tsc.2025.102064,Scientific reasoning scale in Italy: Validation studies,2026,other,other,CRT-Long,OTHER,other,r_correlation,0.523,positive,Scientific Reasoning Scale (SRS),other,1.0,897.0,,False,medium
10.1016/j.tsc.2025.102064,Scientific reasoning scale in Italy: Validation studies,2026,other,other,PRS,OTHER,other,r_correlation,0.578,positive,Scientific Reasoning Scale (SRS),other,1.0,897.0,,False,medium
10.1016/j.stueduc.2024.101347,Teaching quality and student reading outcomes: Evidence from a longitudinal study from grade 5 to 7,2024,other,reading,Reading competence (grade 5),OTHER,prior_achievement,R2,0.27,positive,Reading competence (grade 7),student,1.0,3067.0,,True,medium
10.1016/j.stueduc.2024.101347,Teaching quality and student reading outcomes: Evidence from a longitudinal study from grade 5 to 7,2024,other,reading,Attitudes towards reading (grade 5),OTHER,motivation,standardized_beta,,,Reading competence (grade 7),student,1.0,3067.0,,True,medium
10.1016/j.stueduc.2024.101347,Teaching quality and student reading outcomes: Evidence from a longitudinal study from grade 5 to 7,2024,other,reading,Gender,GENDER,gender,standardized_beta,,,Reading competence (grade 7),student,1.0,3067.0,,True,medium
10.1016/j.stueduc.2024.101347,Teaching quality and student reading outcomes: Evidence from a longitudinal study from grade 5 to 7,2024,other,reading,Number of books at home,HOME_RESOURCES,SES,standardized_beta,,,Reading competence (grade 7),student,1.0,3067.0,,True,medium
10.1016/j.stueduc.2024.101347,Teaching quality and student reading outcomes: Evidence from a longitudinal study from grade 5 to 7,2024,other,reading,Parental education level,PARENTAL_EDUCATION,parental_education,standardized_beta,,,Reading competence (grade 7),student,1.0,3067.0,,True,medium
10.1016/j.stueduc.2024.101347,Teaching quality and student reading outcomes: Evidence from a longitudinal study from grade 5 to 7,2024,other,reading,Attitudes towards reading (grade 5),OTHER,motivation,R2,0.23,positive,Attitudes towards reading (grade 7),student,1.0,3067.0,,True,medium
10.1016/j.stueduc.2024.101347,Teaching quality and student reading outcomes: Evidence from a longitudinal study from grade 5 to 7,2024,other,reading,Reading competence (grade 5),OTHER,prior_achievement,standardized_beta,,,Attitudes towards reading (grade 7),student,1.0,3067.0,,True,medium
10.1016/j.stueduc.2024.101347,Teaching quality and student reading outcomes: Evidence from a longitudinal study from grade 5 to 7,2024,other,reading,Gender,GENDER,gender,standardized_beta,,,Attitudes towards reading (grade 7),student,1.0,3067.0,,True,medium
10.1016/j.stueduc.2024.101347,Teaching quality and student reading outcomes: Evidence from a longitudinal study from grade 5 to 7,2024,other,reading,School satisfaction,OTHER,school_climate,standardized_beta,,,Attitudes towards reading (grade 7),student,1.0,3067.0,,True,medium
10.1016/j.stueduc.2024.101347,Teaching quality and student reading outcomes: Evidence from a longitudinal study from grade 5 to 7,2024,other,reading,Migration background,OTHER,demographic,standardized_beta,,,Attitudes towards reading (grade 7),student,1.0,3067.0,,True,medium
10.1016/j.tate.2022.103664,What makes teachers stay? A cross-sectional exploration of the individual and contextual factors associated with teacher retention in Sweden.,2022,other,other,Health-related quality of life,OTHER,motivation,standardized_beta,0.29,positive,Teacher retention intention,other,1.0,5903.0,,False,medium
10.1016/j.tate.2022.103664,What makes teachers stay? A cross-sectional exploration of the individual and contextual factors associated with teacher retention in Sweden.,2022,other,other,Exhaustion,OTHER,motivation,standardized_beta,-0.14,negative,Teacher retention intention,other,1.0,5903.0,,False,medium
10.1016/j.tate.2022.103664,What makes teachers stay? A cross-sectional exploration of the individual and contextual factors associated with teacher retention in Sweden.,2022,other,other,Work motivation,MOTIVATION,motivation,standardized_beta,0.1,positive,Teacher retention intention,other,1.0,5903.0,,False,medium
10.1016/j.tate.2022.103664,What makes teachers stay? A cross-sectional exploration of the individual and contextual factors associated with teacher retention in Sweden.,2022,other,other,Support from colleagues,OTHER,school_climate,standardized_beta,0.06,positive,Teacher retention intention,other,1.0,5903.0,,False,medium
10.1016/j.tate.2022.103664,What makes teachers stay? A cross-sectional exploration of the individual and contextual factors associated with teacher retention in Sweden.,2022,other,other,Work-life interference,OTHER,motivation,standardized_beta,0.05,positive,Teacher retention intention,other,1.0,5903.0,,False,medium
10.1016/j.tate.2022.103664,What makes teachers stay? A cross-sectional exploration of the individual and contextual factors associated with teacher retention in Sweden.,2022,other,other,Organizational commitment,OTHER,motivation,standardized_beta,0.04,positive,Teacher retention intention,other,1.0,5903.0,,False,medium
10.1016/j.learninstruc.2022.101616,"Students’ growth mindset: Relation to teacher beliefs, teaching practices, and school climate",2022,other,other,guided_inquiry,OTHER,other,standardized_beta,0.41,positive,Students’ intelligence growth mindset,student,1.0,2200.0,,False,medium
10.1016/j.learninstruc.2022.101616,"Students’ growth mindset: Relation to teacher beliefs, teaching practices, and school climate",2022,other,other,task_differentiation,OTHER,other,standardized_beta,-0.56,negative,Students’ intelligence growth mindset,student,1.0,2200.0,,False,medium
10.1016/j.learninstruc.2022.101616,"Students’ growth mindset: Relation to teacher beliefs, teaching practices, and school climate",2022,other,other,holistic_development,OTHER,school_climate,standardized_beta,0.43,positive,Students’ intelligence growth mindset,student,1.0,2200.0,,False,medium
10.1016/j.stueduc.2020.100942,Developing a shared cluster construct of instructional leadership in TALIS,2021,other,other,Principal instructional leadership,OTHER,teacher_quality,standardized_beta,,,Teacher job satisfaction with current work environment,school,4.0,10688.0,,True,medium
10.1016/j.stueduc.2020.100942,Developing a shared cluster construct of instructional leadership in TALIS,2021,other,other,Developing school learning climate,OTHER,school_climate,standardized_beta,0.609,positive,Teacher job satisfaction with current work environment,school,4.0,10688.0,,True,medium
10.1016/j.tate.2020.103273,Exploring Factors associated with the implementation of student-centered instructional practices in U.S. classrooms,2021,other,other,PD in ICT skills for teaching,ICT_ACCESS,ICT,odds_ratio,1.34,positive,Adaptive instruction (ordinal frequency),school,1.0,1112.0,,False,medium
10.1016/j.tate.2020.103273,Exploring Factors associated with the implementation of student-centered instructional practices in U.S. classrooms,2021,other,other,Feedback from student surveys,OTHER,other,odds_ratio,1.63,positive,Adaptive instruction (ordinal frequency),school,1.0,1112.0,,False,medium
10.1016/j.tate.2020.103273,Exploring Factors associated with the implementation of student-centered instructional practices in U.S. classrooms,2021,other,other,Use of student assessment,SES_COMPOSITE,other,odds_ratio,1.2,positive,Adaptive instruction (ordinal frequency),school,1.0,1112.0,,False,medium
10.1016/j.tate.2020.103273,Exploring Factors associated with the implementation of student-centered instructional practices in U.S. classrooms,2021,other,other,Proportion of diverse learners,OTHER,other,odds_ratio,2.0,positive,Adaptive instruction (ordinal frequency),school,1.0,1112.0,,False,medium
10.1016/j.tate.2020.103273,Exploring Factors associated with the implementation of student-centered instructional practices in U.S. classrooms,2021,other,other,PD in individualized learning,OTHER,other,odds_ratio,1.4,positive,Adaptive instruction (ordinal frequency),school,1.0,1112.0,,False,medium
10.1016/j.tate.2020.103273,Exploring Factors associated with the implementation of student-centered instructional practices in U.S. classrooms,2021,other,other,Inadequacy of instructional materials,OTHER,school_resources,odds_ratio,0.96,negative,ICT-enhanced learning (ordinal frequency),school,1.0,1112.0,,False,medium
10.1016/j.tate.2020.103273,Exploring Factors associated with the implementation of student-centered instructional practices in U.S. classrooms,2021,other,other,PD in ICT skills for teaching,ICT_ACCESS,ICT,odds_ratio,2.04,positive,ICT-enhanced learning (ordinal frequency),school,1.0,1112.0,,False,medium
10.1016/j.tate.2020.103273,Exploring Factors associated with the implementation of student-centered instructional practices in U.S. classrooms,2021,other,other,Feedback from student surveys,OTHER,other,odds_ratio,1.52,positive,ICT-enhanced learning (ordinal frequency),school,1.0,1112.0,,False,medium
10.1016/j.tate.2020.103273,Exploring Factors associated with the implementation of student-centered instructional practices in U.S. classrooms,2021,other,other,Use of student assessment,SES_COMPOSITE,other,odds_ratio,1.13,positive,ICT-enhanced learning (ordinal frequency),school,1.0,1112.0,,False,medium
10.1016/j.tate.2023.104205,Profiles of teaching practices and teacher co-operation: A person-centered approach in multilevel context,2023,other,other,Team innovativeness,OTHER,teacher_quality,other,,positive,Primary study outcome (heuristic migration),other,1.0,6861.0,,False,medium
10.1016/j.tate.2023.104205,Profiles of teaching practices and teacher co-operation: A person-centered approach in multilevel context,2023,other,other,School location (village/town/city),PRIOR_ACHIEVEMENT,school_climate,other,,mixed,Primary study outcome (heuristic migration),other,1.0,6861.0,,False,medium
10.1016/j.tate.2023.104205,Profiles of teaching practices and teacher co-operation: A person-centered approach in multilevel context,2023,other,other,Teaching experience (years),OTHER,teacher_quality,other,,,Primary study outcome (heuristic migration),other,1.0,6861.0,,False,medium
10.1016/j.tate.2023.104229,"Teacher wellbeing in rural, regional, and metropolitan schools: Examining resources and demands across locations",2023,other,other,Student behavior stress,ANXIETY,school_climate,standardized_beta,-0.36,negative,Teacher self-efficacy,other,1.0,3376.0,,True,medium
10.1016/j.tate.2023.104229,"Teacher wellbeing in rural, regional, and metropolitan schools: Examining resources and demands across locations",2023,other,other,Student behavior stress,ANXIETY,school_climate,standardized_beta,-0.54,negative,Teacher self-efficacy,other,1.0,3376.0,,True,medium
10.1016/j.tate.2023.104229,"Teacher wellbeing in rural, regional, and metropolitan schools: Examining resources and demands across locations",2023,other,other,Student behavior stress,ANXIETY,school_climate,standardized_beta,-0.26,negative,Teacher self-efficacy,other,1.0,3376.0,,True,medium
10.1016/j.tate.2023.104229,"Teacher wellbeing in rural, regional, and metropolitan schools: Examining resources and demands across locations",2023,other,other,Student behavior stress,ANXIETY,school_climate,standardized_beta,0.59,positive,Teacher strain,other,1.0,3376.0,,True,medium
10.1016/j.tate.2023.104229,"Teacher wellbeing in rural, regional, and metropolitan schools: Examining resources and demands across locations",2023,other,other,Student behavior stress,ANXIETY,school_climate,standardized_beta,0.34,positive,Teacher strain,other,1.0,3376.0,,True,medium
10.1016/j.tate.2023.104229,"Teacher wellbeing in rural, regional, and metropolitan schools: Examining resources and demands across locations",2023,other,other,Student behavior stress,ANXIETY,school_climate,standardized_beta,0.34,positive,Teacher strain,other,1.0,3376.0,,True,medium
10.1016/j.tate.2023.104229,"Teacher wellbeing in rural, regional, and metropolitan schools: Examining resources and demands across locations",2023,other,other,Student behavior stress,ANXIETY,school_climate,standardized_beta,-0.36,negative,Teacher job satisfaction,other,1.0,3376.0,,True,medium
10.1016/j.tate.2023.104229,"Teacher wellbeing in rural, regional, and metropolitan schools: Examining resources and demands across locations",2023,other,other,Student behavior stress,ANXIETY,school_climate,standardized_beta,-0.26,negative,Teacher job satisfaction,other,1.0,3376.0,,True,medium
10.1016/j.tate.2023.104229,"Teacher wellbeing in rural, regional, and metropolitan schools: Examining resources and demands across locations",2023,other,other,Student behavior stress,ANXIETY,school_climate,standardized_beta,-0.21,negative,Teacher job satisfaction,other,1.0,3376.0,,True,medium
10.1016/j.tate.2024.104922,Understanding the relationship between teacher collaboration and instructional clarity via teacher self-efficacy: A moderated mediation model of organizational commitment,2025,other,other,Teacher collaboration,TEACHER_QUALITY,teacher_quality,standardized_beta,0.156,positive,Clarity of instruction (latent),school,1.0,1897.0,,True,medium
10.1016/j.tate.2024.104922,Understanding the relationship between teacher collaboration and instructional clarity via teacher self-efficacy: A moderated mediation model of organizational commitment,2025,other,other,Teacher self-efficacy in instruction,SELF_EFFICACY,self_efficacy,standardized_beta,0.148,positive,Clarity of instruction (latent),school,1.0,1897.0,,True,medium
10.1016/j.tate.2024.104922,Understanding the relationship between teacher collaboration and instructional clarity via teacher self-efficacy: A moderated mediation model of organizational commitment,2025,other,other,Organizational commitment,OTHER,other,standardized_beta,,positive,Clarity of instruction (latent),school,1.0,1897.0,,True,medium
10.1016/j.learninstruc.2021.101513,Teacher self-efficacy and self-reported cognitive activation and classroom management: A multilevel perspective on the role of school characteristics,2021,other,other,Self-efficacy in instruction,SELF_EFFICACY,self_efficacy,standardized_beta,0.3,positive,Cognitive activation (teacher-reported instructional quality),school,1.0,4255.0,,True,medium
10.1016/j.learninstruc.2021.101513,Teacher self-efficacy and self-reported cognitive activation and classroom management: A multilevel perspective on the role of school characteristics,2021,other,other,School-level efficacy in instruction,OTHER,self_efficacy,standardized_beta,0.66,positive,Cognitive activation (teacher-reported instructional quality),school,1.0,4255.0,,True,medium
10.1016/j.learninstruc.2021.101513,Teacher self-efficacy and self-reported cognitive activation and classroom management: A multilevel perspective on the role of school characteristics,2021,other,other,Self-efficacy in classroom management,SELF_EFFICACY,self_efficacy,standardized_beta,0.34,positive,Classroom management (teacher-reported instructional quality),school,1.0,4255.0,,True,medium
10.1016/j.learninstruc.2021.101513,Teacher self-efficacy and self-reported cognitive activation and classroom management: A multilevel perspective on the role of school characteristics,2021,other,other,School-level efficacy in classroom management,AGE_GRADE,self_efficacy,standardized_beta,0.68,positive,Classroom management (teacher-reported instructional quality),school,1.0,4255.0,,True,medium
10.1016/j.learninstruc.2021.101513,Teacher self-efficacy and self-reported cognitive activation and classroom management: A multilevel perspective on the role of school characteristics,2021,other,other,Principal instructional leadership,OTHER,school_climate,standardized_beta,-0.22,negative,Classroom management (teacher-reported instructional quality),school,1.0,4255.0,,True,medium
10.1016/j.tsc.2024.101464,How can an innovative teaching force be developed? The empowering role of distributed leadership,2024,other,other,Distributed leadership,OTHER,school_climate,standardized_beta,0.273,positive,Team innovation,school,3.0,3936.0,,False,medium
10.1016/j.tsc.2024.101464,How can an innovative teaching force be developed? The empowering role of distributed leadership,2024,other,other,Teacher collaboration,TEACHER_QUALITY,teacher_quality,standardized_beta,0.289,positive,Team innovation,school,3.0,3936.0,,False,medium
10.1016/j.tsc.2024.101464,How can an innovative teaching force be developed? The empowering role of distributed leadership,2024,other,other,Teacher self-efficacy,SELF_EFFICACY,self_efficacy,standardized_beta,0.079,positive,Team innovation,school,3.0,3936.0,,False,medium
10.1016/j.tsc.2024.101464,How can an innovative teaching force be developed? The empowering role of distributed leadership,2024,other,other,Distributed leadership,OTHER,school_climate,standardized_beta,0.095,positive,Individual innovation,school,3.0,3237.0,,False,medium
10.1016/j.tsc.2024.101464,How can an innovative teaching force be developed? The empowering role of distributed leadership,2024,other,other,Teacher collaboration,TEACHER_QUALITY,teacher_quality,standardized_beta,0.108,positive,Individual innovation,school,3.0,3237.0,,False,medium
10.1016/j.tsc.2024.101464,How can an innovative teaching force be developed? The empowering role of distributed leadership,2024,other,other,Teacher self-efficacy,SELF_EFFICACY,self_efficacy,standardized_beta,0.218,positive,Individual innovation,school,3.0,3237.0,,False,medium
10.1016/j.compedu.2024.105092,A multilevel investigation into teacher-supported student use of technology in East Asian classroom: Examining teacher and school characteristics,2024,other,other,Self-efficacy in student engagement,SELF_EFFICACY,self_efficacy,standardized_beta,0.15,positive,Teacher-supported student use of information technology (TSSUT1),teacher,5.0,14025.0,,True,high
10.1016/j.compedu.2024.105092,A multilevel investigation into teacher-supported student use of technology in East Asian classroom: Examining teacher and school characteristics,2024,other,other,Professional collaboration (lessons),TEACHER_QUALITY,teacher_quality,standardized_beta,0.111,positive,Teacher-supported student use of information technology (TSSUT1),teacher,5.0,14025.0,,True,high
10.1016/j.compedu.2024.105092,A multilevel investigation into teacher-supported student use of technology in East Asian classroom: Examining teacher and school characteristics,2024,other,other,Workload stress,ANXIETY,teacher_quality,standardized_beta,0.078,positive,Teacher-supported student use of information technology (TSSUT1),teacher,5.0,14025.0,,True,high
10.1016/j.compedu.2024.105092,A multilevel investigation into teacher-supported student use of technology in East Asian classroom: Examining teacher and school characteristics,2024,other,other,Lack of material resources,OTHER,school_resources,standardized_beta,-0.201,negative,Teacher-supported student use of information technology (TSSUT1),school,5.0,14025.0,,True,high
10.1016/j.compedu.2024.105092,A multilevel investigation into teacher-supported student use of technology in East Asian classroom: Examining teacher and school characteristics,2024,other,other,Self-efficacy in student engagement,SELF_EFFICACY,self_efficacy,standardized_beta,0.285,positive,Teacher-supported student use of digital technology (TSSUT2),teacher,5.0,14025.0,,True,high
10.1016/j.compedu.2024.105092,A multilevel investigation into teacher-supported student use of technology in East Asian classroom: Examining teacher and school characteristics,2024,other,other,Professional collaboration (lessons),TEACHER_QUALITY,teacher_quality,standardized_beta,0.037,positive,Teacher-supported student use of digital technology (TSSUT2),teacher,5.0,14025.0,,True,high
10.1016/j.compedu.2024.105092,A multilevel investigation into teacher-supported student use of technology in East Asian classroom: Examining teacher and school characteristics,2024,other,other,Workload stress,ANXIETY,teacher_quality,standardized_beta,0.063,positive,Teacher-supported student use of digital technology (TSSUT2),teacher,5.0,14025.0,,True,high
10.1016/j.compedu.2024.105092,A multilevel investigation into teacher-supported student use of technology in East Asian classroom: Examining teacher and school characteristics,2024,other,other,Lack of material resources,OTHER,school_resources,standardized_beta,-0.163,negative,Teacher-supported student use of digital technology (TSSUT2),school,5.0,14025.0,,True,high
10.1016/j.compedu.2024.105092,A multilevel investigation into teacher-supported student use of technology in East Asian classroom: Examining teacher and school characteristics,2024,other,other,Number of enrolled students,OTHER,school_resources,standardized_beta,0.212,positive,Teacher-supported student use of digital technology (TSSUT2),school,5.0,14025.0,,True,high
10.1016/j.stueduc.2024.101375,Classroom heterogeneity and assessment for learning: Evidence from 47 countries using TALIS 2018,2024,other,other,Country GDP per capita (logged),GDP_EXPENDITURE,GDP_expenditure,standardized_beta,0.15,positive,Assessment for Learning frequency scale,country,46.0,,,True,medium
10.1016/j.stueduc.2024.101375,Classroom heterogeneity and assessment for learning: Evidence from 47 countries using TALIS 2018,2024,other,other,Country Gini index,OTHER,other,standardized_beta,-0.1,negative,Assessment for Learning frequency scale,country,46.0,,,True,medium
10.1016/j.stueduc.2024.101375,Classroom heterogeneity and assessment for learning: Evidence from 47 countries using TALIS 2018,2024,other,other,Student-teacher ratio,SCHOOL_RESOURCES,school_resources,standardized_beta,-0.05,negative,Assessment for Learning frequency scale,school,46.0,,,True,medium
10.1016/j.stueduc.2024.101375,Classroom heterogeneity and assessment for learning: Evidence from 47 countries using TALIS 2018,2024,other,other,Teacher decision-making empowerment,OTHER,teacher_quality,standardized_beta,0.12,positive,Assessment for Learning frequency scale,school,46.0,,,True,medium
10.1016/j.tate.2021.103463,"Collective teacher innovativeness in 48 countries: Effects of teacher autonomy, collaborative culture, and professional learning",2021,other,other,Collaborative Culture,OTHER,school_climate,standardized_beta,0.433,positive,Collective Teacher Innovativeness,teacher,48.0,241426.0,,,medium
10.1016/j.tate.2021.103463,"Collective teacher innovativeness in 48 countries: Effects of teacher autonomy, collaborative culture, and professional learning",2021,other,other,Teacher Autonomy,OTHER,teacher_quality,standardized_beta,0.016,positive,Collective Teacher Innovativeness,teacher,48.0,241426.0,,,medium
10.1016/j.tate.2021.103463,"Collective teacher innovativeness in 48 countries: Effects of teacher autonomy, collaborative culture, and professional learning",2021,other,other,Collaborative Culture,OTHER,school_climate,standardized_beta,0.641,positive,Collective Teacher Innovativeness,school,48.0,241426.0,,,medium
10.1016/j.tate.2021.103463,"Collective teacher innovativeness in 48 countries: Effects of teacher autonomy, collaborative culture, and professional learning",2021,other,other,Teacher Autonomy,OTHER,teacher_quality,standardized_beta,0.179,positive,Collective Teacher Innovativeness,school,48.0,241426.0,,,medium
10.1016/j.tate.2021.103463,"Collective teacher innovativeness in 48 countries: Effects of teacher autonomy, collaborative culture, and professional learning",2021,other,other,Integrated Professional Learning,OTHER,other,standardized_beta,-0.011,negative,Collective Teacher Innovativeness,teacher,48.0,241426.0,,,medium
10.1016/j.tate.2021.103463,"Collective teacher innovativeness in 48 countries: Effects of teacher autonomy, collaborative culture, and professional learning",2021,other,other,Integrated Professional Learning,OTHER,other,standardized_beta,0.133,positive,Collective Teacher Innovativeness,school,48.0,241426.0,,,medium
10.1016/j.tate.2026.105541,Cultivating collective teacher innovativeness in high power distance settings: The role of empowering leadership and collective teacher efficacy,2026,other,other,Collective teacher efficacy (CTE),OTHER,teacher_quality,standardized_beta,0.799,positive,Collective teacher innovativeness (CTI),school,1.0,926.0,,False,medium
10.1016/j.tate.2026.105541,Cultivating collective teacher innovativeness in high power distance settings: The role of empowering leadership and collective teacher efficacy,2026,other,other,Empowering leadership (EL),OTHER,school_climate,standardized_beta,0.206,,Collective teacher innovativeness (CTI),school,1.0,926.0,,False,medium
10.1016/j.tate.2026.105541,Cultivating collective teacher innovativeness in high power distance settings: The role of empowering leadership and collective teacher efficacy,2026,other,other,Empowering leadership (EL) via Collective teacher efficacy (CTE),OTHER,school_climate,standardized_beta,0.416,positive,Collective teacher innovativeness (CTI),school,1.0,926.0,,False,medium
10.1016/j.tate.2026.105541,Cultivating collective teacher innovativeness in high power distance settings: The role of empowering leadership and collective teacher efficacy,2026,other,other,Empowering leadership (EL) via Collective teacher efficacy (CTE) at +1 SD School power distance (SPD),OTHER,school_climate,standardized_beta,0.569,positive,Collective teacher innovativeness (CTI),school,1.0,926.0,,False,medium
10.1016/j.tate.2026.105541,Cultivating collective teacher innovativeness in high power distance settings: The role of empowering leadership and collective teacher efficacy,2026,other,other,Empowering leadership (EL) via Collective teacher efficacy (CTE) at -1 SD School power distance (SPD),OTHER,school_climate,standardized_beta,0.252,positive,Collective teacher innovativeness (CTI),school,1.0,926.0,,False,medium
10.1016/j.tate.2021.103427,"Early career teacher retention intention: Individual, school and country characteristics",2021,other,other,Starting salary (PPP adjusted),OTHER,GDP_expenditure,standardized_beta,0.25,positive,expected career duration,country,25.0,11613.0,,False,medium
10.1016/j.tate.2021.103427,"Early career teacher retention intention: Individual, school and country characteristics",2021,other,other,Competitive exam (mandatory),OTHER,other,standardized_beta,0.15,positive,expected career duration,country,25.0,11613.0,,False,medium
10.1016/j.jssr.2021.05.006,Examining the relationship between instructional practice and social studies teacher training: A TALIS study,2021,other,other,Gender (female vs male),GENDER,gender,standardized_beta,0.762,positive,Clarity of instruction (composite),other,1.0,240.0,,False,low
10.1016/j.jssr.2021.05.006,Examining the relationship between instructional practice and social studies teacher training: A TALIS study,2021,other,other,ITE content of subject,OTHER,teacher_quality,standardized_beta,0.681,positive,Clarity of instruction (composite),other,1.0,240.0,,False,low
10.1016/j.jssr.2021.05.006,Examining the relationship between instructional practice and social studies teacher training: A TALIS study,2021,other,other,ITE ICT for teaching,ICT_ACCESS,ICT,standardized_beta,0.677,positive,Clarity of instruction (composite),other,1.0,240.0,,False,low
10.1016/j.jssr.2021.05.006,Examining the relationship between instructional practice and social studies teacher training: A TALIS study,2021,other,other,ITE monitoring student learning,OTHER,teacher_quality,standardized_beta,0.496,positive,Clarity of instruction (composite),other,1.0,240.0,,False,low
10.1016/j.jssr.2021.05.006,Examining the relationship between instructional practice and social studies teacher training: A TALIS study,2021,other,other,Gender (female vs male),GENDER,gender,standardized_beta,0.97,positive,Classroom management (composite),other,1.0,240.0,,False,low
10.1016/j.jssr.2021.05.006,Examining the relationship between instructional practice and social studies teacher training: A TALIS study,2021,other,other,Teaching experience (years),OTHER,teacher_quality,standardized_beta,-0.035,negative,Classroom management (composite),other,1.0,240.0,,False,low
10.1016/j.tsc.2025.101954,"Exploring how institutional structures shape instructional quality: The roles of teacher education, employment, and development in fostering higher-order thinking skills",2025,other,other,Gender,GENDER,gender,other,0.089,positive,Critical thinking instructional quality,teacher,1.0,2560.0,,True,high
10.1016/j.tsc.2025.101954,"Exploring how institutional structures shape instructional quality: The roles of teacher education, employment, and development in fostering higher-order thinking skills",2025,other,other,Educational attainment,PARENTAL_EDUCATION,SES,other,0.103,positive,Critical thinking instructional quality,teacher,1.0,2560.0,,True,high
10.1016/j.tsc.2025.101954,"Exploring how institutional structures shape instructional quality: The roles of teacher education, employment, and development in fostering higher-order thinking skills",2025,other,other,General pedagogy,OTHER,teacher_quality,other,0.083,positive,Critical thinking instructional quality,teacher,1.0,2560.0,,True,high
10.1016/j.tsc.2025.101954,"Exploring how institutional structures shape instructional quality: The roles of teacher education, employment, and development in fostering higher-order thinking skills",2025,other,other,Informal PD: observation visits,OTHER,teacher_quality,other,0.102,positive,Critical thinking instructional quality,teacher,1.0,2560.0,,True,high
10.1016/j.tsc.2025.101954,"Exploring how institutional structures shape instructional quality: The roles of teacher education, employment, and development in fostering higher-order thinking skills",2025,other,other,Informal PD: peer/self coaching,OTHER,teacher_quality,other,0.059,positive,Critical thinking instructional quality,teacher,1.0,2560.0,,True,high
10.1016/j.tsc.2025.101954,"Exploring how institutional structures shape instructional quality: The roles of teacher education, employment, and development in fostering higher-order thinking skills",2025,other,other,General pedagogy,OTHER,teacher_quality,other,0.129,positive,Knowledge transfer instructional quality,teacher,1.0,2560.0,,True,high
10.1016/j.tsc.2025.101954,"Exploring how institutional structures shape instructional quality: The roles of teacher education, employment, and development in fostering higher-order thinking skills",2025,other,other,Working hours of teacher,OTHER,instructional_time,other,0.128,positive,Knowledge transfer instructional quality,teacher,1.0,2560.0,,True,high
10.1016/j.tsc.2025.101954,"Exploring how institutional structures shape instructional quality: The roles of teacher education, employment, and development in fostering higher-order thinking skills",2025,other,other,Employment status,OTHER,teacher_quality,other,-0.053,negative,Knowledge transfer instructional quality,teacher,1.0,2560.0,,True,high
10.1016/j.tsc.2025.101954,"Exploring how institutional structures shape instructional quality: The roles of teacher education, employment, and development in fostering higher-order thinking skills",2025,other,other,Formal PD: formal qualification programs,OTHER,teacher_quality,other,0.079,positive,Knowledge transfer instructional quality,teacher,1.0,2560.0,,True,high
10.1016/j.ijedro.2025.100516,Exploring teacher job satisfaction in five Latin American countries: A Multi-level analysis using TALIS 2018,2025,other,other,Teacher cooperation (T3COOP),OTHER,school_climate,standardized_beta,0.136,positive,Teacher job satisfaction (T3JOBSA),teacher,5.0,10847.0,,True,medium
10.1016/j.ijedro.2025.100516,Exploring teacher job satisfaction in five Latin American countries: A Multi-level analysis using TALIS 2018,2025,other,other,Teacher self-efficacy (T3SELF),SELF_EFFICACY,self_efficacy,standardized_beta,0.144,positive,Teacher job satisfaction (T3JOBSA),teacher,5.0,10847.0,,True,medium
10.1016/j.ijedro.2025.100516,Exploring teacher job satisfaction in five Latin American countries: A Multi-level analysis using TALIS 2018,2025,other,other,Workplace well-being and stress (T3WELS),ANXIETY,other,standardized_beta,-0.378,negative,Teacher job satisfaction (T3JOBSA),teacher,5.0,10847.0,,True,medium
10.1016/j.ijedro.2025.100516,Exploring teacher job satisfaction in five Latin American countries: A Multi-level analysis using TALIS 2018,2025,other,other,Participation among stakeholders (T3STAKE),OTHER,school_climate,standardized_beta,0.509,positive,Teacher job satisfaction (T3JOBSA),teacher,5.0,10847.0,,True,medium
10.1016/j.ijedro.2025.100516,Exploring teacher job satisfaction in five Latin American countries: A Multi-level analysis using TALIS 2018,2025,other,other,Workload stress (T3WLOAD),ANXIETY,other,standardized_beta,,,Teacher job satisfaction (T3JOBSA),teacher,5.0,10847.0,,True,medium
10.1016/j.tate.2023.104338,Exploring the predictors of teachers’ teaching autonomy: A three-level international study,2023,other,other,Self-efficacy,SELF_EFFICACY,self_efficacy,standardized_beta,0.174,positive,Teachers’ teaching autonomy,teacher,27.0,,,False,medium
10.1016/j.tate.2023.104338,Exploring the predictors of teachers’ teaching autonomy: A three-level international study,2023,other,other,Instructional quality,TEACHER_QUALITY,teacher_quality,standardized_beta,0.058,positive,Teachers’ teaching autonomy,teacher,27.0,,,False,medium
10.1016/j.tate.2023.104338,Exploring the predictors of teachers’ teaching autonomy: A three-level international study,2023,other,other,Professional preparedness,PARENTAL_EDUCATION,teacher_quality,standardized_beta,0.06,positive,Teachers’ teaching autonomy,teacher,27.0,,,False,medium
10.1016/j.tate.2023.104338,Exploring the predictors of teachers’ teaching autonomy: A three-level international study,2023,other,other,Permanent contract,OTHER,teacher_quality,standardized_beta,0.016,positive,Teachers’ teaching autonomy,teacher,27.0,,,False,medium
10.1016/j.tate.2023.104338,Exploring the predictors of teachers’ teaching autonomy: A three-level international study,2023,other,other,Individual vs collaboration time,OTHER,other,standardized_beta,0.114,positive,Teachers’ teaching autonomy,teacher,27.0,,,False,medium
10.1016/j.stueduc.2025.101498,How perceived teaching autonomy predicts job satisfaction in China: The mediating role of self-efficacy and the moderating role of school climate,2025,other,other,Teaching autonomy,OTHER,teacher_quality,standardized_beta,0.272,positive,Job satisfaction,other,1.0,3944.0,,True,medium
10.1016/j.stueduc.2025.101498,How perceived teaching autonomy predicts job satisfaction in China: The mediating role of self-efficacy and the moderating role of school climate,2025,other,other,Teacher self-efficacy,SELF_EFFICACY,self_efficacy,standardized_beta,0.063,positive,Job satisfaction,other,1.0,3944.0,,True,medium
10.1016/j.stueduc.2025.101498,How perceived teaching autonomy predicts job satisfaction in China: The mediating role of self-efficacy and the moderating role of school climate,2025,other,other,School climate,SCHOOL_CLIMATE,school_climate,standardized_beta,0.135,positive,Job satisfaction,other,1.0,3944.0,,True,medium
10.1016/j.tate.2025.105344,"How stress predicts work engagement among primary and secondary school teachers: The mediating role of emotional labor and burnout, and the moderating role of school support",2026,other,other,Teacher stress (total),ANXIETY,other,standardized_beta,-0.316,negative,Work engagement,other,1.0,5400.0,,False,medium
10.1016/j.tate.2025.105344,"How stress predicts work engagement among primary and secondary school teachers: The mediating role of emotional labor and burnout, and the moderating role of school support",2026,other,other,Burnout,OTHER,other,standardized_beta,-0.247,negative,Work engagement,other,1.0,5400.0,,False,medium
10.1016/j.tate.2025.105344,"How stress predicts work engagement among primary and secondary school teachers: The mediating role of emotional labor and burnout, and the moderating role of school support",2026,other,other,Surface acting,OTHER,other,standardized_beta,-0.076,negative,Work engagement,other,1.0,5400.0,,False,medium
10.1016/j.tate.2025.105344,"How stress predicts work engagement among primary and secondary school teachers: The mediating role of emotional labor and burnout, and the moderating role of school support",2026,other,other,Expression of naturally felt emotions,OTHER,other,standardized_beta,0.011,positive,Work engagement,other,1.0,5400.0,,False,medium
10.1016/j.tate.2025.105344,"How stress predicts work engagement among primary and secondary school teachers: The mediating role of emotional labor and burnout, and the moderating role of school support",2026,other,other,Deep acting,OTHER,other,standardized_beta,0.011,positive,Work engagement,other,1.0,5400.0,,False,medium
10.1016/j.tate.2025.105179,How to promote intrinsically versus extrinsically motivated teachers’ job satisfaction: Exploring individual and school factors,2025,other,other,Non-tenure status,OTHER,other,standardized_beta,0.09,positive,Teachers’ job satisfaction (overall),school,1.0,3677.0,,False,medium
10.1016/j.tate.2025.105179,How to promote intrinsically versus extrinsically motivated teachers’ job satisfaction: Exploring individual and school factors,2025,other,other,Years of teaching experience,OTHER,other,standardized_beta,-0.09,negative,Teachers’ job satisfaction (overall),school,1.0,3677.0,,False,medium
10.1016/j.tate.2025.105179,How to promote intrinsically versus extrinsically motivated teachers’ job satisfaction: Exploring individual and school factors,2025,other,other,Self-efficacy in teaching,SELF_EFFICACY,self_efficacy,standardized_beta,0.14,positive,Teachers’ job satisfaction (overall),school,1.0,3677.0,,False,medium
10.1016/j.tate.2025.105179,How to promote intrinsically versus extrinsically motivated teachers’ job satisfaction: Exploring individual and school factors,2025,other,other,Self-efficacy in classroom management,SELF_EFFICACY,self_efficacy,standardized_beta,0.2,positive,Teachers’ job satisfaction (overall),school,1.0,3677.0,,False,medium
10.1016/j.tate.2025.105179,How to promote intrinsically versus extrinsically motivated teachers’ job satisfaction: Exploring individual and school factors,2025,other,other,Colleague teachers’ passion,OTHER,school_climate,standardized_beta,0.19,positive,Teachers’ job satisfaction (overall),school,1.0,3677.0,,False,medium
10.1016/j.tate.2025.105179,How to promote intrinsically versus extrinsically motivated teachers’ job satisfaction: Exploring individual and school factors,2025,other,other,Collaboration with colleagues,OTHER,school_climate,standardized_beta,0.06,positive,Teachers’ job satisfaction (overall),school,1.0,3677.0,,False,medium
10.1016/j.tate.2025.105179,How to promote intrinsically versus extrinsically motivated teachers’ job satisfaction: Exploring individual and school factors,2025,other,other,Conflicts with colleagues,ICT_ACCESS,school_climate,standardized_beta,-0.05,negative,Teachers’ job satisfaction (overall),school,1.0,3677.0,,False,medium
10.1016/j.tate.2025.105179,How to promote intrinsically versus extrinsically motivated teachers’ job satisfaction: Exploring individual and school factors,2025,other,other,Principal support,OTHER,school_climate,standardized_beta,0.06,positive,Teachers’ job satisfaction (overall),school,1.0,3677.0,,False,medium
10.1016/j.ijer.2025.102557,Investigating factors affecting teachers’ instructional practices: Evid e nce from TALIS 2018 Turkish data,2025,other,other,Self-efficacy in classroom management,SELF_EFFICACY,self_efficacy,R2,0.36,positive,"Teaching practices (clarity, cognitive activation, classroom management)",school,1.0,19082.0,,False,medium
10.1016/j.ijer.2025.102557,Investigating factors affecting teachers’ instructional practices: Evid e nce from TALIS 2018 Turkish data,2025,other,other,Multicultural classroom self-efficacy,SELF_EFFICACY,self_efficacy,R2,0.36,positive,"Teaching practices (clarity, cognitive activation, classroom management)",school,1.0,19082.0,,False,medium
10.1016/j.ijer.2025.102557,Investigating factors affecting teachers’ instructional practices: Evid e nce from TALIS 2018 Turkish data,2025,other,other,Professional collaboration in lessons,TEACHER_QUALITY,teacher_quality,R2,0.36,positive,"Teaching practices (clarity, cognitive activation, classroom management)",school,1.0,19082.0,,False,medium
10.1016/j.ijer.2025.102557,Investigating factors affecting teachers’ instructional practices: Evid e nce from TALIS 2018 Turkish data,2025,other,other,Diversity practices,OTHER,teacher_quality,R2,0.36,positive,"Teaching practices (clarity, cognitive activation, classroom management)",school,1.0,19082.0,,False,medium
10.1016/j.ijer.2025.102557,Investigating factors affecting teachers’ instructional practices: Evid e nce from TALIS 2018 Turkish data,2025,other,other,Perceived disciplinary climate,SCHOOL_CLIMATE,school_climate,R2,0.36,positive,"Teaching practices (clarity, cognitive activation, classroom management)",school,1.0,19082.0,,False,medium
10.1016/j.tate.2021.103406,Job satisfaction predicts teacher self-efficacy and the association is invariant: Examinations using TALIS 2018 data and longitudinal Croatian data,2021,other,other,Job satisfaction (JS) at Time 1,OTHER,other,standardized_beta,0.088,positive,Teacher self-efficacy (TSE) at subsequent waves,other,46.0,252881.0,,False,medium
10.1016/j.tate.2021.103406,Job satisfaction predicts teacher self-efficacy and the association is invariant: Examinations using TALIS 2018 data and longitudinal Croatian data,2021,other,other,Job satisfaction (JS) at Time 2,OTHER,other,standardized_beta,0.142,positive,Teacher self-efficacy (TSE) at subsequent waves,other,46.0,252881.0,,False,medium
10.1016/j.tate.2021.103406,Job satisfaction predicts teacher self-efficacy and the association is invariant: Examinations using TALIS 2018 data and longitudinal Croatian data,2021,other,other,Teacher self-efficacy (TSE),SELF_EFFICACY,self_efficacy,standardized_beta,-0.063,,Job satisfaction (JS) at subsequent waves,other,46.0,252881.0,,False,medium
10.1016/j.tate.2021.103406,Job satisfaction predicts teacher self-efficacy and the association is invariant: Examinations using TALIS 2018 data and longitudinal Croatian data,2021,other,other,Teacher self-efficacy (TSE),SELF_EFFICACY,self_efficacy,standardized_beta,0.029,,Job satisfaction (JS) at subsequent waves,other,46.0,252881.0,,False,medium
10.1016/j.tate.2024.104920,Professional learning communities and teacher outcomes. A cross-national analysis,2025,other,other,Professional learning community (PLC),OTHER,school_climate,standardized_beta,0.197,positive,Teacher job satisfaction (T3JSENV),teacher,40.0,,,True,high
10.1016/j.tate.2024.104920,Professional learning communities and teacher outcomes. A cross-national analysis,2025,other,other,Shared vision and responsibilities (SVR),OTHER,school_climate,standardized_beta,0.248,positive,Teacher job satisfaction (T3JSENV),teacher,40.0,,,True,high
10.1016/j.tate.2024.104920,Professional learning communities and teacher outcomes. A cross-national analysis,2025,other,other,Supportive conditions (SC),OTHER,school_climate,standardized_beta,0.131,positive,Teacher job satisfaction (T3JSENV),teacher,40.0,,,True,high
10.1016/j.tate.2024.104920,Professional learning communities and teacher outcomes. A cross-national analysis,2025,other,other,Collaborative practice with focus on student learning (CPL),OTHER,school_climate,standardized_beta,0.076,positive,Teacher job satisfaction (T3JSENV),teacher,40.0,,,True,high
10.1016/j.ijer.2025.102779,Research on the influence of teachers’ ICT Capacity on classroom teaching quality: An intermediary model based on self-efficacy,2025,other,other,Teachers’ ICT capacity,ICT_ACCESS,ICT,standardized_beta,0.297,positive,Classroom teaching quality (overall),other,1.0,2945.0,,False,medium
10.1016/j.ijer.2025.102779,Research on the influence of teachers’ ICT Capacity on classroom teaching quality: An intermediary model based on self-efficacy,2025,other,other,Teachers’ ICT capacity,ICT_ACCESS,ICT,standardized_beta,0.297,positive,Clear teaching,other,1.0,2945.0,,False,medium
10.1016/j.ijer.2025.102779,Research on the influence of teachers’ ICT Capacity on classroom teaching quality: An intermediary model based on self-efficacy,2025,other,other,Teachers’ ICT capacity,ICT_ACCESS,ICT,standardized_beta,1.365,positive,Cognitive mobilization,other,1.0,2945.0,,False,medium
10.1016/j.ijer.2025.102779,Research on the influence of teachers’ ICT Capacity on classroom teaching quality: An intermediary model based on self-efficacy,2025,other,other,Teachers’ ICT capacity,ICT_ACCESS,ICT,standardized_beta,0.697,positive,Classroom management,other,1.0,2945.0,,False,medium
10.1016/j.tate.2024.104604,Teacher clusters of emotions and self-efficacy in curriculum reform: Effects on collaboration and learner-centered teaching,2024,other,other,Joy (teacher emotion),OTHER,other,standardized_beta,0.311,positive,Teacher collaboration (composite score),other,1.0,624.0,,False,medium
10.1016/j.tate.2024.104604,Teacher clusters of emotions and self-efficacy in curriculum reform: Effects on collaboration and learner-centered teaching,2024,other,other,Teacher self-efficacy,SELF_EFFICACY,self_efficacy,standardized_beta,0.157,positive,Teacher collaboration (composite score),other,1.0,624.0,,False,medium
10.1016/j.tate.2024.104604,Teacher clusters of emotions and self-efficacy in curriculum reform: Effects on collaboration and learner-centered teaching,2024,other,other,Joy (teacher emotion),OTHER,other,standardized_beta,0.168,positive,Teacher collaboration (composite score),other,1.0,624.0,,False,medium
10.1016/j.tate.2024.104604,Teacher clusters of emotions and self-efficacy in curriculum reform: Effects on collaboration and learner-centered teaching,2024,other,other,Teacher self-efficacy,SELF_EFFICACY,self_efficacy,standardized_beta,0.193,positive,Teacher collaboration (composite score),other,1.0,624.0,,False,medium
10.1016/j.tate.2024.104604,Teacher clusters of emotions and self-efficacy in curriculum reform: Effects on collaboration and learner-centered teaching,2024,other,other,Fatigue (teacher emotion),OTHER,other,standardized_beta,0.14,positive,Teacher collaboration (composite score),other,1.0,624.0,,False,medium
10.1016/j.tate.2024.104604,Teacher clusters of emotions and self-efficacy in curriculum reform: Effects on collaboration and learner-centered teaching,2024,other,other,Teacher self-efficacy,SELF_EFFICACY,self_efficacy,standardized_beta,0.671,positive,Learner-centered teaching (composite score),other,1.0,624.0,,False,medium
10.1016/j.tate.2024.104604,Teacher clusters of emotions and self-efficacy in curriculum reform: Effects on collaboration and learner-centered teaching,2024,other,other,Teacher self-efficacy,SELF_EFFICACY,self_efficacy,standardized_beta,0.547,positive,Learner-centered teaching (composite score),other,1.0,624.0,,False,medium
10.1016/j.tate.2024.104604,Teacher clusters of emotions and self-efficacy in curriculum reform: Effects on collaboration and learner-centered teaching,2024,other,other,Teacher self-efficacy,SELF_EFFICACY,self_efficacy,standardized_beta,0.554,positive,Learner-centered teaching (composite score),other,1.0,624.0,,False,medium
10.1016/j.tate.2024.104604,Teacher clusters of emotions and self-efficacy in curriculum reform: Effects on collaboration and learner-centered teaching,2024,other,other,Fatigue (teacher emotion),OTHER,other,standardized_beta,-0.241,negative,Learner-centered teaching (composite score),other,1.0,624.0,,False,medium
10.1016/j.ijer.2024.102383,"Teacher collaboration, school innovativeness and innovative teaching in Taiwan: Evidence from TALIS",2024,other,other,Professional collaboration (items),TEACHER_QUALITY,teacher_quality,standardized_beta,0.44,positive,Innovative teaching (latent construct),school,1.0,3835.0,,,medium
10.1016/j.ijer.2024.102383,"Teacher collaboration, school innovativeness and innovative teaching in Taiwan: Evidence from TALIS",2024,other,other,School innovativeness (items),OTHER,school_climate,standardized_beta,0.05,positive,Innovative teaching (latent construct),school,1.0,3835.0,,,medium
10.1016/j.ijer.2024.102383,"Teacher collaboration, school innovativeness and innovative teaching in Taiwan: Evidence from TALIS",2024,other,other,Exchange and coordination (items),OTHER,teacher_quality,standardized_beta,,,Innovative teaching (latent construct),school,1.0,3835.0,,,medium
10.1016/j.stueduc.2025.101474,Teacher job satisfaction: International evidence on the role of school working conditions and teacher characteristics,2025,TIMSS,other,Leadership support,OTHER,school_climate,standardized_beta,0.266,positive,Teacher job satisfaction,teacher,46.0,,,False,medium
10.1016/j.stueduc.2025.101474,Teacher job satisfaction: International evidence on the role of school working conditions and teacher characteristics,2025,TIMSS,other,Student discipline,OTHER,school_climate,standardized_beta,,positive,Teacher job satisfaction,teacher,46.0,,,False,medium
10.1016/j.stueduc.2025.101474,Teacher job satisfaction: International evidence on the role of school working conditions and teacher characteristics,2025,TIMSS,other,Teacher workload,OTHER,teacher_quality,standardized_beta,,negative,Teacher job satisfaction,teacher,46.0,,,False,medium
10.1016/j.stueduc.2025.101474,Teacher job satisfaction: International evidence on the role of school working conditions and teacher characteristics,2025,TIMSS,other,Professional development hours,OTHER,teacher_quality,standardized_beta,,positive,Teacher job satisfaction,teacher,46.0,,,False,medium
10.1016/j.stueduc.2025.101474,Teacher job satisfaction: International evidence on the role of school working conditions and teacher characteristics,2025,TIMSS,other,Teacher gender,GENDER,gender,standardized_beta,,,Teacher job satisfaction,teacher,46.0,,,False,medium
10.1016/j.tate.2023.104375,"Teachers’ engaging messages, students’ motivation to learn and academic performance: The moderating role of emotional intensity in speech",2023,other,mathematics,Teachers’ engaging messages,AGE_GRADE,teacher_quality,other,,positive,academic performance,student,1.0,807.0,,False,low
10.1016/j.tate.2023.104375,"Teachers’ engaging messages, students’ motivation to learn and academic performance: The moderating role of emotional intensity in speech",2023,other,mathematics,Emotional intensity,OTHER,other,other,,negative,academic performance,student,1.0,807.0,,False,low
10.1016/j.tate.2025.105106,Teachers’ pathways to the profession and their attitudes toward diverse classrooms,2025,other,other,Teacher gender,GENDER,gender,standardized_beta,0.251,positive,Teachers’ Importance for Profession (TIP) latent construct,other,1.0,2554.0,,False,medium
10.1016/j.tate.2025.105106,Teachers’ pathways to the profession and their attitudes toward diverse classrooms,2025,other,other,Teacher gender,GENDER,gender,standardized_beta,0.332,positive,Teachers’ Importance for Profession (TIP) latent construct,other,1.0,2554.0,,False,medium
10.1016/j.tate.2025.105106,Teachers’ pathways to the profession and their attitudes toward diverse classrooms,2025,other,other,Teacher gender,GENDER,gender,standardized_beta,0.187,positive,Teachers’ Training for Culturally Diverse Teaching (TCT) latent construct,other,1.0,2554.0,,False,medium
10.1016/j.tate.2025.105106,Teachers’ pathways to the profession and their attitudes toward diverse classrooms,2025,other,other,Teacher gender,GENDER,gender,standardized_beta,0.243,positive,Teachers’ Training for Culturally Diverse Teaching (TCT) latent construct,other,1.0,2554.0,,False,medium
10.1016/j.tate.2025.105106,Teachers’ pathways to the profession and their attitudes toward diverse classrooms,2025,other,other,Teacher gender,GENDER,gender,standardized_beta,-0.245,negative,Teachers’ Practices for Diversity Implementation (TPD) latent construct,other,1.0,2554.0,,False,medium
10.1016/j.tate.2025.105106,Teachers’ pathways to the profession and their attitudes toward diverse classrooms,2025,other,other,Teacher gender,GENDER,gender,standardized_beta,-0.282,negative,Teachers’ Practices for Diversity Implementation (TPD) latent construct,other,1.0,2554.0,,False,medium
10.1016/j.tate.2025.105106,Teachers’ pathways to the profession and their attitudes toward diverse classrooms,2025,other,other,Teacher gender,GENDER,gender,standardized_beta,-0.155,negative,Teachers’ Class Composition (TCC) latent construct,other,1.0,2554.0,,False,medium
10.1016/j.tate.2025.105106,Teachers’ pathways to the profession and their attitudes toward diverse classrooms,2025,other,other,Teacher gender,GENDER,gender,standardized_beta,-0.132,negative,Teachers’ Class Composition (TCC) latent construct,other,1.0,2554.0,,False,medium
10.1016/j.tate.2022.103941,The development of student teachers’ teacher self-efficacy before and during the COVID-19 pandemic,2023,other,other,COVID-19 vs face-to-face group,OTHER,school_climate,other,-0.01,negative,Self-efficacy for instructional strategies (latent growth slope / AGF),student,1.0,201.0,,False,medium
10.1016/j.tate.2022.103941,The development of student teachers’ teacher self-efficacy before and during the COVID-19 pandemic,2023,other,other,COVID-19 vs face-to-face group,OTHER,school_climate,other,-0.01,negative,Self-efficacy for classroom management (latent growth slope / AGF),student,1.0,201.0,,False,medium
10.1016/j.tate.2022.103941,The development of student teachers’ teacher self-efficacy before and during the COVID-19 pandemic,2023,other,other,COVID-19 vs face-to-face group,OTHER,school_climate,other,-0.02,negative,Self-efficacy for student engagement (latent growth slope / AGF),student,1.0,201.0,,False,medium
10.1016/j.tate.2022.103941,The development of student teachers’ teacher self-efficacy before and during the COVID-19 pandemic,2023,other,other,Gender,GENDER,gender,other,-0.02,negative,Self-efficacy for student engagement (latent growth slope / AGF),student,1.0,201.0,,False,medium
10.1016/j.tate.2022.103941,The development of student teachers’ teacher self-efficacy before and during the COVID-19 pandemic,2023,other,other,Prior pedagogical experience,OTHER,other,other,0.01,positive,Self-efficacy for student engagement (latent growth slope / AGF),student,1.0,201.0,,False,medium
10.1016/j.caeo.2022.100100,The digital divide in online education: Inequality in digital readiness of students and schools,2022,other,other,Socioeconomic status (SES) quartile,SES_COMPOSITE,SES,standardized_beta,0.44,positive,Student ICT use for school-related activities (factor score),student,4.0,,True,False,medium
10.1016/j.caeo.2022.100100,The digital divide in online education: Inequality in digital readiness of students and schools,2022,other,other,Migration background (migrant vs non-migrant),OTHER,other,standardized_beta,0.2,negative,Student ICT use for school-related activities (factor score),student,4.0,,True,False,medium
10.1016/j.caeo.2022.100100,The digital divide in online education: Inequality in digital readiness of students and schools,2022,other,other,Gender (boys vs girls),GENDER,gender,standardized_beta,0.33,positive,Student ICT use for school-related activities (factor score),student,1.0,,True,False,medium
10.1016/j.caeo.2022.100100,The digital divide in online education: Inequality in digital readiness of students and schools,2022,other,other,Socioeconomic status (SES) quartile,SES_COMPOSITE,SES,standardized_beta,1.3,positive,Student ICT skills (factor score from five plausible values),student,1.0,,True,False,medium
10.1016/j.caeo.2022.100100,The digital divide in online education: Inequality in digital readiness of students and schools,2022,other,other,Migration background (migrant vs non-migrant),OTHER,other,standardized_beta,0.54,negative,Student ICT skills (factor score from five plausible values),student,,,True,False,medium
10.1016/j.caeo.2022.100100,The digital divide in online education: Inequality in digital readiness of students and schools,2022,other,other,Gender (boys vs girls),GENDER,gender,standardized_beta,0.44,positive,Student ICT skills (factor score from five plausible values),student,,,True,False,medium
10.1016/j.actpsy.2025.105303,The effect of teacher collaboration on teachers' career well-being in China: A moderated mediation model of teacher self-efficacy and distributed leadership,2025,other,other,Teacher collaboration,TEACHER_QUALITY,teacher_quality,standardized_beta,0.117,positive,Career well-being,school,1.0,3159.0,False,False,medium
10.1016/j.actpsy.2025.105303,The effect of teacher collaboration on teachers' career well-being in China: A moderated mediation model of teacher self-efficacy and distributed leadership,2025,other,other,Teacher self-efficacy,SELF_EFFICACY,self_efficacy,standardized_beta,0.018,positive,Career well-being,school,1.0,3159.0,False,False,medium
10.1016/j.actpsy.2025.105303,The effect of teacher collaboration on teachers' career well-being in China: A moderated mediation model of teacher self-efficacy and distributed leadership,2025,other,other,Teacher collaboration,TEACHER_QUALITY,teacher_quality,standardized_beta,0.166,positive,Self-efficacy,school,1.0,3159.0,False,False,medium
10.1016/j.actpsy.2025.105303,The effect of teacher collaboration on teachers' career well-being in China: A moderated mediation model of teacher self-efficacy and distributed leadership,2025,other,other,Distributed leadership,OTHER,school_climate,standardized_beta,0.066,positive,Self-efficacy,school,1.0,3159.0,False,False,medium
10.1016/j.actpsy.2025.105303,The effect of teacher collaboration on teachers' career well-being in China: A moderated mediation model of teacher self-efficacy and distributed leadership,2025,other,other,Teacher collaboration,TEACHER_QUALITY,teacher_quality,R2,0.047,positive,Career well-being,school,1.0,3159.0,False,False,medium
10.1016/j.tate.2026.105535,What drives and drains teachers in Taiwan? Exploring the motivational roots of job satisfaction through stress pathways,2026,other,other,Personal utility motivation,MOTIVATION,motivation,standardized_beta,0.07,positive,Job satisfaction (T3JSENV composite score),other,1.0,3598.0,,True,medium
10.1016/j.tate.2026.105535,What drives and drains teachers in Taiwan? Exploring the motivational roots of job satisfaction through stress pathways,2026,other,other,Social utility motivation,MOTIVATION,motivation,standardized_beta,0.16,positive,Job satisfaction (T3JSENV composite score),other,1.0,3598.0,,True,medium
10.1016/j.tate.2026.105535,What drives and drains teachers in Taiwan? Exploring the motivational roots of job satisfaction through stress pathways,2026,other,other,Intrinsic career value,OTHER,motivation,standardized_beta,0.13,positive,Job satisfaction (T3JSENV composite score),other,1.0,3598.0,,True,medium
10.1016/j.tate.2026.105535,What drives and drains teachers in Taiwan? Exploring the motivational roots of job satisfaction through stress pathways,2026,other,other,Perceived workload stress,ANXIETY,other,standardized_beta,-0.18,negative,Job satisfaction (T3JSENV composite score),other,1.0,3598.0,,True,medium
10.1016/j.tate.2026.105535,What drives and drains teachers in Taiwan? Exploring the motivational roots of job satisfaction through stress pathways,2026,other,other,Student behavior stress,ANXIETY,other,standardized_beta,-0.2,negative,Job satisfaction (T3JSENV composite score),other,1.0,3598.0,,True,medium
10.1016/j.tate.2026.105518,Teachers' expectancy-value-cost profiles in professional development to support students’ self-regulated learning,2026,other,other,Expectancy for success,MOTIVATION,motivation,r_correlation,0.33,positive,SRL-related teaching practices (T1),other,1.0,171.0,,False,medium
10.1016/j.tate.2026.105518,Teachers' expectancy-value-cost profiles in professional development to support students’ self-regulated learning,2026,other,other,Expectancy for success,MOTIVATION,motivation,r_correlation,0.31,positive,SRL-related teaching practices (T1),other,1.0,171.0,,False,medium
10.1016/j.tate.2026.105518,Teachers' expectancy-value-cost profiles in professional development to support students’ self-regulated learning,2026,other,other,Subjective task value,OTHER,motivation,r_correlation,0.23,positive,SRL-related teaching practices (T1),other,1.0,171.0,,False,medium
10.1016/j.tate.2026.105518,Teachers' expectancy-value-cost profiles in professional development to support students’ self-regulated learning,2026,other,other,Subjective task value,OTHER,motivation,r_correlation,0.32,positive,SRL-related teaching practices (T1),other,1.0,171.0,,False,medium
10.1016/j.tate.2026.105518,Teachers' expectancy-value-cost profiles in professional development to support students’ self-regulated learning,2026,other,other,Task effort cost,OTHER,motivation,r_correlation,-0.24,negative,SRL-related teaching practices (T2),other,1.0,171.0,,False,medium
10.1016/j.tate.2026.105518,Teachers' expectancy-value-cost profiles in professional development to support students’ self-regulated learning,2026,other,other,Task effort cost,OTHER,motivation,r_correlation,-0.21,negative,SRL-related teaching practices (T2),other,1.0,171.0,,False,medium
10.1016/j.tate.2026.105518,Teachers' expectancy-value-cost profiles in professional development to support students’ self-regulated learning,2026,other,other,Outside effort cost,OTHER,motivation,r_correlation,-0.27,negative,SRL-related teaching practices (T2),other,1.0,171.0,,False,medium
10.1016/j.tate.2026.105518,Teachers' expectancy-value-cost profiles in professional development to support students’ self-regulated learning,2026,other,other,Outside effort cost,OTHER,motivation,r_correlation,-0.26,negative,SRL-related teaching practices (T2),other,1.0,171.0,,False,medium
10.1016/j.tate.2026.105518,Teachers' expectancy-value-cost profiles in professional development to support students’ self-regulated learning,2026,other,other,Expectancy for success,MOTIVATION,motivation,r_correlation,0.37,positive,SRL-related teaching practices (T4),other,1.0,171.0,,False,medium
10.1016/j.tate.2026.105518,Teachers' expectancy-value-cost profiles in professional development to support students’ self-regulated learning,2026,other,other,Expectancy for success,MOTIVATION,motivation,r_correlation,0.36,positive,SRL-related teaching practices (T4),other,1.0,171.0,,False,medium
10.1016/j.tate.2026.105518,Teachers' expectancy-value-cost profiles in professional development to support students’ self-regulated learning,2026,other,other,Expectancy for success,MOTIVATION,motivation,r_correlation,0.31,positive,SRL-related teaching practices (T4),other,1.0,171.0,,False,medium
10.1016/j.tate.2026.105518,Teachers' expectancy-value-cost profiles in professional development to support students’ self-regulated learning,2026,other,other,Expectancy for success,MOTIVATION,motivation,r_correlation,0.3,positive,SRL-related teaching practices (T4),other,1.0,171.0,,False,medium
10.1016/j.tate.2026.105518,Teachers' expectancy-value-cost profiles in professional development to support students’ self-regulated learning,2026,other,other,Outside effort cost,OTHER,motivation,r_correlation,-0.35,negative,SRL-related teaching practices (T4),other,1.0,171.0,,False,medium
10.1016/j.tate.2026.105476,"Teaching quality as a dynamic system: How school support, psychological needs, and motivation interact across needs–skills configurations",2026,other,other,Digital tools self-efficacy,SELF_EFFICACY,self_efficacy,r_correlation,0.243,positive,Teaching performance (overall network; teaching practices T1–T4),teacher,1.0,3976.0,,False,medium
10.1016/j.tate.2026.105476,"Teaching quality as a dynamic system: How school support, psychological needs, and motivation interact across needs–skills configurations",2026,other,other,Teaching self-efficacy,SELF_EFFICACY,self_efficacy,r_correlation,0.209,positive,Teaching performance (overall network; teaching practices T1–T4),teacher,1.0,3976.0,,False,medium
10.1016/j.tate.2026.105476,"Teaching quality as a dynamic system: How school support, psychological needs, and motivation interact across needs–skills configurations",2026,other,other,Teaching autonomy,OTHER,self_efficacy,r_correlation,0.175,positive,Teaching performance (overall network; teaching practices T1–T4),teacher,1.0,3976.0,,False,medium
10.1016/j.tate.2026.105476,"Teaching quality as a dynamic system: How school support, psychological needs, and motivation interact across needs–skills configurations",2026,other,other,Instructional leadership,OTHER,school_climate,r_correlation,-0.023,negative,Teaching performance (overall network; teaching practices T1–T4),teacher,1.0,3976.0,,False,medium
10.1016/j.tate.2026.105476,"Teaching quality as a dynamic system: How school support, psychological needs, and motivation interact across needs–skills configurations",2026,other,other,Trust in school,OTHER,school_climate,r_correlation,-0.027,negative,Teaching performance (overall network; teaching practices T1–T4),teacher,1.0,3976.0,,False,medium
10.1016/j.stueduc.2023.101255,Does socioeconomic sorting of teacher qualifications exacerbate mathematics achievement inequity? Panel data estimates from 20 years of TIMSS,2023,TIMSS,mathematics,SES × Teacher sorting (out-of-subject),SES_COMPOSITE,teacher_quality,standardized_beta,44.3,positive,Mathematics achievement (TIMSS mathematics score; inequity via SES interaction),student,32.0,858867.0,True,True,high
10.1016/j.stueduc.2023.101255,Does socioeconomic sorting of teacher qualifications exacerbate mathematics achievement inequity? Panel data estimates from 20 years of TIMSS,2023,TIMSS,mathematics,SES × Socioeconomic school segregation,SES_COMPOSITE,SES,standardized_beta,34.81,positive,Mathematics achievement (TIMSS mathematics score; inequity via SES interaction),student,32.0,858867.0,True,True,high
10.1016/j.stueduc.2024.101330,"Are schools becoming more unequal? Insights from exploratory data mining of international large-scale assessment, TIMSS 2003-2019",2024,TIMSS,science,Country system,OTHER,other,other,,,Between-school vs within-school inequality (SD of science PV scale scores),school,10.0,221421.0,True,True,medium
10.1016/j.stueduc.2024.101330,"Are schools becoming more unequal? Insights from exploratory data mining of international large-scale assessment, TIMSS 2003-2019",2024,TIMSS,science,Early tracking system,OTHER,other,other,,,Between-school vs within-school inequality (SD of science PV scale scores),school,10.0,221421.0,True,True,medium
10.1016/j.stueduc.2024.101330,"Are schools becoming more unequal? Insights from exploratory data mining of international large-scale assessment, TIMSS 2003-2019",2024,TIMSS,science,Grade level (4 vs 8),AGE_GRADE,other,other,,,Between-school vs within-school inequality (SD of science PV scale scores),school,10.0,221421.0,True,True,medium
10.1016/j.stueduc.2024.101330,"Are schools becoming more unequal? Insights from exploratory data mining of international large-scale assessment, TIMSS 2003-2019",2024,TIMSS,science,Country system,OTHER,other,r_correlation,,negative,Within-school inequality nature (SD vs within-school average; bimodality via Gaussian mixtures),school,10.0,221421.0,True,True,medium
10.1016/j.stueduc.2024.101330,"Are schools becoming more unequal? Insights from exploratory data mining of international large-scale assessment, TIMSS 2003-2019",2024,TIMSS,science,Early tracking system,OTHER,other,r_correlation,,negative,Within-school inequality nature (SD vs within-school average; bimodality via Gaussian mixtures),school,10.0,221421.0,True,True,medium
10.1016/j.stueduc.2024.101330,"Are schools becoming more unequal? Insights from exploratory data mining of international large-scale assessment, TIMSS 2003-2019",2024,TIMSS,science,Grade level (4 vs 8),AGE_GRADE,other,r_correlation,,negative,Within-school inequality nature (SD vs within-school average; bimodality via Gaussian mixtures),school,10.0,221421.0,True,True,medium
10.1016/j.stueduc.2024.101393,Circumventing construct-irrelevant variance in international assessments using cognitive diagnostic modeling: A curriculum-sensitive measure,2024,TIMSS,mathematics,Tc (curriculum-sensitive scaling statistic),OTHER,other,r_correlation,-0.95,negative,Primary study outcome (heuristic migration),country,19.0,56525.0,True,True,medium
10.1016/j.stueduc.2024.101393,Circumventing construct-irrelevant variance in international assessments using cognitive diagnostic modeling: A curriculum-sensitive measure,2024,TIMSS,mathematics,IRT-based country means,OTHER,other,r_correlation,0.99,positive,Primary study outcome (heuristic migration),country,19.0,56525.0,True,True,medium
10.1016/j.stueduc.2026.101568,Trends in mathematics motivation between 1980 and 2015: Exploring the educational-gender-equality paradox over time,2026,TIMSS,mathematics,Human Development Index (HDI),OTHER,other,standardized_beta,-3.905,negative,Intrinsic motivation gender gap change (boys minus girls),country,11.0,,True,False,medium
10.1016/j.stueduc.2026.101568,Trends in mathematics motivation between 1980 and 2015: Exploring the educational-gender-equality paradox over time,2026,TIMSS,mathematics,Human Development Index (HDI),OTHER,other,R2,0.358,positive,Intrinsic motivation gender gap change (boys minus girls),country,11.0,,True,False,medium
10.1016/j.stueduc.2026.101568,Trends in mathematics motivation between 1980 and 2015: Exploring the educational-gender-equality paradox over time,2026,TIMSS,mathematics,GDP per capita (log),GDP_EXPENDITURE,GDP_expenditure,standardized_beta,-0.212,negative,Intrinsic motivation gender gap change (boys minus girls) — GDP sensitivity,country,11.0,,True,False,medium
10.1016/j.stueduc.2026.101568,Trends in mathematics motivation between 1980 and 2015: Exploring the educational-gender-equality paradox over time,2026,TIMSS,mathematics,GDP per capita (log),GDP_EXPENDITURE,GDP_expenditure,R2,0.132,positive,Intrinsic motivation gender gap change (boys minus girls) — GDP sensitivity,country,11.0,,True,False,medium
10.1016/j.stueduc.2026.101584,Exploring measurement invariance in TIMSS: A longitudinal perspective with an emphasis on gender effects,2026,TIMSS,mathematics,Gender group,GENDER,gender,other,,mixed,Primary study outcome (heuristic migration),student,4.0,132556.0,True,True,medium
10.1016/j.stueduc.2026.101584,Exploring measurement invariance in TIMSS: A longitudinal perspective with an emphasis on gender effects,2026,TIMSS,mathematics,TIMSS administration year,OTHER,other,other,,,Primary study outcome (heuristic migration),student,4.0,132556.0,True,True,medium
10.1016/j.stueduc.2026.101584,Exploring measurement invariance in TIMSS: A longitudinal perspective with an emphasis on gender effects,2026,TIMSS,mathematics,Content domain (Algebra etc.),OTHER,other,other,,mixed,Primary study outcome (heuristic migration),student,4.0,132556.0,True,True,medium
10.1016/j.stueduc.2026.101584,Exploring measurement invariance in TIMSS: A longitudinal perspective with an emphasis on gender effects,2026,TIMSS,mathematics,Administration mode (digital vs p&p),ICT_ACCESS,ICT,other,,negative,Primary study outcome (heuristic migration),student,4.0,132556.0,True,True,medium
10.1016/j.stueduc.2026.101584,Exploring measurement invariance in TIMSS: A longitudinal perspective with an emphasis on gender effects,2026,TIMSS,mathematics,Books at home (SES indicator),SES_COMPOSITE,SES,other,,positive,Primary study outcome (heuristic migration),student,4.0,132556.0,True,True,medium
10.1016/j.paid.2023.112148,1-s2.0-S0191886923000715-main,2023,TIMSS,mathematics,Intrinsic motivation (interest),MOTIVATION,motivation,standardized_beta,0.47,positive,Mathematics achievement,student,10.0,98738.0,False,False,medium
10.1016/j.paid.2023.112148,1-s2.0-S0191886923000715-main,2023,TIMSS,mathematics,Instrumental value (utility),OTHER,motivation,standardized_beta,-0.07,negative,Mathematics achievement,student,10.0,98738.0,False,False,medium
10.1016/j.paid.2023.112148,1-s2.0-S0191886923000715-main,2023,TIMSS,mathematics,Intrinsic motivation (interest) × Instrumental value (utility),MOTIVATION,motivation,standardized_beta,-0.07,negative,Mathematics achievement,student,10.0,98738.0,False,False,medium
10.1016/j.paid.2023.112148,1-s2.0-S0191886923000715-main,2023,TIMSS,science,Intrinsic motivation (interest),MOTIVATION,motivation,standardized_beta,0.33,positive,Science achievement,student,10.0,75464.0,False,False,medium
10.1016/j.paid.2023.112148,1-s2.0-S0191886923000715-main,2023,TIMSS,science,Intrinsic motivation (interest),MOTIVATION,motivation,standardized_beta,0.41,positive,Science achievement,student,10.0,75464.0,False,False,medium
10.1016/j.paid.2023.112148,1-s2.0-S0191886923000715-main,2023,TIMSS,science,Intrinsic motivation (interest) × Instrumental value (utility),MOTIVATION,motivation,standardized_beta,-0.06,negative,Science achievement,student,10.0,75464.0,False,False,medium
10.1016/j.rssm.2024.100961,The progression of achievement gap between immigrant and native-born students from primary to secondary education,2024,PIRLS/PISA,reading,Gender,GENDER,gender,other,,mixed,"Immigrant achievement-gap change (PROB index, adjusted)",country,16.0,,,True,medium
10.1016/j.rssm.2024.100961,The progression of achievement gap between immigrant and native-born students from primary to secondary education,2024,PIRLS/PISA,reading,Parental education,PARENTAL_EDUCATION,parental_education,other,,mixed,"Immigrant achievement-gap change (PROB index, adjusted)",country,16.0,,,True,medium
10.1016/j.rssm.2024.100961,The progression of achievement gap between immigrant and native-born students from primary to secondary education,2024,PIRLS/PISA,reading,Books at home,HOME_RESOURCES,SES,other,,mixed,"Immigrant achievement-gap change (PROB index, adjusted)",country,16.0,,,True,medium
10.1016/j.rssm.2024.100961,The progression of achievement gap between immigrant and native-born students from primary to secondary education,2024,PIRLS/PISA,reading,Computer and desk,ICT_ACCESS,ICT,other,,mixed,"Immigrant achievement-gap change (PROB index, adjusted)",country,16.0,,,True,medium
10.1016/j.rssm.2024.100961,The progression of achievement gap between immigrant and native-born students from primary to secondary education,2024,TIMSS,mathematics,Gender,GENDER,gender,other,,mixed,"Immigrant achievement-gap change (PROB index, adjusted)",country,16.0,,,True,medium
10.1016/j.rssm.2024.100961,The progression of achievement gap between immigrant and native-born students from primary to secondary education,2024,TIMSS,mathematics,Parental education,PARENTAL_EDUCATION,parental_education,other,,mixed,"Immigrant achievement-gap change (PROB index, adjusted)",country,16.0,,,True,medium
10.1016/j.rssm.2024.100961,The progression of achievement gap between immigrant and native-born students from primary to secondary education,2024,TIMSS,mathematics,Books at home,HOME_RESOURCES,SES,other,,mixed,"Immigrant achievement-gap change (PROB index, adjusted)",country,16.0,,,True,medium
10.1016/j.rssm.2024.100961,The progression of achievement gap between immigrant and native-born students from primary to secondary education,2024,TIMSS,mathematics,Computer and desk,ICT_ACCESS,ICT,other,,mixed,"Immigrant achievement-gap change (PROB index, adjusted)",country,16.0,,,True,medium
10.1016/j.tate.2023.104242,How effective is the professional development in which teachers typically participate? Quasi-experimental analyses of effects on student achievement based on TIMSS 2003-2019,2023,TIMSS,mathematics/science,Teacher PD participation (latent PD index),OTHER,teacher_quality,standardized_beta,-0.017,negative,Student achievement (TIMSS mathematics/science scores; standardized),student,,508295.0,True,True,high
10.1016/j.tate.2023.104242,How effective is the professional development in which teachers typically participate? Quasi-experimental analyses of effects on student achievement based on TIMSS 2003-2019,2023,TIMSS,mathematics/science,Books at home (SES proxy),SES_COMPOSITE,SES,standardized_beta,,positive,Student achievement (TIMSS mathematics/science scores; standardized),student,,508295.0,True,True,high
10.1016/j.tate.2023.104242,How effective is the professional development in which teachers typically participate? Quasi-experimental analyses of effects on student achievement based on TIMSS 2003-2019,2023,TIMSS,mathematics/science,Teacher education,OTHER,teacher_quality,standardized_beta,,positive,Student achievement (TIMSS mathematics/science scores; standardized),student,,508295.0,True,True,high
10.1016/j.tate.2023.104242,How effective is the professional development in which teachers typically participate? Quasi-experimental analyses of effects on student achievement based on TIMSS 2003-2019,2023,TIMSS,mathematics,Instruction time (math),OTHER,instructional_time,standardized_beta,,positive,Student achievement (TIMSS mathematics/science scores; standardized),student,,508295.0,True,True,high
10.1016/j.tate.2023.104242,How effective is the professional development in which teachers typically participate? Quasi-experimental analyses of effects on student achievement based on TIMSS 2003-2019,2023,TIMSS,mathematics/science,Teacher PD participation (latent PD index),OTHER,teacher_quality,standardized_beta,-0.02,negative,Student achievement (TIMSS mathematics/science scores; standardized),student,,508295.0,True,True,high
10.1016/j.tate.2023.104242,How effective is the professional development in which teachers typically participate? Quasi-experimental analyses of effects on student achievement based on TIMSS 2003-2019,2023,TIMSS,science,Instruction time (science),OTHER,instructional_time,standardized_beta,,positive,Student achievement (TIMSS mathematics/science scores; standardized),student,,508295.0,True,True,high
10.1016/j.ijer.2025.102819,Opportunity to learn: A comparison of analytical approaches and relations to student achievement,2025,TIMSS,mathematics,Composite OTL (mean content coverage),AGE_GRADE,other,standardized_beta,0.321,positive,Mathematics achievement (PVs),student,1.0,,True,True,high
10.1016/j.ijer.2025.102819,Opportunity to learn: A comparison of analytical approaches and relations to student achievement,2025,TIMSS,science,Latent OTL factor (from subdomain coverage),AGE_GRADE,other,other,,positive,Science achievement (PVs),classroom,1.0,,True,True,high
10.1016/j.ijer.2025.102819,Opportunity to learn: A comparison of analytical approaches and relations to student achievement,2025,TIMSS,mathematics,Domain-general OTL (Geometry and Physical Science coverage),AGE_GRADE,other,standardized_beta,0.225,positive,Mathematics achievement (PVs),student,1.0,,True,True,high
10.1016/j.ijer.2025.102819,Opportunity to learn: A comparison of analytical approaches and relations to student achievement,2025,TIMSS,science,Latent OTL factor (from subdomain coverage),AGE_GRADE,other,other,,positive,Science achievement (PVs),classroom,1.0,,True,True,high
10.1016/j.lindif.2026.102907,What students learn depends on what we teach: Curriculum content coverage and student achievement in mathematics and science,2026,TIMSS,mathematics,Curriculum Content Coverage,AGE_GRADE,other,standardized_beta,0.35,positive,student achievement,country,58.0,3226717.0,True,True,high
10.1016/j.lindif.2026.102907,What students learn depends on what we teach: Curriculum content coverage and student achievement in mathematics and science,2026,TIMSS,science,Curriculum Content Coverage,AGE_GRADE,other,standardized_beta,0.28,positive,student achievement,country,58.0,3226717.0,True,True,high
10.1016/j.ijedro.2024.100328,The relationship between student engagement and dropout risk in early adolescence,2024,other,other,Failure / grade repeat,OTHER,other,standardized_beta,-0.794,negative,students’ self-reported grade point average (GPA),student,1.0,3230.0,,False,medium
10.1016/j.ijedro.2024.100328,The relationship between student engagement and dropout risk in early adolescence,2024,other,other,Homework completion,INSTRUCTIONAL_TIME,other,standardized_beta,0.106,positive,students’ self-reported grade point average (GPA),student,1.0,3230.0,,False,medium
10.1016/j.ijedro.2024.100328,The relationship between student engagement and dropout risk in early adolescence,2024,other,other,Mother’s education level,PARENTAL_EDUCATION,parental_education,standardized_beta,0.099,positive,students’ self-reported grade point average (GPA),student,1.0,3230.0,,False,medium
10.1016/j.ijedro.2024.100328,The relationship between student engagement and dropout risk in early adolescence,2024,other,other,Affective engagement index,AGE_GRADE,motivation,R2,0.41,positive,students’ self-reported grade point average (GPA),student,1.0,3230.0,,False,medium
10.1016/j.econedurev.2026.102759,From teacher quality to teaching quality: Instructional productivity and teaching practices,2026,TIMSS,mathematics,Active Learning index,OTHER,teacher_quality,standardized_beta,0.15,positive,math achievement,student,42.0,7258.0,False,False,medium
10.1016/j.econedurev.2026.102759,From teacher quality to teaching quality: Instructional productivity and teaching practices,2026,TIMSS,mathematics,Assessment frequency,SES_COMPOSITE,teacher_quality,standardized_beta,-0.05,negative,math achievement,student,42.0,7258.0,False,False,medium
10.1016/j.econedurev.2026.102759,From teacher quality to teaching quality: Instructional productivity and teaching practices,2026,TIMSS,mathematics,Teacher education level,PARENTAL_EDUCATION,teacher_quality,standardized_beta,0.1,positive,math achievement,student,42.0,7258.0,False,False,medium
10.1016/j.econedurev.2026.102759,From teacher quality to teaching quality: Instructional productivity and teaching practices,2026,TIMSS,mathematics,Teaching experience (years),OTHER,teacher_quality,standardized_beta,0.08,positive,math achievement,student,42.0,7258.0,False,False,medium
10.1016/j.econedurev.2026.102759,From teacher quality to teaching quality: Instructional productivity and teaching practices,2026,TIMSS,mathematics,Professional development (math),OTHER,teacher_quality,standardized_beta,0.12,positive,math achievement,student,42.0,7258.0,False,False,medium
10.1016/j.ijer.2023.102229,Peer Effects in Education: Theoretical Synthesis of Frame Factor Theory and Opportunity to Learn using TIMSS 2011,2023,TIMSS,mathematics,Limitations on instruction,OTHER,teacher_quality,standardized_beta,-0.54,negative,Mathematics achievement (Plausible Values),student,1.0,3928.0,True,True,high
10.1016/j.ijer.2023.102229,Peer Effects in Education: Theoretical Synthesis of Frame Factor Theory and Opportunity to Learn using TIMSS 2011,2023,TIMSS,mathematics,Limitations on instruction,OTHER,teacher_quality,standardized_beta,-0.65,negative,Mathematics achievement (Plausible Values),student,1.0,3928.0,True,True,high
10.1016/j.ijer.2023.102229,Peer Effects in Education: Theoretical Synthesis of Frame Factor Theory and Opportunity to Learn using TIMSS 2011,2023,TIMSS,mathematics,Advanced content coverage,AGE_GRADE,instructional_time,standardized_beta,0.15,positive,Mathematics achievement (Plausible Values),student,1.0,3928.0,True,True,high
10.1016/j.ijer.2023.102229,Peer Effects in Education: Theoretical Synthesis of Frame Factor Theory and Opportunity to Learn using TIMSS 2011,2023,TIMSS,mathematics,Advanced content coverage,AGE_GRADE,instructional_time,standardized_beta,0.19,positive,Mathematics achievement (Plausible Values),student,1.0,3928.0,True,True,high
10.1016/j.ijer.2023.102229,Peer Effects in Education: Theoretical Synthesis of Frame Factor Theory and Opportunity to Learn using TIMSS 2011,2023,TIMSS,mathematics,Class mean SES,SES_COMPOSITE,SES,R2,0.12,positive,Mathematics achievement (Plausible Values),student,1.0,3928.0,True,True,high
10.1016/j.stueduc.2022.101145,The paradoxical relationship between students’ non-cognitive factors and mathematics & science achievement using TIMSS 2015 dataset,2022,TIMSS,mathematics,Students Like Learning Mathematics,OTHER,motivation,r_correlation,-0.621,negative,mathematics achievement,country,16.0,,True,True,high
10.1016/j.stueduc.2022.101173,Motivational components in TIMSS 2015 and their effects on engaging teaching practices and mathematics performance,2022,TIMSS,mathematics,Self-concept in mathematics,SELF_EFFICACY,motivation,standardized_beta,0.785,positive,Mathematics performance (Plausible Values),student,1.0,20250.0,True,False,medium
10.1016/j.stueduc.2022.101173,Motivational components in TIMSS 2015 and their effects on engaging teaching practices and mathematics performance,2022,TIMSS,mathematics,Engaging teaching behavior,OTHER,teacher_quality,standardized_beta,-0.107,negative,Mathematics performance (Plausible Values),student,1.0,20250.0,True,False,medium
10.1016/j.stueduc.2022.101173,Motivational components in TIMSS 2015 and their effects on engaging teaching practices and mathematics performance,2022,TIMSS,mathematics,Enjoyment of mathematics,MOTIVATION,motivation,standardized_beta,-0.331,negative,Mathematics performance (Plausible Values),student,1.0,20250.0,True,False,medium
10.1016/j.stueduc.2022.101173,Motivational components in TIMSS 2015 and their effects on engaging teaching practices and mathematics performance,2022,TIMSS,mathematics,Importance and usefulness (math),OTHER,motivation,standardized_beta,0.078,positive,Mathematics performance (Plausible Values),student,1.0,20250.0,True,False,medium
10.1016/j.stueduc.2022.101173,Motivational components in TIMSS 2015 and their effects on engaging teaching practices and mathematics performance,2022,TIMSS,mathematics,Self-concept in mathematics,SELF_EFFICACY,motivation,standardized_beta,0.881,positive,Mathematics performance (Plausible Values),student,1.0,20250.0,True,False,medium
10.1016/j.stueduc.2022.101173,Motivational components in TIMSS 2015 and their effects on engaging teaching practices and mathematics performance,2022,TIMSS,mathematics,Engaging teaching behavior,OTHER,teacher_quality,standardized_beta,-0.05,negative,Mathematics performance (Plausible Values),student,1.0,20250.0,True,False,medium
10.1016/j.stueduc.2022.101173,Motivational components in TIMSS 2015 and their effects on engaging teaching practices and mathematics performance,2022,TIMSS,mathematics,Enjoyment of mathematics,MOTIVATION,motivation,standardized_beta,-0.467,negative,Mathematics performance (Plausible Values),student,1.0,20250.0,True,False,medium
10.1016/j.stueduc.2022.101178,School bullying: Prevalence and variation in and between school systems in TIMSS 2015,2022,TIMSS,other,Achievement heterogeneity (Ach_SD),OTHER,prior_achievement,standardized_beta,,negative,Primary study outcome (heuristic migration),school,50.0,2015.0,,True,medium
10.1016/j.stueduc.2022.101178,School bullying: Prevalence and variation in and between school systems in TIMSS 2015,2022,TIMSS,other,SES (Home resources for learning),SES_COMPOSITE,SES,standardized_beta,,positive,Primary study outcome (heuristic migration),school,50.0,2015.0,,True,medium
10.1016/j.stueduc.2022.101178,School bullying: Prevalence and variation in and between school systems in TIMSS 2015,2022,TIMSS,other,Safe and orderly school (teachers),OTHER,school_climate,standardized_beta,,positive,Primary study outcome (heuristic migration),school,50.0,2015.0,,True,medium
10.1016/j.stueduc.2022.101178,School bullying: Prevalence and variation in and between school systems in TIMSS 2015,2022,TIMSS,other,School discipline problems,OTHER,school_climate,standardized_beta,,negative,Primary study outcome (heuristic migration),school,50.0,2015.0,,True,medium
10.1016/j.stueduc.2022.101178,School bullying: Prevalence and variation in and between school systems in TIMSS 2015,2022,TIMSS,other,Sense of school belonging,BELONGING,belonging,standardized_beta,,positive,Primary study outcome (heuristic migration),school,50.0,2015.0,,True,medium
10.1016/j.econedurev.2021.102183,Instruction time and student achievement: The moderating role of teacher qualifications,2021,TIMSS,other,Instruction time (hours/week),OTHER,instructional_time,standardized_beta,0.03,positive,"Test score (math/science plausible value, standardized)",student,39.0,108358.0,True,True,high
10.1016/j.econedurev.2021.102183,Instruction time and student achievement: The moderating role of teacher qualifications,2021,TIMSS,other,Student gender (female) x Instruction time,GENDER,gender,standardized_beta,-0.013,negative,"Test score (math/science plausible value, standardized)",student,39.0,108358.0,True,True,high
10.1016/j.econedurev.2021.102183,Instruction time and student achievement: The moderating role of teacher qualifications,2021,TIMSS,other,Professional development (PD) x Instruction time,OTHER,teacher_quality,standardized_beta,0.03,positive,"Test score (math/science plausible value, standardized)",student,39.0,108358.0,True,True,high
10.1016/j.econedurev.2021.102183,Instruction time and student achievement: The moderating role of teacher qualifications,2021,TIMSS,other,Teacher subject specialization x Instruction time,OTHER,teacher_quality,standardized_beta,0.025,positive,"Test score (math/science plausible value, standardized)",student,39.0,108358.0,True,True,high
10.1016/j.econedurev.2021.102183,Instruction time and student achievement: The moderating role of teacher qualifications,2021,TIMSS,other,Teacher relevant major degree x Instruction time,OTHER,teacher_quality,standardized_beta,0.034,positive,"Test score (math/science plausible value, standardized)",student,39.0,108358.0,True,True,high
10.1016/j.ijedudev.2020.102297,School belonging and math attitudes among high school students in advanced math,2021,TIMSS,mathematics,Sense of school belonging,BELONGING,belonging,R2,0.29,positive,Students Like Learning Advanced Mathematics (SLM),student,9.0,35853.0,True,True,high
10.1016/j.ijedudev.2020.102297,School belonging and math attitudes among high school students in advanced math,2021,TIMSS,mathematics,TIMSS math achievement,OTHER,prior_achievement,R2,0.29,positive,Students Like Learning Advanced Mathematics (SLM),student,9.0,35853.0,True,True,high
10.1016/j.ijedudev.2020.102297,School belonging and math attitudes among high school students in advanced math,2021,TIMSS,mathematics,Parental education level,PARENTAL_EDUCATION,parental_education,R2,0.29,positive,Students Like Learning Advanced Mathematics (SLM),student,9.0,35853.0,True,True,high
10.1016/j.ijedudev.2020.102297,School belonging and math attitudes among high school students in advanced math,2021,TIMSS,mathematics,Gender (female vs male),GENDER,gender,R2,0.29,positive,Students Like Learning Advanced Mathematics (SLM),student,9.0,35853.0,True,True,high
10.1016/j.ijedudev.2020.102297,School belonging and math attitudes among high school students in advanced math,2021,TIMSS,mathematics,Sense of school belonging,BELONGING,belonging,R2,0.19,positive,Students Value Advanced Mathematics (SVM),student,9.0,35853.0,True,True,high
10.1016/j.ijedudev.2020.102297,School belonging and math attitudes among high school students in advanced math,2021,TIMSS,mathematics,TIMSS math achievement,OTHER,prior_achievement,R2,0.19,positive,Students Value Advanced Mathematics (SVM),student,9.0,35853.0,True,True,high
10.1016/j.ijedudev.2020.102297,School belonging and math attitudes among high school students in advanced math,2021,TIMSS,mathematics,Parental education level,PARENTAL_EDUCATION,parental_education,R2,0.19,positive,Students Value Advanced Mathematics (SVM),student,9.0,35853.0,True,True,high
10.1016/j.ijedudev.2020.102297,School belonging and math attitudes among high school students in advanced math,2021,TIMSS,mathematics,Gender (female vs male),GENDER,gender,R2,0.19,positive,Students Value Advanced Mathematics (SVM),student,9.0,35853.0,True,True,high
10.1016/j.tate.2025.105202,Teaching with confidence: How a skill-based intervention develops teacher self-efficacy and improves educational outcomes,2025,other,other,T2 TSE for student engagement,AGE_GRADE,self_efficacy,standardized_beta,0.2,positive,T3 student achievement (class-average PE grade),other,1.0,91.0,False,False,medium
10.1016/j.tate.2025.105202,Teaching with confidence: How a skill-based intervention develops teacher self-efficacy and improves educational outcomes,2025,other,other,Experimental condition,OTHER,other,standardized_beta,0.08,,T3 student achievement (class-average PE grade),other,1.0,91.0,False,False,medium
10.1016/j.ijer.2020.101671,"Mathematics Teachers’ Professional Traits that Affect Mathematical Achievement for Fourth-grade Students according to the TIMSS 2015 Results: A Comparative Study among Singapore, Hong Kong, Japan, and Saudi Arabia",2020,TIMSS,mathematics,Teacher gender,GENDER,gender,other,0.1,positive,Mathematical achievement (fourth grade),student,4.0,14971.0,False,,medium
10.1016/j.ijer.2020.101671,"Mathematics Teachers’ Professional Traits that Affect Mathematical Achievement for Fourth-grade Students according to the TIMSS 2015 Results: A Comparative Study among Singapore, Hong Kong, Japan, and Saudi Arabia",2020,TIMSS,mathematics,Teacher gender × Teaching experience,GENDER,gender,other,0.05,mixed,Mathematical achievement (fourth grade),student,4.0,14971.0,False,,medium
10.1016/j.ijer.2020.101671,"Mathematics Teachers’ Professional Traits that Affect Mathematical Achievement for Fourth-grade Students according to the TIMSS 2015 Results: A Comparative Study among Singapore, Hong Kong, Japan, and Saudi Arabia",2020,TIMSS,mathematics,Teacher gender,GENDER,gender,other,0.05,positive,Mathematical achievement (fourth grade),student,4.0,14971.0,False,,medium
10.1016/j.ijer.2020.101671,"Mathematics Teachers’ Professional Traits that Affect Mathematical Achievement for Fourth-grade Students according to the TIMSS 2015 Results: A Comparative Study among Singapore, Hong Kong, Japan, and Saudi Arabia",2020,TIMSS,mathematics,Teacher gender,GENDER,gender,other,0.04,positive,Mathematical achievement (fourth grade),student,4.0,14971.0,False,,medium
10.1016/j.ijer.2020.101671,"Mathematics Teachers’ Professional Traits that Affect Mathematical Achievement for Fourth-grade Students according to the TIMSS 2015 Results: A Comparative Study among Singapore, Hong Kong, Japan, and Saudi Arabia",2020,TIMSS,mathematics,Teacher gender × Educational qualification,GENDER,gender,other,0.04,mixed,Mathematical achievement (fourth grade),student,4.0,14971.0,False,,medium
10.1016/j.ijer.2020.101671,"Mathematics Teachers’ Professional Traits that Affect Mathematical Achievement for Fourth-grade Students according to the TIMSS 2015 Results: A Comparative Study among Singapore, Hong Kong, Japan, and Saudi Arabia",2020,TIMSS,mathematics,Teacher gender,GENDER,gender,other,0.04,positive,Mathematical achievement (fourth grade),student,4.0,14971.0,False,,medium
10.1016/j.ijer.2020.101671,"Mathematics Teachers’ Professional Traits that Affect Mathematical Achievement for Fourth-grade Students according to the TIMSS 2015 Results: A Comparative Study among Singapore, Hong Kong, Japan, and Saudi Arabia",2020,TIMSS,mathematics,Teacher gender × Teacher specialization,GENDER,gender,other,0.07,mixed,Mathematical achievement (fourth grade),student,4.0,14971.0,False,,medium
10.1016/j.tsc.2024.101596,Research on personalized assessment Information of students’ mathematical competency based on cognitive diagnosis,2024,TIMSS,mathematics,Spatial Reasoning (SR),OTHER,other,other,,positive,Personalized diagnostic report recommendations (attribute mastery + follow-up sequences),student,6.0,4733.0,False,False,medium
10.1016/j.tsc.2024.101596,Research on personalized assessment Information of students’ mathematical competency based on cognitive diagnosis,2024,TIMSS,mathematics,Algebraic Transformation (AT),OTHER,other,other,,positive,Personalized diagnostic report recommendations (attribute mastery + follow-up sequences),student,6.0,4733.0,False,False,medium
10.1016/j.tsc.2024.101596,Research on personalized assessment Information of students’ mathematical competency based on cognitive diagnosis,2024,TIMSS,mathematics,Proportional Reasoning (PR),OTHER,other,other,,positive,Personalized diagnostic report recommendations (attribute mastery + follow-up sequences),student,6.0,4733.0,False,False,medium
10.1016/j.tsc.2024.101596,Research on personalized assessment Information of students’ mathematical competency based on cognitive diagnosis,2024,TIMSS,mathematics,Data Analysis & Evaluation (DE),OTHER,other,other,,positive,Personalized diagnostic report recommendations (attribute mastery + follow-up sequences),student,6.0,4733.0,False,False,medium
10.1016/j.ijedro.2025.100520,School leadership matters: Evidence from TIMSS on teacher job satisfaction and students’ academic outcomes,2025,TIMSS,mathematics,School leadership support,OTHER,school_climate,standardized_beta,-0.05,negative,Mathematics achievement,student,45.0,,,True,medium
10.1016/j.stueduc.2026.101562,Construct validity of a mixed-worded mathematics confidence scale: Relations with mathematics achievement in TIMSS 2019,2026,TIMSS,mathematics,Mathematics confidence (Model B1: 9 items),OTHER,motivation,standardized_beta,0.387,positive,Mathematics achievement,student,1.0,3965.0,True,False,medium
10.1016/j.stueduc.2026.101562,Construct validity of a mixed-worded mathematics confidence scale: Relations with mathematics achievement in TIMSS 2019,2026,TIMSS,mathematics,Mathematics confidence (Model B2: 8 items excluding item 7),OTHER,motivation,standardized_beta,0.393,positive,Mathematics achievement,student,1.0,3965.0,True,False,medium
10.1016/j.stueduc.2026.101562,Construct validity of a mixed-worded mathematics confidence scale: Relations with mathematics achievement in TIMSS 2019,2026,TIMSS,mathematics,Mathematics confidence (Model B3: 3 positively worded items),OTHER,motivation,standardized_beta,0.322,positive,Mathematics achievement,student,1.0,3965.0,True,False,high
10.1016/j.stueduc.2026.101562,Construct validity of a mixed-worded mathematics confidence scale: Relations with mathematics achievement in TIMSS 2019,2026,TIMSS,mathematics,Mathematics confidence (Model B4: target-rotated bifactor ESEM),OTHER,motivation,standardized_beta,-0.45,negative,Mathematics achievement,student,1.0,3965.0,True,False,medium
10.1016/j.stueduc.2026.101610,Profiles of teachers built on cognitive-activation teaching strategies and its effect on student’s outcomes in TIMSS 2019,2026,TIMSS,science,Home educational resources (SES),SES_COMPOSITE,SES,other,,mixed,Science achievement (Plausible Values),student,14.0,,True,True,medium
10.1016/j.econedurev.2025.102738,"School closures, shelter-use and learning outcomes in the philippines: evidence from 2019 TIMSS",2026,TIMSS,mathematics,Typhoon school days (2017),OTHER,instructional_time,other,-12.66,negative,Mathematics achievement (IV outcome),student,1.0,4185.0,True,True,medium
10.1016/j.econedurev.2025.102738,"School closures, shelter-use and learning outcomes in the philippines: evidence from 2019 TIMSS",2026,TIMSS,mathematics,Typhoon school days (2018),OTHER,instructional_time,other,-12.66,negative,Mathematics achievement (IV outcome),student,1.0,4185.0,True,True,medium
10.1016/j.econedurev.2025.102738,"School closures, shelter-use and learning outcomes in the philippines: evidence from 2019 TIMSS",2026,TIMSS,mathematics,Home resources for learning,HOME_RESOURCES,SES,other,,positive,Mathematics achievement (IV outcome),student,1.0,4185.0,True,True,medium
10.1016/j.econedurev.2025.102738,"School closures, shelter-use and learning outcomes in the philippines: evidence from 2019 TIMSS",2026,TIMSS,mathematics,Sense of school belonging,BELONGING,belonging,other,,positive,Mathematics achievement (IV outcome),student,1.0,4185.0,True,True,medium
10.1016/j.econedurev.2025.102738,"School closures, shelter-use and learning outcomes in the philippines: evidence from 2019 TIMSS",2026,TIMSS,mathematics,Resource shortage (mathematics),AGE_GRADE,school_resources,other,,negative,Mathematics achievement (IV outcome),student,1.0,4185.0,True,True,medium
10.1016/j.tate.2024.104893,A latent profile analysis of achievement emotions and their relationships with students’ perceived teaching quality in mathematics classrooms,2025,other,mathematics,Teacher support,TEACHER_QUALITY,teacher_quality,odds_ratio,4.52,positive,Latent emotion profile membership (positive vs medium vs negative),student,1.0,1762.0,,False,medium
10.1016/j.tate.2024.104893,A latent profile analysis of achievement emotions and their relationships with students’ perceived teaching quality in mathematics classrooms,2025,other,mathematics,Cognitive activation,OTHER,teacher_quality,odds_ratio,2.06,positive,Latent emotion profile membership (positive vs medium vs negative),student,1.0,1762.0,,False,medium
10.1016/j.tate.2024.104893,A latent profile analysis of achievement emotions and their relationships with students’ perceived teaching quality in mathematics classrooms,2025,other,mathematics,Classroom management,AGE_GRADE,teacher_quality,odds_ratio,2.45,positive,Latent emotion profile membership (positive vs medium vs negative),student,1.0,1762.0,,False,medium
10.1016/j.tate.2024.104893,A latent profile analysis of achievement emotions and their relationships with students’ perceived teaching quality in mathematics classrooms,2025,other,mathematics,Mathematical richness,OTHER,teacher_quality,odds_ratio,3.75,positive,Latent emotion profile membership (positive vs medium vs negative),student,1.0,1762.0,,False,medium
10.1016/j.tate.2024.104893,A latent profile analysis of achievement emotions and their relationships with students’ perceived teaching quality in mathematics classrooms,2025,other,mathematics,Errors and imprecision,OTHER,teacher_quality,odds_ratio,0.7,negative,Latent emotion profile membership (positive vs medium vs negative),student,1.0,1762.0,,False,medium
10.1016/j.learninstruc.2025.102264,Validating automated assessments of teaching effectiveness using multimodal data,2026,other,mathematics,Questioning,OTHER,teacher_quality,standardized_beta,0.22,positive,student mathematics achievement (posttest),student,1.0,1132.0,,False,medium
10.1016/j.learninstruc.2025.102264,Validating automated assessments of teaching effectiveness using multimodal data,2026,other,mathematics,Understanding procedures/processes,SES_COMPOSITE,teacher_quality,standardized_beta,0.4,positive,student mathematics achievement (posttest),student,1.0,1132.0,,False,medium
10.1016/j.learninstruc.2025.102264,Validating automated assessments of teaching effectiveness using multimodal data,2026,other,mathematics,Explicit patterns/generalizations,OTHER,teacher_quality,standardized_beta,-0.24,negative,student mathematics achievement (posttest),student,1.0,1132.0,,False,medium
10.1016/j.learninstruc.2025.102264,Validating automated assessments of teaching effectiveness using multimodal data,2026,other,mathematics,Student-aligned instruction,OTHER,teacher_quality,standardized_beta,-0.28,negative,student mathematics achievement (posttest),student,1.0,1132.0,,False,medium
10.1016/j.learninstruc.2025.102264,Validating automated assessments of teaching effectiveness using multimodal data,2026,other,mathematics,Disruptions,OTHER,teacher_quality,standardized_beta,0.3,positive,student mathematics achievement (posttest),student,1.0,1132.0,,False,medium
10.1016/j.learninstruc.2025.102264,Validating automated assessments of teaching effectiveness using multimodal data,2026,other,mathematics,Clarity,OTHER,teacher_quality,standardized_beta,0.15,positive,student mathematics achievement (posttest),student,1.0,1132.0,,False,medium
10.1016/j.learninstruc.2025.102264,Validating automated assessments of teaching effectiveness using multimodal data,2026,other,mathematics,Eliciting student thinking,OTHER,teacher_quality,standardized_beta,0.28,positive,student mathematics achievement (posttest),student,1.0,1132.0,,False,medium
10.1016/j.learninstruc.2025.102264,Validating automated assessments of teaching effectiveness using multimodal data,2026,other,mathematics,Monitoring,OTHER,teacher_quality,standardized_beta,-0.42,negative,student mathematics achievement (posttest),student,1.0,1132.0,,False,medium
10.1016/j.learninstruc.2025.102264,Validating automated assessments of teaching effectiveness using multimodal data,2026,other,mathematics,Encouragement/warmth,AGE_GRADE,teacher_quality,standardized_beta,-0.4,negative,student mathematics achievement (posttest),student,1.0,1132.0,,False,medium
10.1016/j.learninstruc.2025.102264,Validating automated assessments of teaching effectiveness using multimodal data,2026,other,mathematics,Multiple approaches/reasoning,OTHER,teacher_quality,standardized_beta,-0.24,negative,student mathematics achievement (posttest),student,1.0,1132.0,,False,medium
10.1016/j.learninstruc.2025.102264,Validating automated assessments of teaching effectiveness using multimodal data,2026,other,mathematics,Routines,OTHER,teacher_quality,standardized_beta,0.33,positive,student mathematics achievement (posttest),student,1.0,1132.0,,False,medium
10.1016/j.lindif.2022.102183,How classroom management and instructional clarity relate to students' academic emotions in Hong Kong and England: A multi-group analysis based on the control-value theory,2022,TIMSS,mathematics,Mathematics self-concept,SELF_EFFICACY,motivation,standardized_beta,0.153,positive,Mathematics achievement (PVs),student,2.0,3127.0,True,,medium
10.1016/j.lindif.2022.102183,How classroom management and instructional clarity relate to students' academic emotions in Hong Kong and England: A multi-group analysis based on the control-value theory,2022,TIMSS,mathematics,Mathematics value,OTHER,motivation,standardized_beta,0.158,positive,Mathematics achievement (PVs),student,2.0,3127.0,True,,medium
10.1016/j.lindif.2022.102183,How classroom management and instructional clarity relate to students' academic emotions in Hong Kong and England: A multi-group analysis based on the control-value theory,2022,TIMSS,mathematics,Classroom management,AGE_GRADE,teacher_quality,standardized_beta,0.205,positive,Mathematics achievement (PVs),student,2.0,3127.0,True,,medium
10.1016/j.lindif.2022.102183,How classroom management and instructional clarity relate to students' academic emotions in Hong Kong and England: A multi-group analysis based on the control-value theory,2022,TIMSS,mathematics,Instructional clarity,OTHER,teacher_quality,standardized_beta,-0.108,negative,Mathematics achievement (PVs),student,2.0,3127.0,True,,medium
10.1016/j.lindif.2022.102183,How classroom management and instructional clarity relate to students' academic emotions in Hong Kong and England: A multi-group analysis based on the control-value theory,2022,TIMSS,mathematics,Mathematics self-concept,SELF_EFFICACY,motivation,standardized_beta,0.413,positive,Mathematics achievement (PVs),student,2.0,3127.0,True,,medium
10.1016/j.lindif.2022.102183,How classroom management and instructional clarity relate to students' academic emotions in Hong Kong and England: A multi-group analysis based on the control-value theory,2022,TIMSS,mathematics,Mathematics value,OTHER,motivation,standardized_beta,-0.033,,Mathematics achievement (PVs),student,2.0,3127.0,True,,medium
10.1016/j.lindif.2024.102609,Teaching for near transfer: Is maths instruction aimed at schema formation and abstraction associated with pupils' ability to answer unfamiliar maths questions?,2025,TIMSS,mathematics,Teaching for transfer scale,OTHER,teacher_quality,standardized_beta,0.15,positive,percent of off-curriculum mathematics questions answered correctly,student,47.0,280083.0,False,True,medium
10.1016/j.lindif.2024.102609,Teaching for near transfer: Is maths instruction aimed at schema formation and abstraction associated with pupils' ability to answer unfamiliar maths questions?,2025,TIMSS,mathematics,Link content to prior knowledge,OTHER,teacher_quality,standardized_beta,0.1,positive,percent of off-curriculum mathematics questions answered correctly,student,47.0,280083.0,False,True,medium
10.1016/j.lindif.2024.102609,Teaching for near transfer: Is maths instruction aimed at schema formation and abstraction associated with pupils' ability to answer unfamiliar maths questions?,2025,TIMSS,mathematics,Decide own problem-solving procedures,OTHER,teacher_quality,standardized_beta,0.08,positive,percent of off-curriculum mathematics questions answered correctly,student,47.0,280083.0,False,True,medium
10.1016/j.lindif.2024.102609,Teaching for near transfer: Is maths instruction aimed at schema formation and abstraction associated with pupils' ability to answer unfamiliar maths questions?,2025,TIMSS,mathematics,Explain answers,OTHER,teacher_quality,standardized_beta,0.12,positive,percent of off-curriculum mathematics questions answered correctly,student,47.0,280083.0,False,True,medium
10.1016/j.lindif.2024.102609,Teaching for near transfer: Is maths instruction aimed at schema formation and abstraction associated with pupils' ability to answer unfamiliar maths questions?,2025,TIMSS,mathematics,Relate lessons to daily lives,OTHER,teacher_quality,standardized_beta,0.09,positive,percent of off-curriculum mathematics questions answered correctly,student,47.0,280083.0,False,True,medium
10.1016/j.lindif.2024.102609,Teaching for near transfer: Is maths instruction aimed at schema formation and abstraction associated with pupils' ability to answer unfamiliar maths questions?,2025,TIMSS,mathematics,Apply to new problem situations,OTHER,teacher_quality,standardized_beta,0.11,positive,percent of off-curriculum mathematics questions answered correctly,student,47.0,280083.0,False,True,medium
10.1016/j.lindif.2024.102609,Teaching for near transfer: Is maths instruction aimed at schema formation and abstraction associated with pupils' ability to answer unfamiliar maths questions?,2025,TIMSS,mathematics,Percent correct on curriculum questions,OTHER,prior_achievement,standardized_beta,0.25,positive,percent of off-curriculum mathematics questions answered correctly,student,47.0,280083.0,False,True,medium
10.1016/j.procs.2022.03.100,The Relationship between the School Resources index; Gender; Age and Mathematics Achievement in TIMSS 2019 survey: Multilevel analysis,2022,TIMSS,mathematics,Age,AGE_GRADE,other,other,-4.84,negative,Mathematics achievement (average across five PVs),student,1.0,7500.0,True,False,medium
10.1016/j.procs.2022.03.100,The Relationship between the School Resources index; Gender; Age and Mathematics Achievement in TIMSS 2019 survey: Multilevel analysis,2022,TIMSS,mathematics,Gender,GENDER,gender,other,-4.42,negative,Mathematics achievement (average across five PVs),student,1.0,7500.0,True,False,medium
10.1016/j.procs.2022.03.100,The Relationship between the School Resources index; Gender; Age and Mathematics Achievement in TIMSS 2019 survey: Multilevel analysis,2022,TIMSS,mathematics,Resources for Mathematics Instruction (RMI),OTHER,school_resources,other,8.23,positive,Mathematics achievement (average across five PVs),school,1.0,7500.0,True,False,medium
10.1016/j.procs.2022.03.100,The Relationship between the School Resources index; Gender; Age and Mathematics Achievement in TIMSS 2019 survey: Multilevel analysis,2022,TIMSS,mathematics,General School Resources (GSR),SCHOOL_RESOURCES,school_resources,other,14.37,positive,Mathematics achievement (average across five PVs),school,1.0,7500.0,True,False,medium
10.1016/j.heliyon.2024.e27062,The impact of science teaching strategies in the Arabic-speaking countries: A multilevel analysis of TIMSS 2019 data,2024,TIMSS,science,Emphasis on academic success,OTHER,other,other,8.5,positive,Science achievement (Plausible Values),student,7.0,60956.0,True,True,medium
10.1016/j.heliyon.2024.e27062,The impact of science teaching strategies in the Arabic-speaking countries: A multilevel analysis of TIMSS 2019 data,2024,TIMSS,science,Index of active instruction,OTHER,other,other,4.3,positive,Science achievement (Plausible Values),student,7.0,60956.0,True,True,medium
10.1016/j.heliyon.2024.e27062,The impact of science teaching strategies in the Arabic-speaking countries: A multilevel analysis of TIMSS 2019 data,2024,TIMSS,science,Science investigation emphasis,OTHER,other,other,-3.1,negative,Science achievement (Plausible Values),student,7.0,60956.0,True,True,medium
10.1016/j.heliyon.2024.e27062,The impact of science teaching strategies in the Arabic-speaking countries: A multilevel analysis of TIMSS 2019 data,2024,TIMSS,science,Average home resources,HOME_RESOURCES,SES,other,,positive,Science achievement (Plausible Values),student,7.0,60956.0,True,True,medium
10.1016/j.heliyon.2024.e27062,The impact of science teaching strategies in the Arabic-speaking countries: A multilevel analysis of TIMSS 2019 data,2024,TIMSS,science,Average attitudes,AGE_GRADE,other,other,,positive,Science achievement (Plausible Values),student,7.0,60956.0,True,True,medium
10.1016/j.heliyon.2024.e27062,The impact of science teaching strategies in the Arabic-speaking countries: A multilevel analysis of TIMSS 2019 data,2024,TIMSS,science,Home resources (within-class effect),HOME_RESOURCES,SES,other,,positive,Science achievement moderation of home resources effect,student,7.0,60956.0,True,True,medium
10.1016/j.ssaho.2026.102599,Effectiveness of integrated STEM and problem-based learning in improving students’ conceptual understanding in science,2026,other,science,integrated STEM delivered through problem-based learning (I-STEM-PBL),OTHER,other,Cohen’s d,0.48,positive,Meaningful Conceptual Understanding (MCU) test score,student,1.0,38.0,,False,low
10.1016/j.ijedro.2024.100427,School leadership support and socioeconomic status inequalities in mathematics and science achievement: Evidence from TIMSS 2019,2025,TIMSS,mathematics,Socioeconomic status (SES),SES_COMPOSITE,SES,standardized_beta,0.35,positive,Math/science achievement (DV),student,46.0,,True,True,high
10.1016/j.ijedro.2024.100427,School leadership support and socioeconomic status inequalities in mathematics and science achievement: Evidence from TIMSS 2019,2025,TIMSS,mathematics,Leadership support,OTHER,school_climate,standardized_beta,0.12,positive,Math/science achievement (DV),school,46.0,,True,True,high
10.1016/j.ijedro.2024.100427,School leadership support and socioeconomic status inequalities in mathematics and science achievement: Evidence from TIMSS 2019,2025,TIMSS,mathematics,discipline (behavior),OTHER,school_climate,standardized_beta,0.08,positive,Math/science achievement (DV),school,46.0,,True,True,high
10.1016/j.ijedro.2024.100427,School leadership support and socioeconomic status inequalities in mathematics and science achievement: Evidence from TIMSS 2019,2025,TIMSS,mathematics,discipline (respect),OTHER,school_climate,standardized_beta,0.1,positive,Math/science achievement (DV),school,46.0,,True,True,high
10.1016/j.ijedro.2024.100427,School leadership support and socioeconomic status inequalities in mathematics and science achievement: Evidence from TIMSS 2019,2025,TIMSS,mathematics,discipline (property),OTHER,school_climate,standardized_beta,0.05,positive,Math/science achievement (DV),school,46.0,,True,True,high
10.1016/j.ijedro.2024.100427,School leadership support and socioeconomic status inequalities in mathematics and science achievement: Evidence from TIMSS 2019,2025,TIMSS,mathematics,discipline (rules),OTHER,school_climate,standardized_beta,0.07,positive,Math/science achievement (DV),school,46.0,,True,True,high
10.1016/j.ijedro.2024.100427,School leadership support and socioeconomic status inequalities in mathematics and science achievement: Evidence from TIMSS 2019,2025,TIMSS,mathematics,discipline (enforce),OTHER,school_climate,standardized_beta,0.09,positive,Math/science achievement (DV),school,46.0,,True,True,high
10.1016/j.caeai.2026.100558,Optimizing automated scoring in ILSAs with prompt compression,2026,PIRLS,reading,Model 3 (refined SGs plus passage summarization with abstractive SG refinement),AGE_GRADE,other,accuracy,92.87,positive,Automated scoring agreement (accuracy) vs human scoring,other,27.0,,,False,medium
10.1016/j.caeai.2026.100558,Optimizing automated scoring in ILSAs with prompt compression,2026,PIRLS,reading,Model 3 (refined SGs plus passage summarization with abstractive SG refinement),AGE_GRADE,other,other,0.8,,Inter-rater reliability (Cohen’s kappa) between automated and human scoring,other,27.0,,,False,medium
10.1016/j.caeai.2026.100558,Optimizing automated scoring in ILSAs with prompt compression,2026,PIRLS,reading,Model 3 (refined SGs plus passage summarization with abstractive SG refinement),AGE_GRADE,other,other,0.12,positive,Hallucination rate in automated scoring outputs,other,27.0,,,False,medium
10.1016/j.ssaho.2025.101457,Enhancing middle school science education: Evaluating a competency-based STEM training program for teachers,2025,other,science,Training group (EXP vs CON),OTHER,teacher_quality,partial η2,0.13,positive,Teaching procedures (Q1) score,other,1.0,48.0,,False,medium
10.1016/j.ssaho.2025.101457,Enhancing middle school science education: Evaluating a competency-based STEM training program for teachers,2025,other,science,Training group (EXP vs CON),OTHER,teacher_quality,partial η2,0.13,positive,Teaching planning (Q2) score,other,1.0,48.0,,False,medium
10.1016/j.ssaho.2025.101457,Enhancing middle school science education: Evaluating a competency-based STEM training program for teachers,2025,other,science,Training group (EXP vs CON),OTHER,teacher_quality,partial η2,0.16,positive,Content knowledge (Q3) score,other,1.0,48.0,,False,medium
10.1016/j.ssaho.2025.101457,Enhancing middle school science education: Evaluating a competency-based STEM training program for teachers,2025,other,science,Training group (EXP vs CON),OTHER,teacher_quality,partial η2,0.28,positive,Methods of correcting misconceptions (Q4) score,other,1.0,48.0,,False,medium
10.1016/j.ssaho.2025.101457,Enhancing middle school science education: Evaluating a competency-based STEM training program for teachers,2025,other,science,Training group (EXP vs CON),OTHER,teacher_quality,partial η2,0.103,negative,Methods of teaching (Q5) score,other,1.0,48.0,,False,medium
10.1016/j.ijedro.2025.100547,Effect of school climate on fourth-grade students’ science achievement in the United Arab Emirates: Insights from the 2023 TIMSS Dataset,2025,TIMSS,science,Social and emotional safety,SCHOOL_CLIMATE,school_climate,standardized_beta,0.25,positive,Science achievement (Plausible Values; total of five PVs),student,1.0,34217.0,True,False,medium
10.1016/j.ijedro.2025.100547,Effect of school climate on fourth-grade students’ science achievement in the United Arab Emirates: Insights from the 2023 TIMSS Dataset,2025,TIMSS,science,Absenteeism,OTHER,other,standardized_beta,0.22,positive,Science achievement (Plausible Values; total of five PVs),student,1.0,34217.0,True,False,medium
10.1016/j.ijedro.2025.100547,Effect of school climate on fourth-grade students’ science achievement in the United Arab Emirates: Insights from the 2023 TIMSS Dataset,2025,TIMSS,science,Science classroom environment,OTHER,school_climate,standardized_beta,-0.15,negative,Science achievement (Plausible Values; total of five PVs),student,1.0,34217.0,True,False,medium
10.1016/j.ijedro.2025.100547,Effect of school climate on fourth-grade students’ science achievement in the United Arab Emirates: Insights from the 2023 TIMSS Dataset,2025,TIMSS,science,Attitude toward science,OTHER,motivation,standardized_beta,0.02,positive,Science achievement (Plausible Values; total of five PVs),student,1.0,34217.0,True,False,medium
10.1016/j.ijedro.2025.100547,Effect of school climate on fourth-grade students’ science achievement in the United Arab Emirates: Insights from the 2023 TIMSS Dataset,2025,TIMSS,science,Language of the test,AGE_GRADE,other,standardized_beta,-0.04,negative,Science achievement (Plausible Values; total of five PVs),student,1.0,34217.0,True,False,medium
10.1016/j.ijedro.2025.100547,Effect of school climate on fourth-grade students’ science achievement in the United Arab Emirates: Insights from the 2023 TIMSS Dataset,2025,TIMSS,science,Gender,GENDER,gender,standardized_beta,0.05,positive,Science achievement (Plausible Values; total of five PVs),student,1.0,34217.0,True,False,medium
10.1016/j.ijedro.2025.100547,Effect of school climate on fourth-grade students’ science achievement in the United Arab Emirates: Insights from the 2023 TIMSS Dataset,2025,TIMSS,science,Number of books at home,HOME_RESOURCES,SES,standardized_beta,0.03,positive,Science achievement (Plausible Values; total of five PVs),student,1.0,34217.0,True,False,medium
10.1016/j.ijedro.2025.100547,Effect of school climate on fourth-grade students’ science achievement in the United Arab Emirates: Insights from the 2023 TIMSS Dataset,2025,TIMSS,science,Combined model,OTHER,other,R2,0.18,positive,Science achievement (Plausible Values; total of five PVs),student,1.0,34217.0,True,False,medium
10.34291/BV2021/01/Klemencic,Stališča osmošolcev v Sloveniji o vlogi vere pri vplivu na družbo: analiza podatkov ICCS,2021,other,other,frequency of attending religious services outside the home,OTHER,other,r_correlation,0.53,positive,S_RELINF,student,1.0,2844.0,,,medium
10.34291/BV2021/01/Klemencic,Stališča osmošolcev v Sloveniji o vlogi vere pri vplivu na družbo: analiza podatkov ICCS,2021,other,other,volunteering intentions and volunteering in community-help groups,OTHER,other,r_correlation,0.11,positive,S_RELINF,student,1.0,2844.0,,,medium
10.34291/BV2021/01/Klemencic,Stališča osmošolcev v Sloveniji o vlogi vere pri vplivu na družbo: analiza podatkov ICCS,2021,other,other,volunteering intentions and volunteering in community-help groups,OTHER,other,r_correlation,0.14,positive,S_RELINF,student,1.0,2844.0,,,medium
10.34291/BV2021/01/Klemencic,Stališča osmošolcev v Sloveniji o vlogi vere pri vplivu na družbo: analiza podatkov ICCS,2021,other,other,expected electoral and active political participation,OTHER,other,r_correlation,0.12,positive,S_RELINF,student,1.0,2844.0,,,medium
10.34291/BV2021/01/Klemencic,Stališča osmošolcev v Sloveniji o vlogi vere pri vplivu na družbo: analiza podatkov ICCS,2021,other,other,expected electoral and active political participation,OTHER,other,r_correlation,0.05,positive,S_RELINF,student,1.0,2844.0,,,medium
10.1186/s40536-020-00090-1,The relationship between differences in students’ computer and information literacy and response times: an analysis of IEA-ICILS data,2020,other,other,Processing profile (fast vs slow),OTHER,other,other,,positive,CIL (Plausible Values) by processing profile,student,3.0,7058.0,True,True,medium
10.1080/07380569.2021.1882206,Examination of Turkish Middle School STEM Teachers' Knowledge about Computational Thinking and Views,2021,other,other,Graduation level,OTHER,other,other,0.11,,QCT computational thinking conceptual development score,other,1.0,121.0,False,False,medium
10.1080/07380569.2021.1882206,Examination of Turkish Middle School STEM Teachers' Knowledge about Computational Thinking and Views,2021,other,other,Teaching experience,OTHER,other,other,0.336,,QCT computational thinking conceptual development score,other,1.0,121.0,False,False,medium
10.1080/07380569.2021.1882206,Examination of Turkish Middle School STEM Teachers' Knowledge about Computational Thinking and Views,2021,other,other,Educational discipline,OTHER,other,other,0.341,,QCT computational thinking conceptual development score,other,1.0,121.0,False,False,medium
10.1080/07380569.2021.1882206,Examination of Turkish Middle School STEM Teachers' Knowledge about Computational Thinking and Views,2021,other,other,Attending ICT–CT training,ICT_ACCESS,ICT,other,0.093,,QCT computational thinking conceptual development score,other,1.0,121.0,False,False,medium
10.1080/07380569.2021.1882206,Examination of Turkish Middle School STEM Teachers' Knowledge about Computational Thinking and Views,2021,other,other,ICT level in schools,ICT_ACCESS,ICT,other,0.803,positive,Teachers’ positive views regarding ICT use in schools,other,1.0,121.0,False,False,medium
10.1080/07380569.2021.1882206,Examination of Turkish Middle School STEM Teachers' Knowledge about Computational Thinking and Views,2021,other,other,ICT use effectiveness,ICT_ACCESS,ICT,other,0.867,positive,Teachers’ positive views regarding ICT use in schools,other,1.0,121.0,False,False,medium
10.1080/07380569.2021.1882206,Examination of Turkish Middle School STEM Teachers' Knowledge about Computational Thinking and Views,2021,other,other,ICT level in schools,ICT_ACCESS,ICT,other,0.851,negative,Teachers’ negative views regarding ICT use in schools,other,1.0,121.0,False,False,medium
10.1080/07380569.2021.1882206,Examination of Turkish Middle School STEM Teachers' Knowledge about Computational Thinking and Views,2021,other,other,ICT use effectiveness,ICT_ACCESS,ICT,other,0.892,negative,Teachers’ negative views regarding ICT use in schools,other,1.0,121.0,False,False,medium
10.3389/feduc.2022.948783,Finnish teachers' and students' programming motivation and their role in teaching and learning computational thinking,2022,other,other,Intrinsic programming motivation (students),MOTIVATION,motivation,standardized_beta,0.11,positive,CT test scores (plausible values),student,1.0,2546.0,True,True,high
10.3389/feduc.2022.948783,Finnish teachers' and students' programming motivation and their role in teaching and learning computational thinking,2022,other,other,Extrinsic programming motivation (students),MOTIVATION,motivation,standardized_beta,0.08,positive,CT test scores (plausible values),student,1.0,2546.0,True,True,high
10.1007/s10639-021-10800-z,How to improve the design of experimental studies in computing education: Evidence from the international assessments,2022,other,other,Gender,GENDER,gender,R2,,,CIL intraclass correlation coefficients (ICCs) and explained variance (R2) for CRT design,student,,,False,,medium
10.1007/s10639-021-10800-z,How to improve the design of experimental studies in computing education: Evidence from the international assessments,2022,other,other,Interest in ICT,MOTIVATION,motivation,R2,,,CIL intraclass correlation coefficients (ICCs) and explained variance (R2) for CRT design,student,,,False,,medium
10.1007/s10639-021-10800-z,How to improve the design of experimental studies in computing education: Evidence from the international assessments,2022,other,other,Socioeconomic status (NISB),SES_COMPOSITE,SES,R2,,,CIL intraclass correlation coefficients (ICCs) and explained variance (R2) for CRT design,student,,,False,,medium
10.1007/s10639-021-10800-z,How to improve the design of experimental studies in computing education: Evidence from the international assessments,2022,other,other,ICT self-efficacy (basic/general),SELF_EFFICACY,self_efficacy,R2,,,CIL intraclass correlation coefficients (ICCs) and explained variance (R2) for CRT design,student,,,False,,medium
10.1007/s10639-021-10800-z,How to improve the design of experimental studies in computing education: Evidence from the international assessments,2022,other,other,ICT resources at school,ICT_ACCESS,school_resources,R2,,,CIL intraclass correlation coefficients (ICCs) and explained variance (R2) for CRT design,school,,,False,,medium
10.3390/jintelligence13110145,Student Characteristics and ICT Usage as Predictors of Computational Thinking: An Explainable AI Approach,2025,other,other,Educational expectations,OTHER,motivation,AUC,0.72,mixed,Computational thinking composite score (average of five PVs),student,23.0,81871.0,True,,medium
10.3390/jintelligence13110145,Student Characteristics and ICT Usage as Predictors of Computational Thinking: An Explainable AI Approach,2025,other,other,Books at home,HOME_RESOURCES,SES,AUC,0.72,mixed,Computational thinking composite score (average of five PVs),student,23.0,81871.0,True,,medium
10.3390/jintelligence13110145,Student Characteristics and ICT Usage as Predictors of Computational Thinking: An Explainable AI Approach,2025,other,other,ICT use in IT lessons,ICT_ACCESS,ICT,AUC,0.72,mixed,Computational thinking composite score (average of five PVs),student,23.0,81871.0,True,,medium
10.3390/jintelligence13110145,Student Characteristics and ICT Usage as Predictors of Computational Thinking: An Explainable AI Approach,2025,other,other,ICT use in vocational lessons,ICT_ACCESS,ICT,AUC,0.72,mixed,Computational thinking composite score (average of five PVs),student,23.0,81871.0,True,,medium
10.3390/jintelligence13110145,Student Characteristics and ICT Usage as Predictors of Computational Thinking: An Explainable AI Approach,2025,other,other,Social media posting/viewing,OTHER,ICT,AUC,0.72,mixed,Computational thinking composite score (average of five PVs),student,23.0,81871.0,True,,medium
10.1080/15366367.2021.1971024,Application of Network Analysis to Description and Prediction of Assessment Outcomes,2022,PIAAC,other,Person ability,OTHER,prior_achievement,AUC,0.875,positive,Score prediction (AUC for binary correctness),student,1.0,8441.0,,False,medium
10.1080/15366367.2021.1971024,Application of Network Analysis to Description and Prediction of Assessment Outcomes,2022,PIAAC,other,Question easiness,OTHER,process_data,AUC,0.875,positive,Score prediction (AUC for binary correctness),student,1.0,8441.0,,False,medium
10.1080/15366367.2021.1971024,Application of Network Analysis to Description and Prediction of Assessment Outcomes,2022,PIAAC,other,Person fluency,OTHER,process_data,AUC,0.875,positive,Score prediction (AUC for binary correctness),student,1.0,8441.0,,False,medium
10.1080/15366367.2021.1971024,Application of Network Analysis to Description and Prediction of Assessment Outcomes,2022,PIAAC,other,Person ability,OTHER,prior_achievement,other,,positive,Cross-country generalization of network structure (edge weights and adjacency),country,5.0,,,False,medium
10.1080/15366367.2021.1971024,Application of Network Analysis to Description and Prediction of Assessment Outcomes,2022,PIAAC,other,Person speed,OTHER,process_data,other,,positive,Cross-country generalization of network structure (edge weights and adjacency),country,5.0,,,False,medium
10.1080/15366367.2021.1971024,Application of Network Analysis to Description and Prediction of Assessment Outcomes,2022,PIAAC,other,Question time intensity,OTHER,process_data,other,,positive,Cross-country generalization of network structure (edge weights and adjacency),country,5.0,,,False,medium
10.1111/ijtd.12339,The role of participation in training in the relationship between informal learning and its antecedents,2024,PIAAC,other,Participation in Training,OTHER,other,other,0.396,positive,Informal Learning Behaviours (ILBs),student,34.0,17136.0,,False,medium
10.1111/ijtd.12339,The role of participation in training in the relationship between informal learning and its antecedents,2024,PIAAC,other,Participation×Readiness,OTHER,other,standardized_beta,0.048,positive,Informal Learning Behaviours (ILBs),student,34.0,17136.0,,False,medium
10.1111/ijtd.12339,The role of participation in training in the relationship between informal learning and its antecedents,2024,PIAAC,other,Participation×Workplace Autonomy,OTHER,other,standardized_beta,0.068,positive,Informal Learning Behaviours (ILBs),student,34.0,17136.0,,False,medium
10.1111/ijtd.12339,The role of participation in training in the relationship between informal learning and its antecedents,2024,PIAAC,other,Participation×Workplace Interaction,OTHER,other,standardized_beta,0.108,positive,Informal Learning Behaviours (ILBs),student,34.0,17136.0,,False,medium
10.1111/roiw.12663,"Organizational Capital, Skills and Productivity",2024,PIAAC,other,Numeracy score,OTHER,prior_achievement,standardized_beta,0.018,positive,Labor productivity (log value added per employee),country,22.0,,,False,medium
10.1111/roiw.12663,"Organizational Capital, Skills and Productivity",2024,PIAAC,other,ICT score ratio (OC/non-OC),ICT_ACCESS,ICT,standardized_beta,-0.242,negative,Labor productivity (log value added per employee),country,22.0,,,False,medium
10.1111/roiw.12663,"Organizational Capital, Skills and Productivity",2024,PIAAC,other,STEM score (non-OC),OTHER,curriculum,standardized_beta,0.014,positive,Labor productivity (log value added per employee),country,22.0,,,False,medium
10.1111/roiw.12663,"Organizational Capital, Skills and Productivity",2024,PIAAC,other,STEM ratio (OC/non-OC),OTHER,curriculum,standardized_beta,0.302,positive,Labor productivity (log value added per employee),country,22.0,,,False,medium
10.1111/roiw.12663,"Organizational Capital, Skills and Productivity",2024,PIAAC,other,Physical capital intensity,OTHER,system_level,standardized_beta,0.16,positive,Labor productivity (log value added per employee),country,22.0,,,False,medium
10.1186/s12651-021-00289-x,A cross‑country study of skills and unemployment flows,2021,PIAAC,other,numeracy_std,OTHER,prior_achievement,standardized_beta,,positive,unemployment flows,country,36.0,117183.0,,True,medium
10.1186/s12651-021-00289-x,A cross‑country study of skills and unemployment flows,2021,PIAAC,other,literacy_std,OTHER,prior_achievement,standardized_beta,,positive,unemployment flows,country,36.0,117183.0,,True,medium
10.1186/s12651-021-00289-x,A cross‑country study of skills and unemployment flows,2021,PIAAC,other,education_years,OTHER,prior_achievement,standardized_beta,,positive,unemployment flows,country,36.0,117183.0,,True,medium
10.3390/jintelligence10010015,Updated IQ and Well-Being Scores for the 50 U.S. States,2022,other,other,state IQ,OTHER,other,r_correlation,0.8,positive,global well-being,country,1.0,,,False,low
10.3390/jintelligence10010015,Updated IQ and Well-Being Scores for the 50 U.S. States,2022,other,other,state IQ,OTHER,other,r_correlation,0.87,positive,FICO credit scores,country,1.0,,,False,low
10.1108/JWL-04-2021-0047,EM-JWLJ210074 388..402,2022,PIAAC,other,Interaction in the workplace,OTHER,other,standardized_beta,0.29,positive,Informal learning behaviors (ILBs),other,,122897.0,,False,medium
10.1108/JWL-04-2021-0047,EM-JWLJ210074 388..402,2022,PIAAC,other,Readiness to learn,OTHER,motivation,standardized_beta,0.26,positive,Informal learning behaviors (ILBs),other,,122897.0,,False,medium
10.1108/JWL-04-2021-0047,EM-JWLJ210074 388..402,2022,PIAAC,other,Workplace autonomy,OTHER,other,standardized_beta,0.02,positive,Informal learning behaviors (ILBs),other,,122897.0,,False,medium
10.1177/19394225241302158,Adult Literacy Skills and Risk of Job Automation Among Middle-Aged and Older Workers in the United States,2024,PIAAC,other,Adult literacy skills,OTHER,other,standardized_beta,-0.052,negative,Job automation risk,other,1.0,1880.0,True,True,medium
10.1177/19394225241302158,Adult Literacy Skills and Risk of Job Automation Among Middle-Aged and Older Workers in the United States,2024,PIAAC,other,Adult literacy skills,OTHER,other,R2,0.189,positive,Job automation risk,other,1.0,1880.0,True,True,medium
10.3390/stats5030041,A Variable Selection Method for Small Area Estimation Modeling of the Proficiency of Adult Competency,2022,PIAAC,other,Less than high school education,OTHER,SES,R2,0.58,negative,Literacy proportion at or below level 1,other,1.0,12330.0,,False,medium
10.3390/stats5030041,A Variable Selection Method for Small Area Estimation Modeling of the Proficiency of Adult Competency,2022,PIAAC,other,More than high school education,OTHER,SES,R2,0.58,positive,Literacy proportion at or below level 1,other,1.0,12330.0,,False,medium
10.3390/stats5030041,A Variable Selection Method for Small Area Estimation Modeling of the Proficiency of Adult Competency,2022,PIAAC,other,Population below poverty line,OTHER,SES,R2,0.58,negative,Literacy proportion at or below level 1,other,1.0,12330.0,,False,medium
10.3390/stats5030041,A Variable Selection Method for Small Area Estimation Modeling of the Proficiency of Adult Competency,2022,PIAAC,other,Black or African American population,OTHER,SES,R2,0.58,negative,Literacy proportion at or below level 1,other,1.0,12330.0,,False,medium
10.3390/stats5030041,A Variable Selection Method for Small Area Estimation Modeling of the Proficiency of Adult Competency,2022,PIAAC,other,Hispanic population,OTHER,SES,R2,0.58,negative,Literacy proportion at or below level 1,other,1.0,12330.0,,False,medium
10.1016/j.intell.2022.101631,The claim that personality is more important than intelligence in predicting important life outcomes has been greatly exaggerated,2022,other,other,Intelligence (AFQT/BTACT/etc.),OTHER,prior_achievement,R2,0.27,positive,Educational attainment,student,,5465.0,,False,medium
10.1016/j.intell.2022.101631,The claim that personality is more important than intelligence in predicting important life outcomes has been greatly exaggerated,2022,other,other,Personality,OTHER,other,R2,0.029,positive,Educational attainment,student,,5465.0,,False,medium
10.1016/j.intell.2022.101631,The claim that personality is more important than intelligence in predicting important life outcomes has been greatly exaggerated,2022,other,other,Intelligence (AFQT/BTACT/etc.),OTHER,prior_achievement,R2,0.175,positive,GPA,student,,5465.0,,False,medium
10.1016/j.intell.2022.101631,The claim that personality is more important than intelligence in predicting important life outcomes has been greatly exaggerated,2022,other,other,Personality,OTHER,other,R2,0.011,positive,GPA,student,,5465.0,,False,medium
10.1016/j.intell.2022.101631,The claim that personality is more important than intelligence in predicting important life outcomes has been greatly exaggerated,2022,other,other,Intelligence (AFQT/BTACT/etc.),OTHER,prior_achievement,R2,0.148,positive,Log hourly pay,student,,5465.0,,False,medium
10.1016/j.intell.2022.101631,The claim that personality is more important than intelligence in predicting important life outcomes has been greatly exaggerated,2022,other,other,Personality,OTHER,other,R2,0.022,positive,Log hourly pay,student,,5465.0,,False,medium
10.1016/j.intell.2022.101631,The claim that personality is more important than intelligence in predicting important life outcomes has been greatly exaggerated,2022,other,other,Intelligence (AFQT/BTACT/etc.),OTHER,prior_achievement,R2,0.328,positive,Educational attainment,student,,5465.0,,False,medium
10.1016/j.intell.2022.101631,The claim that personality is more important than intelligence in predicting important life outcomes has been greatly exaggerated,2022,other,other,Personality,OTHER,other,R2,0.038,positive,Educational attainment,student,,5465.0,,False,medium
10.1111/bmsp.12290,Subtask analysis of process data through a predictive model,2023,PIAAC,other,Problem-solving strategy,OTHER,other,accuracy,0.916,positive,Final outcome correctness,student,17.0,40230.0,,False,medium
10.1111/bmsp.12290,Subtask analysis of process data through a predictive model,2023,PIAAC,other,Problem-solving strategy,OTHER,other,accuracy,0.831,positive,Final outcome correctness,student,17.0,40230.0,,False,medium
10.1111/bmsp.12290,Subtask analysis of process data through a predictive model,2023,PIAAC,other,Subtask-sequence features,OTHER,other,R2,,positive,Literacy,student,17.0,40230.0,,False,medium
10.1111/bmsp.12290,Subtask analysis of process data through a predictive model,2023,PIAAC,other,Subtask-sequence features,OTHER,other,R2,,positive,Numeracy,student,17.0,40230.0,,False,medium
10.1111/bmsp.12290,Subtask analysis of process data through a predictive model,2023,PIAAC,other,Subtask-sequence features,OTHER,other,R2,,positive,Age,student,17.0,40230.0,,False,medium
10.1111/jcal.12559,Exploring latent states of problem‐solving competence using hidden Markov model on process data,2021,PIAAC,other,U19a response correctness,OTHER,prior_achievement,other,,positive,U19a performance group (correct vs incorrect),student,1.0,1340.0,,False,medium
10.1111/jcal.12559,Exploring latent states of problem‐solving competence using hidden Markov model on process data,2021,PIAAC,other,U19b_credit_score,OTHER,prior_achievement,other,,positive,U19b performance group (0–4 credit score),student,1.0,1355.0,,False,medium
10.1111/jcal.12559,Exploring latent states of problem‐solving competence using hidden Markov model on process data,2021,PIAAC,other,education_level,OTHER,socioeconomic,other,,positive,U19a performance group (correct vs incorrect),student,1.0,1340.0,,False,medium
10.1111/jcal.12559,Exploring latent states of problem‐solving competence using hidden Markov model on process data,2021,PIAAC,other,education_level,OTHER,socioeconomic,other,,positive,U19b performance group (0–4 credit score),student,1.0,1355.0,,False,medium
10.1111/jcal.12559,Exploring latent states of problem‐solving competence using hidden Markov model on process data,2021,PIAAC,other,gender,GENDER,demographic,other,,mixed,U19a performance group (correct vs incorrect),student,1.0,1340.0,,False,medium
10.1111/jcal.12559,Exploring latent states of problem‐solving competence using hidden Markov model on process data,2021,PIAAC,other,gender,GENDER,demographic,other,,mixed,U19b performance group (0–4 credit score),student,1.0,1355.0,,False,medium
10.1111/ilr.12169,"Tasks, occupations and wages in OECD countries",2020,PIAAC,other,PIAAC literacy proficiency,OTHER,prior_achievement,R2,0.542,positive,Hourly wage (log hourly wage),student,21.0,64352.0,True,True,high
10.1111/ilr.12169,"Tasks, occupations and wages in OECD countries",2020,PIAAC,other,Education: less than high school,OTHER,SES,R2,0.542,negative,Hourly wage (log hourly wage),student,21.0,64352.0,True,True,high
10.1111/ilr.12169,"Tasks, occupations and wages in OECD countries",2020,PIAAC,other,Education: high school,OTHER,SES,R2,0.542,positive,Hourly wage (log hourly wage),student,21.0,64352.0,True,True,high
10.1111/ilr.12169,"Tasks, occupations and wages in OECD countries",2020,PIAAC,other,Education: above high school,OTHER,SES,R2,0.542,positive,Hourly wage (log hourly wage),student,21.0,64352.0,True,True,high
10.1111/ilr.12169,"Tasks, occupations and wages in OECD countries",2020,PIAAC,other,Job tenure,OTHER,other,R2,0.542,positive,Hourly wage (log hourly wage),student,21.0,64352.0,True,True,high
10.1111/ilr.12169,"Tasks, occupations and wages in OECD countries",2020,PIAAC,other,Income inequality (Gini),OTHER,other,standardized_beta,0.275,positive,Country-level return to abstract tasks (coefficient from task–wage model),country,21.0,,True,True,high
10.1111/ilr.12169,"Tasks, occupations and wages in OECD countries",2020,PIAAC,other,Collective bargaining coverage,AGE_GRADE,other,standardized_beta,-0.001,negative,Country-level return to abstract tasks (coefficient from task–wage model),country,21.0,,True,True,high
10.1111/jedm.12420,Algorithmic Bias in BERT for Response Accuracy Prediction: A Case Study for Investigating Population Validity,2024,PIAAC,other,Country (Finland/Slovakia/USA),OTHER,other,accuracy,0.86,mixed,Response accuracy (binary) for U03A,country,3.0,3915.0,,False,medium
10.1111/jedm.12420,Algorithmic Bias in BERT for Response Accuracy Prediction: A Case Study for Investigating Population Validity,2024,PIAAC,other,Action sequence length,OTHER,other,accuracy,0.86,mixed,Response accuracy (binary) for U03A,country,3.0,3915.0,,False,medium
10.1111/jedm.12420,Algorithmic Bias in BERT for Response Accuracy Prediction: A Case Study for Investigating Population Validity,2024,PIAAC,other,Item difficulty (proportion correct),OTHER,other,accuracy,0.86,mixed,Response accuracy (binary) for U03A,country,3.0,3915.0,,False,medium
10.1111/jedm.12420,Algorithmic Bias in BERT for Response Accuracy Prediction: A Case Study for Investigating Population Validity,2024,PIAAC,other,Country (Finland/Slovakia/USA),OTHER,other,accuracy,0.83,mixed,Response accuracy (binary) for U07X,country,3.0,3915.0,,False,medium
10.1111/jedm.12420,Algorithmic Bias in BERT for Response Accuracy Prediction: A Case Study for Investigating Population Validity,2024,PIAAC,other,Action sequence length,OTHER,other,accuracy,0.83,mixed,Response accuracy (binary) for U07X,country,3.0,3915.0,,False,medium
10.1111/jedm.12420,Algorithmic Bias in BERT for Response Accuracy Prediction: A Case Study for Investigating Population Validity,2024,PIAAC,other,Item difficulty (proportion correct),OTHER,other,accuracy,0.83,mixed,Response accuracy (binary) for U07X,country,3.0,3915.0,,False,medium
10.1111/jedm.12420,Algorithmic Bias in BERT for Response Accuracy Prediction: A Case Study for Investigating Population Validity,2024,PIAAC,other,Country (Finland/Slovakia/USA),OTHER,other,accuracy,0.86,mixed,Response accuracy (binary) for U16X,country,3.0,3915.0,,False,medium
10.1111/jedm.12420,Algorithmic Bias in BERT for Response Accuracy Prediction: A Case Study for Investigating Population Validity,2024,PIAAC,other,Action sequence length,OTHER,other,accuracy,0.86,mixed,Response accuracy (binary) for U16X,country,3.0,3915.0,,False,medium
10.1111/jedm.12420,Algorithmic Bias in BERT for Response Accuracy Prediction: A Case Study for Investigating Population Validity,2024,PIAAC,other,Item difficulty (proportion correct),OTHER,other,accuracy,0.86,mixed,Response accuracy (binary) for U16X,country,3.0,3915.0,,False,medium
10.3758/s13428-022-01844-1,A machine learning-based procedure for leveraging clickstream data to investigate early predictability of failure on interactive tasks,2023,PIAAC,other,Action tf-idf intensity,OTHER,other,AUC,0.7,positive,Failure vs (partial) success on Lamp Return (binary classification),student,5.0,13653.0,,False,medium
10.3758/s13428-022-01844-1,A machine learning-based procedure for leveraging clickstream data to investigate early predictability of failure on interactive tasks,2023,PIAAC,other,Time to action first occurrence,OTHER,other,AUC,0.7,positive,Failure vs (partial) success on Lamp Return (binary classification),student,5.0,13653.0,,False,medium
10.3758/s13428-022-01844-1,A machine learning-based procedure for leveraging clickstream data to investigate early predictability of failure on interactive tasks,2023,PIAAC,other,Time to first action,OTHER,other,AUC,0.7,positive,Failure vs (partial) success on Lamp Return (binary classification),student,5.0,13653.0,,False,medium
10.3758/s13428-022-01844-1,A machine learning-based procedure for leveraging clickstream data to investigate early predictability of failure on interactive tasks,2023,PIAAC,other,Activity intensity within window,OTHER,other,AUC,0.7,positive,Failure vs (partial) success on Lamp Return (binary classification),student,5.0,13653.0,,False,medium
10.3758/s13428-022-01844-1,A machine learning-based procedure for leveraging clickstream data to investigate early predictability of failure on interactive tasks,2023,PIAAC,other,Early window (number of actions),OTHER,other,AUC,0.7,positive,Failure vs (partial) success on Lamp Return (binary classification),student,5.0,13653.0,,False,medium
10.3758/s13428-022-01844-1,A machine learning-based procedure for leveraging clickstream data to investigate early predictability of failure on interactive tasks,2023,PIAAC,other,Action tf-idf intensity,OTHER,other,AUC,0.7,positive,Failure vs (partial) success on Meeting Rooms (binary classification),student,5.0,13653.0,,False,medium
10.3758/s13428-022-01844-1,A machine learning-based procedure for leveraging clickstream data to investigate early predictability of failure on interactive tasks,2023,PIAAC,other,Time to action first occurrence,OTHER,other,AUC,0.7,positive,Failure vs (partial) success on Meeting Rooms (binary classification),student,5.0,13653.0,,False,medium
10.3758/s13428-022-01844-1,A machine learning-based procedure for leveraging clickstream data to investigate early predictability of failure on interactive tasks,2023,PIAAC,other,Time to first action,OTHER,other,AUC,0.7,positive,Failure vs (partial) success on Meeting Rooms (binary classification),student,5.0,13653.0,,False,medium
10.3758/s13428-022-01844-1,A machine learning-based procedure for leveraging clickstream data to investigate early predictability of failure on interactive tasks,2023,PIAAC,other,Bi-/trigram sequential patterns,OTHER,other,AUC,0.7,positive,Failure vs (partial) success on Meeting Rooms (binary classification),student,5.0,13653.0,,False,medium
10.3758/s13428-022-01844-1,A machine learning-based procedure for leveraging clickstream data to investigate early predictability of failure on interactive tasks,2023,PIAAC,other,Early window (number of actions),OTHER,other,AUC,0.7,positive,Failure vs (partial) success on Meeting Rooms (binary classification),student,5.0,13653.0,,False,medium
10.1177/07417136231198046,Determinants of Adult Education and Training Participation in the United States: A Machine Learning Approach,2023,PIAAC,other,Age group (55–65),AGE_GRADE,other,accuracy,0.88,positive,Formal AET participation (binary),other,1.0,1334.0,,False,medium
10.1177/07417136231198046,Determinants of Adult Education and Training Participation in the United States: A Machine Learning Approach,2023,PIAAC,other,Literacy skill use at work,OTHER,prior_achievement,accuracy,0.88,positive,Formal AET participation (binary),other,1.0,1334.0,,False,medium
10.1177/07417136231198046,Determinants of Adult Education and Training Participation in the United States: A Machine Learning Approach,2023,PIAAC,other,Numeracy skill use at work,OTHER,prior_achievement,accuracy,0.88,positive,Formal AET participation (binary),other,1.0,1334.0,,False,medium
10.1177/07417136231198046,Determinants of Adult Education and Training Participation in the United States: A Machine Learning Approach,2023,PIAAC,other,ICT skill use at work,ICT_ACCESS,prior_achievement,accuracy,0.88,positive,Formal AET participation (binary),other,1.0,1334.0,,False,medium
10.1177/07417136231198046,Determinants of Adult Education and Training Participation in the United States: A Machine Learning Approach,2023,PIAAC,other,Work flexibility (autonomy),OTHER,other,accuracy,0.88,positive,Formal AET participation (binary),other,1.0,1334.0,,False,medium
10.1177/07417136231198046,Determinants of Adult Education and Training Participation in the United States: A Machine Learning Approach,2023,PIAAC,other,Literacy skill use at work,OTHER,prior_achievement,accuracy,0.71,positive,Nonformal AET participation (binary),other,1.0,1334.0,,False,medium
10.1177/07417136231198046,Determinants of Adult Education and Training Participation in the United States: A Machine Learning Approach,2023,PIAAC,other,ICT skill use at work,ICT_ACCESS,prior_achievement,accuracy,0.71,positive,Nonformal AET participation (binary),other,1.0,1334.0,,False,medium
10.1177/07417136231198046,Determinants of Adult Education and Training Participation in the United States: A Machine Learning Approach,2023,PIAAC,other,Numeracy skill use at work,OTHER,prior_achievement,accuracy,0.71,positive,Nonformal AET participation (binary),other,1.0,1334.0,,False,medium
10.1177/07417136231198046,Determinants of Adult Education and Training Participation in the United States: A Machine Learning Approach,2023,PIAAC,other,Organization size,OTHER,other,accuracy,0.71,positive,Nonformal AET participation (binary),other,1.0,1334.0,,False,medium
10.1177/07417136231198046,Determinants of Adult Education and Training Participation in the United States: A Machine Learning Approach,2023,PIAAC,other,Monthly income percentile,OTHER,SES,accuracy,0.71,positive,Nonformal AET participation (binary),other,1.0,1334.0,,False,medium
10.1016/j.econedurev.2020.101986,Selecting or rewarding teachers? International evidence from primary schools,2020,PIRLS,reading,teacher quality,TEACHER_QUALITY,teacher_quality,standardized_beta,0.15,positive,reading literacy,student,50.0,707105.0,False,False,medium
10.1016/j.econedurev.2020.101986,Selecting or rewarding teachers? International evidence from primary schools,2020,PIRLS,reading,school resources,SCHOOL_RESOURCES,school_resources,standardized_beta,0.1,positive,reading literacy,student,50.0,707105.0,False,False,medium
10.1016/j.econedurev.2020.101986,Selecting or rewarding teachers? International evidence from primary schools,2020,PIRLS,reading,gender,GENDER,gender,standardized_beta,-0.05,negative,reading literacy,student,50.0,707105.0,False,False,medium
10.1080/09243453.2024.2358226,Enrolment in the first stage of early childhood education and students’ academic performance: a cros,2024,PIRLS,reading,FSECE attendance (0-3 years),OTHER,SES/home_resources,standardized_beta,,mixed,Reading achievement (standardized scores),student,39.0,446027.0,True,True,high
10.1080/09243453.2024.2358226,Enrolment in the first stage of early childhood education and students’ academic performance: a cros,2024,PIRLS,reading,Student sex,GENDER,gender,standardized_beta,,,Reading achievement (standardized scores),student,39.0,446027.0,True,True,high
10.1080/09243453.2024.2358226,Enrolment in the first stage of early childhood education and students’ academic performance: a cros,2024,PIRLS,reading,Student age,AGE_GRADE,other,standardized_beta,,,Reading achievement (standardized scores),student,39.0,446027.0,True,True,high
10.1080/09243453.2024.2358226,Enrolment in the first stage of early childhood education and students’ academic performance: a cros,2024,PIRLS,reading,Reading time at home,OTHER,SES/home_resources,standardized_beta,,positive,Reading achievement (standardized scores),student,39.0,446027.0,True,True,high
10.1080/09243453.2024.2358226,Enrolment in the first stage of early childhood education and students’ academic performance: a cros,2024,PIRLS,reading,Number of books at home,HOME_RESOURCES,SES/home_resources,standardized_beta,,positive,Reading achievement (standardized scores),student,39.0,446027.0,True,True,high
10.1007/s11092-024-09439-4,s11092-024-09439-4,2024,PIRLS,reading,Skipped vs not-reached items,OTHER,other,r_correlation,0.998,positive,Item difficulty correspondence (Rasch vs Skip model),other,61.0,786041.0,,True,medium
10.1080/03057925.2020.1759027,Feeling bad and doing bad: student confidence in reading in rural China,2020,PIRLS,reading,student confidence in reading,OTHER,self_efficacy,standardized_beta,-0.25,negative,Reading achievement score,student,1.0,4616.0,False,False,medium
10.17770/sie2020vol3.5049,Parents’ Impact on Students’ Reading Achievement,2020,PIRLS,reading,Parental activity index (average),AGE_GRADE,SES/home_resources,standardized_beta,,positive,students’ reading literacy achievement in Grade 4,country,50.0,,,False,medium
10.17770/sie2020vol3.5049,Parents’ Impact on Students’ Reading Achievement,2020,PIRLS,reading,Read books often,OTHER,SES/home_resources,standardized_beta,,positive,students’ reading literacy achievement in Grade 4,country,50.0,,,False,medium
10.17770/sie2020vol3.5049,Parents’ Impact on Students’ Reading Achievement,2020,PIRLS,reading,Tell stories often,OTHER,SES/home_resources,standardized_beta,,positive,students’ reading literacy achievement in Grade 4,country,50.0,,,False,medium
10.17770/sie2020vol3.5049,Parents’ Impact on Students’ Reading Achievement,2020,PIRLS,reading,Sing songs often,OTHER,SES/home_resources,standardized_beta,,positive,students’ reading literacy achievement in Grade 4,country,50.0,,,False,medium
10.17770/sie2020vol3.5049,Parents’ Impact on Students’ Reading Achievement,2020,PIRLS,reading,Alphabet toys often,OTHER,SES/home_resources,standardized_beta,,positive,students’ reading literacy achievement in Grade 4,country,50.0,,,False,medium
10.17770/sie2020vol3.5049,Parents’ Impact on Students’ Reading Achievement,2020,PIRLS,reading,Talk about things done often,OTHER,SES/home_resources,standardized_beta,,positive,students’ reading literacy achievement in Grade 4,country,50.0,,,False,medium
10.17770/sie2020vol3.5049,Parents’ Impact on Students’ Reading Achievement,2020,PIRLS,reading,Talk about what read often,OTHER,SES/home_resources,standardized_beta,,positive,students’ reading literacy achievement in Grade 4,country,50.0,,,False,medium
10.17770/sie2021vol2.6350,The Impact of Family and Individual Factors on 4th Grade Students’ Self-Confidence in Reading Literacy Results from PIRLS 2016,2021,PIRLS,reading,Reading achievement,OTHER,prior_achievement,standardized_beta,0.35,positive,Students self-confidence in reading (index),student,8.0,2016.0,False,False,medium
10.17770/sie2021vol2.6350,The Impact of Family and Individual Factors on 4th Grade Students’ Self-Confidence in Reading Literacy Results from PIRLS 2016,2021,PIRLS,reading,Students like reading,OTHER,motivation,standardized_beta,0.21,positive,Students self-confidence in reading (index),student,8.0,2016.0,False,False,medium
10.17770/sie2021vol2.6350,The Impact of Family and Individual Factors on 4th Grade Students’ Self-Confidence in Reading Literacy Results from PIRLS 2016,2021,PIRLS,reading,Early literacy skills,OTHER,prior_achievement,standardized_beta,0.14,positive,Students self-confidence in reading (index),student,8.0,2016.0,False,False,medium
10.17770/sie2021vol2.6350,The Impact of Family and Individual Factors on 4th Grade Students’ Self-Confidence in Reading Literacy Results from PIRLS 2016,2021,PIRLS,reading,Parents like reading,OTHER,SES/home_resources,standardized_beta,0.05,positive,Students self-confidence in reading (index),student,8.0,2016.0,False,False,medium
10.17770/sie2021vol2.6350,The Impact of Family and Individual Factors on 4th Grade Students’ Self-Confidence in Reading Literacy Results from PIRLS 2016,2021,PIRLS,reading,Time spent chatting,OTHER,student_behavior,standardized_beta,0.035,positive,Students self-confidence in reading (index),student,8.0,2016.0,False,False,medium
10.17770/sie2021vol2.6350,The Impact of Family and Individual Factors on 4th Grade Students’ Self-Confidence in Reading Literacy Results from PIRLS 2016,2021,PIRLS,reading,Reading achievement,OTHER,prior_achievement,R2,0.25,positive,Students self-confidence in reading (index),country,8.0,2016.0,False,False,medium
10.17770/sie2021vol2.6350,The Impact of Family and Individual Factors on 4th Grade Students’ Self-Confidence in Reading Literacy Results from PIRLS 2016,2021,PIRLS,reading,All independent variables,OTHER,other,R2,0.32,positive,Students self-confidence in reading (index),country,8.0,2016.0,False,False,medium
10.1177/07356331221083215,Identifying Key Contextual Factors of Digital Reading Literacy Through a Machine Learning Approach,2022,PIRLS,reading,Print reading levels,OTHER,prior_achievement,AUC,0.903,positive,Digital reading level (high vs non–high-performing),student,14.0,74692.0,False,False,medium
10.1177/07356331221083215,Identifying Key Contextual Factors of Digital Reading Literacy Through a Machine Learning Approach,2022,PIRLS,reading,Reading self-efficacy,SELF_EFFICACY,self_efficacy,AUC,0.903,positive,Digital reading level (high vs non–high-performing),student,14.0,74692.0,False,False,medium
10.1177/07356331221083215,Identifying Key Contextual Factors of Digital Reading Literacy Through a Machine Learning Approach,2022,PIRLS,reading,Home resources for learning,HOME_RESOURCES,SES,AUC,0.903,positive,Digital reading level (high vs non–high-performing),student,14.0,74692.0,False,False,medium
10.1177/07356331221083215,Identifying Key Contextual Factors of Digital Reading Literacy Through a Machine Learning Approach,2022,PIRLS,reading,Talk about reading in class,OTHER,other,AUC,0.903,positive,Digital reading level (high vs non–high-performing),student,14.0,74692.0,False,False,medium
10.1177/07356331221083215,Identifying Key Contextual Factors of Digital Reading Literacy Through a Machine Learning Approach,2022,PIRLS,reading,Books in the home (students),OTHER,SES,AUC,0.903,positive,Digital reading level (high vs non–high-performing),student,14.0,74692.0,False,False,medium
10.1007/s10212-024-00877-8,Importance of students’ social resources for their academic achievement and well-being in elementary school,2024,PIRLS,reading,Experienced bullying (EB),SCHOOL_CLIMATE,school_climate,standardized_beta,-0.011,negative,Academic track recommendation (dichotomous),student,1.0,3959.0,,False,medium
10.1007/s10212-024-00877-8,Importance of students’ social resources for their academic achievement and well-being in elementary school,2024,PIRLS,reading,Perceived teacher support (PTS),TEACHER_QUALITY,teacher_quality,standardized_beta,0.025,positive,Academic track recommendation (dichotomous),student,1.0,3959.0,,False,medium
10.1007/s11145-021-10176-z,Discovery of the key contextual factors relevant to the reading performance of elementary school students from 61 countries/regions: insight from a machine learning-based approach,2021,PIRLS,reading,Gender,GENDER,gender,AUC,0.8049,positive,Reading performance cohort (high >550 vs low <475),student,61.0,183428.0,False,False,medium
10.1007/s11145-021-10176-z,Discovery of the key contextual factors relevant to the reading performance of elementary school students from 61 countries/regions: insight from a machine learning-based approach,2021,PIRLS,reading,Talking about reading with others,OTHER,motivation,AUC,0.8049,positive,Reading performance cohort (high >550 vs low <475),student,61.0,183428.0,False,False,medium
10.1007/s11145-021-10176-z,Discovery of the key contextual factors relevant to the reading performance of elementary school students from 61 countries/regions: insight from a machine learning-based approach,2021,PIRLS,reading,Reading helps imagine other worlds,OTHER,motivation,AUC,0.8049,positive,Reading performance cohort (high >550 vs low <475),student,61.0,183428.0,False,False,medium
10.1007/s11145-021-10176-z,Discovery of the key contextual factors relevant to the reading performance of elementary school students from 61 countries/regions: insight from a machine learning-based approach,2021,PIRLS,reading,Reading is easy for me,OTHER,self_efficacy,AUC,0.8049,positive,Reading performance cohort (high >550 vs low <475),student,61.0,183428.0,False,False,medium
10.1007/s11145-021-10176-z,Discovery of the key contextual factors relevant to the reading performance of elementary school students from 61 countries/regions: insight from a machine learning-based approach,2021,PIRLS,reading,Children’s books at home,HOME_RESOURCES,SES,AUC,0.8049,positive,Reading performance cohort (high >550 vs low <475),student,61.0,183428.0,False,False,medium
10.1111/ejed.70062,Predictors of Reading Performance of Fourth-­Graders,2025,PIRLS,reading,Home internet access,ICT_ACCESS,ICT,accuracy,0.843,positive,Reading performance group (high vs low),student,,204176.0,False,False,medium
10.1111/ejed.70062,Predictors of Reading Performance of Fourth-­Graders,2025,PIRLS,reading,Home study desk/table,OTHER,SES/home_resources,accuracy,0.843,positive,Reading performance group (high vs low),student,,204176.0,False,False,medium
10.1111/ejed.70062,Predictors of Reading Performance of Fourth-­Graders,2025,PIRLS,reading,School library availability,OTHER,school_resources,accuracy,0.843,positive,Reading performance group (high vs low),student,,204176.0,False,False,medium
10.1111/ejed.70062,Predictors of Reading Performance of Fourth-­Graders,2025,PIRLS,reading,Ineffective classroom rules,OTHER,school_climate,accuracy,0.843,negative,Reading performance group (high vs low),student,,204176.0,False,False,medium
10.1111/ejed.70062,Predictors of Reading Performance of Fourth-­Graders,2025,PIRLS,reading,Number of books at home,HOME_RESOURCES,SES/home_resources,accuracy,0.843,positive,Reading performance group (high vs low),student,,204176.0,False,False,medium
10.1080/15305058.2025.2595574,Imputing PIRLS’s home socioeconomic status from students’ and schools’ questionnaire data: a simulat,2025,PIRLS,other,Home socioeconomic status (HSES),SES_COMPOSITE,SES,r_correlation,0.6,positive,HSES recovery under MCAR (RQ1: missingness seeded only in HSES),student,15.0,5500.0,,True,medium
10.1080/15305058.2025.2595574,Imputing PIRLS’s home socioeconomic status from students’ and schools’ questionnaire data: a simulat,2025,PIRLS,other,Reading literacy (Rasch score),OTHER,prior_achievement,r_correlation,0.6,positive,HSES recovery under MCAR (RQ1: missingness seeded only in HSES),student,15.0,5500.0,,True,medium
10.1080/15305058.2025.2595574,Imputing PIRLS’s home socioeconomic status from students’ and schools’ questionnaire data: a simulat,2025,PIRLS,other,Student questionnaire context,OTHER,other,r_correlation,0.6,positive,HSES recovery under MCAR (RQ1: missingness seeded only in HSES),student,15.0,5500.0,,True,medium
10.1080/15305058.2025.2595574,Imputing PIRLS’s home socioeconomic status from students’ and schools’ questionnaire data: a simulat,2025,PIRLS,other,School questionnaire context,OTHER,school,r_correlation,0.6,positive,HSES recovery under MCAR (RQ1: missingness seeded only in HSES),student,15.0,5500.0,,True,medium
10.1080/15305058.2025.2595574,Imputing PIRLS’s home socioeconomic status from students’ and schools’ questionnaire data: a simulat,2025,PIRLS,other,Home socioeconomic status (HSES),SES_COMPOSITE,SES,r_correlation,0.45,positive,HSES recovery under MCAR with incomplete predictors (RQ2: missingness seeded in HSES and 141 predictors),student,15.0,5500.0,,True,medium
10.1080/15305058.2025.2595574,Imputing PIRLS’s home socioeconomic status from students’ and schools’ questionnaire data: a simulat,2025,PIRLS,other,Reading literacy (Rasch score),OTHER,prior_achievement,r_correlation,0.45,positive,HSES recovery under MCAR with incomplete predictors (RQ2: missingness seeded in HSES and 141 predictors),student,15.0,5500.0,,True,medium
10.1080/15305058.2025.2595574,Imputing PIRLS’s home socioeconomic status from students’ and schools’ questionnaire data: a simulat,2025,PIRLS,other,Student questionnaire context,OTHER,other,r_correlation,0.45,positive,HSES recovery under MCAR with incomplete predictors (RQ2: missingness seeded in HSES and 141 predictors),student,15.0,5500.0,,True,medium
10.1080/15305058.2025.2595574,Imputing PIRLS’s home socioeconomic status from students’ and schools’ questionnaire data: a simulat,2025,PIRLS,other,School questionnaire context,OTHER,school,r_correlation,0.45,positive,HSES recovery under MCAR with incomplete predictors (RQ2: missingness seeded in HSES and 141 predictors),student,15.0,5500.0,,True,medium
10.1002/rrq.70064,Unpacking the Influence of Teachers' Reading Instruction Strategies on Primary School Students' Reading Achievement: Evidence From PIRLS 2021,2025,PIRLS,reading,Teacher reading instruction strategies,OTHER,teacher_quality,standardized_beta,59.647,positive,Reading achievement (PIRLS plausible values),student,4.0,18368.0,True,,medium
10.1002/rrq.70064,Unpacking the Influence of Teachers' Reading Instruction Strategies on Primary School Students' Reading Achievement: Evidence From PIRLS 2021,2025,PIRLS,reading,Student age,AGE_GRADE,other,standardized_beta,,positive,Reading achievement (PIRLS plausible values),student,4.0,18368.0,True,,medium
10.1002/rrq.70064,Unpacking the Influence of Teachers' Reading Instruction Strategies on Primary School Students' Reading Achievement: Evidence From PIRLS 2021,2025,PIRLS,reading,Parents' highest education,OTHER,parental_education,standardized_beta,,positive,Reading achievement (PIRLS plausible values),student,4.0,18368.0,True,,medium
10.1002/rrq.70064,Unpacking the Influence of Teachers' Reading Instruction Strategies on Primary School Students' Reading Achievement: Evidence From PIRLS 2021,2025,PIRLS,reading,Teacher teaching years,OTHER,teacher_quality,standardized_beta,,positive,Reading achievement (PIRLS plausible values),student,4.0,18368.0,True,,medium
10.1002/rrq.70064,Unpacking the Influence of Teachers' Reading Instruction Strategies on Primary School Students' Reading Achievement: Evidence From PIRLS 2021,2025,PIRLS,reading,Economically disadvantaged rate,GDP_EXPENDITURE,SES,standardized_beta,,negative,Reading achievement (PIRLS plausible values),student,4.0,18368.0,True,,medium
10.14201/eks.31799,"ICT, Motivation, and Academic Performance in Elementary Education: Meta-analysis, Literature Review, and State of the Art",2024,other,other,ICT use,ICT_ACCESS,ICT,other,,positive,academic performance,student,,,,,medium
10.14201/eks.31799,"ICT, Motivation, and Academic Performance in Elementary Education: Meta-analysis, Literature Review, and State of the Art",2024,other,other,ICT paired with active methodologies,ICT_ACCESS,ICT,other,,positive,academic performance,student,,,,,medium
10.3390/children12030292,The Dual Role of Digital Self-Efficacy in Reading Engagement from a Nonlinear Dynamics Perspective,2025,PIRLS,reading,Liking reading,OTHER,motivation,standardized_beta,0.372,positive,Reading engagement,student,1.0,4386.0,True,False,medium
10.3390/children12030292,The Dual Role of Digital Self-Efficacy in Reading Engagement from a Nonlinear Dynamics Perspective,2025,PIRLS,reading,Digital self-efficacy,SELF_EFFICACY,self_efficacy,standardized_beta,0.224,positive,Reading engagement,student,1.0,4386.0,True,False,medium
10.3389/fpsyg.2023.1154076,Development of the reading literacy questionnaire for EFL learners at primary schools,2023,other,reading,English Reading Literacy Questionnaire (ERLQ),OTHER,other,r_correlation,0.871,positive,Reading Literacy,student,1.0,364.0,,False,medium
10.1016/j.stueduc.2021.101101,1-s2.0-S0191491X21001279-main,2022,PISA,reading,Online chatting change,ICT_ACCESS,ICT,r_correlation,-0.718,negative,Per-country change in reading literacy (2009→2018),country,,929622.0,,True,medium
10.1016/j.stueduc.2021.101101,1-s2.0-S0191491X21001279-main,2022,PISA,reading,Online chatting change,ICT_ACCESS,ICT,standardized_beta,-0.491,negative,Per-country change in reading literacy (2009→2018),country,,929622.0,,True,medium
10.1016/j.stueduc.2021.101101,1-s2.0-S0191491X21001279-main,2022,PISA,reading,Online chatting change,ICT_ACCESS,ICT,R2,0.674,negative,Per-country change in reading literacy (2009→2018),country,,929622.0,,True,medium
10.1016/j.stueduc.2021.101101,1-s2.0-S0191491X21001279-main,2022,PISA,reading,Online chatting change,ICT_ACCESS,ICT,r_correlation,-0.494,negative,Per-country change in awareness of reading strategies (2009→2018),country,,929622.0,,True,medium
10.1016/j.stueduc.2021.101101,1-s2.0-S0191491X21001279-main,2022,PISA,reading,Online chatting change,ICT_ACCESS,ICT,standardized_beta,-0.494,negative,Per-country change in awareness of reading strategies (2009→2018),country,,929622.0,,True,medium
10.21031/epod.1398317,The comparison of PISA 2015-2018 mathematics trend items based on item response times,2024,PISA,mathematics,assessment_cycle,SES_COMPOSITE,other,other,3.49,positive,Mean item response time (seconds),country,1.0,2408.0,False,False,low
10.21031/epod.1398317,The comparison of PISA 2015-2018 mathematics trend items based on item response times,2024,PISA,mathematics,item_format,OTHER,other,other,,positive,Response time by item format,country,1.0,2408.0,False,False,low
10.21031/epod.1398317,The comparison of PISA 2015-2018 mathematics trend items based on item response times,2024,PISA,mathematics,mathematical_process,OTHER,other,other,,positive,Response time by mathematical process subscale,country,1.0,2408.0,False,False,low
10.21031/epod.1398317,The comparison of PISA 2015-2018 mathematics trend items based on item response times,2024,PISA,mathematics,item_difficulty,OTHER,other,r_correlation,0.26,positive,Correlation between item response time and item parameters,country,1.0,2408.0,False,False,low
10.55643/fcaptp.2.61.2025.4688,FINANCIAL AND CREDIT ACTIVITY: PROBLEMS OF THEORY AND PRACTICE,2025,PISA,other,cumulative 9-year education spending (USD at PPP),GDP_EXPENDITURE,GDP_expenditure,R2,0.697,positive,PISA performance,country,13.0,,False,False,medium
10.55643/fcaptp.2.61.2025.4688,FINANCIAL AND CREDIT ACTIVITY: PROBLEMS OF THEORY AND PRACTICE,2025,other,other,R&D expenditure (% GDP),GDP_EXPENDITURE,GDP_expenditure,R2,0.697,positive,HDI,country,13.0,,False,False,medium
10.1080/03057267.2020.1735758,A meta-analysis on the relationship between school characteristics and student outcomes in science and maths: evidence from large-scale studies,2020,other,other,SES composition,SES_COMPOSITE,SES,r_correlation,0.3,positive,student outcomes in science and maths,school,,3960281.0,,,medium
10.1080/03057267.2020.1735758,A meta-analysis on the relationship between school characteristics and student outcomes in science and maths: evidence from large-scale studies,2020,other,other,out-of-school activities,OTHER,other,r_correlation,0.18,positive,student outcomes in science and maths,school,,3960281.0,,,medium
10.1080/03057267.2020.1735758,A meta-analysis on the relationship between school characteristics and student outcomes in science and maths: evidence from large-scale studies,2020,other,other,academic press,OTHER,school_climate,r_correlation,0.14,positive,student outcomes in science and maths,school,,3960281.0,,,medium
10.1080/03057267.2020.1735758,A meta-analysis on the relationship between school characteristics and student outcomes in science and maths: evidence from large-scale studies,2020,other,other,instructional practices,OTHER,teacher_quality,r_correlation,0.13,positive,student outcomes in science and maths,school,,3960281.0,,,medium
10.1080/03057267.2020.1735758,A meta-analysis on the relationship between school characteristics and student outcomes in science and maths: evidence from large-scale studies,2020,other,other,classroom climate,SCHOOL_CLIMATE,school_climate,r_correlation,0.13,positive,student outcomes in science and maths,school,,3960281.0,,,medium
10.1080/00220671.2020.1832430,Evaluating scientific thinking among Shanghai’s students of high and low-performing schools,2020,other,science,School Type (High-performing vs Low-performing),SCHOOL_RESOURCES,other,other,,,Control of Variables (CoV) skills,student,1.0,55.0,,False,low
10.1080/00220671.2020.1832430,Evaluating scientific thinking among Shanghai’s students of high and low-performing schools,2020,other,science,School Type (High-performing vs Low-performing),SCHOOL_RESOURCES,other,other,,,Multivariable causal reasoning,student,1.0,55.0,,False,low
10.1080/00220671.2020.1832430,Evaluating scientific thinking among Shanghai’s students of high and low-performing schools,2020,other,science,School Type (High-performing vs Low-performing),SCHOOL_RESOURCES,other,other,,,Multivariable analysis and prediction skills,student,1.0,55.0,,False,low
10.1111/gove.12504,How global performance assessments shape attitudes toward government decision‐making: Survey experimental evidence,2021,other,other,GPA vs NPA source framing,OTHER,other,other,0.0717,positive,Federal control preference for K-12 education (binary),other,1.0,555.0,,False,medium
10.1111/gove.12504,How global performance assessments shape attitudes toward government decision‐making: Survey experimental evidence,2021,other,other,GPA×Scare,OTHER,other,other,0.122,positive,Federal control preference for K-12 education (binary),other,1.0,555.0,,False,medium
10.1080/13504851.2023.2168604,Test scores and economic growth: update and extension,2024,other,other,Average test score,AGE_GRADE,prior_achievement,standardized_beta,0.014,positive,Per-capita GDP growth (1960–2016),country,49.0,,,,medium
10.1080/13504851.2023.2168604,Test scores and economic growth: update and extension,2024,TIMSS,other,TIMSS 1995 upper-secondary score,OTHER,prior_achievement,standardized_beta,0.006,positive,Per-capita GDP growth (1990–2016),country,21.0,,,,medium
10.1080/13504851.2023.2168604,Test scores and economic growth: update and extension,2024,other,other,Share of top performers,OTHER,prior_achievement,standardized_beta,0.087,positive,Per-capita GDP growth (1960–2016),country,49.0,,,,medium
10.1080/13504851.2023.2168604,Test scores and economic growth: update and extension,2024,other,other,Share reaching basic literacy,OTHER,prior_achievement,standardized_beta,0.018,positive,Per-capita GDP growth (1960–2016),country,49.0,,,,medium
10.1080/00220388.2023.2232916,The Linkage between School Autonomy and Inequality in Achievement in 69 Countries: Does Development,2023,PISA,mathematics,Academic autonomy,OTHER,other,other,,,Maths achievement inequality (SES gradient),country,69.0,,True,True,high
10.1080/00220388.2023.2232916,The Linkage between School Autonomy and Inequality in Achievement in 69 Countries: Does Development,2023,PISA,mathematics,Budget autonomy,OTHER,other,other,,,Maths achievement inequality (SES gradient),country,69.0,,True,True,high
10.1080/00220388.2023.2232916,The Linkage between School Autonomy and Inequality in Achievement in 69 Countries: Does Development,2023,PISA,mathematics,Hiring autonomy,OTHER,other,other,,,Maths achievement inequality (SES gradient),country,69.0,,True,True,high
10.1080/00220388.2023.2232916,The Linkage between School Autonomy and Inequality in Achievement in 69 Countries: Does Development,2023,PISA,mathematics,Salary autonomy,OTHER,other,other,,,Maths achievement inequality (SES gradient),country,69.0,,True,True,high
10.1080/00220388.2023.2232916,The Linkage between School Autonomy and Inequality in Achievement in 69 Countries: Does Development,2023,PISA,mathematics,Academic autonomy × upper-middle-income,OTHER,other,other,109.5,positive,Maths achievement inequality (SES gradient),country,69.0,,True,True,high
10.1080/00220388.2023.2232916,The Linkage between School Autonomy and Inequality in Achievement in 69 Countries: Does Development,2023,PISA,mathematics,Academic autonomy × high-income,OTHER,other,other,70.6,positive,Maths achievement inequality (SES gradient),country,69.0,,True,True,high
10.3389/fsoc.2020.544628,Standardization and Low Reading Performance,2020,PISA,reading,Public posting of achievement data,OTHER,other,other,-0.158,negative,Low reading performance (below PISA reading proficiency level 2),student,30.0,422172.0,True,True,high
10.3389/fsoc.2020.544628,Standardization and Low Reading Performance,2020,PISA,reading,Public posting of achievement data * First-generation immigrant,OTHER,other,other,-0.16,negative,Low reading performance (below PISA reading proficiency level 2),student,30.0,422172.0,True,True,high
10.3389/fsoc.2020.544628,Standardization and Low Reading Performance,2020,PISA,reading,Public posting of achievement data * Second-generation immigrant,OTHER,other,other,-0.124,negative,Low reading performance (below PISA reading proficiency level 2),student,30.0,422172.0,True,True,high
10.3389/fsoc.2020.544628,Standardization and Low Reading Performance,2020,PISA,reading,Achievement data to authorities,OTHER,other,other,0.029,positive,Low reading performance (below PISA reading proficiency level 2),student,30.0,422172.0,True,True,high
10.3389/fsoc.2020.544628,Standardization and Low Reading Performance,2020,PISA,reading,Achievement data to authorities * First-generation immigrant,OTHER,other,other,-0.179,negative,Low reading performance (below PISA reading proficiency level 2),student,30.0,422172.0,True,True,high
10.3389/fsoc.2020.544628,Standardization and Low Reading Performance,2020,PISA,reading,Achievement data to authorities * Second-generation immigrant,OTHER,other,other,-0.125,negative,Low reading performance (below PISA reading proficiency level 2),student,30.0,422172.0,True,True,high
10.3389/fsoc.2020.544628,Standardization and Low Reading Performance,2020,PISA,reading,Regular mandatory standardized tests,OTHER,other,other,,,Low reading performance (below PISA reading proficiency level 2),student,30.0,422172.0,True,True,high
10.1371/journal.pone.0339475,"Investigating the relationship between teacher efficacy, job satisfaction, and digital resource utilization in assessment practices: Insights from PISA 2018 and 2022",2026,PISA,other,Teacher efficacy (TE),OTHER,teacher_quality,standardized_beta,0.37,positive,Assessment practices (AP),other,24.0,128866.0,,False,medium
10.1371/journal.pone.0339475,"Investigating the relationship between teacher efficacy, job satisfaction, and digital resource utilization in assessment practices: Insights from PISA 2018 and 2022",2026,PISA,other,Use of instructional tech (UIT),OTHER,ICT,standardized_beta,0.37,positive,Assessment practices (AP),other,24.0,128866.0,,False,medium
10.1371/journal.pone.0339475,"Investigating the relationship between teacher efficacy, job satisfaction, and digital resource utilization in assessment practices: Insights from PISA 2018 and 2022",2026,PISA,other,Use of digital tools (UDT),ICT_ACCESS,ICT,standardized_beta,0.35,positive,Assessment practices (AP),other,24.0,128866.0,,False,medium
10.1371/journal.pone.0339475,"Investigating the relationship between teacher efficacy, job satisfaction, and digital resource utilization in assessment practices: Insights from PISA 2018 and 2022",2026,PISA,other,Job satisfaction (JS),OTHER,teacher_quality,standardized_beta,0.01,,Assessment practices (AP),other,24.0,128866.0,,False,medium
10.1371/journal.pone.0339475,"Investigating the relationship between teacher efficacy, job satisfaction, and digital resource utilization in assessment practices: Insights from PISA 2018 and 2022",2026,PISA,other,Teacher efficacy (TE),OTHER,teacher_quality,standardized_beta,0.88,positive,Use of digital learning & communication tools (UDT),other,24.0,128866.0,,False,medium
10.1371/journal.pone.0339475,"Investigating the relationship between teacher efficacy, job satisfaction, and digital resource utilization in assessment practices: Insights from PISA 2018 and 2022",2026,PISA,other,Use of instructional tech (UIT),OTHER,ICT,standardized_beta,0.88,positive,Use of digital learning & communication tools (UDT),other,24.0,128866.0,,False,medium
10.1371/journal.pone.0339475,"Investigating the relationship between teacher efficacy, job satisfaction, and digital resource utilization in assessment practices: Insights from PISA 2018 and 2022",2026,PISA,other,Job satisfaction (JS),OTHER,teacher_quality,standardized_beta,0.01,,Use of digital learning & communication tools (UDT),other,24.0,128866.0,,False,medium
10.1177/00016993261435544,"Educational participation, cultural resources, and social inequality: Have social inequalities in reading literacy increased or decreased between 2000 and 2022?",2026,PISA,reading,Socioeconomic status (ISEI),SES_COMPOSITE,SES,R2,,mixed,Reading skills inequality (SES-related differences),student,1.0,140978.0,True,True,high
10.1177/00016993261435544,"Educational participation, cultural resources, and social inequality: Have social inequalities in reading literacy increased or decreased between 2000 and 2022?",2026,PISA,reading,School type (tracking),SCHOOL_RESOURCES,other,R2,,mixed,Reading skills inequality (SES-related differences),student,1.0,140978.0,True,True,high
10.1177/00016993261435544,"Educational participation, cultural resources, and social inequality: Have social inequalities in reading literacy increased or decreased between 2000 and 2022?",2026,PISA,reading,Books at home,HOME_RESOURCES,home_resources,R2,,mixed,Reading skills inequality (SES-related differences),student,1.0,140978.0,True,True,high
10.1177/00016993261435544,"Educational participation, cultural resources, and social inequality: Have social inequalities in reading literacy increased or decreased between 2000 and 2022?",2026,PISA,reading,Cultural assets at home,OTHER,home_resources,R2,,mixed,Reading skills inequality (SES-related differences),student,1.0,140978.0,True,True,high
10.1007/s10639-020-10128-0,Machine learning algorithm for grading open-ended physics questions in Turkish,2020,other,other,Question (Q1–Q4),OTHER,other,accuracy,0.99,positive,Question grade class (expert-scored categories),student,1.0,246.0,,False,medium
10.1007/s10639-020-10128-0,Machine learning algorithm for grading open-ended physics questions in Turkish,2020,other,other,Scoring categories (0–1/0–4),OTHER,other,accuracy,0.99,positive,Question grade class (expert-scored categories),student,1.0,246.0,,False,medium
10.1007/s10639-020-10128-0,Machine learning algorithm for grading open-ended physics questions in Turkish,2020,other,other,Year in program,OTHER,other,accuracy,0.99,positive,Question grade class (expert-scored categories),student,1.0,246.0,,False,medium
10.1007/s10639-020-10128-0,Machine learning algorithm for grading open-ended physics questions in Turkish,2020,other,other,Student age (19–22),AGE_GRADE,other,accuracy,0.99,positive,Question grade class (expert-scored categories),student,1.0,246.0,,False,medium
10.1007/s10648-022-09689-y,Socioeconomic Status and Academic Achievement in Primary and Secondary Education: a Meta-analytic Review,2022,PISA/TIMSS/PIRLS,other,SES,SES_COMPOSITE,SES,r_correlation,0.28,positive,academic achievement,country,105.0,5095283.0,True,,medium
10.1007/s10648-022-09689-y,Socioeconomic Status and Academic Achievement in Primary and Secondary Education: a Meta-analytic Review,2022,PISA/TIMSS/PIRLS,other,Years3 vs Years1,OTHER,other,standardized_beta,0.06,positive,SES–achievement relation,country,105.0,5095283.0,True,,medium
10.1007/s10648-022-09689-y,Socioeconomic Status and Academic Achievement in Primary and Secondary Education: a Meta-analytic Review,2022,PISA/TIMSS/PIRLS,other,educational expansion indicators,OTHER,other,other,,positive,SES–achievement correlation,country,105.0,5095283.0,True,,medium
10.1007/s10758-025-09883-1,Assessing AI in Educational Evaluation: A Comprehensive Analysis of ChatGPT’s Performance on PISA Reading Skills,2025,PISA,reading,ChatGPT reading item accuracy (correct vs incorrect),OTHER,other,accuracy,0.91,positive,ChatGPT reading item accuracy (correct vs incorrect),other,,,,False,low
10.1007/s10758-025-09883-1,Assessing AI in Educational Evaluation: A Comprehensive Analysis of ChatGPT’s Performance on PISA Reading Skills,2025,PISA,reading,Accuracy by PISA text type (continuous vs non-continuous),OTHER,other,accuracy,,mixed,Accuracy by PISA text type (continuous vs non-continuous),other,,,,False,low
10.1007/s10758-025-09883-1,Assessing AI in Educational Evaluation: A Comprehensive Analysis of ChatGPT’s Performance on PISA Reading Skills,2025,PISA,reading,"Accuracy by question format (open-constructed, multiple-choice, short answer, complex multiple-choice, closed structured)",OTHER,other,accuracy,,mixed,"Accuracy by question format (open-constructed, multiple-choice, short answer, complex multiple-choice, closed structured)",other,,,,False,low
10.1007/s10758-025-09883-1,Assessing AI in Educational Evaluation: A Comprehensive Analysis of ChatGPT’s Performance on PISA Reading Skills,2025,PISA,reading,Accuracy by PISA difficulty level,OTHER,other,accuracy,,mixed,Accuracy by PISA difficulty level,other,,,,False,low
10.1007/s10758-025-09883-1,Assessing AI in Educational Evaluation: A Comprehensive Analysis of ChatGPT’s Performance on PISA Reading Skills,2025,PISA,reading,Accuracy by Bloom’s taxonomy cognitive domain,OTHER,other,accuracy,,mixed,Accuracy by Bloom’s taxonomy cognitive domain,other,,,,False,low
10.1007/s12564-022-09750-z,"Inductive and combinatorial reasoning in international educational context: assessment, measurement invariance, and latent mean differences",2022,other,other,Control strategies,OTHER,other,standardized_beta,0.46,positive,Inductive reasoning (IR) latent achievement,student,2.0,1114.0,,False,medium
10.1007/s12564-022-09750-z,"Inductive and combinatorial reasoning in international educational context: assessment, measurement invariance, and latent mean differences",2022,other,other,Elaboration strategies,OTHER,other,standardized_beta,0.18,positive,Combinatorial reasoning (CR) latent achievement,student,2.0,1114.0,,False,medium
10.1007/s12564-022-09750-z,"Inductive and combinatorial reasoning in international educational context: assessment, measurement invariance, and latent mean differences",2022,other,other,Inductive reasoning (IR) latent achievement,OTHER,other,r_correlation,0.51,positive,Combinatorial reasoning (CR) latent achievement,student,2.0,1114.0,,False,medium
10.1007/s12564-022-09750-z,"Inductive and combinatorial reasoning in international educational context: assessment, measurement invariance, and latent mean differences",2022,other,other,Inductive reasoning (IR) latent achievement,OTHER,other,r_correlation,0.56,positive,Combinatorial reasoning (CR) latent achievement,student,2.0,1114.0,,False,medium
10.1186/s40536-022-00124-w,Practical significance of item misfit and its manifestations in constructs assessed in large-scale studies,2022,PISA,reading,misfitting items removal,OTHER,other,r_correlation,0.92,positive,reading literacy,student,1.0,1890.0,True,False,medium
10.1186/s40536-022-00124-w,Practical significance of item misfit and its manifestations in constructs assessed in large-scale studies,2022,PISA,reading,misfitting items removal,OTHER,other,r_correlation,0.93,positive,reading literacy,student,1.0,1890.0,True,False,medium
10.1186/s40536-022-00124-w,Practical significance of item misfit and its manifestations in constructs assessed in large-scale studies,2022,PISA,reading,misfitting items removal,OTHER,other,other,,,reading literacy,student,1.0,1890.0,True,False,medium
10.1186/s40536-022-00124-w,Practical significance of item misfit and its manifestations in constructs assessed in large-scale studies,2022,PISA,other,gender,GENDER,gender,other,0.154,positive,Discriminating school climate,student,1.0,804.0,,False,medium
10.1186/s40536-022-00131-x,Pitsia Large-scale Assessments in Education (2022) 10:14,2022,PISA,mathematics,Family socioeconomic status (ESCS),SES_COMPOSITE,SES,odds_ratio,,positive,high achievement in mathematics,student,1.0,,True,True,high
10.1186/s40536-022-00131-x,Pitsia Large-scale Assessments in Education (2022) 10:14,2022,PISA,mathematics,Mathematics anxiety,ANXIETY,anxiety,odds_ratio,,negative,high achievement in mathematics,student,1.0,,True,True,high
10.1186/s40536-022-00131-x,Pitsia Large-scale Assessments in Education (2022) 10:14,2022,PISA,mathematics,Mathematics self-efficacy,SELF_EFFICACY,self_efficacy,odds_ratio,,positive,high achievement in mathematics,student,1.0,,True,True,high
10.1186/s40536-022-00131-x,Pitsia Large-scale Assessments in Education (2022) 10:14,2022,PISA,mathematics,Interest in mathematics,MOTIVATION,motivation,odds_ratio,,positive,high achievement in mathematics,student,1.0,,True,True,high
10.1186/s40536-022-00131-x,Pitsia Large-scale Assessments in Education (2022) 10:14,2022,PISA,mathematics,School mean ESCS,SES_COMPOSITE,SES,odds_ratio,,positive,high achievement in mathematics,school,1.0,,True,True,high
10.1186/s40536-025-00273-8,"The impacts of the COVID-19 pandemic on academic performance are still a debated topic in public and empirical educational research, as the pandemic-related school closures have impacted approximately 90% of students globally (UNESCO, 2020).",2025,PISA,science,Socioeconomic status (ESCS),SES_COMPOSITE,SES,standardized_beta,0.28,positive,Scientific literacy (Plausible Values) — main effect of SES,student,69.0,1060311.0,True,True,high
10.1186/s40536-025-00273-8,"The impacts of the COVID-19 pandemic on academic performance are still a debated topic in public and empirical educational research, as the pandemic-related school closures have impacted approximately 90% of students globally (UNESCO, 2020).",2025,PISA,science,Socioeconomic status (ESCS) × PISA cycle (2018 vs 2022),SES_COMPOSITE,SES,standardized_beta,0.06,positive,Scientific literacy (Plausible Values) — interaction of SES with PISA cycle,student,69.0,1060311.0,True,True,high
10.3390/su14105842,Artificial Intelligence Potential in Higher Education Institutions Enhanced Learning Environment in Romania and Serbia,2022,other,other,AIopp,OTHER,other,r_correlation,0.511,positive,AIutility,other,2.0,,,False,low
10.3390/su14105842,Artificial Intelligence Potential in Higher Education Institutions Enhanced Learning Environment in Romania and Serbia,2022,other,other,AIopp,OTHER,other,standardized_beta,0.469,positive,Contribution,other,2.0,,,False,low
10.3390/su14105842,Artificial Intelligence Potential in Higher Education Institutions Enhanced Learning Environment in Romania and Serbia,2022,other,other,AIChallenge,OTHER,other,standardized_beta,-0.14,negative,Contribution,other,2.0,,,False,low
10.3390/su18031415,Analysis of the Effects of World Bank Macroeconomic and Management Indicators on Sustainable Education Quality on PISA Scores Using the SHAP Explainable Artificial Intelligence Method,2026,PISA,mathematics,Voice and Accountability,OTHER,other,F1,0.97,positive,PISAM achievement class (Low/Medium/High),country,,,,False,medium
10.3390/su18031415,Analysis of the Effects of World Bank Macroeconomic and Management Indicators on Sustainable Education Quality on PISA Scores Using the SHAP Explainable Artificial Intelligence Method,2026,PISA,mathematics,Control of Corruption,OTHER,other,F1,0.97,positive,PISAM achievement class (Low/Medium/High),country,,,,False,medium
10.3390/su18031415,Analysis of the Effects of World Bank Macroeconomic and Management Indicators on Sustainable Education Quality on PISA Scores Using the SHAP Explainable Artificial Intelligence Method,2026,PISA,mathematics,Political Stability,OTHER,other,F1,0.97,positive,PISAM achievement class (Low/Medium/High),country,,,,False,medium
10.3390/su18031415,Analysis of the Effects of World Bank Macroeconomic and Management Indicators on Sustainable Education Quality on PISA Scores Using the SHAP Explainable Artificial Intelligence Method,2026,PISA,mathematics,Regional category (bloc),OTHER,other,F1,0.97,positive,PISAM achievement class (Low/Medium/High),country,,,,False,medium
10.3390/su18031415,Analysis of the Effects of World Bank Macroeconomic and Management Indicators on Sustainable Education Quality on PISA Scores Using the SHAP Explainable Artificial Intelligence Method,2026,PISA,mathematics,GDP per capita,GDP_EXPENDITURE,GDP_expenditure,F1,0.97,positive,PISAM achievement class (Low/Medium/High),country,,,,False,medium
10.3390/su18031415,Analysis of the Effects of World Bank Macroeconomic and Management Indicators on Sustainable Education Quality on PISA Scores Using the SHAP Explainable Artificial Intelligence Method,2026,PISA,reading,Voice and Accountability,OTHER,other,F1,0.96,positive,PISAR achievement class (Low/Medium/High),country,,,,False,medium
10.3390/su18031415,Analysis of the Effects of World Bank Macroeconomic and Management Indicators on Sustainable Education Quality on PISA Scores Using the SHAP Explainable Artificial Intelligence Method,2026,PISA,reading,Control of Corruption,OTHER,other,F1,0.96,positive,PISAR achievement class (Low/Medium/High),country,,,,False,medium
10.3390/su18031415,Analysis of the Effects of World Bank Macroeconomic and Management Indicators on Sustainable Education Quality on PISA Scores Using the SHAP Explainable Artificial Intelligence Method,2026,PISA,reading,GDP,GDP_EXPENDITURE,GDP_expenditure,F1,0.96,positive,PISAR achievement class (Low/Medium/High),country,,,,False,medium
10.3390/su18031415,Analysis of the Effects of World Bank Macroeconomic and Management Indicators on Sustainable Education Quality on PISA Scores Using the SHAP Explainable Artificial Intelligence Method,2026,PISA,reading,GDP per capita,GDP_EXPENDITURE,GDP_expenditure,F1,0.96,positive,PISAR achievement class (Low/Medium/High),country,,,,False,medium
10.3390/su18031415,Analysis of the Effects of World Bank Macroeconomic and Management Indicators on Sustainable Education Quality on PISA Scores Using the SHAP Explainable Artificial Intelligence Method,2026,PISA,reading,Regional category (bloc),OTHER,other,F1,0.96,positive,PISAR achievement class (Low/Medium/High),country,,,,False,medium
10.3390/su18031415,Analysis of the Effects of World Bank Macroeconomic and Management Indicators on Sustainable Education Quality on PISA Scores Using the SHAP Explainable Artificial Intelligence Method,2026,PISA,science,Voice and Accountability,OTHER,other,F1,0.97,positive,PISAS achievement class (Low/Medium/High),country,,,,False,medium
10.3390/su18031415,Analysis of the Effects of World Bank Macroeconomic and Management Indicators on Sustainable Education Quality on PISA Scores Using the SHAP Explainable Artificial Intelligence Method,2026,PISA,science,Control of Corruption,OTHER,other,F1,0.97,positive,PISAS achievement class (Low/Medium/High),country,,,,False,medium
10.3390/su18031415,Analysis of the Effects of World Bank Macroeconomic and Management Indicators on Sustainable Education Quality on PISA Scores Using the SHAP Explainable Artificial Intelligence Method,2026,PISA,science,Political Stability,OTHER,other,F1,0.97,positive,PISAS achievement class (Low/Medium/High),country,,,,False,medium
10.3390/su18031415,Analysis of the Effects of World Bank Macroeconomic and Management Indicators on Sustainable Education Quality on PISA Scores Using the SHAP Explainable Artificial Intelligence Method,2026,PISA,science,Regional category (bloc),OTHER,other,F1,0.97,positive,PISAS achievement class (Low/Medium/High),country,,,,False,medium
10.3390/su18031415,Analysis of the Effects of World Bank Macroeconomic and Management Indicators on Sustainable Education Quality on PISA Scores Using the SHAP Explainable Artificial Intelligence Method,2026,PISA,science,GDP,GDP_EXPENDITURE,GDP_expenditure,F1,0.97,positive,PISAS achievement class (Low/Medium/High),country,,,,False,medium
10.1177/0004944120957477,Relating teenagers’ science interest network characteristics to later science course enrolment: An analysis of Australian PISA 2006 and Longitudinal Surveys of Australian Youth data,2020,PISA,science,Future intentions in science,MOTIVATION,motivation,R2,0.56,positive,Chemistry course enrolment (Year 12),student,1.0,4758.0,False,False,medium
10.1177/0004944120957477,Relating teenagers’ science interest network characteristics to later science course enrolment: An analysis of Australian PISA 2006 and Longitudinal Surveys of Australian Youth data,2020,PISA,science,Future intentions in science,MOTIVATION,motivation,R2,0.54,positive,Chemistry course enrolment (Year 12),student,1.0,4758.0,False,False,medium
10.1177/0004944120957477,Relating teenagers’ science interest network characteristics to later science course enrolment: An analysis of Australian PISA 2006 and Longitudinal Surveys of Australian Youth data,2020,PISA,science,Future intentions in science,MOTIVATION,motivation,R2,0.31,positive,Physics course enrolment (Year 12),student,1.0,4758.0,False,False,medium
10.1177/0004944120957477,Relating teenagers’ science interest network characteristics to later science course enrolment: An analysis of Australian PISA 2006 and Longitudinal Surveys of Australian Youth data,2020,PISA,science,Future intentions in science,MOTIVATION,motivation,R2,0.35,positive,Physics course enrolment (Year 12),student,1.0,4758.0,False,False,medium
10.1177/0004944120957477,Relating teenagers’ science interest network characteristics to later science course enrolment: An analysis of Australian PISA 2006 and Longitudinal Surveys of Australian Youth data,2020,PISA,science,Future intentions in science,MOTIVATION,motivation,R2,0.25,positive,Biology course enrolment (Year 12),student,1.0,4758.0,False,False,medium
10.1177/0004944120957477,Relating teenagers’ science interest network characteristics to later science course enrolment: An analysis of Australian PISA 2006 and Longitudinal Surveys of Australian Youth data,2020,PISA,science,Future intentions in science,MOTIVATION,motivation,R2,0.27,positive,Biology course enrolment (Year 12),student,1.0,4758.0,False,False,medium
10.1111/bjep.12634,Learning strategies and reading achievement in primary schools: Longitudinal relationship and gender differences,2024,other,reading,Memorization strategy (T1),OTHER,other,standardized_beta,0.138,positive,Reading achievement (T2 EAP score),student,1.0,3878.0,,False,medium
10.1111/bjep.12634,Learning strategies and reading achievement in primary schools: Longitudinal relationship and gender differences,2024,other,reading,Reading achievement (T1),OTHER,prior_achievement,standardized_beta,0.223,positive,Memorization strategy (T2 mean score),student,1.0,3878.0,,False,medium
10.1111/bjep.12634,Learning strategies and reading achievement in primary schools: Longitudinal relationship and gender differences,2024,other,reading,Reading achievement (T1),OTHER,prior_achievement,standardized_beta,0.187,positive,Elaboration strategy (T2 mean score),student,1.0,3878.0,,False,medium
10.1111/bjep.12634,Learning strategies and reading achievement in primary schools: Longitudinal relationship and gender differences,2024,other,reading,Reading achievement (T1),OTHER,prior_achievement,standardized_beta,0.192,positive,Control strategy (T2 mean score),student,1.0,3878.0,,False,medium
10.1111/bjep.12634,Learning strategies and reading achievement in primary schools: Longitudinal relationship and gender differences,2024,other,reading,Memorization strategy (T1),OTHER,other,standardized_beta,0.159,positive,Control strategy (T2 mean score),student,1.0,3878.0,,False,medium
10.1111/bjep.12634,Learning strategies and reading achievement in primary schools: Longitudinal relationship and gender differences,2024,other,reading,Elaboration strategy (T1),OTHER,other,standardized_beta,0.1,positive,Control strategy (T2 mean score),student,1.0,3878.0,,False,medium
10.22055/rals.2024.45498.3186,Teacher vs. Machine Correction: Comparing Assessments of Students’ Reading Comprehension and Written Summaries,2024,PISA,reading,Teacher age group,AGE_GRADE,teacher_quality,R2,0.5729,positive,Primary study outcome (heuristic migration),other,1.0,30.0,False,False,low
10.22055/rals.2024.45498.3186,Teacher vs. Machine Correction: Comparing Assessments of Students’ Reading Comprehension and Written Summaries,2024,PISA,reading,Teaching experience group,OTHER,teacher_quality,R2,0.5729,positive,Primary study outcome (heuristic migration),other,1.0,30.0,False,False,low
10.22055/rals.2024.45498.3186,Teacher vs. Machine Correction: Comparing Assessments of Students’ Reading Comprehension and Written Summaries,2024,PISA,reading,Teacher sex,GENDER,gender,R2,0.5729,,Primary study outcome (heuristic migration),other,1.0,30.0,False,False,low
10.21449/ijate.778864,21449-ijate.778864-1234283,2020,PISA,mathematics,Math anxiety,ANXIETY,anxiety,accuracy,0.55,negative,Achievement level groups (6 subgroups),student,,126126.0,,False,medium
10.21449/ijate.778864,21449-ijate.778864-1234283,2020,PISA,mathematics,Mathematics self-efficacy,SELF_EFFICACY,self_efficacy,accuracy,0.55,positive,Achievement level groups (6 subgroups),student,,126126.0,,False,medium
10.21449/ijate.778864,21449-ijate.778864-1234283,2020,PISA,mathematics,Math motivation,MOTIVATION,motivation,accuracy,0.55,positive,Achievement level groups (6 subgroups),student,,126126.0,,False,medium
10.21449/ijate.778864,21449-ijate.778864-1234283,2020,PISA,mathematics,Sense of belonging to school,BELONGING,belonging,accuracy,0.55,positive,Achievement level groups (6 subgroups),student,,126126.0,,False,medium
10.21449/ijate.778864,21449-ijate.778864-1234283,2020,PISA,mathematics,Teacher classroom management,AGE_GRADE,teacher_quality,accuracy,0.55,positive,Achievement level groups (6 subgroups),student,,126126.0,,False,medium
10.21449/ijate.778864,21449-ijate.778864-1234283,2020,PISA,mathematics,Math anxiety,ANXIETY,anxiety,accuracy,0.742,negative,Achievement level groups (3 subgroups),student,,126126.0,,False,medium
10.21449/ijate.778864,21449-ijate.778864-1234283,2020,PISA,mathematics,Mathematics self-efficacy,SELF_EFFICACY,self_efficacy,accuracy,0.742,positive,Achievement level groups (3 subgroups),student,,126126.0,,False,medium
10.21449/ijate.778864,21449-ijate.778864-1234283,2020,PISA,mathematics,Math motivation,MOTIVATION,motivation,accuracy,0.742,positive,Achievement level groups (3 subgroups),student,,126126.0,,False,medium
10.21449/ijate.778864,21449-ijate.778864-1234283,2020,PISA,mathematics,Mathematics interest,MOTIVATION,motivation,accuracy,0.742,positive,Achievement level groups (3 subgroups),student,,126126.0,,False,medium
10.21449/ijate.778864,21449-ijate.778864-1234283,2020,PISA,mathematics,Teacher-student relations,OTHER,teacher_quality,accuracy,0.742,positive,Achievement level groups (3 subgroups),student,,126126.0,,False,medium
10.35763/aiem27.6538,Análisis del sentido espacial en estudiantes de secundaria en actividades PISA,2025,PISA,other,H2_C,OTHER,other,other,,positive,teachers’ classroom-test performance,student,1.0,122.0,,False,low
10.35763/aiem27.6538,Análisis del sentido espacial en estudiantes de secundaria en actividades PISA,2025,PISA,other,H2_H,OTHER,other,other,,positive,teachers’ classroom-test performance,student,1.0,122.0,,False,low
10.1080/0020739X.2020.1868589,Mathematics anxiety and self-efficacy as predictors of mathematics literacy,2021,PISA,mathematics,Socioeconomic status (ESCS),SES_COMPOSITE,SES,standardized_beta,24.14,positive,Mathematics literacy (PISA scale; PV-based score),student,1.0,9752.0,True,True,medium
10.1080/0020739X.2020.1868589,Mathematics anxiety and self-efficacy as predictors of mathematics literacy,2021,PISA,mathematics,Mathematics self-efficacy,SELF_EFFICACY,self_efficacy,standardized_beta,26.94,positive,Mathematics literacy (PISA scale; PV-based score),student,1.0,9752.0,True,True,medium
10.1080/0020739X.2020.1868589,Mathematics anxiety and self-efficacy as predictors of mathematics literacy,2021,PISA,mathematics,Mathematics anxiety,ANXIETY,anxiety,standardized_beta,-20.46,negative,Mathematics literacy (PISA scale; PV-based score),student,1.0,9752.0,True,True,medium
10.1080/0020739X.2020.1868589,Mathematics anxiety and self-efficacy as predictors of mathematics literacy,2021,PISA,mathematics,Interaction (Anxiety×Self-efficacy),SELF_EFFICACY,other,standardized_beta,-3.66,negative,Mathematics literacy (PISA scale; PV-based score),student,1.0,9752.0,True,True,medium
10.1080/0020739X.2020.1868589,Mathematics anxiety and self-efficacy as predictors of mathematics literacy,2021,PISA,mathematics,Survey year (2003 vs 2012),OTHER,other,R2,0.341,positive,Mathematics literacy (PISA scale; PV-based score),student,1.0,9752.0,True,True,medium
10.1098/rsos.231000,,0,PISA,mathematics,Perceived control,OTHER,motivation,other,,positive,Maths achievement (PV1),student,65.0,151745.0,False,True,medium
10.1098/rsos.231000,,0,PISA,mathematics,Attributions to failure,OTHER,motivation,other,,negative,Maths achievement (PV1),student,65.0,151745.0,False,True,medium
10.1098/rsos.231000,,0,PISA,mathematics,Maths interest (intrinsic),MOTIVATION,motivation,other,,positive,Maths achievement (PV1),student,65.0,151745.0,False,True,medium
10.1098/rsos.231000,,0,PISA,mathematics,Instrumental motivation (utility),MOTIVATION,motivation,other,,positive,Maths achievement (PV1),student,65.0,151745.0,False,True,medium
10.1098/rsos.231000,,0,PISA,mathematics,Maths self-efficacy,SELF_EFFICACY,self_efficacy,other,,positive,Maths achievement (PV1),student,65.0,151745.0,False,True,medium
10.1098/rsos.231000,,0,PISA,mathematics,Maths self-concept,SELF_EFFICACY,self_efficacy,other,,positive,Maths achievement (PV1),student,65.0,151745.0,False,True,medium
10.1007/s11205-021-02713-8,Exploring Differences in Financial Literacy Across Countries: The Role of Individual Characteristics and Institutions,2021,other,other,Income buffer,OTHER,SES,standardized_beta,0.433,positive,Financial literacy score (mean; baseline determinants),student,12.0,12298.0,,True,medium
10.1007/s11205-021-02713-8,Exploring Differences in Financial Literacy Across Countries: The Role of Individual Characteristics and Institutions,2021,other,other,Gender,GENDER,gender,standardized_beta,-0.468,negative,Financial literacy score (mean; baseline determinants),student,12.0,12298.0,,True,medium
10.1007/s11205-021-02713-8,Exploring Differences in Financial Literacy Across Countries: The Role of Individual Characteristics and Institutions,2021,other,other,University education,OTHER,SES,standardized_beta,0.686,positive,Financial literacy score (mean; baseline determinants),student,12.0,12298.0,,True,medium
10.1007/s11205-021-02713-8,Exploring Differences in Financial Literacy Across Countries: The Role of Individual Characteristics and Institutions,2021,other,other,Age 50–69,AGE_GRADE,other,standardized_beta,0.265,positive,Financial literacy score (mean; baseline determinants),student,12.0,12298.0,,True,medium
10.1007/s11205-021-02713-8,Exploring Differences in Financial Literacy Across Countries: The Role of Individual Characteristics and Institutions,2021,other,other,Employed,OTHER,other,standardized_beta,0.204,positive,Financial literacy score (mean; baseline determinants),student,12.0,12298.0,,True,medium
10.1007/s11205-021-02713-8,Exploring Differences in Financial Literacy Across Countries: The Role of Individual Characteristics and Institutions,2021,other,other,Self-employed,OTHER,other,standardized_beta,0.154,positive,Financial literacy score (mean; baseline determinants),student,12.0,12298.0,,True,medium
10.1007/s11205-021-02713-8,Exploring Differences in Financial Literacy Across Countries: The Role of Individual Characteristics and Institutions,2021,other,other,Single,OTHER,other,standardized_beta,-0.12,negative,Financial literacy score (mean; baseline determinants),student,12.0,12298.0,,True,medium
10.17323/1814-9545-2020-1-70-96,Thinking Skills in Teaching Practices: Relationship with Students’ Achievement in Mathematics,2020,TIMSS,mathematics,Higher-order teaching practices (HO),OTHER,teacher_quality,standardized_beta,0.78,positive,Mathematics achievement (TIMSS scores),student,,3413.0,,False,medium
10.17323/1814-9545-2020-1-70-96,Thinking Skills in Teaching Practices: Relationship with Students’ Achievement in Mathematics,2020,TIMSS,mathematics,Lower-order teaching practices (LO),OTHER,teacher_quality,standardized_beta,,,Mathematics achievement (TIMSS scores),student,,3413.0,,False,medium
10.17323/1814-9545-2020-1-70-96,Thinking Skills in Teaching Practices: Relationship with Students’ Achievement in Mathematics,2020,TIMSS,mathematics,Books at home,HOME_RESOURCES,SES,standardized_beta,0.15,positive,Mathematics achievement (TIMSS scores),student,,3413.0,,False,medium
10.17323/1814-9545-2020-1-70-96,Thinking Skills in Teaching Practices: Relationship with Students’ Achievement in Mathematics,2020,TIMSS,mathematics,Mother’s education,OTHER,parental_education,standardized_beta,0.11,positive,Mathematics achievement (TIMSS scores),student,,3413.0,,False,medium
10.17323/1814-9545-2020-1-70-96,Thinking Skills in Teaching Practices: Relationship with Students’ Achievement in Mathematics,2020,PISA,mathematics,Higher-order teaching practices (HO),OTHER,teacher_quality,standardized_beta,0.75,positive,Mathematics achievement (PISA scores),student,,3413.0,,False,medium
10.17323/1814-9545-2020-1-70-96,Thinking Skills in Teaching Practices: Relationship with Students’ Achievement in Mathematics,2020,PISA,mathematics,Lower-order teaching practices (LO),OTHER,teacher_quality,standardized_beta,-0.16,negative,Mathematics achievement (PISA scores),student,,3413.0,,False,medium
10.17323/1814-9545-2020-1-70-96,Thinking Skills in Teaching Practices: Relationship with Students’ Achievement in Mathematics,2020,PISA,mathematics,Books at home,HOME_RESOURCES,SES,standardized_beta,0.17,positive,Mathematics achievement (PISA scores),student,,3413.0,,False,medium
10.17323/1814-9545-2020-1-70-96,Thinking Skills in Teaching Practices: Relationship with Students’ Achievement in Mathematics,2020,PISA,mathematics,Mother’s education,OTHER,parental_education,standardized_beta,0.1,positive,Mathematics achievement (PISA scores),student,,3413.0,,False,medium
10.16986/HUJE.2019050786,What are the Factors Affecting Turkish Students’ Science Literacy? A Hierarchical Linear Modelling Study Using PISA 2015 Data,2020,PISA,science,Gender,GENDER,other,other,10.94,positive,"Science literacy score (PV-based, averaged)",student,1.0,5895.0,True,,medium
10.16986/HUJE.2019050786,What are the Factors Affecting Turkish Students’ Science Literacy? A Hierarchical Linear Modelling Study Using PISA 2015 Data,2020,PISA,science,Class level,OTHER,other,other,14.89,positive,"Science literacy score (PV-based, averaged)",student,1.0,5895.0,True,,medium
10.16986/HUJE.2019050786,What are the Factors Affecting Turkish Students’ Science Literacy? A Hierarchical Linear Modelling Study Using PISA 2015 Data,2020,PISA,science,Grade repetition,PRIOR_ACHIEVEMENT,other,other,-18.95,negative,"Science literacy score (PV-based, averaged)",student,1.0,5895.0,True,,medium
10.16986/HUJE.2019050786,What are the Factors Affecting Turkish Students’ Science Literacy? A Hierarchical Linear Modelling Study Using PISA 2015 Data,2020,PISA,science,"Economic, social and cultural status",GDP_EXPENDITURE,SES,other,2.33,positive,"Science literacy score (PV-based, averaged)",student,1.0,5895.0,True,,medium
10.16986/HUJE.2019050786,What are the Factors Affecting Turkish Students’ Science Literacy? A Hierarchical Linear Modelling Study Using PISA 2015 Data,2020,PISA,science,Out-of-school study time,OTHER,instructional_time,other,-0.34,negative,"Science literacy score (PV-based, averaged)",student,1.0,5895.0,True,,medium
10.16986/HUJE.2019050786,What are the Factors Affecting Turkish Students’ Science Literacy? A Hierarchical Linear Modelling Study Using PISA 2015 Data,2020,PISA,science,Weekly science learning time,INSTRUCTIONAL_TIME,instructional_time,other,0.09,positive,"Science literacy score (PV-based, averaged)",student,1.0,5895.0,True,,medium
10.16986/HUJE.2019050786,What are the Factors Affecting Turkish Students’ Science Literacy? A Hierarchical Linear Modelling Study Using PISA 2015 Data,2020,PISA,science,Weekly total instruction time,OTHER,instructional_time,other,0.01,positive,"Science literacy score (PV-based, averaged)",student,1.0,5895.0,True,,medium
10.16986/HUJE.2019050786,What are the Factors Affecting Turkish Students’ Science Literacy? A Hierarchical Linear Modelling Study Using PISA 2015 Data,2020,PISA,science,Enjoyment of cooperation,MOTIVATION,other,other,5.34,positive,"Science literacy score (PV-based, averaged)",student,1.0,5895.0,True,,medium
10.16986/HUJE.2019050786,What are the Factors Affecting Turkish Students’ Science Literacy? A Hierarchical Linear Modelling Study Using PISA 2015 Data,2020,PISA,science,Inquiry-based science teaching,OTHER,instructional_time,other,-3.79,negative,"Science literacy score (PV-based, averaged)",student,1.0,5895.0,True,,medium
10.16986/HUJE.2019050786,What are the Factors Affecting Turkish Students’ Science Literacy? A Hierarchical Linear Modelling Study Using PISA 2015 Data,2020,PISA,science,Internet-connected computer ratio,ICT_ACCESS,ICT,other,40.95,positive,"Science literacy score (PV-based, averaged)",school,1.0,5895.0,True,,medium
10.16986/HUJE.2019050786,What are the Factors Affecting Turkish Students’ Science Literacy? A Hierarchical Linear Modelling Study Using PISA 2015 Data,2020,PISA,science,Science teachers ratio,OTHER,teacher_quality,other,214.15,positive,"Science literacy score (PV-based, averaged)",school,1.0,5895.0,True,,medium
10.16986/HUJE.2019050786,What are the Factors Affecting Turkish Students’ Science Literacy? A Hierarchical Linear Modelling Study Using PISA 2015 Data,2020,PISA,science,Science-specific resources total,OTHER,school_resources,other,6.89,positive,"Science literacy score (PV-based, averaged)",school,1.0,5895.0,True,,medium
10.16986/HUJE.2019050786,What are the Factors Affecting Turkish Students’ Science Literacy? A Hierarchical Linear Modelling Study Using PISA 2015 Data,2020,PISA,science,Learning-hindering student behavior,OTHER,school_climate,other,-13.19,negative,"Science literacy score (PV-based, averaged)",school,1.0,5895.0,True,,medium
10.1080/01443410.2022.2144143,Epistemic beliefs in science socio-economic status and mathematics and science test results in lower secondary education a multilevel perspective,2023,PISA,mathematics,Gender,GENDER,gender,other,-7.44,negative,Mathematics test score (PISA PVs),student,1.0,3991.0,True,True,high
10.1080/01443410.2022.2144143,Epistemic beliefs in science socio-economic status and mathematics and science test results in lower secondary education a multilevel perspective,2023,PISA,mathematics,Student SES (ESCS),SES_COMPOSITE,SES,other,25.86,positive,Mathematics test score (PISA PVs),student,1.0,3991.0,True,True,high
10.1080/01443410.2022.2144143,Epistemic beliefs in science socio-economic status and mathematics and science test results in lower secondary education a multilevel perspective,2023,PISA,mathematics,Student EBS (science),OTHER,other,other,23.05,positive,Mathematics test score (PISA PVs),student,1.0,3991.0,True,True,high
10.1080/01443410.2022.2144143,Epistemic beliefs in science socio-economic status and mathematics and science test results in lower secondary education a multilevel perspective,2023,PISA,mathematics,School SES (ESCS),SES_COMPOSITE,SES,other,24.5,positive,Mathematics test score (PISA PVs),school,1.0,3991.0,True,True,high
10.1080/01443410.2022.2144143,Epistemic beliefs in science socio-economic status and mathematics and science test results in lower secondary education a multilevel perspective,2023,PISA,mathematics,School EBS (science),OTHER,other,other,18.26,,Mathematics test score (PISA PVs),school,1.0,3991.0,True,True,high
10.1080/01443410.2022.2144143,Epistemic beliefs in science socio-economic status and mathematics and science test results in lower secondary education a multilevel perspective,2023,PISA,science,Gender,GENDER,gender,other,-6.11,negative,Science test score (PISA PVs),student,1.0,3991.0,True,True,high
10.1080/01443410.2022.2144143,Epistemic beliefs in science socio-economic status and mathematics and science test results in lower secondary education a multilevel perspective,2023,PISA,science,Student SES (ESCS),SES_COMPOSITE,SES,other,24.29,positive,Science test score (PISA PVs),student,1.0,3991.0,True,True,high
10.1080/01443410.2022.2144143,Epistemic beliefs in science socio-economic status and mathematics and science test results in lower secondary education a multilevel perspective,2023,PISA,science,Student EBS (science),OTHER,other,other,29.98,positive,Science test score (PISA PVs),student,1.0,3991.0,True,True,high
10.1080/01443410.2022.2144143,Epistemic beliefs in science socio-economic status and mathematics and science test results in lower secondary education a multilevel perspective,2023,PISA,science,School SES (ESCS),SES_COMPOSITE,SES,other,22.96,positive,Science test score (PISA PVs),school,1.0,3991.0,True,True,high
10.1080/01443410.2022.2144143,Epistemic beliefs in science socio-economic status and mathematics and science test results in lower secondary education a multilevel perspective,2023,PISA,science,School EBS (science),OTHER,other,other,25.96,positive,Science test score (PISA PVs),school,1.0,3991.0,True,True,high
10.1111/ejed.70134,Exploring the Relationship Between Students' Physical Activity and Academic Achievement in Different Social Environments,2025,PISA,mathematics,Moderate activity days (MPA),OTHER,other,standardized_beta,0.048,positive,Math achievement (PISA 2015 score),student,52.0,397388.0,,True,medium
10.1111/ejed.70134,Exploring the Relationship Between Students' Physical Activity and Academic Achievement in Different Social Environments,2025,PISA,mathematics,Vigorous activity days (VPA),OTHER,other,standardized_beta,-0.02,negative,Math achievement (PISA 2015 score),student,52.0,397388.0,,True,medium
10.1111/ejed.70134,Exploring the Relationship Between Students' Physical Activity and Academic Achievement in Different Social Environments,2025,PISA,mathematics,Exercise before school (EBS),OTHER,other,standardized_beta,-0.124,negative,Math achievement (PISA 2015 score),student,52.0,397388.0,,True,medium
10.1111/ejed.70134,Exploring the Relationship Between Students' Physical Activity and Academic Achievement in Different Social Environments,2025,PISA,mathematics,Exercise after school (EAS),OTHER,other,standardized_beta,0.033,positive,Math achievement (PISA 2015 score),student,52.0,397388.0,,True,medium
10.1111/ejed.70134,Exploring the Relationship Between Students' Physical Activity and Academic Achievement in Different Social Environments,2025,PISA,mathematics,Physical education days (PES),OTHER,other,standardized_beta,-0.031,negative,Math achievement (PISA 2015 score),student,52.0,397388.0,,True,medium
10.1111/ejed.70134,Exploring the Relationship Between Students' Physical Activity and Academic Achievement in Different Social Environments,2025,PISA,reading,Moderate activity days (MPA),OTHER,other,standardized_beta,0.067,positive,Reading achievement (PISA 2015 score),student,52.0,397388.0,,True,medium
10.1111/ejed.70134,Exploring the Relationship Between Students' Physical Activity and Academic Achievement in Different Social Environments,2025,PISA,reading,Vigorous activity days (VPA),OTHER,other,standardized_beta,-0.027,negative,Reading achievement (PISA 2015 score),student,52.0,397388.0,,True,medium
10.1111/ejed.70134,Exploring the Relationship Between Students' Physical Activity and Academic Achievement in Different Social Environments,2025,PISA,reading,Exercise before school (EBS),OTHER,other,standardized_beta,-0.158,negative,Reading achievement (PISA 2015 score),student,52.0,397388.0,,True,medium
10.1111/ejed.70134,Exploring the Relationship Between Students' Physical Activity and Academic Achievement in Different Social Environments,2025,PISA,reading,Exercise after school (EAS),OTHER,other,standardized_beta,0.031,positive,Reading achievement (PISA 2015 score),student,52.0,397388.0,,True,medium
10.1111/ejed.70134,Exploring the Relationship Between Students' Physical Activity and Academic Achievement in Different Social Environments,2025,PISA,reading,Physical education days (PES),OTHER,other,standardized_beta,-0.04,negative,Reading achievement (PISA 2015 score),student,52.0,397388.0,,True,medium
10.1111/ejed.70134,Exploring the Relationship Between Students' Physical Activity and Academic Achievement in Different Social Environments,2025,PISA,science,Moderate activity days (MPA),OTHER,other,standardized_beta,0.063,positive,Science achievement (PISA 2015 score),student,52.0,397388.0,,True,medium
10.1111/ejed.70134,Exploring the Relationship Between Students' Physical Activity and Academic Achievement in Different Social Environments,2025,PISA,science,Vigorous activity days (VPA),OTHER,other,standardized_beta,-0.026,negative,Science achievement (PISA 2015 score),student,52.0,397388.0,,True,medium
10.1111/ejed.70134,Exploring the Relationship Between Students' Physical Activity and Academic Achievement in Different Social Environments,2025,PISA,science,Exercise before school (EBS),OTHER,other,standardized_beta,-0.154,negative,Science achievement (PISA 2015 score),student,52.0,397388.0,,True,medium
10.1111/ejed.70134,Exploring the Relationship Between Students' Physical Activity and Academic Achievement in Different Social Environments,2025,PISA,science,Exercise after school (EAS),OTHER,other,standardized_beta,0.035,positive,Science achievement (PISA 2015 score),student,52.0,397388.0,,True,medium
10.1111/ejed.70134,Exploring the Relationship Between Students' Physical Activity and Academic Achievement in Different Social Environments,2025,PISA,science,Physical education days (PES),OTHER,other,standardized_beta,-0.041,negative,Science achievement (PISA 2015 score),student,52.0,397388.0,,True,medium
10.1080/09243453.2021.1929346,Examining the contextual factors of science effectiveness: a machine learning-based approach,2022,PISA,science,Educational aspiration,OTHER,motivation,other,,positive,science proficiency level,student,53.0,79963.0,False,False,medium
10.1080/09243453.2021.1929346,Examining the contextual factors of science effectiveness: a machine learning-based approach,2022,PISA,science,Occupational expectations,OTHER,motivation,other,,positive,science proficiency level,student,53.0,79963.0,False,False,medium
10.1080/09243453.2021.1929346,Examining the contextual factors of science effectiveness: a machine learning-based approach,2022,PISA,science,Epistemological beliefs,OTHER,motivation,other,,positive,science proficiency level,student,53.0,79963.0,False,False,medium
10.1080/09243453.2021.1929346,Examining the contextual factors of science effectiveness: a machine learning-based approach,2022,PISA,science,Enjoyment of science,MOTIVATION,motivation,other,,positive,science proficiency level,student,53.0,79963.0,False,False,medium
10.1080/09243453.2021.1929346,Examining the contextual factors of science effectiveness: a machine learning-based approach,2022,PISA,science,Home possessions,SES_COMPOSITE,SES,other,,positive,science proficiency level,student,53.0,79963.0,False,False,medium
10.1080/09243453.2021.1929346,Examining the contextual factors of science effectiveness: a machine learning-based approach,2022,PISA,science,Home wealth possessions,SES_COMPOSITE,SES,other,,positive,science proficiency level,student,53.0,79963.0,False,False,medium
10.1080/09243453.2021.1929346,Examining the contextual factors of science effectiveness: a machine learning-based approach,2022,PISA,science,Economic social cultural status,GDP_EXPENDITURE,SES,other,,positive,science proficiency level,student,53.0,79963.0,False,False,medium
10.1002/tea.21939,Examining key capitals contributing to students' science-related career expectations and their relationship patterns: A machine learning approach,2024,PISA,science,Instrumental motivation (science),MOTIVATION,motivation,AUC,0.7959,positive,Science-related career expectation (1 vs 0),student,72.0,519334.0,False,False,medium
10.1002/tea.21939,Examining key capitals contributing to students' science-related career expectations and their relationship patterns: A machine learning approach,2024,PISA,science,Parents' expectation for science career,OTHER,parental_education,AUC,0.7959,positive,Science-related career expectation (1 vs 0),student,72.0,519334.0,False,False,medium
10.1002/tea.21939,Examining key capitals contributing to students' science-related career expectations and their relationship patterns: A machine learning approach,2024,PISA,science,Enjoyment of science,MOTIVATION,motivation,AUC,0.7959,positive,Science-related career expectation (1 vs 0),student,72.0,519334.0,False,False,medium
10.1002/tea.21939,Examining key capitals contributing to students' science-related career expectations and their relationship patterns: A machine learning approach,2024,PISA,science,Science performance (WLE),OTHER,prior_achievement,AUC,0.7959,positive,Science-related career expectation (1 vs 0),student,72.0,519334.0,False,False,medium
10.1002/tea.21939,Examining key capitals contributing to students' science-related career expectations and their relationship patterns: A machine learning approach,2024,PISA,science,Teacher fairness,OTHER,teacher_quality,AUC,0.7959,positive,Science-related career expectation (1 vs 0),student,72.0,519334.0,False,False,medium
10.4018/IJITWE.304052,Predicting-Academic-Performance-of-Immigrant-Stude,0,PISA,mathematics,Immigration status index,SES_COMPOSITE,other,R2,0.4201,positive,Mathematics achievement (PV1MATH),student,5.0,,False,False,medium
10.4018/IJITWE.304052,Predicting-Academic-Performance-of-Immigrant-Stude,0,PISA,mathematics,Books at home,HOME_RESOURCES,SES,other,,positive,Mathematics achievement (PV1MATH),student,5.0,,False,False,medium
10.4018/IJITWE.304052,Predicting-Academic-Performance-of-Immigrant-Stude,0,PISA,mathematics,Computer for school work,ICT_ACCESS,ICT,other,,positive,Mathematics achievement (PV1MATH),student,5.0,,False,False,medium
10.4018/IJITWE.304052,Predicting-Academic-Performance-of-Immigrant-Stude,0,PISA,mathematics,Math learning time,INSTRUCTIONAL_TIME,instructional_time,other,,positive,Mathematics achievement (PV1MATH),student,5.0,,False,False,medium
10.4018/IJITWE.304052,Predicting-Academic-Performance-of-Immigrant-Stude,0,PISA,mathematics,Grade repetition,PRIOR_ACHIEVEMENT,other,other,,negative,Mathematics achievement (PV1MATH),student,5.0,,False,False,medium
10.1080/09500693.2022.2067364,The mediating–moderating model of inquiry-based learning and science self-efficacy: evidence from PISA 2015,2022,PISA,science,Inquiry-based learning,OTHER,other,standardized_beta,0.155,positive,Science self-efficacy,student,57.0,346109.0,True,False,medium
10.1080/09500693.2022.2067364,The mediating–moderating model of inquiry-based learning and science self-efficacy: evidence from PISA 2015,2022,PISA,science,Science interest,MOTIVATION,motivation,standardized_beta,0.039,positive,Science self-efficacy,student,57.0,346109.0,True,False,medium
10.1080/09500693.2022.2067364,The mediating–moderating model of inquiry-based learning and science self-efficacy: evidence from PISA 2015,2022,PISA,science,Teacher support (science),TEACHER_QUALITY,teacher_quality,standardized_beta,0.049,positive,Science self-efficacy,student,57.0,346109.0,True,False,medium
10.1080/09500693.2022.2067364,The mediating–moderating model of inquiry-based learning and science self-efficacy: evidence from PISA 2015,2022,PISA,science,Teacher support (science),TEACHER_QUALITY,teacher_quality,standardized_beta,-0.015,negative,Science self-efficacy,student,57.0,346109.0,True,False,medium
10.1080/09500693.2022.2067364,The mediating–moderating model of inquiry-based learning and science self-efficacy: evidence from PISA 2015,2022,PISA,science,Inquiry-based learning,OTHER,other,R2,0.045,positive,Science self-efficacy,student,57.0,346109.0,True,False,medium
10.1080/09500693.2022.2067364,The mediating–moderating model of inquiry-based learning and science self-efficacy: evidence from PISA 2015,2022,PISA,science,Inquiry-based learning,OTHER,other,R2,0.111,positive,Science self-efficacy,student,57.0,346109.0,True,False,medium
10.1080/13803611.2026.2655309,Using machine learning to identify important predictors of school science literacy achievement: evidence from the United States,2026,PISA,science,Science self-efficacy,SELF_EFFICACY,self_efficacy,other,,positive,School science literacy achievement,school,1.0,,True,False,medium
10.1080/13803611.2026.2655309,Using machine learning to identify important predictors of school science literacy achievement: evidence from the United States,2026,PISA,science,Achievement motivation,MOTIVATION,motivation,other,,positive,School science literacy achievement,school,1.0,,True,False,medium
10.1080/13803611.2026.2655309,Using machine learning to identify important predictors of school science literacy achievement: evidence from the United States,2026,PISA,science,Enjoyment of science,MOTIVATION,motivation,other,,positive,School science literacy achievement,school,1.0,,True,False,medium
10.1080/13803611.2026.2655309,Using machine learning to identify important predictors of school science literacy achievement: evidence from the United States,2026,PISA,science,Instrumental motivation,MOTIVATION,motivation,other,,positive,School science literacy achievement,school,1.0,,True,False,medium
10.1080/13803611.2026.2655309,Using machine learning to identify important predictors of school science literacy achievement: evidence from the United States,2026,PISA,science,Teacher feedback,TEACHER_QUALITY,teacher_quality,other,,positive,School science literacy achievement,school,1.0,,True,False,medium
10.1080/13803611.2026.2655309,Using machine learning to identify important predictors of school science literacy achievement: evidence from the United States,2026,PISA,science,Teacher help,OTHER,teacher_quality,other,,negative,School science literacy achievement,school,1.0,,True,False,medium
10.1080/13803611.2026.2655309,Using machine learning to identify important predictors of school science literacy achievement: evidence from the United States,2026,PISA,science,Inquiry-based teaching,OTHER,other,other,,negative,School science literacy achievement,school,1.0,,True,False,medium
10.1080/13803611.2026.2655309,Using machine learning to identify important predictors of school science literacy achievement: evidence from the United States,2026,PISA,science,Educational material shortage,AGE_GRADE,school_resources,other,,negative,School science literacy achievement,school,1.0,,True,False,medium
10.1080/13803611.2026.2655309,Using machine learning to identify important predictors of school science literacy achievement: evidence from the United States,2026,PISA,science,Class size,SCHOOL_RESOURCES,school_climate,other,,negative,School science literacy achievement,school,1.0,,True,False,medium
10.1080/13803611.2026.2655309,Using machine learning to identify important predictors of school science literacy achievement: evidence from the United States,2026,PISA,science,ISCED 5A science teachers,OTHER,teacher_quality,other,,positive,School science literacy achievement,school,1.0,,True,False,medium
10.18239/ocnos_2020.19.1.2122,The socio-familiar context and its impact on student reading performance in PISA,2020,PISA,reading,Parental education level,PARENTAL_EDUCATION,parental_education,R2,0.2,positive,Reading performance (overall score; PV-based reading literacy),student,3.0,1375.0,False,False,medium
10.18239/ocnos_2020.19.1.2122,The socio-familiar context and its impact on student reading performance in PISA,2020,PISA,reading,Parental education level,PARENTAL_EDUCATION,parental_education,R2,0.15,positive,Reading performance (overall score; PV-based reading literacy),student,3.0,1508.0,False,False,medium
10.18239/ocnos_2020.19.1.2122,The socio-familiar context and its impact on student reading performance in PISA,2020,PISA,reading,Interest in school activities,MOTIVATION,parent_home,odds_ratio,,positive,Reading performance (overall score; PV-based reading literacy),student,3.0,1508.0,False,False,medium
10.18239/ocnos_2020.19.1.2122,The socio-familiar context and its impact on student reading performance in PISA,2020,PISA,reading,Support for academic efforts,OTHER,parent_home,odds_ratio,,positive,Reading performance (overall score; PV-based reading literacy),student,3.0,1508.0,False,False,medium
10.3390/electronics15020335,Counterfactual Graph Representation Learning for Fairness-Aware Cognitive Diagnosis,2026,PISA,other,Student contextual features,OTHER,other,AUC,0.7905,positive,Exercise response prediction (ACC/AUC/RMSE),student,,30000.0,,False,medium
10.3390/electronics15020335,Counterfactual Graph Representation Learning for Fairness-Aware Cognitive Diagnosis,2026,PISA,other,Gender,GENDER,gender,AUC,0.7905,positive,Exercise response prediction (ACC/AUC/RMSE),student,,30000.0,,False,medium
10.3390/electronics15020335,Counterfactual Graph Representation Learning for Fairness-Aware Cognitive Diagnosis,2026,PISA,other,Geographic region,OTHER,other,AUC,0.7905,positive,Exercise response prediction (ACC/AUC/RMSE),student,,30000.0,,False,medium
10.3390/electronics15020335,Counterfactual Graph Representation Learning for Fairness-Aware Cognitive Diagnosis,2026,PISA,other,Family socioeconomic status,SES_COMPOSITE,SES,AUC,0.7905,positive,Exercise response prediction (ACC/AUC/RMSE),student,,30000.0,,False,medium
10.1007/s10763-022-10336-9,The Effect of Inquiry-Based Practices on Scientific Literacy: the Mediating Role of Science Attitudes,2022,PISA,science,Perceived inquiry-based practices,OTHER,other,standardized_beta,-0.319,negative,Scientific literacy (mean of 10 PVs),student,8.0,60812.0,True,,medium
10.1007/s10763-022-10336-9,The Effect of Inquiry-Based Practices on Scientific Literacy: the Mediating Role of Science Attitudes,2022,PISA,science,Interest in science,MOTIVATION,motivation,standardized_beta,0.085,positive,Scientific literacy (mean of 10 PVs),student,8.0,60812.0,True,,medium
10.1007/s10763-022-10336-9,The Effect of Inquiry-Based Practices on Scientific Literacy: the Mediating Role of Science Attitudes,2022,PISA,science,Science self-efficacy,SELF_EFFICACY,self_efficacy,standardized_beta,0.062,positive,Scientific literacy (mean of 10 PVs),student,8.0,60812.0,True,,medium
10.1007/s10763-022-10336-9,The Effect of Inquiry-Based Practices on Scientific Literacy: the Mediating Role of Science Attitudes,2022,PISA,science,Instrumental motivation,MOTIVATION,motivation,standardized_beta,-0.024,negative,Scientific literacy (mean of 10 PVs),student,6.0,60812.0,True,,medium
10.1007/s10763-022-10336-9,The Effect of Inquiry-Based Practices on Scientific Literacy: the Mediating Role of Science Attitudes,2022,PISA,science,"Economic, social, cultural status (ESCS)",SES_COMPOSITE,SES,standardized_beta,,positive,Scientific literacy (mean of 10 PVs),student,8.0,60812.0,True,,medium
10.1007/s11145-020-10090-w,Kindergarten pre-reading skills predict Grade 9 reading comprehension (PISA Reading) but fail to explain gender difference,2021,PISA,reading,Phonological awareness,OTHER,prior_achievement,R2,0.27,positive,Grade 9 reading comprehension,student,1.0,1010.0,False,False,medium
10.1007/s11145-020-10090-w,Kindergarten pre-reading skills predict Grade 9 reading comprehension (PISA Reading) but fail to explain gender difference,2021,PISA,reading,Rapid naming,OTHER,prior_achievement,R2,0.27,positive,Grade 9 reading comprehension,student,1.0,1010.0,False,False,medium
10.1007/s11145-020-10090-w,Kindergarten pre-reading skills predict Grade 9 reading comprehension (PISA Reading) but fail to explain gender difference,2021,PISA,reading,Letter knowledge,OTHER,prior_achievement,R2,0.27,positive,Grade 9 reading comprehension,student,1.0,1010.0,False,False,medium
10.1007/s11145-020-10090-w,Kindergarten pre-reading skills predict Grade 9 reading comprehension (PISA Reading) but fail to explain gender difference,2021,PISA,reading,Vocabulary,OTHER,prior_achievement,R2,0.27,positive,Grade 9 reading comprehension,student,1.0,1010.0,False,False,medium
10.1007/s11145-020-10090-w,Kindergarten pre-reading skills predict Grade 9 reading comprehension (PISA Reading) but fail to explain gender difference,2021,PISA,reading,Listening comprehension,OTHER,prior_achievement,R2,0.27,positive,Grade 9 reading comprehension,student,1.0,1010.0,False,False,medium
10.1007/s11145-020-10090-w,Kindergarten pre-reading skills predict Grade 9 reading comprehension (PISA Reading) but fail to explain gender difference,2021,PISA,reading,Gender,GENDER,gender,R2,0.05,mixed,Grade 9 reading comprehension,student,1.0,1010.0,False,False,medium
10.1186/s40536-020-00084-z,ICT Engagement: a new construct and its assessment in PISA 2015,2020,PISA,other,ICT interest,MOTIVATION,ICT,R2,0.108,positive,ICT usage motives (Learning-related use at home),student,1.0,5860.0,False,False,medium
10.1186/s40536-020-00084-z,ICT Engagement: a new construct and its assessment in PISA 2015,2020,PISA,other,ICT interest,MOTIVATION,ICT,R2,0.087,positive,ICT usage motives (ICT use at school),student,1.0,5860.0,False,False,medium
10.1186/s40536-020-00084-z,ICT Engagement: a new construct and its assessment in PISA 2015,2020,PISA,other,ICT interest,MOTIVATION,ICT,R2,0.741,positive,ICT usage motives (Use for Entertainment),student,1.0,5860.0,False,False,medium
10.1186/s40536-020-00084-z,ICT Engagement: a new construct and its assessment in PISA 2015,2020,PISA,other,ICT interest,MOTIVATION,ICT,R2,0.218,positive,ICT usage motives (Practical usage),student,1.0,5860.0,False,False,medium
10.1186/s40536-021-00104-6,Student test-taking effort in low-stakes assessments: evidence from the English version of the PISA 2015 science test,2021,PISA,science,Environmental awareness (ENVAWARE),OTHER,motivation,standardized_beta,,positive,Test-taking effort (average posterior probability of being effortful),student,6.0,,True,True,high
10.1186/s40536-021-00104-6,Student test-taking effort in low-stakes assessments: evidence from the English version of the PISA 2015 science test,2021,PISA,science,Interest in broad science (INTBRSCI),MOTIVATION,motivation,standardized_beta,,positive,Test-taking effort (average posterior probability of being effortful),student,6.0,,True,True,high
10.1186/s40536-021-00104-6,Student test-taking effort in low-stakes assessments: evidence from the English version of the PISA 2015 science test,2021,PISA,science,Enjoyment of science (JOYSCIE),MOTIVATION,motivation,standardized_beta,,positive,Test-taking effort (average posterior probability of being effortful),student,6.0,,True,True,high
10.1186/s40536-021-00104-6,Student test-taking effort in low-stakes assessments: evidence from the English version of the PISA 2015 science test,2021,PISA,science,Test anxiety (ANXTEST),ANXIETY,anxiety,standardized_beta,,,Test-taking effort (average posterior probability of being effortful),student,6.0,,True,True,high
10.1186/s40536-021-00104-6,Student test-taking effort in low-stakes assessments: evidence from the English version of the PISA 2015 science test,2021,PISA,science,Science activities (SCIEACT),OTHER,motivation,standardized_beta,,negative,Test-taking effort (average posterior probability of being effortful),student,6.0,,True,True,high
10.1186/s40536-021-00104-6,Student test-taking effort in low-stakes assessments: evidence from the English version of the PISA 2015 science test,2021,PISA,science,Test-taking effort (average posterior probability of being effortful),AGE_GRADE,motivation,r_correlation,0.56,positive,Science achievement (Plausible Values),student,6.0,,True,True,high
10.1186/s40536-021-00104-6,Student test-taking effort in low-stakes assessments: evidence from the English version of the PISA 2015 science test,2021,PISA,science,Test-taking effort (average posterior probability of being effortful),AGE_GRADE,motivation,R2,0.144,positive,Science achievement (Plausible Values),student,6.0,,True,True,high
10.1186/s40536-024-00198-8,Large-scale Assessments in Education (2024) 12:11,2024,PISA,mathematics,Learning strategy score (NRM),OTHER,other,r_correlation,0.18,positive,Mathematics achievement,student,1.0,3310.0,True,,medium
10.1186/s40536-024-00198-8,Large-scale Assessments in Education (2024) 12:11,2024,PISA,mathematics,Learning strategy score (NRM),OTHER,other,standardized_beta,-0.0667,negative,Mathematics achievement,student,1.0,3310.0,True,,medium
10.1186/s40536-024-00198-8,Large-scale Assessments in Education (2024) 12:11,2024,PISA,mathematics,Learning strategy score (NRM),OTHER,other,R2,0.03572,positive,Mathematics achievement,student,1.0,3310.0,True,,medium
10.1016/j.actpsy.2024.104247,The impact of reading metacognitive strategies on mathematics learning efficiency and performance: An analysis using PISA 2018 data in China,2024,PISA,mathematics,Weekly math learning time,INSTRUCTIONAL_TIME,instructional_time,standardized_beta,0.034,positive,Mathematics performance (MATHACH) within each reading-strategy profile,student,1.0,11993.0,True,False,medium
10.1016/j.actpsy.2024.104247,The impact of reading metacognitive strategies on mathematics learning efficiency and performance: An analysis using PISA 2018 data in China,2024,PISA,mathematics,Weekly math learning time,INSTRUCTIONAL_TIME,instructional_time,standardized_beta,0.158,positive,Mathematics performance (MATHACH) within Novice-indifferent profile,student,1.0,11993.0,True,False,medium
10.1016/j.actpsy.2024.104247,The impact of reading metacognitive strategies on mathematics learning efficiency and performance: An analysis using PISA 2018 data in China,2024,PISA,mathematics,Weekly math learning time,INSTRUCTIONAL_TIME,instructional_time,standardized_beta,0.057,positive,Mathematics performance (MATHACH) within Veteran-average profile,student,1.0,11993.0,True,False,medium
10.1016/j.actpsy.2024.104247,The impact of reading metacognitive strategies on mathematics learning efficiency and performance: An analysis using PISA 2018 data in China,2024,PISA,mathematics,Weekly math learning time,INSTRUCTIONAL_TIME,instructional_time,standardized_beta,0.064,positive,Mathematics performance (MATHACH) within Novice-low evaluating profile,student,1.0,11993.0,True,False,medium
10.1016/j.actpsy.2024.104247,The impact of reading metacognitive strategies on mathematics learning efficiency and performance: An analysis using PISA 2018 data in China,2024,PISA,mathematics,Weekly math learning time,INSTRUCTIONAL_TIME,instructional_time,standardized_beta,0.079,positive,Mathematics performance (MATHACH) within Novice-arbitrary profile,student,1.0,11993.0,True,False,medium
10.1016/j.actpsy.2024.104247,The impact of reading metacognitive strategies on mathematics learning efficiency and performance: An analysis using PISA 2018 data in China,2024,PISA,mathematics,Weekly math learning time,INSTRUCTIONAL_TIME,instructional_time,standardized_beta,-0.015,,Mathematics performance (MATHACH) within Veteran-skilled profile,student,1.0,11993.0,True,False,medium
10.1016/j.actpsy.2024.104247,The impact of reading metacognitive strategies on mathematics learning efficiency and performance: An analysis using PISA 2018 data in China,2024,PISA,mathematics,Weekly math learning time,INSTRUCTIONAL_TIME,instructional_time,standardized_beta,0.025,,Mathematics performance (MATHACH) within Novice-mixed profile,student,1.0,11993.0,True,False,medium
10.1016/j.intell.2022.101653,General or specific abilities? Evidence from 33 countries participating in the PISA assessments,2022,PISA,reading,Socioeconomic status (ESCS),SES_COMPOSITE,SES,other,,positive,Model fit: general-ability bifactor vs multidimensional vs S-1 reading bifactor,student,33.0,226434.0,,,medium
10.1016/j.intell.2022.101653,General or specific abilities? Evidence from 33 countries participating in the PISA assessments,2022,PISA,reading,Gender,GENDER,gender,other,,positive,Model fit: general-ability bifactor vs multidimensional vs S-1 reading bifactor,student,33.0,226434.0,,,medium
10.1016/j.intell.2022.101653,General or specific abilities? Evidence from 33 countries participating in the PISA assessments,2022,PISA,reading,Language learning time,INSTRUCTIONAL_TIME,instructional_time,other,,positive,Model fit: general-ability bifactor vs multidimensional vs S-1 reading bifactor,student,33.0,226434.0,,,medium
10.1016/j.intell.2022.101653,General or specific abilities? Evidence from 33 countries participating in the PISA assessments,2022,PISA,reading,Mathematics learning time,INSTRUCTIONAL_TIME,instructional_time,other,,positive,Model fit: general-ability bifactor vs multidimensional vs S-1 reading bifactor,student,33.0,226434.0,,,medium
10.1016/j.intell.2022.101653,General or specific abilities? Evidence from 33 countries participating in the PISA assessments,2022,PISA,reading,Science learning time,INSTRUCTIONAL_TIME,instructional_time,other,,positive,Model fit: general-ability bifactor vs multidimensional vs S-1 reading bifactor,student,33.0,226434.0,,,medium
10.5944/ried.24.1.27450,Evaluación de un juego serio que contribuye a fortalecer el razonamiento lógico-matemático en estudiantes de nivel medio superior,2021,other,mathematics,game usage,AGE_GRADE,other,other,,positive,exam performance,student,1.0,33.0,False,False,low
10.5944/ried.24.1.27450,Evaluación de un juego serio que contribuye a fortalecer el razonamiento lógico-matemático en estudiantes de nivel medio superior,2021,other,mathematics,advancement to level 2,OTHER,other,other,,positive,exam performance,student,1.0,33.0,False,False,low
10.5944/educxx1.38634,School effectiveness and high reading achievement of Spanish students in PISA 2018: a machine learning approach,2024,PISA,reading,HOMEPOS,HOME_RESOURCES,SES,odds_ratio,1.25,positive,high reading achievement,student,1.0,34411.0,,False,medium
10.5944/educxx1.38634,School effectiveness and high reading achievement of Spanish students in PISA 2018: a machine learning approach,2024,PISA,reading,JOYREAD,OTHER,motivation,odds_ratio,1.45,positive,high reading achievement,student,1.0,34411.0,,False,medium
10.5944/educxx1.38634,School effectiveness and high reading achievement of Spanish students in PISA 2018: a machine learning approach,2024,PISA,reading,SCREADCOMP,OTHER,self_efficacy,odds_ratio,1.3,positive,high reading achievement,student,1.0,34411.0,,False,medium
10.5944/educxx1.38634,School effectiveness and high reading achievement of Spanish students in PISA 2018: a machine learning approach,2024,PISA,reading,MMINS,OTHER,instructional_time,odds_ratio,1.1,positive,high reading achievement,student,1.0,34411.0,,False,medium
10.5944/educxx1.38634,School effectiveness and high reading achievement of Spanish students in PISA 2018: a machine learning approach,2024,PISA,reading,ST004D01T,OTHER,gender,odds_ratio,0.85,negative,high reading achievement,student,1.0,34411.0,,False,medium
10.1080/01425692.2022.2092449,Can teacher support reduce inequalities in education? Re-examining the relationship between cultural,2022,PISA,reading,Cultural capital index,OTHER,SES,R2,0.184,positive,Reading performance,student,3.0,16420.0,True,,medium
10.1080/01425692.2022.2092449,Can teacher support reduce inequalities in education? Re-examining the relationship between cultural,2022,PISA,reading,Teacher support index,TEACHER_QUALITY,teacher_quality,R2,0.001,positive,Reading performance,student,3.0,16420.0,True,,medium
10.1080/01425692.2022.2092449,Can teacher support reduce inequalities in education? Re-examining the relationship between cultural,2022,PISA,reading,Cultural capital index,OTHER,SES,R2,0.052,positive,Reading performance,student,3.0,29197.0,True,,medium
10.1080/01425692.2022.2092449,Can teacher support reduce inequalities in education? Re-examining the relationship between cultural,2022,PISA,reading,Teacher support index,TEACHER_QUALITY,teacher_quality,R2,0.0002,negative,Reading performance,student,3.0,29197.0,True,,medium
10.1080/00036846.2023.2170968,"Choose the school, choose the performance: new evidence on determinants of students’ performance in",2024,PISA,reading,Number of books at home,HOME_RESOURCES,SES/home_resources,R2,0.331,positive,Reading score (average of plausible values),student,8.0,45285.0,True,True,medium
10.1080/00036846.2023.2170968,"Choose the school, choose the performance: new evidence on determinants of students’ performance in",2024,PISA,reading,School type × city size,SCHOOL_RESOURCES,school_resources,R2,0.331,mixed,Reading score (average of plausible values),student,8.0,45285.0,True,True,medium
10.1080/00036846.2023.2170968,"Choose the school, choose the performance: new evidence on determinants of students’ performance in",2024,PISA,reading,Class size,SCHOOL_RESOURCES,school_resources,R2,0.331,,Reading score (average of plausible values),student,8.0,45285.0,True,True,medium
10.1080/00036846.2023.2170968,"Choose the school, choose the performance: new evidence on determinants of students’ performance in",2024,PISA,reading,Parental occupational status,OTHER,SES/home_resources,R2,0.331,positive,Reading score (average of plausible values),student,8.0,45285.0,True,True,medium
10.1080/00036846.2023.2170968,"Choose the school, choose the performance: new evidence on determinants of students’ performance in",2024,PISA,reading,Language spoken at home,AGE_GRADE,SES/home_resources,R2,0.331,positive,Reading score (average of plausible values),student,8.0,45285.0,True,True,medium
10.1080/00036846.2023.2170968,"Choose the school, choose the performance: new evidence on determinants of students’ performance in",2024,PISA,mathematics,Number of books at home,HOME_RESOURCES,SES/home_resources,R2,0.325,positive,Maths score (average of plausible values),student,8.0,45285.0,True,True,medium
10.1080/00036846.2023.2170968,"Choose the school, choose the performance: new evidence on determinants of students’ performance in",2024,PISA,mathematics,Parental occupational status,OTHER,SES/home_resources,R2,0.325,positive,Maths score (average of plausible values),student,8.0,45285.0,True,True,medium
10.1080/00036846.2023.2170968,"Choose the school, choose the performance: new evidence on determinants of students’ performance in",2024,PISA,mathematics,Class size,SCHOOL_RESOURCES,school_resources,R2,0.325,,Maths score (average of plausible values),student,8.0,45285.0,True,True,medium
10.1080/00036846.2023.2170968,"Choose the school, choose the performance: new evidence on determinants of students’ performance in",2024,PISA,mathematics,Gender,GENDER,gender,R2,0.325,mixed,Maths score (average of plausible values),student,8.0,45285.0,True,True,medium
10.1080/00036846.2023.2170968,"Choose the school, choose the performance: new evidence on determinants of students’ performance in",2024,PISA,mathematics,School type × city size,SCHOOL_RESOURCES,school_resources,R2,0.325,mixed,Maths score (average of plausible values),student,8.0,45285.0,True,True,medium
10.6018/rie.650791,Determinants of Spanish Students Low Performance in Reading Comprehension in PISA_english,2026,PISA,reading,Grade repetition (primary),PRIOR_ACHIEVEMENT,prior_achievement,accuracy,0.86,negative,"Low reading comprehension (dichotomized; 1=low, 0=medium/high)",student,1.0,34411.0,False,True,medium
10.6018/rie.650791,Determinants of Spanish Students Low Performance in Reading Comprehension in PISA_english,2026,PISA,reading,Expect to complete university,OTHER,motivation,accuracy,0.86,negative,"Low reading comprehension (dichotomized; 1=low, 0=medium/high)",student,1.0,34411.0,False,True,medium
10.6018/rie.650791,Determinants of Spanish Students Low Performance in Reading Comprehension in PISA_english,2026,PISA,reading,Grade repetition (secondary),PRIOR_ACHIEVEMENT,prior_achievement,accuracy,0.86,negative,"Low reading comprehension (dichotomized; 1=low, 0=medium/high)",student,1.0,34411.0,False,True,medium
10.6018/rie.650791,Determinants of Spanish Students Low Performance in Reading Comprehension in PISA_english,2026,PISA,reading,Supplementary language lessons,AGE_GRADE,other,accuracy,0.86,positive,"Low reading comprehension (dichotomized; 1=low, 0=medium/high)",student,1.0,34411.0,False,True,medium
10.6018/rie.650791,Determinants of Spanish Students Low Performance in Reading Comprehension in PISA_english,2026,PISA,reading,Verify summary facts,OTHER,student_behavior,accuracy,0.86,positive,"Low reading comprehension (dichotomized; 1=low, 0=medium/high)",student,1.0,34411.0,False,True,medium
10.14507/epaa.30.7245,Validating School-based Measures of Educational Disadvantage in Ireland,0,PISA,reading,Student ESCS,SES_COMPOSITE,SES,standardized_beta,19.68,positive,reading achievement,student,1.0,5577.0,True,True,high
10.14507/epaa.30.7245,Validating School-based Measures of Educational Disadvantage in Ireland,0,PISA,reading,School-average ESCS,SES_COMPOSITE,SES,standardized_beta,21.8,positive,reading achievement,school,1.0,5577.0,True,True,high
10.14507/epaa.30.7245,Validating School-based Measures of Educational Disadvantage in Ireland,0,PISA,reading,Fee-waiver percentage,AGE_GRADE,SES,R2,0.6882,negative,reading achievement,school,1.0,5577.0,True,True,high
10.14507/epaa.30.7245,Validating School-based Measures of Educational Disadvantage in Ireland,0,PISA,reading,School-average HP score,AGE_GRADE,SES,standardized_beta,25.13,positive,reading achievement,school,1.0,5577.0,True,True,high
10.1080/02188791.2024.2398120,English digital reading achievement for East Asian students: identifying the key predictors using a machine learning approach,2024,PISA,reading,Socioeconomic status (SES),SES_COMPOSITE,SES,R2,0.703,positive,English digital reading achievement,student,3.0,7703.0,,False,medium
10.1080/02188791.2024.2398120,English digital reading achievement for East Asian students: identifying the key predictors using a machine learning approach,2024,PISA,reading,ICT use during lessons,ICT_ACCESS,ICT,other,,positive,English digital reading achievement,student,3.0,7703.0,,False,medium
10.1080/02188791.2024.2398120,English digital reading achievement for East Asian students: identifying the key predictors using a machine learning approach,2024,PISA,reading,Interest in ICT,MOTIVATION,ICT,other,,positive,English digital reading achievement,student,3.0,7703.0,,False,medium
10.1080/02188791.2024.2398120,English digital reading achievement for East Asian students: identifying the key predictors using a machine learning approach,2024,PISA,reading,Home language,AGE_GRADE,other,other,,positive,English digital reading achievement,student,3.0,7703.0,,False,medium
10.1080/02188791.2024.2398120,English digital reading achievement for East Asian students: identifying the key predictors using a machine learning approach,2024,PISA,reading,Language exposure from best friends,AGE_GRADE,other,other,,positive,English digital reading achievement,student,3.0,7703.0,,False,medium
10.1016/j.isci.2024.110848,Identifying key factors of reading achievement: A machine learning approach,2024,PISA,reading,Meta-cognition: assess credibility,SES_COMPOSITE,motivation,other,,positive,Reading achievement (PV1READ),student,1.0,12058.0,False,False,medium
10.1016/j.isci.2024.110848,Identifying key factors of reading achievement: A machine learning approach,2024,PISA,reading,Meta-cognition: summarizing,OTHER,motivation,other,,positive,Reading achievement (PV1READ),student,1.0,12058.0,False,False,medium
10.1016/j.isci.2024.110848,Identifying key factors of reading achievement: A machine learning approach,2024,PISA,reading,Joy/like reading,OTHER,motivation,other,,positive,Reading achievement (PV1READ),student,1.0,12058.0,False,False,medium
10.1016/j.isci.2024.110848,Identifying key factors of reading achievement: A machine learning approach,2024,PISA,reading,Science learning time,INSTRUCTIONAL_TIME,instructional_time,other,,positive,Reading achievement (PV1READ),student,1.0,12058.0,False,False,medium
10.1016/j.isci.2024.110848,Identifying key factors of reading achievement: A machine learning approach,2024,PISA,reading,Socioeconomic and cultural status,SES_COMPOSITE,SES,other,,positive,Reading achievement (PV1READ),student,1.0,12058.0,False,False,medium
10.1207/S15327590IJHC1301_5,The role of computer game playing and reading attitudes in digital reading achievement: evidence from Hong Kong 15-year-olds,2023,PISA,reading,Computer game playing (item 1),ICT_ACCESS,ICT,standardized_beta,0.01,,Digital reading achievement (PVs),student,1.0,6037.0,True,True,high
10.1207/S15327590IJHC1301_5,The role of computer game playing and reading attitudes in digital reading achievement: evidence from Hong Kong 15-year-olds,2023,PISA,reading,Reading attitudes (item 1),OTHER,motivation,standardized_beta,-0.03,negative,Digital reading achievement (PVs),student,1.0,6037.0,True,True,high
10.1080/10564934.2023.2263443,"Socially Jetlagged and Late for School: Chronotypes, Achievement and Truancy among 15-Year-Old Stude",2023,PISA,other,Social jet lag (CHRONOSJL),PRIOR_ACHIEVEMENT,other,standardized_beta,0.0985,positive,Students' truancy (TRUANCY index),student,1.0,5451.0,True,True,high
10.1080/10564934.2023.2263443,"Socially Jetlagged and Late for School: Chronotypes, Achievement and Truancy among 15-Year-Old Stude",2023,PISA,other,PISA reading proficiency (PVREAD),OTHER,prior_achievement,standardized_beta,-0.2593,negative,Students' truancy (TRUANCY index),student,1.0,5451.0,True,True,high
10.1080/10564934.2023.2263443,"Socially Jetlagged and Late for School: Chronotypes, Achievement and Truancy among 15-Year-Old Stude",2023,PISA,other,Social jet lag (CHRONOSJL),PRIOR_ACHIEVEMENT,other,standardized_beta,0.0769,positive,Students' truancy (TRUANCY index),student,1.0,5451.0,True,True,high
10.1080/10564934.2023.2263443,"Socially Jetlagged and Late for School: Chronotypes, Achievement and Truancy among 15-Year-Old Stude",2023,PISA,other,PISA reading proficiency (PVREAD),OTHER,prior_achievement,standardized_beta,-0.1808,negative,Students' truancy (TRUANCY index),student,1.0,5451.0,True,True,high
10.1177/00207152241299093,Child poverty and academic skills at the national level: A longitudinal analysis of four waves of PISA,2024,PISA,reading,Child poverty rate,OTHER,SES,standardized_beta,-0.843,negative,Reading mean score (PISA national estimate),country,40.0,,True,,medium
10.1177/00207152241299093,Child poverty and academic skills at the national level: A longitudinal analysis of four waves of PISA,2024,PISA,reading,Child poverty rate,OTHER,SES,R2,0.118,positive,Reading mean score (PISA national estimate),country,40.0,,True,,medium
10.13042/Bordon.2024.99978,The role of metacognitive strategies for the development of digital competence in students of Compulsory...,2024,PISA,other,Metacognitive use in reading comprehension (meta_reading),OTHER,teacher_quality,standardized_beta,0.54,positive,Teaching media literacy / good Internet use (latent construct teach_prof),other,13.0,20205.0,,False,medium
10.13042/Bordon.2024.99978,The role of metacognitive strategies for the development of digital competence in students of Compulsory...,2024,PISA,other,Learning support (lea_supp),OTHER,teacher_quality,standardized_beta,0.187,positive,Teaching media literacy / good Internet use (latent construct teach_prof),other,13.0,20205.0,,False,medium
10.13042/Bordon.2024.99978,The role of metacognitive strategies for the development of digital competence in students of Compulsory...,2024,PISA,other,Metacognitive use for learning (meta_learning),OTHER,teacher_quality,standardized_beta,-0.055,,Teaching media literacy / good Internet use (latent construct teach_prof),other,13.0,20205.0,,False,medium
10.13042/Bordon.2024.99978,The role of metacognitive strategies for the development of digital competence in students of Compulsory...,2024,PISA,other,Model R²,OTHER,other,R2,0.415,positive,Teaching media literacy / good Internet use (latent construct teach_prof),other,13.0,20205.0,,False,medium
10.3390/educsci12020091,Self-Concept and Feeling of Belonging as a Predictor Variable of the Attitude towards the Study from the PISA 2018 Report,2022,PISA,other,educational self-concept,SELF_EFFICACY,motivation,r_correlation,,positive,students’ sense of belonging,student,1.0,35943.0,,False,low
10.3390/educsci12020091,Self-Concept and Feeling of Belonging as a Predictor Variable of the Attitude towards the Study from the PISA 2018 Report,2022,PISA,other,personal self-concept,SELF_EFFICACY,motivation,r_correlation,,positive,students’ sense of belonging,student,1.0,35943.0,,False,low
10.3389/fpsyg.2022.959461,Perceived teacher autonomy support for adolescents' reading achievement: The mediation roles of control-value appraisals and emotions,2022,PISA,reading,Teacher autonomy support,OTHER,teacher_quality,other,2.79,positive,Reading achievement (PV1 reading),student,1.0,12058.0,False,False,medium
10.3389/fpsyg.2022.959461,Perceived teacher autonomy support for adolescents' reading achievement: The mediation roles of control-value appraisals and emotions,2022,PISA,reading,Teacher autonomy support,OTHER,teacher_quality,other,-2.28,negative,Reading achievement (PV1 reading),student,1.0,12058.0,False,False,medium
10.3389/fpsyg.2022.959461,Perceived teacher autonomy support for adolescents' reading achievement: The mediation roles of control-value appraisals and emotions,2022,PISA,reading,Teacher autonomy support,OTHER,teacher_quality,other,1.66,positive,Reading achievement (PV1 reading),student,1.0,12058.0,False,False,medium
10.3389/fpsyg.2022.959461,Perceived teacher autonomy support for adolescents' reading achievement: The mediation roles of control-value appraisals and emotions,2022,PISA,reading,Teacher autonomy support,OTHER,teacher_quality,other,7.27,positive,Reading achievement (PV1 reading),student,1.0,12058.0,False,False,medium
10.1093/cesifo/ifad002,,2023,PISA,other,Financial education in math,OTHER,other,standardized_beta,,positive,Financial literacy (standardized administrative score),student,20.0,2018.0,True,True,high
10.1093/cesifo/ifad002,,2023,PISA,other,Mathematics benchmark level,OTHER,prior_achievement,other,,positive,Financial literacy (standardized administrative score),student,20.0,2018.0,True,True,high
10.1093/cesifo/ifad002,,2023,PISA,other,Gender,GENDER,gender,other,,positive,Financial literacy (standardized administrative score),student,20.0,2018.0,True,True,high
10.1093/cesifo/ifad002,,2023,PISA,other,Immigrant status,SES_COMPOSITE,other,other,,positive,Financial literacy (standardized administrative score),student,20.0,2018.0,True,True,high
10.1093/cesifo/ifad002,,2023,PISA,other,Socioeconomic status (tertiles),SES_COMPOSITE,SES,other,,positive,Financial literacy (standardized administrative score),student,20.0,2018.0,True,True,high
10.1108/IJCED-02-2023-0011,ijced-02-2023-0011,2024,PISA,mathematics,ESCS,SES_COMPOSITE,SES,standardized_beta,0.35,positive,student achievement,student,72.0,600000.0,,False,medium
10.1108/IJCED-02-2023-0011,ijced-02-2023-0011,2024,PISA,mathematics,SES_LOCAL,SES_COMPOSITE,SES,standardized_beta,0.42,positive,student achievement,student,72.0,600000.0,,False,medium
10.3390/ijerph19073864,"Motivational Profile, Future Expectations, and Attitudes toward Study of Secondary School Students in Spain: Results of the PISA Report 2018",2022,PISA,other,Grade repetition,PRIOR_ACHIEVEMENT,other,odds_ratio,,negative,Future expectations (5 years) categories,student,1.0,35943.0,,False,medium
10.3390/ijerph19073864,"Motivational Profile, Future Expectations, and Attitudes toward Study of Secondary School Students in Spain: Results of the PISA Report 2018",2022,PISA,other,Not interested in content,MOTIVATION,motivation,odds_ratio,,negative,Future expectations (5 years) categories,student,1.0,35943.0,,False,medium
10.3390/ijerph19073864,"Motivational Profile, Future Expectations, and Attitudes toward Study of Secondary School Students in Spain: Results of the PISA Report 2018",2022,PISA,other,Never studies,OTHER,motivation,odds_ratio,,negative,Future expectations (5 years) categories,student,1.0,35943.0,,False,medium
10.3390/ijerph19073864,"Motivational Profile, Future Expectations, and Attitudes toward Study of Secondary School Students in Spain: Results of the PISA Report 2018",2022,PISA,other,Grades importance,OTHER,motivation,odds_ratio,,positive,Future expectations (5 years) categories,student,1.0,35943.0,,False,medium
10.3390/ijerph19073864,"Motivational Profile, Future Expectations, and Attitudes toward Study of Secondary School Students in Spain: Results of the PISA Report 2018",2022,PISA,other,Subject mastery,OTHER,motivation,odds_ratio,,positive,Future expectations (5 years) categories,student,1.0,35943.0,,False,medium
10.1177/13621688251316339,Language exposure and English digital reading achievement in East Asia: Examining the role of students’ socioeconomic status,2025,PISA,reading,Socioeconomic status (ESCS),SES_COMPOSITE,SES,standardized_beta,0.313,positive,English digital reading achievement (PV1READ),student,3.0,7703.0,False,False,low
10.1177/13621688251316339,Language exposure and English digital reading achievement in East Asia: Examining the role of students’ socioeconomic status,2025,PISA,reading,Language exposure from mother,AGE_GRADE,other,standardized_beta,-0.03,negative,English digital reading achievement (PV1READ),student,3.0,7703.0,False,False,low
10.1177/13621688251316339,Language exposure and English digital reading achievement in East Asia: Examining the role of students’ socioeconomic status,2025,PISA,reading,Language exposure from siblings,AGE_GRADE,other,standardized_beta,0.12,positive,English digital reading achievement (PV1READ),student,3.0,7703.0,False,False,low
10.1177/13621688251316339,Language exposure and English digital reading achievement in East Asia: Examining the role of students’ socioeconomic status,2025,PISA,reading,Language exposure from best friends,AGE_GRADE,other,standardized_beta,0.16,positive,English digital reading achievement (PV1READ),student,3.0,7703.0,False,False,low
10.1177/13621688251316339,Language exposure and English digital reading achievement in East Asia: Examining the role of students’ socioeconomic status,2025,PISA,reading,Language exposure from schoolmates,AGE_GRADE,other,standardized_beta,0.08,positive,English digital reading achievement (PV1READ),student,3.0,7703.0,False,False,low
10.3390/math8101660,The Protective Factor of Resilience in the Face of Mathematical Anxiety,2020,other,mathematics,Self-determination index (SDI),OTHER,motivation,standardized_beta,0.48,positive,academic performance,student,1.0,1742.0,,False,medium
10.3390/math8101660,The Protective Factor of Resilience in the Face of Mathematical Anxiety,2020,other,mathematics,Metacognitive strategies,OTHER,other,standardized_beta,0.55,positive,academic performance,student,1.0,1742.0,,False,medium
10.1007/s10639-021-10848-x,"ICT, learning environment and student characteristics as potential cross-country predictors of academic achievement",2022,PISA,other,Average class size,SCHOOL_RESOURCES,school_resources,standardized_beta,-0.25,negative,country-level mean test scores,country,41.0,,False,False,medium
10.1007/s10639-021-10848-x,"ICT, learning environment and student characteristics as potential cross-country predictors of academic achievement",2022,PISA,other,Private school enrollment share,OTHER,school_resources,standardized_beta,0.15,positive,country-level mean test scores,country,41.0,,False,False,medium
10.1007/s10639-021-10848-x,"ICT, learning environment and student characteristics as potential cross-country predictors of academic achievement",2022,PISA,other,Internet time at home (weekend),OTHER,ICT,standardized_beta,-0.1,negative,country-level mean test scores,country,41.0,,False,False,medium
10.1007/s10639-021-10848-x,"ICT, learning environment and student characteristics as potential cross-country predictors of academic achievement",2022,PISA,other,Sense of belonging at school,BELONGING,belonging,standardized_beta,0.2,positive,country-level mean test scores,country,41.0,,False,False,medium
10.1007/s10639-021-10848-x,"ICT, learning environment and student characteristics as potential cross-country predictors of academic achievement",2022,PISA,other,Disciplinary climate,SCHOOL_CLIMATE,school_climate,standardized_beta,0.3,positive,country-level mean test scores,country,41.0,,False,False,medium
10.1007/s10639-022-11067-8,Does ICT involvement really matter? An investigation of Turkey’s case in PISA 2018,2022,PISA,mathematics,Socioeconomic status (ESCS),SES_COMPOSITE,SES,standardized_beta,0.34,positive,Math achievement (Plausible Values),student,1.0,6101.0,True,True,high
10.1007/s10639-022-11067-8,Does ICT involvement really matter? An investigation of Turkey’s case in PISA 2018,2022,PISA,mathematics,ICT availability at home,ICT_ACCESS,ICT,standardized_beta,-0.1,negative,Math achievement (Plausible Values),student,1.0,6101.0,True,True,high
10.1007/s10639-022-11067-8,Does ICT involvement really matter? An investigation of Turkey’s case in PISA 2018,2022,PISA,mathematics,Subject-related ICT use in lessons,ICT_ACCESS,ICT,standardized_beta,0.18,positive,Math achievement (Plausible Values),student,1.0,6101.0,True,True,high
10.1007/s10639-022-11067-8,Does ICT involvement really matter? An investigation of Turkey’s case in PISA 2018,2022,PISA,mathematics,ICT use at school (general),ICT_ACCESS,ICT,standardized_beta,-0.15,negative,Math achievement (Plausible Values),student,1.0,6101.0,True,True,high
10.1007/s10639-022-11067-8,Does ICT involvement really matter? An investigation of Turkey’s case in PISA 2018,2022,PISA,mathematics,Perceived ICT competence,ICT_ACCESS,ICT,standardized_beta,0.11,positive,Math achievement (Plausible Values),student,1.0,6101.0,True,True,high
10.1007/s10639-022-11067-8,Does ICT involvement really matter? An investigation of Turkey’s case in PISA 2018,2022,PISA,science,Socioeconomic status (ESCS),SES_COMPOSITE,SES,standardized_beta,0.32,positive,Science achievement (Plausible Values),student,1.0,6101.0,True,True,high
10.1007/s10639-022-11067-8,Does ICT involvement really matter? An investigation of Turkey’s case in PISA 2018,2022,PISA,science,ICT availability at home,ICT_ACCESS,ICT,standardized_beta,-0.09,negative,Science achievement (Plausible Values),student,1.0,6101.0,True,True,high
10.1007/s10639-022-11067-8,Does ICT involvement really matter? An investigation of Turkey’s case in PISA 2018,2022,PISA,science,Subject-related ICT use in lessons,ICT_ACCESS,ICT,standardized_beta,0.2,positive,Science achievement (Plausible Values),student,1.0,6101.0,True,True,high
10.1007/s10639-022-11067-8,Does ICT involvement really matter? An investigation of Turkey’s case in PISA 2018,2022,PISA,science,ICT use at school (general),ICT_ACCESS,ICT,standardized_beta,-0.17,negative,Science achievement (Plausible Values),student,1.0,6101.0,True,True,high
10.1007/s10639-022-11067-8,Does ICT involvement really matter? An investigation of Turkey’s case in PISA 2018,2022,PISA,science,Perceived ICT competence,ICT_ACCESS,ICT,standardized_beta,0.13,positive,Science achievement (Plausible Values),student,1.0,6101.0,True,True,high
10.1007/s10639-023-12388-y,Relationship between students’ ICT interactions and science achievement in PISA 2018: The case of Türkiye,2024,PISA,science,ICT availability at home,ICT_ACCESS,ICT,standardized_beta,0.087,positive,Science achievement (Plausible Values),student,1.0,6890.0,True,True,high
10.1007/s10639-023-12388-y,Relationship between students’ ICT interactions and science achievement in PISA 2018: The case of Türkiye,2024,PISA,science,Subject-related ICT use,ICT_ACCESS,ICT,standardized_beta,0.189,positive,Science achievement (Plausible Values),student,1.0,6890.0,True,True,high
10.1007/s10639-023-12388-y,Relationship between students’ ICT interactions and science achievement in PISA 2018: The case of Türkiye,2024,PISA,science,ICT use for leisure,ICT_ACCESS,ICT,standardized_beta,0.158,positive,Science achievement (Plausible Values),student,1.0,6890.0,True,True,high
10.1007/s10639-023-12388-y,Relationship between students’ ICT interactions and science achievement in PISA 2018: The case of Türkiye,2024,PISA,science,ICT use for schoolwork,ICT_ACCESS,ICT,standardized_beta,0.151,positive,Science achievement (Plausible Values),student,1.0,6890.0,True,True,high
10.1007/s10639-023-12388-y,Relationship between students’ ICT interactions and science achievement in PISA 2018: The case of Türkiye,2024,PISA,science,ICT use for school activities,ICT_ACCESS,ICT,standardized_beta,0.22,positive,Science achievement (Plausible Values),student,1.0,6890.0,True,True,high
10.1007/s10639-023-12388-y,Relationship between students’ ICT interactions and science achievement in PISA 2018: The case of Türkiye,2024,PISA,science,Interest in ICT,MOTIVATION,motivation,standardized_beta,0.092,positive,Science achievement (Plausible Values),student,1.0,6890.0,True,True,high
10.1007/s10639-023-12388-y,Relationship between students’ ICT interactions and science achievement in PISA 2018: The case of Türkiye,2024,PISA,science,Perceived ICT competence,ICT_ACCESS,motivation,standardized_beta,0.08,positive,Science achievement (Plausible Values),student,1.0,6890.0,True,True,high
10.1007/s10639-023-12388-y,Relationship between students’ ICT interactions and science achievement in PISA 2018: The case of Türkiye,2024,PISA,science,Perceived ICT autonomy,ICT_ACCESS,ICT,standardized_beta,0.012,,Science achievement (Plausible Values),student,1.0,6890.0,True,True,high
10.1007/s10639-023-12388-y,Relationship between students’ ICT interactions and science achievement in PISA 2018: The case of Türkiye,2024,PISA,science,ICT availability at school,ICT_ACCESS,ICT,standardized_beta,0.003,,Science achievement (Plausible Values),student,1.0,6890.0,True,True,high
10.1007/s10639-023-12388-y,Relationship between students’ ICT interactions and science achievement in PISA 2018: The case of Türkiye,2024,PISA,science,Overall model,OTHER,other,R2,0.165,positive,Science achievement (Plausible Values),student,1.0,6890.0,True,True,high
10.1007/s11145-022-10357-4,PISA reading achievement: identifying predictors and examining model generalizability for multilingual students,2023,PISA,reading,Test effort,OTHER,motivation,standardized_beta,,positive,"Reading achievement (Plausible Values, PVs)",student,1.0,4838.0,True,True,high
10.1007/s11145-022-10357-4,PISA reading achievement: identifying predictors and examining model generalizability for multilingual students,2023,PISA,reading,ISCED educational level,OTHER,parental_education,standardized_beta,,positive,"Reading achievement (Plausible Values, PVs)",student,1.0,4838.0,True,True,high
10.1007/s11145-022-10357-4,PISA reading achievement: identifying predictors and examining model generalizability for multilingual students,2023,PISA,reading,Grade repetition,PRIOR_ACHIEVEMENT,other,standardized_beta,-0.07,negative,"Reading achievement (Plausible Values, PVs)",student,1.0,4838.0,True,True,high
10.1007/s11145-022-10357-4,PISA reading achievement: identifying predictors and examining model generalizability for multilingual students,2023,PISA,reading,Books at home,HOME_RESOURCES,SES,standardized_beta,,positive,"Reading achievement (Plausible Values, PVs)",student,1.0,4838.0,True,True,high
10.1007/s11145-022-10357-4,PISA reading achievement: identifying predictors and examining model generalizability for multilingual students,2023,PISA,reading,Reading self-efficacy,SELF_EFFICACY,self_efficacy,standardized_beta,,positive,"Reading achievement (Plausible Values, PVs)",student,1.0,4838.0,True,True,high
10.1007/s11145-022-10357-4,PISA reading achievement: identifying predictors and examining model generalizability for multilingual students,2023,PISA,reading,Digital affordance,ICT_ACCESS,ICT,standardized_beta,,positive,"Reading achievement (Plausible Values, PVs)",student,1.0,4838.0,True,True,high
10.1007/s11145-022-10357-4,PISA reading achievement: identifying predictors and examining model generalizability for multilingual students,2023,PISA,reading,"Metacognition (understanding, remembering)",OTHER,motivation,standardized_beta,,positive,"Reading achievement (Plausible Values, PVs)",student,1.0,4838.0,True,True,high
10.1007/s11145-022-10357-4,PISA reading achievement: identifying predictors and examining model generalizability for multilingual students,2023,PISA,reading,Peer interaction,OTHER,belonging,standardized_beta,,positive,"Reading achievement (Plausible Values, PVs)",student,1.0,4838.0,True,True,high
10.1007/s11145-022-10357-4,PISA reading achievement: identifying predictors and examining model generalizability for multilingual students,2023,PISA,reading,Perceptions of instructional support,TEACHER_QUALITY,teacher_quality,standardized_beta,,positive,"Reading achievement (Plausible Values, PVs)",student,1.0,4838.0,True,True,high
10.1007/s11159-023-10026-w,Machine learning evidence from PISA 2018 data to integrate global competence intervention in UAE K–12 public schools,2023,PISA,other,Self-efficacy on global issues,SELF_EFFICACY,self_efficacy,R2,0.75,positive,"Academic performance score (mean of PVs across reading, math, science)",student,,600821.0,True,,medium
10.1007/s11159-023-10026-w,Machine learning evidence from PISA 2018 data to integrate global competence intervention in UAE K–12 public schools,2023,PISA,other,Awareness of global issues,OTHER,other,R2,0.75,positive,"Academic performance score (mean of PVs across reading, math, science)",student,,600821.0,True,,medium
10.1007/s11159-023-10026-w,Machine learning evidence from PISA 2018 data to integrate global competence intervention in UAE K–12 public schools,2023,PISA,other,Awareness of intercultural communication,OTHER,other,R2,0.75,positive,"Academic performance score (mean of PVs across reading, math, science)",student,,600821.0,True,,medium
10.1007/s11159-023-10061-7,Predicting teachers’ research reading: A machine learning approach,2023,PISA,reading,Teaching reading comprehension strategies,OTHER,teacher_quality,accuracy,,positive,Professional reading time category (light vs heavy),teacher,18.0,10469.0,,False,medium
10.1007/s11159-023-10061-7,Predicting teachers’ research reading: A machine learning approach,2023,PISA,reading,Length of reading assignment,OTHER,curriculum,accuracy,,positive,Professional reading time category (light vs heavy),teacher,18.0,10469.0,,False,medium
10.1007/s12144-025-08895-5,ICT use predicts reading literacy: a serial multiple mediation model of reading enjoyment and metacognition based on PISA 2018 data,2026,PISA,reading,ICT use for school at school,ICT_ACCESS,ICT,standardized_beta,-7.106,negative,Reading literacy (PISA 2018 score),student,1.0,5164.0,False,False,medium
10.1007/s12144-025-08895-5,ICT use predicts reading literacy: a serial multiple mediation model of reading enjoyment and metacognition based on PISA 2018 data,2026,PISA,reading,Reading enjoyment,MOTIVATION,motivation,standardized_beta,27.71,positive,Reading literacy (PISA 2018 score),student,1.0,5164.0,False,False,medium
10.1007/s12144-025-08895-5,ICT use predicts reading literacy: a serial multiple mediation model of reading enjoyment and metacognition based on PISA 2018 data,2026,PISA,reading,Reading metacognition,OTHER,other,standardized_beta,54.159,positive,Reading literacy (PISA 2018 score),student,1.0,5164.0,False,False,medium
10.1007/s12144-025-08895-5,ICT use predicts reading literacy: a serial multiple mediation model of reading enjoyment and metacognition based on PISA 2018 data,2026,PISA,reading,ICT use for schoolwork at home,ICT_ACCESS,ICT,standardized_beta,-0.865,,Reading literacy (PISA 2018 score),student,1.0,5164.0,False,False,medium
10.1007/s12144-025-08895-5,ICT use predicts reading literacy: a serial multiple mediation model of reading enjoyment and metacognition based on PISA 2018 data,2026,PISA,reading,ICT use for entertainment,ICT_ACCESS,ICT,standardized_beta,1.124,,Reading literacy (PISA 2018 score),student,1.0,5164.0,False,False,medium
10.1007/s40299-022-00652-7,A Cross-national Study of Mathematics Anxiety,2023,PISA,mathematics,Mathematics test score,OTHER,prior_achievement,r_correlation,-0.42,negative,Mathematics anxiety (M-Anxiety factor),student,5.0,17284.0,False,True,medium
10.1007/s40299-022-00652-7,A Cross-national Study of Mathematics Anxiety,2023,PISA,mathematics,Interest in mathematics,MOTIVATION,motivation,r_correlation,-0.42,negative,Mathematics anxiety (M-Anxiety factor),student,5.0,17284.0,False,True,medium
10.1007/s40299-022-00652-7,A Cross-national Study of Mathematics Anxiety,2023,PISA,mathematics,Familiarity with math terms,OTHER,motivation,r_correlation,-0.32,negative,Mathematics anxiety (M-Anxiety factor),student,5.0,17284.0,False,True,medium
10.1007/s40299-022-00652-7,A Cross-national Study of Mathematics Anxiety,2023,PISA,mathematics,Student study efforts,OTHER,motivation,standardized_beta,-0.27,negative,Mathematics anxiety (M-Anxiety factor),student,5.0,17284.0,False,True,medium
10.1007/s40299-022-00652-7,A Cross-national Study of Mathematics Anxiety,2023,PISA,mathematics,Gender,GENDER,gender,other,,negative,Mathematics anxiety (M-Anxiety factor),student,5.0,17284.0,False,True,medium
10.1186/s40536-024-00218-7,"Assessment of student ICT competence according to mathematics, science, and reading literacy: evidence from PISA 2018",2024,PISA,mathematics,ICT availability,ICT_ACCESS,ICT,standardized_beta,-0.13,negative,Mathematical literacy (PISA plausible values),student,1.0,5438.0,True,True,high
10.1186/s40536-024-00218-7,"Assessment of student ICT competence according to mathematics, science, and reading literacy: evidence from PISA 2018",2024,PISA,mathematics,Entertainment ICT use,ICT_ACCESS,ICT,standardized_beta,-0.14,negative,Mathematical literacy (PISA plausible values),student,1.0,5438.0,True,True,high
10.1186/s40536-024-00218-7,"Assessment of student ICT competence according to mathematics, science, and reading literacy: evidence from PISA 2018",2024,PISA,mathematics,ICT interest and perceived competence,MOTIVATION,ICT,standardized_beta,0.1,positive,Mathematical literacy (PISA plausible values),student,1.0,5438.0,True,True,high
10.1186/s40536-024-00218-7,"Assessment of student ICT competence according to mathematics, science, and reading literacy: evidence from PISA 2018",2024,PISA,mathematics,Educational ICT use at school,ICT_ACCESS,ICT,standardized_beta,0.1,positive,Mathematical literacy (PISA plausible values),student,1.0,5438.0,True,True,high
10.1186/s40536-024-00218-7,"Assessment of student ICT competence according to mathematics, science, and reading literacy: evidence from PISA 2018",2024,PISA,mathematics,Subject-related ICT use,ICT_ACCESS,ICT,standardized_beta,0.23,positive,Mathematical literacy (PISA plausible values),student,1.0,5438.0,True,True,high
10.1186/s40536-024-00218-7,"Assessment of student ICT competence according to mathematics, science, and reading literacy: evidence from PISA 2018",2024,PISA,science,ICT availability,ICT_ACCESS,ICT,standardized_beta,-0.14,negative,Science literacy (PISA plausible values),student,1.0,5438.0,True,True,high
10.1186/s40536-024-00218-7,"Assessment of student ICT competence according to mathematics, science, and reading literacy: evidence from PISA 2018",2024,PISA,science,Entertainment ICT use,ICT_ACCESS,ICT,standardized_beta,-0.08,negative,Science literacy (PISA plausible values),student,1.0,5438.0,True,True,high
10.1186/s40536-024-00218-7,"Assessment of student ICT competence according to mathematics, science, and reading literacy: evidence from PISA 2018",2024,PISA,science,ICT interest and perceived competence,MOTIVATION,ICT,standardized_beta,0.11,positive,Science literacy (PISA plausible values),student,1.0,5438.0,True,True,high
10.1186/s40536-024-00218-7,"Assessment of student ICT competence according to mathematics, science, and reading literacy: evidence from PISA 2018",2024,PISA,science,Educational ICT use at school,ICT_ACCESS,ICT,standardized_beta,0.1,positive,Science literacy (PISA plausible values),student,1.0,5438.0,True,True,high
10.1186/s40536-024-00218-7,"Assessment of student ICT competence according to mathematics, science, and reading literacy: evidence from PISA 2018",2024,PISA,science,Subject-related ICT use,ICT_ACCESS,ICT,standardized_beta,0.23,positive,Science literacy (PISA plausible values),student,1.0,5438.0,True,True,high
10.1186/s40536-024-00218-7,"Assessment of student ICT competence according to mathematics, science, and reading literacy: evidence from PISA 2018",2024,PISA,reading,ICT availability,ICT_ACCESS,ICT,standardized_beta,-0.15,negative,Reading literacy (PISA plausible values),student,1.0,5438.0,True,True,high
10.1186/s40536-024-00218-7,"Assessment of student ICT competence according to mathematics, science, and reading literacy: evidence from PISA 2018",2024,PISA,reading,Entertainment ICT use,ICT_ACCESS,ICT,standardized_beta,-0.13,negative,Reading literacy (PISA plausible values),student,1.0,5438.0,True,True,high
10.1186/s40536-024-00218-7,"Assessment of student ICT competence according to mathematics, science, and reading literacy: evidence from PISA 2018",2024,PISA,reading,ICT interest and perceived competence,MOTIVATION,ICT,standardized_beta,0.16,positive,Reading literacy (PISA plausible values),student,1.0,5438.0,True,True,high
10.1186/s40536-024-00218-7,"Assessment of student ICT competence according to mathematics, science, and reading literacy: evidence from PISA 2018",2024,PISA,reading,Educational ICT use at school,ICT_ACCESS,ICT,standardized_beta,0.09,positive,Reading literacy (PISA plausible values),student,1.0,5438.0,True,True,high
10.1186/s40536-024-00218-7,"Assessment of student ICT competence according to mathematics, science, and reading literacy: evidence from PISA 2018",2024,PISA,reading,Subject-related ICT use,ICT_ACCESS,ICT,standardized_beta,0.16,positive,Reading literacy (PISA plausible values),student,1.0,5438.0,True,True,high
10.3390/su142315998,Teachers’ Frequency of ICT Use in Providing Sustainable Opportunity to Learn: Mediation Analysis Using aReading Database,2022,PISA,reading,ICT use frequency in classrooms,ICT_ACCESS,ICT,standardized_beta,0.22,positive,Frequency of providing opportunities to learn in reading comprehension (TCOTLCOMP),teacher,3.0,,False,False,medium
10.3390/su142315998,Teachers’ Frequency of ICT Use in Providing Sustainable Opportunity to Learn: Mediation Analysis Using aReading Database,2022,PISA,reading,ICT use frequency in classrooms,ICT_ACCESS,ICT,standardized_beta,0.36,positive,Frequency of providing opportunities to learn in reading comprehension (TCOTLCOMP),teacher,3.0,,False,False,medium
10.3390/su142315998,Teachers’ Frequency of ICT Use in Providing Sustainable Opportunity to Learn: Mediation Analysis Using aReading Database,2022,PISA,reading,Teacher self-efficacy in instruction,SELF_EFFICACY,self_efficacy,standardized_beta,0.0475,positive,Mediation of ICT use on opportunities to learn via teacher self-efficacy (SEFFINS → TCOTLCOMP),teacher,3.0,,False,False,medium
10.3390/su142315998,Teachers’ Frequency of ICT Use in Providing Sustainable Opportunity to Learn: Mediation Analysis Using aReading Database,2022,PISA,reading,Teacher adaptive instruction,OTHER,teacher_quality,standardized_beta,0.1,positive,Mediation of ICT use on opportunities to learn via teacher adaptive instruction (ADAPTINSTR → TCOTLCOMP),teacher,3.0,,False,False,medium
10.1017/S1366728926101138,Unlocking mathematical potential through school-based language learning: Insights from PISA 2018,2026,PISA,mathematics,Foreign language learning time,INSTRUCTIONAL_TIME,instructional_time,standardized_beta,0.08,positive,Mathematics achievement (Plausible Values pv_math1–pv_math10),student,73.0,300656.0,True,False,medium
10.1017/S1366728926101138,Unlocking mathematical potential through school-based language learning: Insights from PISA 2018,2026,PISA,mathematics,Socioeconomic status (ESCS),SES_COMPOSITE,SES,R2,0.966,positive,Mathematics achievement (Plausible Values for Math Score),student,,53459.0,True,False,medium
10.1017/S1366728926101138,Unlocking mathematical potential through school-based language learning: Insights from PISA 2018,2026,PISA,mathematics,Foreign language learning time,INSTRUCTIONAL_TIME,instructional_time,R2,0.966,positive,Mathematics achievement (Plausible Values for Math Score),student,,53459.0,True,False,medium
10.1017/S1366728926101138,Unlocking mathematical potential through school-based language learning: Insights from PISA 2018,2026,PISA,mathematics,Multicultural curriculum,OTHER,other,R2,0.966,positive,Mathematics achievement (Plausible Values for Math Score),student,,53459.0,True,False,medium
10.1017/S1366728926101138,Unlocking mathematical potential through school-based language learning: Insights from PISA 2018,2026,PISA,mathematics,Mathematics learning time,INSTRUCTIONAL_TIME,instructional_time,R2,0.966,positive,Mathematics achievement (Plausible Values for Math Score),student,,53459.0,True,False,medium
10.1017/S1366728926101138,Unlocking mathematical potential through school-based language learning: Insights from PISA 2018,2026,PISA,mathematics,School size,OTHER,school_resources,R2,0.966,positive,Mathematics achievement (Plausible Values for Math Score),student,,53459.0,True,False,medium
10.1177/02103702251323477,The secret behind Singapore’s success: identifying the top predictors of student reading achievement using machine learning,2025,PISA,reading,Metacognition: assessing credibility,SES_COMPOSITE,motivation,R2,0.57,positive,Reading achievement (PISA reading literacy; first plausible value),student,1.0,6676.0,False,False,medium
10.1177/02103702251323477,The secret behind Singapore’s success: identifying the top predictors of student reading achievement using machine learning,2025,PISA,reading,Perceived reading difficulty,OTHER,motivation,R2,0.57,negative,Reading achievement (PISA reading literacy; first plausible value),student,1.0,6676.0,False,False,medium
10.1177/02103702251323477,The secret behind Singapore’s success: identifying the top predictors of student reading achievement using machine learning,2025,PISA,reading,School ESCS mean,SES_COMPOSITE,SES,R2,0.57,positive,Reading achievement (PISA reading literacy; first plausible value),school,1.0,6676.0,False,False,medium
10.1177/02103702251323477,The secret behind Singapore’s success: identifying the top predictors of student reading achievement using machine learning,2025,PISA,reading,Learning time (test language),INSTRUCTIONAL_TIME,instructional_time,R2,0.57,positive,Reading achievement (PISA reading literacy; first plausible value),student,1.0,6676.0,False,False,medium
10.1177/02103702251323477,The secret behind Singapore’s success: identifying the top predictors of student reading achievement using machine learning,2025,PISA,reading,Metacognition: summarizing,OTHER,motivation,R2,0.57,positive,Reading achievement (PISA reading literacy; first plausible value),student,1.0,6676.0,False,False,medium
10.1177/07356331211070975,"The Relationships Among ICT-Related Psychological Factors, School Contextual Factors and Secondary Students’ Reading Performance: A Multilevel Analysis Across 47 Economies",2022,PISA,reading,ICT interest,MOTIVATION,ICT,standardized_beta,0.15,positive,reading performance,student,47.0,222293.0,False,False,medium
10.1177/07356331211070975,"The Relationships Among ICT-Related Psychological Factors, School Contextual Factors and Secondary Students’ Reading Performance: A Multilevel Analysis Across 47 Economies",2022,PISA,reading,ICT autonomy,ICT_ACCESS,ICT,standardized_beta,0.1,positive,reading performance,student,47.0,222293.0,False,False,medium
10.1177/07356331211070975,"The Relationships Among ICT-Related Psychological Factors, School Contextual Factors and Secondary Students’ Reading Performance: A Multilevel Analysis Across 47 Economies",2022,PISA,reading,ICT competence,ICT_ACCESS,ICT,standardized_beta,0.12,positive,reading performance,student,47.0,222293.0,False,False,medium
10.1177/07356331211070975,"The Relationships Among ICT-Related Psychological Factors, School Contextual Factors and Secondary Students’ Reading Performance: A Multilevel Analysis Across 47 Economies",2022,PISA,reading,ICT social interaction,ICT_ACCESS,ICT,standardized_beta,-0.05,negative,reading performance,student,47.0,222293.0,False,False,medium
10.1177/07356331211070975,"The Relationships Among ICT-Related Psychological Factors, School Contextual Factors and Secondary Students’ Reading Performance: A Multilevel Analysis Across 47 Economies",2022,PISA,reading,School ICT device availability,ICT_ACCESS,ICT,standardized_beta,0.08,positive,reading performance,school,47.0,222293.0,False,False,medium
10.1016/j.actpsy.2025.105817,How to breakthrough disparities in scientific literacy of different family background: The mediating role of self-directed learning efficacy and the moderating role of family support,2025,PISA,science,Family background (ESCS),SES_COMPOSITE,SES,standardized_beta,0.211,positive,Scientific literacy (PVSCIE1),student,6.0,34968.0,True,,medium
10.1016/j.actpsy.2025.105817,How to breakthrough disparities in scientific literacy of different family background: The mediating role of self-directed learning efficacy and the moderating role of family support,2025,PISA,science,SDL efficacy,OTHER,self_efficacy,standardized_beta,0.144,positive,Scientific literacy (PVSCIE1),student,6.0,34968.0,True,,medium
10.1016/j.actpsy.2025.105817,How to breakthrough disparities in scientific literacy of different family background: The mediating role of self-directed learning efficacy and the moderating role of family support,2025,PISA,other,Family background (ESCS),SES_COMPOSITE,SES,standardized_beta,0.164,positive,SDL efficacy (ST355),student,6.0,34968.0,True,,medium
10.1016/j.actpsy.2025.105817,How to breakthrough disparities in scientific literacy of different family background: The mediating role of self-directed learning efficacy and the moderating role of family support,2025,PISA,other,Family support,OTHER,SES,standardized_beta,0.033,positive,SDL efficacy (ST355),student,6.0,34968.0,True,,medium
10.21031/epod.1782727,"On iki Sözcüğü Geçmeyen Başlık 16 Punto İlk Harfleri Büyük, Ortalı ve Kalın Yazınız",0,PISA,mathematics,Socioeconomic status (ESCS),SES_COMPOSITE,SES,R2,0.319,positive,Mathematical literacy (PVORT),student,1.0,6779.0,False,False,medium
10.21031/epod.1782727,"On iki Sözcüğü Geçmeyen Başlık 16 Punto İlk Harfleri Büyük, Ortalı ve Kalın Yazınız",0,PISA,mathematics,Mathematics self-efficacy,SELF_EFFICACY,self_efficacy,R2,0.319,positive,Mathematical literacy (PVORT),student,1.0,6779.0,False,False,medium
10.21031/epod.1782727,"On iki Sözcüğü Geçmeyen Başlık 16 Punto İlk Harfleri Büyük, Ortalı ve Kalın Yazınız",0,PISA,mathematics,Disciplinary climate,SCHOOL_CLIMATE,school_climate,R2,0.319,positive,Mathematical literacy (PVORT),student,1.0,6779.0,False,False,medium
10.21031/epod.1782727,"On iki Sözcüğü Geçmeyen Başlık 16 Punto İlk Harfleri Büyük, Ortalı ve Kalın Yazınız",0,PISA,mathematics,Mathematics anxiety,ANXIETY,anxiety,R2,0.319,negative,Mathematical literacy (PVORT),student,1.0,6779.0,False,False,medium
10.21031/epod.1782727,"On iki Sözcüğü Geçmeyen Başlık 16 Punto İlk Harfleri Büyük, Ortalı ve Kalın Yazınız",0,PISA,mathematics,Teacher support,TEACHER_QUALITY,teacher_quality,R2,0.319,positive,Mathematical literacy (PVORT),student,1.0,6779.0,False,False,medium
10.1787/765ee8c2-en,"PISA 2022 Results (Volume III): Creative Minds, Creative Schools",2024,PISA,mathematics,students’ reported technology use,ICT_ACCESS,ICT,other,,mixed,mathematics performance,student,81.0,700000.0,,,low
10.1787/765ee8c2-en,"PISA 2022 Results (Volume III): Creative Minds, Creative Schools",2024,PISA,mathematics,teacher support,TEACHER_QUALITY,teacher_quality,other,,mixed,mathematics performance,student,81.0,700000.0,,,low
10.1787/765ee8c2-en,"PISA 2022 Results (Volume III): Creative Minds, Creative Schools",2024,PISA,mathematics,parental engagement,AGE_GRADE,SES,other,,mixed,mathematics performance,student,81.0,700000.0,,,low
10.1080/15305058.2025.2609068,An IRTree approach to investigating examinee-level predictors of disengagement on the PISA,2026,PISA,science,Gender,GENDER,gender,other,,positive,Disengagement (rapid guessing indicator; latent disengagement),student,1.0,2201.0,,False,medium
10.1080/15305058.2025.2609068,An IRTree approach to investigating examinee-level predictors of disengagement on the PISA,2026,PISA,science,International grade (IG),AGE_GRADE,other,other,,positive,Disengagement (rapid guessing indicator; latent disengagement),student,1.0,2201.0,,False,medium
10.1080/15305058.2025.2609068,An IRTree approach to investigating examinee-level predictors of disengagement on the PISA,2026,PISA,science,Language background,AGE_GRADE,other,other,,positive,Disengagement (rapid guessing indicator; latent disengagement),student,1.0,2201.0,,False,medium
10.1080/15305058.2025.2609068,An IRTree approach to investigating examinee-level predictors of disengagement on the PISA,2026,PISA,science,Socioeconomic status (ESCS),SES_COMPOSITE,SES,other,,,Disengagement (rapid guessing indicator; latent disengagement),student,1.0,2201.0,,False,medium
10.1080/15305058.2025.2609068,An IRTree approach to investigating examinee-level predictors of disengagement on the PISA,2026,PISA,science,Sense of belonging,BELONGING,belonging,other,,,Disengagement (rapid guessing indicator; latent disengagement),student,1.0,2201.0,,False,medium
10.1080/15305058.2025.2609068,An IRTree approach to investigating examinee-level predictors of disengagement on the PISA,2026,PISA,science,Socioeconomic status (ESCS),SES_COMPOSITE,SES,r_correlation,-0.5223,negative,Latent correlation between science ability and disengagement,student,1.0,2201.0,,False,medium
10.1080/15305058.2025.2609068,An IRTree approach to investigating examinee-level predictors of disengagement on the PISA,2026,PISA,science,Growth mindset,OTHER,motivation,r_correlation,-0.5223,negative,Latent correlation between science ability and disengagement,student,1.0,2201.0,,False,medium
10.1080/15305058.2025.2609068,An IRTree approach to investigating examinee-level predictors of disengagement on the PISA,2026,PISA,science,Being bullied,OTHER,other,r_correlation,-0.5223,negative,Latent correlation between science ability and disengagement,student,1.0,2201.0,,False,medium
10.1080/15305058.2025.2609068,An IRTree approach to investigating examinee-level predictors of disengagement on the PISA,2026,PISA,science,Educational expectations,OTHER,motivation,r_correlation,-0.5223,negative,Latent correlation between science ability and disengagement,student,1.0,2201.0,,False,medium
10.1080/15305058.2025.2609068,An IRTree approach to investigating examinee-level predictors of disengagement on the PISA,2026,PISA,science,Family support,OTHER,SES,r_correlation,-0.5223,negative,Latent correlation between science ability and disengagement,student,1.0,2201.0,,False,medium
10.1111/bjep.70066,Revisiting educational assumptions: The surprising negative link between creative extracurricular activities and creative thinking in PISA 2022,2026,PISA,other,Creative activities (inside school),OTHER,other,r_correlation,-0.25,negative,Creative thinking performance (PVs),student,,230951.0,True,True,high
10.1111/bjep.70066,Revisiting educational assumptions: The surprising negative link between creative extracurricular activities and creative thinking in PISA 2022,2026,PISA,other,Creative activities (outside school),OTHER,other,r_correlation,-0.32,negative,Creative thinking performance (PVs),student,,230951.0,True,True,high
10.1111/bjep.70066,Revisiting educational assumptions: The surprising negative link between creative extracurricular activities and creative thinking in PISA 2022,2026,PISA,other,Creative activities (inside school),OTHER,other,standardized_beta,-0.06,negative,Creative thinking performance (PVs),student,,230951.0,True,True,high
10.1111/bjep.70066,Revisiting educational assumptions: The surprising negative link between creative extracurricular activities and creative thinking in PISA 2022,2026,PISA,other,Creative activities (outside school),OTHER,other,standardized_beta,-0.27,negative,Creative thinking performance (PVs),student,,230951.0,True,True,high
10.1111/bjep.70066,Revisiting educational assumptions: The surprising negative link between creative extracurricular activities and creative thinking in PISA 2022,2026,PISA,other,Creative activities (outside school) × Openness to intellect,OTHER,other,standardized_beta,0.03,positive,Creative thinking performance (PVs),student,,230951.0,True,True,high
10.1111/bjep.70066,Revisiting educational assumptions: The surprising negative link between creative extracurricular activities and creative thinking in PISA 2022,2026,PISA,other,Creative activities (outside school) × Creative self-efficacy,SELF_EFFICACY,other,standardized_beta,0.04,positive,Creative thinking performance (PVs),student,,230951.0,True,True,high
10.1111/bjep.70066,Revisiting educational assumptions: The surprising negative link between creative extracurricular activities and creative thinking in PISA 2022,2026,PISA,other,Creative activities (inside school) × Feeling safe at school,OTHER,other,standardized_beta,0.01,positive,Creative thinking performance (PVs),student,,230951.0,True,True,high
10.1111/bjep.70066,Revisiting educational assumptions: The surprising negative link between creative extracurricular activities and creative thinking in PISA 2022,2026,PISA,other,Creative activities (inside school) and Creative activities (outside school),OTHER,other,R2,0.27,positive,Creative thinking performance (PVs),student,,230951.0,True,True,high
10.1111/ejed.70519,Self-­Regulated Learning in K-­12 School Contexts Shaping Math Achievement: The Influence of Self-­Regulated Learning on East Asian Students in PISA 2022,2026,PISA,mathematics,Learning control & self-monitoring,OTHER,motivation,other,,negative,Mathematics achievement (Plausible Values; quantile regression at 25th and 75th percentiles),student,6.0,,True,True,medium
10.1111/ejed.70519,Self-­Regulated Learning in K-­12 School Contexts Shaping Math Achievement: The Influence of Self-­Regulated Learning on East Asian Students in PISA 2022,2026,PISA,mathematics,Proactive learning behaviour,OTHER,motivation,other,,positive,Mathematics achievement (Plausible Values; quantile regression at 25th and 75th percentiles),student,6.0,,True,True,medium
10.1111/ejed.70519,Self-­Regulated Learning in K-­12 School Contexts Shaping Math Achievement: The Influence of Self-­Regulated Learning on East Asian Students in PISA 2022,2026,PISA,mathematics,Socioeconomic status (ESCS),SES_COMPOSITE,SES,other,,mixed,Mathematics achievement (Plausible Values; quantile regression at 25th and 75th percentiles),student,6.0,,True,True,medium
10.1111/jedm.70034,What about Tests Make Students Switch Off? Item‐Level Predictors of Disengagement on the PISA,2026,PISA,science,Depth of knowledge (low),OTHER,other,odds_ratio,,negative,Rapid guessing (disengagement) probability (Stage 1 outcome RG),student,1.0,2201.0,,False,medium
10.1111/jedm.70034,What about Tests Make Students Switch Off? Item‐Level Predictors of Disengagement on the PISA,2026,PISA,science,Depth of knowledge (medium),OTHER,other,odds_ratio,,negative,Rapid guessing (disengagement) probability (Stage 1 outcome RG),student,1.0,2201.0,,False,medium
10.1111/jedm.70034,What about Tests Make Students Switch Off? Item‐Level Predictors of Disengagement on the PISA,2026,PISA,science,Stimulus type (interactive),OTHER,other,odds_ratio,,negative,Rapid guessing (disengagement) probability (Stage 1 outcome RG),student,1.0,2201.0,,False,medium
10.1111/jedm.70034,What about Tests Make Students Switch Off? Item‐Level Predictors of Disengagement on the PISA,2026,PISA,science,Item position in booklet,OTHER,other,odds_ratio,,positive,Rapid guessing (disengagement) probability (Stage 1 outcome RG),student,1.0,2201.0,,False,medium
10.1111/jedm.70034,What about Tests Make Students Switch Off? Item‐Level Predictors of Disengagement on the PISA,2026,PISA,science,Math cluster first,OTHER,other,odds_ratio,,negative,Rapid guessing (disengagement) probability (Stage 1 outcome RG),student,1.0,2201.0,,False,medium
10.1002/jocb.70052,Home or School? The Impact of Social Environmental Factors in the Creativity Performance of Primary Education Children,2025,other,other,Educational center (school dummies),OTHER,school_climate,R2,0.038,positive,Children’s creativity percentile score,school,1.0,1052.0,,False,medium
10.1002/jocb.70052,Home or School? The Impact of Social Environmental Factors in the Creativity Performance of Primary Education Children,2025,other,other,Teacher environmental encouragement,AGE_GRADE,teacher_quality,standardized_beta,0.124,,Children’s creativity percentile score,school,1.0,1052.0,,False,medium
10.1002/jocb.70052,Home or School? The Impact of Social Environmental Factors in the Creativity Performance of Primary Education Children,2025,other,other,Home novelty & variety encouragement,AGE_GRADE,other,r_correlation,-0.068,negative,Children’s creativity percentile score,student,1.0,1052.0,,False,medium
10.1002/jocb.70052,Home or School? The Impact of Social Environmental Factors in the Creativity Performance of Primary Education Children,2025,other,other,Home nonconformism encouragement,AGE_GRADE,other,r_correlation,-0.124,negative,Children’s creativity percentile score,student,1.0,1052.0,,False,medium
10.1002/jocb.70052,Home or School? The Impact of Social Environmental Factors in the Creativity Performance of Primary Education Children,2025,other,other,Home perseverance in creative efforts,OTHER,other,r_correlation,-0.03,,Children’s creativity percentile score,student,1.0,1052.0,,False,medium
10.1002/jocb.70052,Home or School? The Impact of Social Environmental Factors in the Creativity Performance of Primary Education Children,2025,other,other,Home encouragement to fantasize,AGE_GRADE,other,r_correlation,-0.016,,Children’s creativity percentile score,student,1.0,1052.0,,False,medium
10.1080/15391523.2025.2590011,Noncognitive predictors of mathematics achievement: a machine learning approach using large-scale ed,2025,PISA,mathematics,Mathematics self-efficacy,SELF_EFFICACY,self_efficacy,AUC,0.78,positive,Mathematics achievement class (MS2_LEVLow vs MS2_LEVHigh),student,71.0,216458.0,False,False,medium
10.1080/15391523.2025.2590011,Noncognitive predictors of mathematics achievement: a machine learning approach using large-scale ed,2025,PISA,mathematics,Home possessions,SES_COMPOSITE,SES/home_resources,AUC,0.78,positive,Mathematics achievement class (MS2_LEVLow vs MS2_LEVHigh),student,71.0,216458.0,False,False,medium
10.1080/15391523.2025.2590011,Noncognitive predictors of mathematics achievement: a machine learning approach using large-scale ed,2025,PISA,mathematics,Socioeconomic status (ESCS),SES_COMPOSITE,SES,AUC,0.78,positive,Mathematics achievement class (MS2_LEVLow vs MS2_LEVHigh),student,71.0,216458.0,False,False,medium
10.24270/tuuom.2025.34.3,TRÚ NEMENDA Á EIGIN GETU OG FRAMMISTAÐA Í STÆRÐFRÆÐILÆSI PISA 2022,2025,PISA,mathematics,Socioeconomic status (ESCS),SES_COMPOSITE,SES,standardized_beta,0.31,positive,Mathematics literacy performance (PISA 2022 score),student,1.0,3364.0,True,False,medium
10.24270/tuuom.2025.34.3,TRÚ NEMENDA Á EIGIN GETU OG FRAMMISTAÐA Í STÆRÐFRÆÐILÆSI PISA 2022,2025,PISA,mathematics,Gender,GENDER,gender,standardized_beta,0.03,,Mathematics literacy performance (PISA 2022 score),student,1.0,3364.0,True,False,medium
10.24270/tuuom.2025.34.3,TRÚ NEMENDA Á EIGIN GETU OG FRAMMISTAÐA Í STÆRÐFRÆÐILÆSI PISA 2022,2025,PISA,mathematics,Mathematics self-efficacy,SELF_EFFICACY,self_efficacy,standardized_beta,0.34,positive,Mathematics literacy performance (PISA 2022 score),student,1.0,3364.0,True,False,medium
10.24270/tuuom.2025.34.3,TRÚ NEMENDA Á EIGIN GETU OG FRAMMISTAÐA Í STÆRÐFRÆÐILÆSI PISA 2022,2025,PISA,mathematics,Mathematics anxiety,ANXIETY,anxiety,standardized_beta,-0.12,negative,Mathematics literacy performance (PISA 2022 score),student,1.0,3364.0,True,False,medium
10.24270/tuuom.2025.34.3,TRÚ NEMENDA Á EIGIN GETU OG FRAMMISTAÐA Í STÆRÐFRÆÐILÆSI PISA 2022,2025,PISA,mathematics,Teacher support,TEACHER_QUALITY,teacher_quality,standardized_beta,0.11,positive,Mathematics literacy performance (PISA 2022 score),student,1.0,3364.0,True,False,medium
10.24270/tuuom.2025.34.3,TRÚ NEMENDA Á EIGIN GETU OG FRAMMISTAÐA Í STÆRÐFRÆÐILÆSI PISA 2022,2025,PISA,mathematics,Model 4,OTHER,other,R2,0.27,positive,Mathematics literacy performance (PISA 2022 score),student,1.0,3364.0,True,False,medium
10.5209/rced.86027,Generación de metáforas creativas y percepción de la creatividad de los futuros docentes,2024,other,other,Gender,GENDER,gender,other,-0.54,negative,"Perception of creativity (global, Likert)",student,1.0,438.0,,False,low
10.5209/rced.86027,Generación de metáforas creativas y percepción de la creatividad de los futuros docentes,2024,other,other,Gender,GENDER,gender,other,-0.5,negative,"Perception of creativity (literary domain, Likert)",student,1.0,438.0,,False,low
10.5209/rced.86027,Generación de metáforas creativas y percepción de la creatividad de los futuros docentes,2024,other,other,Degree track (Filology vs other),OTHER,other,other,0.25,positive,Capacity to generate creative metaphors (score),student,1.0,438.0,,False,low
10.5209/rced.86027,Generación de metáforas creativas y percepción de la creatividad de los futuros docentes,2024,other,other,Age,AGE_GRADE,other,r_correlation,0.131,positive,Capacity to generate creative metaphors (score),student,1.0,438.0,,False,low
10.5209/rced.86027,Generación de metáforas creativas y percepción de la creatividad de los futuros docentes,2024,other,other,"Perception of creativity (global, Likert)",OTHER,other,r_correlation,0.131,positive,Creative metaphor generation (number of creative metaphors),student,1.0,438.0,,False,low
10.5209/rced.86027,Generación de metáforas creativas y percepción de la creatividad de los futuros docentes,2024,other,other,"Perception of creativity (literary domain, Likert)",OTHER,other,r_correlation,0.147,positive,Creative metaphor generation (number of creative metaphors),student,1.0,438.0,,False,low
10.5209/rced.86027,Generación de metáforas creativas y percepción de la creatividad de los futuros docentes,2024,other,other,Age,AGE_GRADE,other,r_correlation,0.131,positive,Creative metaphor generation (number of creative metaphors),student,1.0,438.0,,False,low
10.3390/educsci14020153,Assessing the Linguistic Creativity Domain of Last-Year Compulsory Secondary School Students,2024,other,other,gender,GENDER,gender,other,0.11,positive,metaphor generation,student,1.0,454.0,,False,low
10.3390/educsci14020153,Assessing the Linguistic Creativity Domain of Last-Year Compulsory Secondary School Students,2024,other,other,gender,GENDER,gender,other,0.17,positive,alternate uses total,student,1.0,454.0,,False,low
10.3390/educsci14020153,Assessing the Linguistic Creativity Domain of Last-Year Compulsory Secondary School Students,2024,other,other,metaphor generation,OTHER,other,r_correlation,,positive,naming unrelated words,student,1.0,454.0,,False,low
10.3390/educsci14020153,Assessing the Linguistic Creativity Domain of Last-Year Compulsory Secondary School Students,2024,other,other,metaphor generation,OTHER,other,r_correlation,,positive,alternate uses,student,1.0,454.0,,False,low
10.3389/feduc.2024.1382541,"Scientific creativity in secondary students and its relationship with STEM-related attitudes, engagement and work intentions",2024,other,science,Gender,GENDER,gender,other,0.2,positive,Science perceptions,student,1.0,780.0,False,False,low
10.3389/feduc.2024.1382541,"Scientific creativity in secondary students and its relationship with STEM-related attitudes, engagement and work intentions",2024,other,science,Secondary education level,PARENTAL_EDUCATION,other,other,0.7,positive,Science perceptions,student,1.0,780.0,False,False,low
10.3389/feduc.2024.1382541,"Scientific creativity in secondary students and its relationship with STEM-related attitudes, engagement and work intentions",2024,other,science,Secondary education level,PARENTAL_EDUCATION,other,other,0.3,negative,Science engagement,student,1.0,780.0,False,False,low
10.3389/feduc.2024.1382541,"Scientific creativity in secondary students and its relationship with STEM-related attitudes, engagement and work intentions",2024,other,science,Gender,GENDER,gender,other,0.1,positive,Science career expectations,student,1.0,780.0,False,False,low
10.3389/feduc.2024.1382541,"Scientific creativity in secondary students and its relationship with STEM-related attitudes, engagement and work intentions",2024,other,science,Secondary education level,PARENTAL_EDUCATION,other,other,0.5,negative,Science career expectations,student,1.0,780.0,False,False,low
10.3389/feduc.2024.1382541,"Scientific creativity in secondary students and its relationship with STEM-related attitudes, engagement and work intentions",2024,other,other,Gender,GENDER,gender,other,0.1,positive,Daily scientific creativity (DSCI) total score,student,1.0,780.0,False,False,low
10.3389/feduc.2025.1694074,"The mediating role of student–teacher relationships, assertiveness, and curiosity in science achievement",2025,PISA,science,Student–teacher relationship quality,OTHER,school_climate,standardized_beta,0.052,positive,Science achievement (PVSCI),student,,690000.0,True,True,high
10.3389/feduc.2025.1694074,"The mediating role of student–teacher relationships, assertiveness, and curiosity in science achievement",2025,PISA,science,Curiosity,OTHER,motivation,standardized_beta,0.221,positive,Science achievement (PVSCI),student,,690000.0,True,True,high
10.3389/feduc.2025.1694074,"The mediating role of student–teacher relationships, assertiveness, and curiosity in science achievement",2025,PISA,science,Student–teacher relationship quality,OTHER,school_climate,r_correlation,0.137,positive,Science achievement (PVSCI),student,,690000.0,True,True,high
10.3389/feduc.2025.1694074,"The mediating role of student–teacher relationships, assertiveness, and curiosity in science achievement",2025,PISA,science,Curiosity,OTHER,motivation,r_correlation,0.24,positive,Science achievement (PVSCI),student,,690000.0,True,True,high
10.3389/feduc.2025.1694074,"The mediating role of student–teacher relationships, assertiveness, and curiosity in science achievement",2025,PISA,science,Student–teacher relationship quality → Assertiveness → Curiosity,OTHER,school_climate,other,0.014,positive,Science achievement (PVSCI),student,,690000.0,True,True,high
10.1177/07342829251333844,Exploring Validity Evidence for Mathematics Self-Concept of Adolescents: Key Findings from PISA 2022,2025,PISA,mathematics,Mathematics self-concept (relative index),SELF_EFFICACY,motivation,standardized_beta,0.08,positive,Mathematics performance (Plausible Values),student,1.0,4552.0,True,True,high
10.1186/s40594-025-00590-y,"Predicting STEM competencies with machine learning: identifying key determinants among 522,802 adolescents",2026,PISA,other,HOMEPOS,HOME_RESOURCES,SES,standardized_beta,0.15,positive,STEM competencies,student,66.0,522802.0,,False,medium
10.1186/s40594-025-00590-y,"Predicting STEM competencies with machine learning: identifying key determinants among 522,802 adolescents",2026,PISA,other,ESCS,SES_COMPOSITE,SES,standardized_beta,0.2,positive,STEM competencies,student,66.0,522802.0,,False,medium
10.1186/s40594-025-00590-y,"Predicting STEM competencies with machine learning: identifying key determinants among 522,802 adolescents",2026,PISA,other,GENDER,GENDER,gender,standardized_beta,-0.1,negative,STEM competencies,student,66.0,522802.0,,False,medium
10.1186/s40594-025-00590-y,"Predicting STEM competencies with machine learning: identifying key determinants among 522,802 adolescents",2026,PISA,other,ANXMATH,OTHER,anxiety,standardized_beta,-0.25,negative,STEM competencies,student,66.0,522802.0,,False,medium
10.1186/s40594-025-00590-y,"Predicting STEM competencies with machine learning: identifying key determinants among 522,802 adolescents",2026,PISA,other,MATHMOT,OTHER,motivation,standardized_beta,0.18,positive,STEM competencies,student,66.0,522802.0,,False,medium
10.1186/s40594-025-00590-y,"Predicting STEM competencies with machine learning: identifying key determinants among 522,802 adolescents",2026,PISA,other,MATHEF21,OTHER,self_efficacy,standardized_beta,0.22,positive,STEM competencies,student,66.0,522802.0,,False,medium
10.1007/s40647-026-00459-6,Machine-Learning Applications in Predicting Students’ Non-Cognitive Skills: Evidence from PISA 2022,2026,PISA,other,Sense of belonging (BELONG),BELONGING,belonging,other,,positive,Non-cognitive skills (equally weighted composite index),student,10.0,75217.0,,False,medium
10.1007/s40647-026-00459-6,Machine-Learning Applications in Predicting Students’ Non-Cognitive Skills: Evidence from PISA 2022,2026,PISA,other,Expected educational level (EXPECEDU),OTHER,motivation,other,,positive,Non-cognitive skills (equally weighted composite index),student,10.0,75217.0,,False,medium
10.1007/s40647-026-00459-6,Machine-Learning Applications in Predicting Students’ Non-Cognitive Skills: Evidence from PISA 2022,2026,PISA,other,Family support (FAMSUP),OTHER,SES/home_resources,other,,positive,Non-cognitive skills (equally weighted composite index),student,10.0,75217.0,,False,medium
10.1007/s40647-026-00459-6,Machine-Learning Applications in Predicting Students’ Non-Cognitive Skills: Evidence from PISA 2022,2026,PISA,other,21st century mathematics efficacy (MATHEF21),OTHER,self_efficacy,other,,positive,Non-cognitive skills (equally weighted composite index),student,10.0,75217.0,,False,medium
10.1007/s42330-025-00349-1,Decoding Singapore’s Mathematics Mastery: Student and School Predictors of PISA 2022 Performance,2025,PISA,mathematics,Disciplinary climate in math (DISCLIM),SCHOOL_CLIMATE,school_climate,standardized_beta,9.66,positive,Mathematics performance (Plausible Values; Rubin’s rules mean estimate),student,1.0,6482.0,True,True,medium
10.1007/s42330-025-00349-1,Decoding Singapore’s Mathematics Mastery: Student and School Predictors of PISA 2022 Performance,2025,PISA,mathematics,Exposure to reasoning/21st tasks (EXPO21ST),OTHER,instructional_time,standardized_beta,3.45,positive,Mathematics performance (Plausible Values; Rubin’s rules mean estimate),student,1.0,6482.0,True,True,medium
10.1007/s42330-025-00349-1,Decoding Singapore’s Mathematics Mastery: Student and School Predictors of PISA 2022 Performance,2025,PISA,mathematics,Math self-efficacy: formal/applied (MATHEFF),SELF_EFFICACY,self_efficacy,standardized_beta,28.61,positive,Mathematics performance (Plausible Values; Rubin’s rules mean estimate),student,1.0,6482.0,True,True,medium
10.1007/s42330-025-00349-1,Decoding Singapore’s Mathematics Mastery: Student and School Predictors of PISA 2022 Performance,2025,PISA,mathematics,Familiarity with math concepts (FAMCON),OTHER,motivation,standardized_beta,12.42,positive,Mathematics performance (Plausible Values; Rubin’s rules mean estimate),student,1.0,6482.0,True,True,medium
10.1007/s42330-025-00349-1,Decoding Singapore’s Mathematics Mastery: Student and School Predictors of PISA 2022 Performance,2025,PISA,mathematics,Teachers: full-time total (SC018Q01TA01),OTHER,school_resources,standardized_beta,0.25,positive,Mathematics performance (Plausible Values; Rubin’s rules mean estimate),school,1.0,6482.0,True,True,medium
10.1037/edu0000999,,2025,other,other,Nonverbal immediacy (NVI) (ML),OTHER,other,standardized_beta,0.14,positive,Socioemotional support (encouragement and warmth),student,1.0,1140.0,,False,medium
10.1037/edu0000999,,2025,other,other,Nonverbal immediacy (NVI) (ML),OTHER,other,standardized_beta,0.35,positive,Socioemotional support (encouragement and warmth),school,1.0,1140.0,,False,medium
10.1037/edu0000999,,2025,other,other,Nonverbal immediacy (NVI) (ML),OTHER,other,standardized_beta,0.43,positive,Socioemotional support (encouragement and warmth),other,1.0,1140.0,,False,medium
10.1037/edu0000999,,2025,other,other,Nonverbal immediacy (NVI) (ML),OTHER,other,standardized_beta,0.36,positive,Autonomy support,school,1.0,1140.0,,False,medium
10.1037/edu0000999,,2025,other,other,Nonverbal immediacy (NVI) (ML),OTHER,other,standardized_beta,0.25,positive,Autonomy support,student,1.0,1140.0,,False,medium
10.1111/bjep.12732,‘No words’—Machine‐learning classified nonverbal immediacy and its role in connecting teacher self‐efficacy with perceived teaching and student interest,2025,other,mathematics,Enthusiastic teaching behaviours,OTHER,teacher_quality,standardized_beta,0.29,positive,Student interest after lesson (Time 3),student,1.0,1140.0,,False,medium
10.1111/bjep.12732,‘No words’—Machine‐learning classified nonverbal immediacy and its role in connecting teacher self‐efficacy with perceived teaching and student interest,2025,other,mathematics,Prior student interest,MOTIVATION,motivation,standardized_beta,0.67,positive,Student interest after lesson (Time 3),student,1.0,1140.0,,False,medium
10.1111/bjep.12732,‘No words’—Machine‐learning classified nonverbal immediacy and its role in connecting teacher self‐efficacy with perceived teaching and student interest,2025,other,mathematics,Student interest (Time 3),MOTIVATION,motivation,standardized_beta,0.47,positive,Student interest 6 weeks later (Time 4),student,1.0,1140.0,,False,medium
10.1111/bjep.12732,‘No words’—Machine‐learning classified nonverbal immediacy and its role in connecting teacher self‐efficacy with perceived teaching and student interest,2025,other,mathematics,Enthusiastic teaching behaviours,OTHER,teacher_quality,standardized_beta,0.14,positive,Student interest 6 weeks later (Time 4),student,1.0,1140.0,,False,medium
10.3389/fpsyg.2021.626271,Investigating Mathematics Teachers’ Self-Efﬁcacy,2021,other,other,Constructivist beliefs,OTHER,teacher_quality,standardized_beta,-0.04,,Classroom climate,other,1.0,495.0,,False,medium
10.3389/fpsyg.2021.626271,Investigating Mathematics Teachers’ Self-Efﬁcacy,2021,other,other,Constructivist beliefs,OTHER,teacher_quality,standardized_beta,0.72,positive,Efficacy in classroom management,other,1.0,495.0,,False,medium
10.3389/fpsyg.2021.626271,Investigating Mathematics Teachers’ Self-Efﬁcacy,2021,other,other,Classroom climate,SCHOOL_CLIMATE,school_climate,standardized_beta,0.4,positive,Efficacy in classroom management,other,1.0,495.0,,False,medium
10.3389/fpsyg.2021.626271,Investigating Mathematics Teachers’ Self-Efﬁcacy,2021,other,other,Constructivist beliefs,OTHER,teacher_quality,standardized_beta,0.88,positive,Efficacy in instruction,other,1.0,495.0,,False,medium
10.3389/fpsyg.2021.626271,Investigating Mathematics Teachers’ Self-Efﬁcacy,2021,other,other,Classroom climate,SCHOOL_CLIMATE,school_climate,standardized_beta,0.35,positive,Efficacy in instruction,other,1.0,495.0,,False,medium
10.3389/fpsyg.2021.626271,Investigating Mathematics Teachers’ Self-Efﬁcacy,2021,other,other,Constructivist beliefs,OTHER,teacher_quality,standardized_beta,0.69,positive,Efficacy in student engagement,other,1.0,495.0,,False,medium
10.3389/fpsyg.2021.626271,Investigating Mathematics Teachers’ Self-Efﬁcacy,2021,other,other,Classroom climate,SCHOOL_CLIMATE,school_climate,standardized_beta,0.4,positive,Efficacy in student engagement,other,1.0,495.0,,False,medium
10.1177/17411432241231902,A global perspective on school leadership: Evidence from a latent class analysis on OECD TALIS data,2024,PISA,science,Gender,GENDER,gender,other,,positive,science scores,school,8.0,1215.0,,True,medium
10.1177/17411432241231902,A global perspective on school leadership: Evidence from a latent class analysis on OECD TALIS data,2024,PISA,science,Age,AGE_GRADE,other,other,,positive,science scores,school,8.0,1215.0,,True,medium
10.1177/17411432241231902,A global perspective on school leadership: Evidence from a latent class analysis on OECD TALIS data,2024,PISA,science,Education (PhD or equivalent),OTHER,teacher_quality,other,,positive,science scores,school,8.0,1215.0,,True,medium
10.1177/17411432241231902,A global perspective on school leadership: Evidence from a latent class analysis on OECD TALIS data,2024,PISA,science,Experience as principal,OTHER,teacher_quality,other,,positive,science scores,school,8.0,1215.0,,True,medium
10.1177/17411432241231902,A global perspective on school leadership: Evidence from a latent class analysis on OECD TALIS data,2024,PISA,science,Experience as teacher,OTHER,teacher_quality,other,,positive,science scores,school,8.0,1215.0,,True,medium
10.1016/j.tate.2025.105332,Building multicultural teaching self-efficacy: Key factors of secondary teachers’ confidence in diverse classrooms,2026,other,other,Preparedness for multicultural teaching,PARENTAL_EDUCATION,teacher_quality,other,,positive,Higher vs lower multicultural teaching self-efficacy (binary MTSE),other,1.0,2561.0,,False,medium
10.1016/j.tate.2025.105332,Building multicultural teaching self-efficacy: Key factors of secondary teachers’ confidence in diverse classrooms,2026,other,other,PD in multicultural teaching,OTHER,teacher_quality,other,,positive,Higher vs lower multicultural teaching self-efficacy (binary MTSE),other,1.0,2561.0,,False,medium
10.1016/j.tate.2025.105332,Building multicultural teaching self-efficacy: Key factors of secondary teachers’ confidence in diverse classrooms,2026,other,other,School diversity practices,OTHER,school_climate,other,,positive,Higher vs lower multicultural teaching self-efficacy (binary MTSE),other,1.0,2561.0,,False,medium
10.1016/j.tate.2025.105332,Building multicultural teaching self-efficacy: Key factors of secondary teachers’ confidence in diverse classrooms,2026,other,other,Minoritized race/ethnicity,OTHER,other,other,,positive,Higher vs lower multicultural teaching self-efficacy (binary MTSE),other,1.0,2561.0,,False,medium
10.1016/j.tate.2025.105332,Building multicultural teaching self-efficacy: Key factors of secondary teachers’ confidence in diverse classrooms,2026,other,other,Female gender,GENDER,gender,other,,positive,Higher vs lower multicultural teaching self-efficacy (binary MTSE),other,1.0,2561.0,,False,medium
10.1016/j.tate.2025.105332,Building multicultural teaching self-efficacy: Key factors of secondary teachers’ confidence in diverse classrooms,2026,other,other,ITE EAL/bilingual training,OTHER,teacher_quality,other,,positive,Higher vs lower multicultural teaching self-efficacy (binary MTSE),other,1.0,2561.0,,False,medium
10.1080/2331186X.2022.2153418,Comparative indices of the education quality from the opinions of teachers and principals in TALIS 2018,2022,PISA,other,TOI (teachers’ opinions),OTHER,other,r_correlation,,positive,PISA 2018 domain scores,country,48.0,,,False,low
10.1080/2331186X.2022.2153418,Comparative indices of the education quality from the opinions of teachers and principals in TALIS 2018,2022,PISA,other,POI (principals’ opinions),OTHER,other,r_correlation,,positive,PISA 2018 domain scores,country,48.0,,,False,low
10.1080/19415257.2023.2264296,Determinants of teachers’ positive perception on their professional development experience: an appli,2023,other,other,Workplace stress,ANXIETY,other,odds_ratio,,negative,Positive perception of PD experience,other,1.0,2418.0,,False,medium
10.1080/19415257.2023.2264296,Determinants of teachers’ positive perception on their professional development experience: an appli,2023,other,other,Job satisfaction (teaching),OTHER,other,odds_ratio,,positive,Positive perception of PD experience,other,1.0,2418.0,,False,medium
10.1080/19415257.2023.2264296,Determinants of teachers’ positive perception on their professional development experience: an appli,2023,other,other,Social utility motivation,MOTIVATION,other,odds_ratio,,positive,Positive perception of PD experience,other,1.0,2418.0,,False,medium
10.1080/19415257.2023.2264296,Determinants of teachers’ positive perception on their professional development experience: an appli,2023,other,other,Value and policy influence,OTHER,other,odds_ratio,,positive,Positive perception of PD experience,other,1.0,2418.0,,False,medium
10.1080/19415257.2023.2264296,Determinants of teachers’ positive perception on their professional development experience: an appli,2023,other,other,Positive impact of feedback,OTHER,other,odds_ratio,,positive,Positive perception of PD experience,other,1.0,2418.0,,False,medium
10.1080/03055698.2024.2369855,Exploring school factors related to professional learning communities: a machine learning approach using cross-national data,2025,other,other,School administrative personnel,OTHER,school_resources,R2,0.294,positive,Professional Learning Communities (PLC) level (school composite),school,42.0,,,False,medium
10.1080/03055698.2024.2369855,Exploring school factors related to professional learning communities: a machine learning approach using cross-national data,2025,other,other,Number of teachers,OTHER,school_resources,R2,0.294,positive,Professional Learning Communities (PLC) level (school composite),school,42.0,,,False,medium
10.1080/03055698.2024.2369855,Exploring school factors related to professional learning communities: a machine learning approach using cross-national data,2025,other,other,School location (rural/urban),OTHER,school_climate,R2,0.294,positive,Professional Learning Communities (PLC) level (school composite),school,42.0,,,False,medium
10.1080/03055698.2024.2369855,Exploring school factors related to professional learning communities: a machine learning approach using cross-national data,2025,other,other,Satisfaction with staff support,OTHER,school_climate,R2,0.294,positive,Professional Learning Communities (PLC) level (school composite),school,42.0,,,False,medium
10.1080/03055698.2024.2369855,Exploring school factors related to professional learning communities: a machine learning approach using cross-national data,2025,other,other,Principal feedback based on observations,OTHER,teacher_quality,R2,0.294,positive,Professional Learning Communities (PLC) level (school composite),school,42.0,,,False,medium
10.1080/03055698.2025.2511909,Exploring the optimal factors influencing teachers’ instructional practices performance using machine learning approaches,2025,other,other,Small group work,OTHER,other,accuracy,0.845,positive,High vs low instructional practices,other,1.0,3976.0,,False,medium
10.1080/03055698.2025.2511909,Exploring the optimal factors influencing teachers’ instructional practices performance using machine learning approaches,2025,other,other,Quieten the class for lesson,OTHER,other,accuracy,0.845,positive,High vs low instructional practices,other,1.0,3976.0,,False,medium
10.1080/03055698.2025.2511909,Exploring the optimal factors influencing teachers’ instructional practices performance using machine learning approaches,2025,other,other,Classroom disciplinary climate (CDC),SCHOOL_CLIMATE,school_climate,accuracy,0.845,positive,High vs low instructional practices,other,1.0,3976.0,,False,medium
10.1080/03055698.2025.2511909,Exploring the optimal factors influencing teachers’ instructional practices performance using machine learning approaches,2025,other,other,Assessment and feedback,SES_COMPOSITE,other,accuracy,0.845,positive,High vs low instructional practices,other,1.0,3976.0,,False,medium
10.1080/03055698.2025.2511909,Exploring the optimal factors influencing teachers’ instructional practices performance using machine learning approaches,2025,other,other,Summarizing lesson content,OTHER,other,accuracy,0.845,positive,High vs low instructional practices,other,1.0,3976.0,,False,medium
10.1080/15700763.2024.2313005,"The Role of Teacher Autonomy, School Climate, and “Perceptions of Value & Policy Influence” in Predicting Lower Secondary School Teachers’ Job Satisfaction",2024,other,other,Teacher autonomy,OTHER,school_climate,r_correlation,0.179,positive,Job satisfaction with the profession (JSPRO),other,1.0,2046.0,False,False,medium
10.1080/15700763.2024.2313005,"The Role of Teacher Autonomy, School Climate, and “Perceptions of Value & Policy Influence” in Predicting Lower Secondary School Teachers’ Job Satisfaction",2024,other,other,Disciplinary climate,SCHOOL_CLIMATE,school_climate,r_correlation,-0.185,negative,Job satisfaction with the profession (JSPRO),other,1.0,2046.0,False,False,medium
10.1080/15700763.2024.2313005,"The Role of Teacher Autonomy, School Climate, and “Perceptions of Value & Policy Influence” in Predicting Lower Secondary School Teachers’ Job Satisfaction",2024,other,other,Teacher-student relations,OTHER,school_climate,r_correlation,0.216,positive,Job satisfaction with the profession (JSPRO),other,1.0,2046.0,False,False,medium
10.1080/15700763.2024.2313005,"The Role of Teacher Autonomy, School Climate, and “Perceptions of Value & Policy Influence” in Predicting Lower Secondary School Teachers’ Job Satisfaction",2024,other,other,Participation among stakeholders,OTHER,school_climate,r_correlation,0.186,positive,Job satisfaction with the profession (JSPRO),other,1.0,2046.0,False,False,medium
10.1080/15700763.2024.2313005,"The Role of Teacher Autonomy, School Climate, and “Perceptions of Value & Policy Influence” in Predicting Lower Secondary School Teachers’ Job Satisfaction",2024,other,other,Perceptions of value & policy influence,OTHER,other,r_correlation,0.184,positive,Job satisfaction with the profession (JSPRO),other,1.0,2046.0,False,False,medium
10.1080/15700763.2024.2313005,"The Role of Teacher Autonomy, School Climate, and “Perceptions of Value & Policy Influence” in Predicting Lower Secondary School Teachers’ Job Satisfaction",2024,other,other,Teacher autonomy,OTHER,school_climate,r_correlation,0.214,positive,Job satisfaction with the work environment (JSENV),other,1.0,2046.0,False,False,medium
10.1080/15700763.2024.2313005,"The Role of Teacher Autonomy, School Climate, and “Perceptions of Value & Policy Influence” in Predicting Lower Secondary School Teachers’ Job Satisfaction",2024,other,other,Disciplinary climate,SCHOOL_CLIMATE,school_climate,r_correlation,-0.314,negative,Job satisfaction with the work environment (JSENV),other,1.0,2046.0,False,False,medium
10.1080/15700763.2024.2313005,"The Role of Teacher Autonomy, School Climate, and “Perceptions of Value & Policy Influence” in Predicting Lower Secondary School Teachers’ Job Satisfaction",2024,other,other,Teacher-student relations,OTHER,school_climate,r_correlation,0.413,positive,Job satisfaction with the work environment (JSENV),other,1.0,2046.0,False,False,medium
10.1080/15700763.2024.2313005,"The Role of Teacher Autonomy, School Climate, and “Perceptions of Value & Policy Influence” in Predicting Lower Secondary School Teachers’ Job Satisfaction",2024,other,other,Participation among stakeholders,OTHER,school_climate,r_correlation,0.49,positive,Job satisfaction with the work environment (JSENV),other,1.0,2046.0,False,False,medium
10.1080/15700763.2024.2313005,"The Role of Teacher Autonomy, School Climate, and “Perceptions of Value & Policy Influence” in Predicting Lower Secondary School Teachers’ Job Satisfaction",2024,other,other,Perceptions of value & policy influence,OTHER,other,r_correlation,0.127,positive,Job satisfaction with the work environment (JSENV),other,1.0,2046.0,False,False,medium
10.1080/15700763.2024.2313005,"The Role of Teacher Autonomy, School Climate, and “Perceptions of Value & Policy Influence” in Predicting Lower Secondary School Teachers’ Job Satisfaction",2024,other,other,Teacher autonomy,OTHER,school_climate,r_correlation,0.177,positive,Overall job satisfaction (JSENV + JSPRO),other,1.0,2046.0,False,False,medium
10.1080/15700763.2024.2313005,"The Role of Teacher Autonomy, School Climate, and “Perceptions of Value & Policy Influence” in Predicting Lower Secondary School Teachers’ Job Satisfaction",2024,other,other,Disciplinary climate,SCHOOL_CLIMATE,school_climate,r_correlation,-0.304,negative,Overall job satisfaction (JSENV + JSPRO),other,1.0,2046.0,False,False,medium
10.1080/15700763.2024.2313005,"The Role of Teacher Autonomy, School Climate, and “Perceptions of Value & Policy Influence” in Predicting Lower Secondary School Teachers’ Job Satisfaction",2024,other,other,Teacher-student relations,OTHER,school_climate,r_correlation,0.385,positive,Overall job satisfaction (JSENV + JSPRO),other,1.0,2046.0,False,False,medium
10.1080/15700763.2024.2313005,"The Role of Teacher Autonomy, School Climate, and “Perceptions of Value & Policy Influence” in Predicting Lower Secondary School Teachers’ Job Satisfaction",2024,other,other,Participation among stakeholders,OTHER,school_climate,r_correlation,0.423,positive,Overall job satisfaction (JSENV + JSPRO),other,1.0,2046.0,False,False,medium
10.1080/15700763.2024.2313005,"The Role of Teacher Autonomy, School Climate, and “Perceptions of Value & Policy Influence” in Predicting Lower Secondary School Teachers’ Job Satisfaction",2024,other,other,Perceptions of value & policy influence,OTHER,other,r_correlation,0.177,positive,Overall job satisfaction (JSENV + JSPRO),other,1.0,2046.0,False,False,medium
10.1177/14749041251400369,Teacher policies and teacher labor market outcomes: Results from cross-national comparison,2026,other,other,Teacher gender,GENDER,gender,R2,0.497,mixed,Value of the profession (latent factor score),country,16.0,,,True,medium
10.1177/14749041251400369,Teacher policies and teacher labor market outcomes: Results from cross-national comparison,2026,other,other,Effective professional development,OTHER,teacher_quality,R2,0.497,mixed,Value of the profession (latent factor score),country,16.0,,,True,medium
10.1177/14749041251400369,Teacher policies and teacher labor market outcomes: Results from cross-national comparison,2026,other,other,Economic status of teaching,GDP_EXPENDITURE,GDP_expenditure,R2,0.497,mixed,Value of the profession (latent factor score),country,16.0,,,True,medium
10.1177/14749041251400369,Teacher policies and teacher labor market outcomes: Results from cross-national comparison,2026,other,other,Individualism-collectivism,OTHER,other,R2,0.497,mixed,Value of the profession (latent factor score),country,16.0,,,True,medium
10.1177/14749041251400369,Teacher policies and teacher labor market outcomes: Results from cross-national comparison,2026,other,other,Regional fixed effects,OTHER,other,R2,0.497,mixed,Value of the profession (latent factor score),country,16.0,,,True,medium
10.1108/IJEM-02-2022-0086,ijem-02-2022-0086,2023,other,other,Principal observation feedback,OTHER,teacher_quality,standardized_beta,0.052,positive,Teacher instructional practices (TCP),other,1.0,3953.0,,False,medium
10.1108/IJEM-02-2022-0086,ijem-02-2022-0086,2023,other,other,Teacher self-efficacy (overall),SELF_EFFICACY,self_efficacy,standardized_beta,0.063,positive,Teacher instructional practices (TCP),other,1.0,3953.0,,False,medium
10.1108/IJEM-02-2022-0086,ijem-02-2022-0086,2023,other,other,Self-efficacy in instruction (SEINS),SELF_EFFICACY,self_efficacy,standardized_beta,0.677,positive,Teacher instructional practices (TCP) mediated by TSE dimensions,other,1.0,3953.0,,False,medium
10.1108/IJEM-02-2022-0086,ijem-02-2022-0086,2023,other,other,Self-efficacy in student engagement (SESE),SES_COMPOSITE,self_efficacy,standardized_beta,0.213,positive,Teacher instructional practices (TCP) mediated by TSE dimensions,other,1.0,3953.0,,False,medium
10.1108/IJEM-02-2022-0086,ijem-02-2022-0086,2023,other,other,Self-efficacy in classroom management (SECM),SELF_EFFICACY,self_efficacy,standardized_beta,-0.106,,Teacher instructional practices (TCP) mediated by TSE dimensions,other,1.0,3953.0,,False,medium
10.1177/00131245241278673,A Cross-National Examination of Teachers’ Multicultural Self-Efficacy: Can Multicultural Education in Initial Teacher Education and Professional Development Make a Difference?,2024,other,other,Teacher self-efficacy (TSE),SELF_EFFICACY,self_efficacy,standardized_beta,0.473,positive,Multicultural self-efficacy (TMSE composite score),teacher,45.0,65978.0,,False,medium
10.1177/00131245241278673,A Cross-National Examination of Teachers’ Multicultural Self-Efficacy: Can Multicultural Education in Initial Teacher Education and Professional Development Make a Difference?,2024,other,other,Gender (female),GENDER,gender,standardized_beta,0.015,positive,Multicultural self-efficacy (TMSE composite score),teacher,45.0,65978.0,,False,medium
10.1177/00131245241278673,A Cross-National Examination of Teachers’ Multicultural Self-Efficacy: Can Multicultural Education in Initial Teacher Education and Professional Development Make a Difference?,2024,other,other,Teaching experience (years),OTHER,other,standardized_beta,-0.002,negative,Multicultural self-efficacy (TMSE composite score),teacher,45.0,65978.0,,False,medium
10.1177/00131245241278673,A Cross-National Examination of Teachers’ Multicultural Self-Efficacy: Can Multicultural Education in Initial Teacher Education and Professional Development Make a Difference?,2024,other,other,Degree status (master’s+),OTHER,other,standardized_beta,,,Multicultural self-efficacy (TMSE composite score),teacher,45.0,65978.0,,False,medium
10.1177/00131245241278673,A Cross-National Examination of Teachers’ Multicultural Self-Efficacy: Can Multicultural Education in Initial Teacher Education and Professional Development Make a Difference?,2024,other,other,Multicultural education in ITE,OTHER,other,standardized_beta,0.129,positive,Multicultural self-efficacy (TMSE composite score),teacher,45.0,65978.0,,False,medium
10.1177/00131245241278673,A Cross-National Examination of Teachers’ Multicultural Self-Efficacy: Can Multicultural Education in Initial Teacher Education and Professional Development Make a Difference?,2024,other,other,Multicultural education in PD,OTHER,other,standardized_beta,0.123,positive,Multicultural self-efficacy (TMSE composite score),teacher,45.0,65978.0,,False,medium
10.1007/s10833-026-09545-8,A machine learning analysis of school-level drivers of organisational innovativeness,2026,other,other,Staff initiative encouragement,AGE_GRADE,school_climate,R2,0.2929,positive,Organisational innovativeness (T3PORGIN),school,47.0,8792.0,,False,medium
10.1007/s10833-026-09545-8,A machine learning analysis of school-level drivers of organisational innovativeness,2026,other,other,Collaborative culture mutual support,OTHER,school_climate,R2,0.2929,positive,Organisational innovativeness (T3PORGIN),school,47.0,8792.0,,False,medium
10.1007/s10833-026-09545-8,A machine learning analysis of school-level drivers of organisational innovativeness,2026,other,other,Cooperation with local community,OTHER,school_climate,R2,0.2929,positive,Organisational innovativeness (T3PORGIN),school,47.0,8792.0,,False,medium
10.1007/s10833-026-09545-8,A machine learning analysis of school-level drivers of organisational innovativeness,2026,other,other,Shared responsibility culture,OTHER,school_climate,R2,0.2929,positive,Organisational innovativeness (T3PORGIN),school,47.0,8792.0,,False,medium
10.1007/s10833-026-09545-8,A machine learning analysis of school-level drivers of organisational innovativeness,2026,other,other,Time shortage with students,AGE_GRADE,school_climate,R2,0.2929,negative,Organisational innovativeness (T3PORGIN),school,47.0,8792.0,,False,medium
10.1007/s11092-021-09360-0,School accountability and teacher stress: international evidence from the OECD TALIS study,2022,other,other,OECD country indicator,OTHER,other,other,0.042,positive,Teacher stress due to accountability (binary),country,42.0,,,True,medium
10.1177/21582440231177908,Effects of Teacher Collaboration on Teaching Practices in China and England: A Structural Equation Model With TALIS 2018 Data,2023,other,other,Exchange and co-ordination,OTHER,other,standardized_beta,0.206,positive,Clarity of instruction (CLAIN),other,2.0,6352.0,,False,medium
10.1177/21582440231177908,Effects of Teacher Collaboration on Teaching Practices in China and England: A Structural Equation Model With TALIS 2018 Data,2023,other,other,Teacher self-efficacy,SELF_EFFICACY,self_efficacy,standardized_beta,0.399,positive,Clarity of instruction (CLAIN),other,2.0,6352.0,,False,medium
10.1177/21582440231177908,Effects of Teacher Collaboration on Teaching Practices in China and England: A Structural Equation Model With TALIS 2018 Data,2023,other,other,Exchange and co-ordination,OTHER,other,standardized_beta,0.118,positive,Clarity of instruction (CLAIN),other,2.0,6352.0,,False,medium
10.1177/21582440231177908,Effects of Teacher Collaboration on Teaching Practices in China and England: A Structural Equation Model With TALIS 2018 Data,2023,other,other,Teacher self-efficacy,SELF_EFFICACY,self_efficacy,standardized_beta,0.553,positive,Clarity of instruction (CLAIN),other,2.0,6352.0,,False,medium
10.1177/21582440231177908,Effects of Teacher Collaboration on Teaching Practices in China and England: A Structural Equation Model With TALIS 2018 Data,2023,other,other,Teacher self-efficacy,SELF_EFFICACY,self_efficacy,standardized_beta,0.341,positive,Cognitive activation (COGAC),other,2.0,6352.0,,False,medium
10.1177/21582440231177908,Effects of Teacher Collaboration on Teaching Practices in China and England: A Structural Equation Model With TALIS 2018 Data,2023,other,other,Professional collaboration (lessons),TEACHER_QUALITY,teacher_quality,standardized_beta,0.406,positive,Cognitive activation (COGAC),other,2.0,6352.0,,False,medium
10.1177/21582440231177908,Effects of Teacher Collaboration on Teaching Practices in China and England: A Structural Equation Model With TALIS 2018 Data,2023,other,other,Exchange and co-ordination,OTHER,other,standardized_beta,-2.173,negative,Cognitive activation (COGAC),other,2.0,6352.0,,False,medium
10.1177/21582440231177908,Effects of Teacher Collaboration on Teaching Practices in China and England: A Structural Equation Model With TALIS 2018 Data,2023,other,other,Teacher self-efficacy,SELF_EFFICACY,self_efficacy,standardized_beta,0.437,positive,Cognitive activation (COGAC),other,2.0,6352.0,,False,medium
10.1177/21582440231177908,Effects of Teacher Collaboration on Teaching Practices in China and England: A Structural Equation Model With TALIS 2018 Data,2023,other,other,Exchange and co-ordination,OTHER,other,standardized_beta,0.261,positive,Classroom assessment (ASS),other,2.0,6352.0,,False,medium
10.1177/21582440231177908,Effects of Teacher Collaboration on Teaching Practices in China and England: A Structural Equation Model With TALIS 2018 Data,2023,other,other,Teacher self-efficacy,SELF_EFFICACY,self_efficacy,standardized_beta,0.426,positive,Classroom assessment (ASS),other,2.0,6352.0,,False,medium
10.1177/21582440231177908,Effects of Teacher Collaboration on Teaching Practices in China and England: A Structural Equation Model With TALIS 2018 Data,2023,other,other,Professional collaboration (lessons),TEACHER_QUALITY,teacher_quality,standardized_beta,0.152,positive,Classroom assessment (ASS),other,2.0,6352.0,,False,medium
10.22633/rpge.v25i3.15959,Peculiarities of the higher education development in a blended learning environment,2021,other,other,Formal education: mixed ability inclusion,OTHER,curriculum,r_correlation,-0.626,negative,Primary study outcome (heuristic migration),other,2.0,7823.0,,False,low
10.22633/rpge.v25i3.15959,Peculiarities of the higher education development in a blended learning environment,2021,other,other,Formal education: ICT use inclusion,ICT_ACCESS,ICT,r_correlation,-0.646,negative,Primary study outcome (heuristic migration),other,2.0,7823.0,,False,low
10.1007/s40299-026-01082-5,Distributed Leadership as a Catalyst for Change: Building Emotional Capital to Enhance Teachers' Beliefs in AI-Integrated Teaching,2026,other,other,Distributed leadership,OTHER,school_climate,standardized_beta,0.121,positive,Teachers’ pedagogical beliefs for AI,school,1.0,1423.0,,False,medium
10.1007/s40299-026-01082-5,Distributed Leadership as a Catalyst for Change: Building Emotional Capital to Enhance Teachers' Beliefs in AI-Integrated Teaching,2026,other,other,Enjoyment of teaching,MOTIVATION,other,standardized_beta,0.162,positive,Teachers’ pedagogical beliefs for AI,school,1.0,1423.0,,False,medium
10.1007/s40299-026-01082-5,Distributed Leadership as a Catalyst for Change: Building Emotional Capital to Enhance Teachers' Beliefs in AI-Integrated Teaching,2026,other,other,Teacher stress,ANXIETY,other,standardized_beta,0.026,,Teachers’ pedagogical beliefs for AI,school,1.0,1423.0,,False,medium
10.1016/j.paid.2023.112110,The future of intelligence: A prediction of the FLynn effect based on past student assessment studies until the year 2100,2023,other,other,past international student achievement results,OTHER,prior_achievement,other,,positive,societal cognitive development (expressed as IQ on a Greenwich-IQ scale),country,79.0,,,False,medium
10.1080/15305058.2019.1605999,(The (Non)Impact of Differential Test Taker Engagement on Aggregated Scores),0,PISA,other,Response time effort (RBE),INSTRUCTIONAL_TIME,student_behavior,r_correlation,0.56,positive,Primary study outcome (heuristic migration),school,1.0,5091.0,False,False,medium
10.1080/15305058.2019.1605999,(The (Non)Impact of Differential Test Taker Engagement on Aggregated Scores),0,PISA,other,Response time effort (RBE),INSTRUCTIONAL_TIME,student_behavior,r_correlation,0.72,positive,Primary study outcome (heuristic migration),school,1.0,5091.0,False,False,medium
10.1080/15305058.2019.1605999,(The (Non)Impact of Differential Test Taker Engagement on Aggregated Scores),0,PISA,other,Score distortion (standard-effort),OTHER,prior_achievement,r_correlation,0.999,positive,Primary study outcome (heuristic migration),school,1.0,5091.0,False,False,medium
10.1186/s40536-023-00188-2,Large-scale Assessments in Education,2023,TIMSS,science,Home resources for learning,HOME_RESOURCES,SES,R2,0.202,positive,science achievement,student,1.0,4560.0,True,True,high
10.1186/s40536-023-00188-2,Large-scale Assessments in Education,2023,TIMSS,science,School DEIS disadvantaged status,AGE_GRADE,school_resources,R2,0.202,positive,science achievement,student,1.0,4560.0,True,True,high
10.1186/s40536-023-00188-2,Large-scale Assessments in Education,2023,TIMSS,mathematics,Home resources for learning,HOME_RESOURCES,SES,R2,0.176,positive,mathematics achievement,student,1.0,4560.0,True,True,high
10.1186/s40536-023-00188-2,Large-scale Assessments in Education,2023,TIMSS,mathematics,School DEIS disadvantaged status,AGE_GRADE,school_resources,R2,0.176,positive,mathematics achievement,student,1.0,4560.0,True,True,high
10.3102/10769986251415570,Rethinking Item Fairness Using Single World Intervention Graphs,2026,TIMSS,mathematics,Sex (protected variable),GENDER,gender,other,,,CDIF for item M032595 (binary item response),student,1.0,660.0,,False,medium
10.3102/10769986251415570,Rethinking Item Fairness Using Single World Intervention Graphs,2026,TIMSS,mathematics,Home educational resources,HOME_RESOURCES,SES,other,,,CDIF for item M032595 (binary item response),student,1.0,660.0,,False,medium
10.1080/00273171.2020.1808437,Random Forests Approach for Causal Inference with Clustered Observational Data,2021,TIMSS,mathematics,Father education level,PARENTAL_EDUCATION,parental_education,other,,positive,Math achievement (ATE on PV1 score),student,1.0,4943.0,False,False,low
10.1080/00273171.2020.1808437,Random Forests Approach for Causal Inference with Clustered Observational Data,2021,TIMSS,mathematics,Books at home,HOME_RESOURCES,SES/home_resources,other,,positive,Math achievement (ATE on PV1 score),student,1.0,4943.0,False,False,low
10.1080/00273171.2020.1808437,Random Forests Approach for Causal Inference with Clustered Observational Data,2021,TIMSS,mathematics,Math confidence,OTHER,self_efficacy,other,,positive,Math achievement (ATE on PV1 score),student,1.0,4943.0,False,False,low
10.1080/00273171.2020.1808437,Random Forests Approach for Causal Inference with Clustered Observational Data,2021,TIMSS,mathematics,School disadvantage percentage,AGE_GRADE,school_climate,other,,negative,Math achievement (ATE on PV1 score),school,1.0,4943.0,False,False,low
10.1080/00273171.2020.1808437,Random Forests Approach for Causal Inference with Clustered Observational Data,2021,TIMSS,mathematics,Discipline problems,OTHER,school_climate,other,,negative,Math achievement (ATE on PV1 score),school,1.0,4943.0,False,False,low
10.3390/educsci12090618,Factors Influencing Students’ Achievements in the Content and Cognitive Domains in TIMSS 4th Grade Science and Mathematics in the United Arab Emirates,2022,TIMSS,mathematics,Breakfast on school days,OTHER,other,other,2.52,positive,Mathematics achievement (Plausible Values),student,1.0,21177.0,True,True,high
10.3390/educsci12090618,Factors Influencing Students’ Achievements in the Content and Cognitive Domains in TIMSS 4th Grade Science and Mathematics in the United Arab Emirates,2022,TIMSS,mathematics,Student bullying,SCHOOL_CLIMATE,school_climate,other,-13.1,negative,Mathematics achievement (Plausible Values),student,1.0,21177.0,True,True,high
10.3390/educsci12090618,Factors Influencing Students’ Achievements in the Content and Cognitive Domains in TIMSS 4th Grade Science and Mathematics in the United Arab Emirates,2022,TIMSS,mathematics,Like learning mathematics,OTHER,motivation,other,-5.13,negative,Mathematics achievement (Plausible Values),student,1.0,21177.0,True,True,high
10.3390/educsci12090618,Factors Influencing Students’ Achievements in the Content and Cognitive Domains in TIMSS 4th Grade Science and Mathematics in the United Arab Emirates,2022,TIMSS,mathematics,Engaging teaching in math,OTHER,teacher_quality,other,11.5,positive,Mathematics achievement (Plausible Values),student,1.0,21177.0,True,True,high
10.3390/educsci12090618,Factors Influencing Students’ Achievements in the Content and Cognitive Domains in TIMSS 4th Grade Science and Mathematics in the United Arab Emirates,2022,TIMSS,mathematics,Student confidence in math,OTHER,self_efficacy,other,41.07,positive,Mathematics achievement (Plausible Values),student,1.0,21177.0,True,True,high
10.3390/educsci12090618,Factors Influencing Students’ Achievements in the Content and Cognitive Domains in TIMSS 4th Grade Science and Mathematics in the United Arab Emirates,2022,TIMSS,science,Breakfast on school days,OTHER,other,other,2.2,positive,Science achievement (Plausible Values),student,1.0,21177.0,True,True,high
10.3390/educsci12090618,Factors Influencing Students’ Achievements in the Content and Cognitive Domains in TIMSS 4th Grade Science and Mathematics in the United Arab Emirates,2022,TIMSS,science,Student bullying,SCHOOL_CLIMATE,school_climate,other,-16.69,negative,Science achievement (Plausible Values),student,1.0,21177.0,True,True,high
10.3390/educsci12090618,Factors Influencing Students’ Achievements in the Content and Cognitive Domains in TIMSS 4th Grade Science and Mathematics in the United Arab Emirates,2022,TIMSS,science,Like learning science,OTHER,motivation,other,21.57,positive,Science achievement (Plausible Values),student,1.0,21177.0,True,True,high
10.3390/educsci12090618,Factors Influencing Students’ Achievements in the Content and Cognitive Domains in TIMSS 4th Grade Science and Mathematics in the United Arab Emirates,2022,TIMSS,science,Student confidence in science,OTHER,self_efficacy,other,43.4,positive,Science achievement (Plausible Values),student,1.0,21177.0,True,True,high
10.3102/1076998620951983,Hybridizing Machine Learning Methods and Finite Mixture Models for Estimating Heterogeneous Treatment Effects in Latent Classes,2021,TIMSS,science,Perceived value of science,MOTIVATION,motivation,other,,positive,Science achievement treatment effect within latent classes (private science lessons vs none),student,1.0,4874.0,False,False,medium
10.3102/1076998620951983,Hybridizing Machine Learning Methods and Finite Mixture Models for Estimating Heterogeneous Treatment Effects in Latent Classes,2021,TIMSS,science,Resource shortage in science,AGE_GRADE,school_resources,other,,negative,Science achievement treatment effect within latent classes (private science lessons vs none),student,1.0,4874.0,False,False,medium
10.3102/1076998620951983,Hybridizing Machine Learning Methods and Finite Mixture Models for Estimating Heterogeneous Treatment Effects in Latent Classes,2021,TIMSS,science,Father education level,PARENTAL_EDUCATION,parental_education,other,,positive,Science achievement treatment effect within latent classes (private science lessons vs none),student,1.0,4874.0,False,False,medium
10.3102/1076998620951983,Hybridizing Machine Learning Methods and Finite Mixture Models for Estimating Heterogeneous Treatment Effects in Latent Classes,2021,TIMSS,science,Science confidence,OTHER,self_efficacy,other,,positive,Science achievement treatment effect within latent classes (private science lessons vs none),student,1.0,4874.0,False,False,medium
10.3102/1076998620951983,Hybridizing Machine Learning Methods and Finite Mixture Models for Estimating Heterogeneous Treatment Effects in Latent Classes,2021,TIMSS,science,Home study supports,OTHER,SES/home_resources,other,,positive,Science achievement treatment effect within latent classes (private science lessons vs none),student,1.0,4874.0,False,False,medium
10.1111/bjep.12625,International comparisons of the home mathematics environment and relations with children's mathematical achievement,2023,TIMSS,mathematics,HME total score,OTHER,SES/home_resources,r_correlation,,positive,children's mathematical achievement,student,54.0,231138.0,True,True,medium
10.1080/09500693.2024.2385067,Enhancing students’ reasoning skills by asking students to provide evidence-based explanations in science classrooms findings from TIMSS 2019,2025,TIMSS,science,Teachers ask evidence-based explanations,OTHER,teacher_quality,other,12.84,positive,Student performance on reasoning questions (science),student,1.0,8739.0,False,True,medium
10.1080/09500693.2024.2385067,Enhancing students’ reasoning skills by asking students to provide evidence-based explanations in science classrooms findings from TIMSS 2019,2025,TIMSS,science,Speaking English at home,OTHER,SES,other,10.25,positive,Student performance on reasoning questions (science),student,1.0,8739.0,False,True,medium
10.1080/09500693.2024.2385067,Enhancing students’ reasoning skills by asking students to provide evidence-based explanations in science classrooms findings from TIMSS 2019,2025,TIMSS,science,Parents’ highest education,OTHER,parental_education,other,4.04,positive,Student performance on reasoning questions (science),student,1.0,8739.0,False,True,medium
10.1111/ejed.70281,Data Mining on the Fundamental Factors Influencing Mathematics Achievement: Traditional and Modern Perspectives,2025,TIMSS,mathematics,Mathematical tendency factor,OTHER,motivation,other,,positive,Mathematics achievement (mean of 5 plausible values),student,3.0,13602.0,True,False,medium
10.1111/ejed.70281,Data Mining on the Fundamental Factors Influencing Mathematics Achievement: Traditional and Modern Perspectives,2025,TIMSS,mathematics,Emotional factor (math),OTHER,anxiety,other,,positive,Mathematics achievement (mean of 5 plausible values),student,3.0,13602.0,True,False,medium
10.1111/ejed.70281,Data Mining on the Fundamental Factors Influencing Mathematics Achievement: Traditional and Modern Perspectives,2025,TIMSS,mathematics,Socioeconomic status (SES),SES_COMPOSITE,SES,other,,positive,Mathematics achievement (mean of 5 plausible values),student,3.0,13602.0,True,False,medium
10.1111/ejed.70281,Data Mining on the Fundamental Factors Influencing Mathematics Achievement: Traditional and Modern Perspectives,2025,TIMSS,mathematics,Number of books at home,HOME_RESOURCES,home_resources,other,,positive,Mathematics achievement (mean of 5 plausible values),student,3.0,13602.0,True,False,medium
10.1111/ejed.70281,Data Mining on the Fundamental Factors Influencing Mathematics Achievement: Traditional and Modern Perspectives,2025,TIMSS,mathematics,Born in the country,OTHER,other,other,,positive,Mathematics achievement (mean of 5 plausible values),student,3.0,13602.0,True,False,medium
10.1002/tea.21943,Factors predicting teachers' implementation of inquiry‐based teaching practices: Analysis of South African TIMSS 2019 data from an ecological perspective,2024,TIMSS,science,Assessment strategy significance,SES_COMPOSITE,other,standardized_beta,0.316,positive,Inquiry teaching practice (ESI scale; teacher-reported frequency),school,1.0,537.0,True,True,medium
10.1002/tea.21943,Factors predicting teachers' implementation of inquiry‐based teaching practices: Analysis of South African TIMSS 2019 data from an ecological perspective,2024,TIMSS,science,Inquiry-related professional development,OTHER,teacher_quality,standardized_beta,0.152,positive,Inquiry teaching practice (ESI scale; teacher-reported frequency),school,1.0,537.0,True,True,medium
10.1002/tea.21943,Factors predicting teachers' implementation of inquiry‐based teaching practices: Analysis of South African TIMSS 2019 data from an ecological perspective,2024,TIMSS,science,Instructional resource shortage,AGE_GRADE,school_resources,standardized_beta,0.148,positive,Inquiry teaching practice (ESI scale; teacher-reported frequency),school,1.0,537.0,True,True,medium
10.1002/tea.21943,Factors predicting teachers' implementation of inquiry‐based teaching practices: Analysis of South African TIMSS 2019 data from an ecological perspective,2024,TIMSS,science,Job satisfaction,OTHER,teacher_quality,standardized_beta,0.127,positive,Inquiry teaching practice (ESI scale; teacher-reported frequency),school,1.0,537.0,True,True,medium
10.1080/18117295.2023.2244217,Overcrowded Classrooms and their Association with South African Learners’ Mathematics Achievement,2023,TIMSS,mathematics,Class size (number of learners),SCHOOL_RESOURCES,school_resources,r_correlation,-0.247,negative,Mathematics achievement (Plausible Values),student,1.0,20829.0,True,,medium
10.1080/18117295.2023.2244217,Overcrowded Classrooms and their Association with South African Learners’ Mathematics Achievement,2023,TIMSS,mathematics,Overcrowding agreement (teacher),OTHER,school_climate,other,,negative,Mathematics achievement (Plausible Values),student,1.0,20829.0,True,,medium
10.1080/03055698.2025.2478831,Reassessing urban-rural education disparities: evidence from England,2026,TIMSS,mathematics,Home educational resources,HOME_RESOURCES,SES/home_resources,R2,0.198,positive,Math achievement (Plausible Values),student,1.0,3365.0,True,False,medium
10.1080/03055698.2025.2478831,Reassessing urban-rural education disparities: evidence from England,2026,TIMSS,mathematics,Parental education level,PARENTAL_EDUCATION,SES/parental_education,R2,0.198,positive,Math achievement (Plausible Values),student,1.0,3365.0,True,False,medium
10.1080/03055698.2025.2478831,Reassessing urban-rural education disparities: evidence from England,2026,TIMSS,mathematics,Gender (sex),GENDER,gender,R2,0.198,positive,Math achievement (Plausible Values),student,1.0,3365.0,True,False,medium
10.1080/03055698.2025.2478831,Reassessing urban-rural education disparities: evidence from England,2026,TIMSS,mathematics,Math extra lessons,OTHER,other,R2,0.198,positive,Math achievement (Plausible Values),student,1.0,3365.0,True,False,medium
10.1080/03055698.2025.2478831,Reassessing urban-rural education disparities: evidence from England,2026,TIMSS,mathematics,School location (rural vs urban),OTHER,school_resources,standardized_beta,-0.083,negative,Math achievement (Plausible Values),school,1.0,3365.0,True,False,medium
10.1080/03055698.2025.2478831,Reassessing urban-rural education disparities: evidence from England,2026,TIMSS,science,Home educational resources,HOME_RESOURCES,SES/home_resources,R2,0.206,positive,Science achievement (Plausible Values),student,1.0,3365.0,True,False,medium
10.1080/03055698.2025.2478831,Reassessing urban-rural education disparities: evidence from England,2026,TIMSS,science,Parental education level,PARENTAL_EDUCATION,SES/parental_education,R2,0.206,positive,Science achievement (Plausible Values),student,1.0,3365.0,True,False,medium
10.1080/03055698.2025.2478831,Reassessing urban-rural education disparities: evidence from England,2026,TIMSS,science,Gender (sex),GENDER,gender,R2,0.206,positive,Science achievement (Plausible Values),student,1.0,3365.0,True,False,medium
10.1080/03055698.2025.2478831,Reassessing urban-rural education disparities: evidence from England,2026,TIMSS,science,Science extra lessons,OTHER,other,R2,0.206,positive,Science achievement (Plausible Values),student,1.0,3365.0,True,False,medium
10.1080/03055698.2025.2478831,Reassessing urban-rural education disparities: evidence from England,2026,TIMSS,science,School location (rural vs urban),OTHER,school_resources,standardized_beta,-0.05,negative,Science achievement (Plausible Values),school,1.0,3365.0,True,False,medium
10.3390/educsci16020293,Associations Between School Climate and Student Mathematics Achievement: A Multilevel Structural Equation Modeling Approach,2026,TIMSS,mathematics,School belonging and safety,BELONGING,school_climate,standardized_beta,0.192,positive,Mathematics achievement (plausible values; BSMMAT01–BSMMAT05),student,1.0,7589.0,True,True,high
10.3390/educsci16020293,Associations Between School Climate and Student Mathematics Achievement: A Multilevel Structural Equation Modeling Approach,2026,TIMSS,mathematics,Mathematics class climate,OTHER,school_climate,standardized_beta,0.09,positive,Mathematics achievement (plausible values; BSMMAT01–BSMMAT05),student,1.0,7589.0,True,True,high
10.3390/educsci16020293,Associations Between School Climate and Student Mathematics Achievement: A Multilevel Structural Equation Modeling Approach,2026,TIMSS,mathematics,Bullying,SCHOOL_CLIMATE,school_climate,standardized_beta,-0.087,negative,Mathematics achievement (plausible values; BSMMAT01–BSMMAT05),student,1.0,7589.0,True,True,high
10.3390/educsci16020293,Associations Between School Climate and Student Mathematics Achievement: A Multilevel Structural Equation Modeling Approach,2026,TIMSS,mathematics,Shortage of math resources,AGE_GRADE,school_resources,standardized_beta,-0.32,negative,Mathematics achievement (plausible values; BSMMAT01–BSMMAT05),school,1.0,7589.0,True,True,high
10.3390/educsci16020293,Associations Between School Climate and Student Mathematics Achievement: A Multilevel Structural Equation Modeling Approach,2026,TIMSS,mathematics,School discipline and safety,SCHOOL_CLIMATE,school_climate,standardized_beta,-0.183,negative,Mathematics achievement (plausible values; BSMMAT01–BSMMAT05),school,1.0,7589.0,True,True,high
10.3390/educsci16020293,Associations Between School Climate and Student Mathematics Achievement: A Multilevel Structural Equation Modeling Approach,2026,TIMSS,mathematics,Bullying,SCHOOL_CLIMATE,school_climate,standardized_beta,-0.072,negative,Mathematics achievement (plausible values; BSMMAT01–BSMMAT05),student,1.0,7589.0,True,True,high
10.3390/educsci16020293,Associations Between School Climate and Student Mathematics Achievement: A Multilevel Structural Equation Modeling Approach,2026,TIMSS,mathematics,Bullying,SCHOOL_CLIMATE,school_climate,standardized_beta,-0.026,negative,Mathematics achievement (plausible values; BSMMAT01–BSMMAT05),student,1.0,7589.0,True,True,high
10.3389/fpsyg.2025.1543330,Comparing Bayesian random coefficient prediction and latent interaction models for multilevel moderated mediation,2025,TIMSS,mathematics,Math preference (MP),OTHER,motivation,other,,positive,Primary study outcome (heuristic migration),student,1.0,8698.0,,False,medium
10.3389/fpsyg.2025.1543330,Comparing Bayesian random coefficient prediction and latent interaction models for multilevel moderated mediation,2025,TIMSS,mathematics,Math class environment (MCE),OTHER,school_climate,other,,positive,Primary study outcome (heuristic migration),student,1.0,8698.0,,False,medium
10.3389/fpsyg.2025.1543330,Comparing Bayesian random coefficient prediction and latent interaction models for multilevel moderated mediation,2025,TIMSS,mathematics,Math teacher relationship (MTR),OTHER,teacher_quality,other,,positive,Primary study outcome (heuristic migration),student,1.0,8698.0,,False,medium
10.3389/fpsyg.2025.1543330,Comparing Bayesian random coefficient prediction and latent interaction models for multilevel moderated mediation,2025,TIMSS,mathematics,Relatedness (REL),OTHER,school_climate,other,,mixed,Primary study outcome (heuristic migration),school,1.0,8698.0,,False,medium
10.1080/18117295.2024.2404344,Fostering Self-efficacy: Understanding South African Grade 9 Students’ Confidence in their Mathematics Abilities,2024,TIMSS,mathematics,Self-efficacy in mathematics (index score),SELF_EFFICACY,self_efficacy,standardized_beta,0.01,positive,Mathematics achievement (PVs on 500 scale),student,1.0,20829.0,True,True,medium
10.1080/18117295.2024.2404344,Fostering Self-efficacy: Understanding South African Grade 9 Students’ Confidence in their Mathematics Abilities,2024,TIMSS,mathematics,Gender (girl),GENDER,gender,standardized_beta,,negative,Mathematics achievement (PVs on 500 scale),student,1.0,20829.0,True,True,medium
10.1080/18117295.2024.2404344,Fostering Self-efficacy: Understanding South African Grade 9 Students’ Confidence in their Mathematics Abilities,2024,TIMSS,mathematics,Home socioeconomic status,SES_COMPOSITE,SES,standardized_beta,,positive,Mathematics achievement (PVs on 500 scale),student,1.0,20829.0,True,True,medium
10.1080/18117295.2024.2404344,Fostering Self-efficacy: Understanding South African Grade 9 Students’ Confidence in their Mathematics Abilities,2024,TIMSS,mathematics,Instructional clarity,OTHER,teacher_quality,standardized_beta,,positive,Mathematics achievement (PVs on 500 scale),student,1.0,20829.0,True,True,medium
10.1080/18117295.2024.2404344,Fostering Self-efficacy: Understanding South African Grade 9 Students’ Confidence in their Mathematics Abilities,2024,TIMSS,mathematics,Parents check homework,INSTRUCTIONAL_TIME,SES,standardized_beta,,positive,Mathematics achievement (PVs on 500 scale),student,1.0,20829.0,True,True,medium
10.1080/18117295.2024.2404344,Fostering Self-efficacy: Understanding South African Grade 9 Students’ Confidence in their Mathematics Abilities,2024,TIMSS,mathematics,Self-efficacy in mathematics (index score),SELF_EFFICACY,self_efficacy,R2,0.15,positive,Mathematics achievement (PVs on 500 scale),student,1.0,20829.0,True,True,medium
10.1177/02724316251379765,"The Relationship Between Weekly Instruction, Homework Time and Students’ Competences",2025,TIMSS,mathematics,Weekly instruction time,OTHER,instructional_time,standardized_beta,0.15,positive,student achievement,student,58.0,276512.0,False,True,medium
10.1177/02724316251379765,"The Relationship Between Weekly Instruction, Homework Time and Students’ Competences",2025,TIMSS,science,Weekly homework time,INSTRUCTIONAL_TIME,instructional_time,standardized_beta,0.1,positive,student achievement,student,58.0,276512.0,False,True,medium
10.1177/1932202X251356325,Exploring Critical Predictors of Math and Science Achievement for High Achieving Students in TIMSS Data: Application of Elastic-Net Logistic Regression,2025,TIMSS,mathematics,Home educational resources,HOME_RESOURCES,SES/home_resources,other,,positive,Mathematics proficiency level (high/advanced vs non-high/advanced),student,1.0,,False,False,medium
10.1177/1932202X251356325,Exploring Critical Predictors of Math and Science Achievement for High Achieving Students in TIMSS Data: Application of Elastic-Net Logistic Regression,2025,TIMSS,mathematics,Student confidence in science/math,OTHER,motivation,other,,positive,Mathematics proficiency level (high/advanced vs non-high/advanced),student,1.0,,False,False,medium
10.1177/1932202X251356325,Exploring Critical Predictors of Math and Science Achievement for High Achieving Students in TIMSS Data: Application of Elastic-Net Logistic Regression,2025,TIMSS,mathematics,Disorderly behavior during math lessons,OTHER,school_climate,other,,negative,Mathematics proficiency level (high/advanced vs non-high/advanced),student,1.0,,False,False,medium
10.1177/1932202X251356325,Exploring Critical Predictors of Math and Science Achievement for High Achieving Students in TIMSS Data: Application of Elastic-Net Logistic Regression,2025,TIMSS,mathematics,Sex of students,GENDER,gender,other,,,Mathematics proficiency level (high/advanced vs non-high/advanced),student,1.0,,False,False,medium
10.1177/1932202X251356325,Exploring Critical Predictors of Math and Science Achievement for High Achieving Students in TIMSS Data: Application of Elastic-Net Logistic Regression,2025,TIMSS,science,Home educational resources,HOME_RESOURCES,SES/home_resources,other,,positive,Science proficiency level (high/advanced vs non-high/advanced),student,1.0,,False,False,medium
10.1177/1932202X251356325,Exploring Critical Predictors of Math and Science Achievement for High Achieving Students in TIMSS Data: Application of Elastic-Net Logistic Regression,2025,TIMSS,science,Student confidence in science/math,OTHER,motivation,other,,positive,Science proficiency level (high/advanced vs non-high/advanced),student,1.0,,False,False,medium
10.1177/1932202X251356325,Exploring Critical Predictors of Math and Science Achievement for High Achieving Students in TIMSS Data: Application of Elastic-Net Logistic Regression,2025,TIMSS,science,Sense of school belonging,BELONGING,belonging,other,,,Science proficiency level (high/advanced vs non-high/advanced),student,1.0,,False,False,medium
10.1177/1932202X251356325,Exploring Critical Predictors of Math and Science Achievement for High Achieving Students in TIMSS Data: Application of Elastic-Net Logistic Regression,2025,TIMSS,science,Sex of students,GENDER,gender,other,,,Science proficiency level (high/advanced vs non-high/advanced),student,1.0,,False,False,medium
10.1093/jrsssa/qnae049,Bayesian causal forests for multivariate outcomes: application to Irish data from an international large scale education assessment,2025,TIMSS,mathematics,Study desk at home,OTHER,SES/home_resources,other,4.61,positive,Mathematics achievement (ATE via multivariate BCF),student,1.0,4118.0,True,True,high
10.1093/jrsssa/qnae049,Bayesian causal forests for multivariate outcomes: application to Irish data from an international large scale education assessment,2025,TIMSS,mathematics,Often hungry at school,OTHER,SES/home_resources,other,-5.27,negative,Mathematics achievement (ATE via multivariate BCF),student,1.0,4118.0,True,True,high
10.1093/jrsssa/qnae049,Bayesian causal forests for multivariate outcomes: application to Irish data from an international large scale education assessment,2025,TIMSS,mathematics,Often absent from school,OTHER,other,other,-7.2,negative,Mathematics achievement (ATE via multivariate BCF),student,1.0,4118.0,True,True,high
10.1093/jrsssa/qnae049,Bayesian causal forests for multivariate outcomes: application to Irish data from an international large scale education assessment,2025,TIMSS,science,Study desk at home,OTHER,SES/home_resources,other,,null,Science achievement (ATE via multivariate BCF),student,1.0,4118.0,True,True,high
10.1093/jrsssa/qnae049,Bayesian causal forests for multivariate outcomes: application to Irish data from an international large scale education assessment,2025,TIMSS,science,Often hungry at school,OTHER,SES/home_resources,other,-5.73,negative,Science achievement (ATE via multivariate BCF),student,1.0,4118.0,True,True,high
10.1093/jrsssa/qnae049,Bayesian causal forests for multivariate outcomes: application to Irish data from an international large scale education assessment,2025,TIMSS,science,Often absent from school,OTHER,other,other,,null,Science achievement (ATE via multivariate BCF),student,1.0,4118.0,True,True,high
