country_iso3,cycle,PIRLS_reading,lag_ASDHEDUP,lag_ASDHELA,program,domain,PISA_mathematics,lag_ESCS,lag_HOMEPOS,lag_BELONG,lag_ICTAVHOM,lag_ICTAVSCH,PISA_reading,PISA_science,TIMSS_mathematics,lag_BSDGEDUP,TIMSS_science,TIMSS_G4_mathematics,TIMSS_G4_science
ARG,2001,419.5275,,,PIRLS,reading,,,,,,,,,,,,,
BGR,2001,550.4977,,,PIRLS,reading,,,,,,,,,,,,,
CAN,2001,544.1459,,,PIRLS,reading,,,,,,,,,,,,,
COL,2001,422.4281,,,PIRLS,reading,,,,,,,,,,,,,
CQU,2001,537.2443,,,PIRLS,reading,,,,,,,,,,,,,
CZE,2001,536.8826,,,PIRLS,reading,,,,,,,,,,,,,
DEU,2001,539.0901,,,PIRLS,reading,,,,,,,,,,,,,
FRA,2001,525.1702,,,PIRLS,reading,,,,,,,,,,,,,
GRC,2001,524.1667,,,PIRLS,reading,,,,,,,,,,,,,
HKG,2001,527.8711,,,PIRLS,reading,,,,,,,,,,,,,
HUN,2001,543.2264,,,PIRLS,reading,,,,,,,,,,,,,
ISL,2001,512.4169,,,PIRLS,reading,,,,,,,,,,,,,
ISR,2001,508.9392,,,PIRLS,reading,,,,,,,,,,,,,
ITA,2001,540.7288,,,PIRLS,reading,,,,,,,,,,,,,
LTU,2001,543.3865,,,PIRLS,reading,,,,,,,,,,,,,
LVA,2001,544.607,,,PIRLS,reading,,,,,,,,,,,,,
MAR,2001,349.5113,,,PIRLS,reading,,,,,,,,,,,,,
MDA,2001,491.7428,,,PIRLS,reading,,,,,,,,,,,,,
MKD,2001,441.5864,,,PIRLS,reading,,,,,,,,,,,,,
NLD,2001,554.2088,,,PIRLS,reading,,,,,,,,,,,,,
NOR,2001,499.1794,,,PIRLS,reading,,,,,,,,,,,,,
NZL,2001,528.8238,,,PIRLS,reading,,,,,,,,,,,,,
RUS,2001,527.9335,,,PIRLS,reading,,,,,,,,,,,,,
SVK,2001,518.0873,,,PIRLS,reading,,,,,,,,,,,,,
SVN,2001,501.5179,,,PIRLS,reading,,,,,,,,,,,,,
SWE,2001,561.0141,,,PIRLS,reading,,,,,,,,,,,,,
USA,2001,542.149,,,PIRLS,reading,,,,,,,,,,,,,
AUT,2006,538.2962,,,PIRLS,reading,,,,,,,,,,,,,
BFL,2006,547.0444,,,PIRLS,reading,,,,,,,,,,,,,
BFR,2006,499.6659,,,PIRLS,reading,,,,,,,,,,,,,
CBC,2006,558.0385,,,PIRLS,reading,,,,,,,,,,,,,
CNS,2006,541.8475,,,PIRLS,reading,,,,,,,,,,,,,
CQU,2006,532.9081,,,PIRLS,reading,,,,,,,,,,,,,
DEU,2006,547.5908,,,PIRLS,reading,,,,,,,,,,,,,
ENG,2006,539.4825,,,PIRLS,reading,,,,,,,,,,,,,
ESP,2006,512.5039,,,PIRLS,reading,,,,,,,,,,,,,
FRA,2006,521.5935,,,PIRLS,reading,,,,,,,,,,,,,
GEO,2006,470.8356,,,PIRLS,reading,,,,,,,,,,,,,
HKG,2006,563.9113,,,PIRLS,reading,,,,,,,,,,,,,
IRN,2006,420.9328,,,PIRLS,reading,,,,,,,,,,,,,
ISL,2006,510.5973,,,PIRLS,reading,,,,,,,,,,,,,
ISR,2006,512.4622,,,PIRLS,reading,,,,,,,,,,,,,
ITA,2006,551.4682,,,PIRLS,reading,,,,,,,,,,,,,
KWT,2006,330.3003,,,PIRLS,reading,,,,,,,,,,,,,
LTU,2006,537.0325,,,PIRLS,reading,,,,,,,,,,,,,
LUX,2006,557.1952,,,PIRLS,reading,,,,,,,,,,,,,
LVA,2006,540.9115,,,PIRLS,reading,,,,,,,,,,,,,
MAR,2006,322.5801,,,PIRLS,reading,,,,,,,,,,,,,
MDA,2006,499.8838,,,PIRLS,reading,,,,,,,,,,,,,
MKD,2006,442.3955,,,PIRLS,reading,,,,,,,,,,,,,
NLD,2006,547.1517,,,PIRLS,reading,,,,,,,,,,,,,
NOR,2006,498.008,,,PIRLS,reading,,,,,,,,,,,,,
NZL,2006,531.7151,,,PIRLS,reading,,,,,,,,,,,,,
POL,2006,519.3893,,,PIRLS,reading,,,,,,,,,,,,,
ROM,2006,489.4731,,,PIRLS,reading,,,,,,,,,,,,,
RUS,2006,564.7436,,,PIRLS,reading,,,,,,,,,,,,,
SGP,2006,558.2728,,,PIRLS,reading,,,,,,,,,,,,,
SVK,2006,530.8146,,,PIRLS,reading,,,,,,,,,,,,,
SVN,2006,521.5314,,,PIRLS,reading,,,,,,,,,,,,,
TTO,2006,435.5877,,,PIRLS,reading,,,,,,,,,,,,,
TWN,2006,535.3707,,,PIRLS,reading,,,,,,,,,,,,,
USA,2006,539.9249,,,PIRLS,reading,,,,,,,,,,,,,
AAD,2011,424.2648,,,PIRLS,reading,,,,,,,,,,,,,
ARE,2011,438.5933,,,PIRLS,reading,,,,,,,,,,,,,
AUS,2011,527.372,,,PIRLS,reading,,,,,,,,,,,,,
AUT,2011,528.8756,,,PIRLS,reading,,,,,,,,,,,,,
AZE,2011,462.3037,,,PIRLS,reading,,,,,,,,,,,,,
BGR,2011,531.8315,,,PIRLS,reading,,,,,,,,,,,,,
BWA,2011,326.4058,,,PIRLS,reading,,,,,,,,,,,,,
CAB,2011,548.0589,,,PIRLS,reading,,,,,,,,,,,,,
CAN,2011,548.417,,,PIRLS,reading,,,,,,,,,,,,,
COL,2011,451.2458,,,PIRLS,reading,,,,,,,,,,,,,
COT,2011,551.843,,,PIRLS,reading,,,,,,,,,,,,,
CQU,2011,537.6108,,,PIRLS,reading,,,,,,,,,,,,,
DEU,2011,541.0117,,,PIRLS,reading,,,,,,,,,,,,,
DNK,2011,553.9936,,,PIRLS,reading,,,,,,,,,,,,,
EAN,2011,514.8967,,,PIRLS,reading,,,,,,,,,,,,,
FIN,2011,567.8705,,,PIRLS,reading,,,,,,,,,,,,,
FRA,2011,520.0006,,,PIRLS,reading,,,,,,,,,,,,,
GEO,2011,487.7557,,,PIRLS,reading,,,,,,,,,,,,,
HKG,2011,570.5426,,,PIRLS,reading,,,,,,,,,,,,,
HRV,2011,553.0401,,,PIRLS,reading,,,,,,,,,,,,,
IDN,2011,428.4828,,,PIRLS,reading,,,,,,,,,,,,,
IRL,2011,551.6044,,,PIRLS,reading,,,,,,,,,,,,,
ISR,2011,540.9207,,,PIRLS,reading,,,,,,,,,,,,,
KWT,2011,419.071,,,PIRLS,reading,,,,,,,,,,,,,
LTU,2011,528.2289,,,PIRLS,reading,,,,,,,,,,,,,
MLN,2011,457.1436,,,PIRLS,reading,,,,,,,,,,,,,
MLT,2011,476.934,,,PIRLS,reading,,,,,,,,,,,,,
NIR,2011,558.4518,,,PIRLS,reading,,,,,,,,,,,,,
NLD,2011,546.0583,,,PIRLS,reading,,,,,,,,,,,,,
OMN,2011,390.7975,,,PIRLS,reading,,,,,,,,,,,,,
POL,2011,525.5726,,,PIRLS,reading,,,,,,,,,,,,,
PRT,2011,540.8366,,,PIRLS,reading,,,,,,,,,,,,,
RUS,2011,568.4185,,,PIRLS,reading,,,,,,,,,,,,,
SAU,2011,429.8501,,,PIRLS,reading,,,,,,,,,,,,,
SGP,2011,567.2845,,,PIRLS,reading,,,,,,,,,,,,,
SVK,2011,535.0846,,,PIRLS,reading,,,,,,,,,,,,,
SVN,2011,530.3203,,,PIRLS,reading,,,,,,,,,,,,,
SWE,2011,541.6749,,,PIRLS,reading,,,,,,,,,,,,,
TTO,2011,470.85,,,PIRLS,reading,,,,,,,,,,,,,
USA,2011,556.3746,,,PIRLS,reading,,,,,,,,,,,,,
ZAF,2011,349.2863,,,PIRLS,reading,,,,,,,,,,,,,
AAD,2016,414.3079,2.0897,1.7941,PIRLS,reading,,,,,,,,,,,,,
ADU,2016,514.992,1.7663,1.6942,PIRLS,reading,,,,,,,,,,,,,
ARE,2016,450.1036,1.98,1.7521,PIRLS,reading,,,,,,,,,,,,,
AUS,2016,544.3601,,,PIRLS,reading,,,,,,,,,,,,,
AUT,2016,540.7961,2.4214,1.6533,PIRLS,reading,,,,,,,,,,,,,
AZE,2016,472.2769,,,PIRLS,reading,,,,,,,,,,,,,
BFL,2016,525.0589,,,PIRLS,reading,,,,,,,,,,,,,
BFR,2016,497.4955,,,PIRLS,reading,,,,,,,,,,,,,
BGR,2016,551.5391,2.394,1.6722,PIRLS,reading,,,,,,,,,,,,,
BHR,2016,445.9995,,,PIRLS,reading,,,,,,,,,,,,,
CHL,2016,493.8721,,,PIRLS,reading,,,,,,,,,,,,,
COT,2016,543.5816,,,PIRLS,reading,,,,,,,,,,,,,
CQU,2016,547.4221,1.7211,1.5922,PIRLS,reading,,,,,,,,,,,,,
CZE,2016,543.3482,,,PIRLS,reading,,,,,,,,,,,,,
DEU,2016,537.3254,2.5408,1.6309,PIRLS,reading,,,,,,,,,,,,,
DNK,2016,547.4924,,,PIRLS,reading,,,,,,,,,,,,,
EAN,2016,524.584,2.7702,1.5626,PIRLS,reading,,,,,,,,,,,,,
ESP,2016,527.7396,,,PIRLS,reading,,,,,,,,,,,,,
FIN,2016,566.007,1.8909,1.7298,PIRLS,reading,,,,,,,,,,,,,
FRA,2016,511.244,,,PIRLS,reading,,,,,,,,,,,,,
GEO,2016,488.3194,1.9399,1.4722,PIRLS,reading,,,,,,,,,,,,,
IRL,2016,566.5963,2.1077,1.489,PIRLS,reading,,,,,,,,,,,,,
IRN,2016,431.057,3.2674,1.9107,PIRLS,reading,,,,,,,,,,,,,
ISR,2016,530.2877,,,PIRLS,reading,,,,,,,,,,,,,
ITA,2016,548.0069,,,PIRLS,reading,,,,,,,,,,,,,
KAZ,2016,536.0463,,,PIRLS,reading,,,,,,,,,,,,,
LVA,2016,557.7509,,,PIRLS,reading,,,,,,,,,,,,,
MAR,2016,349.255,3.8277,1.9546,PIRLS,reading,,,,,,,,,,,,,
NIR,2016,564.6207,2.4538,1.4139,PIRLS,reading,,,,,,,,,,,,,
NLD,2016,544.8837,,,PIRLS,reading,,,,,,,,,,,,,
NOR,2016,558.9496,,,PIRLS,reading,,,,,,,,,,,,,
NZL,2016,522.5312,2.119,1.4576,PIRLS,reading,,,,,,,,,,,,,
PRT,2016,527.7969,2.775,1.6457,PIRLS,reading,,,,,,,,,,,,,
QAT,2016,442.2461,1.942,1.7589,PIRLS,reading,,,,,,,,,,,,,
RMO,2016,612.0839,,,PIRLS,reading,,,,,,,,,,,,,
RUS,2016,580.7725,,,PIRLS,reading,,,,,,,,,,,,,
SAU,2016,430.2995,,,PIRLS,reading,,,,,,,,,,,,,
SVK,2016,534.7911,,,PIRLS,reading,,,,,,,,,,,,,
SWE,2016,555.1602,,,PIRLS,reading,,,,,,,,,,,,,
AAD,2021,439.5624,1.8244,1.742,PIRLS,reading,,,,,,,,,,,,,
ADU,2021,551.8599,,,PIRLS,reading,,,,,,,,,,,,,
ALB,2021,512.7426,,,PIRLS,reading,,,,,,,,,,,,,
AUS,2021,540.1345,,,PIRLS,reading,,,,,,,,,,,,,
AUT,2021,529.763,,,PIRLS,reading,,,,,,,,,,,,,
AZE,2021,440.2748,,,PIRLS,reading,,,,,,,,,,,,,
BFL,2021,506.6666,1.7588,1.7875,PIRLS,reading,,,,,,,,,,,,,
BFR,2021,494.2658,1.9212,1.7227,PIRLS,reading,,,,,,,,,,,,,
BGR,2021,539.8938,,,PIRLS,reading,,,,,,,,,,,,,
BHR,2021,458.3948,,,PIRLS,reading,,,,,,,,,,,,,
BRA,2021,418.8765,,,PIRLS,reading,,,,,,,,,,,,,
CAB,2021,538.687,,,PIRLS,reading,,,,,,,,,,,,,
CQU,2021,551.0024,1.5872,1.5906,PIRLS,reading,,,,,,,,,,,,,
CYP,2021,510.867,,,PIRLS,reading,,,,,,,,,,,,,
CZE,2021,542.5968,,,PIRLS,reading,,,,,,,,,,,,,
DEU,2021,523.9744,2.172,1.6191,PIRLS,reading,,,,,,,,,,,,,
DNK,2021,539.235,1.6082,1.6506,PIRLS,reading,,,,,,,,,,,,,
EGY,2021,378.2326,,,PIRLS,reading,,,,,,,,,,,,,
ENG,2021,557.5525,,,PIRLS,reading,,,,,,,,,,,,,
ESP,2021,516.9008,2.1736,1.4769,PIRLS,reading,,,,,,,,,,,,,
FIN,2021,549.3,1.7304,1.685,PIRLS,reading,,,,,,,,,,,,,
FRA,2021,513.7371,,,PIRLS,reading,,,,,,,,,,,,,
GEO,2021,494.0261,1.9625,1.4674,PIRLS,reading,,,,,,,,,,,,,
HKG,2021,572.821,2.5523,1.9221,PIRLS,reading,,,,,,,,,,,,,
HRV,2021,553.0778,,,PIRLS,reading,,,,,,,,,,,,,
HUN,2021,540.648,,,PIRLS,reading,,,,,,,,,,,,,
IRN,2021,412.7746,3.0359,1.8469,PIRLS,reading,,,,,,,,,,,,,
ISR,2021,509.3351,,,PIRLS,reading,,,,,,,,,,,,,
ITA,2021,541.0125,,,PIRLS,reading,,,,,,,,,,,,,
JOR,2021,380.5271,,,PIRLS,reading,,,,,,,,,,,,,
KAZ,2021,504.4283,1.7739,1.3582,PIRLS,reading,,,,,,,,,,,,,
LTU,2021,552.2204,1.7306,1.5706,PIRLS,reading,,,,,,,,,,,,,
LVA,2021,527.6827,,,PIRLS,reading,,,,,,,,,,,,,
MAC,2021,535.565,,,PIRLS,reading,,,,,,,,,,,,,
MKD,2021,442.1474,,,PIRLS,reading,,,,,,,,,,,,,
MLT,2021,498.8876,2.6116,1.4982,PIRLS,reading,,,,,,,,,,,,,
NIR,2021,565.9341,1.9136,1.3395,PIRLS,reading,,,,,,,,,,,,,
NLD,2021,527.2375,1.7013,1.5909,PIRLS,reading,,,,,,,,,,,,,
NOR,2021,531.1567,1.5664,1.6214,PIRLS,reading,,,,,,,,,,,,,
NZL,2021,519.0023,,,PIRLS,reading,,,,,,,,,,,,,
POL,2021,549.1209,,,PIRLS,reading,,,,,,,,,,,,,
PRT,2021,519.7634,2.6191,1.6442,PIRLS,reading,,,,,,,,,,,,,
QAT,2021,484.7257,1.6854,1.7326,PIRLS,reading,,,,,,,,,,,,,
RMO,2021,603.0469,,,PIRLS,reading,,,,,,,,,,,,,
RUS,2021,570.9169,1.6235,1.3378,PIRLS,reading,,,,,,,,,,,,,
SAU,2021,448.5494,2.415,1.795,PIRLS,reading,,,,,,,,,,,,,
SGP,2021,584.399,1.8614,1.7464,PIRLS,reading,,,,,,,,,,,,,
SVN,2021,519.6575,2.0671,1.519,PIRLS,reading,,,,,,,,,,,,,
SWE,2021,539.8389,,,PIRLS,reading,,,,,,,,,,,,,
TUR,2021,496.447,,,PIRLS,reading,,,,,,,,,,,,,
TWN,2021,559.3303,2.0482,1.888,PIRLS,reading,,,,,,,,,,,,,
USA,2021,547.5437,,,PIRLS,reading,,,,,,,,,,,,,
XKX,2021,420.548,,,PIRLS,reading,,,,,,,,,,,,,
ZAF,2021,288.2159,,,PIRLS,reading,,,,,,,,,,,,,
ALB,2000,,,,PISA,mathematics,381.0,,,,,,,,,,,,
ARG,2000,,,,PISA,mathematics,388.0,,,,,,,,,,,,
AUS,2000,,,,PISA,mathematics,533.0,,,,,,,,,,,,
AUT,2000,,,,PISA,mathematics,502.5,,,,,,,,,,,,
BEL,2000,,,,PISA,mathematics,520.0,,,,,,,,,,,,
BGR,2000,,,,PISA,mathematics,430.0,,,,,,,,,,,,
BRA,2000,,,,PISA,mathematics,334.0,,,,,,,,,,,,
CAN,2000,,,,PISA,mathematics,533.0,,,,,,,,,,,,
CHE,2000,,,,PISA,mathematics,529.0,,,,,,,,,,,,
CHL,2000,,,,PISA,mathematics,384.0,,,,,,,,,,,,
CZE,2000,,,,PISA,mathematics,498.0,,,,,,,,,,,,
DEU,2000,,,,PISA,mathematics,490.0,,,,,,,,,,,,
DNK,2000,,,,PISA,mathematics,514.0,,,,,,,,,,,,
ESP,2000,,,,PISA,mathematics,476.0,,,,,,,,,,,,
FIN,2000,,,,PISA,mathematics,536.0,,,,,,,,,,,,
FRA,2000,,,,PISA,mathematics,517.0,,,,,,,,,,,,
GBR,2000,,,,PISA,mathematics,529.0,,,,,,,,,,,,
GRC,2000,,,,PISA,mathematics,447.0,,,,,,,,,,,,
HKG,2000,,,,PISA,mathematics,560.0,,,,,,,,,,,,
HUN,2000,,,,PISA,mathematics,488.0,,,,,,,,,,,,
IDN,2000,,,,PISA,mathematics,367.0,,,,,,,,,,,,
IRL,2000,,,,PISA,mathematics,503.0,,,,,,,,,,,,
ISL,2000,,,,PISA,mathematics,514.0,,,,,,,,,,,,
ISR,2000,,,,PISA,mathematics,433.0,,,,,,,,,,,,
ITA,2000,,,,PISA,mathematics,457.0,,,,,,,,,,,,
JPN,2000,,,,PISA,mathematics,557.0,,,,,,,,,,,,
KOR,2000,,,,PISA,mathematics,547.0,,,,,,,,,,,,
LIE,2000,,,,PISA,mathematics,514.0,,,,,,,,,,,,
LUX,2000,,,,PISA,mathematics,446.0,,,,,,,,,,,,
LVA,2000,,,,PISA,mathematics,463.0,,,,,,,,,,,,
MEX,2000,,,,PISA,mathematics,387.0,,,,,,,,,,,,
MKD,2000,,,,PISA,mathematics,381.0,,,,,,,,,,,,
NOR,2000,,,,PISA,mathematics,499.0,,,,,,,,,,,,
NZL,2000,,,,PISA,mathematics,537.0,,,,,,,,,,,,
PER,2000,,,,PISA,mathematics,292.0,,,,,,,,,,,,
POL,2000,,,,PISA,mathematics,470.0,,,,,,,,,,,,
PRT,2000,,,,PISA,mathematics,454.0,,,,,,,,,,,,
ROU,2000,,,,PISA,mathematics,426.0,,,,,,,,,,,,
RUS,2000,,,,PISA,mathematics,478.0,,,,,,,,,,,,
SWE,2000,,,,PISA,mathematics,510.0,,,,,,,,,,,,
THA,2000,,,,PISA,mathematics,432.0,,,,,,,,,,,,
USA,2000,,,,PISA,mathematics,493.0,,,,,,,,,,,,
AUS,2003,,,,PISA,mathematics,524.266,,,,,,,,,,,,
AUT,2003,,,,PISA,mathematics,505.611,,,,,,,,,,,,
BEL,2003,,,,PISA,mathematics,529.2864,,,,,,,,,,,,
BRA,2003,,,,PISA,mathematics,356.0158,,,,,,,,,,,,
CAN,2003,,,,PISA,mathematics,532.4867,,,,,,,,,,,,
CHE,2003,,,,PISA,mathematics,526.5531,,,,,,,,,,,,
CZE,2003,,,,PISA,mathematics,516.455,,,,,,,,,,,,
DEU,2003,,,,PISA,mathematics,502.9855,,,,,,,,,,,,
DNK,2003,,,,PISA,mathematics,514.2877,,,,,,,,,,,,
ESP,2003,,,,PISA,mathematics,485.1081,,,,,,,,,,,,
FIN,2003,,,,PISA,mathematics,544.2892,,,,,,,,,,,,
FRA,2003,,,,PISA,mathematics,510.7995,,,,,,,,,,,,
GBR,2003,,,,PISA,mathematics,508.2581,,,,,,,,,,,,
GRC,2003,,,,PISA,mathematics,444.9119,,,,,,,,,,,,
HKG,2003,,,,PISA,mathematics,550.3832,,,,,,,,,,,,
HUN,2003,,,,PISA,mathematics,490.0124,,,,,,,,,,,,
IDN,2003,,,,PISA,mathematics,360.1588,,,,,,,,,,,,
IRL,2003,,,,PISA,mathematics,502.8373,,,,,,,,,,,,
ISL,2003,,,,PISA,mathematics,515.1087,,,,,,,,,,,,
ITA,2003,,,,PISA,mathematics,465.6642,,,,,,,,,,,,
JPN,2003,,,,PISA,mathematics,534.1365,,,,,,,,,,,,
KOR,2003,,,,PISA,mathematics,542.2274,,,,,,,,,,,,
LIE,2003,,,,PISA,mathematics,535.7954,,,,,,,,,,,,
LUX,2003,,,,PISA,mathematics,493.2086,,,,,,,,,,,,
LVA,2003,,,,PISA,mathematics,483.3749,,,,,,,,,,,,
MAC,2003,,,,PISA,mathematics,527.2703,,,,,,,,,,,,
MEX,2003,,,,PISA,mathematics,385.2183,,,,,,,,,,,,
NLD,2003,,,,PISA,mathematics,537.8233,,,,,,,,,,,,
NOR,2003,,,,PISA,mathematics,495.1854,,,,,,,,,,,,
NZL,2003,,,,PISA,mathematics,523.4866,,,,,,,,,,,,
POL,2003,,,,PISA,mathematics,490.2388,,,,,,,,,,,,
PRT,2003,,,,PISA,mathematics,466.0167,,,,,,,,,,,,
RUS,2003,,,,PISA,mathematics,468.4067,,,,,,,,,,,,
SRB,2003,,,,PISA,mathematics,436.8713,,,,,,,,,,,,
SVK,2003,,,,PISA,mathematics,498.1835,,,,,,,,,,,,
SWE,2003,,,,PISA,mathematics,509.0464,,,,,,,,,,,,
THA,2003,,,,PISA,mathematics,416.978,,,,,,,,,,,,
TUN,2003,,,,PISA,mathematics,358.7332,,,,,,,,,,,,
TUR,2003,,,,PISA,mathematics,423.4194,,,,,,,,,,,,
URY,2003,,,,PISA,mathematics,422.1999,,,,,,,,,,,,
USA,2003,,,,PISA,mathematics,482.885,,,,,,,,,,,,
ARG,2006,,,,PISA,mathematics,381.2539,,,,,,,,,,,,
AUS,2006,,,,PISA,mathematics,519.9077,,,,,,,,,,,,
AUT,2006,,,,PISA,mathematics,505.4836,,,,,,,,,,,,
AZE,2006,,,,PISA,mathematics,475.9952,,,,,,,,,,,,
BEL,2006,,,,PISA,mathematics,520.349,,,,,,,,,,,,
BGR,2006,,,,PISA,mathematics,413.4492,,,,,,,,,,,,
BRA,2006,,,,PISA,mathematics,369.515,,,,,,,,,,,,
CAN,2006,,,,PISA,mathematics,527.0072,,,,,,,,,,,,
CHE,2006,,,,PISA,mathematics,529.6561,,,,,,,,,,,,
CHL,2006,,,,PISA,mathematics,411.3503,,,,,,,,,,,,
COL,2006,,,,PISA,mathematics,369.9785,,,,,,,,,,,,
CZE,2006,,,,PISA,mathematics,509.8594,,,,,,,,,,,,
DEU,2006,,,,PISA,mathematics,503.7909,,,,,,,,,,,,
DNK,2006,,,,PISA,mathematics,513.026,,,,,,,,,,,,
ESP,2006,,,,PISA,mathematics,479.9575,,,,,,,,,,,,
EST,2006,,,,PISA,mathematics,514.5755,,,,,,,,,,,,
FIN,2006,,,,PISA,mathematics,548.3584,,,,,,,,,,,,
FRA,2006,,,,PISA,mathematics,495.5383,,,,,,,,,,,,
GBR,2006,,,,PISA,mathematics,495.4442,,,,,,,,,,,,
GRC,2006,,,,PISA,mathematics,459.202,,,,,,,,,,,,
HKG,2006,,,,PISA,mathematics,547.4607,,,,,,,,,,,,
HRV,2006,,,,PISA,mathematics,467.2467,,,,,,,,,,,,
HUN,2006,,,,PISA,mathematics,490.9374,,,,,,,,,,,,
IDN,2006,,,,PISA,mathematics,391.0068,,,,,,,,,,,,
IRL,2006,,,,PISA,mathematics,501.4718,,,,,,,,,,,,
ISL,2006,,,,PISA,mathematics,505.5448,,,,,,,,,,,,
ISR,2006,,,,PISA,mathematics,441.8587,,,,,,,,,,,,
ITA,2006,,,,PISA,mathematics,461.6887,,,,,,,,,,,,
JOR,2006,,,,PISA,mathematics,384.0361,,,,,,,,,,,,
JPN,2006,,,,PISA,mathematics,523.1025,,,,,,,,,,,,
KGZ,2006,,,,PISA,mathematics,310.5838,,,,,,,,,,,,
KOR,2006,,,,PISA,mathematics,547.4585,,,,,,,,,,,,
LIE,2006,,,,PISA,mathematics,524.9674,,,,,,,,,,,,
LTU,2006,,,,PISA,mathematics,486.4213,,,,,,,,,,,,
LUX,2006,,,,PISA,mathematics,490.0018,,,,,,,,,,,,
LVA,2006,,,,PISA,mathematics,486.1661,,,,,,,,,,,,
MAC,2006,,,,PISA,mathematics,525.0025,,,,,,,,,,,,
MEX,2006,,,,PISA,mathematics,405.6546,,,,,,,,,,,,
MNE,2006,,,,PISA,mathematics,399.3077,,,,,,,,,,,,
NLD,2006,,,,PISA,mathematics,530.654,,,,,,,,,,,,
NOR,2006,,,,PISA,mathematics,489.8464,,,,,,,,,,,,
NZL,2006,,,,PISA,mathematics,521.9888,,,,,,,,,,,,
POL,2006,,,,PISA,mathematics,495.4285,,,,,,,,,,,,
PRT,2006,,,,PISA,mathematics,466.161,,,,,,,,,,,,
QAT,2006,,,,PISA,mathematics,317.9557,,,,,,,,,,,,
ROU,2006,,,,PISA,mathematics,414.796,,,,,,,,,,,,
RUS,2006,,,,PISA,mathematics,475.6791,,,,,,,,,,,,
SRB,2006,,,,PISA,mathematics,435.3753,,,,,,,,,,,,
SVK,2006,,,,PISA,mathematics,492.1062,,,,,,,,,,,,
SVN,2006,,,,PISA,mathematics,504.456,,,,,,,,,,,,
SWE,2006,,,,PISA,mathematics,502.3564,,,,,,,,,,,,
THA,2006,,,,PISA,mathematics,417.0726,,,,,,,,,,,,
TUN,2006,,,,PISA,mathematics,365.4794,,,,,,,,,,,,
TUR,2006,,,,PISA,mathematics,423.9412,,,,,,,,,,,,
URY,2006,,,,PISA,mathematics,426.799,,,,,,,,,,,,
USA,2006,,,,PISA,mathematics,474.3522,,,,,,,,,,,,
ALB,2009,,,,PISA,mathematics,377.4611,,,,,,,,,,,,
ARG,2009,,,,PISA,mathematics,388.0681,,,,,,,,,,,,
AUS,2009,,,,PISA,mathematics,514.3405,0.2270618042707386,0.4418990462155581,0.0408363156845903,,,,,,,,,
AUT,2009,,,,PISA,mathematics,495.9087,0.0610114384205731,0.3644835668034877,0.4429332442127361,,,,,,,,,
AZE,2009,,,,PISA,mathematics,430.9753,,,,,,,,,,,,
BEL,2009,,,,PISA,mathematics,515.2723,0.1522770665061282,0.2492513356494882,-0.2841239566539923,,,,,,,,,
BGR,2009,,,,PISA,mathematics,428.0661,,,,,,,,,,,,
BRA,2009,,,,PISA,mathematics,385.8141,-0.9492624504146472,-0.8638098363082346,0.1304362617315885,,,,,,,,,
CAN,2009,,,,PISA,mathematics,526.8052,0.4526426897180394,0.5125222579391411,0.0169766280910463,,,,,,,,,
CHE,2009,,,,PISA,mathematics,533.9606,-0.057619387118595,0.1932152199776817,0.1925176148359923,,,,,,,,,
CHL,2009,,,,PISA,mathematics,421.0605,,,,,,,,,,,,
CHN,2009,,,,PISA,mathematics,600.0763,,,,,,,,,,,,
COL,2009,,,,PISA,mathematics,380.8482,,,,,,,,,,,,
CRI,2009,,,,PISA,mathematics,409.3854,,,,,,,,,,,,
CZE,2009,,,,PISA,mathematics,492.8141,0.1640862428176488,0.236953793918897,-0.2743562033280163,,,,,,,,,
DEU,2009,,,,PISA,mathematics,512.7776,0.1602319363421634,0.5033795520637417,0.2413154660576403,,,,,,,,,
DNK,2009,,,,PISA,mathematics,503.2781,0.2022069408311536,0.2970292334134539,0.0124947991169335,,,,,,,,,
ESP,2009,,,,PISA,mathematics,483.4931,-0.2966860979736281,0.2621322813022453,0.2018814399925719,,,,,,,,,
EST,2009,,,,PISA,mathematics,512.1042,,,,,,,,,,,,
FIN,2009,,,,PISA,mathematics,540.5043,0.2473150040414742,0.4425366803809402,-0.0174718824364245,,,,,,,,,
FRA,2009,,,,PISA,mathematics,496.7823,-0.0777329456945863,0.2750484497489493,-0.1806823512646628,,,,,,,,,
GBR,2009,,,,PISA,mathematics,492.4141,0.1240468635819278,0.4148515626346683,0.0822468507701472,,,,,,,,,
GEO,2009,,,,PISA,mathematics,379.491,,,,,,,,,,,,
GRC,2009,,,,PISA,mathematics,466.0964,-0.1504257420668089,-0.0967302779414689,0.0377050066882579,,,,,,,,,
HKG,2009,,,,PISA,mathematics,554.5275,-0.7578567776264036,-0.2195596338026458,-0.6070759681451213,,,,,,,,,
HRV,2009,,,,PISA,mathematics,459.9389,,,,,,,,,,,,
HUN,2009,,,,PISA,mathematics,490.17,-0.0680970650504805,0.1019678184864939,0.0793916375481371,,,,,,,,,
IDN,2009,,,,PISA,mathematics,371.3009,-1.2574812283865318,-0.923536796327649,-0.303402962597012,,,,,,,,,
IRL,2009,,,,PISA,mathematics,487.1364,-0.0816291735457012,0.1159468420901623,0.0782063510681194,,,,,,,,,
ISL,2009,,,,PISA,mathematics,506.6692,0.6908836773282258,1.034073452492018,0.1598374194315297,,,,,,,,,
ISR,2009,,,,PISA,mathematics,446.8638,,,,,,,,,,,,
ITA,2009,,,,PISA,mathematics,482.9085,-0.111061402867511,0.1367604712590719,0.0509047180049275,,,,,,,,,
JOR,2009,,,,PISA,mathematics,386.6638,,,,,,,,,,,,
JPN,2009,,,,PISA,mathematics,528.9931,-0.0761573319394795,-0.3224835843454401,-0.525602545706312,,,,,,,,,
KAZ,2009,,,,PISA,mathematics,404.8847,,,,,,,,,,,,
KGZ,2009,,,,PISA,mathematics,331.1555,,,,,,,,,,,,
KOR,2009,,,,PISA,mathematics,546.2285,-0.0991659679908825,0.2014337071040692,-0.3895518087530454,,,,,,,,,
LIE,2009,,,,PISA,mathematics,536.0485,0.0099785850266633,0.3192623060611231,0.1934633326426401,,,,,,,,,
LTU,2009,,,,PISA,mathematics,476.6023,,,,,,,,,,,,
LUX,2009,,,,PISA,mathematics,489.0673,0.1849799774663588,0.5048137580115527,0.2272938136342048,,,,,,,,,
LVA,2009,,,,PISA,mathematics,481.9538,0.1151813431635813,-0.0777339806042747,-0.2113813836661182,,,,,,,,,
MAC,2009,,,,PISA,mathematics,525.283,-0.9023806936748614,-0.3991355691149464,-0.6115840165864362,,,,,,,,,
MDA,2009,,,,PISA,mathematics,397.4921,,,,,,,,,,,,
MEX,2009,,,,PISA,mathematics,418.5091,-1.1292350284091142,-0.9808571149852668,0.0773290834411513,,,,,,,,,
MLT,2009,,,,PISA,mathematics,462.8762,,,,,,,,,,,,
MNE,2009,,,,PISA,mathematics,402.5154,,,,,,,,,,,,
MUS,2009,,,,PISA,mathematics,419.9971,,,,,,,,,,,,
MYS,2009,,,,PISA,mathematics,404.2581,,,,,,,,,,,,
NLD,2009,,,,PISA,mathematics,525.8357,0.097788461305755,0.2750008402286971,-0.0575483280248686,,,,,,,,,
NOR,2009,,,,PISA,mathematics,497.9557,0.6066050746723949,0.7368727934763561,0.2378420021687337,,,,,,,,,
NZL,2009,,,,PISA,mathematics,519.3009,0.2135067613258737,0.324302228148018,-0.0080631803301932,,,,,,,,,
PAN,2009,,,,PISA,mathematics,359.7482,,,,,,,,,,,,
PER,2009,,,,PISA,mathematics,365.1073,,,,,,,,,,,,
POL,2009,,,,PISA,mathematics,494.8029,-0.2008851937781181,0.0545906788418912,-0.1659567615838278,,,,,,,,,
PRT,2009,,,,PISA,mathematics,486.8883,-0.6295700099927111,0.0885548501982273,0.0934500511638716,,,,,,,,,
QAT,2009,,,,PISA,mathematics,368.1125,,,,,,,,,,,,
ROU,2009,,,,PISA,mathematics,427.0792,,,,,,,,,,,,
RUS,2009,,,,PISA,mathematics,467.8122,-0.0947864048552994,-0.2331310451205095,-0.2881867662579967,,,,,,,,,
SGP,2009,,,,PISA,mathematics,562.0187,,,,,,,,,,,,
SRB,2009,,,,PISA,mathematics,442.3819,,,,,,,,,,,,
SVK,2009,,,,PISA,mathematics,496.6834,-0.0830243702008905,-0.1438947540635008,-0.1604787731181633,,,,,,,,,
SVN,2009,,,,PISA,mathematics,501.4724,,,,,,,,,,,,
SWE,2009,,,,PISA,mathematics,494.2382,0.2541745613505481,0.5352771736337494,0.2465491823969099,,,,,,,,,
THA,2009,,,,PISA,mathematics,418.5839,-1.182920684988647,-0.6812405868824801,-0.2855118882523674,,,,,,,,,
TTO,2009,,,,PISA,mathematics,414.045,,,,,,,,,,,,
TUN,2009,,,,PISA,mathematics,371.4835,-1.340395691334822,-1.222776105385851,-0.0869760332046431,,,,,,,,,
TUR,2009,,,,PISA,mathematics,445.4513,-0.9798281630483544,-0.5287116052748442,-0.4426211813489595,,,,,,,,,
URY,2009,,,,PISA,mathematics,426.7238,-0.3463179258757933,-0.2538164100606015,0.2414992116438825,,,,,,,,,
USA,2009,,,,PISA,mathematics,487.3965,0.2960707886467874,0.340279384378795,,,,,,,,,,
ALB,2012,,,,PISA,mathematics,394.3293,,,,,,,,,,,,
ARG,2012,,,,PISA,mathematics,388.4317,,,,,,,,,,,,
AUS,2012,,,,PISA,mathematics,504.1508,,,,,,,,,,,,
AUT,2012,,,,PISA,mathematics,505.5407,,,,,,,,,,,,
BEL,2012,,,,PISA,mathematics,514.5292,,,,,,,,,,,,
BGR,2012,,,,PISA,mathematics,438.7383,,,,,,,,,,,,
BRA,2012,,,,PISA,mathematics,391.4599,,,,,,,,,,,,
CAN,2012,,,,PISA,mathematics,518.0704,,,,,,,,,,,,
CHE,2012,,,,PISA,mathematics,530.931,,,,,,,,,,,,
CHL,2012,,,,PISA,mathematics,422.6324,,,,,,,,,,,,
CHN,2012,,,,PISA,mathematics,612.6755,,,,,,,,,,,,
COL,2012,,,,PISA,mathematics,376.4886,,,,,,,,,,,,
CRI,2012,,,,PISA,mathematics,406.9999,,,,,,,,,,,,
CZE,2012,,,,PISA,mathematics,498.9579,,,,,,,,,,,,
DEU,2012,,,,PISA,mathematics,513.5251,,,,,,,,,,,,
DNK,2012,,,,PISA,mathematics,500.0268,,,,,,,,,,,,
ESP,2012,,,,PISA,mathematics,484.3193,,,,,,,,,,,,
EST,2012,,,,PISA,mathematics,520.5455,,,,,,,,,,,,
FIN,2012,,,,PISA,mathematics,518.7503,,,,,,,,,,,,
FRA,2012,,,,PISA,mathematics,494.9847,,,,,,,,,,,,
GBR,2012,,,,PISA,mathematics,493.9342,,,,,,,,,,,,
GRC,2012,,,,PISA,mathematics,452.9734,,,,,,,,,,,,
HKG,2012,,,,PISA,mathematics,561.2411,,,,,,,,,,,,
HRV,2012,,,,PISA,mathematics,471.1315,,,,,,,,,,,,
HUN,2012,,,,PISA,mathematics,477.0445,,,,,,,,,,,,
IDN,2012,,,,PISA,mathematics,375.1145,,,,,,,,,,,,
IRL,2012,,,,PISA,mathematics,501.4975,,,,,,,,,,,,
ISL,2012,,,,PISA,mathematics,492.7957,,,,,,,,,,,,
ISR,2012,,,,PISA,mathematics,466.4814,,,,,,,,,,,,
ITA,2012,,,,PISA,mathematics,485.3212,,,,,,,,,,,,
JOR,2012,,,,PISA,mathematics,385.5956,,,,,,,,,,,,
JPN,2012,,,,PISA,mathematics,536.4069,,,,,,,,,,,,
KAZ,2012,,,,PISA,mathematics,431.7984,,,,,,,,,,,,
KOR,2012,,,,PISA,mathematics,553.7667,,,,,,,,,,,,
LIE,2012,,,,PISA,mathematics,534.9651,,,,,,,,,,,,
LTU,2012,,,,PISA,mathematics,478.8233,,,,,,,,,,,,
LUX,2012,,,,PISA,mathematics,489.8451,,,,,,,,,,,,
LVA,2012,,,,PISA,mathematics,490.571,,,,,,,,,,,,
MAC,2012,,,,PISA,mathematics,538.1345,,,,,,,,,,,,
MEX,2012,,,,PISA,mathematics,413.2815,,,,,,,,,,,,
MNE,2012,,,,PISA,mathematics,409.6266,,,,,,,,,,,,
MYS,2012,,,,PISA,mathematics,420.513,,,,,,,,,,,,
NLD,2012,,,,PISA,mathematics,522.9718,,,,,,,,,,,,
NOR,2012,,,,PISA,mathematics,489.3731,,,,,,,,,,,,
NZL,2012,,,,PISA,mathematics,499.7499,,,,,,,,,,,,
PER,2012,,,,PISA,mathematics,368.1025,,,,,,,,,,,,
POL,2012,,,,PISA,mathematics,517.5011,,,,,,,,,,,,
PRT,2012,,,,PISA,mathematics,487.0632,,,,,,,,,,,,
QAT,2012,,,,PISA,mathematics,376.4484,,,,,,,,,,,,
ROU,2012,,,,PISA,mathematics,444.5542,,,,,,,,,,,,
RUS,2012,,,,PISA,mathematics,482.1694,,,,,,,,,,,,
SGP,2012,,,,PISA,mathematics,573.4683,,,,,,,,,,,,
SRB,2012,,,,PISA,mathematics,448.8591,,,,,,,,,,,,
SVK,2012,,,,PISA,mathematics,481.6447,,,,,,,,,,,,
SVN,2012,,,,PISA,mathematics,501.1274,,,,,,,,,,,,
SWE,2012,,,,PISA,mathematics,478.2606,,,,,,,,,,,,
THA,2012,,,,PISA,mathematics,426.7375,,,,,,,,,,,,
TUN,2012,,,,PISA,mathematics,387.8246,,,,,,,,,,,,
TUR,2012,,,,PISA,mathematics,447.9844,,,,,,,,,,,,
URY,2012,,,,PISA,mathematics,409.2916,,,,,,,,,,,,
USA,2012,,,,PISA,mathematics,481.3668,,,,,,,,,,,,
VNM,2012,,,,PISA,mathematics,511.3382,,,,,,,,,,,,
ALB,2015,,,,PISA,mathematics,413.157,,,,,,,,,,,,
ARE,2015,,,,PISA,mathematics,427.4827,0.3148592414921476,-0.1854300197168374,,,,,,,,,,
AUS,2015,,,,PISA,mathematics,493.8962,0.3721603382690234,0.6017467746887963,,,,,,,,,,
AUT,2015,,,,PISA,mathematics,496.7423,0.1467721331854135,0.0937909519943036,,,,,,,,,,
BEL,2015,,,,PISA,mathematics,506.9844,0.2919930819588537,0.1797520491119041,,,,,,,,,,
BGR,2015,,,,PISA,mathematics,441.1899,0.003008112658973,-0.3226939305852858,,,,,,,,,,
BRA,2015,,,,PISA,mathematics,377.0695,-1.0931538984016071,-1.379248477392956,,,,,,,,,,
CAN,2015,,,,PISA,mathematics,515.6474,0.5058304779209916,0.3935663653442346,,,,,,,,,,
CHE,2015,,,,PISA,mathematics,521.2506,0.0793655559382421,-0.1413401076053805,,,,,,,,,,
CHL,2015,,,,PISA,mathematics,422.6714,-0.4113731461290743,-0.5786210527910146,,,,,,,,,,
COL,2015,,,,PISA,mathematics,389.6438,-0.905450235467092,-1.1975712654770658,,,,,,,,,,
CRI,2015,,,,PISA,mathematics,400.2534,-0.8446372440475435,-1.11249861201046,,,,,,,,,,
CZE,2015,,,,PISA,mathematics,492.3254,0.0761905005218968,-0.125699506410503,,,,,,,,,,
DEU,2015,,,,PISA,mathematics,505.9713,0.2468614776194473,0.1697655300341008,,,,,,,,,,
DNK,2015,,,,PISA,mathematics,511.0876,0.2035217581954834,0.2083958723326768,,,,,,,,,,
DOM,2015,,,,PISA,mathematics,327.702,,,,,,,,,,,,
DZA,2015,,,,PISA,mathematics,359.6062,,,,,,,,,,,,
ESP,2015,,,,PISA,mathematics,485.8432,-0.185961082603786,-0.1146041743385551,,,,,,,,,,
EST,2015,,,,PISA,mathematics,519.5291,0.2150291651191981,0.1149949005063374,,,,,,,,,,
FIN,2015,,,,PISA,mathematics,511.0769,0.4470381241692402,0.1755540430269295,,,,,,,,,,
FRA,2015,,,,PISA,mathematics,492.9204,-0.0449968223896247,0.0686164026102193,,,,,,,,,,
GBR,2015,,,,PISA,mathematics,492.4785,0.2359424297609694,0.1879421440047878,,,,,,,,,,
GEO,2015,,,,PISA,mathematics,403.8332,-0.1884614250744934,-0.9333797702991792,,,,,,,,,,
GRC,2015,,,,PISA,mathematics,453.6299,0.0909317476984337,-0.0833328223312708,,,,,,,,,,
HKG,2015,,,,PISA,mathematics,547.931,-0.7682438265261012,-0.8549774578329985,,,,,,,,,,
HRV,2015,,,,PISA,mathematics,464.0401,-0.1332179809899394,-0.3629649499991693,,,,,,,,,,
HUN,2015,,,,PISA,mathematics,476.8309,-0.0781192736863072,-0.105022501751747,,,,,,,,,,
IDN,2015,,,,PISA,mathematics,386.1096,-1.476588604584061,-1.828567794459818,,,,,,,,,,
IRL,2015,,,,PISA,mathematics,503.722,0.1161348196545306,0.1205967166176851,,,,,,,,,,
ISL,2015,,,,PISA,mathematics,488.0332,0.7586301002094146,0.5476359591891663,,,,,,,,,,
ISR,2015,,,,PISA,mathematics,469.6695,0.0581959960668857,-0.2563429130219506,,,,,,,,,,
ITA,2015,,,,PISA,mathematics,489.7287,-0.0402469606185762,0.0328595907521947,,,,,,,,,,
JOR,2015,,,,PISA,mathematics,380.259,-0.4324539563966087,-1.1431026226334664,,,,,,,,,,
JPN,2015,,,,PISA,mathematics,532.4399,0.0304930314473572,-0.4415022348141206,,,,,,,,,,
KOR,2015,,,,PISA,mathematics,524.1062,-0.0940629524712708,-0.5510529134606923,,,,,,,,,,
KSV,2015,,,,PISA,mathematics,361.534,,,,,,,,,,,,
LBN,2015,,,,PISA,mathematics,396.2497,,,,,,,,,,,,
LTU,2015,,,,PISA,mathematics,478.3834,0.026331819897095,-0.1470547774283936,,,,,,,,,,
LUX,2015,,,,PISA,mathematics,485.7706,0.3166031825330963,0.5571140502955931,,,,,,,,,,
LVA,2015,,,,PISA,mathematics,482.3051,-0.0058601261727565,-0.2598577166270454,,,,,,,,,,
MAC,2015,,,,PISA,mathematics,543.8078,-0.6860456129393264,-0.316003309132415,,,,,,,,,,
MDA,2015,,,,PISA,mathematics,419.6635,-0.4868843680100769,-1.087710482173971,,,,,,,,,,
MEX,2015,,,,PISA,mathematics,408.0235,-1.0614617212350266,-1.5102275117312831,,,,,,,,,,
MKD,2015,,,,PISA,mathematics,371.3114,,,,,,,,,,,,
MLT,2015,,,,PISA,mathematics,478.6448,0.1115115445662288,0.656254621152875,,,,,,,,,,
MNE,2015,,,,PISA,mathematics,417.9341,-0.2106713651787785,-0.2734947812809797,,,,,,,,,,
NLD,2015,,,,PISA,mathematics,512.2528,0.3642541099839658,0.3804167793965476,,,,,,,,,,
NOR,2015,,,,PISA,mathematics,501.7298,0.5150739833840402,0.5716736382098289,,,,,,,,,,
NZL,2015,,,,PISA,mathematics,495.2233,0.1584157359497393,0.1875663968740052,,,,,,,,,,
PER,2015,,,,PISA,mathematics,386.5606,-1.1340693682794365,-1.9504068217144868,,,,,,,,,,
POL,2015,,,,PISA,mathematics,504.4693,-0.1582195668896577,0.0955159808636035,,,,,,,,,,
PRT,2015,,,,PISA,mathematics,491.627,-0.2195923172794654,0.4954620152728907,,,,,,,,,,
QAR,2015,,,,PISA,mathematics,456.2956,,,,,,,,,,,,
QAT,2015,,,,PISA,mathematics,402.4006,0.5548019864251503,0.3216416211366793,,,,,,,,,,
QCH,2015,,,,PISA,mathematics,531.2961,,,,,,,,,,,,
QES,2015,,,,PISA,mathematics,486.2414,,,,,,,,,,,,
QUC,2015,,,,PISA,mathematics,500.1217,,,,,,,,,,,,
QUD,2015,,,,PISA,mathematics,378.352,,,,,,,,,,,,
QUE,2015,,,,PISA,mathematics,470.8819,,,,,,,,,,,,
ROU,2015,,,,PISA,mathematics,443.9543,-0.2562989413558623,-0.3864974488631514,,,,,,,,,,
RUS,2015,,,,PISA,mathematics,494.06,-0.1125434869476616,-0.4813149778842197,,,,,,,,,,
SGP,2015,,,,PISA,mathematics,564.1897,-0.3607644262134998,-0.493159559897503,,,,,,,,,,
SVK,2015,,,,PISA,mathematics,475.2301,-0.0341981479902473,0.083886246628057,,,,,,,,,,
SVN,2015,,,,PISA,mathematics,509.9196,0.0015021367337516,0.2265444504482408,,,,,,,,,,
SWE,2015,,,,PISA,mathematics,493.9181,0.3941384841799122,0.4960702647144114,,,,,,,,,,
TAP,2015,,,,PISA,mathematics,542.3215,-0.2538645397870861,-0.4377176253297471,,,,,,,,,,
THA,2015,,,,PISA,mathematics,415.4638,-1.0709430828411732,-0.9952304902650322,,,,,,,,,,
TTO,2015,,,,PISA,mathematics,417.2434,-0.4783184371702857,-0.8156677071055524,,,,,,,,,,
TUN,2015,,,,PISA,mathematics,366.818,-1.1543173432054772,-1.2062609093203167,,,,,,,,,,
TUR,2015,,,,PISA,mathematics,420.454,-1.0789402695447758,-0.6438927290720454,,,,,,,,,,
URY,2015,,,,PISA,mathematics,417.9919,-0.6094562924046192,-0.5457066782876573,,,,,,,,,,
USA,2015,,,,PISA,mathematics,469.6285,0.2232420363284103,0.16569904145778,,,,,,,,,,
VNM,2015,,,,PISA,mathematics,494.5183,,,,,,,,,,,,
ALB,2018,,,,PISA,mathematics,437.222,,,,,,,,,,,,
ARE,2018,,,,PISA,mathematics,434.9473,,,,,,,,,,,,
ARG,2018,,,,PISA,mathematics,379.4538,,,,,,,,,,,,
AUS,2018,,,,PISA,mathematics,491.36,,,,,,,,,,,,
AUT,2018,,,,PISA,mathematics,498.9423,,,,,,,,,,,,
BEL,2018,,,,PISA,mathematics,508.0703,,,,,,,,,,,,
BGR,2018,,,,PISA,mathematics,436.0406,,,,,,,,,,,,
BIH,2018,,,,PISA,mathematics,406.3844,,,,,,,,,,,,
BLR,2018,,,,PISA,mathematics,471.8651,,,,,,,,,,,,
BRA,2018,,,,PISA,mathematics,383.5691,,,,,,,,,,,,
BRN,2018,,,,PISA,mathematics,430.113,,,,,,,,,,,,
CAN,2018,,,,PISA,mathematics,512.0169,,,,,,,,,,,,
CHE,2018,,,,PISA,mathematics,515.3147,,,,,,,,,,,,
CHL,2018,,,,PISA,mathematics,417.4066,,,,,,,,,,,,
CHN,2018,,,,PISA,mathematics,591.3936,,,,,,,,,,,,
COL,2018,,,,PISA,mathematics,390.9323,,,,,,,,,,,,
CRI,2018,,,,PISA,mathematics,402.3306,,,,,,,,,,,,
CYP,2018,,,,PISA,mathematics,450.683,,,,,,,,,,,,
CZE,2018,,,,PISA,mathematics,499.4677,,,,,,,,,,,,
DEU,2018,,,,PISA,mathematics,500.0438,,,,,,,,,,,,
DNK,2018,,,,PISA,mathematics,509.3984,,,,,,,,,,,,
DOM,2018,,,,PISA,mathematics,325.1005,,,,,,,,,,,,
ESP,2018,,,,PISA,mathematics,481.3926,,,,,,,,,,,,
EST,2018,,,,PISA,mathematics,523.4146,,,,,,,,,,,,
FIN,2018,,,,PISA,mathematics,507.3014,,,,,,,,,,,,
FRA,2018,,,,PISA,mathematics,495.4076,,,,,,,,,,,,
GBR,2018,,,,PISA,mathematics,501.7699,,,,,,,,,,,,
GEO,2018,,,,PISA,mathematics,397.5864,,,,,,,,,,,,
GRC,2018,,,,PISA,mathematics,451.3703,,,,,,,,,,,,
HKG,2018,,,,PISA,mathematics,551.1543,,,,,,,,,,,,
HRV,2018,,,,PISA,mathematics,464.2043,,,,,,,,,,,,
HUN,2018,,,,PISA,mathematics,481.0826,,,,,,,,,,,,
IDN,2018,,,,PISA,mathematics,378.6681,,,,,,,,,,,,
IRL,2018,,,,PISA,mathematics,499.6329,,,,,,,,,,,,
ISL,2018,,,,PISA,mathematics,495.1874,,,,,,,,,,,,
ISR,2018,,,,PISA,mathematics,463.0345,,,,,,,,,,,,
ITA,2018,,,,PISA,mathematics,486.5899,,,,,,,,,,,,
JOR,2018,,,,PISA,mathematics,399.7619,,,,,,,,,,,,
JPN,2018,,,,PISA,mathematics,526.9733,,,,,,,,,,,,
KAZ,2018,,,,PISA,mathematics,423.1461,,,,,,,,,,,,
KOR,2018,,,,PISA,mathematics,525.933,,,,,,,,,,,,
LBN,2018,,,,PISA,mathematics,393.4501,,,,,,,,,,,,
LTU,2018,,,,PISA,mathematics,481.1912,,,,,,,,,,,,
LUX,2018,,,,PISA,mathematics,483.4215,,,,,,,,,,,,
LVA,2018,,,,PISA,mathematics,496.1263,,,,,,,,,,,,
MAC,2018,,,,PISA,mathematics,557.6702,,,,,,,,,,,,
MAR,2018,,,,PISA,mathematics,367.7274,,,,,,,,,,,,
MDA,2018,,,,PISA,mathematics,420.604,,,,,,,,,,,,
MEX,2018,,,,PISA,mathematics,408.8015,,,,,,,,,,,,
MKD,2018,,,,PISA,mathematics,394.4468,,,,,,,,,,,,
MLT,2018,,,,PISA,mathematics,471.7244,,,,,,,,,,,,
MNE,2018,,,,PISA,mathematics,429.6115,,,,,,,,,,,,
MYS,2018,,,,PISA,mathematics,440.2075,,,,,,,,,,,,
NLD,2018,,,,PISA,mathematics,519.231,,,,,,,,,,,,
NOR,2018,,,,PISA,mathematics,500.9638,,,,,,,,,,,,
NZL,2018,,,,PISA,mathematics,494.4897,,,,,,,,,,,,
PAN,2018,,,,PISA,mathematics,352.8463,,,,,,,,,,,,
PER,2018,,,,PISA,mathematics,399.8377,,,,,,,,,,,,
PHL,2018,,,,PISA,mathematics,352.5671,,,,,,,,,,,,
POL,2018,,,,PISA,mathematics,515.6479,,,,,,,,,,,,
PRT,2018,,,,PISA,mathematics,492.4874,,,,,,,,,,,,
QAT,2018,,,,PISA,mathematics,414.2287,,,,,,,,,,,,
ROU,2018,,,,PISA,mathematics,429.9168,,,,,,,,,,,,
RUS,2018,,,,PISA,mathematics,487.7865,,,,,,,,,,,,
SAU,2018,,,,PISA,mathematics,373.2388,,,,,,,,,,,,
SGP,2018,,,,PISA,mathematics,569.0078,,,,,,,,,,,,
SRB,2018,,,,PISA,mathematics,448.2831,,,,,,,,,,,,
SVK,2018,,,,PISA,mathematics,486.1649,,,,,,,,,,,,
SVN,2018,,,,PISA,mathematics,508.8975,,,,,,,,,,,,
SWE,2018,,,,PISA,mathematics,502.3877,,,,,,,,,,,,
THA,2018,,,,PISA,mathematics,418.5555,,,,,,,,,,,,
TUR,2018,,,,PISA,mathematics,453.5078,,,,,,,,,,,,
UKR,2018,,,,PISA,mathematics,453.1175,,,,,,,,,,,,
URY,2018,,,,PISA,mathematics,417.6616,,,,,,,,,,,,
USA,2018,,,,PISA,mathematics,478.2447,,,,,,,,,,,,
VNM,2018,,,,PISA,mathematics,495.6754,,,,,,,,,,,,
XKX,2018,,,,PISA,mathematics,365.8849,,,,,,,,,,,,
ALB,2022,,,,PISA,mathematics,368.2217,,,,,,,,,,,,
ARE,2022,,,,PISA,mathematics,431.1105,0.4995,0.2226,-0.0977,,,,,,,,,
ARG,2022,,,,PISA,mathematics,377.529,,,,,,,,,,,,
AUS,2022,,,,PISA,mathematics,487.0843,0.2695,0.5757,-0.125,,,,,,,,,
AUT,2022,,,,PISA,mathematics,487.2675,0.0923,0.1927,0.4426,,,,,,,,,
BEL,2022,,,,PISA,mathematics,489.4868,0.1649,0.0633,0.014,,,,,,,,,
BGR,2022,,,,PISA,mathematics,417.3039,-0.0801,-0.347,-0.3439,,,,,,,,,
BRA,2022,,,,PISA,mathematics,378.6914,-0.9572,-1.241,-0.147,,,,,,,,,
BRN,2022,,,,PISA,mathematics,442.0931,,,,,,,,,,,,
CAN,2022,,,,PISA,mathematics,496.9479,0.5317,0.4778,-0.1125,,,,,,,,,
CHE,2022,,,,PISA,mathematics,507.9906,0.1433,0.1186,0.3562,,,,,,,,,
CHL,2022,,,,PISA,mathematics,411.6966,-0.4858,-0.6552,-0.0354,,,,,,,,,
COL,2022,,,,PISA,mathematics,382.6968,-0.9878,-1.6278,-0.3093,,,,,,,,,
CRI,2022,,,,PISA,mathematics,384.576,-0.8008,-1.2431,-0.1576,,,,,,,,,
CZE,2022,,,,PISA,mathematics,486.9992,-0.2058,-0.1148,-0.2464,,,,,,,,,
DEU,2022,,,,PISA,mathematics,474.8265,0.1206,0.1766,0.2879,,,,,,,,,
DNK,2022,,,,PISA,mathematics,489.2739,0.5927,0.4863,0.1418,,,,,,,,,
DOM,2022,,,,PISA,mathematics,339.1072,-0.9026,-1.6078,-0.4034,,,,,,,,,
ESP,2022,,,,PISA,mathematics,473.1402,-0.5112,0.0791,0.4696,,,,,,,,,
EST,2022,,,,PISA,mathematics,509.947,0.0483,-0.0662,-0.0627,,,,,,,,,
FIN,2022,,,,PISA,mathematics,484.1392,0.2538,0.1226,0.0911,,,,,,,,,
FRA,2022,,,,PISA,mathematics,473.9444,-0.137,-0.1186,-0.0594,,,,,,,,,
GBR,2022,,,,PISA,mathematics,488.9751,0.21,0.3336,-0.0934,,,,,,,,,
GEO,2022,,,,PISA,mathematics,390.0242,-0.334,-0.9595,0.199,,,,,,,,,
GRC,2022,,,,PISA,mathematics,430.1463,-0.0783,-0.2707,0.1003,,,,,,,,,
GTM,2022,,,,PISA,mathematics,344.1995,,,,,,,,,,,,
HKG,2022,,,,PISA,mathematics,540.3518,-0.5347,-0.5958,-0.348,,,,,,,,,
HRV,2022,,,,PISA,mathematics,463.1052,-0.2398,-0.3899,0.0476,,,,,,,,,
HUN,2022,,,,PISA,mathematics,472.7761,-0.2262,-0.2748,0.0601,,,,,,,,,
IDN,2022,,,,PISA,mathematics,365.5253,-1.8731,-2.4505,0.105,,,,,,,,,
IRL,2022,,,,PISA,mathematics,491.6483,0.1601,0.3398,-0.0151,,,,,,,,,
ISL,2022,,,,PISA,mathematics,458.914,0.7327,0.509,0.1942,,,,,,,,,
ISR,2022,,,,PISA,mathematics,457.8967,0.1641,0.0672,,,,,,,,,,
ITA,2022,,,,PISA,mathematics,471.2595,-0.066,0.0867,0.0522,,,,,,,,,
JAM,2022,,,,PISA,mathematics,377.4169,,,,,,,,,,,,
JOR,2022,,,,PISA,mathematics,361.228,-0.4238,-1.1379,0.1896,,,,,,,,,
JPN,2022,,,,PISA,mathematics,535.5793,-0.1844,-0.5673,-0.0332,,,,,,,,,
KAZ,2022,,,,PISA,mathematics,425.4391,,,,,,,,,,,,
KHM,2022,,,,PISA,mathematics,336.396,,,,,,,,,,,,
KOR,2022,,,,PISA,mathematics,527.3025,-0.1972,-0.345,0.1595,,,,,,,,,
KSV,2022,,,,PISA,mathematics,354.9624,-0.1409,-0.7871,0.2853,,,,,,,,,
LTU,2022,,,,PISA,mathematics,475.1468,-0.0646,-0.2702,-0.268,,,,,,,,,
LVA,2022,,,,PISA,mathematics,483.1595,-0.4359,-0.2755,-0.2013,,,,,,,,,
MAC,2022,,,,PISA,mathematics,551.9232,-0.5416,-0.4176,-0.4041,,,,,,,,,
MAR,2022,,,,PISA,mathematics,364.7662,,,,,,,,,,,,
MDA,2022,,,,PISA,mathematics,414.1981,-0.6868,-1.1959,0.0384,,,,,,,,,
MEX,2022,,,,PISA,mathematics,395.0299,-1.2238,-1.5914,-0.1444,,,,,,,,,
MKD,2022,,,,PISA,mathematics,388.5755,-0.2301,-0.6664,0.3456,,,,,,,,,
MLT,2022,,,,PISA,mathematics,466.0161,-0.051,0.2372,-0.0211,,,,,,,,,
MNE,2022,,,,PISA,mathematics,405.6012,-0.1754,-0.4746,-0.1005,,,,,,,,,
MNG,2022,,,,PISA,mathematics,424.5931,,,,,,,,,,,,
MYS,2022,,,,PISA,mathematics,408.6874,,,,,,,,,,,,
NLD,2022,,,,PISA,mathematics,492.6756,0.161,0.2677,0.1662,,,,,,,,,
NOR,2022,,,,PISA,mathematics,468.4499,0.4811,0.6271,0.2104,,,,,,,,,
NZL,2022,,,,PISA,mathematics,479.0742,0.1652,0.3554,-0.1684,,,,,,,,,
PAN,2022,,,,PISA,mathematics,356.5735,,,,,,,,,,,,
PER,2022,,,,PISA,mathematics,391.2358,-1.0804,-1.7261,-0.2188,,,,,,,,,
PHL,2022,,,,PISA,mathematics,354.7197,,,,,,,,,,,,
POL,2022,,,,PISA,mathematics,488.9601,-0.3931,-0.1878,-0.2524,,,,,,,,,
PRT,2022,,,,PISA,mathematics,471.9105,-0.389,-0.0257,0.1038,,,,,,,,,
PRY,2022,,,,PISA,mathematics,337.5398,,,,,,,,,,,,
PSE,2022,,,,PISA,mathematics,365.7467,,,,,,,,,,,,
QAT,2022,,,,PISA,mathematics,414.1062,0.5767,0.4046,-0.1035,,,,,,,,,
QAZ,2022,,,,PISA,mathematics,396.8823,,,,,,,,,,,,
QUR,2022,,,,PISA,mathematics,440.8453,,,,,,,,,,,,
ROU,2022,,,,PISA,mathematics,427.76,-0.5823,-0.7803,0.0007,,,,,,,,,
SAU,2022,,,,PISA,mathematics,388.7816,,,,,,,,,,,,
SGP,2022,,,,PISA,mathematics,574.6638,0.03,-0.1069,-0.2125,,,,,,,,,
SLV,2022,,,,PISA,mathematics,343.4691,,,,,,,,,,,,
SRB,2022,,,,PISA,mathematics,439.8767,,,,,,,,,,,,
SVK,2022,,,,PISA,mathematics,463.9946,-0.1081,-0.2732,-0.2781,,,,,,,,,
SVN,2022,,,,PISA,mathematics,484.529,0.0314,0.112,-0.0976,,,,,,,,,
SWE,2022,,,,PISA,mathematics,481.7661,0.3346,0.4106,0.0392,,,,,,,,,
TAP,2022,,,,PISA,mathematics,547.0942,-0.2125,-0.3826,0.0204,,,,,,,,,
THA,2022,,,,PISA,mathematics,393.9454,-1.2267,-1.1557,-0.3544,,,,,,,,,
TUR,2022,,,,PISA,mathematics,453.1518,-1.4279,-1.4184,-0.4368,,,,,,,,,
URY,2022,,,,PISA,mathematics,408.7121,-0.7778,-0.8194,-0.0929,,,,,,,,,
USA,2022,,,,PISA,mathematics,464.888,0.1014,0.2423,-0.0876,,,,,,,,,
UZB,2022,,,,PISA,mathematics,363.9354,,,,,,,,,,,,
VNM,2022,,,,PISA,mathematics,469.4024,-1.8674,-2.0964,-0.0618,,,,,,,,,
ALB,2025,,,,PISA,mathematics,432.8172,-0.7515,-0.8704,0.2533,4.5188,4.6534,,,,,,,
ARE,2025,,,,PISA,mathematics,452.5887,0.2967,-0.1841,-0.2,,,,,,,,,
ARG,2025,,,,PISA,mathematics,366.8142,-0.802,-0.9277,-0.1967,4.883,5.6658,,,,,,,
ARM,2025,,,,PISA,mathematics,375.7997,,,,,,,,,,,,
AUS,2025,,,,PISA,mathematics,477.5267,0.3794,0.4765,-0.2267,5.7416,6.5701,,,,,,,
AUT,2025,,,,PISA,mathematics,477.1939,0.0691,0.2485,0.445,5.7137,6.4934,,,,,,,
AZE,2025,,,,PISA,mathematics,422.3953,,,,,,,,,,,,
BEL,2025,,,,PISA,mathematics,479.6829,0.0829,0.0396,0.0219,5.6648,6.373,,,,,,,
BGR,2025,,,,PISA,mathematics,405.0776,-0.2722,-0.3708,-0.1904,4.9195,5.5914,,,,,,,
BRA,2025,,,,PISA,mathematics,376.7679,-0.9915,-1.2322,-0.2085,5.2948,5.6365,,,,,,,
BRN,2025,,,,PISA,mathematics,435.1827,-0.2573,-0.344,-0.5013,5.6,5.7123,,,,,,,
CAN,2025,,,,PISA,mathematics,485.3377,0.3811,0.3795,-0.1617,,,,,,,,,
CHE,2025,,,,PISA,mathematics,499.147,0.1692,0.2032,0.3573,5.6664,6.3562,,,,,,,
CHL,2025,,,,PISA,mathematics,402.6452,-0.5086,-0.6128,-0.2202,5.4953,6.2838,,,,,,,
COL,2025,,,,PISA,mathematics,380.5287,-1.0651,-1.3778,-0.1569,,,,,,,,,
CRI,2025,,,,PISA,mathematics,387.0912,,-0.9703,-0.0942,5.4565,6.1621,,,,,,,
CZE,2025,,,,PISA,mathematics,477.148,-0.1041,0.1319,-0.2799,5.5996,6.2016,,,,,,,
DEU,2025,,,,PISA,mathematics,463.8057,-0.137,0.1313,0.2699,5.7104,6.4563,,,,,,,
DNK,2025,,,,PISA,mathematics,470.6275,0.4761,0.3764,0.1092,5.7827,6.5999,,,,,,,
DOM,2025,,,,PISA,mathematics,338.8295,-0.7097,-1.3138,-0.2303,5.1207,5.4924,,,,,,,
ECU,2025,,,,PISA,mathematics,365.8394,,,,,,,,,,,,
ESP,2025,,,,PISA,mathematics,457.4489,-0.0332,0.0056,0.2725,5.7014,6.2459,,,,,,,
EST,2025,,,,PISA,mathematics,507.8957,0.1507,0.1569,-0.1375,5.7202,6.6468,,,,,,,
FIN,2025,,,,PISA,mathematics,468.6945,0.2585,0.2594,0.1012,5.7015,6.4895,,,,,,,
FRA,2025,,,,PISA,mathematics,457.655,0.0002,-0.0718,-0.0269,,,,,,,,,
GBR,2025,,,,PISA,mathematics,487.5737,0.1364,0.1085,-0.2092,5.736,6.4017,,,,,,,
GEO,2025,,,,PISA,mathematics,416.3627,-0.4661,-0.8319,-0.0491,5.0601,5.4035,,,,,,,
GRC,2025,,,,PISA,mathematics,423.8522,-0.1549,-0.2908,-0.0597,5.5759,6.13,,,,,,,
GTM,2025,,,,PISA,mathematics,334.3025,-1.5129,-1.5371,-0.1809,,,,,,,,,
HKG,2025,,,,PISA,mathematics,521.7078,-0.4619,-0.2082,-0.3878,5.8065,6.1314,,,,,,,
HRV,2025,,,,PISA,mathematics,455.2917,-0.152,-0.1168,0.1331,5.6843,6.4376,,,,,,,
HUN,2025,,,,PISA,mathematics,459.4885,0.003,0.0502,0.1386,5.6728,6.4317,,,,,,,
IDN,2025,,,,PISA,mathematics,363.9017,-1.5558,-1.6918,-0.1347,,,,,,,,,
IRL,2025,,,,PISA,mathematics,479.8747,0.333,0.3068,-0.1321,5.8014,6.5863,,,,,,,
ISL,2025,,,,PISA,mathematics,449.7303,0.3781,0.3439,0.1641,5.7387,6.5119,,,,,,,
ISR,2025,,,,PISA,mathematics,433.3749,0.28,0.0758,,5.4636,6.202,,,,,,,
ITA,2025,,,,PISA,mathematics,467.7626,-0.1002,0.0739,-0.0647,5.6246,6.3627,,,,,,,
JOR,2025,,,,PISA,mathematics,387.5613,-0.8165,-1.3901,-0.2115,4.8765,5.1093,,,,,,,
JPN,2025,,,,PISA,mathematics,525.3758,-0.0068,-0.2167,0.246,5.8351,6.5975,,,,,,,
KAZ,2025,,,,PISA,mathematics,413.7149,-0.3724,-0.9941,-0.1429,5.61,6.4437,,,,,,,
KEN,2025,,,,PISA,mathematics,325.9354,,,,,,,,,,,,
KGZ,2025,,,,PISA,mathematics,363.8064,,,,,,,,,,,,
KHM,2025,,,,PISA,mathematics,365.8417,-2.0113,-2.3418,-0.427,,,,,,,,,
KOR,2025,,,,PISA,mathematics,522.2978,0.2244,0.3564,0.2625,5.8703,6.5679,,,,,,,
KSV,2025,,,,PISA,mathematics,350.4395,-0.3432,-0.6111,,,,,,,,,,
LBN,2025,,,,PISA,mathematics,377.1381,,,,,,,,,,,,
LTU,2025,,,,PISA,mathematics,470.4915,0.0523,-0.0362,-0.0234,5.6529,6.439,,,,,,,
LUX,2025,,,,PISA,mathematics,458.143,,,,,,,,,,,,
LVA,2025,,,,PISA,mathematics,460.4927,-0.0095,0.0095,-0.2454,5.6926,6.4651,,,,,,,
MAC,2025,,,,PISA,mathematics,549.3016,-0.4489,-0.2534,-0.3115,5.8125,6.1535,,,,,,,
MAR,2025,,,,PISA,mathematics,354.7551,-1.7845,-1.7448,-0.2861,5.3604,6.1115,,,,,,,
MDA,2025,,,,PISA,mathematics,410.1301,-0.5225,-0.8613,-0.0596,,,,,,,,,
MEX,2025,,,,PISA,mathematics,387.5872,-0.9524,-1.0832,-0.1832,,,,,,,,,
MKD,2025,,,,PISA,mathematics,379.792,-0.2798,-0.5,0.12,,,,,,,,,
MLT,2025,,,,PISA,mathematics,439.0827,0.0192,0.2844,-0.237,5.5006,5.298,,,,,,,
MNE,2025,,,,PISA,mathematics,411.058,-0.2055,-0.2828,0.1357,,,,,,,,,
MNG,2025,,,,PISA,mathematics,418.6423,-0.7291,-1.3049,-0.1504,,,,,,,,,
MUS,2025,,,,PISA,mathematics,406.8548,,,,,,,,,,,,
MYS,2025,,,,PISA,mathematics,397.4226,-0.6849,-0.9252,-0.2728,5.5201,6.0304,,,,,,,
NLD,2025,,,,PISA,mathematics,483.2703,0.2535,0.2653,0.1024,,,,,,,,,
NOR,2025,,,,PISA,mathematics,451.7801,0.5215,0.5462,0.2258,,,,,,,,,
NZL,2025,,,,PISA,mathematics,479.6191,0.2191,0.3636,-0.2878,,,,,,,,,
PER,2025,,,,PISA,mathematics,382.4394,-1.1535,-1.4398,-0.2025,,,,,,,,,
PHL,2025,,,,PISA,mathematics,370.6309,-1.3379,-1.7504,-0.3776,,,,,,,,,
POL,2025,,,,PISA,mathematics,484.1209,-0.1051,0.0532,-0.3121,5.6086,6.1169,,,,,,,
PRT,2025,,,,PISA,mathematics,459.943,-0.2264,0.0499,0.0844,,,,,,,,,
PRY,2025,,,,PISA,mathematics,333.7307,-1.2449,-1.563,-0.242,,,,,,,,,
PSE,2025,,,,PISA,mathematics,354.337,-0.9119,-1.5273,-0.1668,,,,,,,,,
QAT,2025,,,,PISA,mathematics,416.1618,0.1075,-0.4698,-0.1562,,,,,,,,,
QCI,2025,,,,PISA,mathematics,612.4297,,,,,,,,,,,,
QKI,2025,,,,PISA,mathematics,338.7574,,,,,,,,,,,,
QTJ,2025,,,,PISA,mathematics,382.1373,,,,,,,,,,,,
QUA,2025,,,,PISA,mathematics,430.992,,,,,,,,,,,,
ROU,2025,,,,PISA,mathematics,419.1242,-0.3621,-0.4783,-0.0173,5.5124,6.1784,,,,,,,
RWA,2025,,,,PISA,mathematics,311.6483,,,,,,,,,,,,
SAU,2025,,,,PISA,mathematics,389.8859,-0.2896,-0.6948,0.0021,5.2651,5.7248,,,,,,,
SGP,2025,,,,PISA,mathematics,562.8975,0.3064,0.144,-0.2249,5.7331,6.6022,,,,,,,
SLV,2025,,,,PISA,mathematics,346.2498,-1.3916,-1.626,-0.269,,,,,,,,,
SRB,2025,,,,PISA,mathematics,416.7354,-0.2024,-0.2305,0.1805,,,,,,,,,
SVK,2025,,,,PISA,mathematics,469.0983,-0.303,-0.2331,-0.2007,5.5267,6.2143,,,,,,,
SVN,2025,,,,PISA,mathematics,459.8356,0.2258,0.2309,0.0386,5.7017,6.5605,,,,,,,
SWE,2025,,,,PISA,mathematics,464.2512,0.3266,0.3194,0.0883,5.6096,6.1616,,,,,,,
TAP,2025,,,,PISA,mathematics,546.1891,-0.1854,-0.3315,0.013,5.7912,6.2615,,,,,,,
THA,2025,,,,PISA,mathematics,406.7648,-1.231,-1.4271,-0.3433,5.6141,6.4879,,,,,,,
TUR,2025,,,,PISA,mathematics,461.5466,-1.1854,-1.0345,-0.3005,5.5624,6.3446,,,,,,,
URY,2025,,,,PISA,mathematics,404.8788,-0.8329,-0.7676,-0.0823,5.319,5.9145,,,,,,,
USA,2025,,,,PISA,mathematics,462.8478,0.0562,0.1247,-0.262,5.7192,6.6162,,,,,,,
VNM,2025,,,,PISA,mathematics,443.186,-1.2884,-1.274,-0.2822,,,,,,,,,
ZMB,2025,,,,PISA,mathematics,313.6333,,,,,,,,,,,,
ALB,2000,,,,PISA,reading,,,,,,,348.8495,,,,,,
ARG,2000,,,,PISA,reading,,,,,,,418.2507,,,,,,
AUS,2000,,,,PISA,reading,,,,,,,528.2785,,,,,,
AUT,2000,,,,PISA,reading,,,,,,,507.0,,,,,,
BEL,2000,,,,PISA,reading,,,,,,,507.1259,,,,,,
BGR,2000,,,,PISA,reading,,,,,,,430.4034,,,,,,
BRA,2000,,,,PISA,reading,,,,,,,396.0291,,,,,,
CAN,2000,,,,PISA,reading,,,,,,,534.3127,,,,,,
CHE,2000,,,,PISA,reading,,,,,,,494.3716,,,,,,
CHL,2000,,,,PISA,reading,,,,,,,409.5568,,,,,,
CZE,2000,,,,PISA,reading,,,,,,,491.577,,,,,,
DEU,2000,,,,PISA,reading,,,,,,,483.9908,,,,,,
DNK,2000,,,,PISA,reading,,,,,,,496.871,,,,,,
ESP,2000,,,,PISA,reading,,,,,,,492.553,,,,,,
FIN,2000,,,,PISA,reading,,,,,,,546.4691,,,,,,
FRA,2000,,,,PISA,reading,,,,,,,504.7424,,,,,,
GBR,2000,,,,PISA,reading,,,,,,,523.0,,,,,,
GRC,2000,,,,PISA,reading,,,,,,,473.7989,,,,,,
HKG,2000,,,,PISA,reading,,,,,,,525.4559,,,,,,
HUN,2000,,,,PISA,reading,,,,,,,479.9668,,,,,,
IDN,2000,,,,PISA,reading,,,,,,,370.6147,,,,,,
IRL,2000,,,,PISA,reading,,,,,,,526.6686,,,,,,
ISL,2000,,,,PISA,reading,,,,,,,506.9305,,,,,,
ISR,2000,,,,PISA,reading,,,,,,,452.1724,,,,,,
ITA,2000,,,,PISA,reading,,,,,,,487.4696,,,,,,
JPN,2000,,,,PISA,reading,,,,,,,522.2349,,,,,,
KOR,2000,,,,PISA,reading,,,,,,,524.7543,,,,,,
LIE,2000,,,,PISA,reading,,,,,,,482.5869,,,,,,
LUX,2000,,,,PISA,reading,,,,,,,441.0,,,,,,
LVA,2000,,,,PISA,reading,,,,,,,458.0711,,,,,,
MEX,2000,,,,PISA,reading,,,,,,,421.9606,,,,,,
MKD,2000,,,,PISA,reading,,,,,,,373.0,,,,,,
NOR,2000,,,,PISA,reading,,,,,,,505.281,,,,,,
NZL,2000,,,,PISA,reading,,,,,,,528.7997,,,,,,
PER,2000,,,,PISA,reading,,,,,,,327.0848,,,,,,
POL,2000,,,,PISA,reading,,,,,,,479.1217,,,,,,
PRT,2000,,,,PISA,reading,,,,,,,470.1546,,,,,,
ROU,2000,,,,PISA,reading,,,,,,,427.9315,,,,,,
RUS,2000,,,,PISA,reading,,,,,,,461.762,,,,,,
SWE,2000,,,,PISA,reading,,,,,,,516.3312,,,,,,
THA,2000,,,,PISA,reading,,,,,,,430.6839,,,,,,
USA,2000,,,,PISA,reading,,,,,,,504.4197,,,,,,
AUS,2003,,,,PISA,reading,,,,,,,525.427,,,,,,
AUT,2003,,,,PISA,reading,,,,,,,490.6932,,,,,,
BEL,2003,,,,PISA,reading,,,,,,,506.9873,,,,,,
BRA,2003,,,,PISA,reading,,,,,,,402.7963,,,,,,
CAN,2003,,,,PISA,reading,,,,,,,527.9136,,,,,,
CHE,2003,,,,PISA,reading,,,,,,,499.1214,,,,,,
CZE,2003,,,,PISA,reading,,,,,,,488.5423,,,,,,
DEU,2003,,,,PISA,reading,,,,,,,491.358,,,,,,
DNK,2003,,,,PISA,reading,,,,,,,492.3234,,,,,,
ESP,2003,,,,PISA,reading,,,,,,,480.538,,,,,,
FIN,2003,,,,PISA,reading,,,,,,,543.4625,,,,,,
FRA,2003,,,,PISA,reading,,,,,,,496.1888,,,,,,
GBR,2003,,,,PISA,reading,,,,,,,507.0127,,,,,,
GRC,2003,,,,PISA,reading,,,,,,,472.2669,,,,,,
HKG,2003,,,,PISA,reading,,,,,,,509.5352,,,,,,
HUN,2003,,,,PISA,reading,,,,,,,481.8697,,,,,,
IDN,2003,,,,PISA,reading,,,,,,,381.5904,,,,,,
IRL,2003,,,,PISA,reading,,,,,,,515.4801,,,,,,
ISL,2003,,,,PISA,reading,,,,,,,491.747,,,,,,
ITA,2003,,,,PISA,reading,,,,,,,475.6616,,,,,,
JPN,2003,,,,PISA,reading,,,,,,,498.1052,,,,,,
KOR,2003,,,,PISA,reading,,,,,,,534.0913,,,,,,
LIE,2003,,,,PISA,reading,,,,,,,525.075,,,,,,
LUX,2003,,,,PISA,reading,,,,,,,479.4226,,,,,,
LVA,2003,,,,PISA,reading,,,,,,,490.5625,,,,,,
MAC,2003,,,,PISA,reading,,,,,,,497.6401,,,,,,
MEX,2003,,,,PISA,reading,,,,,,,399.7219,,,,,,
NLD,2003,,,,PISA,reading,,,,,,,513.119,,,,,,
NOR,2003,,,,PISA,reading,,,,,,,499.7402,,,,,,
NZL,2003,,,,PISA,reading,,,,,,,521.5515,,,,,,
POL,2003,,,,PISA,reading,,,,,,,496.6053,,,,,,
PRT,2003,,,,PISA,reading,,,,,,,477.5686,,,,,,
RUS,2003,,,,PISA,reading,,,,,,,442.1968,,,,,,
SRB,2003,,,,PISA,reading,,,,,,,411.7374,,,,,,
SVK,2003,,,,PISA,reading,,,,,,,469.159,,,,,,
SWE,2003,,,,PISA,reading,,,,,,,514.2674,,,,,,
THA,2003,,,,PISA,reading,,,,,,,419.9148,,,,,,
TUN,2003,,,,PISA,reading,,,,,,,374.6224,,,,,,
TUR,2003,,,,PISA,reading,,,,,,,440.971,,,,,,
URY,2003,,,,PISA,reading,,,,,,,434.1498,,,,,,
USA,2003,,,,PISA,reading,,,,,,,495.1824,,,,,,
ARG,2006,,,,PISA,reading,,,,,,,373.7238,,,,,,
AUS,2006,,,,PISA,reading,,,,,,,512.8933,,,,,,
AUT,2006,,,,PISA,reading,,,,,,,490.194,,,,,,
AZE,2006,,,,PISA,reading,,,,,,,352.8919,,,,,,
BEL,2006,,,,PISA,reading,,,,,,,500.9006,,,,,,
BGR,2006,,,,PISA,reading,,,,,,,401.935,,,,,,
BRA,2006,,,,PISA,reading,,,,,,,392.8851,,,,,,
CAN,2006,,,,PISA,reading,,,,,,,527.0113,,,,,,
CHE,2006,,,,PISA,reading,,,,,,,499.2778,,,,,,
CHL,2006,,,,PISA,reading,,,,,,,442.0913,,,,,,
COL,2006,,,,PISA,reading,,,,,,,385.308,,,,,,
CZE,2006,,,,PISA,reading,,,,,,,482.7152,,,,,,
DEU,2006,,,,PISA,reading,,,,,,,494.9444,,,,,,
DNK,2006,,,,PISA,reading,,,,,,,494.483,,,,,,
ESP,2006,,,,PISA,reading,,,,,,,460.8301,,,,,,
EST,2006,,,,PISA,reading,,,,,,,500.7498,,,,,,
FIN,2006,,,,PISA,reading,,,,,,,546.8683,,,,,,
FRA,2006,,,,PISA,reading,,,,,,,487.7062,,,,,,
GBR,2006,,,,PISA,reading,,,,,,,495.0835,,,,,,
GRC,2006,,,,PISA,reading,,,,,,,459.7112,,,,,,
HKG,2006,,,,PISA,reading,,,,,,,536.0656,,,,,,
HRV,2006,,,,PISA,reading,,,,,,,477.3642,,,,,,
HUN,2006,,,,PISA,reading,,,,,,,482.3745,,,,,,
IDN,2006,,,,PISA,reading,,,,,,,392.9328,,,,,,
IRL,2006,,,,PISA,reading,,,,,,,517.3132,,,,,,
ISL,2006,,,,PISA,reading,,,,,,,484.4453,,,,,,
ISR,2006,,,,PISA,reading,,,,,,,438.6723,,,,,,
ITA,2006,,,,PISA,reading,,,,,,,468.5231,,,,,,
JOR,2006,,,,PISA,reading,,,,,,,400.5812,,,,,,
JPN,2006,,,,PISA,reading,,,,,,,497.9571,,,,,,
KGZ,2006,,,,PISA,reading,,,,,,,284.7066,,,,,,
KOR,2006,,,,PISA,reading,,,,,,,556.0219,,,,,,
LIE,2006,,,,PISA,reading,,,,,,,510.4378,,,,,,
LTU,2006,,,,PISA,reading,,,,,,,470.0708,,,,,,
LUX,2006,,,,PISA,reading,,,,,,,479.3665,,,,,,
LVA,2006,,,,PISA,reading,,,,,,,479.4918,,,,,,
MAC,2006,,,,PISA,reading,,,,,,,492.2878,,,,,,
MEX,2006,,,,PISA,reading,,,,,,,410.4965,,,,,,
MNE,2006,,,,PISA,reading,,,,,,,391.9754,,,,,,
NLD,2006,,,,PISA,reading,,,,,,,506.747,,,,,,
NOR,2006,,,,PISA,reading,,,,,,,484.2926,,,,,,
NZL,2006,,,,PISA,reading,,,,,,,521.0326,,,,,,
POL,2006,,,,PISA,reading,,,,,,,507.6395,,,,,,
PRT,2006,,,,PISA,reading,,,,,,,472.3043,,,,,,
QAT,2006,,,,PISA,reading,,,,,,,312.2135,,,,,,
ROU,2006,,,,PISA,reading,,,,,,,395.9317,,,,,,
RUS,2006,,,,PISA,reading,,,,,,,439.8557,,,,,,
SRB,2006,,,,PISA,reading,,,,,,,401.0275,,,,,,
SVK,2006,,,,PISA,reading,,,,,,,466.3498,,,,,,
SVN,2006,,,,PISA,reading,,,,,,,494.409,,,,,,
SWE,2006,,,,PISA,reading,,,,,,,507.3129,,,,,,
THA,2006,,,,PISA,reading,,,,,,,416.7518,,,,,,
TUN,2006,,,,PISA,reading,,,,,,,380.3368,,,,,,
TUR,2006,,,,PISA,reading,,,,,,,447.1411,,,,,,
URY,2006,,,,PISA,reading,,,,,,,412.5167,,,,,,
ALB,2009,,,,PISA,reading,,,,,,,384.8166,,,,,,
ARE,2009,,,,PISA,reading,,,,,,,431.4161,,,,,,
ARG,2009,,,,PISA,reading,,,,,,,398.2609,,,,,,
AUS,2009,,,,PISA,reading,,0.2270618042707386,0.4418990462155581,0.0408363156845903,,,514.9007,,,,,,
AUT,2009,,,,PISA,reading,,0.0610114384205731,0.3644835668034877,0.4429332442127361,,,470.2836,,,,,,
AZE,2009,,,,PISA,reading,,,,,,,361.5153,,,,,,
BEL,2009,,,,PISA,reading,,0.1522770665061282,0.2492513356494882,-0.2841239566539923,,,505.9458,,,,,,
BGR,2009,,,,PISA,reading,,,,,,,429.0811,,,,,,
BRA,2009,,,,PISA,reading,,-0.9492624504146472,-0.8638098363082346,0.1304362617315885,,,411.7549,,,,,,
CAN,2009,,,,PISA,reading,,0.4526426897180394,0.5125222579391411,0.0169766280910463,,,524.2418,,,,,,
CHE,2009,,,,PISA,reading,,-0.057619387118595,0.1932152199776817,0.1925176148359923,,,500.5002,,,,,,
CHL,2009,,,,PISA,reading,,,,,,,449.3696,,,,,,
CHN,2009,,,,PISA,reading,,,,,,,555.8281,,,,,,
COL,2009,,,,PISA,reading,,,,,,,413.1815,,,,,,
CRI,2009,,,,PISA,reading,,,,,,,442.5809,,,,,,
CZE,2009,,,,PISA,reading,,0.1640862428176488,0.236953793918897,-0.2743562033280163,,,478.1867,,,,,,
DEU,2009,,,,PISA,reading,,0.1602319363421634,0.5033795520637417,0.2413154660576403,,,497.3051,,,,,,
DNK,2009,,,,PISA,reading,,0.2022069408311536,0.2970292334134539,0.0124947991169335,,,494.9162,,,,,,
ESP,2009,,,,PISA,reading,,-0.2966860979736281,0.2621322813022453,0.2018814399925719,,,481.0423,,,,,,
EST,2009,,,,PISA,reading,,,,,,,500.9619,,,,,,
FIN,2009,,,,PISA,reading,,0.2473150040414742,0.4425366803809402,-0.0174718824364245,,,535.878,,,,,,
FRA,2009,,,,PISA,reading,,-0.0777329456945863,0.2750484497489493,-0.1806823512646628,,,495.6165,,,,,,
GBR,2009,,,,PISA,reading,,0.1240468635819278,0.4148515626346683,0.0822468507701472,,,494.182,,,,,,
GEO,2009,,,,PISA,reading,,,,,,,374.2599,,,,,,
GRC,2009,,,,PISA,reading,,-0.1504257420668089,-0.0967302779414689,0.0377050066882579,,,482.7762,,,,,,
HKG,2009,,,,PISA,reading,,-0.7578567776264036,-0.2195596338026458,-0.6070759681451213,,,533.1513,,,,,,
HRV,2009,,,,PISA,reading,,,,,,,475.7489,,,,,,
HUN,2009,,,,PISA,reading,,-0.0680970650504805,0.1019678184864939,0.0793916375481371,,,494.1788,,,,,,
IDN,2009,,,,PISA,reading,,-1.2574812283865318,-0.923536796327649,-0.303402962597012,,,401.7052,,,,,,
IRL,2009,,,,PISA,reading,,-0.0816291735457012,0.1159468420901623,0.0782063510681194,,,495.6391,,,,,,
ISL,2009,,,,PISA,reading,,0.6908836773282258,1.034073452492018,0.1598374194315297,,,500.2833,,,,,,
ISR,2009,,,,PISA,reading,,,,,,,473.99,,,,,,
ITA,2009,,,,PISA,reading,,-0.111061402867511,0.1367604712590719,0.0509047180049275,,,486.0511,,,,,,
JOR,2009,,,,PISA,reading,,,,,,,405.0093,,,,,,
JPN,2009,,,,PISA,reading,,-0.0761573319394795,-0.3224835843454401,-0.525602545706312,,,519.8577,,,,,,
KAZ,2009,,,,PISA,reading,,,,,,,390.4101,,,,,,
KGZ,2009,,,,PISA,reading,,,,,,,314.0199,,,,,,
KOR,2009,,,,PISA,reading,,-0.0991659679908825,0.2014337071040692,-0.3895518087530454,,,539.2675,,,,,,
LIE,2009,,,,PISA,reading,,0.0099785850266633,0.3192623060611231,0.1934633326426401,,,499.3221,,,,,,
LTU,2009,,,,PISA,reading,,,,,,,468.4427,,,,,,
LUX,2009,,,,PISA,reading,,0.1849799774663588,0.5048137580115527,0.2272938136342048,,,472.1734,,,,,,
LVA,2009,,,,PISA,reading,,0.1151813431635813,-0.0777339806042747,-0.2113813836661182,,,483.9601,,,,,,
MAC,2009,,,,PISA,reading,,-0.9023806936748614,-0.3991355691149464,-0.6115840165864362,,,486.6353,,,,,,
MDA,2009,,,,PISA,reading,,,,,,,388.0778,,,,,,
MEX,2009,,,,PISA,reading,,-1.1292350284091142,-0.9808571149852668,0.0773290834411513,,,425.2653,,,,,,
MLT,2009,,,,PISA,reading,,,,,,,442.0525,,,,,,
MNE,2009,,,,PISA,reading,,,,,,,407.5478,,,,,,
MUS,2009,,,,PISA,reading,,,,,,,406.5718,,,,,,
MYS,2009,,,,PISA,reading,,,,,,,413.812,,,,,,
NLD,2009,,,,PISA,reading,,0.097788461305755,0.2750008402286971,-0.0575483280248686,,,508.4037,,,,,,
NOR,2009,,,,PISA,reading,,0.6066050746723949,0.7368727934763561,0.2378420021687337,,,503.23,,,,,,
NZL,2009,,,,PISA,reading,,0.2135067613258737,0.324302228148018,-0.0080631803301932,,,520.88,,,,,,
PAN,2009,,,,PISA,reading,,,,,,,370.7273,,,,,,
PER,2009,,,,PISA,reading,,,,,,,369.6958,,,,,,
POL,2009,,,,PISA,reading,,-0.2008851937781181,0.0545906788418912,-0.1659567615838278,,,500.4785,,,,,,
PRT,2009,,,,PISA,reading,,-0.6295700099927111,0.0885548501982273,0.0934500511638716,,,489.3349,,,,,,
QAT,2009,,,,PISA,reading,,,,,,,371.716,,,,,,
ROU,2009,,,,PISA,reading,,,,,,,424.4583,,,,,,
RUS,2009,,,,PISA,reading,,-0.0947864048552994,-0.2331310451205095,-0.2881867662579967,,,459.3959,,,,,,
SGP,2009,,,,PISA,reading,,,,,,,525.8965,,,,,,
SRB,2009,,,,PISA,reading,,,,,,,442.0167,,,,,,
SVK,2009,,,,PISA,reading,,-0.0830243702008905,-0.1438947540635008,-0.1604787731181633,,,477.4434,,,,,,
SVN,2009,,,,PISA,reading,,,,,,,483.082,,,,,,
SWE,2009,,,,PISA,reading,,0.2541745613505481,0.5352771736337494,0.2465491823969099,,,497.4494,,,,,,
THA,2009,,,,PISA,reading,,-1.182920684988647,-0.6812405868824801,-0.2855118882523674,,,421.3744,,,,,,
TTO,2009,,,,PISA,reading,,,,,,,416.4523,,,,,,
TUN,2009,,,,PISA,reading,,-1.340395691334822,-1.222776105385851,-0.0869760332046431,,,403.6327,,,,,,
TUR,2009,,,,PISA,reading,,-0.9798281630483544,-0.5287116052748442,-0.4426211813489595,,,464.1944,,,,,,
URY,2009,,,,PISA,reading,,-0.3463179258757933,-0.2538164100606015,0.2414992116438825,,,425.8134,,,,,,
USA,2009,,,,PISA,reading,,0.2960707886467874,0.340279384378795,,,,499.8268,,,,,,
ALB,2012,,,,PISA,reading,,,,,,,393.9643,,,,,,
ARE,2012,,,,PISA,reading,,,,,,,441.7037,,,,,,
ARG,2012,,,,PISA,reading,,,,,,,395.9791,,,,,,
AUS,2012,,,,PISA,reading,,,,,,,511.804,,,,,,
AUT,2012,,,,PISA,reading,,,,,,,489.6093,,,,,,
BEL,2012,,,,PISA,reading,,,,,,,508.6179,,,,,,
BGR,2012,,,,PISA,reading,,,,,,,436.1257,,,,,,
BRA,2012,,,,PISA,reading,,,,,,,410.1218,,,,,,
CAN,2012,,,,PISA,reading,,,,,,,523.1167,,,,,,
CHE,2012,,,,PISA,reading,,,,,,,509.0402,,,,,,
CHL,2012,,,,PISA,reading,,,,,,,441.3982,,,,,,
CHN,2012,,,,PISA,reading,,,,,,,569.5884,,,,,,
COL,2012,,,,PISA,reading,,,,,,,403.4025,,,,,,
CRI,2012,,,,PISA,reading,,,,,,,440.5478,,,,,,
CYP,2012,,,,PISA,reading,,,,,,,448.953,,,,,,
CZE,2012,,,,PISA,reading,,,,,,,492.8897,,,,,,
DEU,2012,,,,PISA,reading,,,,,,,507.6765,,,,,,
DNK,2012,,,,PISA,reading,,,,,,,496.1309,,,,,,
ESP,2012,,,,PISA,reading,,,,,,,487.9392,,,,,,
EST,2012,,,,PISA,reading,,,,,,,516.2942,,,,,,
FIN,2012,,,,PISA,reading,,,,,,,524.0217,,,,,,
FRA,2012,,,,PISA,reading,,,,,,,505.4815,,,,,,
GBR,2012,,,,PISA,reading,,,,,,,499.3231,,,,,,
GRC,2012,,,,PISA,reading,,,,,,,477.1972,,,,,,
HKG,2012,,,,PISA,reading,,,,,,,544.6001,,,,,,
HRV,2012,,,,PISA,reading,,,,,,,484.565,,,,,,
HUN,2012,,,,PISA,reading,,,,,,,488.4613,,,,,,
IDN,2012,,,,PISA,reading,,,,,,,396.1201,,,,,,
IRL,2012,,,,PISA,reading,,,,,,,523.1732,,,,,,
ISL,2012,,,,PISA,reading,,,,,,,482.5224,,,,,,
ISR,2012,,,,PISA,reading,,,,,,,485.8032,,,,,,
ITA,2012,,,,PISA,reading,,,,,,,489.7544,,,,,,
JOR,2012,,,,PISA,reading,,,,,,,399.0347,,,,,,
JPN,2012,,,,PISA,reading,,,,,,,538.0515,,,,,,
KAZ,2012,,,,PISA,reading,,,,,,,392.7362,,,,,,
KOR,2012,,,,PISA,reading,,,,,,,535.7905,,,,,,
LIE,2012,,,,PISA,reading,,,,,,,515.5217,,,,,,
LTU,2012,,,,PISA,reading,,,,,,,477.3066,,,,,,
LUX,2012,,,,PISA,reading,,,,,,,487.807,,,,,,
LVA,2012,,,,PISA,reading,,,,,,,488.6944,,,,,,
MAC,2012,,,,PISA,reading,,,,,,,508.9493,,,,,,
MEX,2012,,,,PISA,reading,,,,,,,423.5538,,,,,,
MNE,2012,,,,PISA,reading,,,,,,,422.1114,,,,,,
MYS,2012,,,,PISA,reading,,,,,,,398.1961,,,,,,
NLD,2012,,,,PISA,reading,,,,,,,511.23,,,,,,
NOR,2012,,,,PISA,reading,,,,,,,503.9367,,,,,,
NZL,2012,,,,PISA,reading,,,,,,,512.1868,,,,,,
PER,2012,,,,PISA,reading,,,,,,,384.1512,,,,,,
POL,2012,,,,PISA,reading,,,,,,,518.1869,,,,,,
PRT,2012,,,,PISA,reading,,,,,,,487.7577,,,,,,
QAT,2012,,,,PISA,reading,,,,,,,387.5041,,,,,,
ROU,2012,,,,PISA,reading,,,,,,,437.5995,,,,,,
RUS,2012,,,,PISA,reading,,,,,,,475.1494,,,,,,
SGP,2012,,,,PISA,reading,,,,,,,542.2158,,,,,,
SRB,2012,,,,PISA,reading,,,,,,,446.1302,,,,,,
SVK,2012,,,,PISA,reading,,,,,,,462.767,,,,,,
SVN,2012,,,,PISA,reading,,,,,,,481.3163,,,,,,
SWE,2012,,,,PISA,reading,,,,,,,483.335,,,,,,
THA,2012,,,,PISA,reading,,,,,,,441.2199,,,,,,
TUN,2012,,,,PISA,reading,,,,,,,404.0785,,,,,,
TUR,2012,,,,PISA,reading,,,,,,,475.4915,,,,,,
URY,2012,,,,PISA,reading,,,,,,,411.3489,,,,,,
USA,2012,,,,PISA,reading,,,,,,,497.5817,,,,,,
VNM,2012,,,,PISA,reading,,,,,,,508.219,,,,,,
ALB,2015,,,,PISA,reading,,,,,,,405.2588,,,,,,
ARE,2015,,,,PISA,reading,,0.3148592414921476,-0.1854300197168374,,,,433.5423,,,,,,
AUS,2015,,,,PISA,reading,,0.3721603382690234,0.6017467746887963,,,,502.9006,,,,,,
AUT,2015,,,,PISA,reading,,0.1467721331854135,0.0937909519943036,,,,484.8656,,,,,,
BEL,2015,,,,PISA,reading,,0.2919930819588537,0.1797520491119041,,,,498.5242,,,,,,
BGR,2015,,,,PISA,reading,,0.003008112658973,-0.3226939305852858,,,,431.7175,,,,,,
BRA,2015,,,,PISA,reading,,-1.0931538984016071,-1.379248477392956,,,,407.3486,,,,,,
CAN,2015,,,,PISA,reading,,0.5058304779209916,0.3935663653442346,,,,526.6678,,,,,,
CHE,2015,,,,PISA,reading,,0.0793655559382421,-0.1413401076053805,,,,492.1982,,,,,,
CHL,2015,,,,PISA,reading,,-0.4113731461290743,-0.5786210527910146,,,,458.5709,,,,,,
COL,2015,,,,PISA,reading,,-0.905450235467092,-1.1975712654770658,,,,424.9052,,,,,,
CRI,2015,,,,PISA,reading,,-0.8446372440475435,-1.11249861201046,,,,427.4875,,,,,,
CZE,2015,,,,PISA,reading,,0.0761905005218968,-0.125699506410503,,,,487.2501,,,,,,
DEU,2015,,,,PISA,reading,,0.2468614776194473,0.1697655300341008,,,,509.1041,,,,,,
DNK,2015,,,,PISA,reading,,0.2035217581954834,0.2083958723326768,,,,499.8146,,,,,,
DOM,2015,,,,PISA,reading,,,,,,,357.7377,,,,,,
DZA,2015,,,,PISA,reading,,,,,,,349.8593,,,,,,
ESP,2015,,,,PISA,reading,,-0.185961082603786,-0.1146041743385551,,,,495.5764,,,,,,
EST,2015,,,,PISA,reading,,0.2150291651191981,0.1149949005063374,,,,519.1429,,,,,,
FIN,2015,,,,PISA,reading,,0.4470381241692402,0.1755540430269295,,,,526.4247,,,,,,
FRA,2015,,,,PISA,reading,,-0.0449968223896247,0.0686164026102193,,,,499.3061,,,,,,
GBR,2015,,,,PISA,reading,,0.2359424297609694,0.1879421440047878,,,,497.9719,,,,,,
GEO,2015,,,,PISA,reading,,-0.1884614250744934,-0.9333797702991792,,,,401.2881,,,,,,
GRC,2015,,,,PISA,reading,,0.0909317476984337,-0.0833328223312708,,,,467.0395,,,,,,
HKG,2015,,,,PISA,reading,,-0.7682438265261012,-0.8549774578329985,,,,526.6753,,,,,,
HRV,2015,,,,PISA,reading,,-0.1332179809899394,-0.3629649499991693,,,,486.8632,,,,,,
HUN,2015,,,,PISA,reading,,-0.0781192736863072,-0.105022501751747,,,,469.5233,,,,,,
IDN,2015,,,,PISA,reading,,-1.476588604584061,-1.828567794459818,,,,397.2595,,,,,,
IRL,2015,,,,PISA,reading,,0.1161348196545306,0.1205967166176851,,,,520.8148,,,,,,
ISL,2015,,,,PISA,reading,,0.7586301002094146,0.5476359591891663,,,,481.5255,,,,,,
ISR,2015,,,,PISA,reading,,0.0581959960668857,-0.2563429130219506,,,,478.9606,,,,,,
ITA,2015,,,,PISA,reading,,-0.0402469606185762,0.0328595907521947,,,,484.758,,,,,,
JOR,2015,,,,PISA,reading,,-0.4324539563966087,-1.1431026226334664,,,,408.1022,,,,,,
JPN,2015,,,,PISA,reading,,0.0304930314473572,-0.4415022348141206,,,,515.9585,,,,,,
KOR,2015,,,,PISA,reading,,-0.0940629524712708,-0.5510529134606923,,,,517.4367,,,,,,
KSV,2015,,,,PISA,reading,,,,,,,347.1259,,,,,,
LBN,2015,,,,PISA,reading,,,,,,,346.549,,,,,,
LTU,2015,,,,PISA,reading,,0.026331819897095,-0.1470547774283936,,,,472.4066,,,,,,
LUX,2015,,,,PISA,reading,,0.3166031825330963,0.5571140502955931,,,,481.4391,,,,,,
LVA,2015,,,,PISA,reading,,-0.0058601261727565,-0.2598577166270454,,,,487.7581,,,,,,
MAC,2015,,,,PISA,reading,,-0.6860456129393264,-0.316003309132415,,,,508.6905,,,,,,
MDA,2015,,,,PISA,reading,,-0.4868843680100769,-1.087710482173971,,,,416.2293,,,,,,
MEX,2015,,,,PISA,reading,,-1.0614617212350266,-1.5102275117312831,,,,423.2765,,,,,,
MKD,2015,,,,PISA,reading,,,,,,,351.7415,,,,,,
MLT,2015,,,,PISA,reading,,0.1115115445662288,0.656254621152875,,,,446.6661,,,,,,
MNE,2015,,,,PISA,reading,,-0.2106713651787785,-0.2734947812809797,,,,426.8845,,,,,,
NLD,2015,,,,PISA,reading,,0.3642541099839658,0.3804167793965476,,,,502.9591,,,,,,
NOR,2015,,,,PISA,reading,,0.5150739833840402,0.5716736382098289,,,,513.1912,,,,,,
NZL,2015,,,,PISA,reading,,0.1584157359497393,0.1875663968740052,,,,509.2707,,,,,,
PER,2015,,,,PISA,reading,,-1.1340693682794365,-1.9504068217144868,,,,397.5414,,,,,,
POL,2015,,,,PISA,reading,,-0.1582195668896577,0.0955159808636035,,,,505.6971,,,,,,
PRT,2015,,,,PISA,reading,,-0.2195923172794654,0.4954620152728907,,,,498.1289,,,,,,
QAR,2015,,,,PISA,reading,,,,,,,475.3323,,,,,,
QAT,2015,,,,PISA,reading,,0.5548019864251503,0.3216416211366793,,,,401.8873,,,,,,
QCH,2015,,,,PISA,reading,,,,,,,493.9412,,,,,,
QES,2015,,,,PISA,reading,,,,,,,497.1851,,,,,,
QUC,2015,,,,PISA,reading,,,,,,,527.0359,,,,,,
QUD,2015,,,,PISA,reading,,,,,,,410.0004,,,,,,
QUE,2015,,,,PISA,reading,,,,,,,499.921,,,,,,
ROU,2015,,,,PISA,reading,,-0.2562989413558623,-0.3864974488631514,,,,433.6166,,,,,,
RUS,2015,,,,PISA,reading,,-0.1125434869476616,-0.4813149778842197,,,,494.6278,,,,,,
SGP,2015,,,,PISA,reading,,-0.3607644262134998,-0.493159559897503,,,,535.1002,,,,,,
SVK,2015,,,,PISA,reading,,-0.0341981479902473,0.083886246628057,,,,452.5143,,,,,,
SVN,2015,,,,PISA,reading,,0.0015021367337516,0.2265444504482408,,,,505.2159,,,,,,
SWE,2015,,,,PISA,reading,,0.3941384841799122,0.4960702647144114,,,,500.1556,,,,,,
TAP,2015,,,,PISA,reading,,-0.2538645397870861,-0.4377176253297471,,,,497.0991,,,,,,
THA,2015,,,,PISA,reading,,-1.0709430828411732,-0.9952304902650322,,,,409.1301,,,,,,
TTO,2015,,,,PISA,reading,,-0.4783184371702857,-0.8156677071055524,,,,427.2733,,,,,,
TUN,2015,,,,PISA,reading,,-1.1543173432054772,-1.2062609093203167,,,,361.0555,,,,,,
TUR,2015,,,,PISA,reading,,-1.0789402695447758,-0.6438927290720454,,,,428.3351,,,,,,
URY,2015,,,,PISA,reading,,-0.6094562924046192,-0.5457066782876573,,,,436.5721,,,,,,
USA,2015,,,,PISA,reading,,0.2232420363284103,0.16569904145778,,,,496.9351,,,,,,
VNM,2015,,,,PISA,reading,,,,,,,486.7738,,,,,,
ALB,2018,,,,PISA,reading,,,,,,,405.4294,,,,,,
ARE,2018,,,,PISA,reading,,,,,,,431.7818,,,,,,
ARG,2018,,,,PISA,reading,,,,,,,401.5031,,,,,,
AUS,2018,,,,PISA,reading,,,,,,,502.6317,,,,,,
AUT,2018,,,,PISA,reading,,,,,,,484.3926,,,,,,
BEL,2018,,,,PISA,reading,,,,,,,492.8644,,,,,,
BGR,2018,,,,PISA,reading,,,,,,,419.844,,,,,,
BIH,2018,,,,PISA,reading,,,,,,,402.9778,,,,,,
BLR,2018,,,,PISA,reading,,,,,,,473.7884,,,,,,
BRA,2018,,,,PISA,reading,,,,,,,412.8733,,,,,,
BRN,2018,,,,PISA,reading,,,,,,,408.0699,,,,,,
CAN,2018,,,,PISA,reading,,,,,,,520.0855,,,,,,
CHE,2018,,,,PISA,reading,,,,,,,483.9294,,,,,,
CHL,2018,,,,PISA,reading,,,,,,,452.2726,,,,,,
CHN,2018,,,,PISA,reading,,,,,,,555.2362,,,,,,
COL,2018,,,,PISA,reading,,,,,,,412.2951,,,,,,
CRI,2018,,,,PISA,reading,,,,,,,426.4982,,,,,,
CYP,2018,,,,PISA,reading,,,,,,,424.3582,,,,,,
CZE,2018,,,,PISA,reading,,,,,,,490.2188,,,,,,
DEU,2018,,,,PISA,reading,,,,,,,498.2793,,,,,,
DNK,2018,,,,PISA,reading,,,,,,,501.1299,,,,,,
DOM,2018,,,,PISA,reading,,,,,,,341.6256,,,,,,
EST,2018,,,,PISA,reading,,,,,,,523.017,,,,,,
FIN,2018,,,,PISA,reading,,,,,,,520.0787,,,,,,
FRA,2018,,,,PISA,reading,,,,,,,492.6065,,,,,,
GBR,2018,,,,PISA,reading,,,,,,,503.9281,,,,,,
GEO,2018,,,,PISA,reading,,,,,,,379.7525,,,,,,
GRC,2018,,,,PISA,reading,,,,,,,457.4144,,,,,,
HKG,2018,,,,PISA,reading,,,,,,,524.2831,,,,,,
HRV,2018,,,,PISA,reading,,,,,,,478.9892,,,,,,
HUN,2018,,,,PISA,reading,,,,,,,475.9867,,,,,,
IDN,2018,,,,PISA,reading,,,,,,,370.9654,,,,,,
IRL,2018,,,,PISA,reading,,,,,,,518.0785,,,,,,
ISL,2018,,,,PISA,reading,,,,,,,473.9743,,,,,,
ISR,2018,,,,PISA,reading,,,,,,,470.4152,,,,,,
ITA,2018,,,,PISA,reading,,,,,,,476.2847,,,,,,
JOR,2018,,,,PISA,reading,,,,,,,419.0637,,,,,,
JPN,2018,,,,PISA,reading,,,,,,,503.856,,,,,,
KAZ,2018,,,,PISA,reading,,,,,,,386.9093,,,,,,
KOR,2018,,,,PISA,reading,,,,,,,514.0523,,,,,,
LBN,2018,,,,PISA,reading,,,,,,,353.3553,,,,,,
LTU,2018,,,,PISA,reading,,,,,,,475.8735,,,,,,
LUX,2018,,,,PISA,reading,,,,,,,469.9854,,,,,,
LVA,2018,,,,PISA,reading,,,,,,,478.6987,,,,,,
MAC,2018,,,,PISA,reading,,,,,,,525.1162,,,,,,
MAR,2018,,,,PISA,reading,,,,,,,359.3879,,,,,,
MDA,2018,,,,PISA,reading,,,,,,,423.993,,,,,,
MEX,2018,,,,PISA,reading,,,,,,,420.4689,,,,,,
MKD,2018,,,,PISA,reading,,,,,,,392.6678,,,,,,
MLT,2018,,,,PISA,reading,,,,,,,448.2348,,,,,,
MNE,2018,,,,PISA,reading,,,,,,,421.0576,,,,,,
MYS,2018,,,,PISA,reading,,,,,,,414.9795,,,,,,
NLD,2018,,,,PISA,reading,,,,,,,484.7837,,,,,,
NOR,2018,,,,PISA,reading,,,,,,,499.451,,,,,,
NZL,2018,,,,PISA,reading,,,,,,,505.7273,,,,,,
PAN,2018,,,,PISA,reading,,,,,,,376.9713,,,,,,
PER,2018,,,,PISA,reading,,,,,,,400.5137,,,,,,
PHL,2018,,,,PISA,reading,,,,,,,339.6916,,,,,,
POL,2018,,,,PISA,reading,,,,,,,511.8557,,,,,,
PRT,2018,,,,PISA,reading,,,,,,,491.8008,,,,,,
QAT,2018,,,,PISA,reading,,,,,,,407.0918,,,,,,
ROU,2018,,,,PISA,reading,,,,,,,427.7031,,,,,,
RUS,2018,,,,PISA,reading,,,,,,,478.5019,,,,,,
SAU,2018,,,,PISA,reading,,,,,,,399.1517,,,,,,
SGP,2018,,,,PISA,reading,,,,,,,549.4647,,,,,,
SRB,2018,,,,PISA,reading,,,,,,,439.4663,,,,,,
SVK,2018,,,,PISA,reading,,,,,,,457.984,,,,,,
SVN,2018,,,,PISA,reading,,,,,,,495.3456,,,,,,
SWE,2018,,,,PISA,reading,,,,,,,505.7852,,,,,,
THA,2018,,,,PISA,reading,,,,,,,392.8886,,,,,,
TUR,2018,,,,PISA,reading,,,,,,,465.6317,,,,,,
UKR,2018,,,,PISA,reading,,,,,,,465.9501,,,,,,
URY,2018,,,,PISA,reading,,,,,,,427.1176,,,,,,
USA,2018,,,,PISA,reading,,,,,,,505.3528,,,,,,
VNM,2018,,,,PISA,reading,,,,,,,504.5056,,,,,,
XKX,2018,,,,PISA,reading,,,,,,,353.0654,,,,,,
ALB,2022,,,,PISA,reading,,,,,,,358.4348,,,,,,
ARE,2022,,,,PISA,reading,,0.4995,0.2226,-0.0977,,,417.3497,,,,,,
ARG,2022,,,,PISA,reading,,,,,,,400.744,,,,,,
AUS,2022,,,,PISA,reading,,0.2695,0.5757,-0.125,,,498.0509,,,,,,
AUT,2022,,,,PISA,reading,,0.0923,0.1927,0.4426,,,480.4058,,,,,,
BEL,2022,,,,PISA,reading,,0.1649,0.0633,0.014,,,478.8527,,,,,,
BGR,2022,,,,PISA,reading,,-0.0801,-0.347,-0.3439,,,404.3037,,,,,,
BRA,2022,,,,PISA,reading,,-0.9572,-1.241,-0.147,,,410.357,,,,,,
BRN,2022,,,,PISA,reading,,,,,,,429.2319,,,,,,
CAN,2022,,,,PISA,reading,,0.5317,0.4778,-0.1125,,,507.1329,,,,,,
CHE,2022,,,,PISA,reading,,0.1433,0.1186,0.3562,,,483.3317,,,,,,
CHL,2022,,,,PISA,reading,,-0.4858,-0.6552,-0.0354,,,447.979,,,,,,
COL,2022,,,,PISA,reading,,-0.9878,-1.6278,-0.3093,,,408.665,,,,,,
CRI,2022,,,,PISA,reading,,-0.8008,-1.2431,-0.1576,,,415.2331,,,,,,
CZE,2022,,,,PISA,reading,,-0.2058,-0.1148,-0.2464,,,488.6037,,,,,,
DEU,2022,,,,PISA,reading,,0.1206,0.1766,0.2879,,,479.794,,,,,,
DNK,2022,,,,PISA,reading,,0.5927,0.4863,0.1418,,,488.801,,,,,,
DOM,2022,,,,PISA,reading,,-0.9026,-1.6078,-0.4034,,,351.3123,,,,,,
ESP,2022,,,,PISA,reading,,-0.5112,0.0791,0.4696,,,474.3071,,,,,,
EST,2022,,,,PISA,reading,,0.0483,-0.0662,-0.0627,,,511.0303,,,,,,
FIN,2022,,,,PISA,reading,,0.2538,0.1226,0.0911,,,490.2177,,,,,,
FRA,2022,,,,PISA,reading,,-0.137,-0.1186,-0.0594,,,473.8522,,,,,,
GBR,2022,,,,PISA,reading,,0.21,0.3336,-0.0934,,,494.4046,,,,,,
GEO,2022,,,,PISA,reading,,-0.334,-0.9595,0.199,,,373.8584,,,,,,
GRC,2022,,,,PISA,reading,,-0.0783,-0.2707,0.1003,,,438.4406,,,,,,
GTM,2022,,,,PISA,reading,,,,,,,374.1219,,,,,,
HKG,2022,,,,PISA,reading,,-0.5347,-0.5958,-0.348,,,499.7013,,,,,,
HRV,2022,,,,PISA,reading,,-0.2398,-0.3899,0.0476,,,475.4989,,,,,,
HUN,2022,,,,PISA,reading,,-0.2262,-0.2748,0.0601,,,472.9747,,,,,,
IDN,2022,,,,PISA,reading,,-1.8731,-2.4505,0.105,,,358.5699,,,,,,
IRL,2022,,,,PISA,reading,,0.1601,0.3398,-0.0151,,,516.01,,,,,,
ISL,2022,,,,PISA,reading,,0.7327,0.509,0.1942,,,435.923,,,,,,
ISR,2022,,,,PISA,reading,,0.1641,0.0672,,,,473.8327,,,,,,
ITA,2022,,,,PISA,reading,,-0.066,0.0867,0.0522,,,481.5983,,,,,,
JAM,2022,,,,PISA,reading,,,,,,,409.6328,,,,,,
JOR,2022,,,,PISA,reading,,-0.4238,-1.1379,0.1896,,,342.1658,,,,,,
JPN,2022,,,,PISA,reading,,-0.1844,-0.5673,-0.0332,,,515.8546,,,,,,
KAZ,2022,,,,PISA,reading,,,,,,,386.2847,,,,,,
KHM,2022,,,,PISA,reading,,,,,,,328.8428,,,,,,
KOR,2022,,,,PISA,reading,,-0.1972,-0.345,0.1595,,,515.4154,,,,,,
KSV,2022,,,,PISA,reading,,-0.1409,-0.7871,0.2853,,,342.1944,,,,,,
LTU,2022,,,,PISA,reading,,-0.0646,-0.2702,-0.268,,,471.8342,,,,,,
LVA,2022,,,,PISA,reading,,-0.4359,-0.2755,-0.2013,,,474.5687,,,,,,
MAC,2022,,,,PISA,reading,,-0.5416,-0.4176,-0.4041,,,510.4051,,,,,,
MAR,2022,,,,PISA,reading,,,,,,,339.3649,,,,,,
MDA,2022,,,,PISA,reading,,-0.6868,-1.1959,0.0384,,,410.9354,,,,,,
MEX,2022,,,,PISA,reading,,-1.2238,-1.5914,-0.1444,,,415.359,,,,,,
MKD,2022,,,,PISA,reading,,-0.2301,-0.6664,0.3456,,,358.5221,,,,,,
MLT,2022,,,,PISA,reading,,-0.051,0.2372,-0.0211,,,445.2988,,,,,,
MNE,2022,,,,PISA,reading,,-0.1754,-0.4746,-0.1005,,,405.0205,,,,,,
MNG,2022,,,,PISA,reading,,,,,,,378.4199,,,,,,
MYS,2022,,,,PISA,reading,,,,,,,388.0878,,,,,,
NLD,2022,,,,PISA,reading,,0.161,0.2677,0.1662,,,459.2429,,,,,,
NOR,2022,,,,PISA,reading,,0.4811,0.6271,0.2104,,,476.5239,,,,,,
NZL,2022,,,,PISA,reading,,0.1652,0.3554,-0.1684,,,500.853,,,,,,
PAN,2022,,,,PISA,reading,,,,,,,391.9534,,,,,,
PER,2022,,,,PISA,reading,,-1.0804,-1.7261,-0.2188,,,408.2479,,,,,,
PHL,2022,,,,PISA,reading,,,,,,,346.5474,,,,,,
POL,2022,,,,PISA,reading,,-0.3931,-0.1878,-0.2524,,,488.7136,,,,,,
PRT,2022,,,,PISA,reading,,-0.389,-0.0257,0.1038,,,476.5886,,,,,,
PRY,2022,,,,PISA,reading,,,,,,,373.1557,,,,,,
PSE,2022,,,,PISA,reading,,,,,,,349.1571,,,,,,
QAT,2022,,,,PISA,reading,,0.5767,0.4046,-0.1035,,,419.3043,,,,,,
QAZ,2022,,,,PISA,reading,,,,,,,365.2139,,,,,,
QUR,2022,,,,PISA,reading,,,,,,,427.527,,,,,,
ROU,2022,,,,PISA,reading,,-0.5823,-0.7803,0.0007,,,428.496,,,,,,
SAU,2022,,,,PISA,reading,,,,,,,382.551,,,,,,
SGP,2022,,,,PISA,reading,,0.03,-0.1069,-0.2125,,,542.5533,,,,,,
SLV,2022,,,,PISA,reading,,,,,,,364.9036,,,,,,
SRB,2022,,,,PISA,reading,,,,,,,440.355,,,,,,
SVK,2022,,,,PISA,reading,,-0.1081,-0.2732,-0.2781,,,446.8606,,,,,,
SVN,2022,,,,PISA,reading,,0.0314,0.112,-0.0976,,,468.536,,,,,,
SWE,2022,,,,PISA,reading,,0.3346,0.4106,0.0392,,,486.9752,,,,,,
TAP,2022,,,,PISA,reading,,-0.2125,-0.3826,0.0204,,,515.1673,,,,,,
THA,2022,,,,PISA,reading,,-1.2267,-1.1557,-0.3544,,,378.663,,,,,,
TUR,2022,,,,PISA,reading,,-1.4279,-1.4184,-0.4368,,,456.084,,,,,,
URY,2022,,,,PISA,reading,,-0.7778,-0.8194,-0.0929,,,430.3597,,,,,,
USA,2022,,,,PISA,reading,,0.1014,0.2423,-0.0876,,,503.9376,,,,,,
UZB,2022,,,,PISA,reading,,,,,,,335.5049,,,,,,
VNM,2022,,,,PISA,reading,,-1.8674,-2.0964,-0.0618,,,461.888,,,,,,
ALB,2025,,,,PISA,reading,,-0.7515,-0.8704,0.2533,4.5188,4.6534,407.641,,,,,,
ARE,2025,,,,PISA,reading,,0.2967,-0.1841,-0.2,,,432.8108,,,,,,
ARG,2025,,,,PISA,reading,,-0.802,-0.9277,-0.1967,4.883,5.6658,388.7043,,,,,,
ARM,2025,,,,PISA,reading,,,,,,,348.2857,,,,,,
AUS,2025,,,,PISA,reading,,0.3794,0.4765,-0.2267,5.7416,6.5701,490.8633,,,,,,
AUT,2025,,,,PISA,reading,,0.0691,0.2485,0.445,5.7137,6.4934,467.2117,,,,,,
AZE,2025,,,,PISA,reading,,,,,,,373.5706,,,,,,
BEL,2025,,,,PISA,reading,,0.0829,0.0396,0.0219,5.6648,6.373,466.3396,,,,,,
BGR,2025,,,,PISA,reading,,-0.2722,-0.3708,-0.1904,4.9195,5.5914,386.6448,,,,,,
BRA,2025,,,,PISA,reading,,-0.9915,-1.2322,-0.2085,5.2948,5.6365,408.0083,,,,,,
BRN,2025,,,,PISA,reading,,-0.2573,-0.344,-0.5013,5.6,5.7123,425.6809,,,,,,
CAN,2025,,,,PISA,reading,,0.3811,0.3795,-0.1617,,,489.8256,,,,,,
CHE,2025,,,,PISA,reading,,0.1692,0.2032,0.3573,5.6664,6.3562,470.0529,,,,,,
CHL,2025,,,,PISA,reading,,-0.5086,-0.6128,-0.2202,5.4953,6.2838,435.6558,,,,,,
COL,2025,,,,PISA,reading,,-1.0651,-1.3778,-0.1569,,,399.2673,,,,,,
CRI,2025,,,,PISA,reading,,,-0.9703,-0.0942,5.4565,6.1621,416.0353,,,,,,
CZE,2025,,,,PISA,reading,,-0.1041,0.1319,-0.2799,5.5996,6.2016,468.3567,,,,,,
DEU,2025,,,,PISA,reading,,-0.137,0.1313,0.2699,5.7104,6.4563,465.2821,,,,,,
DNK,2025,,,,PISA,reading,,0.4761,0.3764,0.1092,5.7827,6.5999,460.0095,,,,,,
DOM,2025,,,,PISA,reading,,-0.7097,-1.3138,-0.2303,5.1207,5.4924,345.5421,,,,,,
ECU,2025,,,,PISA,reading,,,,,,,384.998,,,,,,
ESP,2025,,,,PISA,reading,,-0.0332,0.0056,0.2725,5.7014,6.2459,451.3558,,,,,,
EST,2025,,,,PISA,reading,,0.1507,0.1569,-0.1375,5.7202,6.6468,499.2443,,,,,,
FIN,2025,,,,PISA,reading,,0.2585,0.2594,0.1012,5.7015,6.4895,474.2973,,,,,,
FRA,2025,,,,PISA,reading,,0.0002,-0.0718,-0.0269,,,456.3345,,,,,,
GBR,2025,,,,PISA,reading,,0.1364,0.1085,-0.2092,5.736,6.4017,494.2309,,,,,,
GEO,2025,,,,PISA,reading,,-0.4661,-0.8319,-0.0491,5.0601,5.4035,384.1786,,,,,,
GRC,2025,,,,PISA,reading,,-0.1549,-0.2908,-0.0597,5.5759,6.13,422.6626,,,,,,
GTM,2025,,,,PISA,reading,,-1.5129,-1.5371,-0.1809,,,337.0808,,,,,,
HKG,2025,,,,PISA,reading,,-0.4619,-0.2082,-0.3878,5.8065,6.1314,480.1207,,,,,,
HRV,2025,,,,PISA,reading,,-0.152,-0.1168,0.1331,5.6843,6.4376,453.3873,,,,,,
HUN,2025,,,,PISA,reading,,0.003,0.0502,0.1386,5.6728,6.4317,452.3063,,,,,,
IDN,2025,,,,PISA,reading,,-1.5558,-1.6918,-0.1347,,,365.2053,,,,,,
IRL,2025,,,,PISA,reading,,0.333,0.3068,-0.1321,5.8014,6.5863,500.4472,,,,,,
ISL,2025,,,,PISA,reading,,0.3781,0.3439,0.1641,5.7387,6.5119,422.2851,,,,,,
ISR,2025,,,,PISA,reading,,0.28,0.0758,,5.4636,6.202,435.8378,,,,,,
ITA,2025,,,,PISA,reading,,-0.1002,0.0739,-0.0647,5.6246,6.3627,474.2896,,,,,,
JOR,2025,,,,PISA,reading,,-0.8165,-1.3901,-0.2115,4.8765,5.1093,362.5982,,,,,,
JPN,2025,,,,PISA,reading,,-0.0068,-0.2167,0.246,5.8351,6.5975,502.7145,,,,,,
KAZ,2025,,,,PISA,reading,,-0.3724,-0.9941,-0.1429,5.61,6.4437,384.7981,,,,,,
KEN,2025,,,,PISA,reading,,,,,,,320.214,,,,,,
KGZ,2025,,,,PISA,reading,,,,,,,344.3976,,,,,,
KHM,2025,,,,PISA,reading,,-2.0113,-2.3418,-0.427,,,347.2263,,,,,,
KOR,2025,,,,PISA,reading,,0.2244,0.3564,0.2625,5.8703,6.5679,500.5606,,,,,,
KSV,2025,,,,PISA,reading,,-0.3432,-0.6111,,,,340.4644,,,,,,
LBN,2025,,,,PISA,reading,,,,,,,330.9027,,,,,,
LTU,2025,,,,PISA,reading,,0.0523,-0.0362,-0.0234,5.6529,6.439,464.0538,,,,,,
LUX,2025,,,,PISA,reading,,,,,,,443.2322,,,,,,
LVA,2025,,,,PISA,reading,,-0.0095,0.0095,-0.2454,5.6926,6.4651,429.6787,,,,,,
MAC,2025,,,,PISA,reading,,-0.4489,-0.2534,-0.3115,5.8125,6.1535,501.0536,,,,,,
MAR,2025,,,,PISA,reading,,-1.7845,-1.7448,-0.2861,5.3604,6.1115,321.1271,,,,,,
MDA,2025,,,,PISA,reading,,-0.5225,-0.8613,-0.0596,,,403.7011,,,,,,
MEX,2025,,,,PISA,reading,,-0.9524,-1.0832,-0.1832,,,407.9376,,,,,,
MKD,2025,,,,PISA,reading,,-0.2798,-0.5,0.12,,,357.4437,,,,,,
MLT,2025,,,,PISA,reading,,0.0192,0.2844,-0.237,5.5006,5.298,414.6257,,,,,,
MNE,2025,,,,PISA,reading,,-0.2055,-0.2828,0.1357,,,418.3713,,,,,,
MNG,2025,,,,PISA,reading,,-0.7291,-1.3049,-0.1504,,,374.2527,,,,,,
MUS,2025,,,,PISA,reading,,,,,,,405.3334,,,,,,
MYS,2025,,,,PISA,reading,,-0.6849,-0.9252,-0.2728,5.5201,6.0304,392.7719,,,,,,
NLD,2025,,,,PISA,reading,,0.2535,0.2653,0.1024,,,441.3449,,,,,,
NOR,2025,,,,PISA,reading,,0.5215,0.5462,0.2258,,,452.8013,,,,,,
NZL,2025,,,,PISA,reading,,0.2191,0.3636,-0.2878,,,497.0445,,,,,,
PER,2025,,,,PISA,reading,,-1.1535,-1.4398,-0.2025,,,390.1372,,,,,,
PHL,2025,,,,PISA,reading,,-1.3379,-1.7504,-0.3776,,,366.9185,,,,,,
POL,2025,,,,PISA,reading,,-0.1051,0.0532,-0.3121,5.6086,6.1169,481.5374,,,,,,
PRT,2025,,,,PISA,reading,,-0.2264,0.0499,0.0844,,,462.0274,,,,,,
PRY,2025,,,,PISA,reading,,-1.2449,-1.563,-0.242,,,352.2158,,,,,,
PSE,2025,,,,PISA,reading,,-0.9119,-1.5273,-0.1668,,,349.8762,,,,,,
QAT,2025,,,,PISA,reading,,0.1075,-0.4698,-0.1562,,,418.0284,,,,,,
QCI,2025,,,,PISA,reading,,,,,,,526.5182,,,,,,
QKI,2025,,,,PISA,reading,,,,,,,311.5303,,,,,,
QTJ,2025,,,,PISA,reading,,,,,,,368.0838,,,,,,
QUA,2025,,,,PISA,reading,,,,,,,418.4229,,,,,,
ROU,2025,,,,PISA,reading,,-0.3621,-0.4783,-0.0173,5.5124,6.1784,412.9495,,,,,,
RWA,2025,,,,PISA,reading,,,,,,,300.9439,,,,,,
SAU,2025,,,,PISA,reading,,-0.2896,-0.6948,0.0021,5.2651,5.7248,387.2841,,,,,,
SGP,2025,,,,PISA,reading,,0.3064,0.144,-0.2249,5.7331,6.6022,534.9,,,,,,
SLV,2025,,,,PISA,reading,,-1.3916,-1.626,-0.269,,,366.4317,,,,,,
SRB,2025,,,,PISA,reading,,-0.2024,-0.2305,0.1805,,,414.5985,,,,,,
SVK,2025,,,,PISA,reading,,-0.303,-0.2331,-0.2007,5.5267,6.2143,447.9671,,,,,,
SVN,2025,,,,PISA,reading,,0.2258,0.2309,0.0386,5.7017,6.5605,444.7476,,,,,,
SWE,2025,,,,PISA,reading,,0.3266,0.3194,0.0883,5.6096,6.1616,466.4363,,,,,,
TAP,2025,,,,PISA,reading,,-0.1854,-0.3315,0.013,5.7912,6.2615,507.788,,,,,,
THA,2025,,,,PISA,reading,,-1.231,-1.4271,-0.3433,5.6141,6.4879,391.8296,,,,,,
TUR,2025,,,,PISA,reading,,-1.1854,-1.0345,-0.3005,5.5624,6.3446,472.0955,,,,,,
URY,2025,,,,PISA,reading,,-0.8329,-0.7676,-0.0823,5.319,5.9145,423.2127,,,,,,
USA,2025,,,,PISA,reading,,0.0562,0.1247,-0.262,5.7192,6.6162,489.5189,,,,,,
VNM,2025,,,,PISA,reading,,-1.2884,-1.274,-0.2822,,,391.5367,,,,,,
ZMB,2025,,,,PISA,reading,,,,,,,324.8781,,,,,,
ALB,2000,,,,PISA,science,,,,,,,,376.4532,,,,,
ARG,2000,,,,PISA,science,,,,,,,,396.1668,,,,,
AUS,2000,,,,PISA,science,,,,,,,,527.5021,,,,,
AUT,2000,,,,PISA,science,,,,,,,,504.6969,,,,,
BEL,2000,,,,PISA,science,,,,,,,,495.735,,,,,
BGR,2000,,,,PISA,science,,,,,,,,448.2847,,,,,
BRA,2000,,,,PISA,science,,,,,,,,375.1689,,,,,
CAN,2000,,,,PISA,science,,,,,,,,529.3603,,,,,
CHE,2000,,,,PISA,science,,,,,,,,495.6672,,,,,
CHL,2000,,,,PISA,science,,,,,,,,414.8531,,,,,
CZE,2000,,,,PISA,science,,,,,,,,511.4145,,,,,
DEU,2000,,,,PISA,science,,,,,,,,487.1058,,,,,
DNK,2000,,,,PISA,science,,,,,,,,481.0053,,,,,
ESP,2000,,,,PISA,science,,,,,,,,490.939,,,,,
FIN,2000,,,,PISA,science,,,,,,,,537.7413,,,,,
FRA,2000,,,,PISA,science,,,,,,,,500.4863,,,,,
GBR,2000,,,,PISA,science,,,,,,,,532.0,,,,,
GRC,2000,,,,PISA,science,,,,,,,,460.5539,,,,,
HKG,2000,,,,PISA,science,,,,,,,,540.8092,,,,,
HUN,2000,,,,PISA,science,,,,,,,,496.0763,,,,,
IDN,2000,,,,PISA,science,,,,,,,,393.3299,,,,,
IRL,2000,,,,PISA,science,,,,,,,,513.3677,,,,,
ISL,2000,,,,PISA,science,,,,,,,,495.9142,,,,,
ISR,2000,,,,PISA,science,,,,,,,,434.1362,,,,,
ITA,2000,,,,PISA,science,,,,,,,,477.6033,,,,,
JPN,2000,,,,PISA,science,,,,,,,,550.4038,,,,,
KOR,2000,,,,PISA,science,,,,,,,,552.1185,,,,,
LIE,2000,,,,PISA,science,,,,,,,,476.0998,,,,,
LUX,2000,,,,PISA,science,,,,,,,,443.0706,,,,,
LVA,2000,,,,PISA,science,,,,,,,,460.0608,,,,,
MEX,2000,,,,PISA,science,,,,,,,,421.5373,,,,,
MKD,2000,,,,PISA,science,,,,,,,,400.7155,,,,,
NOR,2000,,,,PISA,science,,,,,,,,500.339,,,,,
NZL,2000,,,,PISA,science,,,,,,,,527.6867,,,,,
PER,2000,,,,PISA,science,,,,,,,,333.341,,,,,
POL,2000,,,,PISA,science,,,,,,,,483.1221,,,,,
PRT,2000,,,,PISA,science,,,,,,,,458.9958,,,,,
ROU,2000,,,,PISA,science,,,,,,,,441.0,,,,,
RUS,2000,,,,PISA,science,,,,,,,,460.3139,,,,,
SWE,2000,,,,PISA,science,,,,,,,,512.1283,,,,,
THA,2000,,,,PISA,science,,,,,,,,436.3785,,,,,
USA,2000,,,,PISA,science,,,,,,,,499.4602,,,,,
AUS,2003,,,,PISA,science,,,,,,,,525.0545,,,,,
AUT,2003,,,,PISA,science,,,,,,,,490.9846,,,,,
BEL,2003,,,,PISA,science,,,,,,,,508.829,,,,,
BRA,2003,,,,PISA,science,,,,,,,,389.6196,,,,,
CAN,2003,,,,PISA,science,,,,,,,,518.7452,,,,,
CHE,2003,,,,PISA,science,,,,,,,,512.9755,,,,,
CZE,2003,,,,PISA,science,,,,,,,,523.2537,,,,,
DEU,2003,,,,PISA,science,,,,,,,,502.3365,,,,,
DNK,2003,,,,PISA,science,,,,,,,,475.2227,,,,,
ESP,2003,,,,PISA,science,,,,,,,,487.0926,,,,,
FIN,2003,,,,PISA,science,,,,,,,,548.225,,,,,
FRA,2003,,,,PISA,science,,,,,,,,511.2255,,,,,
GBR,2003,,,,PISA,science,,,,,,,,518.4034,,,,,
GRC,2003,,,,PISA,science,,,,,,,,481.0223,,,,,
HKG,2003,,,,PISA,science,,,,,,,,539.4975,,,,,
HUN,2003,,,,PISA,science,,,,,,,,503.2789,,,,,
IDN,2003,,,,PISA,science,,,,,,,,395.0424,,,,,
IRL,2003,,,,PISA,science,,,,,,,,505.3908,,,,,
ISL,2003,,,,PISA,science,,,,,,,,494.7452,,,,,
ITA,2003,,,,PISA,science,,,,,,,,486.4542,,,,,
JPN,2003,,,,PISA,science,,,,,,,,547.6382,,,,,
KOR,2003,,,,PISA,science,,,,,,,,538.4251,,,,,
LIE,2003,,,,PISA,science,,,,,,,,525.1754,,,,,
LUX,2003,,,,PISA,science,,,,,,,,482.764,,,,,
LVA,2003,,,,PISA,science,,,,,,,,489.1249,,,,,
MAC,2003,,,,PISA,science,,,,,,,,524.6837,,,,,
MEX,2003,,,,PISA,science,,,,,,,,404.8962,,,,,
NLD,2003,,,,PISA,science,,,,,,,,524.3687,,,,,
NOR,2003,,,,PISA,science,,,,,,,,484.1812,,,,,
NZL,2003,,,,PISA,science,,,,,,,,520.9043,,,,,
POL,2003,,,,PISA,science,,,,,,,,497.7801,,,,,
PRT,2003,,,,PISA,science,,,,,,,,467.7351,,,,,
RUS,2003,,,,PISA,science,,,,,,,,489.2861,,,,,
SRB,2003,,,,PISA,science,,,,,,,,436.3737,,,,,
SVK,2003,,,,PISA,science,,,,,,,,494.8584,,,,,
SWE,2003,,,,PISA,science,,,,,,,,506.1241,,,,,
THA,2003,,,,PISA,science,,,,,,,,429.0604,,,,,
TUN,2003,,,,PISA,science,,,,,,,,384.6794,,,,,
TUR,2003,,,,PISA,science,,,,,,,,434.2234,,,,,
URY,2003,,,,PISA,science,,,,,,,,438.373,,,,,
USA,2003,,,,PISA,science,,,,,,,,491.2635,,,,,
ARG,2006,,,,PISA,science,,,,,,,,391.2439,,,,,
AUS,2006,,,,PISA,science,,,,,,,,526.8796,,,,,
AUT,2006,,,,PISA,science,,,,,,,,510.8372,,,,,
AZE,2006,,,,PISA,science,,,,,,,,382.3339,,,,,
BEL,2006,,,,PISA,science,,,,,,,,510.3635,,,,,
BGR,2006,,,,PISA,science,,,,,,,,434.0798,,,,,
BRA,2006,,,,PISA,science,,,,,,,,390.3316,,,,,
CAN,2006,,,,PISA,science,,,,,,,,534.4698,,,,,
CHE,2006,,,,PISA,science,,,,,,,,511.5239,,,,,
CHL,2006,,,,PISA,science,,,,,,,,438.1774,,,,,
COL,2006,,,,PISA,science,,,,,,,,388.0383,,,,,
CZE,2006,,,,PISA,science,,,,,,,,512.8607,,,,,
DEU,2006,,,,PISA,science,,,,,,,,515.6491,,,,,
DNK,2006,,,,PISA,science,,,,,,,,495.8943,,,,,
ESP,2006,,,,PISA,science,,,,,,,,488.4245,,,,,
EST,2006,,,,PISA,science,,,,,,,,531.3918,,,,,
FIN,2006,,,,PISA,science,,,,,,,,563.3228,,,,,
FRA,2006,,,,PISA,science,,,,,,,,495.2198,,,,,
GBR,2006,,,,PISA,science,,,,,,,,514.7735,,,,,
GRC,2006,,,,PISA,science,,,,,,,,473.378,,,,,
HKG,2006,,,,PISA,science,,,,,,,,542.2114,,,,,
HRV,2006,,,,PISA,science,,,,,,,,493.2044,,,,,
HUN,2006,,,,PISA,science,,,,,,,,503.9317,,,,,
IDN,2006,,,,PISA,science,,,,,,,,393.481,,,,,
IRL,2006,,,,PISA,science,,,,,,,,508.3289,,,,,
ISL,2006,,,,PISA,science,,,,,,,,490.7938,,,,,
ISR,2006,,,,PISA,science,,,,,,,,453.9037,,,,,
ITA,2006,,,,PISA,science,,,,,,,,475.3972,,,,,
JOR,2006,,,,PISA,science,,,,,,,,421.9718,,,,,
JPN,2006,,,,PISA,science,,,,,,,,531.3885,,,,,
KGZ,2006,,,,PISA,science,,,,,,,,322.0316,,,,,
KOR,2006,,,,PISA,science,,,,,,,,522.1481,,,,,
LIE,2006,,,,PISA,science,,,,,,,,522.161,,,,,
LTU,2006,,,,PISA,science,,,,,,,,487.9567,,,,,
LUX,2006,,,,PISA,science,,,,,,,,486.3244,,,,,
LVA,2006,,,,PISA,science,,,,,,,,489.5438,,,,,
MAC,2006,,,,PISA,science,,,,,,,,510.8397,,,,,
MEX,2006,,,,PISA,science,,,,,,,,409.652,,,,,
MNE,2006,,,,PISA,science,,,,,,,,411.7884,,,,,
NLD,2006,,,,PISA,science,,,,,,,,524.8615,,,,,
NOR,2006,,,,PISA,science,,,,,,,,486.528,,,,,
NZL,2006,,,,PISA,science,,,,,,,,530.3844,,,,,
POL,2006,,,,PISA,science,,,,,,,,497.8065,,,,,
PRT,2006,,,,PISA,science,,,,,,,,474.3059,,,,,
QAT,2006,,,,PISA,science,,,,,,,,349.3131,,,,,
ROU,2006,,,,PISA,science,,,,,,,,418.3864,,,,,
RUS,2006,,,,PISA,science,,,,,,,,479.4704,,,,,
SRB,2006,,,,PISA,science,,,,,,,,435.6363,,,,,
SVK,2006,,,,PISA,science,,,,,,,,488.4334,,,,,
SVN,2006,,,,PISA,science,,,,,,,,518.8156,,,,,
SWE,2006,,,,PISA,science,,,,,,,,503.334,,,,,
THA,2006,,,,PISA,science,,,,,,,,421.0115,,,,,
TUN,2006,,,,PISA,science,,,,,,,,385.5067,,,,,
TUR,2006,,,,PISA,science,,,,,,,,423.8327,,,,,
URY,2006,,,,PISA,science,,,,,,,,428.1339,,,,,
USA,2006,,,,PISA,science,,,,,,,,488.9068,,,,,
ALB,2009,,,,PISA,science,,,,,,,,390.6957,,,,,
ARE,2009,,,,PISA,science,,,,,,,,437.8064,,,,,
ARG,2009,,,,PISA,science,,,,,,,,400.8385,,,,,
AUS,2009,,,,PISA,science,,0.2270618042707386,0.4418990462155581,0.0408363156845903,,,,527.2705,,,,,
AUT,2009,,,,PISA,science,,0.0610114384205731,0.3644835668034877,0.4429332442127361,,,,494.3277,,,,,
AZE,2009,,,,PISA,science,,,,,,,,373.1836,,,,,
BEL,2009,,,,PISA,science,,0.1522770665061282,0.2492513356494882,-0.2841239566539923,,,,506.5755,,,,,
BGR,2009,,,,PISA,science,,,,,,,,439.2941,,,,,
BRA,2009,,,,PISA,science,,-0.9492624504146472,-0.8638098363082346,0.1304362617315885,,,,405.404,,,,,
CAN,2009,,,,PISA,science,,0.4526426897180394,0.5125222579391411,0.0169766280910463,,,,528.705,,,,,
CHE,2009,,,,PISA,science,,-0.057619387118595,0.1932152199776817,0.1925176148359923,,,,516.5675,,,,,
CHL,2009,,,,PISA,science,,,,,,,,447.4674,,,,,
CHN,2009,,,,PISA,science,,,,,,,,574.6174,,,,,
COL,2009,,,,PISA,science,,,,,,,,401.7501,,,,,
CRI,2009,,,,PISA,science,,,,,,,,430.4813,,,,,
CZE,2009,,,,PISA,science,,0.1640862428176488,0.236953793918897,-0.2743562033280163,,,,500.4971,,,,,
DEU,2009,,,,PISA,science,,0.1602319363421634,0.5033795520637417,0.2413154660576403,,,,520.4053,,,,,
DNK,2009,,,,PISA,science,,0.2022069408311536,0.2970292334134539,0.0124947991169335,,,,499.337,,,,,
ESP,2009,,,,PISA,science,,-0.2966860979736281,0.2621322813022453,0.2018814399925719,,,,488.2546,,,,,
EST,2009,,,,PISA,science,,,,,,,,527.8318,,,,,
FIN,2009,,,,PISA,science,,0.2473150040414742,0.4425366803809402,-0.0174718824364245,,,,554.0795,,,,,
FRA,2009,,,,PISA,science,,-0.0777329456945863,0.2750484497489493,-0.1806823512646628,,,,498.2269,,,,,
GBR,2009,,,,PISA,science,,0.1240468635819278,0.4148515626346683,0.0822468507701472,,,,513.7102,,,,,
GEO,2009,,,,PISA,science,,,,,,,,372.6529,,,,,
GRC,2009,,,,PISA,science,,-0.1504257420668089,-0.0967302779414689,0.0377050066882579,,,,470.1158,,,,,
HKG,2009,,,,PISA,science,,-0.7578567776264036,-0.2195596338026458,-0.6070759681451213,,,,549.0287,,,,,
HRV,2009,,,,PISA,science,,,,,,,,486.3634,,,,,
HUN,2009,,,,PISA,science,,-0.0680970650504805,0.1019678184864939,0.0793916375481371,,,,502.6427,,,,,
IDN,2009,,,,PISA,science,,-1.2574812283865318,-0.923536796327649,-0.303402962597012,,,,382.5695,,,,,
IRL,2009,,,,PISA,science,,-0.0816291735457012,0.1159468420901623,0.0782063510681194,,,,507.9842,,,,,
ISL,2009,,,,PISA,science,,0.6908836773282258,1.034073452492018,0.1598374194315297,,,,495.5985,,,,,
ISR,2009,,,,PISA,science,,,,,,,,454.851,,,,,
ITA,2009,,,,PISA,science,,-0.111061402867511,0.1367604712590719,0.0509047180049275,,,,488.8314,,,,,
JOR,2009,,,,PISA,science,,,,,,,,415.3878,,,,,
JPN,2009,,,,PISA,science,,-0.0761573319394795,-0.3224835843454401,-0.525602545706312,,,,539.431,,,,,
KAZ,2009,,,,PISA,science,,,,,,,,400.3761,,,,,
KGZ,2009,,,,PISA,science,,,,,,,,329.5456,,,,,
KOR,2009,,,,PISA,science,,-0.0991659679908825,0.2014337071040692,-0.3895518087530454,,,,537.9862,,,,,
LIE,2009,,,,PISA,science,,0.0099785850266633,0.3192623060611231,0.1934633326426401,,,,519.9142,,,,,
LTU,2009,,,,PISA,science,,,,,,,,491.4098,,,,,
LUX,2009,,,,PISA,science,,0.1849799774663588,0.5048137580115527,0.2272938136342048,,,,483.9284,,,,,
LVA,2009,,,,PISA,science,,0.1151813431635813,-0.0777339806042747,-0.2113813836661182,,,,493.8789,,,,,
MAC,2009,,,,PISA,science,,-0.9023806936748614,-0.3991355691149464,-0.6115840165864362,,,,511.0696,,,,,
MDA,2009,,,,PISA,science,,,,,,,,412.771,,,,,
MEX,2009,,,,PISA,science,,-1.1292350284091142,-0.9808571149852668,0.0773290834411513,,,,415.9087,,,,,
MLT,2009,,,,PISA,science,,,,,,,,461.3394,,,,,
MNE,2009,,,,PISA,science,,,,,,,,401.2775,,,,,
MUS,2009,,,,PISA,science,,,,,,,,417.2037,,,,,
MYS,2009,,,,PISA,science,,,,,,,,422.2316,,,,,
NLD,2009,,,,PISA,science,,0.097788461305755,0.2750008402286971,-0.0575483280248686,,,,522.2181,,,,,
NOR,2009,,,,PISA,science,,0.6066050746723949,0.7368727934763561,0.2378420021687337,,,,499.8757,,,,,
NZL,2009,,,,PISA,science,,0.2135067613258737,0.324302228148018,-0.0080631803301932,,,,532.0069,,,,,
PAN,2009,,,,PISA,science,,,,,,,,375.8956,,,,,
PER,2009,,,,PISA,science,,,,,,,,369.3518,,,,,
POL,2009,,,,PISA,science,,-0.2008851937781181,0.0545906788418912,-0.1659567615838278,,,,508.0683,,,,,
PRT,2009,,,,PISA,science,,-0.6295700099927111,0.0885548501982273,0.0934500511638716,,,,492.95,,,,,
QAT,2009,,,,PISA,science,,,,,,,,379.4469,,,,,
ROU,2009,,,,PISA,science,,,,,,,,428.1789,,,,,
RUS,2009,,,,PISA,science,,-0.0947864048552994,-0.2331310451205095,-0.2881867662579967,,,,478.2975,,,,,
SGP,2009,,,,PISA,science,,,,,,,,541.6955,,,,,
SRB,2009,,,,PISA,science,,,,,,,,442.7858,,,,,
SVK,2009,,,,PISA,science,,-0.0830243702008905,-0.1438947540635008,-0.1604787731181633,,,,490.2659,,,,,
SVN,2009,,,,PISA,science,,,,,,,,511.7595,,,,,
SWE,2009,,,,PISA,science,,0.2541745613505481,0.5352771736337494,0.2465491823969099,,,,495.1059,,,,,
THA,2009,,,,PISA,science,,-1.182920684988647,-0.6812405868824801,-0.2855118882523674,,,,425.2963,,,,,
TTO,2009,,,,PISA,science,,,,,,,,410.1956,,,,,
TUN,2009,,,,PISA,science,,-1.340395691334822,-1.222776105385851,-0.0869760332046431,,,,400.6615,,,,,
TUR,2009,,,,PISA,science,,-0.9798281630483544,-0.5287116052748442,-0.4426211813489595,,,,453.9097,,,,,
URY,2009,,,,PISA,science,,-0.3463179258757933,-0.2538164100606015,0.2414992116438825,,,,427.2142,,,,,
USA,2009,,,,PISA,science,,0.2960707886467874,0.340279384378795,,,,,502.0023,,,,,
ALB,2012,,,,PISA,science,,,,,,,,397.3732,,,,,
ARE,2012,,,,PISA,science,,,,,,,,448.3703,,,,,
ARG,2012,,,,PISA,science,,,,,,,,405.632,,,,,
AUS,2012,,,,PISA,science,,,,,,,,521.4947,,,,,
AUT,2012,,,,PISA,science,,,,,,,,505.7812,,,,,
BEL,2012,,,,PISA,science,,,,,,,,504.8677,,,,,
BGR,2012,,,,PISA,science,,,,,,,,446.4687,,,,,
BRA,2012,,,,PISA,science,,,,,,,,404.7105,,,,,
CAN,2012,,,,PISA,science,,,,,,,,525.461,,,,,
CHE,2012,,,,PISA,science,,,,,,,,515.2975,,,,,
CHL,2012,,,,PISA,science,,,,,,,,444.9339,,,,,
CHN,2012,,,,PISA,science,,,,,,,,580.1178,,,,,
COL,2012,,,,PISA,science,,,,,,,,398.6786,,,,,
CRI,2012,,,,PISA,science,,,,,,,,429.351,,,,,
CYP,2012,,,,PISA,science,,,,,,,,437.6765,,,,,
CZE,2012,,,,PISA,science,,,,,,,,508.2991,,,,,
DEU,2012,,,,PISA,science,,,,,,,,524.1208,,,,,
DNK,2012,,,,PISA,science,,,,,,,,498.4742,,,,,
ESP,2012,,,,PISA,science,,,,,,,,496.4458,,,,,
EST,2012,,,,PISA,science,,,,,,,,541.4048,,,,,
FIN,2012,,,,PISA,science,,,,,,,,545.4419,,,,,
FRA,2012,,,,PISA,science,,,,,,,,498.9709,,,,,
GBR,2012,,,,PISA,science,,,,,,,,514.1293,,,,,
GRC,2012,,,,PISA,science,,,,,,,,466.722,,,,,
HKG,2012,,,,PISA,science,,,,,,,,554.9374,,,,,
HRV,2012,,,,PISA,science,,,,,,,,491.3566,,,,,
HUN,2012,,,,PISA,science,,,,,,,,494.3024,,,,,
IDN,2012,,,,PISA,science,,,,,,,,381.9115,,,,,
IRL,2012,,,,PISA,science,,,,,,,,522.004,,,,,
ISL,2012,,,,PISA,science,,,,,,,,478.1546,,,,,
ISR,2012,,,,PISA,science,,,,,,,,470.0727,,,,,
ITA,2012,,,,PISA,science,,,,,,,,493.5415,,,,,
JOR,2012,,,,PISA,science,,,,,,,,409.3672,,,,,
JPN,2012,,,,PISA,science,,,,,,,,546.7356,,,,,
KAZ,2012,,,,PISA,science,,,,,,,,424.7075,,,,,
KOR,2012,,,,PISA,science,,,,,,,,537.7876,,,,,
LIE,2012,,,,PISA,science,,,,,,,,524.695,,,,,
LTU,2012,,,,PISA,science,,,,,,,,495.7001,,,,,
LUX,2012,,,,PISA,science,,,,,,,,491.2152,,,,,
LVA,2012,,,,PISA,science,,,,,,,,502.1862,,,,,
MAC,2012,,,,PISA,science,,,,,,,,520.5709,,,,,
MEX,2012,,,,PISA,science,,,,,,,,414.9201,,,,,
MNE,2012,,,,PISA,science,,,,,,,,410.0976,,,,,
MYS,2012,,,,PISA,science,,,,,,,,419.5026,,,,,
NLD,2012,,,,PISA,science,,,,,,,,522.0558,,,,,
NOR,2012,,,,PISA,science,,,,,,,,494.5239,,,,,
NZL,2012,,,,PISA,science,,,,,,,,515.6363,,,,,
PER,2012,,,,PISA,science,,,,,,,,373.1134,,,,,
POL,2012,,,,PISA,science,,,,,,,,525.8164,,,,,
PRT,2012,,,,PISA,science,,,,,,,,489.2747,,,,,
QAT,2012,,,,PISA,science,,,,,,,,383.6426,,,,,
ROU,2012,,,,PISA,science,,,,,,,,438.7681,,,,,
RUS,2012,,,,PISA,science,,,,,,,,486.2955,,,,,
SGP,2012,,,,PISA,science,,,,,,,,551.4932,,,,,
SRB,2012,,,,PISA,science,,,,,,,,444.8041,,,,,
SVK,2012,,,,PISA,science,,,,,,,,471.1932,,,,,
SVN,2012,,,,PISA,science,,,,,,,,514.1426,,,,,
SWE,2012,,,,PISA,science,,,,,,,,484.799,,,,,
THA,2012,,,,PISA,science,,,,,,,,443.9999,,,,,
TUN,2012,,,,PISA,science,,,,,,,,398.0465,,,,,
TUR,2012,,,,PISA,science,,,,,,,,463.4129,,,,,
URY,2012,,,,PISA,science,,,,,,,,415.8429,,,,,
USA,2012,,,,PISA,science,,,,,,,,497.4098,,,,,
VNM,2012,,,,PISA,science,,,,,,,,528.4233,,,,,
ALB,2015,,,,PISA,science,,,,,,,,427.225,,,,,
ARE,2015,,,,PISA,science,,0.3148592414921476,-0.1854300197168374,,,,,436.7311,,,,,
AUS,2015,,,,PISA,science,,0.3721603382690234,0.6017467746887963,,,,,509.9939,,,,,
AUT,2015,,,,PISA,science,,0.1467721331854135,0.0937909519943036,,,,,495.0375,,,,,
BEL,2015,,,,PISA,science,,0.2919930819588537,0.1797520491119041,,,,,501.9997,,,,,
BGR,2015,,,,PISA,science,,0.003008112658973,-0.3226939305852858,,,,,445.772,,,,,
BRA,2015,,,,PISA,science,,-1.0931538984016071,-1.379248477392956,,,,,400.6821,,,,,
CAN,2015,,,,PISA,science,,0.5058304779209916,0.3935663653442346,,,,,527.7047,,,,,
CHE,2015,,,,PISA,science,,0.0793655559382421,-0.1413401076053805,,,,,505.5058,,,,,
CHL,2015,,,,PISA,science,,-0.4113731461290743,-0.5786210527910146,,,,,446.9561,,,,,
COL,2015,,,,PISA,science,,-0.905450235467092,-1.1975712654770658,,,,,415.7288,,,,,
CRI,2015,,,,PISA,science,,-0.8446372440475435,-1.11249861201046,,,,,419.608,,,,,
CZE,2015,,,,PISA,science,,0.0761905005218968,-0.125699506410503,,,,,492.83,,,,,
DEU,2015,,,,PISA,science,,0.2468614776194473,0.1697655300341008,,,,,509.1406,,,,,
DNK,2015,,,,PISA,science,,0.2035217581954834,0.2083958723326768,,,,,501.9369,,,,,
DOM,2015,,,,PISA,science,,,,,,,,331.6388,,,,,
DZA,2015,,,,PISA,science,,,,,,,,375.7451,,,,,
ESP,2015,,,,PISA,science,,-0.185961082603786,-0.1146041743385551,,,,,492.7861,,,,,
EST,2015,,,,PISA,science,,0.2150291651191981,0.1149949005063374,,,,,534.1937,,,,,
FIN,2015,,,,PISA,science,,0.4470381241692402,0.1755540430269295,,,,,530.6612,,,,,
FRA,2015,,,,PISA,science,,-0.0449968223896247,0.0686164026102193,,,,,494.9776,,,,,
GBR,2015,,,,PISA,science,,0.2359424297609694,0.1879421440047878,,,,,509.2215,,,,,
GEO,2015,,,,PISA,science,,-0.1884614250744934,-0.9333797702991792,,,,,411.1315,,,,,
GRC,2015,,,,PISA,science,,0.0909317476984337,-0.0833328223312708,,,,,454.8288,,,,,
HKG,2015,,,,PISA,science,,-0.7682438265261012,-0.8549774578329985,,,,,523.2774,,,,,
HRV,2015,,,,PISA,science,,-0.1332179809899394,-0.3629649499991693,,,,,475.3912,,,,,
HUN,2015,,,,PISA,science,,-0.0781192736863072,-0.105022501751747,,,,,476.7475,,,,,
IDN,2015,,,,PISA,science,,-1.476588604584061,-1.828567794459818,,,,,403.0997,,,,,
IRL,2015,,,,PISA,science,,0.1161348196545306,0.1205967166176851,,,,,502.5751,,,,,
ISL,2015,,,,PISA,science,,0.7586301002094146,0.5476359591891663,,,,,473.2301,,,,,
ISR,2015,,,,PISA,science,,0.0581959960668857,-0.2563429130219506,,,,,466.5528,,,,,
ITA,2015,,,,PISA,science,,-0.0402469606185762,0.0328595907521947,,,,,480.5468,,,,,
JOR,2015,,,,PISA,science,,-0.4324539563966087,-1.1431026226334664,,,,,408.6691,,,,,
JPN,2015,,,,PISA,science,,0.0304930314473572,-0.4415022348141206,,,,,538.3948,,,,,
KOR,2015,,,,PISA,science,,-0.0940629524712708,-0.5510529134606923,,,,,515.8099,,,,,
KSV,2015,,,,PISA,science,,,,,,,,378.4422,,,,,
LBN,2015,,,,PISA,science,,,,,,,,386.4854,,,,,
LTU,2015,,,,PISA,science,,0.026331819897095,-0.1470547774283936,,,,,475.4089,,,,,
LUX,2015,,,,PISA,science,,0.3166031825330963,0.5571140502955931,,,,,482.8064,,,,,
LVA,2015,,,,PISA,science,,-0.0058601261727565,-0.2598577166270454,,,,,490.225,,,,,
MAC,2015,,,,PISA,science,,-0.6860456129393264,-0.316003309132415,,,,,528.5496,,,,,
MDA,2015,,,,PISA,science,,-0.4868843680100769,-1.087710482173971,,,,,427.9978,,,,,
MEX,2015,,,,PISA,science,,-1.0614617212350266,-1.5102275117312831,,,,,415.7099,,,,,
MKD,2015,,,,PISA,science,,,,,,,,383.6824,,,,,
MLT,2015,,,,PISA,science,,0.1115115445662288,0.656254621152875,,,,,464.782,,,,,
MNE,2015,,,,PISA,science,,-0.2106713651787785,-0.2734947812809797,,,,,411.3136,,,,,
NLD,2015,,,,PISA,science,,0.3642541099839658,0.3804167793965476,,,,,508.5748,,,,,
NOR,2015,,,,PISA,science,,0.5150739833840402,0.5716736382098289,,,,,498.4811,,,,,
NZL,2015,,,,PISA,science,,0.1584157359497393,0.1875663968740052,,,,,513.3035,,,,,
PER,2015,,,,PISA,science,,-1.1340693682794365,-1.9504068217144868,,,,,396.6836,,,,,
POL,2015,,,,PISA,science,,-0.1582195668896577,0.0955159808636035,,,,,501.4353,,,,,
PRT,2015,,,,PISA,science,,-0.2195923172794654,0.4954620152728907,,,,,501.1001,,,,,
QAR,2015,,,,PISA,science,,,,,,,,475.1866,,,,,
QAT,2015,,,,PISA,science,,0.5548019864251503,0.3216416211366793,,,,,417.6111,,,,,
QCH,2015,,,,PISA,science,,,,,,,,517.7793,,,,,
QES,2015,,,,PISA,science,,,,,,,,494.71,,,,,
QUC,2015,,,,PISA,science,,,,,,,,529.3741,,,,,
QUD,2015,,,,PISA,science,,,,,,,,402.6545,,,,,
QUE,2015,,,,PISA,science,,,,,,,,502.3697,,,,,
ROU,2015,,,,PISA,science,,-0.2562989413558623,-0.3864974488631514,,,,,434.8849,,,,,
RUS,2015,,,,PISA,science,,-0.1125434869476616,-0.4813149778842197,,,,,486.631,,,,,
SGP,2015,,,,PISA,science,,-0.3607644262134998,-0.493159559897503,,,,,555.5747,,,,,
SVK,2015,,,,PISA,science,,-0.0341981479902473,0.083886246628057,,,,,460.7749,,,,,
SVN,2015,,,,PISA,science,,0.0015021367337516,0.2265444504482408,,,,,512.8636,,,,,
SWE,2015,,,,PISA,science,,0.3941384841799122,0.4960702647144114,,,,,493.4224,,,,,
TAP,2015,,,,PISA,science,,-0.2538645397870861,-0.4377176253297471,,,,,532.3475,,,,,
THA,2015,,,,PISA,science,,-1.0709430828411732,-0.9952304902650322,,,,,421.3373,,,,,
TTO,2015,,,,PISA,science,,-0.4783184371702857,-0.8156677071055524,,,,,424.5905,,,,,
TUN,2015,,,,PISA,science,,-1.1543173432054772,-1.2062609093203167,,,,,386.4034,,,,,
TUR,2015,,,,PISA,science,,-1.0789402695447758,-0.6438927290720454,,,,,425.4895,,,,,
URY,2015,,,,PISA,science,,-0.6094562924046192,-0.5457066782876573,,,,,435.363,,,,,
USA,2015,,,,PISA,science,,0.2232420363284103,0.16569904145778,,,,,496.2424,,,,,
VNM,2015,,,,PISA,science,,,,,,,,524.6445,,,,,
ALB,2018,,,,PISA,science,,,,,,,,416.7263,,,,,
ARE,2018,,,,PISA,science,,,,,,,,433.6368,,,,,
ARG,2018,,,,PISA,science,,,,,,,,404.0714,,,,,
AUS,2018,,,,PISA,science,,,,,,,,502.9646,,,,,
AUT,2018,,,,PISA,science,,,,,,,,489.7804,,,,,
BEL,2018,,,,PISA,science,,,,,,,,498.7731,,,,,
BGR,2018,,,,PISA,science,,,,,,,,424.0736,,,,,
BIH,2018,,,,PISA,science,,,,,,,,398.4977,,,,,
BLR,2018,,,,PISA,science,,,,,,,,471.2637,,,,,
BRA,2018,,,,PISA,science,,,,,,,,403.6209,,,,,
BRN,2018,,,,PISA,science,,,,,,,,430.9844,,,,,
CAN,2018,,,,PISA,science,,,,,,,,517.9977,,,,,
CHE,2018,,,,PISA,science,,,,,,,,495.2763,,,,,
CHL,2018,,,,PISA,science,,,,,,,,443.5826,,,,,
CHN,2018,,,,PISA,science,,,,,,,,590.4526,,,,,
COL,2018,,,,PISA,science,,,,,,,,413.323,,,,,
CRI,2018,,,,PISA,science,,,,,,,,415.6225,,,,,
CYP,2018,,,,PISA,science,,,,,,,,439.0082,,,,,
CZE,2018,,,,PISA,science,,,,,,,,496.7913,,,,,
DEU,2018,,,,PISA,science,,,,,,,,502.9889,,,,,
DNK,2018,,,,PISA,science,,,,,,,,492.637,,,,,
DOM,2018,,,,PISA,science,,,,,,,,335.6299,,,,,
ESP,2018,,,,PISA,science,,,,,,,,483.252,,,,,
EST,2018,,,,PISA,science,,,,,,,,530.108,,,,,
FIN,2018,,,,PISA,science,,,,,,,,521.8846,,,,,
FRA,2018,,,,PISA,science,,,,,,,,492.9771,,,,,
GBR,2018,,,,PISA,science,,,,,,,,504.6675,,,,,
GEO,2018,,,,PISA,science,,,,,,,,382.6636,,,,,
GRC,2018,,,,PISA,science,,,,,,,,451.6327,,,,,
HKG,2018,,,,PISA,science,,,,,,,,516.6861,,,,,
HRV,2018,,,,PISA,science,,,,,,,,472.3626,,,,,
HUN,2018,,,,PISA,science,,,,,,,,480.9117,,,,,
IDN,2018,,,,PISA,science,,,,,,,,396.0701,,,,,
IRL,2018,,,,PISA,science,,,,,,,,496.1136,,,,,
ISL,2018,,,,PISA,science,,,,,,,,475.0241,,,,,
ISR,2018,,,,PISA,science,,,,,,,,462.1966,,,,,
ITA,2018,,,,PISA,science,,,,,,,,468.0117,,,,,
JOR,2018,,,,PISA,science,,,,,,,,429.2521,,,,,
JPN,2018,,,,PISA,science,,,,,,,,529.1354,,,,,
KAZ,2018,,,,PISA,science,,,,,,,,397.1048,,,,,
KOR,2018,,,,PISA,science,,,,,,,,519.0073,,,,,
LBN,2018,,,,PISA,science,,,,,,,,383.717,,,,,
LTU,2018,,,,PISA,science,,,,,,,,482.067,,,,,
LUX,2018,,,,PISA,science,,,,,,,,476.7694,,,,,
LVA,2018,,,,PISA,science,,,,,,,,487.2506,,,,,
MAC,2018,,,,PISA,science,,,,,,,,543.5857,,,,,
MAR,2018,,,,PISA,science,,,,,,,,376.5969,,,,,
MDA,2018,,,,PISA,science,,,,,,,,428.4853,,,,,
MEX,2018,,,,PISA,science,,,,,,,,419.2047,,,,,
MKD,2018,,,,PISA,science,,,,,,,,413.0447,,,,,
MLT,2018,,,,PISA,science,,,,,,,,456.5903,,,,,
MNE,2018,,,,PISA,science,,,,,,,,415.1722,,,,,
MYS,2018,,,,PISA,science,,,,,,,,437.6181,,,,,
NLD,2018,,,,PISA,science,,,,,,,,503.3838,,,,,
NOR,2018,,,,PISA,science,,,,,,,,490.4131,,,,,
NZL,2018,,,,PISA,science,,,,,,,,508.4907,,,,,
PAN,2018,,,,PISA,science,,,,,,,,364.6238,,,,,
PER,2018,,,,PISA,science,,,,,,,,404.2156,,,,,
PHL,2018,,,,PISA,science,,,,,,,,356.9333,,,,,
POL,2018,,,,PISA,science,,,,,,,,511.0356,,,,,
PRT,2018,,,,PISA,science,,,,,,,,491.6773,,,,,
QAT,2018,,,,PISA,science,,,,,,,,419.1272,,,,,
ROU,2018,,,,PISA,science,,,,,,,,425.7612,,,,,
RUS,2018,,,,PISA,science,,,,,,,,477.7177,,,,,
SAU,2018,,,,PISA,science,,,,,,,,386.2461,,,,,
SGP,2018,,,,PISA,science,,,,,,,,550.9369,,,,,
SRB,2018,,,,PISA,science,,,,,,,,439.8739,,,,,
SVK,2018,,,,PISA,science,,,,,,,,464.0476,,,,,
SVN,2018,,,,PISA,science,,,,,,,,507.0065,,,,,
SWE,2018,,,,PISA,science,,,,,,,,499.4447,,,,,
THA,2018,,,,PISA,science,,,,,,,,425.8134,,,,,
TUR,2018,,,,PISA,science,,,,,,,,468.2996,,,,,
UKR,2018,,,,PISA,science,,,,,,,,468.9877,,,,,
URY,2018,,,,PISA,science,,,,,,,,425.8127,,,,,
USA,2018,,,,PISA,science,,,,,,,,502.38,,,,,
VNM,2018,,,,PISA,science,,,,,,,,543.3849,,,,,
XKX,2018,,,,PISA,science,,,,,,,,364.8824,,,,,
ALB,2022,,,,PISA,science,,,,,,,,375.9678,,,,,
ARE,2022,,,,PISA,science,,0.4995,0.2226,-0.0977,,,,431.9795,,,,,
ARG,2022,,,,PISA,science,,,,,,,,406.1913,,,,,
AUS,2022,,,,PISA,science,,0.2695,0.5757,-0.125,,,,507.0009,,,,,
AUT,2022,,,,PISA,science,,0.0923,0.1927,0.4426,,,,491.271,,,,,
BEL,2022,,,,PISA,science,,0.1649,0.0633,0.014,,,,490.5783,,,,,
BGR,2022,,,,PISA,science,,-0.0801,-0.347,-0.3439,,,,420.9932,,,,,
BRA,2022,,,,PISA,science,,-0.9572,-1.241,-0.147,,,,403.0012,,,,,
BRN,2022,,,,PISA,science,,,,,,,,445.8551,,,,,
CAN,2022,,,,PISA,science,,0.5317,0.4778,-0.1125,,,,515.0167,,,,,
CHE,2022,,,,PISA,science,,0.1433,0.1186,0.3562,,,,502.5232,,,,,
CHL,2022,,,,PISA,science,,-0.4858,-0.6552,-0.0354,,,,443.5434,,,,,
COL,2022,,,,PISA,science,,-0.9878,-1.6278,-0.3093,,,,411.1207,,,,,
CRI,2022,,,,PISA,science,,-0.8008,-1.2431,-0.1576,,,,410.9866,,,,,
CZE,2022,,,,PISA,science,,-0.2058,-0.1148,-0.2464,,,,497.742,,,,,
DEU,2022,,,,PISA,science,,0.1206,0.1766,0.2879,,,,492.4267,,,,,
DNK,2022,,,,PISA,science,,0.5927,0.4863,0.1418,,,,493.8157,,,,,
DOM,2022,,,,PISA,science,,-0.9026,-1.6078,-0.4034,,,,360.4261,,,,,
ESP,2022,,,,PISA,science,,-0.5112,0.0791,0.4696,,,,484.5336,,,,,
EST,2022,,,,PISA,science,,0.0483,-0.0662,-0.0627,,,,525.8118,,,,,
FIN,2022,,,,PISA,science,,0.2538,0.1226,0.0911,,,,510.9589,,,,,
FRA,2022,,,,PISA,science,,-0.137,-0.1186,-0.0594,,,,487.2253,,,,,
GBR,2022,,,,PISA,science,,0.21,0.3336,-0.0934,,,,499.6702,,,,,
GEO,2022,,,,PISA,science,,-0.334,-0.9595,0.199,,,,384.0675,,,,,
GRC,2022,,,,PISA,science,,-0.0783,-0.2707,0.1003,,,,440.7861,,,,,
GTM,2022,,,,PISA,science,,,,,,,,372.9628,,,,,
HKG,2022,,,,PISA,science,,-0.5347,-0.5958,-0.348,,,,520.4187,,,,,
HRV,2022,,,,PISA,science,,-0.2398,-0.3899,0.0476,,,,482.6674,,,,,
HUN,2022,,,,PISA,science,,-0.2262,-0.2748,0.0601,,,,485.8902,,,,,
IDN,2022,,,,PISA,science,,-1.8731,-2.4505,0.105,,,,382.8634,,,,,
IRL,2022,,,,PISA,science,,0.1601,0.3398,-0.0151,,,,503.8455,,,,,
ISL,2022,,,,PISA,science,,0.7327,0.509,0.1942,,,,446.9671,,,,,
ISR,2022,,,,PISA,science,,0.1641,0.0672,,,,,464.7518,,,,,
ITA,2022,,,,PISA,science,,-0.066,0.0867,0.0522,,,,477.4634,,,,,
JAM,2022,,,,PISA,science,,,,,,,,402.934,,,,,
JOR,2022,,,,PISA,science,,-0.4238,-1.1379,0.1896,,,,374.5271,,,,,
JPN,2022,,,,PISA,science,,-0.1844,-0.5673,-0.0332,,,,546.6345,,,,,
KAZ,2022,,,,PISA,science,,,,,,,,423.166,,,,,
KHM,2022,,,,PISA,science,,,,,,,,347.1042,,,,,
KOR,2022,,,,PISA,science,,-0.1972,-0.345,0.1595,,,,527.8224,,,,,
KSV,2022,,,,PISA,science,,-0.1409,-0.7871,0.2853,,,,357.0241,,,,,
LTU,2022,,,,PISA,science,,-0.0646,-0.2702,-0.268,,,,484.4634,,,,,
LVA,2022,,,,PISA,science,,-0.4359,-0.2755,-0.2013,,,,493.8428,,,,,
MAC,2022,,,,PISA,science,,-0.5416,-0.4176,-0.4041,,,,543.0963,,,,,
MAR,2022,,,,PISA,science,,,,,,,,365.3981,,,,,
MDA,2022,,,,PISA,science,,-0.6868,-1.1959,0.0384,,,,416.859,,,,,
MEX,2022,,,,PISA,science,,-1.2238,-1.5914,-0.1444,,,,409.8866,,,,,
MKD,2022,,,,PISA,science,,-0.2301,-0.6664,0.3456,,,,379.8751,,,,,
MLT,2022,,,,PISA,science,,-0.051,0.2372,-0.0211,,,,465.5887,,,,,
MNE,2022,,,,PISA,science,,-0.1754,-0.4746,-0.1005,,,,403.1302,,,,,
MNG,2022,,,,PISA,science,,,,,,,,412.3825,,,,,
MYS,2022,,,,PISA,science,,,,,,,,416.3061,,,,,
NLD,2022,,,,PISA,science,,0.161,0.2677,0.1662,,,,488.3168,,,,,
NOR,2022,,,,PISA,science,,0.4811,0.6271,0.2104,,,,478.2265,,,,,
NZL,2022,,,,PISA,science,,0.1652,0.3554,-0.1684,,,,504.1293,,,,,
PAN,2022,,,,PISA,science,,,,,,,,387.7676,,,,,
PER,2022,,,,PISA,science,,-1.0804,-1.7261,-0.2188,,,,407.7778,,,,,
PHL,2022,,,,PISA,science,,,,,,,,356.1673,,,,,
POL,2022,,,,PISA,science,,-0.3931,-0.1878,-0.2524,,,,499.1644,,,,,
PRT,2022,,,,PISA,science,,-0.389,-0.0257,0.1038,,,,484.3735,,,,,
PRY,2022,,,,PISA,science,,,,,,,,368.3278,,,,,
PSE,2022,,,,PISA,science,,,,,,,,368.8151,,,,,
QAT,2022,,,,PISA,science,,0.5767,0.4046,-0.1035,,,,432.4025,,,,,
QAZ,2022,,,,PISA,science,,,,,,,,380.1437,,,,,
QUR,2022,,,,PISA,science,,,,,,,,450.1872,,,,,
ROU,2022,,,,PISA,science,,-0.5823,-0.7803,0.0007,,,,427.5111,,,,,
SAU,2022,,,,PISA,science,,,,,,,,390.3876,,,,,
SGP,2022,,,,PISA,science,,0.03,-0.1069,-0.2125,,,,561.4333,,,,,
SLV,2022,,,,PISA,science,,,,,,,,373.1413,,,,,
SRB,2022,,,,PISA,science,,,,,,,,447.4607,,,,,
SVK,2022,,,,PISA,science,,-0.1081,-0.2732,-0.2781,,,,462.2695,,,,,
SVN,2022,,,,PISA,science,,0.0314,0.112,-0.0976,,,,499.9649,,,,,
SWE,2022,,,,PISA,science,,0.3346,0.4106,0.0392,,,,493.5493,,,,,
TAP,2022,,,,PISA,science,,-0.2125,-0.3826,0.0204,,,,537.3804,,,,,
THA,2022,,,,PISA,science,,-1.2267,-1.1557,-0.3544,,,,409.2643,,,,,
TUR,2022,,,,PISA,science,,-1.4279,-1.4184,-0.4368,,,,475.9378,,,,,
URY,2022,,,,PISA,science,,-0.7778,-0.8194,-0.0929,,,,435.3848,,,,,
USA,2022,,,,PISA,science,,0.1014,0.2423,-0.0876,,,,499.4141,,,,,
UZB,2022,,,,PISA,science,,,,,,,,354.8636,,,,,
VNM,2022,,,,PISA,science,,-1.8674,-2.0964,-0.0618,,,,472.381,,,,,
ALB,2025,,,,PISA,science,,-0.7515,-0.8704,0.2533,4.5188,4.6534,,434.6271,,,,,
ARE,2025,,,,PISA,science,,0.2967,-0.1841,-0.2,,,,458.067,,,,,
ARG,2025,,,,PISA,science,,-0.802,-0.9277,-0.1967,4.883,5.6658,,392.9339,,,,,
ARM,2025,,,,PISA,science,,,,,,,,368.6331,,,,,
AUS,2025,,,,PISA,science,,0.3794,0.4765,-0.2267,5.7416,6.5701,,509.1063,,,,,
AUT,2025,,,,PISA,science,,0.0691,0.2485,0.445,5.7137,6.4934,,496.9127,,,,,
AZE,2025,,,,PISA,science,,,,,,,,408.5635,,,,,
BEL,2025,,,,PISA,science,,0.0829,0.0396,0.0219,5.6648,6.373,,489.7132,,,,,
BGR,2025,,,,PISA,science,,-0.2722,-0.3708,-0.1904,4.9195,5.5914,,420.7937,,,,,
BRA,2025,,,,PISA,science,,-0.9915,-1.2322,-0.2085,5.2948,5.6365,,408.5405,,,,,
BRN,2025,,,,PISA,science,,-0.2573,-0.344,-0.5013,5.6,5.7123,,439.4539,,,,,
CAN,2025,,,,PISA,science,,0.3811,0.3795,-0.1617,,,,510.0548,,,,,
CHE,2025,,,,PISA,science,,0.1692,0.2032,0.3573,5.6664,6.3562,,501.2376,,,,,
CHL,2025,,,,PISA,science,,-0.5086,-0.6128,-0.2202,5.4953,6.2838,,442.3606,,,,,
COL,2025,,,,PISA,science,,-1.0651,-1.3778,-0.1569,,,,413.7309,,,,,
CRI,2025,,,,PISA,science,,,-0.9703,-0.0942,5.4565,6.1621,,423.9696,,,,,
CZE,2025,,,,PISA,science,,-0.1041,0.1319,-0.2799,5.5996,6.2016,,490.2783,,,,,
DEU,2025,,,,PISA,science,,-0.137,0.1313,0.2699,5.7104,6.4563,,485.5214,,,,,
DNK,2025,,,,PISA,science,,0.4761,0.3764,0.1092,5.7827,6.5999,,477.541,,,,,
DOM,2025,,,,PISA,science,,-0.7097,-1.3138,-0.2303,5.1207,5.4924,,360.8466,,,,,
ECU,2025,,,,PISA,science,,,,,,,,393.4212,,,,,
ESP,2025,,,,PISA,science,,-0.0332,0.0056,0.2725,5.7014,6.2459,,477.1273,,,,,
EST,2025,,,,PISA,science,,0.1507,0.1569,-0.1375,5.7202,6.6468,,527.1171,,,,,
FIN,2025,,,,PISA,science,,0.2585,0.2594,0.1012,5.7015,6.4895,,504.3724,,,,,
FRA,2025,,,,PISA,science,,0.0002,-0.0718,-0.0269,,,,483.4212,,,,,
GBR,2025,,,,PISA,science,,0.1364,0.1085,-0.2092,5.736,6.4017,,511.3558,,,,,
GEO,2025,,,,PISA,science,,-0.4661,-0.8319,-0.0491,5.0601,5.4035,,422.1187,,,,,
GRC,2025,,,,PISA,science,,-0.1549,-0.2908,-0.0597,5.5759,6.13,,434.2849,,,,,
GTM,2025,,,,PISA,science,,-1.5129,-1.5371,-0.1809,,,,351.234,,,,,
HKG,2025,,,,PISA,science,,-0.4619,-0.2082,-0.3878,5.8065,6.1314,,495.6267,,,,,
HRV,2025,,,,PISA,science,,-0.152,-0.1168,0.1331,5.6843,6.4376,,476.3009,,,,,
HUN,2025,,,,PISA,science,,0.003,0.0502,0.1386,5.6728,6.4317,,479.9118,,,,,
IDN,2025,,,,PISA,science,,-1.5558,-1.6918,-0.1347,,,,388.6738,,,,,
IRL,2025,,,,PISA,science,,0.333,0.3068,-0.1321,5.8014,6.5863,,499.5967,,,,,
ISL,2025,,,,PISA,science,,0.3781,0.3439,0.1641,5.7387,6.5119,,441.3804,,,,,
ISR,2025,,,,PISA,science,,0.28,0.0758,,5.4636,6.202,,442.0088,,,,,
ITA,2025,,,,PISA,science,,-0.1002,0.0739,-0.0647,5.6246,6.3627,,482.9821,,,,,
JOR,2025,,,,PISA,science,,-0.8165,-1.3901,-0.2115,4.8765,5.1093,,406.9354,,,,,
JPN,2025,,,,PISA,science,,-0.0068,-0.2167,0.246,5.8351,6.5975,,537.5862,,,,,
KAZ,2025,,,,PISA,science,,-0.3724,-0.9941,-0.1429,5.61,6.4437,,419.5476,,,,,
KEN,2025,,,,PISA,science,,,,,,,,334.9494,,,,,
KGZ,2025,,,,PISA,science,,,,,,,,362.5294,,,,,
KHM,2025,,,,PISA,science,,-2.0113,-2.3418,-0.427,,,,381.9351,,,,,
KOR,2025,,,,PISA,science,,0.2244,0.3564,0.2625,5.8703,6.5679,,526.1053,,,,,
KSV,2025,,,,PISA,science,,-0.3432,-0.6111,,,,,357.0148,,,,,
LBN,2025,,,,PISA,science,,,,,,,,372.0057,,,,,
LTU,2025,,,,PISA,science,,0.0523,-0.0362,-0.0234,5.6529,6.439,,487.739,,,,,
LUX,2025,,,,PISA,science,,,,,,,,473.7703,,,,,
LVA,2025,,,,PISA,science,,-0.0095,0.0095,-0.2454,5.6926,6.4651,,468.3674,,,,,
MAC,2025,,,,PISA,science,,-0.4489,-0.2534,-0.3115,5.8125,6.1535,,540.8139,,,,,
MAR,2025,,,,PISA,science,,-1.7845,-1.7448,-0.2861,5.3604,6.1115,,357.9798,,,,,
MDA,2025,,,,PISA,science,,-0.5225,-0.8613,-0.0596,,,,421.947,,,,,
MEX,2025,,,,PISA,science,,-0.9524,-1.0832,-0.1832,,,,413.5654,,,,,
MKD,2025,,,,PISA,science,,-0.2798,-0.5,0.12,,,,378.4981,,,,,
MLT,2025,,,,PISA,science,,0.0192,0.2844,-0.237,5.5006,5.298,,452.527,,,,,
MNE,2025,,,,PISA,science,,-0.2055,-0.2828,0.1357,,,,435.1844,,,,,
MNG,2025,,,,PISA,science,,-0.7291,-1.3049,-0.1504,,,,424.0337,,,,,
MUS,2025,,,,PISA,science,,,,,,,,438.164,,,,,
MYS,2025,,,,PISA,science,,-0.6849,-0.9252,-0.2728,5.5201,6.0304,,419.2027,,,,,
NLD,2025,,,,PISA,science,,0.2535,0.2653,0.1024,,,,485.4514,,,,,
NOR,2025,,,,PISA,science,,0.5215,0.5462,0.2258,,,,470.2123,,,,,
NZL,2025,,,,PISA,science,,0.2191,0.3636,-0.2878,,,,509.3979,,,,,
PER,2025,,,,PISA,science,,-1.1535,-1.4398,-0.2025,,,,405.6005,,,,,
PHL,2025,,,,PISA,science,,-1.3379,-1.7504,-0.3776,,,,373.3185,,,,,
POL,2025,,,,PISA,science,,-0.1051,0.0532,-0.3121,5.6086,6.1169,,495.067,,,,,
PRT,2025,,,,PISA,science,,-0.2264,0.0499,0.0844,,,,481.716,,,,,
PRY,2025,,,,PISA,science,,-1.2449,-1.563,-0.242,,,,355.2441,,,,,
PSE,2025,,,,PISA,science,,-0.9119,-1.5273,-0.1668,,,,358.7395,,,,,
QAT,2025,,,,PISA,science,,0.1075,-0.4698,-0.1562,,,,434.3997,,,,,
QCI,2025,,,,PISA,science,,,,,,,,597.0438,,,,,
QKI,2025,,,,PISA,science,,,,,,,,352.1914,,,,,
QTJ,2025,,,,PISA,science,,,,,,,,333.7648,,,,,
QUA,2025,,,,PISA,science,,,,,,,,448.0823,,,,,
ROU,2025,,,,PISA,science,,-0.3621,-0.4783,-0.0173,5.5124,6.1784,,424.7091,,,,,
RWA,2025,,,,PISA,science,,,,,,,,317.2865,,,,,
SAU,2025,,,,PISA,science,,-0.2896,-0.6948,0.0021,5.2651,5.7248,,413.4301,,,,,
SGP,2025,,,,PISA,science,,0.3064,0.144,-0.2249,5.7331,6.6022,,559.8506,,,,,
SLV,2025,,,,PISA,science,,-1.3916,-1.626,-0.269,,,,384.6732,,,,,
SRB,2025,,,,PISA,science,,-0.2024,-0.2305,0.1805,,,,428.9946,,,,,
SVK,2025,,,,PISA,science,,-0.303,-0.2331,-0.2007,5.5267,6.2143,,474.8721,,,,,
SVN,2025,,,,PISA,science,,0.2258,0.2309,0.0386,5.7017,6.5605,,483.722,,,,,
SWE,2025,,,,PISA,science,,0.3266,0.3194,0.0883,5.6096,6.1616,,485.1107,,,,,
TAP,2025,,,,PISA,science,,-0.1854,-0.3315,0.013,5.7912,6.2615,,539.7017,,,,,
THA,2025,,,,PISA,science,,-1.231,-1.4271,-0.3433,5.6141,6.4879,,432.2405,,,,,
TUR,2025,,,,PISA,science,,-1.1854,-1.0345,-0.3005,5.5624,6.3446,,494.2691,,,,,
URY,2025,,,,PISA,science,,-0.8329,-0.7676,-0.0823,5.319,5.9145,,444.5493,,,,,
USA,2025,,,,PISA,science,,0.0562,0.1247,-0.262,5.7192,6.6162,,501.5832,,,,,
UZB,2025,,,,PISA,science,,-0.6887,-1.3062,0.0831,,,,437.597,,,,,
VNM,2025,,,,PISA,science,,-1.2884,-1.274,-0.2822,,,,457.4209,,,,,
ZMB,2025,,,,PISA,science,,,,,,,,336.9547,,,,,
AUT,1995,,,,TIMSS,mathematics,,,,,,,,,517.2892,,,,
BFL,1995,,,,TIMSS,mathematics,,,,,,,,,548.3267,,,,
BFR,1995,,,,TIMSS,mathematics,,,,,,,,,511.7411,,,,
CAN,1995,,,,TIMSS,mathematics,,,,,,,,,505.7743,,,,
CHE,1995,,,,TIMSS,mathematics,,,,,,,,,533.5459,,,,
COL,1995,,,,TIMSS,mathematics,,,,,,,,,345.04,,,,
CYP,1995,,,,TIMSS,mathematics,,,,,,,,,451.446,,,,
CZE,1995,,,,TIMSS,mathematics,,,,,,,,,529.102,,,,
DEU,1995,,,,TIMSS,mathematics,,,,,,,,,492.385,,,,
DNK,1995,,,,TIMSS,mathematics,,,,,,,,,482.3368,,,,
ENG,1995,,,,TIMSS,mathematics,,,,,,,,,483.5895,,,,
ESP,1995,,,,TIMSS,mathematics,,,,,,,,,463.333,,,,
GRC,1995,,,,TIMSS,mathematics,,,,,,,,,454.9902,,,,
IRL,1995,,,,TIMSS,mathematics,,,,,,,,,507.7519,,,,
IRN,1995,,,,TIMSS,mathematics,,,,,,,,,397.6076,,,,
ISR,1995,,,,TIMSS,mathematics,,,,,,,,,513.3149,,,,
ITA,1995,,,,TIMSS,mathematics,,,,,,,,,471.8647,,,,
JPN,1995,,,,TIMSS,mathematics,,,,,,,,,568.9289,,,,
LTU,1995,,,,TIMSS,mathematics,,,,,,,,,447.7643,,,,
LVA,1995,,,,TIMSS,mathematics,,,,,,,,,472.355,,,,
NOR,1995,,,,TIMSS,mathematics,,,,,,,,,478.9983,,,,
NZL,1995,,,,TIMSS,mathematics,,,,,,,,,483.7564,,,,
PRT,1995,,,,TIMSS,mathematics,,,,,,,,,433.5919,,,,
ROM,1995,,,,TIMSS,mathematics,,,,,,,,,460.2217,,,,
RUS,1995,,,,TIMSS,mathematics,,,,,,,,,508.739,,,,
SVN,1995,,,,TIMSS,mathematics,,,,,,,,,512.0384,,,,
SWE,1995,,,,TIMSS,mathematics,,,,,,,,,510.1058,,,,
THA,1995,,,,TIMSS,mathematics,,,,,,,,,503.7922,,,,
USA,1995,,,,TIMSS,mathematics,,,,,,,,,480.4901,,,,
AUS,1999,,,,TIMSS,mathematics,,,,,,,,,525.0803,,,,
BFL,1999,,,,TIMSS,mathematics,,,,,,,,,557.9584,,,,
BGR,1999,,,,TIMSS,mathematics,,,,,,,,,510.5905,,,,
CAN,1999,,,,TIMSS,mathematics,,,,,,,,,530.7527,,,,
CYP,1999,,,,TIMSS,mathematics,,,,,,,,,476.3821,,,,
CZE,1999,,,,TIMSS,mathematics,,,,,,,,,519.874,,,,
ENG,1999,,,,TIMSS,mathematics,,,,,,,,,496.33,,,,
FIN,1999,,,,TIMSS,mathematics,,,,,,,,,520.4518,,,,
HKG,1999,,,,TIMSS,mathematics,,,,,,,,,582.0556,,,,
HUN,1999,,,,TIMSS,mathematics,,,,,,,,,531.6012,,,,
IDN,1999,,,,TIMSS,mathematics,,,,,,,,,403.0701,,,,
IRN,1999,,,,TIMSS,mathematics,,,,,,,,,422.1482,,,,
ISR,1999,,,,TIMSS,mathematics,,,,,,,,,466.336,,,,
ITA,1999,,,,TIMSS,mathematics,,,,,,,,,479.4788,,,,
JOR,1999,,,,TIMSS,mathematics,,,,,,,,,427.664,,,,
KOR,1999,,,,TIMSS,mathematics,,,,,,,,,587.1518,,,,
LTU,1999,,,,TIMSS,mathematics,,,,,,,,,481.5673,,,,
LVA,1999,,,,TIMSS,mathematics,,,,,,,,,505.0591,,,,
MAR,1999,,,,TIMSS,mathematics,,,,,,,,,336.5966,,,,
MDA,1999,,,,TIMSS,mathematics,,,,,,,,,469.2306,,,,
MKD,1999,,,,TIMSS,mathematics,,,,,,,,,446.6035,,,,
MYS,1999,,,,TIMSS,mathematics,,,,,,,,,519.2561,,,,
NLD,1999,,,,TIMSS,mathematics,,,,,,,,,539.8754,,,,
NZL,1999,,,,TIMSS,mathematics,,,,,,,,,490.9674,,,,
PHL,1999,,,,TIMSS,mathematics,,,,,,,,,344.9052,,,,
ROM,1999,,,,TIMSS,mathematics,,,,,,,,,472.4399,,,,
RUS,1999,,,,TIMSS,mathematics,,,,,,,,,526.0227,,,,
SGP,1999,,,,TIMSS,mathematics,,,,,,,,,604.3935,,,,
SVK,1999,,,,TIMSS,mathematics,,,,,,,,,533.9532,,,,
SVN,1999,,,,TIMSS,mathematics,,,,,,,,,530.1125,,,,
THA,1999,,,,TIMSS,mathematics,,,,,,,,,467.3774,,,,
TUN,1999,,,,TIMSS,mathematics,,,,,,,,,447.9252,,,,
TUR,1999,,,,TIMSS,mathematics,,,,,,,,,428.6056,,,,
ARM,2003,,,,TIMSS,mathematics,,,,,,,,,478.1272,,,,
BFL,2003,,,,TIMSS,mathematics,,,,,,,,,536.7097,,,,
BGR,2003,,,,TIMSS,mathematics,,,,,,,,,476.1686,,,,
BHR,2003,,,,TIMSS,mathematics,,,,,,,,,401.1962,,,,
BSQ,2003,,,,TIMSS,mathematics,,,,,,,,,487.0615,,,,
CHL,2003,,,,TIMSS,mathematics,,,,,,,,,386.8802,,,,
COT,2003,,,,TIMSS,mathematics,,,,,,,,,520.9319,,,,
CQU,2003,,,,TIMSS,mathematics,,,,,,,,,543.0746,,,,
CYP,2003,,,,TIMSS,mathematics,,,,,,,,,459.3659,,,,
EGY,2003,,,,TIMSS,mathematics,,,,,,,,,406.1682,,,,
ENG,2003,,,,TIMSS,mathematics,,,,,,,,,498.4637,,,,
EST,2003,,,,TIMSS,mathematics,,,,,,,,,530.9155,,,,
GHA,2003,,,,TIMSS,mathematics,,,,,,,,,275.7042,,,,
HKG,2003,,,,TIMSS,mathematics,,,,,,,,,586.0515,,,,
HUN,2003,,,,TIMSS,mathematics,,,,,,,,,529.2745,,,,
ISR,2003,,,,TIMSS,mathematics,,,,,,,,,495.6478,,,,
ITA,2003,,,,TIMSS,mathematics,,,,,,,,,483.5993,,,,
KOR,2003,,,,TIMSS,mathematics,,,,,,,,,589.0916,,,,
LBN,2003,,,,TIMSS,mathematics,,,,,,,,,433.0454,,,,
LTU,2003,,,,TIMSS,mathematics,,,,,,,,,501.6151,,,,
LVA,2003,,,,TIMSS,mathematics,,,,,,,,,508.3273,,,,
MAR,2003,,,,TIMSS,mathematics,,,,,,,,,386.5391,,,,
MDA,2003,,,,TIMSS,mathematics,,,,,,,,,459.8948,,,,
MKD,2003,,,,TIMSS,mathematics,,,,,,,,,434.9835,,,,
MYS,2003,,,,TIMSS,mathematics,,,,,,,,,508.3358,,,,
NLD,2003,,,,TIMSS,mathematics,,,,,,,,,536.2731,,,,
PHL,2003,,,,TIMSS,mathematics,,,,,,,,,377.6899,,,,
PSE,2003,,,,TIMSS,mathematics,,,,,,,,,390.4864,,,,
ROM,2003,,,,TIMSS,mathematics,,,,,,,,,475.2816,,,,
RUS,2003,,,,TIMSS,mathematics,,,,,,,,,508.0408,,,,
SVK,2003,,,,TIMSS,mathematics,,,,,,,,,507.7401,,,,
SVN,2003,,,,TIMSS,mathematics,,,,,,,,,492.9556,,,,
SWE,2003,,,,TIMSS,mathematics,,,,,,,,,499.0584,,,,
SYR,2003,,,,TIMSS,mathematics,,,,,,,,,357.5792,,,,
TUN,2003,,,,TIMSS,mathematics,,,,,,,,,410.3295,,,,
ZAF,2003,,,,TIMSS,mathematics,,,,,,,,,263.6137,,,,
BHR,2007,,,,TIMSS,mathematics,,,,,,,,,398.0714,2.8084,,,
BIH,2007,,,,TIMSS,mathematics,,,,,,,,,455.8633,,,,
BSQ,2007,,,,TIMSS,mathematics,,,,,,,,,498.5589,,,,
CBC,2007,,,,TIMSS,mathematics,,,,,,,,,509.4494,,,,
COL,2007,,,,TIMSS,mathematics,,,,,,,,,379.6358,,,,
COT,2007,,,,TIMSS,mathematics,,,,,,,,,517.2319,1.7855,,,
CQU,2007,,,,TIMSS,mathematics,,,,,,,,,528.1098,2.1204,,,
CYP,2007,,,,TIMSS,mathematics,,,,,,,,,465.4771,2.5734,,,
DZA,2007,,,,TIMSS,mathematics,,,,,,,,,386.7519,,,,
EGY,2007,,,,TIMSS,mathematics,,,,,,,,,390.5573,3.534,,,
GEO,2007,,,,TIMSS,mathematics,,,,,,,,,409.6166,,,,
GHA,2007,,,,TIMSS,mathematics,,,,,,,,,309.3695,3.2862,,,
HKG,2007,,,,TIMSS,mathematics,,,,,,,,,572.4867,3.1948,,,
HUN,2007,,,,TIMSS,mathematics,,,,,,,,,516.8952,2.4135,,,
IRN,2007,,,,TIMSS,mathematics,,,,,,,,,403.3795,,,,
ISR,2007,,,,TIMSS,mathematics,,,,,,,,,463.2513,2.0446,,,
ITA,2007,,,,TIMSS,mathematics,,,,,,,,,479.6261,2.9303,,,
JOR,2007,,,,TIMSS,mathematics,,,,,,,,,426.8926,,,,
JPN,2007,,,,TIMSS,mathematics,,,,,,,,,569.8098,,,,
KWT,2007,,,,TIMSS,mathematics,,,,,,,,,353.6702,,,,
LTU,2007,,,,TIMSS,mathematics,,,,,,,,,505.8179,2.0047,,,
MAR,2007,,,,TIMSS,mathematics,,,,,,,,,380.7835,3.8486,,,
MLT,2007,,,,TIMSS,mathematics,,,,,,,,,487.7524,,,,
MNG,2007,,,,TIMSS,mathematics,,,,,,,,,432.1717,,,,
MYS,2007,,,,TIMSS,mathematics,,,,,,,,,473.8857,3.1844,,,
NOR,2007,,,,TIMSS,mathematics,,,,,,,,,469.2158,,,,
OMN,2007,,,,TIMSS,mathematics,,,,,,,,,372.4338,,,,
QAT,2007,,,,TIMSS,mathematics,,,,,,,,,306.7909,,,,
ROM,2007,,,,TIMSS,mathematics,,,,,,,,,461.3179,2.7632,,,
RUS,2007,,,,TIMSS,mathematics,,,,,,,,,511.7337,1.9374,,,
SAU,2007,,,,TIMSS,mathematics,,,,,,,,,329.3372,,,,
SCG,2007,,,,TIMSS,mathematics,,,,,,,,,485.7675,,,,
SCO,2007,,,,TIMSS,mathematics,,,,,,,,,487.406,,,,
SGP,2007,,,,TIMSS,mathematics,,,,,,,,,592.7852,,,,
SLV,2007,,,,TIMSS,mathematics,,,,,,,,,340.4409,,,,
SWE,2007,,,,TIMSS,mathematics,,,,,,,,,491.3001,2.0144,,,
THA,2007,,,,TIMSS,mathematics,,,,,,,,,441.3904,,,,
TUN,2007,,,,TIMSS,mathematics,,,,,,,,,420.4132,3.715,,,
TWN,2007,,,,TIMSS,mathematics,,,,,,,,,598.3012,,,,
UKR,2007,,,,TIMSS,mathematics,,,,,,,,,462.162,,,,
AAD,2011,,,,TIMSS,mathematics,,,,,,,,,448.7581,,,,
ADU,2011,,,,TIMSS,mathematics,,,,,,,,,477.5646,,,,
ARM,2011,,,,TIMSS,mathematics,,,,,,,,,466.588,,,,
AUS,2011,,,,TIMSS,mathematics,,,,,,,,,504.8024,,,,
BHR,2011,,,,TIMSS,mathematics,,,,,,,,,409.2168,3.299,,,
CAB,2011,,,,TIMSS,mathematics,,,,,,,,,505.1407,,,,
COT,2011,,,,TIMSS,mathematics,,,,,,,,,511.6252,3.0301,,,
CQU,2011,,,,TIMSS,mathematics,,,,,,,,,531.5639,2.6531,,,
ENG,2011,,,,TIMSS,mathematics,,,,,,,,,506.7598,,,,
GEO,2011,,,,TIMSS,mathematics,,,,,,,,,431.1388,2.6247,,,
GHA,2011,,,,TIMSS,mathematics,,,,,,,,,330.8306,3.2806,,,
HND,2011,,,,TIMSS,mathematics,,,,,,,,,337.9823,,,,
HUN,2011,,,,TIMSS,mathematics,,,,,,,,,504.8063,2.5383,,,
IDN,2011,,,,TIMSS,mathematics,,,,,,,,,385.8378,,,,
IRN,2011,,,,TIMSS,mathematics,,,,,,,,,414.9606,3.6796,,,
ISR,2011,,,,TIMSS,mathematics,,,,,,,,,515.8438,3.043,,,
ITA,2011,,,,TIMSS,mathematics,,,,,,,,,498.376,3.1119,,,
JOR,2011,,,,TIMSS,mathematics,,,,,,,,,405.8822,2.7165,,,
JPN,2011,,,,TIMSS,mathematics,,,,,,,,,569.8295,2.807,,,
KAZ,2011,,,,TIMSS,mathematics,,,,,,,,,486.9523,,,,
KOR,2011,,,,TIMSS,mathematics,,,,,,,,,612.7934,,,,
MAR,2011,,,,TIMSS,mathematics,,,,,,,,,371.1454,3.7786,,,
MYS,2011,,,,TIMSS,mathematics,,,,,,,,,439.8237,3.2439,,,
NOR,2011,,,,TIMSS,mathematics,,,,,,,,,474.6427,3.5518,,,
NZL,2011,,,,TIMSS,mathematics,,,,,,,,,487.7788,,,,
PSE,2011,,,,TIMSS,mathematics,,,,,,,,,404.1806,,,,
QAT,2011,,,,TIMSS,mathematics,,,,,,,,,409.5958,2.563,,,
ROM,2011,,,,TIMSS,mathematics,,,,,,,,,457.9483,3.2521,,,
SAU,2011,,,,TIMSS,mathematics,,,,,,,,,393.8235,3.1296,,,
SYR,2011,,,,TIMSS,mathematics,,,,,,,,,380.1664,,,,
THA,2011,,,,TIMSS,mathematics,,,,,,,,,427.1091,4.0102,,,
TUN,2011,,,,TIMSS,mathematics,,,,,,,,,424.7365,3.3229,,,
TUR,2011,,,,TIMSS,mathematics,,,,,,,,,452.4902,,,,
TWN,2011,,,,TIMSS,mathematics,,,,,,,,,609.2786,2.9377,,,
UKR,2011,,,,TIMSS,mathematics,,,,,,,,,479.1858,2.1509,,,
USA,2011,,,,TIMSS,mathematics,,,,,,,,,509.4849,,,,
ZAF,2011,,,,TIMSS,mathematics,,,,,,,,,351.9087,,,,
AAD,2015,,,,TIMSS,mathematics,,,,,,,,,441.6732,2.0511,,,
ABA,2015,,,,TIMSS,mathematics,,,,,,,,,396.1168,,,,
ADU,2015,,,,TIMSS,mathematics,,,,,,,,,511.8523,1.7667,,,
ARE,2015,,,,TIMSS,mathematics,,,,,,,,,464.7833,,,,
ARM,2015,,,,TIMSS,mathematics,,,,,,,,,471.4606,1.6219,,,
AUS,2015,,,,TIMSS,mathematics,,,,,,,,,504.9582,2.112,,,
BHR,2015,,,,TIMSS,mathematics,,,,,,,,,453.9526,2.4309,,,
CAN,2015,,,,TIMSS,mathematics,,,,,,,,,527.2789,,,,
CHL,2015,,,,TIMSS,mathematics,,,,,,,,,427.4262,,,,
COT,2015,,,,TIMSS,mathematics,,,,,,,,,522.3017,1.6854,,,
CQU,2015,,,,TIMSS,mathematics,,,,,,,,,543.3564,1.6793,,,
HKG,2015,,,,TIMSS,mathematics,,,,,,,,,594.2529,,,,
HUN,2015,,,,TIMSS,mathematics,,,,,,,,,514.4144,2.4719,,,
IRL,2015,,,,TIMSS,mathematics,,,,,,,,,523.4944,,,,
IRN,2015,,,,TIMSS,mathematics,,,,,,,,,436.3492,3.2484,,,
ISR,2015,,,,TIMSS,mathematics,,,,,,,,,510.8994,1.9641,,,
ITA,2015,,,,TIMSS,mathematics,,,,,,,,,494.3942,2.6773,,,
JOR,2015,,,,TIMSS,mathematics,,,,,,,,,385.5515,2.3093,,,
JPN,2015,,,,TIMSS,mathematics,,,,,,,,,586.469,1.9867,,,
KAZ,2015,,,,TIMSS,mathematics,,,,,,,,,527.8068,2.0213,,,
KWT,2015,,,,TIMSS,mathematics,,,,,,,,,392.4707,,,,
LBN,2015,,,,TIMSS,mathematics,,,,,,,,,442.4251,,,,
LTU,2015,,,,TIMSS,mathematics,,,,,,,,,511.3132,,,,
MAR,2015,,,,TIMSS,mathematics,,,,,,,,,384.3871,3.6828,,,
MLT,2015,,,,TIMSS,mathematics,,,,,,,,,493.5411,,,,
MYS,2015,,,,TIMSS,mathematics,,,,,,,,,465.3131,2.841,,,
OMN,2015,,,,TIMSS,mathematics,,,,,,,,,403.1564,,,,
QAT,2015,,,,TIMSS,mathematics,,,,,,,,,437.1088,1.7971,,,
RUS,2015,,,,TIMSS,mathematics,,,,,,,,,537.9962,,,,
SAU,2015,,,,TIMSS,mathematics,,,,,,,,,367.7167,2.6883,,,
SGP,2015,,,,TIMSS,mathematics,,,,,,,,,620.956,,,,
SVN,2015,,,,TIMSS,mathematics,,,,,,,,,516.3411,,,,
THA,2015,,,,TIMSS,mathematics,,,,,,,,,431.4174,3.4239,,,
TUR,2015,,,,TIMSS,mathematics,,,,,,,,,457.6286,3.9042,,,
ZAF,2015,,,,TIMSS,mathematics,,,,,,,,,372.3729,2.872,,,
AAD,2019,,,,TIMSS,mathematics,,,,,,,,,436.0092,3.061,,,
ADU,2019,,,,TIMSS,mathematics,,,,,,,,,537.1847,2.6752,,,
ARE,2019,,,,TIMSS,mathematics,,,,,,,,,477.4985,2.959,,,
AUS,2019,,,,TIMSS,mathematics,,,,,,,,,517.277,3.451,,,
BHR,2019,,,,TIMSS,mathematics,,,,,,,,,481.0869,3.1296,,,
CHL,2019,,,,TIMSS,mathematics,,,,,,,,,440.8369,2.8246,,,
COT,2019,,,,TIMSS,mathematics,,,,,,,,,530.5544,3.2661,,,
CQU,2019,,,,TIMSS,mathematics,,,,,,,,,543.826,2.8386,,,
CYP,2019,,,,TIMSS,mathematics,,,,,,,,,501.0823,,,,
EGY,2019,,,,TIMSS,mathematics,,,,,,,,,412.8797,,,,
ENG,2019,,,,TIMSS,mathematics,,,,,,,,,520.3898,,,,
FIN,2019,,,,TIMSS,mathematics,,,,,,,,,509.0496,,,,
FRA,2019,,,,TIMSS,mathematics,,,,,,,,,483.1132,,,,
GEO,2019,,,,TIMSS,mathematics,,,,,,,,,456.2468,,,,
HKG,2019,,,,TIMSS,mathematics,,,,,,,,,578.3119,3.3357,,,
HUN,2019,,,,TIMSS,mathematics,,,,,,,,,518.3008,2.7367,,,
IRN,2019,,,,TIMSS,mathematics,,,,,,,,,446.1695,2.9949,,,
ISR,2019,,,,TIMSS,mathematics,,,,,,,,,514.6275,2.6455,,,
ITA,2019,,,,TIMSS,mathematics,,,,,,,,,496.6127,3.0766,,,
JOR,2019,,,,TIMSS,mathematics,,,,,,,,,420.2682,2.6279,,,
KAZ,2019,,,,TIMSS,mathematics,,,,,,,,,487.5616,2.3064,,,
KOR,2019,,,,TIMSS,mathematics,,,,,,,,,603.9645,,,,
LTU,2019,,,,TIMSS,mathematics,,,,,,,,,515.312,2.5523,,,
MAR,2019,,,,TIMSS,mathematics,,,,,,,,,388.1867,3.7555,,,
MYS,2019,,,,TIMSS,mathematics,,,,,,,,,461.1974,3.6499,,,
NOR,2019,,,,TIMSS,mathematics,,,,,,,,,505.3992,,,,
NZL,2019,,,,TIMSS,mathematics,,,,,,,,,481.5925,,,,
PRT,2019,,,,TIMSS,mathematics,,,,,,,,,500.5385,,,,
QAT,2019,,,,TIMSS,mathematics,,,,,,,,,447.914,2.6552,,,
RMO,2019,,,,TIMSS,mathematics,,,,,,,,,575.4165,,,,
RUS,2019,,,,TIMSS,mathematics,,,,,,,,,543.3773,2.438,,,
SAU,2019,,,,TIMSS,mathematics,,,,,,,,,393.7697,2.9931,,,
SGP,2019,,,,TIMSS,mathematics,,,,,,,,,620.706,2.9987,,,
SWE,2019,,,,TIMSS,mathematics,,,,,,,,,506.8241,,,,
TUR,2019,,,,TIMSS,mathematics,,,,,,,,,490.8104,3.5082,,,
TWN,2019,,,,TIMSS,mathematics,,,,,,,,,613.4161,,,,
USA,2019,,,,TIMSS,mathematics,,,,,,,,,516.3007,,,,
ZAF,2019,,,,TIMSS,mathematics,,,,,,,,,389.4772,3.1367,,,
AAD,2023,,,,TIMSS,mathematics,,,,,,,,,453.784,3.403,,,
ASH,2023,,,,TIMSS,mathematics,,,,,,,,,495.5467,,,,
AUS,2023,,,,TIMSS,mathematics,,,,,,,,,508.7158,3.2555,,,
AZE,2023,,,,TIMSS,mathematics,,,,,,,,,478.659,,,,
BHR,2023,,,,TIMSS,mathematics,,,,,,,,,426.45,3.0313,,,
BRA,2023,,,,TIMSS,mathematics,,,,,,,,,378.0295,,,,
CHL,2023,,,,TIMSS,mathematics,,,,,,,,,415.9687,2.8193,,,
CIV,2023,,,,TIMSS,mathematics,,,,,,,,,263.1093,,,,
CYP,2023,,,,TIMSS,mathematics,,,,,,,,,493.7793,2.7237,,,
CZE,2023,,,,TIMSS,mathematics,,,,,,,,,518.1843,,,,
ENG,2023,,,,TIMSS,mathematics,,,,,,,,,524.7728,3.8125,,,
FIN,2023,,,,TIMSS,mathematics,,,,,,,,,503.8013,3.4039,,,
FRA,2023,,,,TIMSS,mathematics,,,,,,,,,478.6812,3.7504,,,
GEO,2023,,,,TIMSS,mathematics,,,,,,,,,466.7546,3.2292,,,
HKG,2023,,,,TIMSS,mathematics,,,,,,,,,574.7027,3.3747,,,
HUN,2023,,,,TIMSS,mathematics,,,,,,,,,506.1218,2.596,,,
IRL,2023,,,,TIMSS,mathematics,,,,,,,,,521.6572,,,,
IRN,2023,,,,TIMSS,mathematics,,,,,,,,,423.3231,2.9645,,,
ITA,2023,,,,TIMSS,mathematics,,,,,,,,,500.5642,2.9729,,,
JPN,2023,,,,TIMSS,mathematics,,,,,,,,,594.6155,,,,
KAZ,2023,,,,TIMSS,mathematics,,,,,,,,,454.0894,2.3987,,,
KOR,2023,,,,TIMSS,mathematics,,,,,,,,,595.9943,2.8911,,,
KWT,2023,,,,TIMSS,mathematics,,,,,,,,,398.6539,,,,
LTU,2023,,,,TIMSS,mathematics,,,,,,,,,513.597,3.0588,,,
MAR,2023,,,,TIMSS,mathematics,,,,,,,,,377.8809,3.8576,,,
MYS,2023,,,,TIMSS,mathematics,,,,,,,,,410.6851,3.8801,,,
NOR,2023,,,,TIMSS,mathematics,,,,,,,,,500.6292,3.0674,,,
NZL,2023,,,,TIMSS,mathematics,,,,,,,,,485.4895,4.1641,,,
OMN,2023,,,,TIMSS,mathematics,,,,,,,,,410.8779,,,,
PRT,2023,,,,TIMSS,mathematics,,,,,,,,,475.4719,3.3082,,,
PSE,2023,,,,TIMSS,mathematics,,,,,,,,,381.659,,,,
ROM,2023,,,,TIMSS,mathematics,,,,,,,,,495.6882,,,,
SGP,2023,,,,TIMSS,mathematics,,,,,,,,,605.3191,3.0029,,,
SWE,2023,,,,TIMSS,mathematics,,,,,,,,,517.3197,3.5226,,,
TUR,2023,,,,TIMSS,mathematics,,,,,,,,,508.568,3.3424,,,
TWN,2023,,,,TIMSS,mathematics,,,,,,,,,602.4299,2.5683,,,
USA,2023,,,,TIMSS,mathematics,,,,,,,,,488.0068,2.8701,,,
UZB,2023,,,,TIMSS,mathematics,,,,,,,,,420.9094,,,,
AUT,1995,,,,TIMSS,science,,,,,,,,,,,521.3768,,
BFL,1995,,,,TIMSS,science,,,,,,,,,,,525.0407,,
BFR,1995,,,,TIMSS,science,,,,,,,,,,,452.8101,,
CAN,1995,,,,TIMSS,science,,,,,,,,,,,499.9413,,
CHE,1995,,,,TIMSS,science,,,,,,,,,,,507.9485,,
COL,1995,,,,TIMSS,science,,,,,,,,,,,378.0737,,
CYP,1995,,,,TIMSS,science,,,,,,,,,,,429.0906,,
CZE,1995,,,,TIMSS,science,,,,,,,,,,,538.0504,,
DEU,1995,,,,TIMSS,science,,,,,,,,,,,503.5824,,
DNK,1995,,,,TIMSS,science,,,,,,,,,,,454.5577,,
ENG,1995,,,,TIMSS,science,,,,,,,,,,,516.3168,,
ESP,1995,,,,TIMSS,science,,,,,,,,,,,485.768,,
GRC,1995,,,,TIMSS,science,,,,,,,,,,,461.3512,,
IRL,1995,,,,TIMSS,science,,,,,,,,,,,498.3518,,
IRN,1995,,,,TIMSS,science,,,,,,,,,,,446.6397,,
ISR,1995,,,,TIMSS,science,,,,,,,,,,,508.9575,,
ITA,1995,,,,TIMSS,science,,,,,,,,,,,476.9163,,
JPN,1995,,,,TIMSS,science,,,,,,,,,,,538.1906,,
LTU,1995,,,,TIMSS,science,,,,,,,,,,,429.947,,
LVA,1995,,,,TIMSS,science,,,,,,,,,,,449.5737,,
NOR,1995,,,,TIMSS,science,,,,,,,,,,,494.6488,,
NZL,1995,,,,TIMSS,science,,,,,,,,,,,490.1169,,
PRT,1995,,,,TIMSS,science,,,,,,,,,,,444.4094,,
ROM,1995,,,,TIMSS,science,,,,,,,,,,,455.026,,
RUS,1995,,,,TIMSS,science,,,,,,,,,,,496.849,,
SVN,1995,,,,TIMSS,science,,,,,,,,,,,526.9626,,
SWE,1995,,,,TIMSS,science,,,,,,,,,,,520.1569,,
THA,1995,,,,TIMSS,science,,,,,,,,,,,495.5945,,
USA,1995,,,,TIMSS,science,,,,,,,,,,,500.6289,,
AUS,1999,,,,TIMSS,science,,,,,,,,,,,540.2582,,
BFL,1999,,,,TIMSS,science,,,,,,,,,,,534.8579,,
BGR,1999,,,,TIMSS,science,,,,,,,,,,,518.011,,
CAN,1999,,,,TIMSS,science,,,,,,,,,,,533.082,,
CYP,1999,,,,TIMSS,science,,,,,,,,,,,460.2383,,
CZE,1999,,,,TIMSS,science,,,,,,,,,,,539.4169,,
ENG,1999,,,,TIMSS,science,,,,,,,,,,,538.4682,,
FIN,1999,,,,TIMSS,science,,,,,,,,,,,535.2068,,
HKG,1999,,,,TIMSS,science,,,,,,,,,,,529.5473,,
HUN,1999,,,,TIMSS,science,,,,,,,,,,,552.3812,,
IDN,1999,,,,TIMSS,science,,,,,,,,,,,435.4725,,
IRN,1999,,,,TIMSS,science,,,,,,,,,,,448.0025,,
ISR,1999,,,,TIMSS,science,,,,,,,,,,,468.0621,,
ITA,1999,,,,TIMSS,science,,,,,,,,,,,493.2808,,
JOR,1999,,,,TIMSS,science,,,,,,,,,,,450.3428,,
KOR,1999,,,,TIMSS,science,,,,,,,,,,,548.6424,,
LTU,1999,,,,TIMSS,science,,,,,,,,,,,488.1521,,
LVA,1999,,,,TIMSS,science,,,,,,,,,,,502.6928,,
MAR,1999,,,,TIMSS,science,,,,,,,,,,,322.8162,,
MDA,1999,,,,TIMSS,science,,,,,,,,,,,459.137,,
MKD,1999,,,,TIMSS,science,,,,,,,,,,,458.0946,,
MYS,1999,,,,TIMSS,science,,,,,,,,,,,492.4313,,
NLD,1999,,,,TIMSS,science,,,,,,,,,,,544.7493,,
NZL,1999,,,,TIMSS,science,,,,,,,,,,,509.6338,,
PHL,1999,,,,TIMSS,science,,,,,,,,,,,345.2293,,
ROM,1999,,,,TIMSS,science,,,,,,,,,,,471.8655,,
RUS,1999,,,,TIMSS,science,,,,,,,,,,,529.22,,
SGP,1999,,,,TIMSS,science,,,,,,,,,,,567.8942,,
SVK,1999,,,,TIMSS,science,,,,,,,,,,,535.0093,,
SVN,1999,,,,TIMSS,science,,,,,,,,,,,533.2546,,
THA,1999,,,,TIMSS,science,,,,,,,,,,,482.314,,
TUN,1999,,,,TIMSS,science,,,,,,,,,,,429.5117,,
TUR,1999,,,,TIMSS,science,,,,,,,,,,,432.951,,
ARM,2003,,,,TIMSS,science,,,,,,,,,,,461.2667,,
BFL,2003,,,,TIMSS,science,,,,,,,,,,,515.5065,,
BGR,2003,,,,TIMSS,science,,,,,,,,,,,478.8431,,
BHR,2003,,,,TIMSS,science,,,,,,,,,,,438.2555,,
BSQ,2003,,,,TIMSS,science,,,,,,,,,,,488.7535,,
CHL,2003,,,,TIMSS,science,,,,,,,,,,,412.8508,,
COT,2003,,,,TIMSS,science,,,,,,,,,,,532.9198,,
CQU,2003,,,,TIMSS,science,,,,,,,,,,,531.0131,,
CYP,2003,,,,TIMSS,science,,,,,,,,,,,441.4736,,
EGY,2003,,,,TIMSS,science,,,,,,,,,,,421.1171,,
ENG,2003,,,,TIMSS,science,,,,,,,,,,,543.8965,,
EST,2003,,,,TIMSS,science,,,,,,,,,,,552.2576,,
GHA,2003,,,,TIMSS,science,,,,,,,,,,,255.3242,,
HKG,2003,,,,TIMSS,science,,,,,,,,,,,556.0891,,
HUN,2003,,,,TIMSS,science,,,,,,,,,,,542.7608,,
ISR,2003,,,,TIMSS,science,,,,,,,,,,,488.2002,,
ITA,2003,,,,TIMSS,science,,,,,,,,,,,490.8905,,
KOR,2003,,,,TIMSS,science,,,,,,,,,,,558.3992,,
LBN,2003,,,,TIMSS,science,,,,,,,,,,,393.3989,,
LTU,2003,,,,TIMSS,science,,,,,,,,,,,519.3805,,
LVA,2003,,,,TIMSS,science,,,,,,,,,,,512.3627,,
MAR,2003,,,,TIMSS,science,,,,,,,,,,,396.4738,,
MDA,2003,,,,TIMSS,science,,,,,,,,,,,472.4226,,
MKD,2003,,,,TIMSS,science,,,,,,,,,,,449.3729,,
MYS,2003,,,,TIMSS,science,,,,,,,,,,,510.4518,,
NLD,2003,,,,TIMSS,science,,,,,,,,,,,535.7651,,
PHL,2003,,,,TIMSS,science,,,,,,,,,,,377.3732,,
PSE,2003,,,,TIMSS,science,,,,,,,,,,,435.3868,,
ROM,2003,,,,TIMSS,science,,,,,,,,,,,469.6042,,
RUS,2003,,,,TIMSS,science,,,,,,,,,,,513.6214,,
SVK,2003,,,,TIMSS,science,,,,,,,,,,,516.7849,,
SVN,2003,,,,TIMSS,science,,,,,,,,,,,520.4978,,
SWE,2003,,,,TIMSS,science,,,,,,,,,,,524.258,,
SYR,2003,,,,TIMSS,science,,,,,,,,,,,410.5621,,
TUN,2003,,,,TIMSS,science,,,,,,,,,,,403.5475,,
ZAF,2003,,,,TIMSS,science,,,,,,,,,,,243.664,,
BHR,2007,,,,TIMSS,science,,,,,,,,,,2.8084,467.4476,,
BIH,2007,,,,TIMSS,science,,,,,,,,,,,465.7452,,
BSQ,2007,,,,TIMSS,science,,,,,,,,,,,497.7063,,
CBC,2007,,,,TIMSS,science,,,,,,,,,,,525.7166,,
COL,2007,,,,TIMSS,science,,,,,,,,,,,417.1824,,
COT,2007,,,,TIMSS,science,,,,,,,,,,1.7855,526.1282,,
CQU,2007,,,,TIMSS,science,,,,,,,,,,2.1204,506.5887,,
CYP,2007,,,,TIMSS,science,,,,,,,,,,2.5734,451.6235,,
DZA,2007,,,,TIMSS,science,,,,,,,,,,,408.0595,,
EGY,2007,,,,TIMSS,science,,,,,,,,,,3.534,408.2421,,
GEO,2007,,,,TIMSS,science,,,,,,,,,,,420.9025,,
GHA,2007,,,,TIMSS,science,,,,,,,,,,3.2862,303.2725,,
HKG,2007,,,,TIMSS,science,,,,,,,,,,3.1948,530.2093,,
HUN,2007,,,,TIMSS,science,,,,,,,,,,2.4135,539.0342,,
IRN,2007,,,,TIMSS,science,,,,,,,,,,,458.9289,,
ISR,2007,,,,TIMSS,science,,,,,,,,,,2.0446,467.9215,,
ITA,2007,,,,TIMSS,science,,,,,,,,,,2.9303,495.1468,,
JOR,2007,,,,TIMSS,science,,,,,,,,,,,481.7211,,
JPN,2007,,,,TIMSS,science,,,,,,,,,,,553.8151,,
KWT,2007,,,,TIMSS,science,,,,,,,,,,,417.9562,,
LTU,2007,,,,TIMSS,science,,,,,,,,,,2.0047,518.5589,,
MAR,2007,,,,TIMSS,science,,,,,,,,,,3.8486,401.8307,,
MLT,2007,,,,TIMSS,science,,,,,,,,,,,457.1672,,
MNG,2007,,,,TIMSS,science,,,,,,,,,,,449.3108,,
MYS,2007,,,,TIMSS,science,,,,,,,,,,3.1844,470.8015,,
NOR,2007,,,,TIMSS,science,,,,,,,,,,,486.7578,,
OMN,2007,,,,TIMSS,science,,,,,,,,,,,422.502,,
QAT,2007,,,,TIMSS,science,,,,,,,,,,,318.8538,,
ROM,2007,,,,TIMSS,science,,,,,,,,,,2.7632,461.9004,,
RUS,2007,,,,TIMSS,science,,,,,,,,,,1.9374,529.5702,,
SAU,2007,,,,TIMSS,science,,,,,,,,,,,403.2452,,
SCG,2007,,,,TIMSS,science,,,,,,,,,,,470.3069,,
SCO,2007,,,,TIMSS,science,,,,,,,,,,,495.7318,,
SGP,2007,,,,TIMSS,science,,,,,,,,,,,567.2505,,
SLV,2007,,,,TIMSS,science,,,,,,,,,,,387.2741,,
SWE,2007,,,,TIMSS,science,,,,,,,,,,2.0144,510.6904,,
THA,2007,,,,TIMSS,science,,,,,,,,,,,470.6135,,
TUN,2007,,,,TIMSS,science,,,,,,,,,,3.715,444.8976,,
TWN,2007,,,,TIMSS,science,,,,,,,,,,,561.0029,,
UKR,2007,,,,TIMSS,science,,,,,,,,,,,485.063,,
AAD,2011,,,,TIMSS,science,,,,,,,,,,,461.4093,,
ADU,2011,,,,TIMSS,science,,,,,,,,,,,485.0713,,
ARM,2011,,,,TIMSS,science,,,,,,,,,,,436.9247,,
AUS,2011,,,,TIMSS,science,,,,,,,,,,,519.2655,,
BHR,2011,,,,TIMSS,science,,,,,,,,,,3.299,452.4249,,
CAB,2011,,,,TIMSS,science,,,,,,,,,,,545.6025,,
COT,2011,,,,TIMSS,science,,,,,,,,,,3.0301,521.2937,,
CQU,2011,,,,TIMSS,science,,,,,,,,,,2.6531,519.9151,,
ENG,2011,,,,TIMSS,science,,,,,,,,,,,532.9972,,
GEO,2011,,,,TIMSS,science,,,,,,,,,,2.6247,419.9363,,
GHA,2011,,,,TIMSS,science,,,,,,,,,,3.2806,305.993,,
HND,2011,,,,TIMSS,science,,,,,,,,,,,368.7654,,
HUN,2011,,,,TIMSS,science,,,,,,,,,,2.5383,522.3938,,
IDN,2011,,,,TIMSS,science,,,,,,,,,,,405.6124,,
IRN,2011,,,,TIMSS,science,,,,,,,,,,3.6796,474.3855,,
ISR,2011,,,,TIMSS,science,,,,,,,,,,3.043,515.6962,,
ITA,2011,,,,TIMSS,science,,,,,,,,,,3.1119,501.1109,,
JOR,2011,,,,TIMSS,science,,,,,,,,,,2.7165,449.0001,,
JPN,2011,,,,TIMSS,science,,,,,,,,,,2.807,557.7287,,
KAZ,2011,,,,TIMSS,science,,,,,,,,,,,489.9106,,
KOR,2011,,,,TIMSS,science,,,,,,,,,,,560.1634,,
MAR,2011,,,,TIMSS,science,,,,,,,,,,3.7786,375.8871,,
MYS,2011,,,,TIMSS,science,,,,,,,,,,3.2439,426.4937,,
NOR,2011,,,,TIMSS,science,,,,,,,,,,3.5518,494.374,,
NZL,2011,,,,TIMSS,science,,,,,,,,,,,512.0371,,
PSE,2011,,,,TIMSS,science,,,,,,,,,,,420.455,,
QAT,2011,,,,TIMSS,science,,,,,,,,,,2.563,418.6641,,
ROM,2011,,,,TIMSS,science,,,,,,,,,,3.2521,464.6945,,
SAU,2011,,,,TIMSS,science,,,,,,,,,,3.1296,436.3522,,
SYR,2011,,,,TIMSS,science,,,,,,,,,,,426.4115,,
THA,2011,,,,TIMSS,science,,,,,,,,,,4.0102,450.8923,,
TUN,2011,,,,TIMSS,science,,,,,,,,,,3.3229,438.5611,,
TUR,2011,,,,TIMSS,science,,,,,,,,,,,482.9884,,
TWN,2011,,,,TIMSS,science,,,,,,,,,,2.9377,563.8045,,
UKR,2011,,,,TIMSS,science,,,,,,,,,,2.1509,500.9918,,
USA,2011,,,,TIMSS,science,,,,,,,,,,,524.6016,,
ZAF,2011,,,,TIMSS,science,,,,,,,,,,,331.574,,
AAD,2015,,,,TIMSS,science,,,,,,,,,,2.0511,454.2489,,
ABA,2015,,,,TIMSS,science,,,,,,,,,,,386.0132,,
ADU,2015,,,,TIMSS,science,,,,,,,,,,1.7667,524.7226,,
ARE,2015,,,,TIMSS,science,,,,,,,,,,,476.6461,,
ARM,2015,,,,TIMSS,science,,,,,,,,,,1.6219,460.1724,,
AUS,2015,,,,TIMSS,science,,,,,,,,,,2.112,511.9865,,
BHR,2015,,,,TIMSS,science,,,,,,,,,,2.4309,465.8525,,
CAN,2015,,,,TIMSS,science,,,,,,,,,,,526.1718,,
CHL,2015,,,,TIMSS,science,,,,,,,,,,,453.9692,,
COT,2015,,,,TIMSS,science,,,,,,,,,,1.6854,523.872,,
CQU,2015,,,,TIMSS,science,,,,,,,,,,1.6793,529.7164,,
HKG,2015,,,,TIMSS,science,,,,,,,,,,,545.7604,,
HUN,2015,,,,TIMSS,science,,,,,,,,,,2.4719,527.2598,,
IRL,2015,,,,TIMSS,science,,,,,,,,,,,530.0969,,
IRN,2015,,,,TIMSS,science,,,,,,,,,,3.2484,456.4247,,
ISR,2015,,,,TIMSS,science,,,,,,,,,,1.9641,506.7307,,
ITA,2015,,,,TIMSS,science,,,,,,,,,,2.6773,498.9258,,
JOR,2015,,,,TIMSS,science,,,,,,,,,,2.3093,426.1643,,
JPN,2015,,,,TIMSS,science,,,,,,,,,,1.9867,570.8995,,
KAZ,2015,,,,TIMSS,science,,,,,,,,,,2.0213,532.5861,,
KWT,2015,,,,TIMSS,science,,,,,,,,,,,410.7408,,
LBN,2015,,,,TIMSS,science,,,,,,,,,,,398.1567,,
LTU,2015,,,,TIMSS,science,,,,,,,,,,,519.1053,,
MAR,2015,,,,TIMSS,science,,,,,,,,,,3.6828,393.2525,,
MLT,2015,,,,TIMSS,science,,,,,,,,,,,481.3606,,
MYS,2015,,,,TIMSS,science,,,,,,,,,,2.841,470.8221,,
OMN,2015,,,,TIMSS,science,,,,,,,,,,,454.5604,,
QAT,2015,,,,TIMSS,science,,,,,,,,,,1.7971,456.5158,,
RUS,2015,,,,TIMSS,science,,,,,,,,,,,544.1158,,
SAU,2015,,,,TIMSS,science,,,,,,,,,,2.6883,396.4198,,
SGP,2015,,,,TIMSS,science,,,,,,,,,,,596.6444,,
SVN,2015,,,,TIMSS,science,,,,,,,,,,,551.1115,,
THA,2015,,,,TIMSS,science,,,,,,,,,,3.4239,455.8449,,
TUR,2015,,,,TIMSS,science,,,,,,,,,,3.9042,493.3961,,
ZAF,2015,,,,TIMSS,science,,,,,,,,,,2.872,357.7418,,
AAD,2019,,,,TIMSS,science,,,,,,,,,,3.061,419.5156,,
ADU,2019,,,,TIMSS,science,,,,,,,,,,2.6752,546.2008,,
ARE,2019,,,,TIMSS,science,,,,,,,,,,2.959,480.3441,,
AUS,2019,,,,TIMSS,science,,,,,,,,,,3.451,528.337,,
BHR,2019,,,,TIMSS,science,,,,,,,,,,3.1296,486.0362,,
CHL,2019,,,,TIMSS,science,,,,,,,,,,2.8246,462.7852,,
COT,2019,,,,TIMSS,science,,,,,,,,,,3.2661,522.8972,,
CQU,2019,,,,TIMSS,science,,,,,,,,,,2.8386,538.0454,,
CYP,2019,,,,TIMSS,science,,,,,,,,,,,483.5546,,
EGY,2019,,,,TIMSS,science,,,,,,,,,,,389.328,,
ENG,2019,,,,TIMSS,science,,,,,,,,,,,523.4179,,
FIN,2019,,,,TIMSS,science,,,,,,,,,,,543.0428,,
FRA,2019,,,,TIMSS,science,,,,,,,,,,,489.6883,,
GEO,2019,,,,TIMSS,science,,,,,,,,,,,440.6152,,
HKG,2019,,,,TIMSS,science,,,,,,,,,,3.3357,503.5145,,
HUN,2019,,,,TIMSS,science,,,,,,,,,,2.7367,527.7099,,
IRN,2019,,,,TIMSS,science,,,,,,,,,,2.9949,449.4148,,
ISR,2019,,,,TIMSS,science,,,,,,,,,,2.6455,505.19,,
ITA,2019,,,,TIMSS,science,,,,,,,,,,3.0766,495.372,,
JOR,2019,,,,TIMSS,science,,,,,,,,,,2.6279,452.0096,,
KAZ,2019,,,,TIMSS,science,,,,,,,,,,2.3064,478.0713,,
KOR,2019,,,,TIMSS,science,,,,,,,,,,,560.3149,,
LTU,2019,,,,TIMSS,science,,,,,,,,,,2.5523,528.0128,,
MAR,2019,,,,TIMSS,science,,,,,,,,,,3.7555,394.1003,,
MYS,2019,,,,TIMSS,science,,,,,,,,,,3.6499,460.6795,,
NOR,2019,,,,TIMSS,science,,,,,,,,,,,497.5008,,
NZL,2019,,,,TIMSS,science,,,,,,,,,,,498.8757,,
PRT,2019,,,,TIMSS,science,,,,,,,,,,,518.1378,,
QAT,2019,,,,TIMSS,science,,,,,,,,,,2.6552,484.8407,,
RMO,2019,,,,TIMSS,science,,,,,,,,,,,566.6753,,
RUS,2019,,,,TIMSS,science,,,,,,,,,,2.438,542.9377,,
SAU,2019,,,,TIMSS,science,,,,,,,,,,2.9931,431.4727,,
SGP,2019,,,,TIMSS,science,,,,,,,,,,2.9987,608.8899,,
SWE,2019,,,,TIMSS,science,,,,,,,,,,,521.6837,,
TUR,2019,,,,TIMSS,science,,,,,,,,,,3.5082,516.0107,,
TWN,2019,,,,TIMSS,science,,,,,,,,,,,577.1273,,
USA,2019,,,,TIMSS,science,,,,,,,,,,,525.1909,,
ZAF,2019,,,,TIMSS,science,,,,,,,,,,3.1367,369.9721,,
AAD,2023,,,,TIMSS,science,,,,,,,,,,3.403,443.4712,,
ASH,2023,,,,TIMSS,science,,,,,,,,,,,498.6056,,
AUS,2023,,,,TIMSS,science,,,,,,,,,,3.2555,520.1512,,
AZE,2023,,,,TIMSS,science,,,,,,,,,,,411.3594,,
BHR,2023,,,,TIMSS,science,,,,,,,,,,3.0313,451.8284,,
BRA,2023,,,,TIMSS,science,,,,,,,,,,,419.9109,,
CHL,2023,,,,TIMSS,science,,,,,,,,,,2.8193,455.21,,
CIV,2023,,,,TIMSS,science,,,,,,,,,,,183.0291,,
CYP,2023,,,,TIMSS,science,,,,,,,,,,2.7237,464.2534,,
CZE,2023,,,,TIMSS,science,,,,,,,,,,,527.1529,,
ENG,2023,,,,TIMSS,science,,,,,,,,,,3.8125,531.3535,,
FIN,2023,,,,TIMSS,science,,,,,,,,,,3.4039,530.6375,,
FRA,2023,,,,TIMSS,science,,,,,,,,,,3.7504,486.1952,,
GEO,2023,,,,TIMSS,science,,,,,,,,,,3.2292,447.7856,,
HKG,2023,,,,TIMSS,science,,,,,,,,,,3.3747,527.698,,
HUN,2023,,,,TIMSS,science,,,,,,,,,,2.596,521.6376,,
IRL,2023,,,,TIMSS,science,,,,,,,,,,,524.9589,,
IRN,2023,,,,TIMSS,science,,,,,,,,,,2.9645,419.0028,,
ITA,2023,,,,TIMSS,science,,,,,,,,,,2.9729,500.651,,
JPN,2023,,,,TIMSS,science,,,,,,,,,,,556.9873,,
KAZ,2023,,,,TIMSS,science,,,,,,,,,,2.3987,442.6806,,
KOR,2023,,,,TIMSS,science,,,,,,,,,,2.8911,545.3962,,
KWT,2023,,,,TIMSS,science,,,,,,,,,,,419.6972,,
LTU,2023,,,,TIMSS,science,,,,,,,,,,3.0588,519.2904,,
MAR,2023,,,,TIMSS,science,,,,,,,,,,3.8576,326.9602,,
MYS,2023,,,,TIMSS,science,,,,,,,,,,3.8801,426.3985,,
NOR,2023,,,,TIMSS,science,,,,,,,,,,3.0674,488.3825,,
NZL,2023,,,,TIMSS,science,,,,,,,,,,4.1641,501.9258,,
OMN,2023,,,,TIMSS,science,,,,,,,,,,,455.7478,,
PRT,2023,,,,TIMSS,science,,,,,,,,,,3.3082,505.5807,,
PSE,2023,,,,TIMSS,science,,,,,,,,,,,392.8622,,
ROM,2023,,,,TIMSS,science,,,,,,,,,,,466.1514,,
SGP,2023,,,,TIMSS,science,,,,,,,,,,3.0029,606.1538,,
SWE,2023,,,,TIMSS,science,,,,,,,,,,3.5226,521.3098,,
TUR,2023,,,,TIMSS,science,,,,,,,,,,3.3424,529.5164,,
TWN,2023,,,,TIMSS,science,,,,,,,,,,2.5683,571.8284,,
USA,2023,,,,TIMSS,science,,,,,,,,,,2.8701,513.3955,,
UZB,2023,,,,TIMSS,science,,,,,,,,,,,395.6721,,
AUS,1995,,,,TIMSS_G4,mathematics,,,,,,,,,,,,485.9045,
CYP,1995,,,,TIMSS_G4,mathematics,,,,,,,,,,,,435.4924,
CZE,1995,,,,TIMSS_G4,mathematics,,,,,,,,,,,,505.7637,
ENG,1995,,,,TIMSS_G4,mathematics,,,,,,,,,,,,453.0551,
GRC,1995,,,,TIMSS_G4,mathematics,,,,,,,,,,,,428.48,
HKG,1995,,,,TIMSS_G4,mathematics,,,,,,,,,,,,530.2315,
IRN,1995,,,,TIMSS_G4,mathematics,,,,,,,,,,,,356.6559,
ISL,1995,,,,TIMSS_G4,mathematics,,,,,,,,,,,,416.1517,
ISR,1995,,,,TIMSS_G4,mathematics,,,,,,,,,,,,505.3744,
JPN,1995,,,,TIMSS_G4,mathematics,,,,,,,,,,,,540.5077,
KOR,1995,,,,TIMSS_G4,mathematics,,,,,,,,,,,,559.781,
KWT,1995,,,,TIMSS_G4,mathematics,,,,,,,,,,,,351.4572,
LVA,1995,,,,TIMSS_G4,mathematics,,,,,,,,,,,,469.3679,
NLD,1995,,,,TIMSS_G4,mathematics,,,,,,,,,,,,509.5365,
NOR,1995,,,,TIMSS_G4,mathematics,,,,,,,,,,,,432.1461,
NZL,1995,,,,TIMSS_G4,mathematics,,,,,,,,,,,,437.2578,
PRT,1995,,,,TIMSS_G4,mathematics,,,,,,,,,,,,415.6327,
SCO,1995,,,,TIMSS_G4,mathematics,,,,,,,,,,,,459.804,
SGP,1995,,,,TIMSS_G4,mathematics,,,,,,,,,,,,556.959,
SVN,1995,,,,TIMSS_G4,mathematics,,,,,,,,,,,,493.626,
THA,1995,,,,TIMSS_G4,mathematics,,,,,,,,,,,,440.194,
USA,1995,,,,TIMSS_G4,mathematics,,,,,,,,,,,,485.1006,
ARM,2003,,,,TIMSS_G4,mathematics,,,,,,,,,,,,455.9249,
AUS,2003,,,,TIMSS_G4,mathematics,,,,,,,,,,,,498.6633,
BFL,2003,,,,TIMSS_G4,mathematics,,,,,,,,,,,,550.6008,
COT,2003,,,,TIMSS_G4,mathematics,,,,,,,,,,,,511.1842,
CQU,2003,,,,TIMSS_G4,mathematics,,,,,,,,,,,,505.8475,
ENG,2003,,,,TIMSS_G4,mathematics,,,,,,,,,,,,531.1823,
HKG,2003,,,,TIMSS_G4,mathematics,,,,,,,,,,,,574.7823,
HUN,2003,,,,TIMSS_G4,mathematics,,,,,,,,,,,,528.5023,
ITA,2003,,,,TIMSS_G4,mathematics,,,,,,,,,,,,502.7621,
JPN,2003,,,,TIMSS_G4,mathematics,,,,,,,,,,,,564.5561,
MAR,2003,,,,TIMSS_G4,mathematics,,,,,,,,,,,,346.8071,
NLD,2003,,,,TIMSS_G4,mathematics,,,,,,,,,,,,540.3734,
NOR,2003,,,,TIMSS_G4,mathematics,,,,,,,,,,,,451.3425,
NZL,2003,,,,TIMSS_G4,mathematics,,,,,,,,,,,,493.4637,
PHL,2003,,,,TIMSS_G4,mathematics,,,,,,,,,,,,358.1947,
RUS,2003,,,,TIMSS_G4,mathematics,,,,,,,,,,,,531.6823,
SCO,2003,,,,TIMSS_G4,mathematics,,,,,,,,,,,,490.3209,
SVN,2003,,,,TIMSS_G4,mathematics,,,,,,,,,,,,478.795,
TUN,2003,,,,TIMSS_G4,mathematics,,,,,,,,,,,,339.3,
TWN,2003,,,,TIMSS_G4,mathematics,,,,,,,,,,,,563.9486,
UIN,2003,,,,TIMSS_G4,mathematics,,,,,,,,,,,,532.8736,
USA,2003,,,,TIMSS_G4,mathematics,,,,,,,,,,,,518.2842,
ADU,2007,,,,TIMSS_G4,mathematics,,,,,,,,,,,,444.3338,
ARM,2007,,,,TIMSS_G4,mathematics,,,,,,,,,,,,499.5128,
AUS,2007,,,,TIMSS_G4,mathematics,,,,,,,,,,,,516.0625,
AUT,2007,,,,TIMSS_G4,mathematics,,,,,,,,,,,,505.3886,
CAB,2007,,,,TIMSS_G4,mathematics,,,,,,,,,,,,505.3204,
CBC,2007,,,,TIMSS_G4,mathematics,,,,,,,,,,,,505.2194,
COL,2007,,,,TIMSS_G4,mathematics,,,,,,,,,,,,355.4504,
COT,2007,,,,TIMSS_G4,mathematics,,,,,,,,,,,,511.6142,
CQU,2007,,,,TIMSS_G4,mathematics,,,,,,,,,,,,519.1031,
CZE,2007,,,,TIMSS_G4,mathematics,,,,,,,,,,,,486.3994,
DNK,2007,,,,TIMSS_G4,mathematics,,,,,,,,,,,,523.1058,
DZA,2007,,,,TIMSS_G4,mathematics,,,,,,,,,,,,377.6451,
GEO,2007,,,,TIMSS_G4,mathematics,,,,,,,,,,,,438.4579,
HUN,2007,,,,TIMSS_G4,mathematics,,,,,,,,,,,,509.7197,
IRN,2007,,,,TIMSS_G4,mathematics,,,,,,,,,,,,402.4216,
ITA,2007,,,,TIMSS_G4,mathematics,,,,,,,,,,,,506.7498,
KAZ,2007,,,,TIMSS_G4,mathematics,,,,,,,,,,,,549.3478,
KWT,2007,,,,TIMSS_G4,mathematics,,,,,,,,,,,,315.5353,
LTU,2007,,,,TIMSS_G4,mathematics,,,,,,,,,,,,529.7988,
LVA,2007,,,,TIMSS_G4,mathematics,,,,,,,,,,,,537.2002,
MNG,2007,,,,TIMSS_G4,mathematics,,,,,,,,,,,,435.5953,
NLD,2007,,,,TIMSS_G4,mathematics,,,,,,,,,,,,534.9518,
NOR,2007,,,,TIMSS_G4,mathematics,,,,,,,,,,,,473.2164,
NZL,2007,,,,TIMSS_G4,mathematics,,,,,,,,,,,,492.4753,
QAT,2007,,,,TIMSS_G4,mathematics,,,,,,,,,,,,296.2682,
SLV,2007,,,,TIMSS_G4,mathematics,,,,,,,,,,,,329.9056,
SVK,2007,,,,TIMSS_G4,mathematics,,,,,,,,,,,,495.9748,
SVN,2007,,,,TIMSS_G4,mathematics,,,,,,,,,,,,501.8426,
SWE,2007,,,,TIMSS_G4,mathematics,,,,,,,,,,,,502.574,
TUN,2007,,,,TIMSS_G4,mathematics,,,,,,,,,,,,327.4354,
TWN,2007,,,,TIMSS_G4,mathematics,,,,,,,,,,,,575.8192,
UKR,2007,,,,TIMSS_G4,mathematics,,,,,,,,,,,,469.0033,
UMA,2007,,,,TIMSS_G4,mathematics,,,,,,,,,,,,572.4842,
UMN,2007,,,,TIMSS_G4,mathematics,,,,,,,,,,,,554.1172,
YEM,2007,,,,TIMSS_G4,mathematics,,,,,,,,,,,,223.6826,
ADU,2011,,,,TIMSS_G4,mathematics,,,,,,,,,,,,467.8804,
ARE,2011,,,,TIMSS_G4,mathematics,,,,,,,,,,,,434.3831,
ARM,2011,,,,TIMSS_G4,mathematics,,,,,,,,,,,,452.2821,
AUS,2011,,,,TIMSS_G4,mathematics,,,,,,,,,,,,515.9317,
AUT,2011,,,,TIMSS_G4,mathematics,,,,,,,,,,,,508.3109,
AZE,2011,,,,TIMSS_G4,mathematics,,,,,,,,,,,,462.7507,
BFL,2011,,,,TIMSS_G4,mathematics,,,,,,,,,,,,549.1849,
BHR,2011,,,,TIMSS_G4,mathematics,,,,,,,,,,,,436.0368,
CAB,2011,,,,TIMSS_G4,mathematics,,,,,,,,,,,,506.5501,
COT,2011,,,,TIMSS_G4,mathematics,,,,,,,,,,,,517.8829,
CQU,2011,,,,TIMSS_G4,mathematics,,,,,,,,,,,,532.7976,
ENG,2011,,,,TIMSS_G4,mathematics,,,,,,,,,,,,542.3643,
FIN,2011,,,,TIMSS_G4,mathematics,,,,,,,,,,,,545.4379,
HKG,2011,,,,TIMSS_G4,mathematics,,,,,,,,,,,,601.6088,
HND,2011,,,,TIMSS_G4,mathematics,,,,,,,,,,,,396.4456,
HUN,2011,,,,TIMSS_G4,mathematics,,,,,,,,,,,,515.3955,
IRL,2011,,,,TIMSS_G4,mathematics,,,,,,,,,,,,527.3953,
ITA,2011,,,,TIMSS_G4,mathematics,,,,,,,,,,,,507.821,
KAZ,2011,,,,TIMSS_G4,mathematics,,,,,,,,,,,,501.0016,
KWT,2011,,,,TIMSS_G4,mathematics,,,,,,,,,,,,341.7575,
LTU,2011,,,,TIMSS_G4,mathematics,,,,,,,,,,,,533.6899,
MAR,2011,,,,TIMSS_G4,mathematics,,,,,,,,,,,,334.5938,
MLT,2011,,,,TIMSS_G4,mathematics,,,,,,,,,,,,495.766,
NLD,2011,,,,TIMSS_G4,mathematics,,,,,,,,,,,,540.0542,
OMN,2011,,,,TIMSS_G4,mathematics,,,,,,,,,,,,384.8565,
POL,2011,,,,TIMSS_G4,mathematics,,,,,,,,,,,,481.1649,
QAT,2011,,,,TIMSS_G4,mathematics,,,,,,,,,,,,412.9159,
ROM,2011,,,,TIMSS_G4,mathematics,,,,,,,,,,,,482.2807,
RUS,2011,,,,TIMSS_G4,mathematics,,,,,,,,,,,,542.0973,
SAU,2011,,,,TIMSS_G4,mathematics,,,,,,,,,,,,410.2095,
SGP,2011,,,,TIMSS_G4,mathematics,,,,,,,,,,,,605.786,
SRB,2011,,,,TIMSS_G4,mathematics,,,,,,,,,,,,515.9359,
SVK,2011,,,,TIMSS_G4,mathematics,,,,,,,,,,,,506.7691,
SVN,2011,,,,TIMSS_G4,mathematics,,,,,,,,,,,,513.0257,
SWE,2011,,,,TIMSS_G4,mathematics,,,,,,,,,,,,503.9378,
THA,2011,,,,TIMSS_G4,mathematics,,,,,,,,,,,,457.9759,
TUN,2011,,,,TIMSS_G4,mathematics,,,,,,,,,,,,359.3446,
TWN,2011,,,,TIMSS_G4,mathematics,,,,,,,,,,,,591.2061,
USA,2011,,,,TIMSS_G4,mathematics,,,,,,,,,,,,540.6493,
AAD,2015,,,,TIMSS_G4,mathematics,,,,,,,,,,,,419.2901,
ABA,2015,,,,TIMSS_G4,mathematics,,,,,,,,,,,,419.7848,
BHR,2015,,,,TIMSS_G4,mathematics,,,,,,,,,,,,451.0328,
CAN,2015,,,,TIMSS_G4,mathematics,,,,,,,,,,,,510.5564,
CHL,2015,,,,TIMSS_G4,mathematics,,,,,,,,,,,,458.5823,
COT,2015,,,,TIMSS_G4,mathematics,,,,,,,,,,,,512.4599,
CQU,2015,,1.7241,,TIMSS_G4,mathematics,,,,,,,,,,,,535.8314,
CZE,2015,,,,TIMSS_G4,mathematics,,,,,,,,,,,,528.138,
DEU,2015,,2.5387,,TIMSS_G4,mathematics,,,,,,,,,,,,521.634,
DNK,2015,,,,TIMSS_G4,mathematics,,,,,,,,,,,,538.6533,
ESP,2015,,2.462,,TIMSS_G4,mathematics,,,,,,,,,,,,505.0949,
FIN,2015,,1.8869,,TIMSS_G4,mathematics,,,,,,,,,,,,535.288,
GEO,2015,,,,TIMSS_G4,mathematics,,,,,,,,,,,,463.1491,
HKG,2015,,3.0459,,TIMSS_G4,mathematics,,,,,,,,,,,,614.5197,
HRV,2015,,,,TIMSS_G4,mathematics,,,,,,,,,,,,502.3352,
HUN,2015,,2.8245,,TIMSS_G4,mathematics,,,,,,,,,,,,529.1908,
IDN,2015,,,,TIMSS_G4,mathematics,,,,,,,,,,,,397.4628,
IRL,2015,,,,TIMSS_G4,mathematics,,,,,,,,,,,,547.3368,
IRN,2015,,3.2705,,TIMSS_G4,mathematics,,,,,,,,,,,,431.4881,
ITA,2015,,,,TIMSS_G4,mathematics,,,,,,,,,,,,506.8483,
JPN,2015,,,,TIMSS_G4,mathematics,,,,,,,,,,,,592.826,
KAZ,2015,,,,TIMSS_G4,mathematics,,,,,,,,,,,,544.42,
KOR,2015,,,,TIMSS_G4,mathematics,,,,,,,,,,,,608.0351,
KWT,2015,,,,TIMSS_G4,mathematics,,,,,,,,,,,,353.0642,
LTU,2015,,,,TIMSS_G4,mathematics,,,,,,,,,,,,535.3409,
MAR,2015,,,,TIMSS_G4,mathematics,,,,,,,,,,,,379.4736,
NIR,2015,,2.4539,,TIMSS_G4,mathematics,,,,,,,,,,,,570.261,
NLD,2015,,,,TIMSS_G4,mathematics,,,,,,,,,,,,529.8187,
NOR,2015,,,,TIMSS_G4,mathematics,,,,,,,,,,,,549.0799,
NZL,2015,,,,TIMSS_G4,mathematics,,,,,,,,,,,,490.5609,
OMN,2015,,3.0224,,TIMSS_G4,mathematics,,,,,,,,,,,,425.4828,
PRT,2015,,,,TIMSS_G4,mathematics,,,,,,,,,,,,541.2002,
QAT,2015,,,,TIMSS_G4,mathematics,,,,,,,,,,,,438.9958,
SRB,2015,,,,TIMSS_G4,mathematics,,,,,,,,,,,,517.9984,
SVK,2015,,2.4561,,TIMSS_G4,mathematics,,,,,,,,,,,,498.2473,
SVN,2015,,2.359,,TIMSS_G4,mathematics,,,,,,,,,,,,519.8749,
SWE,2015,,1.9622,,TIMSS_G4,mathematics,,,,,,,,,,,,518.6467,
TUR,2015,,,,TIMSS_G4,mathematics,,,,,,,,,,,,483.1501,
TWN,2015,,2.3841,,TIMSS_G4,mathematics,,,,,,,,,,,,596.619,
USA,2015,,,,TIMSS_G4,mathematics,,,,,,,,,,,,539.1556,
ZAF,2015,,,,TIMSS_G4,mathematics,,,,,,,,,,,,375.7376,
AAD,2019,,1.9917,,TIMSS_G4,mathematics,,,,,,,,,,,,440.1146,
ADU,2019,,,,TIMSS_G4,mathematics,,,,,,,,,,,,543.4064,
ALB,2019,,,,TIMSS_G4,mathematics,,,,,,,,,,,,494.0175,
ARE,2019,,1.9449,,TIMSS_G4,mathematics,,,,,,,,,,,,488.7269,
ARM,2019,,2.1818,,TIMSS_G4,mathematics,,,,,,,,,,,,498.1854,
AUS,2019,,,,TIMSS_G4,mathematics,,,,,,,,,,,,515.8801,
AUT,2019,,,,TIMSS_G4,mathematics,,,,,,,,,,,,537.3422,
AZE,2019,,,,TIMSS_G4,mathematics,,,,,,,,,,,,515.4546,
BFL,2019,,1.8247,,TIMSS_G4,mathematics,,,,,,,,,,,,532.4429,
CAN,2019,,1.6404,,TIMSS_G4,mathematics,,,,,,,,,,,,511.5895,
CHL,2019,,2.2156,,TIMSS_G4,mathematics,,,,,,,,,,,,441.4517,
COT,2019,,1.6762,,TIMSS_G4,mathematics,,,,,,,,,,,,511.8805,
CQU,2019,,1.6143,,TIMSS_G4,mathematics,,,,,,,,,,,,531.7841,
CYP,2019,,,,TIMSS_G4,mathematics,,,,,,,,,,,,532.0938,
CZE,2019,,2.3304,,TIMSS_G4,mathematics,,,,,,,,,,,,528.4997,
DEU,2019,,2.6947,,TIMSS_G4,mathematics,,,,,,,,,,,,519.271,
DNK,2019,,1.5409,,TIMSS_G4,mathematics,,,,,,,,,,,,526.2179,
EMA,2019,,,,TIMSS_G4,mathematics,,,,,,,,,,,,518.6246,
ENG,2019,,,,TIMSS_G4,mathematics,,,,,,,,,,,,555.3227,
ESP,2019,,2.3189,,TIMSS_G4,mathematics,,,,,,,,,,,,502.4739,
FIN,2019,,1.7939,,TIMSS_G4,mathematics,,,,,,,,,,,,532.3972,
FRA,2019,,2.2732,,TIMSS_G4,mathematics,,,,,,,,,,,,482.7399,
GEO,2019,,1.8258,,TIMSS_G4,mathematics,,,,,,,,,,,,489.6988,
HKG,2019,,2.4725,,TIMSS_G4,mathematics,,,,,,,,,,,,603.2682,
HRV,2019,,,,TIMSS_G4,mathematics,,,,,,,,,,,,511.0552,
HUN,2019,,2.2689,,TIMSS_G4,mathematics,,,,,,,,,,,,525.8749,
IRL,2019,,,,TIMSS_G4,mathematics,,,,,,,,,,,,548.4654,
IRN,2019,,3.1487,,TIMSS_G4,mathematics,,,,,,,,,,,,443.035,
ITA,2019,,,,TIMSS_G4,mathematics,,,,,,,,,,,,514.708,
KAZ,2019,,1.887,,TIMSS_G4,mathematics,,,,,,,,,,,,512.0887,
KOR,2019,,,,TIMSS_G4,mathematics,,,,,,,,,,,,599.1942,
KWT,2019,,1.854,,TIMSS_G4,mathematics,,,,,,,,,,,,383.3179,
LTU,2019,,,,TIMSS_G4,mathematics,,,,,,,,,,,,542.1313,
LVA,2019,,,,TIMSS_G4,mathematics,,,,,,,,,,,,546.1333,
MAR,2019,,,,TIMSS_G4,mathematics,,,,,,,,,,,,383.388,
MKD,2019,,,,TIMSS_G4,mathematics,,,,,,,,,,,,471.7201,
MLT,2019,,,,TIMSS_G4,mathematics,,,,,,,,,,,,509.2751,
MNE,2019,,,,TIMSS_G4,mathematics,,,,,,,,,,,,452.78,
NIR,2019,,2.1678,,TIMSS_G4,mathematics,,,,,,,,,,,,565.7995,
NLD,2019,,,,TIMSS_G4,mathematics,,,,,,,,,,,,535.1827,
NOR,2019,,1.5327,,TIMSS_G4,mathematics,,,,,,,,,,,,542.2656,
NZL,2019,,1.876,,TIMSS_G4,mathematics,,,,,,,,,,,,487.1918,
OMN,2019,,2.9166,,TIMSS_G4,mathematics,,,,,,,,,,,,430.8736,
PAK,2019,,,,TIMSS_G4,mathematics,,,,,,,,,,,,327.6905,
PHL,2019,,,,TIMSS_G4,mathematics,,,,,,,,,,,,296.6752,
POL,2019,,,,TIMSS_G4,mathematics,,,,,,,,,,,,520.1396,
PRT,2019,,2.8421,,TIMSS_G4,mathematics,,,,,,,,,,,,530.3065,
QAT,2019,,1.7045,,TIMSS_G4,mathematics,,,,,,,,,,,,449.2973,
RMO,2019,,,,TIMSS_G4,mathematics,,,,,,,,,,,,592.5591,
RUS,2019,,1.6678,,TIMSS_G4,mathematics,,,,,,,,,,,,566.947,
SAU,2019,,,,TIMSS_G4,mathematics,,,,,,,,,,,,398.0931,
SGP,2019,,1.9419,,TIMSS_G4,mathematics,,,,,,,,,,,,628.3895,
SRB,2019,,,,TIMSS_G4,mathematics,,,,,,,,,,,,507.8811,
SVK,2019,,2.3357,,TIMSS_G4,mathematics,,,,,,,,,,,,508.7407,
SWE,2019,,1.7939,,TIMSS_G4,mathematics,,,,,,,,,,,,518.844,
TUR,2019,,,,TIMSS_G4,mathematics,,,,,,,,,,,,522.1314,
TWN,2019,,2.1289,,TIMSS_G4,mathematics,,,,,,,,,,,,598.6887,
USA,2019,,,,TIMSS_G4,mathematics,,,,,,,,,,,,535.0088,
XKX,2019,,,,TIMSS_G4,mathematics,,,,,,,,,,,,444.3537,
ZAF,2019,,,,TIMSS_G4,mathematics,,,,,,,,,,,,373.5645,
AAD,2023,,1.6418,,TIMSS_G4,mathematics,,,,,,,,,,,,458.5853,
ADU,2023,,1.4094,,TIMSS_G4,mathematics,,,,,,,,,,,,556.5811,
ALB,2023,,,,TIMSS_G4,mathematics,,,,,,,,,,,,511.5825,
ARE,2023,,1.6058,,TIMSS_G4,mathematics,,,,,,,,,,,,498.0855,
ARM,2023,,2.0942,,TIMSS_G4,mathematics,,,,,,,,,,,,512.6351,
ASH,2023,,,,TIMSS_G4,mathematics,,,,,,,,,,,,503.9368,
AUS,2023,,,,TIMSS_G4,mathematics,,,,,,,,,,,,524.9035,
AZE,2023,,2.1982,,TIMSS_G4,mathematics,,,,,,,,,,,,494.0651,
BFL,2023,,1.7838,,TIMSS_G4,mathematics,,,,,,,,,,,,520.7867,
BFR,2023,,,,TIMSS_G4,mathematics,,,,,,,,,,,,489.4341,
BGR,2023,,,,TIMSS_G4,mathematics,,,,,,,,,,,,529.8966,
BIH,2023,,2.5395,,TIMSS_G4,mathematics,,,,,,,,,,,,447.096,
BRA,2023,,,,TIMSS_G4,mathematics,,,,,,,,,,,,400.022,
CAN,2023,,,,TIMSS_G4,mathematics,,,,,,,,,,,,503.8073,
CHL,2023,,,,TIMSS_G4,mathematics,,,,,,,,,,,,443.5424,
COT,2023,,1.5403,,TIMSS_G4,mathematics,,,,,,,,,,,,502.814,
CQU,2023,,1.5458,,TIMSS_G4,mathematics,,,,,,,,,,,,514.6937,
CYP,2023,,1.8237,,TIMSS_G4,mathematics,,,,,,,,,,,,516.295,
CZE,2023,,2.2642,,TIMSS_G4,mathematics,,,,,,,,,,,,530.4311,
DEU,2023,,2.2126,,TIMSS_G4,mathematics,,,,,,,,,,,,523.784,
ESP,2023,,2.1229,,TIMSS_G4,mathematics,,,,,,,,,,,,498.3176,
FIN,2023,,1.6045,,TIMSS_G4,mathematics,,,,,,,,,,,,529.2559,
FRA,2023,,2.0686,,TIMSS_G4,mathematics,,,,,,,,,,,,484.0991,
HKG,2023,,2.2419,,TIMSS_G4,mathematics,,,,,,,,,,,,594.3881,
IRL,2023,,1.8014,,TIMSS_G4,mathematics,,,,,,,,,,,,545.7704,
ITA,2023,,2.5072,,TIMSS_G4,mathematics,,,,,,,,,,,,513.087,
JOR,2023,,,,TIMSS_G4,mathematics,,,,,,,,,,,,426.9648,
JPN,2023,,1.8096,,TIMSS_G4,mathematics,,,,,,,,,,,,590.6653,
KAZ,2023,,1.7385,,TIMSS_G4,mathematics,,,,,,,,,,,,487.1769,
KOR,2023,,1.6487,,TIMSS_G4,mathematics,,,,,,,,,,,,594.4118,
KWT,2023,,1.7926,,TIMSS_G4,mathematics,,,,,,,,,,,,381.9761,
LTU,2023,,1.7262,,TIMSS_G4,mathematics,,,,,,,,,,,,560.6228,
LVA,2023,,1.5832,,TIMSS_G4,mathematics,,,,,,,,,,,,534.3004,
MAC,2023,,,,TIMSS_G4,mathematics,,,,,,,,,,,,582.0412,
MNE,2023,,2.1039,,TIMSS_G4,mathematics,,,,,,,,,,,,477.0728,
NLD,2023,,,,TIMSS_G4,mathematics,,,,,,,,,,,,537.124,
NOR,2023,,1.5125,,TIMSS_G4,mathematics,,,,,,,,,,,,530.5566,
NZL,2023,,1.7635,,TIMSS_G4,mathematics,,,,,,,,,,,,490.2756,
OMN,2023,,,,TIMSS_G4,mathematics,,,,,,,,,,,,421.3615,
POL,2023,,1.8712,,TIMSS_G4,mathematics,,,,,,,,,,,,546.0228,
QAT,2023,,1.6202,,TIMSS_G4,mathematics,,,,,,,,,,,,463.9648,
ROM,2023,,,,TIMSS_G4,mathematics,,,,,,,,,,,,541.8522,
SAU,2023,,,,TIMSS_G4,mathematics,,,,,,,,,,,,419.5002,
SGP,2023,,1.7242,,TIMSS_G4,mathematics,,,,,,,,,,,,614.7797,
SRB,2023,,,,TIMSS_G4,mathematics,,,,,,,,,,,,522.9273,
SVK,2023,,2.2603,,TIMSS_G4,mathematics,,,,,,,,,,,,514.7984,
SVN,2023,,,,TIMSS_G4,mathematics,,,,,,,,,,,,513.7806,
TUR,2023,,,,TIMSS_G4,mathematics,,,,,,,,,,,,553.2616,
TWN,2023,,1.8644,,TIMSS_G4,mathematics,,,,,,,,,,,,607.03,
UZB,2023,,,,TIMSS_G4,mathematics,,,,,,,,,,,,443.4615,
XKX,2023,,,,TIMSS_G4,mathematics,,,,,,,,,,,,451.3987,
ZAF,2023,,,,TIMSS_G4,mathematics,,,,,,,,,,,,361.6672,
AUS,1995,,,,TIMSS_G4,science,,,,,,,,,,,,,514.2141
CYP,1995,,,,TIMSS_G4,science,,,,,,,,,,,,,416.9639
CZE,1995,,,,TIMSS_G4,science,,,,,,,,,,,,,500.7487
ENG,1995,,,,TIMSS_G4,science,,,,,,,,,,,,,501.0653
GRC,1995,,,,TIMSS_G4,science,,,,,,,,,,,,,446.8421
HKG,1995,,,,TIMSS_G4,science,,,,,,,,,,,,,483.6712
IRN,1995,,,,TIMSS_G4,science,,,,,,,,,,,,,341.3351
ISL,1995,,,,TIMSS_G4,science,,,,,,,,,,,,,441.3708
ISR,1995,,,,TIMSS_G4,science,,,,,,,,,,,,,482.4728
JPN,1995,,,,TIMSS_G4,science,,,,,,,,,,,,,527.565
KOR,1995,,,,TIMSS_G4,science,,,,,,,,,,,,,555.184
KWT,1995,,,,TIMSS_G4,science,,,,,,,,,,,,,360.0573
LVA,1995,,,,TIMSS_G4,science,,,,,,,,,,,,,464.874
NLD,1995,,,,TIMSS_G4,science,,,,,,,,,,,,,502.9933
NOR,1995,,,,TIMSS_G4,science,,,,,,,,,,,,,461.7301
NZL,1995,,,,TIMSS_G4,science,,,,,,,,,,,,,477.4337
PRT,1995,,,,TIMSS_G4,science,,,,,,,,,,,,,422.133
SCO,1995,,,,TIMSS_G4,science,,,,,,,,,,,,,486.2358
SGP,1995,,,,TIMSS_G4,science,,,,,,,,,,,,,490.0381
SVN,1995,,,,TIMSS_G4,science,,,,,,,,,,,,,493.1684
THA,1995,,,,TIMSS_G4,science,,,,,,,,,,,,,425.5455
USA,1995,,,,TIMSS_G4,science,,,,,,,,,,,,,513.8748
ARM,2003,,,,TIMSS_G4,science,,,,,,,,,,,,,436.5281
AUS,2003,,,,TIMSS_G4,science,,,,,,,,,,,,,520.6911
BFL,2003,,,,TIMSS_G4,science,,,,,,,,,,,,,518.3421
COT,2003,,,,TIMSS_G4,science,,,,,,,,,,,,,540.205
CQU,2003,,,,TIMSS_G4,science,,,,,,,,,,,,,500.3921
ENG,2003,,,,TIMSS_G4,science,,,,,,,,,,,,,540.2402
HKG,2003,,,,TIMSS_G4,science,,,,,,,,,,,,,542.4826
HUN,2003,,,,TIMSS_G4,science,,,,,,,,,,,,,529.7275
ITA,2003,,,,TIMSS_G4,science,,,,,,,,,,,,,515.6404
JPN,2003,,,,TIMSS_G4,science,,,,,,,,,,,,,543.4686
MAR,2003,,,,TIMSS_G4,science,,,,,,,,,,,,,304.3918
NLD,2003,,,,TIMSS_G4,science,,,,,,,,,,,,,525.1246
NOR,2003,,,,TIMSS_G4,science,,,,,,,,,,,,,466.3464
NZL,2003,,,,TIMSS_G4,science,,,,,,,,,,,,,519.6712
PHL,2003,,,,TIMSS_G4,science,,,,,,,,,,,,,331.6199
RUS,2003,,,,TIMSS_G4,science,,,,,,,,,,,,,526.1874
SCO,2003,,,,TIMSS_G4,science,,,,,,,,,,,,,501.9748
SVN,2003,,,,TIMSS_G4,science,,,,,,,,,,,,,490.3647
TUN,2003,,,,TIMSS_G4,science,,,,,,,,,,,,,313.9885
TWN,2003,,,,TIMSS_G4,science,,,,,,,,,,,,,551.3547
UIN,2003,,,,TIMSS_G4,science,,,,,,,,,,,,,553.2871
USA,2003,,,,TIMSS_G4,science,,,,,,,,,,,,,535.6305
ADU,2007,,,,TIMSS_G4,science,,,,,,,,,,,,,459.6483
ARM,2007,,,,TIMSS_G4,science,,,,,,,,,,,,,484.3868
AUS,2007,,,,TIMSS_G4,science,,,,,,,,,,,,,527.3967
AUT,2007,,,,TIMSS_G4,science,,,,,,,,,,,,,525.6268
CAB,2007,,,,TIMSS_G4,science,,,,,,,,,,,,,542.5885
CBC,2007,,,,TIMSS_G4,science,,,,,,,,,,,,,536.69
COL,2007,,,,TIMSS_G4,science,,,,,,,,,,,,,400.3046
COT,2007,,,,TIMSS_G4,science,,,,,,,,,,,,,535.8687
CQU,2007,,,,TIMSS_G4,science,,,,,,,,,,,,,517.1224
CZE,2007,,,,TIMSS_G4,science,,,,,,,,,,,,,515.0518
DNK,2007,,,,TIMSS_G4,science,,,,,,,,,,,,,516.9172
DZA,2007,,,,TIMSS_G4,science,,,,,,,,,,,,,353.8193
GEO,2007,,,,TIMSS_G4,science,,,,,,,,,,,,,417.6372
HUN,2007,,,,TIMSS_G4,science,,,,,,,,,,,,,536.2259
IRN,2007,,,,TIMSS_G4,science,,,,,,,,,,,,,435.6388
ITA,2007,,,,TIMSS_G4,science,,,,,,,,,,,,,535.2168
KAZ,2007,,,,TIMSS_G4,science,,,,,,,,,,,,,532.8304
KWT,2007,,,,TIMSS_G4,science,,,,,,,,,,,,,348.1511
LTU,2007,,,,TIMSS_G4,science,,,,,,,,,,,,,514.2051
LVA,2007,,,,TIMSS_G4,science,,,,,,,,,,,,,541.8951
MNG,2007,,,,TIMSS_G4,science,,,,,,,,,,,,,421.397
NLD,2007,,,,TIMSS_G4,science,,,,,,,,,,,,,523.1763
NOR,2007,,,,TIMSS_G4,science,,,,,,,,,,,,,476.5508
NZL,2007,,,,TIMSS_G4,science,,,,,,,,,,,,,504.0658
QAT,2007,,,,TIMSS_G4,science,,,,,,,,,,,,,294.3956
SLV,2007,,,,TIMSS_G4,science,,,,,,,,,,,,,389.583
SVK,2007,,,,TIMSS_G4,science,,,,,,,,,,,,,525.6914
SVN,2007,,,,TIMSS_G4,science,,,,,,,,,,,,,518.3925
SWE,2007,,,,TIMSS_G4,science,,,,,,,,,,,,,524.8102
TUN,2007,,,,TIMSS_G4,science,,,,,,,,,,,,,318.4744
TWN,2007,,,,TIMSS_G4,science,,,,,,,,,,,,,556.6963
UKR,2007,,,,TIMSS_G4,science,,,,,,,,,,,,,473.8136
UMA,2007,,,,TIMSS_G4,science,,,,,,,,,,,,,570.8943
UMN,2007,,,,TIMSS_G4,science,,,,,,,,,,,,,551.4777
YEM,2007,,,,TIMSS_G4,science,,,,,,,,,,,,,197.3648
ADU,2011,,,,TIMSS_G4,science,,,,,,,,,,,,,461.2419
ARE,2011,,,,TIMSS_G4,science,,,,,,,,,,,,,427.829
ARM,2011,,,,TIMSS_G4,science,,,,,,,,,,,,,416.0832
AUS,2011,,,,TIMSS_G4,science,,,,,,,,,,,,,515.5933
AUT,2011,,,,TIMSS_G4,science,,,,,,,,,,,,,531.5022
AZE,2011,,,,TIMSS_G4,science,,,,,,,,,,,,,438.0663
BFL,2011,,,,TIMSS_G4,science,,,,,,,,,,,,,508.55
BHR,2011,,,,TIMSS_G4,science,,,,,,,,,,,,,449.4156
CAB,2011,,,,TIMSS_G4,science,,,,,,,,,,,,,541.2533
COT,2011,,,,TIMSS_G4,science,,,,,,,,,,,,,527.5905
CQU,2011,,,,TIMSS_G4,science,,,,,,,,,,,,,516.4002
ENG,2011,,,,TIMSS_G4,science,,,,,,,,,,,,,528.7813
FIN,2011,,,,TIMSS_G4,science,,,,,,,,,,,,,570.2206
HKG,2011,,,,TIMSS_G4,science,,,,,,,,,,,,,534.9477
HND,2011,,,,TIMSS_G4,science,,,,,,,,,,,,,432.3087
HUN,2011,,,,TIMSS_G4,science,,,,,,,,,,,,,534.3866
IRL,2011,,,,TIMSS_G4,science,,,,,,,,,,,,,516.0549
ITA,2011,,,,TIMSS_G4,science,,,,,,,,,,,,,523.8551
KAZ,2011,,,,TIMSS_G4,science,,,,,,,,,,,,,494.5325
KWT,2011,,,,TIMSS_G4,science,,,,,,,,,,,,,347.1358
LTU,2011,,,,TIMSS_G4,science,,,,,,,,,,,,,514.6282
MAR,2011,,,,TIMSS_G4,science,,,,,,,,,,,,,263.6544
MLT,2011,,,,TIMSS_G4,science,,,,,,,,,,,,,445.8257
NLD,2011,,,,TIMSS_G4,science,,,,,,,,,,,,,531.1561
OMN,2011,,,,TIMSS_G4,science,,,,,,,,,,,,,377.0061
POL,2011,,,,TIMSS_G4,science,,,,,,,,,,,,,504.8919
QAT,2011,,,,TIMSS_G4,science,,,,,,,,,,,,,394.1559
ROM,2011,,,,TIMSS_G4,science,,,,,,,,,,,,,505.3852
RUS,2011,,,,TIMSS_G4,science,,,,,,,,,,,,,552.3455
SAU,2011,,,,TIMSS_G4,science,,,,,,,,,,,,,429.3868
SGP,2011,,,,TIMSS_G4,science,,,,,,,,,,,,,583.3389
SRB,2011,,,,TIMSS_G4,science,,,,,,,,,,,,,515.5076
SVK,2011,,,,TIMSS_G4,science,,,,,,,,,,,,,531.8046
SVN,2011,,,,TIMSS_G4,science,,,,,,,,,,,,,520.2802
SWE,2011,,,,TIMSS_G4,science,,,,,,,,,,,,,533.4812
THA,2011,,,,TIMSS_G4,science,,,,,,,,,,,,,471.5708
TUN,2011,,,,TIMSS_G4,science,,,,,,,,,,,,,345.6063
TWN,2011,,,,TIMSS_G4,science,,,,,,,,,,,,,551.7028
USA,2011,,,,TIMSS_G4,science,,,,,,,,,,,,,543.8407
AAD,2015,,,,TIMSS_G4,science,,,,,,,,,,,,,414.7105
ABA,2015,,,,TIMSS_G4,science,,,,,,,,,,,,,417.8347
BHR,2015,,,,TIMSS_G4,science,,,,,,,,,,,,,458.812
CAN,2015,,,,TIMSS_G4,science,,,,,,,,,,,,,524.7821
CHL,2015,,,,TIMSS_G4,science,,,,,,,,,,,,,477.7105
COT,2015,,,,TIMSS_G4,science,,,,,,,,,,,,,530.3701
CQU,2015,,1.7241,,TIMSS_G4,science,,,,,,,,,,,,,524.5089
CZE,2015,,,,TIMSS_G4,science,,,,,,,,,,,,,534.3801
DEU,2015,,2.5387,,TIMSS_G4,science,,,,,,,,,,,,,528.4667
DNK,2015,,,,TIMSS_G4,science,,,,,,,,,,,,,527.029
ESP,2015,,2.462,,TIMSS_G4,science,,,,,,,,,,,,,518.1979
FIN,2015,,1.8869,,TIMSS_G4,science,,,,,,,,,,,,,553.8131
GEO,2015,,,,TIMSS_G4,science,,,,,,,,,,,,,451.2453
HKG,2015,,3.0459,,TIMSS_G4,science,,,,,,,,,,,,,556.5472
HRV,2015,,,,TIMSS_G4,science,,,,,,,,,,,,,533.4419
HUN,2015,,2.8245,,TIMSS_G4,science,,,,,,,,,,,,,541.9782
IDN,2015,,,,TIMSS_G4,science,,,,,,,,,,,,,396.6664
IRL,2015,,,,TIMSS_G4,science,,,,,,,,,,,,,528.8759
IRN,2015,,3.2705,,TIMSS_G4,science,,,,,,,,,,,,,421.0092
ITA,2015,,,,TIMSS_G4,science,,,,,,,,,,,,,516.475
JPN,2015,,,,TIMSS_G4,science,,,,,,,,,,,,,569.0127
KAZ,2015,,,,TIMSS_G4,science,,,,,,,,,,,,,549.5563
KOR,2015,,,,TIMSS_G4,science,,,,,,,,,,,,,589.3195
KWT,2015,,,,TIMSS_G4,science,,,,,,,,,,,,,337.2129
LTU,2015,,,,TIMSS_G4,science,,,,,,,,,,,,,527.6665
MAR,2015,,,,TIMSS_G4,science,,,,,,,,,,,,,352.2073
NIR,2015,,2.4539,,TIMSS_G4,science,,,,,,,,,,,,,519.7678
NLD,2015,,,,TIMSS_G4,science,,,,,,,,,,,,,517.1205
NOR,2015,,,,TIMSS_G4,science,,,,,,,,,,,,,537.5982
NZL,2015,,,,TIMSS_G4,science,,,,,,,,,,,,,505.517
OMN,2015,,3.0224,,TIMSS_G4,science,,,,,,,,,,,,,430.9741
PRT,2015,,,,TIMSS_G4,science,,,,,,,,,,,,,508.0561
QAT,2015,,,,TIMSS_G4,science,,,,,,,,,,,,,436.2582
SRB,2015,,,,TIMSS_G4,science,,,,,,,,,,,,,524.5091
SVK,2015,,2.4561,,TIMSS_G4,science,,,,,,,,,,,,,520.4948
SVN,2015,,2.359,,TIMSS_G4,science,,,,,,,,,,,,,542.5731
SWE,2015,,1.9622,,TIMSS_G4,science,,,,,,,,,,,,,540.1936
TUR,2015,,,,TIMSS_G4,science,,,,,,,,,,,,,483.3988
TWN,2015,,2.3841,,TIMSS_G4,science,,,,,,,,,,,,,555.2816
USA,2015,,,,TIMSS_G4,science,,,,,,,,,,,,,545.9069
AAD,2019,,1.9917,,TIMSS_G4,science,,,,,,,,,,,,,416.8693
ADU,2019,,,,TIMSS_G4,science,,,,,,,,,,,,,543.0198
ALB,2019,,,,TIMSS_G4,science,,,,,,,,,,,,,489.4802
ARE,2019,,1.9449,,TIMSS_G4,science,,,,,,,,,,,,,478.8223
ARM,2019,,2.1818,,TIMSS_G4,science,,,,,,,,,,,,,466.4317
AUS,2019,,,,TIMSS_G4,science,,,,,,,,,,,,,532.5749
AUT,2019,,,,TIMSS_G4,science,,,,,,,,,,,,,518.3878
AZE,2019,,,,TIMSS_G4,science,,,,,,,,,,,,,426.7347
BFL,2019,,1.8247,,TIMSS_G4,science,,,,,,,,,,,,,501.017
CAN,2019,,1.6404,,TIMSS_G4,science,,,,,,,,,,,,,519.5728
CHL,2019,,2.2156,,TIMSS_G4,science,,,,,,,,,,,,,469.7196
COT,2019,,1.6762,,TIMSS_G4,science,,,,,,,,,,,,,524.1015
CQU,2019,,1.6143,,TIMSS_G4,science,,,,,,,,,,,,,521.8234
CYP,2019,,,,TIMSS_G4,science,,,,,,,,,,,,,511.4192
CZE,2019,,2.3304,,TIMSS_G4,science,,,,,,,,,,,,,528.2753
DEU,2019,,2.6947,,TIMSS_G4,science,,,,,,,,,,,,,522.1972
DNK,2019,,1.5409,,TIMSS_G4,science,,,,,,,,,,,,,520.2288
EMA,2019,,,,TIMSS_G4,science,,,,,,,,,,,,,523.0615
ENG,2019,,,,TIMSS_G4,science,,,,,,,,,,,,,539.4073
ESP,2019,,2.3189,,TIMSS_G4,science,,,,,,,,,,,,,513.0994
FIN,2019,,1.7939,,TIMSS_G4,science,,,,,,,,,,,,,551.8116
FRA,2019,,2.2732,,TIMSS_G4,science,,,,,,,,,,,,,482.8377
GEO,2019,,1.8258,,TIMSS_G4,science,,,,,,,,,,,,,462.1684
HKG,2019,,2.4725,,TIMSS_G4,science,,,,,,,,,,,,,534.7279
HRV,2019,,,,TIMSS_G4,science,,,,,,,,,,,,,523.6182
HUN,2019,,2.2689,,TIMSS_G4,science,,,,,,,,,,,,,530.5706
IRL,2019,,,,TIMSS_G4,science,,,,,,,,,,,,,527.9704
IRN,2019,,3.1487,,TIMSS_G4,science,,,,,,,,,,,,,440.828
ITA,2019,,,,TIMSS_G4,science,,,,,,,,,,,,,509.485
KAZ,2019,,1.887,,TIMSS_G4,science,,,,,,,,,,,,,494.1548
KOR,2019,,,,TIMSS_G4,science,,,,,,,,,,,,,587.6576
KWT,2019,,1.854,,TIMSS_G4,science,,,,,,,,,,,,,392.2951
LTU,2019,,,,TIMSS_G4,science,,,,,,,,,,,,,538.0792
LVA,2019,,,,TIMSS_G4,science,,,,,,,,,,,,,541.8577
MAR,2019,,,,TIMSS_G4,science,,,,,,,,,,,,,374.0657
MKD,2019,,,,TIMSS_G4,science,,,,,,,,,,,,,426.0427
MLT,2019,,,,TIMSS_G4,science,,,,,,,,,,,,,496.0437
MNE,2019,,,,TIMSS_G4,science,,,,,,,,,,,,,453.3214
NIR,2019,,2.1678,,TIMSS_G4,science,,,,,,,,,,,,,518.4913
NLD,2019,,,,TIMSS_G4,science,,,,,,,,,,,,,516.6572
NOR,2019,,1.5327,,TIMSS_G4,science,,,,,,,,,,,,,538.484
NZL,2019,,1.876,,TIMSS_G4,science,,,,,,,,,,,,,502.5515
OMN,2019,,2.9166,,TIMSS_G4,science,,,,,,,,,,,,,434.9443
PAK,2019,,,,TIMSS_G4,science,,,,,,,,,,,,,290.0965
PHL,2019,,,,TIMSS_G4,science,,,,,,,,,,,,,249.0181
POL,2019,,,,TIMSS_G4,science,,,,,,,,,,,,,530.8328
PRT,2019,,2.8421,,TIMSS_G4,science,,,,,,,,,,,,,506.4609
QAT,2019,,1.7045,,TIMSS_G4,science,,,,,,,,,,,,,455.8791
RMO,2019,,,,TIMSS_G4,science,,,,,,,,,,,,,594.2858
RUS,2019,,1.6678,,TIMSS_G4,science,,,,,,,,,,,,,567.2547
SAU,2019,,,,TIMSS_G4,science,,,,,,,,,,,,,402.2369
SGP,2019,,1.9419,,TIMSS_G4,science,,,,,,,,,,,,,596.8263
SRB,2019,,,,TIMSS_G4,science,,,,,,,,,,,,,516.9075
SVK,2019,,2.3357,,TIMSS_G4,science,,,,,,,,,,,,,518.0652
SWE,2019,,1.7939,,TIMSS_G4,science,,,,,,,,,,,,,529.7944
TUR,2019,,,,TIMSS_G4,science,,,,,,,,,,,,,526.0656
TWN,2019,,2.1289,,TIMSS_G4,science,,,,,,,,,,,,,557.6698
USA,2019,,,,TIMSS_G4,science,,,,,,,,,,,,,537.2607
XKX,2019,,,,TIMSS_G4,science,,,,,,,,,,,,,413.0594
ZAF,2019,,,,TIMSS_G4,science,,,,,,,,,,,,,324.2336
AAD,2023,,1.6418,,TIMSS_G4,science,,,,,,,,,,,,,446.1415
ADU,2023,,1.4094,,TIMSS_G4,science,,,,,,,,,,,,,562.3922
ALB,2023,,,,TIMSS_G4,science,,,,,,,,,,,,,490.5998
ARE,2023,,1.6058,,TIMSS_G4,science,,,,,,,,,,,,,494.9497
ARM,2023,,2.0942,,TIMSS_G4,science,,,,,,,,,,,,,457.2906
ASH,2023,,,,TIMSS_G4,science,,,,,,,,,,,,,502.8046
AUS,2023,,,,TIMSS_G4,science,,,,,,,,,,,,,549.5002
AZE,2023,,2.1982,,TIMSS_G4,science,,,,,,,,,,,,,421.6027
BFL,2023,,1.7838,,TIMSS_G4,science,,,,,,,,,,,,,488.3576
BFR,2023,,,,TIMSS_G4,science,,,,,,,,,,,,,480.6785
BGR,2023,,,,TIMSS_G4,science,,,,,,,,,,,,,529.5846
BIH,2023,,2.5395,,TIMSS_G4,science,,,,,,,,,,,,,448.3487
BRA,2023,,,,TIMSS_G4,science,,,,,,,,,,,,,425.0281
CAN,2023,,,,TIMSS_G4,science,,,,,,,,,,,,,521.1253
CHL,2023,,,,TIMSS_G4,science,,,,,,,,,,,,,479.2523
COT,2023,,1.5403,,TIMSS_G4,science,,,,,,,,,,,,,525.2649
CQU,2023,,1.5458,,TIMSS_G4,science,,,,,,,,,,,,,507.5048
CYP,2023,,1.8237,,TIMSS_G4,science,,,,,,,,,,,,,486.9837
CZE,2023,,2.2642,,TIMSS_G4,science,,,,,,,,,,,,,525.8413
DEU,2023,,2.2126,,TIMSS_G4,science,,,,,,,,,,,,,515.4773
ESP,2023,,2.1229,,TIMSS_G4,science,,,,,,,,,,,,,504.0387
FIN,2023,,1.6045,,TIMSS_G4,science,,,,,,,,,,,,,542.0588
FRA,2023,,2.0686,,TIMSS_G4,science,,,,,,,,,,,,,488.1341
HKG,2023,,2.2419,,TIMSS_G4,science,,,,,,,,,,,,,545.231
IRL,2023,,1.8014,,TIMSS_G4,science,,,,,,,,,,,,,531.8995
ITA,2023,,2.5072,,TIMSS_G4,science,,,,,,,,,,,,,510.5523
JOR,2023,,,,TIMSS_G4,science,,,,,,,,,,,,,417.6881
JPN,2023,,1.8096,,TIMSS_G4,science,,,,,,,,,,,,,554.8338
KAZ,2023,,1.7385,,TIMSS_G4,science,,,,,,,,,,,,,466.53
KOR,2023,,1.6487,,TIMSS_G4,science,,,,,,,,,,,,,583.2645
KWT,2023,,1.7926,,TIMSS_G4,science,,,,,,,,,,,,,373.3174
LTU,2023,,1.7262,,TIMSS_G4,science,,,,,,,,,,,,,536.948
LVA,2023,,1.5832,,TIMSS_G4,science,,,,,,,,,,,,,525.5452
MAC,2023,,,,TIMSS_G4,science,,,,,,,,,,,,,535.7885
MNE,2023,,2.1039,,TIMSS_G4,science,,,,,,,,,,,,,460.6789
NLD,2023,,,,TIMSS_G4,science,,,,,,,,,,,,,516.9196
NOR,2023,,1.5125,,TIMSS_G4,science,,,,,,,,,,,,,530.4362
NZL,2023,,1.7635,,TIMSS_G4,science,,,,,,,,,,,,,517.0717
OMN,2023,,,,TIMSS_G4,science,,,,,,,,,,,,,432.6494
POL,2023,,1.8712,,TIMSS_G4,science,,,,,,,,,,,,,549.8445
QAT,2023,,1.6202,,TIMSS_G4,science,,,,,,,,,,,,,472.1361
ROM,2023,,,,TIMSS_G4,science,,,,,,,,,,,,,526.2065
SAU,2023,,,,TIMSS_G4,science,,,,,,,,,,,,,427.5799
SGP,2023,,1.7242,,TIMSS_G4,science,,,,,,,,,,,,,607.3513
SRB,2023,,,,TIMSS_G4,science,,,,,,,,,,,,,509.8597
SVK,2023,,2.2603,,TIMSS_G4,science,,,,,,,,,,,,,520.5926
SVN,2023,,,,TIMSS_G4,science,,,,,,,,,,,,,525.6442
TUR,2023,,,,TIMSS_G4,science,,,,,,,,,,,,,570.1124
TWN,2023,,1.8644,,TIMSS_G4,science,,,,,,,,,,,,,572.6067
UZB,2023,,,,TIMSS_G4,science,,,,,,,,,,,,,411.8723
XKX,2023,,,,TIMSS_G4,science,,,,,,,,,,,,,403.1171
ZAF,2023,,,,TIMSS_G4,science,,,,,,,,,,,,,307.918
