target_country,target_program,target_cycle,source_program,source_cycle,lag_years,canonical_construct,raw_variable,value,direction,level,tier,forecast_role,feature_source
ALB,PISA,2015,PISA,2015.0,0.0,PISA_MATHEMATICS,PISA_mathematics,413.157,+,country,A,outcome,primary_outcome
ARE,PISA,2015,PISA,2015.0,0.0,PISA_MATHEMATICS,PISA_mathematics,427.4827,+,country,A,outcome,primary_outcome
AUS,PISA,2015,PISA,2015.0,0.0,PISA_MATHEMATICS,PISA_mathematics,493.8962,+,country,A,outcome,primary_outcome
AUT,PISA,2015,PISA,2015.0,0.0,PISA_MATHEMATICS,PISA_mathematics,496.7423,+,country,A,outcome,primary_outcome
BEL,PISA,2015,PISA,2015.0,0.0,PISA_MATHEMATICS,PISA_mathematics,506.9844,+,country,A,outcome,primary_outcome
BGR,PISA,2015,PISA,2015.0,0.0,PISA_MATHEMATICS,PISA_mathematics,441.1899,+,country,A,outcome,primary_outcome
BRA,PISA,2015,PISA,2015.0,0.0,PISA_MATHEMATICS,PISA_mathematics,377.0695,+,country,A,outcome,primary_outcome
CAN,PISA,2015,PISA,2015.0,0.0,PISA_MATHEMATICS,PISA_mathematics,515.6474,+,country,A,outcome,primary_outcome
CHE,PISA,2015,PISA,2015.0,0.0,PISA_MATHEMATICS,PISA_mathematics,521.2506,+,country,A,outcome,primary_outcome
CHL,PISA,2015,PISA,2015.0,0.0,PISA_MATHEMATICS,PISA_mathematics,422.6714,+,country,A,outcome,primary_outcome
COL,PISA,2015,PISA,2015.0,0.0,PISA_MATHEMATICS,PISA_mathematics,389.6438,+,country,A,outcome,primary_outcome
CRI,PISA,2015,PISA,2015.0,0.0,PISA_MATHEMATICS,PISA_mathematics,400.2534,+,country,A,outcome,primary_outcome
CZE,PISA,2015,PISA,2015.0,0.0,PISA_MATHEMATICS,PISA_mathematics,492.3254,+,country,A,outcome,primary_outcome
DEU,PISA,2015,PISA,2015.0,0.0,PISA_MATHEMATICS,PISA_mathematics,505.9713,+,country,A,outcome,primary_outcome
DNK,PISA,2015,PISA,2015.0,0.0,PISA_MATHEMATICS,PISA_mathematics,511.0876,+,country,A,outcome,primary_outcome
DOM,PISA,2015,PISA,2015.0,0.0,PISA_MATHEMATICS,PISA_mathematics,327.702,+,country,A,outcome,primary_outcome
DZA,PISA,2015,PISA,2015.0,0.0,PISA_MATHEMATICS,PISA_mathematics,359.6062,+,country,A,outcome,primary_outcome
ESP,PISA,2015,PISA,2015.0,0.0,PISA_MATHEMATICS,PISA_mathematics,485.8432,+,country,A,outcome,primary_outcome
EST,PISA,2015,PISA,2015.0,0.0,PISA_MATHEMATICS,PISA_mathematics,519.5291,+,country,A,outcome,primary_outcome
FIN,PISA,2015,PISA,2015.0,0.0,PISA_MATHEMATICS,PISA_mathematics,511.0769,+,country,A,outcome,primary_outcome
FRA,PISA,2015,PISA,2015.0,0.0,PISA_MATHEMATICS,PISA_mathematics,492.9204,+,country,A,outcome,primary_outcome
GBR,PISA,2015,PISA,2015.0,0.0,PISA_MATHEMATICS,PISA_mathematics,492.4785,+,country,A,outcome,primary_outcome
GEO,PISA,2015,PISA,2015.0,0.0,PISA_MATHEMATICS,PISA_mathematics,403.8332,+,country,A,outcome,primary_outcome
GRC,PISA,2015,PISA,2015.0,0.0,PISA_MATHEMATICS,PISA_mathematics,453.6299,+,country,A,outcome,primary_outcome
HKG,PISA,2015,PISA,2015.0,0.0,PISA_MATHEMATICS,PISA_mathematics,547.931,+,country,A,outcome,primary_outcome
HRV,PISA,2015,PISA,2015.0,0.0,PISA_MATHEMATICS,PISA_mathematics,464.0401,+,country,A,outcome,primary_outcome
HUN,PISA,2015,PISA,2015.0,0.0,PISA_MATHEMATICS,PISA_mathematics,476.8309,+,country,A,outcome,primary_outcome
IDN,PISA,2015,PISA,2015.0,0.0,PISA_MATHEMATICS,PISA_mathematics,386.1096,+,country,A,outcome,primary_outcome
IRL,PISA,2015,PISA,2015.0,0.0,PISA_MATHEMATICS,PISA_mathematics,503.722,+,country,A,outcome,primary_outcome
ISL,PISA,2015,PISA,2015.0,0.0,PISA_MATHEMATICS,PISA_mathematics,488.0332,+,country,A,outcome,primary_outcome
ISR,PISA,2015,PISA,2015.0,0.0,PISA_MATHEMATICS,PISA_mathematics,469.6695,+,country,A,outcome,primary_outcome
ITA,PISA,2015,PISA,2015.0,0.0,PISA_MATHEMATICS,PISA_mathematics,489.7287,+,country,A,outcome,primary_outcome
JOR,PISA,2015,PISA,2015.0,0.0,PISA_MATHEMATICS,PISA_mathematics,380.259,+,country,A,outcome,primary_outcome
JPN,PISA,2015,PISA,2015.0,0.0,PISA_MATHEMATICS,PISA_mathematics,532.4399,+,country,A,outcome,primary_outcome
KOR,PISA,2015,PISA,2015.0,0.0,PISA_MATHEMATICS,PISA_mathematics,524.1062,+,country,A,outcome,primary_outcome
KSV,PISA,2015,PISA,2015.0,0.0,PISA_MATHEMATICS,PISA_mathematics,361.534,+,country,A,outcome,primary_outcome
LBN,PISA,2015,PISA,2015.0,0.0,PISA_MATHEMATICS,PISA_mathematics,396.2497,+,country,A,outcome,primary_outcome
LTU,PISA,2015,PISA,2015.0,0.0,PISA_MATHEMATICS,PISA_mathematics,478.3834,+,country,A,outcome,primary_outcome
LUX,PISA,2015,PISA,2015.0,0.0,PISA_MATHEMATICS,PISA_mathematics,485.7706,+,country,A,outcome,primary_outcome
LVA,PISA,2015,PISA,2015.0,0.0,PISA_MATHEMATICS,PISA_mathematics,482.3051,+,country,A,outcome,primary_outcome
MAC,PISA,2015,PISA,2015.0,0.0,PISA_MATHEMATICS,PISA_mathematics,543.8078,+,country,A,outcome,primary_outcome
MDA,PISA,2015,PISA,2015.0,0.0,PISA_MATHEMATICS,PISA_mathematics,419.6635,+,country,A,outcome,primary_outcome
MEX,PISA,2015,PISA,2015.0,0.0,PISA_MATHEMATICS,PISA_mathematics,408.0235,+,country,A,outcome,primary_outcome
MKD,PISA,2015,PISA,2015.0,0.0,PISA_MATHEMATICS,PISA_mathematics,371.3114,+,country,A,outcome,primary_outcome
MLT,PISA,2015,PISA,2015.0,0.0,PISA_MATHEMATICS,PISA_mathematics,478.6448,+,country,A,outcome,primary_outcome
MNE,PISA,2015,PISA,2015.0,0.0,PISA_MATHEMATICS,PISA_mathematics,417.9341,+,country,A,outcome,primary_outcome
NLD,PISA,2015,PISA,2015.0,0.0,PISA_MATHEMATICS,PISA_mathematics,512.2528,+,country,A,outcome,primary_outcome
NOR,PISA,2015,PISA,2015.0,0.0,PISA_MATHEMATICS,PISA_mathematics,501.7298,+,country,A,outcome,primary_outcome
NZL,PISA,2015,PISA,2015.0,0.0,PISA_MATHEMATICS,PISA_mathematics,495.2233,+,country,A,outcome,primary_outcome
PER,PISA,2015,PISA,2015.0,0.0,PISA_MATHEMATICS,PISA_mathematics,386.5606,+,country,A,outcome,primary_outcome
POL,PISA,2015,PISA,2015.0,0.0,PISA_MATHEMATICS,PISA_mathematics,504.4693,+,country,A,outcome,primary_outcome
PRT,PISA,2015,PISA,2015.0,0.0,PISA_MATHEMATICS,PISA_mathematics,491.627,+,country,A,outcome,primary_outcome
QAR,PISA,2015,PISA,2015.0,0.0,PISA_MATHEMATICS,PISA_mathematics,456.2956,+,country,A,outcome,primary_outcome
QAT,PISA,2015,PISA,2015.0,0.0,PISA_MATHEMATICS,PISA_mathematics,402.4006,+,country,A,outcome,primary_outcome
QCH,PISA,2015,PISA,2015.0,0.0,PISA_MATHEMATICS,PISA_mathematics,531.2961,+,country,A,outcome,primary_outcome
QES,PISA,2015,PISA,2015.0,0.0,PISA_MATHEMATICS,PISA_mathematics,486.2414,+,country,A,outcome,primary_outcome
QUC,PISA,2015,PISA,2015.0,0.0,PISA_MATHEMATICS,PISA_mathematics,500.1217,+,country,A,outcome,primary_outcome
QUD,PISA,2015,PISA,2015.0,0.0,PISA_MATHEMATICS,PISA_mathematics,378.352,+,country,A,outcome,primary_outcome
QUE,PISA,2015,PISA,2015.0,0.0,PISA_MATHEMATICS,PISA_mathematics,470.8819,+,country,A,outcome,primary_outcome
ROU,PISA,2015,PISA,2015.0,0.0,PISA_MATHEMATICS,PISA_mathematics,443.9543,+,country,A,outcome,primary_outcome
RUS,PISA,2015,PISA,2015.0,0.0,PISA_MATHEMATICS,PISA_mathematics,494.06,+,country,A,outcome,primary_outcome
SGP,PISA,2015,PISA,2015.0,0.0,PISA_MATHEMATICS,PISA_mathematics,564.1897,+,country,A,outcome,primary_outcome
SVK,PISA,2015,PISA,2015.0,0.0,PISA_MATHEMATICS,PISA_mathematics,475.2301,+,country,A,outcome,primary_outcome
SVN,PISA,2015,PISA,2015.0,0.0,PISA_MATHEMATICS,PISA_mathematics,509.9196,+,country,A,outcome,primary_outcome
SWE,PISA,2015,PISA,2015.0,0.0,PISA_MATHEMATICS,PISA_mathematics,493.9181,+,country,A,outcome,primary_outcome
TAP,PISA,2015,PISA,2015.0,0.0,PISA_MATHEMATICS,PISA_mathematics,542.3215,+,country,A,outcome,primary_outcome
THA,PISA,2015,PISA,2015.0,0.0,PISA_MATHEMATICS,PISA_mathematics,415.4638,+,country,A,outcome,primary_outcome
TTO,PISA,2015,PISA,2015.0,0.0,PISA_MATHEMATICS,PISA_mathematics,417.2434,+,country,A,outcome,primary_outcome
TUN,PISA,2015,PISA,2015.0,0.0,PISA_MATHEMATICS,PISA_mathematics,366.818,+,country,A,outcome,primary_outcome
TUR,PISA,2015,PISA,2015.0,0.0,PISA_MATHEMATICS,PISA_mathematics,420.454,+,country,A,outcome,primary_outcome
URY,PISA,2015,PISA,2015.0,0.0,PISA_MATHEMATICS,PISA_mathematics,417.9919,+,country,A,outcome,primary_outcome
USA,PISA,2015,PISA,2015.0,0.0,PISA_MATHEMATICS,PISA_mathematics,469.6285,+,country,A,outcome,primary_outcome
VNM,PISA,2015,PISA,2015.0,0.0,PISA_MATHEMATICS,PISA_mathematics,494.5183,+,country,A,outcome,primary_outcome
ALB,PISA,2022,PISA,2022.0,0.0,PISA_MATHEMATICS,PISA_mathematics,368.2217,+,country,A,outcome,primary_outcome
ARE,PISA,2022,PISA,2022.0,0.0,PISA_MATHEMATICS,PISA_mathematics,431.1105,+,country,A,outcome,primary_outcome
ARG,PISA,2022,PISA,2022.0,0.0,PISA_MATHEMATICS,PISA_mathematics,377.529,+,country,A,outcome,primary_outcome
AUS,PISA,2022,PISA,2022.0,0.0,PISA_MATHEMATICS,PISA_mathematics,487.0843,+,country,A,outcome,primary_outcome
AUT,PISA,2022,PISA,2022.0,0.0,PISA_MATHEMATICS,PISA_mathematics,487.2675,+,country,A,outcome,primary_outcome
BEL,PISA,2022,PISA,2022.0,0.0,PISA_MATHEMATICS,PISA_mathematics,489.4868,+,country,A,outcome,primary_outcome
BGR,PISA,2022,PISA,2022.0,0.0,PISA_MATHEMATICS,PISA_mathematics,417.3039,+,country,A,outcome,primary_outcome
BRA,PISA,2022,PISA,2022.0,0.0,PISA_MATHEMATICS,PISA_mathematics,378.6914,+,country,A,outcome,primary_outcome
BRN,PISA,2022,PISA,2022.0,0.0,PISA_MATHEMATICS,PISA_mathematics,442.0931,+,country,A,outcome,primary_outcome
CAN,PISA,2022,PISA,2022.0,0.0,PISA_MATHEMATICS,PISA_mathematics,496.9479,+,country,A,outcome,primary_outcome
CHE,PISA,2022,PISA,2022.0,0.0,PISA_MATHEMATICS,PISA_mathematics,507.9906,+,country,A,outcome,primary_outcome
CHL,PISA,2022,PISA,2022.0,0.0,PISA_MATHEMATICS,PISA_mathematics,411.6966,+,country,A,outcome,primary_outcome
COL,PISA,2022,PISA,2022.0,0.0,PISA_MATHEMATICS,PISA_mathematics,382.6968,+,country,A,outcome,primary_outcome
CRI,PISA,2022,PISA,2022.0,0.0,PISA_MATHEMATICS,PISA_mathematics,384.576,+,country,A,outcome,primary_outcome
CZE,PISA,2022,PISA,2022.0,0.0,PISA_MATHEMATICS,PISA_mathematics,486.9992,+,country,A,outcome,primary_outcome
DEU,PISA,2022,PISA,2022.0,0.0,PISA_MATHEMATICS,PISA_mathematics,474.8265,+,country,A,outcome,primary_outcome
DNK,PISA,2022,PISA,2022.0,0.0,PISA_MATHEMATICS,PISA_mathematics,489.2739,+,country,A,outcome,primary_outcome
DOM,PISA,2022,PISA,2022.0,0.0,PISA_MATHEMATICS,PISA_mathematics,339.1072,+,country,A,outcome,primary_outcome
ESP,PISA,2022,PISA,2022.0,0.0,PISA_MATHEMATICS,PISA_mathematics,473.1402,+,country,A,outcome,primary_outcome
EST,PISA,2022,PISA,2022.0,0.0,PISA_MATHEMATICS,PISA_mathematics,509.947,+,country,A,outcome,primary_outcome
FIN,PISA,2022,PISA,2022.0,0.0,PISA_MATHEMATICS,PISA_mathematics,484.1392,+,country,A,outcome,primary_outcome
FRA,PISA,2022,PISA,2022.0,0.0,PISA_MATHEMATICS,PISA_mathematics,473.9444,+,country,A,outcome,primary_outcome
GBR,PISA,2022,PISA,2022.0,0.0,PISA_MATHEMATICS,PISA_mathematics,488.9751,+,country,A,outcome,primary_outcome
GEO,PISA,2022,PISA,2022.0,0.0,PISA_MATHEMATICS,PISA_mathematics,390.0242,+,country,A,outcome,primary_outcome
GRC,PISA,2022,PISA,2022.0,0.0,PISA_MATHEMATICS,PISA_mathematics,430.1463,+,country,A,outcome,primary_outcome
GTM,PISA,2022,PISA,2022.0,0.0,PISA_MATHEMATICS,PISA_mathematics,344.1995,+,country,A,outcome,primary_outcome
HKG,PISA,2022,PISA,2022.0,0.0,PISA_MATHEMATICS,PISA_mathematics,540.3518,+,country,A,outcome,primary_outcome
HRV,PISA,2022,PISA,2022.0,0.0,PISA_MATHEMATICS,PISA_mathematics,463.1052,+,country,A,outcome,primary_outcome
HUN,PISA,2022,PISA,2022.0,0.0,PISA_MATHEMATICS,PISA_mathematics,472.7761,+,country,A,outcome,primary_outcome
IDN,PISA,2022,PISA,2022.0,0.0,PISA_MATHEMATICS,PISA_mathematics,365.5253,+,country,A,outcome,primary_outcome
IRL,PISA,2022,PISA,2022.0,0.0,PISA_MATHEMATICS,PISA_mathematics,491.6483,+,country,A,outcome,primary_outcome
ISL,PISA,2022,PISA,2022.0,0.0,PISA_MATHEMATICS,PISA_mathematics,458.914,+,country,A,outcome,primary_outcome
ISR,PISA,2022,PISA,2022.0,0.0,PISA_MATHEMATICS,PISA_mathematics,457.8967,+,country,A,outcome,primary_outcome
ITA,PISA,2022,PISA,2022.0,0.0,PISA_MATHEMATICS,PISA_mathematics,471.2595,+,country,A,outcome,primary_outcome
JAM,PISA,2022,PISA,2022.0,0.0,PISA_MATHEMATICS,PISA_mathematics,377.4169,+,country,A,outcome,primary_outcome
JOR,PISA,2022,PISA,2022.0,0.0,PISA_MATHEMATICS,PISA_mathematics,361.228,+,country,A,outcome,primary_outcome
JPN,PISA,2022,PISA,2022.0,0.0,PISA_MATHEMATICS,PISA_mathematics,535.5793,+,country,A,outcome,primary_outcome
KAZ,PISA,2022,PISA,2022.0,0.0,PISA_MATHEMATICS,PISA_mathematics,425.4391,+,country,A,outcome,primary_outcome
KHM,PISA,2022,PISA,2022.0,0.0,PISA_MATHEMATICS,PISA_mathematics,336.396,+,country,A,outcome,primary_outcome
KOR,PISA,2022,PISA,2022.0,0.0,PISA_MATHEMATICS,PISA_mathematics,527.3025,+,country,A,outcome,primary_outcome
KSV,PISA,2022,PISA,2022.0,0.0,PISA_MATHEMATICS,PISA_mathematics,354.9624,+,country,A,outcome,primary_outcome
LTU,PISA,2022,PISA,2022.0,0.0,PISA_MATHEMATICS,PISA_mathematics,475.1468,+,country,A,outcome,primary_outcome
LVA,PISA,2022,PISA,2022.0,0.0,PISA_MATHEMATICS,PISA_mathematics,483.1595,+,country,A,outcome,primary_outcome
MAC,PISA,2022,PISA,2022.0,0.0,PISA_MATHEMATICS,PISA_mathematics,551.9232,+,country,A,outcome,primary_outcome
MAR,PISA,2022,PISA,2022.0,0.0,PISA_MATHEMATICS,PISA_mathematics,364.7662,+,country,A,outcome,primary_outcome
MDA,PISA,2022,PISA,2022.0,0.0,PISA_MATHEMATICS,PISA_mathematics,414.1981,+,country,A,outcome,primary_outcome
MEX,PISA,2022,PISA,2022.0,0.0,PISA_MATHEMATICS,PISA_mathematics,395.0299,+,country,A,outcome,primary_outcome
MKD,PISA,2022,PISA,2022.0,0.0,PISA_MATHEMATICS,PISA_mathematics,388.5755,+,country,A,outcome,primary_outcome
MLT,PISA,2022,PISA,2022.0,0.0,PISA_MATHEMATICS,PISA_mathematics,466.0161,+,country,A,outcome,primary_outcome
MNE,PISA,2022,PISA,2022.0,0.0,PISA_MATHEMATICS,PISA_mathematics,405.6012,+,country,A,outcome,primary_outcome
MNG,PISA,2022,PISA,2022.0,0.0,PISA_MATHEMATICS,PISA_mathematics,424.5931,+,country,A,outcome,primary_outcome
MYS,PISA,2022,PISA,2022.0,0.0,PISA_MATHEMATICS,PISA_mathematics,408.6874,+,country,A,outcome,primary_outcome
NLD,PISA,2022,PISA,2022.0,0.0,PISA_MATHEMATICS,PISA_mathematics,492.6756,+,country,A,outcome,primary_outcome
NOR,PISA,2022,PISA,2022.0,0.0,PISA_MATHEMATICS,PISA_mathematics,468.4499,+,country,A,outcome,primary_outcome
NZL,PISA,2022,PISA,2022.0,0.0,PISA_MATHEMATICS,PISA_mathematics,479.0742,+,country,A,outcome,primary_outcome
PAN,PISA,2022,PISA,2022.0,0.0,PISA_MATHEMATICS,PISA_mathematics,356.5735,+,country,A,outcome,primary_outcome
PER,PISA,2022,PISA,2022.0,0.0,PISA_MATHEMATICS,PISA_mathematics,391.2358,+,country,A,outcome,primary_outcome
PHL,PISA,2022,PISA,2022.0,0.0,PISA_MATHEMATICS,PISA_mathematics,354.7197,+,country,A,outcome,primary_outcome
POL,PISA,2022,PISA,2022.0,0.0,PISA_MATHEMATICS,PISA_mathematics,488.9601,+,country,A,outcome,primary_outcome
PRT,PISA,2022,PISA,2022.0,0.0,PISA_MATHEMATICS,PISA_mathematics,471.9105,+,country,A,outcome,primary_outcome
PRY,PISA,2022,PISA,2022.0,0.0,PISA_MATHEMATICS,PISA_mathematics,337.5398,+,country,A,outcome,primary_outcome
PSE,PISA,2022,PISA,2022.0,0.0,PISA_MATHEMATICS,PISA_mathematics,365.7467,+,country,A,outcome,primary_outcome
QAT,PISA,2022,PISA,2022.0,0.0,PISA_MATHEMATICS,PISA_mathematics,414.1062,+,country,A,outcome,primary_outcome
QAZ,PISA,2022,PISA,2022.0,0.0,PISA_MATHEMATICS,PISA_mathematics,396.8823,+,country,A,outcome,primary_outcome
QUR,PISA,2022,PISA,2022.0,0.0,PISA_MATHEMATICS,PISA_mathematics,440.8453,+,country,A,outcome,primary_outcome
ROU,PISA,2022,PISA,2022.0,0.0,PISA_MATHEMATICS,PISA_mathematics,427.76,+,country,A,outcome,primary_outcome
SAU,PISA,2022,PISA,2022.0,0.0,PISA_MATHEMATICS,PISA_mathematics,388.7816,+,country,A,outcome,primary_outcome
SGP,PISA,2022,PISA,2022.0,0.0,PISA_MATHEMATICS,PISA_mathematics,574.6638,+,country,A,outcome,primary_outcome
SLV,PISA,2022,PISA,2022.0,0.0,PISA_MATHEMATICS,PISA_mathematics,343.4691,+,country,A,outcome,primary_outcome
SRB,PISA,2022,PISA,2022.0,0.0,PISA_MATHEMATICS,PISA_mathematics,439.8767,+,country,A,outcome,primary_outcome
SVK,PISA,2022,PISA,2022.0,0.0,PISA_MATHEMATICS,PISA_mathematics,463.9946,+,country,A,outcome,primary_outcome
SVN,PISA,2022,PISA,2022.0,0.0,PISA_MATHEMATICS,PISA_mathematics,484.529,+,country,A,outcome,primary_outcome
SWE,PISA,2022,PISA,2022.0,0.0,PISA_MATHEMATICS,PISA_mathematics,481.7661,+,country,A,outcome,primary_outcome
TAP,PISA,2022,PISA,2022.0,0.0,PISA_MATHEMATICS,PISA_mathematics,547.0942,+,country,A,outcome,primary_outcome
THA,PISA,2022,PISA,2022.0,0.0,PISA_MATHEMATICS,PISA_mathematics,393.9454,+,country,A,outcome,primary_outcome
TUR,PISA,2022,PISA,2022.0,0.0,PISA_MATHEMATICS,PISA_mathematics,453.1518,+,country,A,outcome,primary_outcome
URY,PISA,2022,PISA,2022.0,0.0,PISA_MATHEMATICS,PISA_mathematics,408.7121,+,country,A,outcome,primary_outcome
USA,PISA,2022,PISA,2022.0,0.0,PISA_MATHEMATICS,PISA_mathematics,464.888,+,country,A,outcome,primary_outcome
UZB,PISA,2022,PISA,2022.0,0.0,PISA_MATHEMATICS,PISA_mathematics,363.9354,+,country,A,outcome,primary_outcome
VNM,PISA,2022,PISA,2022.0,0.0,PISA_MATHEMATICS,PISA_mathematics,469.4024,+,country,A,outcome,primary_outcome
ALB,PISA,2025,PISA,2025.0,0.0,PISA_MATHEMATICS,PISA_mathematics,432.8172,+,country,A,outcome,primary_outcome
ARE,PISA,2025,PISA,2025.0,0.0,PISA_MATHEMATICS,PISA_mathematics,452.5887,+,country,A,outcome,primary_outcome
ARG,PISA,2025,PISA,2025.0,0.0,PISA_MATHEMATICS,PISA_mathematics,366.8142,+,country,A,outcome,primary_outcome
ARM,PISA,2025,PISA,2025.0,0.0,PISA_MATHEMATICS,PISA_mathematics,375.7997,+,country,A,outcome,primary_outcome
AUS,PISA,2025,PISA,2025.0,0.0,PISA_MATHEMATICS,PISA_mathematics,477.5267,+,country,A,outcome,primary_outcome
AUT,PISA,2025,PISA,2025.0,0.0,PISA_MATHEMATICS,PISA_mathematics,477.1939,+,country,A,outcome,primary_outcome
AZE,PISA,2025,PISA,2025.0,0.0,PISA_MATHEMATICS,PISA_mathematics,422.3953,+,country,A,outcome,primary_outcome
BEL,PISA,2025,PISA,2025.0,0.0,PISA_MATHEMATICS,PISA_mathematics,479.6829,+,country,A,outcome,primary_outcome
BGR,PISA,2025,PISA,2025.0,0.0,PISA_MATHEMATICS,PISA_mathematics,405.0776,+,country,A,outcome,primary_outcome
BRA,PISA,2025,PISA,2025.0,0.0,PISA_MATHEMATICS,PISA_mathematics,376.7679,+,country,A,outcome,primary_outcome
BRN,PISA,2025,PISA,2025.0,0.0,PISA_MATHEMATICS,PISA_mathematics,435.1827,+,country,A,outcome,primary_outcome
CAN,PISA,2025,PISA,2025.0,0.0,PISA_MATHEMATICS,PISA_mathematics,485.3377,+,country,A,outcome,primary_outcome
CHE,PISA,2025,PISA,2025.0,0.0,PISA_MATHEMATICS,PISA_mathematics,499.147,+,country,A,outcome,primary_outcome
CHL,PISA,2025,PISA,2025.0,0.0,PISA_MATHEMATICS,PISA_mathematics,402.6452,+,country,A,outcome,primary_outcome
COL,PISA,2025,PISA,2025.0,0.0,PISA_MATHEMATICS,PISA_mathematics,380.5287,+,country,A,outcome,primary_outcome
CRI,PISA,2025,PISA,2025.0,0.0,PISA_MATHEMATICS,PISA_mathematics,387.0912,+,country,A,outcome,primary_outcome
CZE,PISA,2025,PISA,2025.0,0.0,PISA_MATHEMATICS,PISA_mathematics,477.148,+,country,A,outcome,primary_outcome
DEU,PISA,2025,PISA,2025.0,0.0,PISA_MATHEMATICS,PISA_mathematics,463.8057,+,country,A,outcome,primary_outcome
DNK,PISA,2025,PISA,2025.0,0.0,PISA_MATHEMATICS,PISA_mathematics,470.6275,+,country,A,outcome,primary_outcome
DOM,PISA,2025,PISA,2025.0,0.0,PISA_MATHEMATICS,PISA_mathematics,338.8295,+,country,A,outcome,primary_outcome
ECU,PISA,2025,PISA,2025.0,0.0,PISA_MATHEMATICS,PISA_mathematics,365.8394,+,country,A,outcome,primary_outcome
ESP,PISA,2025,PISA,2025.0,0.0,PISA_MATHEMATICS,PISA_mathematics,457.4489,+,country,A,outcome,primary_outcome
EST,PISA,2025,PISA,2025.0,0.0,PISA_MATHEMATICS,PISA_mathematics,507.8957,+,country,A,outcome,primary_outcome
FIN,PISA,2025,PISA,2025.0,0.0,PISA_MATHEMATICS,PISA_mathematics,468.6945,+,country,A,outcome,primary_outcome
FRA,PISA,2025,PISA,2025.0,0.0,PISA_MATHEMATICS,PISA_mathematics,457.655,+,country,A,outcome,primary_outcome
GBR,PISA,2025,PISA,2025.0,0.0,PISA_MATHEMATICS,PISA_mathematics,487.5737,+,country,A,outcome,primary_outcome
GEO,PISA,2025,PISA,2025.0,0.0,PISA_MATHEMATICS,PISA_mathematics,416.3627,+,country,A,outcome,primary_outcome
GRC,PISA,2025,PISA,2025.0,0.0,PISA_MATHEMATICS,PISA_mathematics,423.8522,+,country,A,outcome,primary_outcome
GTM,PISA,2025,PISA,2025.0,0.0,PISA_MATHEMATICS,PISA_mathematics,334.3025,+,country,A,outcome,primary_outcome
HKG,PISA,2025,PISA,2025.0,0.0,PISA_MATHEMATICS,PISA_mathematics,521.7078,+,country,A,outcome,primary_outcome
HRV,PISA,2025,PISA,2025.0,0.0,PISA_MATHEMATICS,PISA_mathematics,455.2917,+,country,A,outcome,primary_outcome
HUN,PISA,2025,PISA,2025.0,0.0,PISA_MATHEMATICS,PISA_mathematics,459.4885,+,country,A,outcome,primary_outcome
IDN,PISA,2025,PISA,2025.0,0.0,PISA_MATHEMATICS,PISA_mathematics,363.9017,+,country,A,outcome,primary_outcome
IRL,PISA,2025,PISA,2025.0,0.0,PISA_MATHEMATICS,PISA_mathematics,479.8747,+,country,A,outcome,primary_outcome
ISL,PISA,2025,PISA,2025.0,0.0,PISA_MATHEMATICS,PISA_mathematics,449.7303,+,country,A,outcome,primary_outcome
ISR,PISA,2025,PISA,2025.0,0.0,PISA_MATHEMATICS,PISA_mathematics,433.3749,+,country,A,outcome,primary_outcome
ITA,PISA,2025,PISA,2025.0,0.0,PISA_MATHEMATICS,PISA_mathematics,467.7626,+,country,A,outcome,primary_outcome
JOR,PISA,2025,PISA,2025.0,0.0,PISA_MATHEMATICS,PISA_mathematics,387.5613,+,country,A,outcome,primary_outcome
JPN,PISA,2025,PISA,2025.0,0.0,PISA_MATHEMATICS,PISA_mathematics,525.3758,+,country,A,outcome,primary_outcome
KAZ,PISA,2025,PISA,2025.0,0.0,PISA_MATHEMATICS,PISA_mathematics,413.7149,+,country,A,outcome,primary_outcome
KEN,PISA,2025,PISA,2025.0,0.0,PISA_MATHEMATICS,PISA_mathematics,325.9354,+,country,A,outcome,primary_outcome
KGZ,PISA,2025,PISA,2025.0,0.0,PISA_MATHEMATICS,PISA_mathematics,363.8064,+,country,A,outcome,primary_outcome
KHM,PISA,2025,PISA,2025.0,0.0,PISA_MATHEMATICS,PISA_mathematics,365.8417,+,country,A,outcome,primary_outcome
KOR,PISA,2025,PISA,2025.0,0.0,PISA_MATHEMATICS,PISA_mathematics,522.2978,+,country,A,outcome,primary_outcome
KSV,PISA,2025,PISA,2025.0,0.0,PISA_MATHEMATICS,PISA_mathematics,350.4395,+,country,A,outcome,primary_outcome
LBN,PISA,2025,PISA,2025.0,0.0,PISA_MATHEMATICS,PISA_mathematics,377.1381,+,country,A,outcome,primary_outcome
LTU,PISA,2025,PISA,2025.0,0.0,PISA_MATHEMATICS,PISA_mathematics,470.4915,+,country,A,outcome,primary_outcome
LUX,PISA,2025,PISA,2025.0,0.0,PISA_MATHEMATICS,PISA_mathematics,458.143,+,country,A,outcome,primary_outcome
LVA,PISA,2025,PISA,2025.0,0.0,PISA_MATHEMATICS,PISA_mathematics,460.4927,+,country,A,outcome,primary_outcome
MAC,PISA,2025,PISA,2025.0,0.0,PISA_MATHEMATICS,PISA_mathematics,549.3016,+,country,A,outcome,primary_outcome
MAR,PISA,2025,PISA,2025.0,0.0,PISA_MATHEMATICS,PISA_mathematics,354.7551,+,country,A,outcome,primary_outcome
MDA,PISA,2025,PISA,2025.0,0.0,PISA_MATHEMATICS,PISA_mathematics,410.1301,+,country,A,outcome,primary_outcome
MEX,PISA,2025,PISA,2025.0,0.0,PISA_MATHEMATICS,PISA_mathematics,387.5872,+,country,A,outcome,primary_outcome
MKD,PISA,2025,PISA,2025.0,0.0,PISA_MATHEMATICS,PISA_mathematics,379.792,+,country,A,outcome,primary_outcome
MLT,PISA,2025,PISA,2025.0,0.0,PISA_MATHEMATICS,PISA_mathematics,439.0827,+,country,A,outcome,primary_outcome
MNE,PISA,2025,PISA,2025.0,0.0,PISA_MATHEMATICS,PISA_mathematics,411.058,+,country,A,outcome,primary_outcome
MNG,PISA,2025,PISA,2025.0,0.0,PISA_MATHEMATICS,PISA_mathematics,418.6423,+,country,A,outcome,primary_outcome
MUS,PISA,2025,PISA,2025.0,0.0,PISA_MATHEMATICS,PISA_mathematics,406.8548,+,country,A,outcome,primary_outcome
MYS,PISA,2025,PISA,2025.0,0.0,PISA_MATHEMATICS,PISA_mathematics,397.4226,+,country,A,outcome,primary_outcome
NLD,PISA,2025,PISA,2025.0,0.0,PISA_MATHEMATICS,PISA_mathematics,483.2703,+,country,A,outcome,primary_outcome
NOR,PISA,2025,PISA,2025.0,0.0,PISA_MATHEMATICS,PISA_mathematics,451.7801,+,country,A,outcome,primary_outcome
NZL,PISA,2025,PISA,2025.0,0.0,PISA_MATHEMATICS,PISA_mathematics,479.6191,+,country,A,outcome,primary_outcome
PER,PISA,2025,PISA,2025.0,0.0,PISA_MATHEMATICS,PISA_mathematics,382.4394,+,country,A,outcome,primary_outcome
PHL,PISA,2025,PISA,2025.0,0.0,PISA_MATHEMATICS,PISA_mathematics,370.6309,+,country,A,outcome,primary_outcome
POL,PISA,2025,PISA,2025.0,0.0,PISA_MATHEMATICS,PISA_mathematics,484.1209,+,country,A,outcome,primary_outcome
PRT,PISA,2025,PISA,2025.0,0.0,PISA_MATHEMATICS,PISA_mathematics,459.943,+,country,A,outcome,primary_outcome
PRY,PISA,2025,PISA,2025.0,0.0,PISA_MATHEMATICS,PISA_mathematics,333.7307,+,country,A,outcome,primary_outcome
PSE,PISA,2025,PISA,2025.0,0.0,PISA_MATHEMATICS,PISA_mathematics,354.337,+,country,A,outcome,primary_outcome
QAT,PISA,2025,PISA,2025.0,0.0,PISA_MATHEMATICS,PISA_mathematics,416.1618,+,country,A,outcome,primary_outcome
QCI,PISA,2025,PISA,2025.0,0.0,PISA_MATHEMATICS,PISA_mathematics,612.4297,+,country,A,outcome,primary_outcome
QKI,PISA,2025,PISA,2025.0,0.0,PISA_MATHEMATICS,PISA_mathematics,338.7574,+,country,A,outcome,primary_outcome
QTJ,PISA,2025,PISA,2025.0,0.0,PISA_MATHEMATICS,PISA_mathematics,382.1373,+,country,A,outcome,primary_outcome
QUA,PISA,2025,PISA,2025.0,0.0,PISA_MATHEMATICS,PISA_mathematics,430.992,+,country,A,outcome,primary_outcome
ROU,PISA,2025,PISA,2025.0,0.0,PISA_MATHEMATICS,PISA_mathematics,419.1242,+,country,A,outcome,primary_outcome
RWA,PISA,2025,PISA,2025.0,0.0,PISA_MATHEMATICS,PISA_mathematics,311.6483,+,country,A,outcome,primary_outcome
SAU,PISA,2025,PISA,2025.0,0.0,PISA_MATHEMATICS,PISA_mathematics,389.8859,+,country,A,outcome,primary_outcome
SGP,PISA,2025,PISA,2025.0,0.0,PISA_MATHEMATICS,PISA_mathematics,562.8975,+,country,A,outcome,primary_outcome
SLV,PISA,2025,PISA,2025.0,0.0,PISA_MATHEMATICS,PISA_mathematics,346.2498,+,country,A,outcome,primary_outcome
SRB,PISA,2025,PISA,2025.0,0.0,PISA_MATHEMATICS,PISA_mathematics,416.7354,+,country,A,outcome,primary_outcome
SVK,PISA,2025,PISA,2025.0,0.0,PISA_MATHEMATICS,PISA_mathematics,469.0983,+,country,A,outcome,primary_outcome
SVN,PISA,2025,PISA,2025.0,0.0,PISA_MATHEMATICS,PISA_mathematics,459.8356,+,country,A,outcome,primary_outcome
SWE,PISA,2025,PISA,2025.0,0.0,PISA_MATHEMATICS,PISA_mathematics,464.2512,+,country,A,outcome,primary_outcome
TAP,PISA,2025,PISA,2025.0,0.0,PISA_MATHEMATICS,PISA_mathematics,546.1891,+,country,A,outcome,primary_outcome
THA,PISA,2025,PISA,2025.0,0.0,PISA_MATHEMATICS,PISA_mathematics,406.7648,+,country,A,outcome,primary_outcome
TUR,PISA,2025,PISA,2025.0,0.0,PISA_MATHEMATICS,PISA_mathematics,461.5466,+,country,A,outcome,primary_outcome
URY,PISA,2025,PISA,2025.0,0.0,PISA_MATHEMATICS,PISA_mathematics,404.8788,+,country,A,outcome,primary_outcome
USA,PISA,2025,PISA,2025.0,0.0,PISA_MATHEMATICS,PISA_mathematics,462.8478,+,country,A,outcome,primary_outcome
VNM,PISA,2025,PISA,2025.0,0.0,PISA_MATHEMATICS,PISA_mathematics,443.186,+,country,A,outcome,primary_outcome
ZMB,PISA,2025,PISA,2025.0,0.0,PISA_MATHEMATICS,PISA_mathematics,313.6333,+,country,A,outcome,primary_outcome
ALB,PISA,2015,PISA,2015.0,0.0,PISA_READING,PISA_reading,405.2588,+,country,A,outcome,primary_outcome
ARE,PISA,2015,PISA,2015.0,0.0,PISA_READING,PISA_reading,433.5423,+,country,A,outcome,primary_outcome
AUS,PISA,2015,PISA,2015.0,0.0,PISA_READING,PISA_reading,502.9006,+,country,A,outcome,primary_outcome
AUT,PISA,2015,PISA,2015.0,0.0,PISA_READING,PISA_reading,484.8656,+,country,A,outcome,primary_outcome
BEL,PISA,2015,PISA,2015.0,0.0,PISA_READING,PISA_reading,498.5242,+,country,A,outcome,primary_outcome
BGR,PISA,2015,PISA,2015.0,0.0,PISA_READING,PISA_reading,431.7175,+,country,A,outcome,primary_outcome
BRA,PISA,2015,PISA,2015.0,0.0,PISA_READING,PISA_reading,407.3486,+,country,A,outcome,primary_outcome
CAN,PISA,2015,PISA,2015.0,0.0,PISA_READING,PISA_reading,526.6678,+,country,A,outcome,primary_outcome
CHE,PISA,2015,PISA,2015.0,0.0,PISA_READING,PISA_reading,492.1982,+,country,A,outcome,primary_outcome
CHL,PISA,2015,PISA,2015.0,0.0,PISA_READING,PISA_reading,458.5709,+,country,A,outcome,primary_outcome
COL,PISA,2015,PISA,2015.0,0.0,PISA_READING,PISA_reading,424.9052,+,country,A,outcome,primary_outcome
CRI,PISA,2015,PISA,2015.0,0.0,PISA_READING,PISA_reading,427.4875,+,country,A,outcome,primary_outcome
CZE,PISA,2015,PISA,2015.0,0.0,PISA_READING,PISA_reading,487.2501,+,country,A,outcome,primary_outcome
DEU,PISA,2015,PISA,2015.0,0.0,PISA_READING,PISA_reading,509.1041,+,country,A,outcome,primary_outcome
DNK,PISA,2015,PISA,2015.0,0.0,PISA_READING,PISA_reading,499.8146,+,country,A,outcome,primary_outcome
DOM,PISA,2015,PISA,2015.0,0.0,PISA_READING,PISA_reading,357.7377,+,country,A,outcome,primary_outcome
DZA,PISA,2015,PISA,2015.0,0.0,PISA_READING,PISA_reading,349.8593,+,country,A,outcome,primary_outcome
ESP,PISA,2015,PISA,2015.0,0.0,PISA_READING,PISA_reading,495.5764,+,country,A,outcome,primary_outcome
EST,PISA,2015,PISA,2015.0,0.0,PISA_READING,PISA_reading,519.1429,+,country,A,outcome,primary_outcome
FIN,PISA,2015,PISA,2015.0,0.0,PISA_READING,PISA_reading,526.4247,+,country,A,outcome,primary_outcome
FRA,PISA,2015,PISA,2015.0,0.0,PISA_READING,PISA_reading,499.3061,+,country,A,outcome,primary_outcome
GBR,PISA,2015,PISA,2015.0,0.0,PISA_READING,PISA_reading,497.9719,+,country,A,outcome,primary_outcome
GEO,PISA,2015,PISA,2015.0,0.0,PISA_READING,PISA_reading,401.2881,+,country,A,outcome,primary_outcome
GRC,PISA,2015,PISA,2015.0,0.0,PISA_READING,PISA_reading,467.0395,+,country,A,outcome,primary_outcome
HKG,PISA,2015,PISA,2015.0,0.0,PISA_READING,PISA_reading,526.6753,+,country,A,outcome,primary_outcome
HRV,PISA,2015,PISA,2015.0,0.0,PISA_READING,PISA_reading,486.8632,+,country,A,outcome,primary_outcome
HUN,PISA,2015,PISA,2015.0,0.0,PISA_READING,PISA_reading,469.5233,+,country,A,outcome,primary_outcome
IDN,PISA,2015,PISA,2015.0,0.0,PISA_READING,PISA_reading,397.2595,+,country,A,outcome,primary_outcome
IRL,PISA,2015,PISA,2015.0,0.0,PISA_READING,PISA_reading,520.8148,+,country,A,outcome,primary_outcome
ISL,PISA,2015,PISA,2015.0,0.0,PISA_READING,PISA_reading,481.5255,+,country,A,outcome,primary_outcome
ISR,PISA,2015,PISA,2015.0,0.0,PISA_READING,PISA_reading,478.9606,+,country,A,outcome,primary_outcome
ITA,PISA,2015,PISA,2015.0,0.0,PISA_READING,PISA_reading,484.758,+,country,A,outcome,primary_outcome
JOR,PISA,2015,PISA,2015.0,0.0,PISA_READING,PISA_reading,408.1022,+,country,A,outcome,primary_outcome
JPN,PISA,2015,PISA,2015.0,0.0,PISA_READING,PISA_reading,515.9585,+,country,A,outcome,primary_outcome
KOR,PISA,2015,PISA,2015.0,0.0,PISA_READING,PISA_reading,517.4367,+,country,A,outcome,primary_outcome
KSV,PISA,2015,PISA,2015.0,0.0,PISA_READING,PISA_reading,347.1259,+,country,A,outcome,primary_outcome
LBN,PISA,2015,PISA,2015.0,0.0,PISA_READING,PISA_reading,346.549,+,country,A,outcome,primary_outcome
LTU,PISA,2015,PISA,2015.0,0.0,PISA_READING,PISA_reading,472.4066,+,country,A,outcome,primary_outcome
LUX,PISA,2015,PISA,2015.0,0.0,PISA_READING,PISA_reading,481.4391,+,country,A,outcome,primary_outcome
LVA,PISA,2015,PISA,2015.0,0.0,PISA_READING,PISA_reading,487.7581,+,country,A,outcome,primary_outcome
MAC,PISA,2015,PISA,2015.0,0.0,PISA_READING,PISA_reading,508.6905,+,country,A,outcome,primary_outcome
MDA,PISA,2015,PISA,2015.0,0.0,PISA_READING,PISA_reading,416.2293,+,country,A,outcome,primary_outcome
MEX,PISA,2015,PISA,2015.0,0.0,PISA_READING,PISA_reading,423.2765,+,country,A,outcome,primary_outcome
MKD,PISA,2015,PISA,2015.0,0.0,PISA_READING,PISA_reading,351.7415,+,country,A,outcome,primary_outcome
MLT,PISA,2015,PISA,2015.0,0.0,PISA_READING,PISA_reading,446.6661,+,country,A,outcome,primary_outcome
MNE,PISA,2015,PISA,2015.0,0.0,PISA_READING,PISA_reading,426.8845,+,country,A,outcome,primary_outcome
NLD,PISA,2015,PISA,2015.0,0.0,PISA_READING,PISA_reading,502.9591,+,country,A,outcome,primary_outcome
NOR,PISA,2015,PISA,2015.0,0.0,PISA_READING,PISA_reading,513.1912,+,country,A,outcome,primary_outcome
NZL,PISA,2015,PISA,2015.0,0.0,PISA_READING,PISA_reading,509.2707,+,country,A,outcome,primary_outcome
PER,PISA,2015,PISA,2015.0,0.0,PISA_READING,PISA_reading,397.5414,+,country,A,outcome,primary_outcome
POL,PISA,2015,PISA,2015.0,0.0,PISA_READING,PISA_reading,505.6971,+,country,A,outcome,primary_outcome
PRT,PISA,2015,PISA,2015.0,0.0,PISA_READING,PISA_reading,498.1289,+,country,A,outcome,primary_outcome
QAR,PISA,2015,PISA,2015.0,0.0,PISA_READING,PISA_reading,475.3323,+,country,A,outcome,primary_outcome
QAT,PISA,2015,PISA,2015.0,0.0,PISA_READING,PISA_reading,401.8873,+,country,A,outcome,primary_outcome
QCH,PISA,2015,PISA,2015.0,0.0,PISA_READING,PISA_reading,493.9412,+,country,A,outcome,primary_outcome
QES,PISA,2015,PISA,2015.0,0.0,PISA_READING,PISA_reading,497.1851,+,country,A,outcome,primary_outcome
QUC,PISA,2015,PISA,2015.0,0.0,PISA_READING,PISA_reading,527.0359,+,country,A,outcome,primary_outcome
QUD,PISA,2015,PISA,2015.0,0.0,PISA_READING,PISA_reading,410.0004,+,country,A,outcome,primary_outcome
QUE,PISA,2015,PISA,2015.0,0.0,PISA_READING,PISA_reading,499.921,+,country,A,outcome,primary_outcome
ROU,PISA,2015,PISA,2015.0,0.0,PISA_READING,PISA_reading,433.6166,+,country,A,outcome,primary_outcome
RUS,PISA,2015,PISA,2015.0,0.0,PISA_READING,PISA_reading,494.6278,+,country,A,outcome,primary_outcome
SGP,PISA,2015,PISA,2015.0,0.0,PISA_READING,PISA_reading,535.1002,+,country,A,outcome,primary_outcome
SVK,PISA,2015,PISA,2015.0,0.0,PISA_READING,PISA_reading,452.5143,+,country,A,outcome,primary_outcome
SVN,PISA,2015,PISA,2015.0,0.0,PISA_READING,PISA_reading,505.2159,+,country,A,outcome,primary_outcome
SWE,PISA,2015,PISA,2015.0,0.0,PISA_READING,PISA_reading,500.1556,+,country,A,outcome,primary_outcome
TAP,PISA,2015,PISA,2015.0,0.0,PISA_READING,PISA_reading,497.0991,+,country,A,outcome,primary_outcome
THA,PISA,2015,PISA,2015.0,0.0,PISA_READING,PISA_reading,409.1301,+,country,A,outcome,primary_outcome
TTO,PISA,2015,PISA,2015.0,0.0,PISA_READING,PISA_reading,427.2733,+,country,A,outcome,primary_outcome
TUN,PISA,2015,PISA,2015.0,0.0,PISA_READING,PISA_reading,361.0555,+,country,A,outcome,primary_outcome
TUR,PISA,2015,PISA,2015.0,0.0,PISA_READING,PISA_reading,428.3351,+,country,A,outcome,primary_outcome
URY,PISA,2015,PISA,2015.0,0.0,PISA_READING,PISA_reading,436.5721,+,country,A,outcome,primary_outcome
USA,PISA,2015,PISA,2015.0,0.0,PISA_READING,PISA_reading,496.9351,+,country,A,outcome,primary_outcome
VNM,PISA,2015,PISA,2015.0,0.0,PISA_READING,PISA_reading,486.7738,+,country,A,outcome,primary_outcome
ALB,PISA,2022,PISA,2022.0,0.0,PISA_READING,PISA_reading,358.4348,+,country,A,outcome,primary_outcome
ARE,PISA,2022,PISA,2022.0,0.0,PISA_READING,PISA_reading,417.3497,+,country,A,outcome,primary_outcome
ARG,PISA,2022,PISA,2022.0,0.0,PISA_READING,PISA_reading,400.744,+,country,A,outcome,primary_outcome
AUS,PISA,2022,PISA,2022.0,0.0,PISA_READING,PISA_reading,498.0509,+,country,A,outcome,primary_outcome
AUT,PISA,2022,PISA,2022.0,0.0,PISA_READING,PISA_reading,480.4058,+,country,A,outcome,primary_outcome
BEL,PISA,2022,PISA,2022.0,0.0,PISA_READING,PISA_reading,478.8527,+,country,A,outcome,primary_outcome
BGR,PISA,2022,PISA,2022.0,0.0,PISA_READING,PISA_reading,404.3037,+,country,A,outcome,primary_outcome
BRA,PISA,2022,PISA,2022.0,0.0,PISA_READING,PISA_reading,410.357,+,country,A,outcome,primary_outcome
BRN,PISA,2022,PISA,2022.0,0.0,PISA_READING,PISA_reading,429.2319,+,country,A,outcome,primary_outcome
CAN,PISA,2022,PISA,2022.0,0.0,PISA_READING,PISA_reading,507.1329,+,country,A,outcome,primary_outcome
CHE,PISA,2022,PISA,2022.0,0.0,PISA_READING,PISA_reading,483.3317,+,country,A,outcome,primary_outcome
CHL,PISA,2022,PISA,2022.0,0.0,PISA_READING,PISA_reading,447.979,+,country,A,outcome,primary_outcome
COL,PISA,2022,PISA,2022.0,0.0,PISA_READING,PISA_reading,408.665,+,country,A,outcome,primary_outcome
CRI,PISA,2022,PISA,2022.0,0.0,PISA_READING,PISA_reading,415.2331,+,country,A,outcome,primary_outcome
CZE,PISA,2022,PISA,2022.0,0.0,PISA_READING,PISA_reading,488.6037,+,country,A,outcome,primary_outcome
DEU,PISA,2022,PISA,2022.0,0.0,PISA_READING,PISA_reading,479.794,+,country,A,outcome,primary_outcome
DNK,PISA,2022,PISA,2022.0,0.0,PISA_READING,PISA_reading,488.801,+,country,A,outcome,primary_outcome
DOM,PISA,2022,PISA,2022.0,0.0,PISA_READING,PISA_reading,351.3123,+,country,A,outcome,primary_outcome
ESP,PISA,2022,PISA,2022.0,0.0,PISA_READING,PISA_reading,474.3071,+,country,A,outcome,primary_outcome
EST,PISA,2022,PISA,2022.0,0.0,PISA_READING,PISA_reading,511.0303,+,country,A,outcome,primary_outcome
FIN,PISA,2022,PISA,2022.0,0.0,PISA_READING,PISA_reading,490.2177,+,country,A,outcome,primary_outcome
FRA,PISA,2022,PISA,2022.0,0.0,PISA_READING,PISA_reading,473.8522,+,country,A,outcome,primary_outcome
GBR,PISA,2022,PISA,2022.0,0.0,PISA_READING,PISA_reading,494.4046,+,country,A,outcome,primary_outcome
GEO,PISA,2022,PISA,2022.0,0.0,PISA_READING,PISA_reading,373.8584,+,country,A,outcome,primary_outcome
GRC,PISA,2022,PISA,2022.0,0.0,PISA_READING,PISA_reading,438.4406,+,country,A,outcome,primary_outcome
GTM,PISA,2022,PISA,2022.0,0.0,PISA_READING,PISA_reading,374.1219,+,country,A,outcome,primary_outcome
HKG,PISA,2022,PISA,2022.0,0.0,PISA_READING,PISA_reading,499.7013,+,country,A,outcome,primary_outcome
HRV,PISA,2022,PISA,2022.0,0.0,PISA_READING,PISA_reading,475.4989,+,country,A,outcome,primary_outcome
HUN,PISA,2022,PISA,2022.0,0.0,PISA_READING,PISA_reading,472.9747,+,country,A,outcome,primary_outcome
IDN,PISA,2022,PISA,2022.0,0.0,PISA_READING,PISA_reading,358.5699,+,country,A,outcome,primary_outcome
IRL,PISA,2022,PISA,2022.0,0.0,PISA_READING,PISA_reading,516.01,+,country,A,outcome,primary_outcome
ISL,PISA,2022,PISA,2022.0,0.0,PISA_READING,PISA_reading,435.923,+,country,A,outcome,primary_outcome
ISR,PISA,2022,PISA,2022.0,0.0,PISA_READING,PISA_reading,473.8327,+,country,A,outcome,primary_outcome
ITA,PISA,2022,PISA,2022.0,0.0,PISA_READING,PISA_reading,481.5983,+,country,A,outcome,primary_outcome
JAM,PISA,2022,PISA,2022.0,0.0,PISA_READING,PISA_reading,409.6328,+,country,A,outcome,primary_outcome
JOR,PISA,2022,PISA,2022.0,0.0,PISA_READING,PISA_reading,342.1658,+,country,A,outcome,primary_outcome
JPN,PISA,2022,PISA,2022.0,0.0,PISA_READING,PISA_reading,515.8546,+,country,A,outcome,primary_outcome
KAZ,PISA,2022,PISA,2022.0,0.0,PISA_READING,PISA_reading,386.2847,+,country,A,outcome,primary_outcome
KHM,PISA,2022,PISA,2022.0,0.0,PISA_READING,PISA_reading,328.8428,+,country,A,outcome,primary_outcome
KOR,PISA,2022,PISA,2022.0,0.0,PISA_READING,PISA_reading,515.4154,+,country,A,outcome,primary_outcome
KSV,PISA,2022,PISA,2022.0,0.0,PISA_READING,PISA_reading,342.1944,+,country,A,outcome,primary_outcome
LTU,PISA,2022,PISA,2022.0,0.0,PISA_READING,PISA_reading,471.8342,+,country,A,outcome,primary_outcome
LVA,PISA,2022,PISA,2022.0,0.0,PISA_READING,PISA_reading,474.5687,+,country,A,outcome,primary_outcome
MAC,PISA,2022,PISA,2022.0,0.0,PISA_READING,PISA_reading,510.4051,+,country,A,outcome,primary_outcome
MAR,PISA,2022,PISA,2022.0,0.0,PISA_READING,PISA_reading,339.3649,+,country,A,outcome,primary_outcome
MDA,PISA,2022,PISA,2022.0,0.0,PISA_READING,PISA_reading,410.9354,+,country,A,outcome,primary_outcome
MEX,PISA,2022,PISA,2022.0,0.0,PISA_READING,PISA_reading,415.359,+,country,A,outcome,primary_outcome
MKD,PISA,2022,PISA,2022.0,0.0,PISA_READING,PISA_reading,358.5221,+,country,A,outcome,primary_outcome
MLT,PISA,2022,PISA,2022.0,0.0,PISA_READING,PISA_reading,445.2988,+,country,A,outcome,primary_outcome
MNE,PISA,2022,PISA,2022.0,0.0,PISA_READING,PISA_reading,405.0205,+,country,A,outcome,primary_outcome
MNG,PISA,2022,PISA,2022.0,0.0,PISA_READING,PISA_reading,378.4199,+,country,A,outcome,primary_outcome
MYS,PISA,2022,PISA,2022.0,0.0,PISA_READING,PISA_reading,388.0878,+,country,A,outcome,primary_outcome
NLD,PISA,2022,PISA,2022.0,0.0,PISA_READING,PISA_reading,459.2429,+,country,A,outcome,primary_outcome
NOR,PISA,2022,PISA,2022.0,0.0,PISA_READING,PISA_reading,476.5239,+,country,A,outcome,primary_outcome
NZL,PISA,2022,PISA,2022.0,0.0,PISA_READING,PISA_reading,500.853,+,country,A,outcome,primary_outcome
PAN,PISA,2022,PISA,2022.0,0.0,PISA_READING,PISA_reading,391.9534,+,country,A,outcome,primary_outcome
PER,PISA,2022,PISA,2022.0,0.0,PISA_READING,PISA_reading,408.2479,+,country,A,outcome,primary_outcome
PHL,PISA,2022,PISA,2022.0,0.0,PISA_READING,PISA_reading,346.5474,+,country,A,outcome,primary_outcome
POL,PISA,2022,PISA,2022.0,0.0,PISA_READING,PISA_reading,488.7136,+,country,A,outcome,primary_outcome
PRT,PISA,2022,PISA,2022.0,0.0,PISA_READING,PISA_reading,476.5886,+,country,A,outcome,primary_outcome
PRY,PISA,2022,PISA,2022.0,0.0,PISA_READING,PISA_reading,373.1557,+,country,A,outcome,primary_outcome
PSE,PISA,2022,PISA,2022.0,0.0,PISA_READING,PISA_reading,349.1571,+,country,A,outcome,primary_outcome
QAT,PISA,2022,PISA,2022.0,0.0,PISA_READING,PISA_reading,419.3043,+,country,A,outcome,primary_outcome
QAZ,PISA,2022,PISA,2022.0,0.0,PISA_READING,PISA_reading,365.2139,+,country,A,outcome,primary_outcome
QUR,PISA,2022,PISA,2022.0,0.0,PISA_READING,PISA_reading,427.527,+,country,A,outcome,primary_outcome
ROU,PISA,2022,PISA,2022.0,0.0,PISA_READING,PISA_reading,428.496,+,country,A,outcome,primary_outcome
SAU,PISA,2022,PISA,2022.0,0.0,PISA_READING,PISA_reading,382.551,+,country,A,outcome,primary_outcome
SGP,PISA,2022,PISA,2022.0,0.0,PISA_READING,PISA_reading,542.5533,+,country,A,outcome,primary_outcome
SLV,PISA,2022,PISA,2022.0,0.0,PISA_READING,PISA_reading,364.9036,+,country,A,outcome,primary_outcome
SRB,PISA,2022,PISA,2022.0,0.0,PISA_READING,PISA_reading,440.355,+,country,A,outcome,primary_outcome
SVK,PISA,2022,PISA,2022.0,0.0,PISA_READING,PISA_reading,446.8606,+,country,A,outcome,primary_outcome
SVN,PISA,2022,PISA,2022.0,0.0,PISA_READING,PISA_reading,468.536,+,country,A,outcome,primary_outcome
SWE,PISA,2022,PISA,2022.0,0.0,PISA_READING,PISA_reading,486.9752,+,country,A,outcome,primary_outcome
TAP,PISA,2022,PISA,2022.0,0.0,PISA_READING,PISA_reading,515.1673,+,country,A,outcome,primary_outcome
THA,PISA,2022,PISA,2022.0,0.0,PISA_READING,PISA_reading,378.663,+,country,A,outcome,primary_outcome
TUR,PISA,2022,PISA,2022.0,0.0,PISA_READING,PISA_reading,456.084,+,country,A,outcome,primary_outcome
URY,PISA,2022,PISA,2022.0,0.0,PISA_READING,PISA_reading,430.3597,+,country,A,outcome,primary_outcome
USA,PISA,2022,PISA,2022.0,0.0,PISA_READING,PISA_reading,503.9376,+,country,A,outcome,primary_outcome
UZB,PISA,2022,PISA,2022.0,0.0,PISA_READING,PISA_reading,335.5049,+,country,A,outcome,primary_outcome
VNM,PISA,2022,PISA,2022.0,0.0,PISA_READING,PISA_reading,461.888,+,country,A,outcome,primary_outcome
ALB,PISA,2025,PISA,2025.0,0.0,PISA_READING,PISA_reading,407.641,+,country,A,outcome,primary_outcome
ARE,PISA,2025,PISA,2025.0,0.0,PISA_READING,PISA_reading,432.8108,+,country,A,outcome,primary_outcome
ARG,PISA,2025,PISA,2025.0,0.0,PISA_READING,PISA_reading,388.7043,+,country,A,outcome,primary_outcome
ARM,PISA,2025,PISA,2025.0,0.0,PISA_READING,PISA_reading,348.2857,+,country,A,outcome,primary_outcome
AUS,PISA,2025,PISA,2025.0,0.0,PISA_READING,PISA_reading,490.8633,+,country,A,outcome,primary_outcome
AUT,PISA,2025,PISA,2025.0,0.0,PISA_READING,PISA_reading,467.2117,+,country,A,outcome,primary_outcome
AZE,PISA,2025,PISA,2025.0,0.0,PISA_READING,PISA_reading,373.5706,+,country,A,outcome,primary_outcome
BEL,PISA,2025,PISA,2025.0,0.0,PISA_READING,PISA_reading,466.3396,+,country,A,outcome,primary_outcome
BGR,PISA,2025,PISA,2025.0,0.0,PISA_READING,PISA_reading,386.6448,+,country,A,outcome,primary_outcome
BRA,PISA,2025,PISA,2025.0,0.0,PISA_READING,PISA_reading,408.0083,+,country,A,outcome,primary_outcome
BRN,PISA,2025,PISA,2025.0,0.0,PISA_READING,PISA_reading,425.6809,+,country,A,outcome,primary_outcome
CAN,PISA,2025,PISA,2025.0,0.0,PISA_READING,PISA_reading,489.8256,+,country,A,outcome,primary_outcome
CHE,PISA,2025,PISA,2025.0,0.0,PISA_READING,PISA_reading,470.0529,+,country,A,outcome,primary_outcome
CHL,PISA,2025,PISA,2025.0,0.0,PISA_READING,PISA_reading,435.6558,+,country,A,outcome,primary_outcome
COL,PISA,2025,PISA,2025.0,0.0,PISA_READING,PISA_reading,399.2673,+,country,A,outcome,primary_outcome
CRI,PISA,2025,PISA,2025.0,0.0,PISA_READING,PISA_reading,416.0353,+,country,A,outcome,primary_outcome
CZE,PISA,2025,PISA,2025.0,0.0,PISA_READING,PISA_reading,468.3567,+,country,A,outcome,primary_outcome
DEU,PISA,2025,PISA,2025.0,0.0,PISA_READING,PISA_reading,465.2821,+,country,A,outcome,primary_outcome
DNK,PISA,2025,PISA,2025.0,0.0,PISA_READING,PISA_reading,460.0095,+,country,A,outcome,primary_outcome
DOM,PISA,2025,PISA,2025.0,0.0,PISA_READING,PISA_reading,345.5421,+,country,A,outcome,primary_outcome
ECU,PISA,2025,PISA,2025.0,0.0,PISA_READING,PISA_reading,384.998,+,country,A,outcome,primary_outcome
ESP,PISA,2025,PISA,2025.0,0.0,PISA_READING,PISA_reading,451.3558,+,country,A,outcome,primary_outcome
EST,PISA,2025,PISA,2025.0,0.0,PISA_READING,PISA_reading,499.2443,+,country,A,outcome,primary_outcome
FIN,PISA,2025,PISA,2025.0,0.0,PISA_READING,PISA_reading,474.2973,+,country,A,outcome,primary_outcome
FRA,PISA,2025,PISA,2025.0,0.0,PISA_READING,PISA_reading,456.3345,+,country,A,outcome,primary_outcome
GBR,PISA,2025,PISA,2025.0,0.0,PISA_READING,PISA_reading,494.2309,+,country,A,outcome,primary_outcome
GEO,PISA,2025,PISA,2025.0,0.0,PISA_READING,PISA_reading,384.1786,+,country,A,outcome,primary_outcome
GRC,PISA,2025,PISA,2025.0,0.0,PISA_READING,PISA_reading,422.6626,+,country,A,outcome,primary_outcome
GTM,PISA,2025,PISA,2025.0,0.0,PISA_READING,PISA_reading,337.0808,+,country,A,outcome,primary_outcome
HKG,PISA,2025,PISA,2025.0,0.0,PISA_READING,PISA_reading,480.1207,+,country,A,outcome,primary_outcome
HRV,PISA,2025,PISA,2025.0,0.0,PISA_READING,PISA_reading,453.3873,+,country,A,outcome,primary_outcome
HUN,PISA,2025,PISA,2025.0,0.0,PISA_READING,PISA_reading,452.3063,+,country,A,outcome,primary_outcome
IDN,PISA,2025,PISA,2025.0,0.0,PISA_READING,PISA_reading,365.2053,+,country,A,outcome,primary_outcome
IRL,PISA,2025,PISA,2025.0,0.0,PISA_READING,PISA_reading,500.4472,+,country,A,outcome,primary_outcome
ISL,PISA,2025,PISA,2025.0,0.0,PISA_READING,PISA_reading,422.2851,+,country,A,outcome,primary_outcome
ISR,PISA,2025,PISA,2025.0,0.0,PISA_READING,PISA_reading,435.8378,+,country,A,outcome,primary_outcome
ITA,PISA,2025,PISA,2025.0,0.0,PISA_READING,PISA_reading,474.2896,+,country,A,outcome,primary_outcome
JOR,PISA,2025,PISA,2025.0,0.0,PISA_READING,PISA_reading,362.5982,+,country,A,outcome,primary_outcome
JPN,PISA,2025,PISA,2025.0,0.0,PISA_READING,PISA_reading,502.7145,+,country,A,outcome,primary_outcome
KAZ,PISA,2025,PISA,2025.0,0.0,PISA_READING,PISA_reading,384.7981,+,country,A,outcome,primary_outcome
KEN,PISA,2025,PISA,2025.0,0.0,PISA_READING,PISA_reading,320.214,+,country,A,outcome,primary_outcome
KGZ,PISA,2025,PISA,2025.0,0.0,PISA_READING,PISA_reading,344.3976,+,country,A,outcome,primary_outcome
KHM,PISA,2025,PISA,2025.0,0.0,PISA_READING,PISA_reading,347.2263,+,country,A,outcome,primary_outcome
KOR,PISA,2025,PISA,2025.0,0.0,PISA_READING,PISA_reading,500.5606,+,country,A,outcome,primary_outcome
KSV,PISA,2025,PISA,2025.0,0.0,PISA_READING,PISA_reading,340.4644,+,country,A,outcome,primary_outcome
LBN,PISA,2025,PISA,2025.0,0.0,PISA_READING,PISA_reading,330.9027,+,country,A,outcome,primary_outcome
LTU,PISA,2025,PISA,2025.0,0.0,PISA_READING,PISA_reading,464.0538,+,country,A,outcome,primary_outcome
LUX,PISA,2025,PISA,2025.0,0.0,PISA_READING,PISA_reading,443.2322,+,country,A,outcome,primary_outcome
LVA,PISA,2025,PISA,2025.0,0.0,PISA_READING,PISA_reading,429.6787,+,country,A,outcome,primary_outcome
MAC,PISA,2025,PISA,2025.0,0.0,PISA_READING,PISA_reading,501.0536,+,country,A,outcome,primary_outcome
MAR,PISA,2025,PISA,2025.0,0.0,PISA_READING,PISA_reading,321.1271,+,country,A,outcome,primary_outcome
MDA,PISA,2025,PISA,2025.0,0.0,PISA_READING,PISA_reading,403.7011,+,country,A,outcome,primary_outcome
MEX,PISA,2025,PISA,2025.0,0.0,PISA_READING,PISA_reading,407.9376,+,country,A,outcome,primary_outcome
MKD,PISA,2025,PISA,2025.0,0.0,PISA_READING,PISA_reading,357.4437,+,country,A,outcome,primary_outcome
MLT,PISA,2025,PISA,2025.0,0.0,PISA_READING,PISA_reading,414.6257,+,country,A,outcome,primary_outcome
MNE,PISA,2025,PISA,2025.0,0.0,PISA_READING,PISA_reading,418.3713,+,country,A,outcome,primary_outcome
MNG,PISA,2025,PISA,2025.0,0.0,PISA_READING,PISA_reading,374.2527,+,country,A,outcome,primary_outcome
MUS,PISA,2025,PISA,2025.0,0.0,PISA_READING,PISA_reading,405.3334,+,country,A,outcome,primary_outcome
MYS,PISA,2025,PISA,2025.0,0.0,PISA_READING,PISA_reading,392.7719,+,country,A,outcome,primary_outcome
NLD,PISA,2025,PISA,2025.0,0.0,PISA_READING,PISA_reading,441.3449,+,country,A,outcome,primary_outcome
NOR,PISA,2025,PISA,2025.0,0.0,PISA_READING,PISA_reading,452.8013,+,country,A,outcome,primary_outcome
NZL,PISA,2025,PISA,2025.0,0.0,PISA_READING,PISA_reading,497.0445,+,country,A,outcome,primary_outcome
PER,PISA,2025,PISA,2025.0,0.0,PISA_READING,PISA_reading,390.1372,+,country,A,outcome,primary_outcome
PHL,PISA,2025,PISA,2025.0,0.0,PISA_READING,PISA_reading,366.9185,+,country,A,outcome,primary_outcome
POL,PISA,2025,PISA,2025.0,0.0,PISA_READING,PISA_reading,481.5374,+,country,A,outcome,primary_outcome
PRT,PISA,2025,PISA,2025.0,0.0,PISA_READING,PISA_reading,462.0274,+,country,A,outcome,primary_outcome
PRY,PISA,2025,PISA,2025.0,0.0,PISA_READING,PISA_reading,352.2158,+,country,A,outcome,primary_outcome
PSE,PISA,2025,PISA,2025.0,0.0,PISA_READING,PISA_reading,349.8762,+,country,A,outcome,primary_outcome
QAT,PISA,2025,PISA,2025.0,0.0,PISA_READING,PISA_reading,418.0284,+,country,A,outcome,primary_outcome
QCI,PISA,2025,PISA,2025.0,0.0,PISA_READING,PISA_reading,526.5182,+,country,A,outcome,primary_outcome
QKI,PISA,2025,PISA,2025.0,0.0,PISA_READING,PISA_reading,311.5303,+,country,A,outcome,primary_outcome
QTJ,PISA,2025,PISA,2025.0,0.0,PISA_READING,PISA_reading,368.0838,+,country,A,outcome,primary_outcome
QUA,PISA,2025,PISA,2025.0,0.0,PISA_READING,PISA_reading,418.4229,+,country,A,outcome,primary_outcome
ROU,PISA,2025,PISA,2025.0,0.0,PISA_READING,PISA_reading,412.9495,+,country,A,outcome,primary_outcome
RWA,PISA,2025,PISA,2025.0,0.0,PISA_READING,PISA_reading,300.9439,+,country,A,outcome,primary_outcome
SAU,PISA,2025,PISA,2025.0,0.0,PISA_READING,PISA_reading,387.2841,+,country,A,outcome,primary_outcome
SGP,PISA,2025,PISA,2025.0,0.0,PISA_READING,PISA_reading,534.9,+,country,A,outcome,primary_outcome
SLV,PISA,2025,PISA,2025.0,0.0,PISA_READING,PISA_reading,366.4317,+,country,A,outcome,primary_outcome
SRB,PISA,2025,PISA,2025.0,0.0,PISA_READING,PISA_reading,414.5985,+,country,A,outcome,primary_outcome
SVK,PISA,2025,PISA,2025.0,0.0,PISA_READING,PISA_reading,447.9671,+,country,A,outcome,primary_outcome
SVN,PISA,2025,PISA,2025.0,0.0,PISA_READING,PISA_reading,444.7476,+,country,A,outcome,primary_outcome
SWE,PISA,2025,PISA,2025.0,0.0,PISA_READING,PISA_reading,466.4363,+,country,A,outcome,primary_outcome
TAP,PISA,2025,PISA,2025.0,0.0,PISA_READING,PISA_reading,507.788,+,country,A,outcome,primary_outcome
THA,PISA,2025,PISA,2025.0,0.0,PISA_READING,PISA_reading,391.8296,+,country,A,outcome,primary_outcome
TUR,PISA,2025,PISA,2025.0,0.0,PISA_READING,PISA_reading,472.0955,+,country,A,outcome,primary_outcome
URY,PISA,2025,PISA,2025.0,0.0,PISA_READING,PISA_reading,423.2127,+,country,A,outcome,primary_outcome
USA,PISA,2025,PISA,2025.0,0.0,PISA_READING,PISA_reading,489.5189,+,country,A,outcome,primary_outcome
VNM,PISA,2025,PISA,2025.0,0.0,PISA_READING,PISA_reading,391.5367,+,country,A,outcome,primary_outcome
ZMB,PISA,2025,PISA,2025.0,0.0,PISA_READING,PISA_reading,324.8781,+,country,A,outcome,primary_outcome
ALB,PISA,2015,PISA,2015.0,0.0,PISA_SCIENCE,PISA_science,427.225,+,country,A,outcome,primary_outcome
ARE,PISA,2015,PISA,2015.0,0.0,PISA_SCIENCE,PISA_science,436.7311,+,country,A,outcome,primary_outcome
AUS,PISA,2015,PISA,2015.0,0.0,PISA_SCIENCE,PISA_science,509.9939,+,country,A,outcome,primary_outcome
AUT,PISA,2015,PISA,2015.0,0.0,PISA_SCIENCE,PISA_science,495.0375,+,country,A,outcome,primary_outcome
BEL,PISA,2015,PISA,2015.0,0.0,PISA_SCIENCE,PISA_science,501.9997,+,country,A,outcome,primary_outcome
BGR,PISA,2015,PISA,2015.0,0.0,PISA_SCIENCE,PISA_science,445.772,+,country,A,outcome,primary_outcome
BRA,PISA,2015,PISA,2015.0,0.0,PISA_SCIENCE,PISA_science,400.6821,+,country,A,outcome,primary_outcome
CAN,PISA,2015,PISA,2015.0,0.0,PISA_SCIENCE,PISA_science,527.7047,+,country,A,outcome,primary_outcome
CHE,PISA,2015,PISA,2015.0,0.0,PISA_SCIENCE,PISA_science,505.5058,+,country,A,outcome,primary_outcome
CHL,PISA,2015,PISA,2015.0,0.0,PISA_SCIENCE,PISA_science,446.9561,+,country,A,outcome,primary_outcome
COL,PISA,2015,PISA,2015.0,0.0,PISA_SCIENCE,PISA_science,415.7288,+,country,A,outcome,primary_outcome
CRI,PISA,2015,PISA,2015.0,0.0,PISA_SCIENCE,PISA_science,419.608,+,country,A,outcome,primary_outcome
CZE,PISA,2015,PISA,2015.0,0.0,PISA_SCIENCE,PISA_science,492.83,+,country,A,outcome,primary_outcome
DEU,PISA,2015,PISA,2015.0,0.0,PISA_SCIENCE,PISA_science,509.1406,+,country,A,outcome,primary_outcome
DNK,PISA,2015,PISA,2015.0,0.0,PISA_SCIENCE,PISA_science,501.9369,+,country,A,outcome,primary_outcome
DOM,PISA,2015,PISA,2015.0,0.0,PISA_SCIENCE,PISA_science,331.6388,+,country,A,outcome,primary_outcome
DZA,PISA,2015,PISA,2015.0,0.0,PISA_SCIENCE,PISA_science,375.7451,+,country,A,outcome,primary_outcome
ESP,PISA,2015,PISA,2015.0,0.0,PISA_SCIENCE,PISA_science,492.7861,+,country,A,outcome,primary_outcome
EST,PISA,2015,PISA,2015.0,0.0,PISA_SCIENCE,PISA_science,534.1937,+,country,A,outcome,primary_outcome
FIN,PISA,2015,PISA,2015.0,0.0,PISA_SCIENCE,PISA_science,530.6612,+,country,A,outcome,primary_outcome
FRA,PISA,2015,PISA,2015.0,0.0,PISA_SCIENCE,PISA_science,494.9776,+,country,A,outcome,primary_outcome
GBR,PISA,2015,PISA,2015.0,0.0,PISA_SCIENCE,PISA_science,509.2215,+,country,A,outcome,primary_outcome
GEO,PISA,2015,PISA,2015.0,0.0,PISA_SCIENCE,PISA_science,411.1315,+,country,A,outcome,primary_outcome
GRC,PISA,2015,PISA,2015.0,0.0,PISA_SCIENCE,PISA_science,454.8288,+,country,A,outcome,primary_outcome
HKG,PISA,2015,PISA,2015.0,0.0,PISA_SCIENCE,PISA_science,523.2774,+,country,A,outcome,primary_outcome
HRV,PISA,2015,PISA,2015.0,0.0,PISA_SCIENCE,PISA_science,475.3912,+,country,A,outcome,primary_outcome
HUN,PISA,2015,PISA,2015.0,0.0,PISA_SCIENCE,PISA_science,476.7475,+,country,A,outcome,primary_outcome
IDN,PISA,2015,PISA,2015.0,0.0,PISA_SCIENCE,PISA_science,403.0997,+,country,A,outcome,primary_outcome
IRL,PISA,2015,PISA,2015.0,0.0,PISA_SCIENCE,PISA_science,502.5751,+,country,A,outcome,primary_outcome
ISL,PISA,2015,PISA,2015.0,0.0,PISA_SCIENCE,PISA_science,473.2301,+,country,A,outcome,primary_outcome
ISR,PISA,2015,PISA,2015.0,0.0,PISA_SCIENCE,PISA_science,466.5528,+,country,A,outcome,primary_outcome
ITA,PISA,2015,PISA,2015.0,0.0,PISA_SCIENCE,PISA_science,480.5468,+,country,A,outcome,primary_outcome
JOR,PISA,2015,PISA,2015.0,0.0,PISA_SCIENCE,PISA_science,408.6691,+,country,A,outcome,primary_outcome
JPN,PISA,2015,PISA,2015.0,0.0,PISA_SCIENCE,PISA_science,538.3948,+,country,A,outcome,primary_outcome
KOR,PISA,2015,PISA,2015.0,0.0,PISA_SCIENCE,PISA_science,515.8099,+,country,A,outcome,primary_outcome
KSV,PISA,2015,PISA,2015.0,0.0,PISA_SCIENCE,PISA_science,378.4422,+,country,A,outcome,primary_outcome
LBN,PISA,2015,PISA,2015.0,0.0,PISA_SCIENCE,PISA_science,386.4854,+,country,A,outcome,primary_outcome
LTU,PISA,2015,PISA,2015.0,0.0,PISA_SCIENCE,PISA_science,475.4089,+,country,A,outcome,primary_outcome
LUX,PISA,2015,PISA,2015.0,0.0,PISA_SCIENCE,PISA_science,482.8064,+,country,A,outcome,primary_outcome
LVA,PISA,2015,PISA,2015.0,0.0,PISA_SCIENCE,PISA_science,490.225,+,country,A,outcome,primary_outcome
MAC,PISA,2015,PISA,2015.0,0.0,PISA_SCIENCE,PISA_science,528.5496,+,country,A,outcome,primary_outcome
MDA,PISA,2015,PISA,2015.0,0.0,PISA_SCIENCE,PISA_science,427.9978,+,country,A,outcome,primary_outcome
MEX,PISA,2015,PISA,2015.0,0.0,PISA_SCIENCE,PISA_science,415.7099,+,country,A,outcome,primary_outcome
MKD,PISA,2015,PISA,2015.0,0.0,PISA_SCIENCE,PISA_science,383.6824,+,country,A,outcome,primary_outcome
MLT,PISA,2015,PISA,2015.0,0.0,PISA_SCIENCE,PISA_science,464.782,+,country,A,outcome,primary_outcome
MNE,PISA,2015,PISA,2015.0,0.0,PISA_SCIENCE,PISA_science,411.3136,+,country,A,outcome,primary_outcome
NLD,PISA,2015,PISA,2015.0,0.0,PISA_SCIENCE,PISA_science,508.5748,+,country,A,outcome,primary_outcome
NOR,PISA,2015,PISA,2015.0,0.0,PISA_SCIENCE,PISA_science,498.4811,+,country,A,outcome,primary_outcome
NZL,PISA,2015,PISA,2015.0,0.0,PISA_SCIENCE,PISA_science,513.3035,+,country,A,outcome,primary_outcome
PER,PISA,2015,PISA,2015.0,0.0,PISA_SCIENCE,PISA_science,396.6836,+,country,A,outcome,primary_outcome
POL,PISA,2015,PISA,2015.0,0.0,PISA_SCIENCE,PISA_science,501.4353,+,country,A,outcome,primary_outcome
PRT,PISA,2015,PISA,2015.0,0.0,PISA_SCIENCE,PISA_science,501.1001,+,country,A,outcome,primary_outcome
QAR,PISA,2015,PISA,2015.0,0.0,PISA_SCIENCE,PISA_science,475.1866,+,country,A,outcome,primary_outcome
QAT,PISA,2015,PISA,2015.0,0.0,PISA_SCIENCE,PISA_science,417.6111,+,country,A,outcome,primary_outcome
QCH,PISA,2015,PISA,2015.0,0.0,PISA_SCIENCE,PISA_science,517.7793,+,country,A,outcome,primary_outcome
QES,PISA,2015,PISA,2015.0,0.0,PISA_SCIENCE,PISA_science,494.71,+,country,A,outcome,primary_outcome
QUC,PISA,2015,PISA,2015.0,0.0,PISA_SCIENCE,PISA_science,529.3741,+,country,A,outcome,primary_outcome
QUD,PISA,2015,PISA,2015.0,0.0,PISA_SCIENCE,PISA_science,402.6545,+,country,A,outcome,primary_outcome
QUE,PISA,2015,PISA,2015.0,0.0,PISA_SCIENCE,PISA_science,502.3697,+,country,A,outcome,primary_outcome
ROU,PISA,2015,PISA,2015.0,0.0,PISA_SCIENCE,PISA_science,434.8849,+,country,A,outcome,primary_outcome
RUS,PISA,2015,PISA,2015.0,0.0,PISA_SCIENCE,PISA_science,486.631,+,country,A,outcome,primary_outcome
SGP,PISA,2015,PISA,2015.0,0.0,PISA_SCIENCE,PISA_science,555.5747,+,country,A,outcome,primary_outcome
SVK,PISA,2015,PISA,2015.0,0.0,PISA_SCIENCE,PISA_science,460.7749,+,country,A,outcome,primary_outcome
SVN,PISA,2015,PISA,2015.0,0.0,PISA_SCIENCE,PISA_science,512.8636,+,country,A,outcome,primary_outcome
SWE,PISA,2015,PISA,2015.0,0.0,PISA_SCIENCE,PISA_science,493.4224,+,country,A,outcome,primary_outcome
TAP,PISA,2015,PISA,2015.0,0.0,PISA_SCIENCE,PISA_science,532.3475,+,country,A,outcome,primary_outcome
THA,PISA,2015,PISA,2015.0,0.0,PISA_SCIENCE,PISA_science,421.3373,+,country,A,outcome,primary_outcome
TTO,PISA,2015,PISA,2015.0,0.0,PISA_SCIENCE,PISA_science,424.5905,+,country,A,outcome,primary_outcome
TUN,PISA,2015,PISA,2015.0,0.0,PISA_SCIENCE,PISA_science,386.4034,+,country,A,outcome,primary_outcome
TUR,PISA,2015,PISA,2015.0,0.0,PISA_SCIENCE,PISA_science,425.4895,+,country,A,outcome,primary_outcome
URY,PISA,2015,PISA,2015.0,0.0,PISA_SCIENCE,PISA_science,435.363,+,country,A,outcome,primary_outcome
USA,PISA,2015,PISA,2015.0,0.0,PISA_SCIENCE,PISA_science,496.2424,+,country,A,outcome,primary_outcome
VNM,PISA,2015,PISA,2015.0,0.0,PISA_SCIENCE,PISA_science,524.6445,+,country,A,outcome,primary_outcome
ALB,PISA,2022,PISA,2022.0,0.0,PISA_SCIENCE,PISA_science,375.9678,+,country,A,outcome,primary_outcome
ARE,PISA,2022,PISA,2022.0,0.0,PISA_SCIENCE,PISA_science,431.9795,+,country,A,outcome,primary_outcome
ARG,PISA,2022,PISA,2022.0,0.0,PISA_SCIENCE,PISA_science,406.1913,+,country,A,outcome,primary_outcome
AUS,PISA,2022,PISA,2022.0,0.0,PISA_SCIENCE,PISA_science,507.0009,+,country,A,outcome,primary_outcome
AUT,PISA,2022,PISA,2022.0,0.0,PISA_SCIENCE,PISA_science,491.271,+,country,A,outcome,primary_outcome
BEL,PISA,2022,PISA,2022.0,0.0,PISA_SCIENCE,PISA_science,490.5783,+,country,A,outcome,primary_outcome
BGR,PISA,2022,PISA,2022.0,0.0,PISA_SCIENCE,PISA_science,420.9932,+,country,A,outcome,primary_outcome
BRA,PISA,2022,PISA,2022.0,0.0,PISA_SCIENCE,PISA_science,403.0012,+,country,A,outcome,primary_outcome
BRN,PISA,2022,PISA,2022.0,0.0,PISA_SCIENCE,PISA_science,445.8551,+,country,A,outcome,primary_outcome
CAN,PISA,2022,PISA,2022.0,0.0,PISA_SCIENCE,PISA_science,515.0167,+,country,A,outcome,primary_outcome
CHE,PISA,2022,PISA,2022.0,0.0,PISA_SCIENCE,PISA_science,502.5232,+,country,A,outcome,primary_outcome
CHL,PISA,2022,PISA,2022.0,0.0,PISA_SCIENCE,PISA_science,443.5434,+,country,A,outcome,primary_outcome
COL,PISA,2022,PISA,2022.0,0.0,PISA_SCIENCE,PISA_science,411.1207,+,country,A,outcome,primary_outcome
CRI,PISA,2022,PISA,2022.0,0.0,PISA_SCIENCE,PISA_science,410.9866,+,country,A,outcome,primary_outcome
CZE,PISA,2022,PISA,2022.0,0.0,PISA_SCIENCE,PISA_science,497.742,+,country,A,outcome,primary_outcome
DEU,PISA,2022,PISA,2022.0,0.0,PISA_SCIENCE,PISA_science,492.4267,+,country,A,outcome,primary_outcome
DNK,PISA,2022,PISA,2022.0,0.0,PISA_SCIENCE,PISA_science,493.8157,+,country,A,outcome,primary_outcome
DOM,PISA,2022,PISA,2022.0,0.0,PISA_SCIENCE,PISA_science,360.4261,+,country,A,outcome,primary_outcome
ESP,PISA,2022,PISA,2022.0,0.0,PISA_SCIENCE,PISA_science,484.5336,+,country,A,outcome,primary_outcome
EST,PISA,2022,PISA,2022.0,0.0,PISA_SCIENCE,PISA_science,525.8118,+,country,A,outcome,primary_outcome
FIN,PISA,2022,PISA,2022.0,0.0,PISA_SCIENCE,PISA_science,510.9589,+,country,A,outcome,primary_outcome
FRA,PISA,2022,PISA,2022.0,0.0,PISA_SCIENCE,PISA_science,487.2253,+,country,A,outcome,primary_outcome
GBR,PISA,2022,PISA,2022.0,0.0,PISA_SCIENCE,PISA_science,499.6702,+,country,A,outcome,primary_outcome
GEO,PISA,2022,PISA,2022.0,0.0,PISA_SCIENCE,PISA_science,384.0675,+,country,A,outcome,primary_outcome
GRC,PISA,2022,PISA,2022.0,0.0,PISA_SCIENCE,PISA_science,440.7861,+,country,A,outcome,primary_outcome
GTM,PISA,2022,PISA,2022.0,0.0,PISA_SCIENCE,PISA_science,372.9628,+,country,A,outcome,primary_outcome
HKG,PISA,2022,PISA,2022.0,0.0,PISA_SCIENCE,PISA_science,520.4187,+,country,A,outcome,primary_outcome
HRV,PISA,2022,PISA,2022.0,0.0,PISA_SCIENCE,PISA_science,482.6674,+,country,A,outcome,primary_outcome
HUN,PISA,2022,PISA,2022.0,0.0,PISA_SCIENCE,PISA_science,485.8902,+,country,A,outcome,primary_outcome
IDN,PISA,2022,PISA,2022.0,0.0,PISA_SCIENCE,PISA_science,382.8634,+,country,A,outcome,primary_outcome
IRL,PISA,2022,PISA,2022.0,0.0,PISA_SCIENCE,PISA_science,503.8455,+,country,A,outcome,primary_outcome
ISL,PISA,2022,PISA,2022.0,0.0,PISA_SCIENCE,PISA_science,446.9671,+,country,A,outcome,primary_outcome
ISR,PISA,2022,PISA,2022.0,0.0,PISA_SCIENCE,PISA_science,464.7518,+,country,A,outcome,primary_outcome
ITA,PISA,2022,PISA,2022.0,0.0,PISA_SCIENCE,PISA_science,477.4634,+,country,A,outcome,primary_outcome
JAM,PISA,2022,PISA,2022.0,0.0,PISA_SCIENCE,PISA_science,402.934,+,country,A,outcome,primary_outcome
JOR,PISA,2022,PISA,2022.0,0.0,PISA_SCIENCE,PISA_science,374.5271,+,country,A,outcome,primary_outcome
JPN,PISA,2022,PISA,2022.0,0.0,PISA_SCIENCE,PISA_science,546.6345,+,country,A,outcome,primary_outcome
KAZ,PISA,2022,PISA,2022.0,0.0,PISA_SCIENCE,PISA_science,423.166,+,country,A,outcome,primary_outcome
KHM,PISA,2022,PISA,2022.0,0.0,PISA_SCIENCE,PISA_science,347.1042,+,country,A,outcome,primary_outcome
KOR,PISA,2022,PISA,2022.0,0.0,PISA_SCIENCE,PISA_science,527.8224,+,country,A,outcome,primary_outcome
KSV,PISA,2022,PISA,2022.0,0.0,PISA_SCIENCE,PISA_science,357.0241,+,country,A,outcome,primary_outcome
LTU,PISA,2022,PISA,2022.0,0.0,PISA_SCIENCE,PISA_science,484.4634,+,country,A,outcome,primary_outcome
LVA,PISA,2022,PISA,2022.0,0.0,PISA_SCIENCE,PISA_science,493.8428,+,country,A,outcome,primary_outcome
MAC,PISA,2022,PISA,2022.0,0.0,PISA_SCIENCE,PISA_science,543.0963,+,country,A,outcome,primary_outcome
MAR,PISA,2022,PISA,2022.0,0.0,PISA_SCIENCE,PISA_science,365.3981,+,country,A,outcome,primary_outcome
MDA,PISA,2022,PISA,2022.0,0.0,PISA_SCIENCE,PISA_science,416.859,+,country,A,outcome,primary_outcome
MEX,PISA,2022,PISA,2022.0,0.0,PISA_SCIENCE,PISA_science,409.8866,+,country,A,outcome,primary_outcome
MKD,PISA,2022,PISA,2022.0,0.0,PISA_SCIENCE,PISA_science,379.8751,+,country,A,outcome,primary_outcome
MLT,PISA,2022,PISA,2022.0,0.0,PISA_SCIENCE,PISA_science,465.5887,+,country,A,outcome,primary_outcome
MNE,PISA,2022,PISA,2022.0,0.0,PISA_SCIENCE,PISA_science,403.1302,+,country,A,outcome,primary_outcome
MNG,PISA,2022,PISA,2022.0,0.0,PISA_SCIENCE,PISA_science,412.3825,+,country,A,outcome,primary_outcome
MYS,PISA,2022,PISA,2022.0,0.0,PISA_SCIENCE,PISA_science,416.3061,+,country,A,outcome,primary_outcome
NLD,PISA,2022,PISA,2022.0,0.0,PISA_SCIENCE,PISA_science,488.3168,+,country,A,outcome,primary_outcome
NOR,PISA,2022,PISA,2022.0,0.0,PISA_SCIENCE,PISA_science,478.2265,+,country,A,outcome,primary_outcome
NZL,PISA,2022,PISA,2022.0,0.0,PISA_SCIENCE,PISA_science,504.1293,+,country,A,outcome,primary_outcome
PAN,PISA,2022,PISA,2022.0,0.0,PISA_SCIENCE,PISA_science,387.7676,+,country,A,outcome,primary_outcome
PER,PISA,2022,PISA,2022.0,0.0,PISA_SCIENCE,PISA_science,407.7778,+,country,A,outcome,primary_outcome
PHL,PISA,2022,PISA,2022.0,0.0,PISA_SCIENCE,PISA_science,356.1673,+,country,A,outcome,primary_outcome
POL,PISA,2022,PISA,2022.0,0.0,PISA_SCIENCE,PISA_science,499.1644,+,country,A,outcome,primary_outcome
PRT,PISA,2022,PISA,2022.0,0.0,PISA_SCIENCE,PISA_science,484.3735,+,country,A,outcome,primary_outcome
PRY,PISA,2022,PISA,2022.0,0.0,PISA_SCIENCE,PISA_science,368.3278,+,country,A,outcome,primary_outcome
PSE,PISA,2022,PISA,2022.0,0.0,PISA_SCIENCE,PISA_science,368.8151,+,country,A,outcome,primary_outcome
QAT,PISA,2022,PISA,2022.0,0.0,PISA_SCIENCE,PISA_science,432.4025,+,country,A,outcome,primary_outcome
QAZ,PISA,2022,PISA,2022.0,0.0,PISA_SCIENCE,PISA_science,380.1437,+,country,A,outcome,primary_outcome
QUR,PISA,2022,PISA,2022.0,0.0,PISA_SCIENCE,PISA_science,450.1872,+,country,A,outcome,primary_outcome
ROU,PISA,2022,PISA,2022.0,0.0,PISA_SCIENCE,PISA_science,427.5111,+,country,A,outcome,primary_outcome
SAU,PISA,2022,PISA,2022.0,0.0,PISA_SCIENCE,PISA_science,390.3876,+,country,A,outcome,primary_outcome
SGP,PISA,2022,PISA,2022.0,0.0,PISA_SCIENCE,PISA_science,561.4333,+,country,A,outcome,primary_outcome
SLV,PISA,2022,PISA,2022.0,0.0,PISA_SCIENCE,PISA_science,373.1413,+,country,A,outcome,primary_outcome
SRB,PISA,2022,PISA,2022.0,0.0,PISA_SCIENCE,PISA_science,447.4607,+,country,A,outcome,primary_outcome
SVK,PISA,2022,PISA,2022.0,0.0,PISA_SCIENCE,PISA_science,462.2695,+,country,A,outcome,primary_outcome
SVN,PISA,2022,PISA,2022.0,0.0,PISA_SCIENCE,PISA_science,499.9649,+,country,A,outcome,primary_outcome
SWE,PISA,2022,PISA,2022.0,0.0,PISA_SCIENCE,PISA_science,493.5493,+,country,A,outcome,primary_outcome
TAP,PISA,2022,PISA,2022.0,0.0,PISA_SCIENCE,PISA_science,537.3804,+,country,A,outcome,primary_outcome
THA,PISA,2022,PISA,2022.0,0.0,PISA_SCIENCE,PISA_science,409.2643,+,country,A,outcome,primary_outcome
TUR,PISA,2022,PISA,2022.0,0.0,PISA_SCIENCE,PISA_science,475.9378,+,country,A,outcome,primary_outcome
URY,PISA,2022,PISA,2022.0,0.0,PISA_SCIENCE,PISA_science,435.3848,+,country,A,outcome,primary_outcome
USA,PISA,2022,PISA,2022.0,0.0,PISA_SCIENCE,PISA_science,499.4141,+,country,A,outcome,primary_outcome
UZB,PISA,2022,PISA,2022.0,0.0,PISA_SCIENCE,PISA_science,354.8636,+,country,A,outcome,primary_outcome
VNM,PISA,2022,PISA,2022.0,0.0,PISA_SCIENCE,PISA_science,472.381,+,country,A,outcome,primary_outcome
ALB,PISA,2025,PISA,2025.0,0.0,PISA_SCIENCE,PISA_science,434.6271,+,country,A,outcome,primary_outcome
ARE,PISA,2025,PISA,2025.0,0.0,PISA_SCIENCE,PISA_science,458.067,+,country,A,outcome,primary_outcome
ARG,PISA,2025,PISA,2025.0,0.0,PISA_SCIENCE,PISA_science,392.9339,+,country,A,outcome,primary_outcome
ARM,PISA,2025,PISA,2025.0,0.0,PISA_SCIENCE,PISA_science,368.6331,+,country,A,outcome,primary_outcome
AUS,PISA,2025,PISA,2025.0,0.0,PISA_SCIENCE,PISA_science,509.1063,+,country,A,outcome,primary_outcome
AUT,PISA,2025,PISA,2025.0,0.0,PISA_SCIENCE,PISA_science,496.9127,+,country,A,outcome,primary_outcome
AZE,PISA,2025,PISA,2025.0,0.0,PISA_SCIENCE,PISA_science,408.5635,+,country,A,outcome,primary_outcome
BEL,PISA,2025,PISA,2025.0,0.0,PISA_SCIENCE,PISA_science,489.7132,+,country,A,outcome,primary_outcome
BGR,PISA,2025,PISA,2025.0,0.0,PISA_SCIENCE,PISA_science,420.7937,+,country,A,outcome,primary_outcome
BRA,PISA,2025,PISA,2025.0,0.0,PISA_SCIENCE,PISA_science,408.5405,+,country,A,outcome,primary_outcome
BRN,PISA,2025,PISA,2025.0,0.0,PISA_SCIENCE,PISA_science,439.4539,+,country,A,outcome,primary_outcome
CAN,PISA,2025,PISA,2025.0,0.0,PISA_SCIENCE,PISA_science,510.0548,+,country,A,outcome,primary_outcome
CHE,PISA,2025,PISA,2025.0,0.0,PISA_SCIENCE,PISA_science,501.2376,+,country,A,outcome,primary_outcome
CHL,PISA,2025,PISA,2025.0,0.0,PISA_SCIENCE,PISA_science,442.3606,+,country,A,outcome,primary_outcome
COL,PISA,2025,PISA,2025.0,0.0,PISA_SCIENCE,PISA_science,413.7309,+,country,A,outcome,primary_outcome
CRI,PISA,2025,PISA,2025.0,0.0,PISA_SCIENCE,PISA_science,423.9696,+,country,A,outcome,primary_outcome
CZE,PISA,2025,PISA,2025.0,0.0,PISA_SCIENCE,PISA_science,490.2783,+,country,A,outcome,primary_outcome
DEU,PISA,2025,PISA,2025.0,0.0,PISA_SCIENCE,PISA_science,485.5214,+,country,A,outcome,primary_outcome
DNK,PISA,2025,PISA,2025.0,0.0,PISA_SCIENCE,PISA_science,477.541,+,country,A,outcome,primary_outcome
DOM,PISA,2025,PISA,2025.0,0.0,PISA_SCIENCE,PISA_science,360.8466,+,country,A,outcome,primary_outcome
ECU,PISA,2025,PISA,2025.0,0.0,PISA_SCIENCE,PISA_science,393.4212,+,country,A,outcome,primary_outcome
ESP,PISA,2025,PISA,2025.0,0.0,PISA_SCIENCE,PISA_science,477.1273,+,country,A,outcome,primary_outcome
EST,PISA,2025,PISA,2025.0,0.0,PISA_SCIENCE,PISA_science,527.1171,+,country,A,outcome,primary_outcome
FIN,PISA,2025,PISA,2025.0,0.0,PISA_SCIENCE,PISA_science,504.3724,+,country,A,outcome,primary_outcome
FRA,PISA,2025,PISA,2025.0,0.0,PISA_SCIENCE,PISA_science,483.4212,+,country,A,outcome,primary_outcome
GBR,PISA,2025,PISA,2025.0,0.0,PISA_SCIENCE,PISA_science,511.3558,+,country,A,outcome,primary_outcome
GEO,PISA,2025,PISA,2025.0,0.0,PISA_SCIENCE,PISA_science,422.1187,+,country,A,outcome,primary_outcome
GRC,PISA,2025,PISA,2025.0,0.0,PISA_SCIENCE,PISA_science,434.2849,+,country,A,outcome,primary_outcome
GTM,PISA,2025,PISA,2025.0,0.0,PISA_SCIENCE,PISA_science,351.234,+,country,A,outcome,primary_outcome
HKG,PISA,2025,PISA,2025.0,0.0,PISA_SCIENCE,PISA_science,495.6267,+,country,A,outcome,primary_outcome
HRV,PISA,2025,PISA,2025.0,0.0,PISA_SCIENCE,PISA_science,476.3009,+,country,A,outcome,primary_outcome
HUN,PISA,2025,PISA,2025.0,0.0,PISA_SCIENCE,PISA_science,479.9118,+,country,A,outcome,primary_outcome
IDN,PISA,2025,PISA,2025.0,0.0,PISA_SCIENCE,PISA_science,388.6738,+,country,A,outcome,primary_outcome
IRL,PISA,2025,PISA,2025.0,0.0,PISA_SCIENCE,PISA_science,499.5967,+,country,A,outcome,primary_outcome
ISL,PISA,2025,PISA,2025.0,0.0,PISA_SCIENCE,PISA_science,441.3804,+,country,A,outcome,primary_outcome
ISR,PISA,2025,PISA,2025.0,0.0,PISA_SCIENCE,PISA_science,442.0088,+,country,A,outcome,primary_outcome
ITA,PISA,2025,PISA,2025.0,0.0,PISA_SCIENCE,PISA_science,482.9821,+,country,A,outcome,primary_outcome
JOR,PISA,2025,PISA,2025.0,0.0,PISA_SCIENCE,PISA_science,406.9354,+,country,A,outcome,primary_outcome
JPN,PISA,2025,PISA,2025.0,0.0,PISA_SCIENCE,PISA_science,537.5862,+,country,A,outcome,primary_outcome
KAZ,PISA,2025,PISA,2025.0,0.0,PISA_SCIENCE,PISA_science,419.5476,+,country,A,outcome,primary_outcome
KEN,PISA,2025,PISA,2025.0,0.0,PISA_SCIENCE,PISA_science,334.9494,+,country,A,outcome,primary_outcome
KGZ,PISA,2025,PISA,2025.0,0.0,PISA_SCIENCE,PISA_science,362.5294,+,country,A,outcome,primary_outcome
KHM,PISA,2025,PISA,2025.0,0.0,PISA_SCIENCE,PISA_science,381.9351,+,country,A,outcome,primary_outcome
KOR,PISA,2025,PISA,2025.0,0.0,PISA_SCIENCE,PISA_science,526.1053,+,country,A,outcome,primary_outcome
KSV,PISA,2025,PISA,2025.0,0.0,PISA_SCIENCE,PISA_science,357.0148,+,country,A,outcome,primary_outcome
LBN,PISA,2025,PISA,2025.0,0.0,PISA_SCIENCE,PISA_science,372.0057,+,country,A,outcome,primary_outcome
LTU,PISA,2025,PISA,2025.0,0.0,PISA_SCIENCE,PISA_science,487.739,+,country,A,outcome,primary_outcome
LUX,PISA,2025,PISA,2025.0,0.0,PISA_SCIENCE,PISA_science,473.7703,+,country,A,outcome,primary_outcome
LVA,PISA,2025,PISA,2025.0,0.0,PISA_SCIENCE,PISA_science,468.3674,+,country,A,outcome,primary_outcome
MAC,PISA,2025,PISA,2025.0,0.0,PISA_SCIENCE,PISA_science,540.8139,+,country,A,outcome,primary_outcome
MAR,PISA,2025,PISA,2025.0,0.0,PISA_SCIENCE,PISA_science,357.9798,+,country,A,outcome,primary_outcome
MDA,PISA,2025,PISA,2025.0,0.0,PISA_SCIENCE,PISA_science,421.947,+,country,A,outcome,primary_outcome
MEX,PISA,2025,PISA,2025.0,0.0,PISA_SCIENCE,PISA_science,413.5654,+,country,A,outcome,primary_outcome
MKD,PISA,2025,PISA,2025.0,0.0,PISA_SCIENCE,PISA_science,378.4981,+,country,A,outcome,primary_outcome
MLT,PISA,2025,PISA,2025.0,0.0,PISA_SCIENCE,PISA_science,452.527,+,country,A,outcome,primary_outcome
MNE,PISA,2025,PISA,2025.0,0.0,PISA_SCIENCE,PISA_science,435.1844,+,country,A,outcome,primary_outcome
MNG,PISA,2025,PISA,2025.0,0.0,PISA_SCIENCE,PISA_science,424.0337,+,country,A,outcome,primary_outcome
MUS,PISA,2025,PISA,2025.0,0.0,PISA_SCIENCE,PISA_science,438.164,+,country,A,outcome,primary_outcome
MYS,PISA,2025,PISA,2025.0,0.0,PISA_SCIENCE,PISA_science,419.2027,+,country,A,outcome,primary_outcome
NLD,PISA,2025,PISA,2025.0,0.0,PISA_SCIENCE,PISA_science,485.4514,+,country,A,outcome,primary_outcome
NOR,PISA,2025,PISA,2025.0,0.0,PISA_SCIENCE,PISA_science,470.2123,+,country,A,outcome,primary_outcome
NZL,PISA,2025,PISA,2025.0,0.0,PISA_SCIENCE,PISA_science,509.3979,+,country,A,outcome,primary_outcome
PER,PISA,2025,PISA,2025.0,0.0,PISA_SCIENCE,PISA_science,405.6005,+,country,A,outcome,primary_outcome
PHL,PISA,2025,PISA,2025.0,0.0,PISA_SCIENCE,PISA_science,373.3185,+,country,A,outcome,primary_outcome
POL,PISA,2025,PISA,2025.0,0.0,PISA_SCIENCE,PISA_science,495.067,+,country,A,outcome,primary_outcome
PRT,PISA,2025,PISA,2025.0,0.0,PISA_SCIENCE,PISA_science,481.716,+,country,A,outcome,primary_outcome
PRY,PISA,2025,PISA,2025.0,0.0,PISA_SCIENCE,PISA_science,355.2441,+,country,A,outcome,primary_outcome
PSE,PISA,2025,PISA,2025.0,0.0,PISA_SCIENCE,PISA_science,358.7395,+,country,A,outcome,primary_outcome
QAT,PISA,2025,PISA,2025.0,0.0,PISA_SCIENCE,PISA_science,434.3997,+,country,A,outcome,primary_outcome
QCI,PISA,2025,PISA,2025.0,0.0,PISA_SCIENCE,PISA_science,597.0438,+,country,A,outcome,primary_outcome
QKI,PISA,2025,PISA,2025.0,0.0,PISA_SCIENCE,PISA_science,352.1914,+,country,A,outcome,primary_outcome
QTJ,PISA,2025,PISA,2025.0,0.0,PISA_SCIENCE,PISA_science,333.7648,+,country,A,outcome,primary_outcome
QUA,PISA,2025,PISA,2025.0,0.0,PISA_SCIENCE,PISA_science,448.0823,+,country,A,outcome,primary_outcome
ROU,PISA,2025,PISA,2025.0,0.0,PISA_SCIENCE,PISA_science,424.7091,+,country,A,outcome,primary_outcome
RWA,PISA,2025,PISA,2025.0,0.0,PISA_SCIENCE,PISA_science,317.2865,+,country,A,outcome,primary_outcome
SAU,PISA,2025,PISA,2025.0,0.0,PISA_SCIENCE,PISA_science,413.4301,+,country,A,outcome,primary_outcome
SGP,PISA,2025,PISA,2025.0,0.0,PISA_SCIENCE,PISA_science,559.8506,+,country,A,outcome,primary_outcome
SLV,PISA,2025,PISA,2025.0,0.0,PISA_SCIENCE,PISA_science,384.6732,+,country,A,outcome,primary_outcome
SRB,PISA,2025,PISA,2025.0,0.0,PISA_SCIENCE,PISA_science,428.9946,+,country,A,outcome,primary_outcome
SVK,PISA,2025,PISA,2025.0,0.0,PISA_SCIENCE,PISA_science,474.8721,+,country,A,outcome,primary_outcome
SVN,PISA,2025,PISA,2025.0,0.0,PISA_SCIENCE,PISA_science,483.722,+,country,A,outcome,primary_outcome
SWE,PISA,2025,PISA,2025.0,0.0,PISA_SCIENCE,PISA_science,485.1107,+,country,A,outcome,primary_outcome
TAP,PISA,2025,PISA,2025.0,0.0,PISA_SCIENCE,PISA_science,539.7017,+,country,A,outcome,primary_outcome
THA,PISA,2025,PISA,2025.0,0.0,PISA_SCIENCE,PISA_science,432.2405,+,country,A,outcome,primary_outcome
TUR,PISA,2025,PISA,2025.0,0.0,PISA_SCIENCE,PISA_science,494.2691,+,country,A,outcome,primary_outcome
URY,PISA,2025,PISA,2025.0,0.0,PISA_SCIENCE,PISA_science,444.5493,+,country,A,outcome,primary_outcome
USA,PISA,2025,PISA,2025.0,0.0,PISA_SCIENCE,PISA_science,501.5832,+,country,A,outcome,primary_outcome
UZB,PISA,2025,PISA,2025.0,0.0,PISA_SCIENCE,PISA_science,437.597,+,country,A,outcome,primary_outcome
VNM,PISA,2025,PISA,2025.0,0.0,PISA_SCIENCE,PISA_science,457.4209,+,country,A,outcome,primary_outcome
ZMB,PISA,2025,PISA,2025.0,0.0,PISA_SCIENCE,PISA_science,336.9547,+,country,A,outcome,primary_outcome
AUT,TIMSS,1995,TIMSS,1995.0,0.0,TIMSS_MATHEMATICS,TIMSS_mathematics,517.2892,+,country,A,outcome,primary_outcome
BFL,TIMSS,1995,TIMSS,1995.0,0.0,TIMSS_MATHEMATICS,TIMSS_mathematics,548.3267,+,country,A,outcome,primary_outcome
BFR,TIMSS,1995,TIMSS,1995.0,0.0,TIMSS_MATHEMATICS,TIMSS_mathematics,511.7411,+,country,A,outcome,primary_outcome
CAN,TIMSS,1995,TIMSS,1995.0,0.0,TIMSS_MATHEMATICS,TIMSS_mathematics,505.7743,+,country,A,outcome,primary_outcome
CHE,TIMSS,1995,TIMSS,1995.0,0.0,TIMSS_MATHEMATICS,TIMSS_mathematics,533.5459,+,country,A,outcome,primary_outcome
COL,TIMSS,1995,TIMSS,1995.0,0.0,TIMSS_MATHEMATICS,TIMSS_mathematics,345.04,+,country,A,outcome,primary_outcome
CYP,TIMSS,1995,TIMSS,1995.0,0.0,TIMSS_MATHEMATICS,TIMSS_mathematics,451.446,+,country,A,outcome,primary_outcome
CZE,TIMSS,1995,TIMSS,1995.0,0.0,TIMSS_MATHEMATICS,TIMSS_mathematics,529.102,+,country,A,outcome,primary_outcome
DEU,TIMSS,1995,TIMSS,1995.0,0.0,TIMSS_MATHEMATICS,TIMSS_mathematics,492.385,+,country,A,outcome,primary_outcome
DNK,TIMSS,1995,TIMSS,1995.0,0.0,TIMSS_MATHEMATICS,TIMSS_mathematics,482.3368,+,country,A,outcome,primary_outcome
ENG,TIMSS,1995,TIMSS,1995.0,0.0,TIMSS_MATHEMATICS,TIMSS_mathematics,483.5895,+,country,A,outcome,primary_outcome
ESP,TIMSS,1995,TIMSS,1995.0,0.0,TIMSS_MATHEMATICS,TIMSS_mathematics,463.333,+,country,A,outcome,primary_outcome
GRC,TIMSS,1995,TIMSS,1995.0,0.0,TIMSS_MATHEMATICS,TIMSS_mathematics,454.9902,+,country,A,outcome,primary_outcome
IRL,TIMSS,1995,TIMSS,1995.0,0.0,TIMSS_MATHEMATICS,TIMSS_mathematics,507.7519,+,country,A,outcome,primary_outcome
IRN,TIMSS,1995,TIMSS,1995.0,0.0,TIMSS_MATHEMATICS,TIMSS_mathematics,397.6076,+,country,A,outcome,primary_outcome
ISR,TIMSS,1995,TIMSS,1995.0,0.0,TIMSS_MATHEMATICS,TIMSS_mathematics,513.3149,+,country,A,outcome,primary_outcome
ITA,TIMSS,1995,TIMSS,1995.0,0.0,TIMSS_MATHEMATICS,TIMSS_mathematics,471.8647,+,country,A,outcome,primary_outcome
JPN,TIMSS,1995,TIMSS,1995.0,0.0,TIMSS_MATHEMATICS,TIMSS_mathematics,568.9289,+,country,A,outcome,primary_outcome
LTU,TIMSS,1995,TIMSS,1995.0,0.0,TIMSS_MATHEMATICS,TIMSS_mathematics,447.7643,+,country,A,outcome,primary_outcome
LVA,TIMSS,1995,TIMSS,1995.0,0.0,TIMSS_MATHEMATICS,TIMSS_mathematics,472.355,+,country,A,outcome,primary_outcome
NOR,TIMSS,1995,TIMSS,1995.0,0.0,TIMSS_MATHEMATICS,TIMSS_mathematics,478.9983,+,country,A,outcome,primary_outcome
NZL,TIMSS,1995,TIMSS,1995.0,0.0,TIMSS_MATHEMATICS,TIMSS_mathematics,483.7564,+,country,A,outcome,primary_outcome
PRT,TIMSS,1995,TIMSS,1995.0,0.0,TIMSS_MATHEMATICS,TIMSS_mathematics,433.5919,+,country,A,outcome,primary_outcome
ROM,TIMSS,1995,TIMSS,1995.0,0.0,TIMSS_MATHEMATICS,TIMSS_mathematics,460.2217,+,country,A,outcome,primary_outcome
RUS,TIMSS,1995,TIMSS,1995.0,0.0,TIMSS_MATHEMATICS,TIMSS_mathematics,508.739,+,country,A,outcome,primary_outcome
SVN,TIMSS,1995,TIMSS,1995.0,0.0,TIMSS_MATHEMATICS,TIMSS_mathematics,512.0384,+,country,A,outcome,primary_outcome
SWE,TIMSS,1995,TIMSS,1995.0,0.0,TIMSS_MATHEMATICS,TIMSS_mathematics,510.1058,+,country,A,outcome,primary_outcome
THA,TIMSS,1995,TIMSS,1995.0,0.0,TIMSS_MATHEMATICS,TIMSS_mathematics,503.7922,+,country,A,outcome,primary_outcome
USA,TIMSS,1995,TIMSS,1995.0,0.0,TIMSS_MATHEMATICS,TIMSS_mathematics,480.4901,+,country,A,outcome,primary_outcome
AUS,TIMSS,1999,TIMSS,1999.0,0.0,TIMSS_MATHEMATICS,TIMSS_mathematics,525.0803,+,country,A,outcome,primary_outcome
BFL,TIMSS,1999,TIMSS,1999.0,0.0,TIMSS_MATHEMATICS,TIMSS_mathematics,557.9584,+,country,A,outcome,primary_outcome
BGR,TIMSS,1999,TIMSS,1999.0,0.0,TIMSS_MATHEMATICS,TIMSS_mathematics,510.5905,+,country,A,outcome,primary_outcome
CAN,TIMSS,1999,TIMSS,1999.0,0.0,TIMSS_MATHEMATICS,TIMSS_mathematics,530.7527,+,country,A,outcome,primary_outcome
CYP,TIMSS,1999,TIMSS,1999.0,0.0,TIMSS_MATHEMATICS,TIMSS_mathematics,476.3821,+,country,A,outcome,primary_outcome
CZE,TIMSS,1999,TIMSS,1999.0,0.0,TIMSS_MATHEMATICS,TIMSS_mathematics,519.874,+,country,A,outcome,primary_outcome
ENG,TIMSS,1999,TIMSS,1999.0,0.0,TIMSS_MATHEMATICS,TIMSS_mathematics,496.33,+,country,A,outcome,primary_outcome
FIN,TIMSS,1999,TIMSS,1999.0,0.0,TIMSS_MATHEMATICS,TIMSS_mathematics,520.4518,+,country,A,outcome,primary_outcome
HKG,TIMSS,1999,TIMSS,1999.0,0.0,TIMSS_MATHEMATICS,TIMSS_mathematics,582.0556,+,country,A,outcome,primary_outcome
HUN,TIMSS,1999,TIMSS,1999.0,0.0,TIMSS_MATHEMATICS,TIMSS_mathematics,531.6012,+,country,A,outcome,primary_outcome
IDN,TIMSS,1999,TIMSS,1999.0,0.0,TIMSS_MATHEMATICS,TIMSS_mathematics,403.0701,+,country,A,outcome,primary_outcome
IRN,TIMSS,1999,TIMSS,1999.0,0.0,TIMSS_MATHEMATICS,TIMSS_mathematics,422.1482,+,country,A,outcome,primary_outcome
ISR,TIMSS,1999,TIMSS,1999.0,0.0,TIMSS_MATHEMATICS,TIMSS_mathematics,466.336,+,country,A,outcome,primary_outcome
ITA,TIMSS,1999,TIMSS,1999.0,0.0,TIMSS_MATHEMATICS,TIMSS_mathematics,479.4788,+,country,A,outcome,primary_outcome
JOR,TIMSS,1999,TIMSS,1999.0,0.0,TIMSS_MATHEMATICS,TIMSS_mathematics,427.664,+,country,A,outcome,primary_outcome
KOR,TIMSS,1999,TIMSS,1999.0,0.0,TIMSS_MATHEMATICS,TIMSS_mathematics,587.1518,+,country,A,outcome,primary_outcome
LTU,TIMSS,1999,TIMSS,1999.0,0.0,TIMSS_MATHEMATICS,TIMSS_mathematics,481.5673,+,country,A,outcome,primary_outcome
LVA,TIMSS,1999,TIMSS,1999.0,0.0,TIMSS_MATHEMATICS,TIMSS_mathematics,505.0591,+,country,A,outcome,primary_outcome
MAR,TIMSS,1999,TIMSS,1999.0,0.0,TIMSS_MATHEMATICS,TIMSS_mathematics,336.5966,+,country,A,outcome,primary_outcome
MDA,TIMSS,1999,TIMSS,1999.0,0.0,TIMSS_MATHEMATICS,TIMSS_mathematics,469.2306,+,country,A,outcome,primary_outcome
MKD,TIMSS,1999,TIMSS,1999.0,0.0,TIMSS_MATHEMATICS,TIMSS_mathematics,446.6035,+,country,A,outcome,primary_outcome
MYS,TIMSS,1999,TIMSS,1999.0,0.0,TIMSS_MATHEMATICS,TIMSS_mathematics,519.2561,+,country,A,outcome,primary_outcome
NLD,TIMSS,1999,TIMSS,1999.0,0.0,TIMSS_MATHEMATICS,TIMSS_mathematics,539.8754,+,country,A,outcome,primary_outcome
NZL,TIMSS,1999,TIMSS,1999.0,0.0,TIMSS_MATHEMATICS,TIMSS_mathematics,490.9674,+,country,A,outcome,primary_outcome
PHL,TIMSS,1999,TIMSS,1999.0,0.0,TIMSS_MATHEMATICS,TIMSS_mathematics,344.9052,+,country,A,outcome,primary_outcome
ROM,TIMSS,1999,TIMSS,1999.0,0.0,TIMSS_MATHEMATICS,TIMSS_mathematics,472.4399,+,country,A,outcome,primary_outcome
RUS,TIMSS,1999,TIMSS,1999.0,0.0,TIMSS_MATHEMATICS,TIMSS_mathematics,526.0227,+,country,A,outcome,primary_outcome
SGP,TIMSS,1999,TIMSS,1999.0,0.0,TIMSS_MATHEMATICS,TIMSS_mathematics,604.3935,+,country,A,outcome,primary_outcome
SVK,TIMSS,1999,TIMSS,1999.0,0.0,TIMSS_MATHEMATICS,TIMSS_mathematics,533.9532,+,country,A,outcome,primary_outcome
SVN,TIMSS,1999,TIMSS,1999.0,0.0,TIMSS_MATHEMATICS,TIMSS_mathematics,530.1125,+,country,A,outcome,primary_outcome
THA,TIMSS,1999,TIMSS,1999.0,0.0,TIMSS_MATHEMATICS,TIMSS_mathematics,467.3774,+,country,A,outcome,primary_outcome
TUN,TIMSS,1999,TIMSS,1999.0,0.0,TIMSS_MATHEMATICS,TIMSS_mathematics,447.9252,+,country,A,outcome,primary_outcome
TUR,TIMSS,1999,TIMSS,1999.0,0.0,TIMSS_MATHEMATICS,TIMSS_mathematics,428.6056,+,country,A,outcome,primary_outcome
ARM,TIMSS,2003,TIMSS,2003.0,0.0,TIMSS_MATHEMATICS,TIMSS_mathematics,478.1272,+,country,A,outcome,primary_outcome
BFL,TIMSS,2003,TIMSS,2003.0,0.0,TIMSS_MATHEMATICS,TIMSS_mathematics,536.7097,+,country,A,outcome,primary_outcome
BGR,TIMSS,2003,TIMSS,2003.0,0.0,TIMSS_MATHEMATICS,TIMSS_mathematics,476.1686,+,country,A,outcome,primary_outcome
BHR,TIMSS,2003,TIMSS,2003.0,0.0,TIMSS_MATHEMATICS,TIMSS_mathematics,401.1962,+,country,A,outcome,primary_outcome
BSQ,TIMSS,2003,TIMSS,2003.0,0.0,TIMSS_MATHEMATICS,TIMSS_mathematics,487.0615,+,country,A,outcome,primary_outcome
CHL,TIMSS,2003,TIMSS,2003.0,0.0,TIMSS_MATHEMATICS,TIMSS_mathematics,386.8802,+,country,A,outcome,primary_outcome
COT,TIMSS,2003,TIMSS,2003.0,0.0,TIMSS_MATHEMATICS,TIMSS_mathematics,520.9319,+,country,A,outcome,primary_outcome
CQU,TIMSS,2003,TIMSS,2003.0,0.0,TIMSS_MATHEMATICS,TIMSS_mathematics,543.0746,+,country,A,outcome,primary_outcome
CYP,TIMSS,2003,TIMSS,2003.0,0.0,TIMSS_MATHEMATICS,TIMSS_mathematics,459.3659,+,country,A,outcome,primary_outcome
EGY,TIMSS,2003,TIMSS,2003.0,0.0,TIMSS_MATHEMATICS,TIMSS_mathematics,406.1682,+,country,A,outcome,primary_outcome
ENG,TIMSS,2003,TIMSS,2003.0,0.0,TIMSS_MATHEMATICS,TIMSS_mathematics,498.4637,+,country,A,outcome,primary_outcome
EST,TIMSS,2003,TIMSS,2003.0,0.0,TIMSS_MATHEMATICS,TIMSS_mathematics,530.9155,+,country,A,outcome,primary_outcome
GHA,TIMSS,2003,TIMSS,2003.0,0.0,TIMSS_MATHEMATICS,TIMSS_mathematics,275.7042,+,country,A,outcome,primary_outcome
HKG,TIMSS,2003,TIMSS,2003.0,0.0,TIMSS_MATHEMATICS,TIMSS_mathematics,586.0515,+,country,A,outcome,primary_outcome
HUN,TIMSS,2003,TIMSS,2003.0,0.0,TIMSS_MATHEMATICS,TIMSS_mathematics,529.2745,+,country,A,outcome,primary_outcome
ISR,TIMSS,2003,TIMSS,2003.0,0.0,TIMSS_MATHEMATICS,TIMSS_mathematics,495.6478,+,country,A,outcome,primary_outcome
ITA,TIMSS,2003,TIMSS,2003.0,0.0,TIMSS_MATHEMATICS,TIMSS_mathematics,483.5993,+,country,A,outcome,primary_outcome
KOR,TIMSS,2003,TIMSS,2003.0,0.0,TIMSS_MATHEMATICS,TIMSS_mathematics,589.0916,+,country,A,outcome,primary_outcome
LBN,TIMSS,2003,TIMSS,2003.0,0.0,TIMSS_MATHEMATICS,TIMSS_mathematics,433.0454,+,country,A,outcome,primary_outcome
LTU,TIMSS,2003,TIMSS,2003.0,0.0,TIMSS_MATHEMATICS,TIMSS_mathematics,501.6151,+,country,A,outcome,primary_outcome
LVA,TIMSS,2003,TIMSS,2003.0,0.0,TIMSS_MATHEMATICS,TIMSS_mathematics,508.3273,+,country,A,outcome,primary_outcome
MAR,TIMSS,2003,TIMSS,2003.0,0.0,TIMSS_MATHEMATICS,TIMSS_mathematics,386.5391,+,country,A,outcome,primary_outcome
MDA,TIMSS,2003,TIMSS,2003.0,0.0,TIMSS_MATHEMATICS,TIMSS_mathematics,459.8948,+,country,A,outcome,primary_outcome
MKD,TIMSS,2003,TIMSS,2003.0,0.0,TIMSS_MATHEMATICS,TIMSS_mathematics,434.9835,+,country,A,outcome,primary_outcome
MYS,TIMSS,2003,TIMSS,2003.0,0.0,TIMSS_MATHEMATICS,TIMSS_mathematics,508.3358,+,country,A,outcome,primary_outcome
NLD,TIMSS,2003,TIMSS,2003.0,0.0,TIMSS_MATHEMATICS,TIMSS_mathematics,536.2731,+,country,A,outcome,primary_outcome
PHL,TIMSS,2003,TIMSS,2003.0,0.0,TIMSS_MATHEMATICS,TIMSS_mathematics,377.6899,+,country,A,outcome,primary_outcome
PSE,TIMSS,2003,TIMSS,2003.0,0.0,TIMSS_MATHEMATICS,TIMSS_mathematics,390.4864,+,country,A,outcome,primary_outcome
ROM,TIMSS,2003,TIMSS,2003.0,0.0,TIMSS_MATHEMATICS,TIMSS_mathematics,475.2816,+,country,A,outcome,primary_outcome
RUS,TIMSS,2003,TIMSS,2003.0,0.0,TIMSS_MATHEMATICS,TIMSS_mathematics,508.0408,+,country,A,outcome,primary_outcome
SVK,TIMSS,2003,TIMSS,2003.0,0.0,TIMSS_MATHEMATICS,TIMSS_mathematics,507.7401,+,country,A,outcome,primary_outcome
SVN,TIMSS,2003,TIMSS,2003.0,0.0,TIMSS_MATHEMATICS,TIMSS_mathematics,492.9556,+,country,A,outcome,primary_outcome
SWE,TIMSS,2003,TIMSS,2003.0,0.0,TIMSS_MATHEMATICS,TIMSS_mathematics,499.0584,+,country,A,outcome,primary_outcome
SYR,TIMSS,2003,TIMSS,2003.0,0.0,TIMSS_MATHEMATICS,TIMSS_mathematics,357.5792,+,country,A,outcome,primary_outcome
TUN,TIMSS,2003,TIMSS,2003.0,0.0,TIMSS_MATHEMATICS,TIMSS_mathematics,410.3295,+,country,A,outcome,primary_outcome
ZAF,TIMSS,2003,TIMSS,2003.0,0.0,TIMSS_MATHEMATICS,TIMSS_mathematics,263.6137,+,country,A,outcome,primary_outcome
BHR,TIMSS,2007,TIMSS,2007.0,0.0,TIMSS_MATHEMATICS,TIMSS_mathematics,398.0714,+,country,A,outcome,primary_outcome
BIH,TIMSS,2007,TIMSS,2007.0,0.0,TIMSS_MATHEMATICS,TIMSS_mathematics,455.8633,+,country,A,outcome,primary_outcome
BSQ,TIMSS,2007,TIMSS,2007.0,0.0,TIMSS_MATHEMATICS,TIMSS_mathematics,498.5589,+,country,A,outcome,primary_outcome
CBC,TIMSS,2007,TIMSS,2007.0,0.0,TIMSS_MATHEMATICS,TIMSS_mathematics,509.4494,+,country,A,outcome,primary_outcome
COL,TIMSS,2007,TIMSS,2007.0,0.0,TIMSS_MATHEMATICS,TIMSS_mathematics,379.6358,+,country,A,outcome,primary_outcome
COT,TIMSS,2007,TIMSS,2007.0,0.0,TIMSS_MATHEMATICS,TIMSS_mathematics,517.2319,+,country,A,outcome,primary_outcome
CQU,TIMSS,2007,TIMSS,2007.0,0.0,TIMSS_MATHEMATICS,TIMSS_mathematics,528.1098,+,country,A,outcome,primary_outcome
CYP,TIMSS,2007,TIMSS,2007.0,0.0,TIMSS_MATHEMATICS,TIMSS_mathematics,465.4771,+,country,A,outcome,primary_outcome
DZA,TIMSS,2007,TIMSS,2007.0,0.0,TIMSS_MATHEMATICS,TIMSS_mathematics,386.7519,+,country,A,outcome,primary_outcome
EGY,TIMSS,2007,TIMSS,2007.0,0.0,TIMSS_MATHEMATICS,TIMSS_mathematics,390.5573,+,country,A,outcome,primary_outcome
GEO,TIMSS,2007,TIMSS,2007.0,0.0,TIMSS_MATHEMATICS,TIMSS_mathematics,409.6166,+,country,A,outcome,primary_outcome
GHA,TIMSS,2007,TIMSS,2007.0,0.0,TIMSS_MATHEMATICS,TIMSS_mathematics,309.3695,+,country,A,outcome,primary_outcome
HKG,TIMSS,2007,TIMSS,2007.0,0.0,TIMSS_MATHEMATICS,TIMSS_mathematics,572.4867,+,country,A,outcome,primary_outcome
HUN,TIMSS,2007,TIMSS,2007.0,0.0,TIMSS_MATHEMATICS,TIMSS_mathematics,516.8952,+,country,A,outcome,primary_outcome
IRN,TIMSS,2007,TIMSS,2007.0,0.0,TIMSS_MATHEMATICS,TIMSS_mathematics,403.3795,+,country,A,outcome,primary_outcome
ISR,TIMSS,2007,TIMSS,2007.0,0.0,TIMSS_MATHEMATICS,TIMSS_mathematics,463.2513,+,country,A,outcome,primary_outcome
ITA,TIMSS,2007,TIMSS,2007.0,0.0,TIMSS_MATHEMATICS,TIMSS_mathematics,479.6261,+,country,A,outcome,primary_outcome
JOR,TIMSS,2007,TIMSS,2007.0,0.0,TIMSS_MATHEMATICS,TIMSS_mathematics,426.8926,+,country,A,outcome,primary_outcome
JPN,TIMSS,2007,TIMSS,2007.0,0.0,TIMSS_MATHEMATICS,TIMSS_mathematics,569.8098,+,country,A,outcome,primary_outcome
KWT,TIMSS,2007,TIMSS,2007.0,0.0,TIMSS_MATHEMATICS,TIMSS_mathematics,353.6702,+,country,A,outcome,primary_outcome
LTU,TIMSS,2007,TIMSS,2007.0,0.0,TIMSS_MATHEMATICS,TIMSS_mathematics,505.8179,+,country,A,outcome,primary_outcome
MAR,TIMSS,2007,TIMSS,2007.0,0.0,TIMSS_MATHEMATICS,TIMSS_mathematics,380.7835,+,country,A,outcome,primary_outcome
MLT,TIMSS,2007,TIMSS,2007.0,0.0,TIMSS_MATHEMATICS,TIMSS_mathematics,487.7524,+,country,A,outcome,primary_outcome
MNG,TIMSS,2007,TIMSS,2007.0,0.0,TIMSS_MATHEMATICS,TIMSS_mathematics,432.1717,+,country,A,outcome,primary_outcome
MYS,TIMSS,2007,TIMSS,2007.0,0.0,TIMSS_MATHEMATICS,TIMSS_mathematics,473.8857,+,country,A,outcome,primary_outcome
NOR,TIMSS,2007,TIMSS,2007.0,0.0,TIMSS_MATHEMATICS,TIMSS_mathematics,469.2158,+,country,A,outcome,primary_outcome
OMN,TIMSS,2007,TIMSS,2007.0,0.0,TIMSS_MATHEMATICS,TIMSS_mathematics,372.4338,+,country,A,outcome,primary_outcome
QAT,TIMSS,2007,TIMSS,2007.0,0.0,TIMSS_MATHEMATICS,TIMSS_mathematics,306.7909,+,country,A,outcome,primary_outcome
ROM,TIMSS,2007,TIMSS,2007.0,0.0,TIMSS_MATHEMATICS,TIMSS_mathematics,461.3179,+,country,A,outcome,primary_outcome
RUS,TIMSS,2007,TIMSS,2007.0,0.0,TIMSS_MATHEMATICS,TIMSS_mathematics,511.7337,+,country,A,outcome,primary_outcome
SAU,TIMSS,2007,TIMSS,2007.0,0.0,TIMSS_MATHEMATICS,TIMSS_mathematics,329.3372,+,country,A,outcome,primary_outcome
SCG,TIMSS,2007,TIMSS,2007.0,0.0,TIMSS_MATHEMATICS,TIMSS_mathematics,485.7675,+,country,A,outcome,primary_outcome
SCO,TIMSS,2007,TIMSS,2007.0,0.0,TIMSS_MATHEMATICS,TIMSS_mathematics,487.406,+,country,A,outcome,primary_outcome
SGP,TIMSS,2007,TIMSS,2007.0,0.0,TIMSS_MATHEMATICS,TIMSS_mathematics,592.7852,+,country,A,outcome,primary_outcome
SLV,TIMSS,2007,TIMSS,2007.0,0.0,TIMSS_MATHEMATICS,TIMSS_mathematics,340.4409,+,country,A,outcome,primary_outcome
SWE,TIMSS,2007,TIMSS,2007.0,0.0,TIMSS_MATHEMATICS,TIMSS_mathematics,491.3001,+,country,A,outcome,primary_outcome
THA,TIMSS,2007,TIMSS,2007.0,0.0,TIMSS_MATHEMATICS,TIMSS_mathematics,441.3904,+,country,A,outcome,primary_outcome
TUN,TIMSS,2007,TIMSS,2007.0,0.0,TIMSS_MATHEMATICS,TIMSS_mathematics,420.4132,+,country,A,outcome,primary_outcome
TWN,TIMSS,2007,TIMSS,2007.0,0.0,TIMSS_MATHEMATICS,TIMSS_mathematics,598.3012,+,country,A,outcome,primary_outcome
UKR,TIMSS,2007,TIMSS,2007.0,0.0,TIMSS_MATHEMATICS,TIMSS_mathematics,462.162,+,country,A,outcome,primary_outcome
AAD,TIMSS,2011,TIMSS,2011.0,0.0,TIMSS_MATHEMATICS,TIMSS_mathematics,448.7581,+,country,A,outcome,primary_outcome
ADU,TIMSS,2011,TIMSS,2011.0,0.0,TIMSS_MATHEMATICS,TIMSS_mathematics,477.5646,+,country,A,outcome,primary_outcome
ARM,TIMSS,2011,TIMSS,2011.0,0.0,TIMSS_MATHEMATICS,TIMSS_mathematics,466.588,+,country,A,outcome,primary_outcome
AUS,TIMSS,2011,TIMSS,2011.0,0.0,TIMSS_MATHEMATICS,TIMSS_mathematics,504.8024,+,country,A,outcome,primary_outcome
BHR,TIMSS,2011,TIMSS,2011.0,0.0,TIMSS_MATHEMATICS,TIMSS_mathematics,409.2168,+,country,A,outcome,primary_outcome
CAB,TIMSS,2011,TIMSS,2011.0,0.0,TIMSS_MATHEMATICS,TIMSS_mathematics,505.1407,+,country,A,outcome,primary_outcome
COT,TIMSS,2011,TIMSS,2011.0,0.0,TIMSS_MATHEMATICS,TIMSS_mathematics,511.6252,+,country,A,outcome,primary_outcome
CQU,TIMSS,2011,TIMSS,2011.0,0.0,TIMSS_MATHEMATICS,TIMSS_mathematics,531.5639,+,country,A,outcome,primary_outcome
ENG,TIMSS,2011,TIMSS,2011.0,0.0,TIMSS_MATHEMATICS,TIMSS_mathematics,506.7598,+,country,A,outcome,primary_outcome
GEO,TIMSS,2011,TIMSS,2011.0,0.0,TIMSS_MATHEMATICS,TIMSS_mathematics,431.1388,+,country,A,outcome,primary_outcome
GHA,TIMSS,2011,TIMSS,2011.0,0.0,TIMSS_MATHEMATICS,TIMSS_mathematics,330.8306,+,country,A,outcome,primary_outcome
HND,TIMSS,2011,TIMSS,2011.0,0.0,TIMSS_MATHEMATICS,TIMSS_mathematics,337.9823,+,country,A,outcome,primary_outcome
HUN,TIMSS,2011,TIMSS,2011.0,0.0,TIMSS_MATHEMATICS,TIMSS_mathematics,504.8063,+,country,A,outcome,primary_outcome
IDN,TIMSS,2011,TIMSS,2011.0,0.0,TIMSS_MATHEMATICS,TIMSS_mathematics,385.8378,+,country,A,outcome,primary_outcome
IRN,TIMSS,2011,TIMSS,2011.0,0.0,TIMSS_MATHEMATICS,TIMSS_mathematics,414.9606,+,country,A,outcome,primary_outcome
ISR,TIMSS,2011,TIMSS,2011.0,0.0,TIMSS_MATHEMATICS,TIMSS_mathematics,515.8438,+,country,A,outcome,primary_outcome
ITA,TIMSS,2011,TIMSS,2011.0,0.0,TIMSS_MATHEMATICS,TIMSS_mathematics,498.376,+,country,A,outcome,primary_outcome
JOR,TIMSS,2011,TIMSS,2011.0,0.0,TIMSS_MATHEMATICS,TIMSS_mathematics,405.8822,+,country,A,outcome,primary_outcome
JPN,TIMSS,2011,TIMSS,2011.0,0.0,TIMSS_MATHEMATICS,TIMSS_mathematics,569.8295,+,country,A,outcome,primary_outcome
KAZ,TIMSS,2011,TIMSS,2011.0,0.0,TIMSS_MATHEMATICS,TIMSS_mathematics,486.9523,+,country,A,outcome,primary_outcome
KOR,TIMSS,2011,TIMSS,2011.0,0.0,TIMSS_MATHEMATICS,TIMSS_mathematics,612.7934,+,country,A,outcome,primary_outcome
MAR,TIMSS,2011,TIMSS,2011.0,0.0,TIMSS_MATHEMATICS,TIMSS_mathematics,371.1454,+,country,A,outcome,primary_outcome
MYS,TIMSS,2011,TIMSS,2011.0,0.0,TIMSS_MATHEMATICS,TIMSS_mathematics,439.8237,+,country,A,outcome,primary_outcome
NOR,TIMSS,2011,TIMSS,2011.0,0.0,TIMSS_MATHEMATICS,TIMSS_mathematics,474.6427,+,country,A,outcome,primary_outcome
NZL,TIMSS,2011,TIMSS,2011.0,0.0,TIMSS_MATHEMATICS,TIMSS_mathematics,487.7788,+,country,A,outcome,primary_outcome
PSE,TIMSS,2011,TIMSS,2011.0,0.0,TIMSS_MATHEMATICS,TIMSS_mathematics,404.1806,+,country,A,outcome,primary_outcome
QAT,TIMSS,2011,TIMSS,2011.0,0.0,TIMSS_MATHEMATICS,TIMSS_mathematics,409.5958,+,country,A,outcome,primary_outcome
ROM,TIMSS,2011,TIMSS,2011.0,0.0,TIMSS_MATHEMATICS,TIMSS_mathematics,457.9483,+,country,A,outcome,primary_outcome
SAU,TIMSS,2011,TIMSS,2011.0,0.0,TIMSS_MATHEMATICS,TIMSS_mathematics,393.8235,+,country,A,outcome,primary_outcome
SYR,TIMSS,2011,TIMSS,2011.0,0.0,TIMSS_MATHEMATICS,TIMSS_mathematics,380.1664,+,country,A,outcome,primary_outcome
THA,TIMSS,2011,TIMSS,2011.0,0.0,TIMSS_MATHEMATICS,TIMSS_mathematics,427.1091,+,country,A,outcome,primary_outcome
TUN,TIMSS,2011,TIMSS,2011.0,0.0,TIMSS_MATHEMATICS,TIMSS_mathematics,424.7365,+,country,A,outcome,primary_outcome
TUR,TIMSS,2011,TIMSS,2011.0,0.0,TIMSS_MATHEMATICS,TIMSS_mathematics,452.4902,+,country,A,outcome,primary_outcome
TWN,TIMSS,2011,TIMSS,2011.0,0.0,TIMSS_MATHEMATICS,TIMSS_mathematics,609.2786,+,country,A,outcome,primary_outcome
UKR,TIMSS,2011,TIMSS,2011.0,0.0,TIMSS_MATHEMATICS,TIMSS_mathematics,479.1858,+,country,A,outcome,primary_outcome
USA,TIMSS,2011,TIMSS,2011.0,0.0,TIMSS_MATHEMATICS,TIMSS_mathematics,509.4849,+,country,A,outcome,primary_outcome
ZAF,TIMSS,2011,TIMSS,2011.0,0.0,TIMSS_MATHEMATICS,TIMSS_mathematics,351.9087,+,country,A,outcome,primary_outcome
AAD,TIMSS,2015,TIMSS,2015.0,0.0,TIMSS_MATHEMATICS,TIMSS_mathematics,441.6732,+,country,A,outcome,primary_outcome
ABA,TIMSS,2015,TIMSS,2015.0,0.0,TIMSS_MATHEMATICS,TIMSS_mathematics,396.1168,+,country,A,outcome,primary_outcome
ADU,TIMSS,2015,TIMSS,2015.0,0.0,TIMSS_MATHEMATICS,TIMSS_mathematics,511.8523,+,country,A,outcome,primary_outcome
ARE,TIMSS,2015,TIMSS,2015.0,0.0,TIMSS_MATHEMATICS,TIMSS_mathematics,464.7833,+,country,A,outcome,primary_outcome
ARM,TIMSS,2015,TIMSS,2015.0,0.0,TIMSS_MATHEMATICS,TIMSS_mathematics,471.4606,+,country,A,outcome,primary_outcome
AUS,TIMSS,2015,TIMSS,2015.0,0.0,TIMSS_MATHEMATICS,TIMSS_mathematics,504.9582,+,country,A,outcome,primary_outcome
BHR,TIMSS,2015,TIMSS,2015.0,0.0,TIMSS_MATHEMATICS,TIMSS_mathematics,453.9526,+,country,A,outcome,primary_outcome
CAN,TIMSS,2015,TIMSS,2015.0,0.0,TIMSS_MATHEMATICS,TIMSS_mathematics,527.2789,+,country,A,outcome,primary_outcome
CHL,TIMSS,2015,TIMSS,2015.0,0.0,TIMSS_MATHEMATICS,TIMSS_mathematics,427.4262,+,country,A,outcome,primary_outcome
COT,TIMSS,2015,TIMSS,2015.0,0.0,TIMSS_MATHEMATICS,TIMSS_mathematics,522.3017,+,country,A,outcome,primary_outcome
CQU,TIMSS,2015,TIMSS,2015.0,0.0,TIMSS_MATHEMATICS,TIMSS_mathematics,543.3564,+,country,A,outcome,primary_outcome
HKG,TIMSS,2015,TIMSS,2015.0,0.0,TIMSS_MATHEMATICS,TIMSS_mathematics,594.2529,+,country,A,outcome,primary_outcome
HUN,TIMSS,2015,TIMSS,2015.0,0.0,TIMSS_MATHEMATICS,TIMSS_mathematics,514.4144,+,country,A,outcome,primary_outcome
IRL,TIMSS,2015,TIMSS,2015.0,0.0,TIMSS_MATHEMATICS,TIMSS_mathematics,523.4944,+,country,A,outcome,primary_outcome
IRN,TIMSS,2015,TIMSS,2015.0,0.0,TIMSS_MATHEMATICS,TIMSS_mathematics,436.3492,+,country,A,outcome,primary_outcome
ISR,TIMSS,2015,TIMSS,2015.0,0.0,TIMSS_MATHEMATICS,TIMSS_mathematics,510.8994,+,country,A,outcome,primary_outcome
ITA,TIMSS,2015,TIMSS,2015.0,0.0,TIMSS_MATHEMATICS,TIMSS_mathematics,494.3942,+,country,A,outcome,primary_outcome
JOR,TIMSS,2015,TIMSS,2015.0,0.0,TIMSS_MATHEMATICS,TIMSS_mathematics,385.5515,+,country,A,outcome,primary_outcome
JPN,TIMSS,2015,TIMSS,2015.0,0.0,TIMSS_MATHEMATICS,TIMSS_mathematics,586.469,+,country,A,outcome,primary_outcome
KAZ,TIMSS,2015,TIMSS,2015.0,0.0,TIMSS_MATHEMATICS,TIMSS_mathematics,527.8068,+,country,A,outcome,primary_outcome
KWT,TIMSS,2015,TIMSS,2015.0,0.0,TIMSS_MATHEMATICS,TIMSS_mathematics,392.4707,+,country,A,outcome,primary_outcome
LBN,TIMSS,2015,TIMSS,2015.0,0.0,TIMSS_MATHEMATICS,TIMSS_mathematics,442.4251,+,country,A,outcome,primary_outcome
LTU,TIMSS,2015,TIMSS,2015.0,0.0,TIMSS_MATHEMATICS,TIMSS_mathematics,511.3132,+,country,A,outcome,primary_outcome
MAR,TIMSS,2015,TIMSS,2015.0,0.0,TIMSS_MATHEMATICS,TIMSS_mathematics,384.3871,+,country,A,outcome,primary_outcome
MLT,TIMSS,2015,TIMSS,2015.0,0.0,TIMSS_MATHEMATICS,TIMSS_mathematics,493.5411,+,country,A,outcome,primary_outcome
MYS,TIMSS,2015,TIMSS,2015.0,0.0,TIMSS_MATHEMATICS,TIMSS_mathematics,465.3131,+,country,A,outcome,primary_outcome
OMN,TIMSS,2015,TIMSS,2015.0,0.0,TIMSS_MATHEMATICS,TIMSS_mathematics,403.1564,+,country,A,outcome,primary_outcome
QAT,TIMSS,2015,TIMSS,2015.0,0.0,TIMSS_MATHEMATICS,TIMSS_mathematics,437.1088,+,country,A,outcome,primary_outcome
RUS,TIMSS,2015,TIMSS,2015.0,0.0,TIMSS_MATHEMATICS,TIMSS_mathematics,537.9962,+,country,A,outcome,primary_outcome
SAU,TIMSS,2015,TIMSS,2015.0,0.0,TIMSS_MATHEMATICS,TIMSS_mathematics,367.7167,+,country,A,outcome,primary_outcome
SGP,TIMSS,2015,TIMSS,2015.0,0.0,TIMSS_MATHEMATICS,TIMSS_mathematics,620.956,+,country,A,outcome,primary_outcome
SVN,TIMSS,2015,TIMSS,2015.0,0.0,TIMSS_MATHEMATICS,TIMSS_mathematics,516.3411,+,country,A,outcome,primary_outcome
THA,TIMSS,2015,TIMSS,2015.0,0.0,TIMSS_MATHEMATICS,TIMSS_mathematics,431.4174,+,country,A,outcome,primary_outcome
TUR,TIMSS,2015,TIMSS,2015.0,0.0,TIMSS_MATHEMATICS,TIMSS_mathematics,457.6286,+,country,A,outcome,primary_outcome
ZAF,TIMSS,2015,TIMSS,2015.0,0.0,TIMSS_MATHEMATICS,TIMSS_mathematics,372.3729,+,country,A,outcome,primary_outcome
AAD,TIMSS,2019,TIMSS,2019.0,0.0,TIMSS_MATHEMATICS,TIMSS_mathematics,436.0092,+,country,A,outcome,primary_outcome
ADU,TIMSS,2019,TIMSS,2019.0,0.0,TIMSS_MATHEMATICS,TIMSS_mathematics,537.1847,+,country,A,outcome,primary_outcome
ARE,TIMSS,2019,TIMSS,2019.0,0.0,TIMSS_MATHEMATICS,TIMSS_mathematics,477.4985,+,country,A,outcome,primary_outcome
AUS,TIMSS,2019,TIMSS,2019.0,0.0,TIMSS_MATHEMATICS,TIMSS_mathematics,517.277,+,country,A,outcome,primary_outcome
BHR,TIMSS,2019,TIMSS,2019.0,0.0,TIMSS_MATHEMATICS,TIMSS_mathematics,481.0869,+,country,A,outcome,primary_outcome
CHL,TIMSS,2019,TIMSS,2019.0,0.0,TIMSS_MATHEMATICS,TIMSS_mathematics,440.8369,+,country,A,outcome,primary_outcome
COT,TIMSS,2019,TIMSS,2019.0,0.0,TIMSS_MATHEMATICS,TIMSS_mathematics,530.5544,+,country,A,outcome,primary_outcome
CQU,TIMSS,2019,TIMSS,2019.0,0.0,TIMSS_MATHEMATICS,TIMSS_mathematics,543.826,+,country,A,outcome,primary_outcome
CYP,TIMSS,2019,TIMSS,2019.0,0.0,TIMSS_MATHEMATICS,TIMSS_mathematics,501.0823,+,country,A,outcome,primary_outcome
EGY,TIMSS,2019,TIMSS,2019.0,0.0,TIMSS_MATHEMATICS,TIMSS_mathematics,412.8797,+,country,A,outcome,primary_outcome
ENG,TIMSS,2019,TIMSS,2019.0,0.0,TIMSS_MATHEMATICS,TIMSS_mathematics,520.3898,+,country,A,outcome,primary_outcome
FIN,TIMSS,2019,TIMSS,2019.0,0.0,TIMSS_MATHEMATICS,TIMSS_mathematics,509.0496,+,country,A,outcome,primary_outcome
FRA,TIMSS,2019,TIMSS,2019.0,0.0,TIMSS_MATHEMATICS,TIMSS_mathematics,483.1132,+,country,A,outcome,primary_outcome
GEO,TIMSS,2019,TIMSS,2019.0,0.0,TIMSS_MATHEMATICS,TIMSS_mathematics,456.2468,+,country,A,outcome,primary_outcome
HKG,TIMSS,2019,TIMSS,2019.0,0.0,TIMSS_MATHEMATICS,TIMSS_mathematics,578.3119,+,country,A,outcome,primary_outcome
HUN,TIMSS,2019,TIMSS,2019.0,0.0,TIMSS_MATHEMATICS,TIMSS_mathematics,518.3008,+,country,A,outcome,primary_outcome
IRN,TIMSS,2019,TIMSS,2019.0,0.0,TIMSS_MATHEMATICS,TIMSS_mathematics,446.1695,+,country,A,outcome,primary_outcome
ISR,TIMSS,2019,TIMSS,2019.0,0.0,TIMSS_MATHEMATICS,TIMSS_mathematics,514.6275,+,country,A,outcome,primary_outcome
ITA,TIMSS,2019,TIMSS,2019.0,0.0,TIMSS_MATHEMATICS,TIMSS_mathematics,496.6127,+,country,A,outcome,primary_outcome
JOR,TIMSS,2019,TIMSS,2019.0,0.0,TIMSS_MATHEMATICS,TIMSS_mathematics,420.2682,+,country,A,outcome,primary_outcome
KAZ,TIMSS,2019,TIMSS,2019.0,0.0,TIMSS_MATHEMATICS,TIMSS_mathematics,487.5616,+,country,A,outcome,primary_outcome
KOR,TIMSS,2019,TIMSS,2019.0,0.0,TIMSS_MATHEMATICS,TIMSS_mathematics,603.9645,+,country,A,outcome,primary_outcome
LTU,TIMSS,2019,TIMSS,2019.0,0.0,TIMSS_MATHEMATICS,TIMSS_mathematics,515.312,+,country,A,outcome,primary_outcome
MAR,TIMSS,2019,TIMSS,2019.0,0.0,TIMSS_MATHEMATICS,TIMSS_mathematics,388.1867,+,country,A,outcome,primary_outcome
MYS,TIMSS,2019,TIMSS,2019.0,0.0,TIMSS_MATHEMATICS,TIMSS_mathematics,461.1974,+,country,A,outcome,primary_outcome
NOR,TIMSS,2019,TIMSS,2019.0,0.0,TIMSS_MATHEMATICS,TIMSS_mathematics,505.3992,+,country,A,outcome,primary_outcome
NZL,TIMSS,2019,TIMSS,2019.0,0.0,TIMSS_MATHEMATICS,TIMSS_mathematics,481.5925,+,country,A,outcome,primary_outcome
PRT,TIMSS,2019,TIMSS,2019.0,0.0,TIMSS_MATHEMATICS,TIMSS_mathematics,500.5385,+,country,A,outcome,primary_outcome
QAT,TIMSS,2019,TIMSS,2019.0,0.0,TIMSS_MATHEMATICS,TIMSS_mathematics,447.914,+,country,A,outcome,primary_outcome
RMO,TIMSS,2019,TIMSS,2019.0,0.0,TIMSS_MATHEMATICS,TIMSS_mathematics,575.4165,+,country,A,outcome,primary_outcome
RUS,TIMSS,2019,TIMSS,2019.0,0.0,TIMSS_MATHEMATICS,TIMSS_mathematics,543.3773,+,country,A,outcome,primary_outcome
SAU,TIMSS,2019,TIMSS,2019.0,0.0,TIMSS_MATHEMATICS,TIMSS_mathematics,393.7697,+,country,A,outcome,primary_outcome
SGP,TIMSS,2019,TIMSS,2019.0,0.0,TIMSS_MATHEMATICS,TIMSS_mathematics,620.706,+,country,A,outcome,primary_outcome
SWE,TIMSS,2019,TIMSS,2019.0,0.0,TIMSS_MATHEMATICS,TIMSS_mathematics,506.8241,+,country,A,outcome,primary_outcome
TUR,TIMSS,2019,TIMSS,2019.0,0.0,TIMSS_MATHEMATICS,TIMSS_mathematics,490.8104,+,country,A,outcome,primary_outcome
TWN,TIMSS,2019,TIMSS,2019.0,0.0,TIMSS_MATHEMATICS,TIMSS_mathematics,613.4161,+,country,A,outcome,primary_outcome
USA,TIMSS,2019,TIMSS,2019.0,0.0,TIMSS_MATHEMATICS,TIMSS_mathematics,516.3007,+,country,A,outcome,primary_outcome
ZAF,TIMSS,2019,TIMSS,2019.0,0.0,TIMSS_MATHEMATICS,TIMSS_mathematics,389.4772,+,country,A,outcome,primary_outcome
AUT,TIMSS,1995,TIMSS,1995.0,0.0,TIMSS_SCIENCE,TIMSS_science,521.3768,+,country,A,outcome,primary_outcome
BFL,TIMSS,1995,TIMSS,1995.0,0.0,TIMSS_SCIENCE,TIMSS_science,525.0407,+,country,A,outcome,primary_outcome
BFR,TIMSS,1995,TIMSS,1995.0,0.0,TIMSS_SCIENCE,TIMSS_science,452.8101,+,country,A,outcome,primary_outcome
CAN,TIMSS,1995,TIMSS,1995.0,0.0,TIMSS_SCIENCE,TIMSS_science,499.9413,+,country,A,outcome,primary_outcome
CHE,TIMSS,1995,TIMSS,1995.0,0.0,TIMSS_SCIENCE,TIMSS_science,507.9485,+,country,A,outcome,primary_outcome
COL,TIMSS,1995,TIMSS,1995.0,0.0,TIMSS_SCIENCE,TIMSS_science,378.0737,+,country,A,outcome,primary_outcome
CYP,TIMSS,1995,TIMSS,1995.0,0.0,TIMSS_SCIENCE,TIMSS_science,429.0906,+,country,A,outcome,primary_outcome
CZE,TIMSS,1995,TIMSS,1995.0,0.0,TIMSS_SCIENCE,TIMSS_science,538.0504,+,country,A,outcome,primary_outcome
DEU,TIMSS,1995,TIMSS,1995.0,0.0,TIMSS_SCIENCE,TIMSS_science,503.5824,+,country,A,outcome,primary_outcome
DNK,TIMSS,1995,TIMSS,1995.0,0.0,TIMSS_SCIENCE,TIMSS_science,454.5577,+,country,A,outcome,primary_outcome
ENG,TIMSS,1995,TIMSS,1995.0,0.0,TIMSS_SCIENCE,TIMSS_science,516.3168,+,country,A,outcome,primary_outcome
ESP,TIMSS,1995,TIMSS,1995.0,0.0,TIMSS_SCIENCE,TIMSS_science,485.768,+,country,A,outcome,primary_outcome
GRC,TIMSS,1995,TIMSS,1995.0,0.0,TIMSS_SCIENCE,TIMSS_science,461.3512,+,country,A,outcome,primary_outcome
IRL,TIMSS,1995,TIMSS,1995.0,0.0,TIMSS_SCIENCE,TIMSS_science,498.3518,+,country,A,outcome,primary_outcome
IRN,TIMSS,1995,TIMSS,1995.0,0.0,TIMSS_SCIENCE,TIMSS_science,446.6397,+,country,A,outcome,primary_outcome
ISR,TIMSS,1995,TIMSS,1995.0,0.0,TIMSS_SCIENCE,TIMSS_science,508.9575,+,country,A,outcome,primary_outcome
ITA,TIMSS,1995,TIMSS,1995.0,0.0,TIMSS_SCIENCE,TIMSS_science,476.9163,+,country,A,outcome,primary_outcome
JPN,TIMSS,1995,TIMSS,1995.0,0.0,TIMSS_SCIENCE,TIMSS_science,538.1906,+,country,A,outcome,primary_outcome
LTU,TIMSS,1995,TIMSS,1995.0,0.0,TIMSS_SCIENCE,TIMSS_science,429.947,+,country,A,outcome,primary_outcome
LVA,TIMSS,1995,TIMSS,1995.0,0.0,TIMSS_SCIENCE,TIMSS_science,449.5737,+,country,A,outcome,primary_outcome
NOR,TIMSS,1995,TIMSS,1995.0,0.0,TIMSS_SCIENCE,TIMSS_science,494.6488,+,country,A,outcome,primary_outcome
NZL,TIMSS,1995,TIMSS,1995.0,0.0,TIMSS_SCIENCE,TIMSS_science,490.1169,+,country,A,outcome,primary_outcome
PRT,TIMSS,1995,TIMSS,1995.0,0.0,TIMSS_SCIENCE,TIMSS_science,444.4094,+,country,A,outcome,primary_outcome
ROM,TIMSS,1995,TIMSS,1995.0,0.0,TIMSS_SCIENCE,TIMSS_science,455.026,+,country,A,outcome,primary_outcome
RUS,TIMSS,1995,TIMSS,1995.0,0.0,TIMSS_SCIENCE,TIMSS_science,496.849,+,country,A,outcome,primary_outcome
SVN,TIMSS,1995,TIMSS,1995.0,0.0,TIMSS_SCIENCE,TIMSS_science,526.9626,+,country,A,outcome,primary_outcome
SWE,TIMSS,1995,TIMSS,1995.0,0.0,TIMSS_SCIENCE,TIMSS_science,520.1569,+,country,A,outcome,primary_outcome
THA,TIMSS,1995,TIMSS,1995.0,0.0,TIMSS_SCIENCE,TIMSS_science,495.5945,+,country,A,outcome,primary_outcome
USA,TIMSS,1995,TIMSS,1995.0,0.0,TIMSS_SCIENCE,TIMSS_science,500.6289,+,country,A,outcome,primary_outcome
AUS,TIMSS,1999,TIMSS,1999.0,0.0,TIMSS_SCIENCE,TIMSS_science,540.2582,+,country,A,outcome,primary_outcome
BFL,TIMSS,1999,TIMSS,1999.0,0.0,TIMSS_SCIENCE,TIMSS_science,534.8579,+,country,A,outcome,primary_outcome
BGR,TIMSS,1999,TIMSS,1999.0,0.0,TIMSS_SCIENCE,TIMSS_science,518.011,+,country,A,outcome,primary_outcome
CAN,TIMSS,1999,TIMSS,1999.0,0.0,TIMSS_SCIENCE,TIMSS_science,533.082,+,country,A,outcome,primary_outcome
CYP,TIMSS,1999,TIMSS,1999.0,0.0,TIMSS_SCIENCE,TIMSS_science,460.2383,+,country,A,outcome,primary_outcome
CZE,TIMSS,1999,TIMSS,1999.0,0.0,TIMSS_SCIENCE,TIMSS_science,539.4169,+,country,A,outcome,primary_outcome
ENG,TIMSS,1999,TIMSS,1999.0,0.0,TIMSS_SCIENCE,TIMSS_science,538.4682,+,country,A,outcome,primary_outcome
FIN,TIMSS,1999,TIMSS,1999.0,0.0,TIMSS_SCIENCE,TIMSS_science,535.2068,+,country,A,outcome,primary_outcome
HKG,TIMSS,1999,TIMSS,1999.0,0.0,TIMSS_SCIENCE,TIMSS_science,529.5473,+,country,A,outcome,primary_outcome
HUN,TIMSS,1999,TIMSS,1999.0,0.0,TIMSS_SCIENCE,TIMSS_science,552.3812,+,country,A,outcome,primary_outcome
IDN,TIMSS,1999,TIMSS,1999.0,0.0,TIMSS_SCIENCE,TIMSS_science,435.4725,+,country,A,outcome,primary_outcome
IRN,TIMSS,1999,TIMSS,1999.0,0.0,TIMSS_SCIENCE,TIMSS_science,448.0025,+,country,A,outcome,primary_outcome
ISR,TIMSS,1999,TIMSS,1999.0,0.0,TIMSS_SCIENCE,TIMSS_science,468.0621,+,country,A,outcome,primary_outcome
ITA,TIMSS,1999,TIMSS,1999.0,0.0,TIMSS_SCIENCE,TIMSS_science,493.2808,+,country,A,outcome,primary_outcome
JOR,TIMSS,1999,TIMSS,1999.0,0.0,TIMSS_SCIENCE,TIMSS_science,450.3428,+,country,A,outcome,primary_outcome
KOR,TIMSS,1999,TIMSS,1999.0,0.0,TIMSS_SCIENCE,TIMSS_science,548.6424,+,country,A,outcome,primary_outcome
LTU,TIMSS,1999,TIMSS,1999.0,0.0,TIMSS_SCIENCE,TIMSS_science,488.1521,+,country,A,outcome,primary_outcome
LVA,TIMSS,1999,TIMSS,1999.0,0.0,TIMSS_SCIENCE,TIMSS_science,502.6928,+,country,A,outcome,primary_outcome
MAR,TIMSS,1999,TIMSS,1999.0,0.0,TIMSS_SCIENCE,TIMSS_science,322.8162,+,country,A,outcome,primary_outcome
MDA,TIMSS,1999,TIMSS,1999.0,0.0,TIMSS_SCIENCE,TIMSS_science,459.137,+,country,A,outcome,primary_outcome
MKD,TIMSS,1999,TIMSS,1999.0,0.0,TIMSS_SCIENCE,TIMSS_science,458.0946,+,country,A,outcome,primary_outcome
MYS,TIMSS,1999,TIMSS,1999.0,0.0,TIMSS_SCIENCE,TIMSS_science,492.4313,+,country,A,outcome,primary_outcome
NLD,TIMSS,1999,TIMSS,1999.0,0.0,TIMSS_SCIENCE,TIMSS_science,544.7493,+,country,A,outcome,primary_outcome
NZL,TIMSS,1999,TIMSS,1999.0,0.0,TIMSS_SCIENCE,TIMSS_science,509.6338,+,country,A,outcome,primary_outcome
PHL,TIMSS,1999,TIMSS,1999.0,0.0,TIMSS_SCIENCE,TIMSS_science,345.2293,+,country,A,outcome,primary_outcome
ROM,TIMSS,1999,TIMSS,1999.0,0.0,TIMSS_SCIENCE,TIMSS_science,471.8655,+,country,A,outcome,primary_outcome
RUS,TIMSS,1999,TIMSS,1999.0,0.0,TIMSS_SCIENCE,TIMSS_science,529.22,+,country,A,outcome,primary_outcome
SGP,TIMSS,1999,TIMSS,1999.0,0.0,TIMSS_SCIENCE,TIMSS_science,567.8942,+,country,A,outcome,primary_outcome
SVK,TIMSS,1999,TIMSS,1999.0,0.0,TIMSS_SCIENCE,TIMSS_science,535.0093,+,country,A,outcome,primary_outcome
SVN,TIMSS,1999,TIMSS,1999.0,0.0,TIMSS_SCIENCE,TIMSS_science,533.2546,+,country,A,outcome,primary_outcome
THA,TIMSS,1999,TIMSS,1999.0,0.0,TIMSS_SCIENCE,TIMSS_science,482.314,+,country,A,outcome,primary_outcome
TUN,TIMSS,1999,TIMSS,1999.0,0.0,TIMSS_SCIENCE,TIMSS_science,429.5117,+,country,A,outcome,primary_outcome
TUR,TIMSS,1999,TIMSS,1999.0,0.0,TIMSS_SCIENCE,TIMSS_science,432.951,+,country,A,outcome,primary_outcome
ARM,TIMSS,2003,TIMSS,2003.0,0.0,TIMSS_SCIENCE,TIMSS_science,461.2667,+,country,A,outcome,primary_outcome
BFL,TIMSS,2003,TIMSS,2003.0,0.0,TIMSS_SCIENCE,TIMSS_science,515.5065,+,country,A,outcome,primary_outcome
BGR,TIMSS,2003,TIMSS,2003.0,0.0,TIMSS_SCIENCE,TIMSS_science,478.8431,+,country,A,outcome,primary_outcome
BHR,TIMSS,2003,TIMSS,2003.0,0.0,TIMSS_SCIENCE,TIMSS_science,438.2555,+,country,A,outcome,primary_outcome
BSQ,TIMSS,2003,TIMSS,2003.0,0.0,TIMSS_SCIENCE,TIMSS_science,488.7535,+,country,A,outcome,primary_outcome
CHL,TIMSS,2003,TIMSS,2003.0,0.0,TIMSS_SCIENCE,TIMSS_science,412.8508,+,country,A,outcome,primary_outcome
COT,TIMSS,2003,TIMSS,2003.0,0.0,TIMSS_SCIENCE,TIMSS_science,532.9198,+,country,A,outcome,primary_outcome
CQU,TIMSS,2003,TIMSS,2003.0,0.0,TIMSS_SCIENCE,TIMSS_science,531.0131,+,country,A,outcome,primary_outcome
CYP,TIMSS,2003,TIMSS,2003.0,0.0,TIMSS_SCIENCE,TIMSS_science,441.4736,+,country,A,outcome,primary_outcome
EGY,TIMSS,2003,TIMSS,2003.0,0.0,TIMSS_SCIENCE,TIMSS_science,421.1171,+,country,A,outcome,primary_outcome
ENG,TIMSS,2003,TIMSS,2003.0,0.0,TIMSS_SCIENCE,TIMSS_science,543.8965,+,country,A,outcome,primary_outcome
EST,TIMSS,2003,TIMSS,2003.0,0.0,TIMSS_SCIENCE,TIMSS_science,552.2576,+,country,A,outcome,primary_outcome
GHA,TIMSS,2003,TIMSS,2003.0,0.0,TIMSS_SCIENCE,TIMSS_science,255.3242,+,country,A,outcome,primary_outcome
HKG,TIMSS,2003,TIMSS,2003.0,0.0,TIMSS_SCIENCE,TIMSS_science,556.0891,+,country,A,outcome,primary_outcome
HUN,TIMSS,2003,TIMSS,2003.0,0.0,TIMSS_SCIENCE,TIMSS_science,542.7608,+,country,A,outcome,primary_outcome
ISR,TIMSS,2003,TIMSS,2003.0,0.0,TIMSS_SCIENCE,TIMSS_science,488.2002,+,country,A,outcome,primary_outcome
ITA,TIMSS,2003,TIMSS,2003.0,0.0,TIMSS_SCIENCE,TIMSS_science,490.8905,+,country,A,outcome,primary_outcome
KOR,TIMSS,2003,TIMSS,2003.0,0.0,TIMSS_SCIENCE,TIMSS_science,558.3992,+,country,A,outcome,primary_outcome
LBN,TIMSS,2003,TIMSS,2003.0,0.0,TIMSS_SCIENCE,TIMSS_science,393.3989,+,country,A,outcome,primary_outcome
LTU,TIMSS,2003,TIMSS,2003.0,0.0,TIMSS_SCIENCE,TIMSS_science,519.3805,+,country,A,outcome,primary_outcome
LVA,TIMSS,2003,TIMSS,2003.0,0.0,TIMSS_SCIENCE,TIMSS_science,512.3627,+,country,A,outcome,primary_outcome
MAR,TIMSS,2003,TIMSS,2003.0,0.0,TIMSS_SCIENCE,TIMSS_science,396.4738,+,country,A,outcome,primary_outcome
MDA,TIMSS,2003,TIMSS,2003.0,0.0,TIMSS_SCIENCE,TIMSS_science,472.4226,+,country,A,outcome,primary_outcome
MKD,TIMSS,2003,TIMSS,2003.0,0.0,TIMSS_SCIENCE,TIMSS_science,449.3729,+,country,A,outcome,primary_outcome
MYS,TIMSS,2003,TIMSS,2003.0,0.0,TIMSS_SCIENCE,TIMSS_science,510.4518,+,country,A,outcome,primary_outcome
NLD,TIMSS,2003,TIMSS,2003.0,0.0,TIMSS_SCIENCE,TIMSS_science,535.7651,+,country,A,outcome,primary_outcome
PHL,TIMSS,2003,TIMSS,2003.0,0.0,TIMSS_SCIENCE,TIMSS_science,377.3732,+,country,A,outcome,primary_outcome
PSE,TIMSS,2003,TIMSS,2003.0,0.0,TIMSS_SCIENCE,TIMSS_science,435.3868,+,country,A,outcome,primary_outcome
ROM,TIMSS,2003,TIMSS,2003.0,0.0,TIMSS_SCIENCE,TIMSS_science,469.6042,+,country,A,outcome,primary_outcome
RUS,TIMSS,2003,TIMSS,2003.0,0.0,TIMSS_SCIENCE,TIMSS_science,513.6214,+,country,A,outcome,primary_outcome
SVK,TIMSS,2003,TIMSS,2003.0,0.0,TIMSS_SCIENCE,TIMSS_science,516.7849,+,country,A,outcome,primary_outcome
SVN,TIMSS,2003,TIMSS,2003.0,0.0,TIMSS_SCIENCE,TIMSS_science,520.4978,+,country,A,outcome,primary_outcome
SWE,TIMSS,2003,TIMSS,2003.0,0.0,TIMSS_SCIENCE,TIMSS_science,524.258,+,country,A,outcome,primary_outcome
SYR,TIMSS,2003,TIMSS,2003.0,0.0,TIMSS_SCIENCE,TIMSS_science,410.5621,+,country,A,outcome,primary_outcome
TUN,TIMSS,2003,TIMSS,2003.0,0.0,TIMSS_SCIENCE,TIMSS_science,403.5475,+,country,A,outcome,primary_outcome
ZAF,TIMSS,2003,TIMSS,2003.0,0.0,TIMSS_SCIENCE,TIMSS_science,243.664,+,country,A,outcome,primary_outcome
BHR,TIMSS,2007,TIMSS,2007.0,0.0,TIMSS_SCIENCE,TIMSS_science,467.4476,+,country,A,outcome,primary_outcome
BIH,TIMSS,2007,TIMSS,2007.0,0.0,TIMSS_SCIENCE,TIMSS_science,465.7452,+,country,A,outcome,primary_outcome
BSQ,TIMSS,2007,TIMSS,2007.0,0.0,TIMSS_SCIENCE,TIMSS_science,497.7063,+,country,A,outcome,primary_outcome
CBC,TIMSS,2007,TIMSS,2007.0,0.0,TIMSS_SCIENCE,TIMSS_science,525.7166,+,country,A,outcome,primary_outcome
COL,TIMSS,2007,TIMSS,2007.0,0.0,TIMSS_SCIENCE,TIMSS_science,417.1824,+,country,A,outcome,primary_outcome
COT,TIMSS,2007,TIMSS,2007.0,0.0,TIMSS_SCIENCE,TIMSS_science,526.1282,+,country,A,outcome,primary_outcome
CQU,TIMSS,2007,TIMSS,2007.0,0.0,TIMSS_SCIENCE,TIMSS_science,506.5887,+,country,A,outcome,primary_outcome
CYP,TIMSS,2007,TIMSS,2007.0,0.0,TIMSS_SCIENCE,TIMSS_science,451.6235,+,country,A,outcome,primary_outcome
DZA,TIMSS,2007,TIMSS,2007.0,0.0,TIMSS_SCIENCE,TIMSS_science,408.0595,+,country,A,outcome,primary_outcome
EGY,TIMSS,2007,TIMSS,2007.0,0.0,TIMSS_SCIENCE,TIMSS_science,408.2421,+,country,A,outcome,primary_outcome
GEO,TIMSS,2007,TIMSS,2007.0,0.0,TIMSS_SCIENCE,TIMSS_science,420.9025,+,country,A,outcome,primary_outcome
GHA,TIMSS,2007,TIMSS,2007.0,0.0,TIMSS_SCIENCE,TIMSS_science,303.2725,+,country,A,outcome,primary_outcome
HKG,TIMSS,2007,TIMSS,2007.0,0.0,TIMSS_SCIENCE,TIMSS_science,530.2093,+,country,A,outcome,primary_outcome
HUN,TIMSS,2007,TIMSS,2007.0,0.0,TIMSS_SCIENCE,TIMSS_science,539.0342,+,country,A,outcome,primary_outcome
IRN,TIMSS,2007,TIMSS,2007.0,0.0,TIMSS_SCIENCE,TIMSS_science,458.9289,+,country,A,outcome,primary_outcome
ISR,TIMSS,2007,TIMSS,2007.0,0.0,TIMSS_SCIENCE,TIMSS_science,467.9215,+,country,A,outcome,primary_outcome
ITA,TIMSS,2007,TIMSS,2007.0,0.0,TIMSS_SCIENCE,TIMSS_science,495.1468,+,country,A,outcome,primary_outcome
JOR,TIMSS,2007,TIMSS,2007.0,0.0,TIMSS_SCIENCE,TIMSS_science,481.7211,+,country,A,outcome,primary_outcome
JPN,TIMSS,2007,TIMSS,2007.0,0.0,TIMSS_SCIENCE,TIMSS_science,553.8151,+,country,A,outcome,primary_outcome
KWT,TIMSS,2007,TIMSS,2007.0,0.0,TIMSS_SCIENCE,TIMSS_science,417.9562,+,country,A,outcome,primary_outcome
LTU,TIMSS,2007,TIMSS,2007.0,0.0,TIMSS_SCIENCE,TIMSS_science,518.5589,+,country,A,outcome,primary_outcome
MAR,TIMSS,2007,TIMSS,2007.0,0.0,TIMSS_SCIENCE,TIMSS_science,401.8307,+,country,A,outcome,primary_outcome
MLT,TIMSS,2007,TIMSS,2007.0,0.0,TIMSS_SCIENCE,TIMSS_science,457.1672,+,country,A,outcome,primary_outcome
MNG,TIMSS,2007,TIMSS,2007.0,0.0,TIMSS_SCIENCE,TIMSS_science,449.3108,+,country,A,outcome,primary_outcome
MYS,TIMSS,2007,TIMSS,2007.0,0.0,TIMSS_SCIENCE,TIMSS_science,470.8015,+,country,A,outcome,primary_outcome
NOR,TIMSS,2007,TIMSS,2007.0,0.0,TIMSS_SCIENCE,TIMSS_science,486.7578,+,country,A,outcome,primary_outcome
OMN,TIMSS,2007,TIMSS,2007.0,0.0,TIMSS_SCIENCE,TIMSS_science,422.502,+,country,A,outcome,primary_outcome
QAT,TIMSS,2007,TIMSS,2007.0,0.0,TIMSS_SCIENCE,TIMSS_science,318.8538,+,country,A,outcome,primary_outcome
ROM,TIMSS,2007,TIMSS,2007.0,0.0,TIMSS_SCIENCE,TIMSS_science,461.9004,+,country,A,outcome,primary_outcome
RUS,TIMSS,2007,TIMSS,2007.0,0.0,TIMSS_SCIENCE,TIMSS_science,529.5702,+,country,A,outcome,primary_outcome
SAU,TIMSS,2007,TIMSS,2007.0,0.0,TIMSS_SCIENCE,TIMSS_science,403.2452,+,country,A,outcome,primary_outcome
SCG,TIMSS,2007,TIMSS,2007.0,0.0,TIMSS_SCIENCE,TIMSS_science,470.3069,+,country,A,outcome,primary_outcome
SCO,TIMSS,2007,TIMSS,2007.0,0.0,TIMSS_SCIENCE,TIMSS_science,495.7318,+,country,A,outcome,primary_outcome
SGP,TIMSS,2007,TIMSS,2007.0,0.0,TIMSS_SCIENCE,TIMSS_science,567.2505,+,country,A,outcome,primary_outcome
SLV,TIMSS,2007,TIMSS,2007.0,0.0,TIMSS_SCIENCE,TIMSS_science,387.2741,+,country,A,outcome,primary_outcome
SWE,TIMSS,2007,TIMSS,2007.0,0.0,TIMSS_SCIENCE,TIMSS_science,510.6904,+,country,A,outcome,primary_outcome
THA,TIMSS,2007,TIMSS,2007.0,0.0,TIMSS_SCIENCE,TIMSS_science,470.6135,+,country,A,outcome,primary_outcome
TUN,TIMSS,2007,TIMSS,2007.0,0.0,TIMSS_SCIENCE,TIMSS_science,444.8976,+,country,A,outcome,primary_outcome
TWN,TIMSS,2007,TIMSS,2007.0,0.0,TIMSS_SCIENCE,TIMSS_science,561.0029,+,country,A,outcome,primary_outcome
UKR,TIMSS,2007,TIMSS,2007.0,0.0,TIMSS_SCIENCE,TIMSS_science,485.063,+,country,A,outcome,primary_outcome
AAD,TIMSS,2011,TIMSS,2011.0,0.0,TIMSS_SCIENCE,TIMSS_science,461.4093,+,country,A,outcome,primary_outcome
ADU,TIMSS,2011,TIMSS,2011.0,0.0,TIMSS_SCIENCE,TIMSS_science,485.0713,+,country,A,outcome,primary_outcome
ARM,TIMSS,2011,TIMSS,2011.0,0.0,TIMSS_SCIENCE,TIMSS_science,436.9247,+,country,A,outcome,primary_outcome
AUS,TIMSS,2011,TIMSS,2011.0,0.0,TIMSS_SCIENCE,TIMSS_science,519.2655,+,country,A,outcome,primary_outcome
BHR,TIMSS,2011,TIMSS,2011.0,0.0,TIMSS_SCIENCE,TIMSS_science,452.4249,+,country,A,outcome,primary_outcome
CAB,TIMSS,2011,TIMSS,2011.0,0.0,TIMSS_SCIENCE,TIMSS_science,545.6025,+,country,A,outcome,primary_outcome
COT,TIMSS,2011,TIMSS,2011.0,0.0,TIMSS_SCIENCE,TIMSS_science,521.2937,+,country,A,outcome,primary_outcome
CQU,TIMSS,2011,TIMSS,2011.0,0.0,TIMSS_SCIENCE,TIMSS_science,519.9151,+,country,A,outcome,primary_outcome
ENG,TIMSS,2011,TIMSS,2011.0,0.0,TIMSS_SCIENCE,TIMSS_science,532.9972,+,country,A,outcome,primary_outcome
GEO,TIMSS,2011,TIMSS,2011.0,0.0,TIMSS_SCIENCE,TIMSS_science,419.9363,+,country,A,outcome,primary_outcome
GHA,TIMSS,2011,TIMSS,2011.0,0.0,TIMSS_SCIENCE,TIMSS_science,305.993,+,country,A,outcome,primary_outcome
HND,TIMSS,2011,TIMSS,2011.0,0.0,TIMSS_SCIENCE,TIMSS_science,368.7654,+,country,A,outcome,primary_outcome
HUN,TIMSS,2011,TIMSS,2011.0,0.0,TIMSS_SCIENCE,TIMSS_science,522.3938,+,country,A,outcome,primary_outcome
IDN,TIMSS,2011,TIMSS,2011.0,0.0,TIMSS_SCIENCE,TIMSS_science,405.6124,+,country,A,outcome,primary_outcome
IRN,TIMSS,2011,TIMSS,2011.0,0.0,TIMSS_SCIENCE,TIMSS_science,474.3855,+,country,A,outcome,primary_outcome
ISR,TIMSS,2011,TIMSS,2011.0,0.0,TIMSS_SCIENCE,TIMSS_science,515.6962,+,country,A,outcome,primary_outcome
ITA,TIMSS,2011,TIMSS,2011.0,0.0,TIMSS_SCIENCE,TIMSS_science,501.1109,+,country,A,outcome,primary_outcome
JOR,TIMSS,2011,TIMSS,2011.0,0.0,TIMSS_SCIENCE,TIMSS_science,449.0001,+,country,A,outcome,primary_outcome
JPN,TIMSS,2011,TIMSS,2011.0,0.0,TIMSS_SCIENCE,TIMSS_science,557.7287,+,country,A,outcome,primary_outcome
KAZ,TIMSS,2011,TIMSS,2011.0,0.0,TIMSS_SCIENCE,TIMSS_science,489.9106,+,country,A,outcome,primary_outcome
KOR,TIMSS,2011,TIMSS,2011.0,0.0,TIMSS_SCIENCE,TIMSS_science,560.1634,+,country,A,outcome,primary_outcome
MAR,TIMSS,2011,TIMSS,2011.0,0.0,TIMSS_SCIENCE,TIMSS_science,375.8871,+,country,A,outcome,primary_outcome
MYS,TIMSS,2011,TIMSS,2011.0,0.0,TIMSS_SCIENCE,TIMSS_science,426.4937,+,country,A,outcome,primary_outcome
NOR,TIMSS,2011,TIMSS,2011.0,0.0,TIMSS_SCIENCE,TIMSS_science,494.374,+,country,A,outcome,primary_outcome
NZL,TIMSS,2011,TIMSS,2011.0,0.0,TIMSS_SCIENCE,TIMSS_science,512.0371,+,country,A,outcome,primary_outcome
PSE,TIMSS,2011,TIMSS,2011.0,0.0,TIMSS_SCIENCE,TIMSS_science,420.455,+,country,A,outcome,primary_outcome
QAT,TIMSS,2011,TIMSS,2011.0,0.0,TIMSS_SCIENCE,TIMSS_science,418.6641,+,country,A,outcome,primary_outcome
ROM,TIMSS,2011,TIMSS,2011.0,0.0,TIMSS_SCIENCE,TIMSS_science,464.6945,+,country,A,outcome,primary_outcome
SAU,TIMSS,2011,TIMSS,2011.0,0.0,TIMSS_SCIENCE,TIMSS_science,436.3522,+,country,A,outcome,primary_outcome
SYR,TIMSS,2011,TIMSS,2011.0,0.0,TIMSS_SCIENCE,TIMSS_science,426.4115,+,country,A,outcome,primary_outcome
THA,TIMSS,2011,TIMSS,2011.0,0.0,TIMSS_SCIENCE,TIMSS_science,450.8923,+,country,A,outcome,primary_outcome
TUN,TIMSS,2011,TIMSS,2011.0,0.0,TIMSS_SCIENCE,TIMSS_science,438.5611,+,country,A,outcome,primary_outcome
TUR,TIMSS,2011,TIMSS,2011.0,0.0,TIMSS_SCIENCE,TIMSS_science,482.9884,+,country,A,outcome,primary_outcome
TWN,TIMSS,2011,TIMSS,2011.0,0.0,TIMSS_SCIENCE,TIMSS_science,563.8045,+,country,A,outcome,primary_outcome
UKR,TIMSS,2011,TIMSS,2011.0,0.0,TIMSS_SCIENCE,TIMSS_science,500.9918,+,country,A,outcome,primary_outcome
USA,TIMSS,2011,TIMSS,2011.0,0.0,TIMSS_SCIENCE,TIMSS_science,524.6016,+,country,A,outcome,primary_outcome
ZAF,TIMSS,2011,TIMSS,2011.0,0.0,TIMSS_SCIENCE,TIMSS_science,331.574,+,country,A,outcome,primary_outcome
AAD,TIMSS,2015,TIMSS,2015.0,0.0,TIMSS_SCIENCE,TIMSS_science,454.2489,+,country,A,outcome,primary_outcome
ABA,TIMSS,2015,TIMSS,2015.0,0.0,TIMSS_SCIENCE,TIMSS_science,386.0132,+,country,A,outcome,primary_outcome
ADU,TIMSS,2015,TIMSS,2015.0,0.0,TIMSS_SCIENCE,TIMSS_science,524.7226,+,country,A,outcome,primary_outcome
ARE,TIMSS,2015,TIMSS,2015.0,0.0,TIMSS_SCIENCE,TIMSS_science,476.6461,+,country,A,outcome,primary_outcome
ARM,TIMSS,2015,TIMSS,2015.0,0.0,TIMSS_SCIENCE,TIMSS_science,460.1724,+,country,A,outcome,primary_outcome
AUS,TIMSS,2015,TIMSS,2015.0,0.0,TIMSS_SCIENCE,TIMSS_science,511.9865,+,country,A,outcome,primary_outcome
BHR,TIMSS,2015,TIMSS,2015.0,0.0,TIMSS_SCIENCE,TIMSS_science,465.8525,+,country,A,outcome,primary_outcome
CAN,TIMSS,2015,TIMSS,2015.0,0.0,TIMSS_SCIENCE,TIMSS_science,526.1718,+,country,A,outcome,primary_outcome
CHL,TIMSS,2015,TIMSS,2015.0,0.0,TIMSS_SCIENCE,TIMSS_science,453.9692,+,country,A,outcome,primary_outcome
COT,TIMSS,2015,TIMSS,2015.0,0.0,TIMSS_SCIENCE,TIMSS_science,523.872,+,country,A,outcome,primary_outcome
CQU,TIMSS,2015,TIMSS,2015.0,0.0,TIMSS_SCIENCE,TIMSS_science,529.7164,+,country,A,outcome,primary_outcome
HKG,TIMSS,2015,TIMSS,2015.0,0.0,TIMSS_SCIENCE,TIMSS_science,545.7604,+,country,A,outcome,primary_outcome
HUN,TIMSS,2015,TIMSS,2015.0,0.0,TIMSS_SCIENCE,TIMSS_science,527.2598,+,country,A,outcome,primary_outcome
IRL,TIMSS,2015,TIMSS,2015.0,0.0,TIMSS_SCIENCE,TIMSS_science,530.0969,+,country,A,outcome,primary_outcome
IRN,TIMSS,2015,TIMSS,2015.0,0.0,TIMSS_SCIENCE,TIMSS_science,456.4247,+,country,A,outcome,primary_outcome
ISR,TIMSS,2015,TIMSS,2015.0,0.0,TIMSS_SCIENCE,TIMSS_science,506.7307,+,country,A,outcome,primary_outcome
ITA,TIMSS,2015,TIMSS,2015.0,0.0,TIMSS_SCIENCE,TIMSS_science,498.9258,+,country,A,outcome,primary_outcome
JOR,TIMSS,2015,TIMSS,2015.0,0.0,TIMSS_SCIENCE,TIMSS_science,426.1643,+,country,A,outcome,primary_outcome
JPN,TIMSS,2015,TIMSS,2015.0,0.0,TIMSS_SCIENCE,TIMSS_science,570.8995,+,country,A,outcome,primary_outcome
KAZ,TIMSS,2015,TIMSS,2015.0,0.0,TIMSS_SCIENCE,TIMSS_science,532.5861,+,country,A,outcome,primary_outcome
KWT,TIMSS,2015,TIMSS,2015.0,0.0,TIMSS_SCIENCE,TIMSS_science,410.7408,+,country,A,outcome,primary_outcome
LBN,TIMSS,2015,TIMSS,2015.0,0.0,TIMSS_SCIENCE,TIMSS_science,398.1567,+,country,A,outcome,primary_outcome
LTU,TIMSS,2015,TIMSS,2015.0,0.0,TIMSS_SCIENCE,TIMSS_science,519.1053,+,country,A,outcome,primary_outcome
MAR,TIMSS,2015,TIMSS,2015.0,0.0,TIMSS_SCIENCE,TIMSS_science,393.2525,+,country,A,outcome,primary_outcome
MLT,TIMSS,2015,TIMSS,2015.0,0.0,TIMSS_SCIENCE,TIMSS_science,481.3606,+,country,A,outcome,primary_outcome
MYS,TIMSS,2015,TIMSS,2015.0,0.0,TIMSS_SCIENCE,TIMSS_science,470.8221,+,country,A,outcome,primary_outcome
OMN,TIMSS,2015,TIMSS,2015.0,0.0,TIMSS_SCIENCE,TIMSS_science,454.5604,+,country,A,outcome,primary_outcome
QAT,TIMSS,2015,TIMSS,2015.0,0.0,TIMSS_SCIENCE,TIMSS_science,456.5158,+,country,A,outcome,primary_outcome
RUS,TIMSS,2015,TIMSS,2015.0,0.0,TIMSS_SCIENCE,TIMSS_science,544.1158,+,country,A,outcome,primary_outcome
SAU,TIMSS,2015,TIMSS,2015.0,0.0,TIMSS_SCIENCE,TIMSS_science,396.4198,+,country,A,outcome,primary_outcome
SGP,TIMSS,2015,TIMSS,2015.0,0.0,TIMSS_SCIENCE,TIMSS_science,596.6444,+,country,A,outcome,primary_outcome
SVN,TIMSS,2015,TIMSS,2015.0,0.0,TIMSS_SCIENCE,TIMSS_science,551.1115,+,country,A,outcome,primary_outcome
THA,TIMSS,2015,TIMSS,2015.0,0.0,TIMSS_SCIENCE,TIMSS_science,455.8449,+,country,A,outcome,primary_outcome
TUR,TIMSS,2015,TIMSS,2015.0,0.0,TIMSS_SCIENCE,TIMSS_science,493.3961,+,country,A,outcome,primary_outcome
ZAF,TIMSS,2015,TIMSS,2015.0,0.0,TIMSS_SCIENCE,TIMSS_science,357.7418,+,country,A,outcome,primary_outcome
AAD,TIMSS,2019,TIMSS,2019.0,0.0,TIMSS_SCIENCE,TIMSS_science,419.5156,+,country,A,outcome,primary_outcome
ADU,TIMSS,2019,TIMSS,2019.0,0.0,TIMSS_SCIENCE,TIMSS_science,546.2008,+,country,A,outcome,primary_outcome
ARE,TIMSS,2019,TIMSS,2019.0,0.0,TIMSS_SCIENCE,TIMSS_science,480.3441,+,country,A,outcome,primary_outcome
AUS,TIMSS,2019,TIMSS,2019.0,0.0,TIMSS_SCIENCE,TIMSS_science,528.337,+,country,A,outcome,primary_outcome
BHR,TIMSS,2019,TIMSS,2019.0,0.0,TIMSS_SCIENCE,TIMSS_science,486.0362,+,country,A,outcome,primary_outcome
CHL,TIMSS,2019,TIMSS,2019.0,0.0,TIMSS_SCIENCE,TIMSS_science,462.7852,+,country,A,outcome,primary_outcome
COT,TIMSS,2019,TIMSS,2019.0,0.0,TIMSS_SCIENCE,TIMSS_science,522.8972,+,country,A,outcome,primary_outcome
CQU,TIMSS,2019,TIMSS,2019.0,0.0,TIMSS_SCIENCE,TIMSS_science,538.0454,+,country,A,outcome,primary_outcome
CYP,TIMSS,2019,TIMSS,2019.0,0.0,TIMSS_SCIENCE,TIMSS_science,483.5546,+,country,A,outcome,primary_outcome
EGY,TIMSS,2019,TIMSS,2019.0,0.0,TIMSS_SCIENCE,TIMSS_science,389.328,+,country,A,outcome,primary_outcome
ENG,TIMSS,2019,TIMSS,2019.0,0.0,TIMSS_SCIENCE,TIMSS_science,523.4179,+,country,A,outcome,primary_outcome
FIN,TIMSS,2019,TIMSS,2019.0,0.0,TIMSS_SCIENCE,TIMSS_science,543.0428,+,country,A,outcome,primary_outcome
FRA,TIMSS,2019,TIMSS,2019.0,0.0,TIMSS_SCIENCE,TIMSS_science,489.6883,+,country,A,outcome,primary_outcome
GEO,TIMSS,2019,TIMSS,2019.0,0.0,TIMSS_SCIENCE,TIMSS_science,440.6152,+,country,A,outcome,primary_outcome
HKG,TIMSS,2019,TIMSS,2019.0,0.0,TIMSS_SCIENCE,TIMSS_science,503.5145,+,country,A,outcome,primary_outcome
HUN,TIMSS,2019,TIMSS,2019.0,0.0,TIMSS_SCIENCE,TIMSS_science,527.7099,+,country,A,outcome,primary_outcome
IRN,TIMSS,2019,TIMSS,2019.0,0.0,TIMSS_SCIENCE,TIMSS_science,449.4148,+,country,A,outcome,primary_outcome
ISR,TIMSS,2019,TIMSS,2019.0,0.0,TIMSS_SCIENCE,TIMSS_science,505.19,+,country,A,outcome,primary_outcome
ITA,TIMSS,2019,TIMSS,2019.0,0.0,TIMSS_SCIENCE,TIMSS_science,495.372,+,country,A,outcome,primary_outcome
JOR,TIMSS,2019,TIMSS,2019.0,0.0,TIMSS_SCIENCE,TIMSS_science,452.0096,+,country,A,outcome,primary_outcome
KAZ,TIMSS,2019,TIMSS,2019.0,0.0,TIMSS_SCIENCE,TIMSS_science,478.0713,+,country,A,outcome,primary_outcome
KOR,TIMSS,2019,TIMSS,2019.0,0.0,TIMSS_SCIENCE,TIMSS_science,560.3149,+,country,A,outcome,primary_outcome
LTU,TIMSS,2019,TIMSS,2019.0,0.0,TIMSS_SCIENCE,TIMSS_science,528.0128,+,country,A,outcome,primary_outcome
MAR,TIMSS,2019,TIMSS,2019.0,0.0,TIMSS_SCIENCE,TIMSS_science,394.1003,+,country,A,outcome,primary_outcome
MYS,TIMSS,2019,TIMSS,2019.0,0.0,TIMSS_SCIENCE,TIMSS_science,460.6795,+,country,A,outcome,primary_outcome
NOR,TIMSS,2019,TIMSS,2019.0,0.0,TIMSS_SCIENCE,TIMSS_science,497.5008,+,country,A,outcome,primary_outcome
NZL,TIMSS,2019,TIMSS,2019.0,0.0,TIMSS_SCIENCE,TIMSS_science,498.8757,+,country,A,outcome,primary_outcome
PRT,TIMSS,2019,TIMSS,2019.0,0.0,TIMSS_SCIENCE,TIMSS_science,518.1378,+,country,A,outcome,primary_outcome
QAT,TIMSS,2019,TIMSS,2019.0,0.0,TIMSS_SCIENCE,TIMSS_science,484.8407,+,country,A,outcome,primary_outcome
RMO,TIMSS,2019,TIMSS,2019.0,0.0,TIMSS_SCIENCE,TIMSS_science,566.6753,+,country,A,outcome,primary_outcome
RUS,TIMSS,2019,TIMSS,2019.0,0.0,TIMSS_SCIENCE,TIMSS_science,542.9377,+,country,A,outcome,primary_outcome
SAU,TIMSS,2019,TIMSS,2019.0,0.0,TIMSS_SCIENCE,TIMSS_science,431.4727,+,country,A,outcome,primary_outcome
SGP,TIMSS,2019,TIMSS,2019.0,0.0,TIMSS_SCIENCE,TIMSS_science,608.8899,+,country,A,outcome,primary_outcome
SWE,TIMSS,2019,TIMSS,2019.0,0.0,TIMSS_SCIENCE,TIMSS_science,521.6837,+,country,A,outcome,primary_outcome
TUR,TIMSS,2019,TIMSS,2019.0,0.0,TIMSS_SCIENCE,TIMSS_science,516.0107,+,country,A,outcome,primary_outcome
TWN,TIMSS,2019,TIMSS,2019.0,0.0,TIMSS_SCIENCE,TIMSS_science,577.1273,+,country,A,outcome,primary_outcome
USA,TIMSS,2019,TIMSS,2019.0,0.0,TIMSS_SCIENCE,TIMSS_science,525.1909,+,country,A,outcome,primary_outcome
ZAF,TIMSS,2019,TIMSS,2019.0,0.0,TIMSS_SCIENCE,TIMSS_science,369.9721,+,country,A,outcome,primary_outcome
AUS,TIMSS_G4,1995,TIMSS_G4,1995.0,0.0,TIMSS_G4_MATHEMATICS,TIMSS_G4_mathematics,485.9045,+,country,A,outcome,primary_outcome
CYP,TIMSS_G4,1995,TIMSS_G4,1995.0,0.0,TIMSS_G4_MATHEMATICS,TIMSS_G4_mathematics,435.4924,+,country,A,outcome,primary_outcome
CZE,TIMSS_G4,1995,TIMSS_G4,1995.0,0.0,TIMSS_G4_MATHEMATICS,TIMSS_G4_mathematics,505.7637,+,country,A,outcome,primary_outcome
ENG,TIMSS_G4,1995,TIMSS_G4,1995.0,0.0,TIMSS_G4_MATHEMATICS,TIMSS_G4_mathematics,453.0551,+,country,A,outcome,primary_outcome
GRC,TIMSS_G4,1995,TIMSS_G4,1995.0,0.0,TIMSS_G4_MATHEMATICS,TIMSS_G4_mathematics,428.48,+,country,A,outcome,primary_outcome
HKG,TIMSS_G4,1995,TIMSS_G4,1995.0,0.0,TIMSS_G4_MATHEMATICS,TIMSS_G4_mathematics,530.2315,+,country,A,outcome,primary_outcome
IRN,TIMSS_G4,1995,TIMSS_G4,1995.0,0.0,TIMSS_G4_MATHEMATICS,TIMSS_G4_mathematics,356.6559,+,country,A,outcome,primary_outcome
ISL,TIMSS_G4,1995,TIMSS_G4,1995.0,0.0,TIMSS_G4_MATHEMATICS,TIMSS_G4_mathematics,416.1517,+,country,A,outcome,primary_outcome
ISR,TIMSS_G4,1995,TIMSS_G4,1995.0,0.0,TIMSS_G4_MATHEMATICS,TIMSS_G4_mathematics,505.3744,+,country,A,outcome,primary_outcome
JPN,TIMSS_G4,1995,TIMSS_G4,1995.0,0.0,TIMSS_G4_MATHEMATICS,TIMSS_G4_mathematics,540.5077,+,country,A,outcome,primary_outcome
KOR,TIMSS_G4,1995,TIMSS_G4,1995.0,0.0,TIMSS_G4_MATHEMATICS,TIMSS_G4_mathematics,559.781,+,country,A,outcome,primary_outcome
KWT,TIMSS_G4,1995,TIMSS_G4,1995.0,0.0,TIMSS_G4_MATHEMATICS,TIMSS_G4_mathematics,351.4572,+,country,A,outcome,primary_outcome
LVA,TIMSS_G4,1995,TIMSS_G4,1995.0,0.0,TIMSS_G4_MATHEMATICS,TIMSS_G4_mathematics,469.3679,+,country,A,outcome,primary_outcome
NLD,TIMSS_G4,1995,TIMSS_G4,1995.0,0.0,TIMSS_G4_MATHEMATICS,TIMSS_G4_mathematics,509.5365,+,country,A,outcome,primary_outcome
NOR,TIMSS_G4,1995,TIMSS_G4,1995.0,0.0,TIMSS_G4_MATHEMATICS,TIMSS_G4_mathematics,432.1461,+,country,A,outcome,primary_outcome
NZL,TIMSS_G4,1995,TIMSS_G4,1995.0,0.0,TIMSS_G4_MATHEMATICS,TIMSS_G4_mathematics,437.2578,+,country,A,outcome,primary_outcome
PRT,TIMSS_G4,1995,TIMSS_G4,1995.0,0.0,TIMSS_G4_MATHEMATICS,TIMSS_G4_mathematics,415.6327,+,country,A,outcome,primary_outcome
SCO,TIMSS_G4,1995,TIMSS_G4,1995.0,0.0,TIMSS_G4_MATHEMATICS,TIMSS_G4_mathematics,459.804,+,country,A,outcome,primary_outcome
SGP,TIMSS_G4,1995,TIMSS_G4,1995.0,0.0,TIMSS_G4_MATHEMATICS,TIMSS_G4_mathematics,556.959,+,country,A,outcome,primary_outcome
SVN,TIMSS_G4,1995,TIMSS_G4,1995.0,0.0,TIMSS_G4_MATHEMATICS,TIMSS_G4_mathematics,493.626,+,country,A,outcome,primary_outcome
THA,TIMSS_G4,1995,TIMSS_G4,1995.0,0.0,TIMSS_G4_MATHEMATICS,TIMSS_G4_mathematics,440.194,+,country,A,outcome,primary_outcome
USA,TIMSS_G4,1995,TIMSS_G4,1995.0,0.0,TIMSS_G4_MATHEMATICS,TIMSS_G4_mathematics,485.1006,+,country,A,outcome,primary_outcome
ARM,TIMSS_G4,2003,TIMSS_G4,2003.0,0.0,TIMSS_G4_MATHEMATICS,TIMSS_G4_mathematics,455.9249,+,country,A,outcome,primary_outcome
AUS,TIMSS_G4,2003,TIMSS_G4,2003.0,0.0,TIMSS_G4_MATHEMATICS,TIMSS_G4_mathematics,498.6633,+,country,A,outcome,primary_outcome
BFL,TIMSS_G4,2003,TIMSS_G4,2003.0,0.0,TIMSS_G4_MATHEMATICS,TIMSS_G4_mathematics,550.6008,+,country,A,outcome,primary_outcome
COT,TIMSS_G4,2003,TIMSS_G4,2003.0,0.0,TIMSS_G4_MATHEMATICS,TIMSS_G4_mathematics,511.1842,+,country,A,outcome,primary_outcome
CQU,TIMSS_G4,2003,TIMSS_G4,2003.0,0.0,TIMSS_G4_MATHEMATICS,TIMSS_G4_mathematics,505.8475,+,country,A,outcome,primary_outcome
ENG,TIMSS_G4,2003,TIMSS_G4,2003.0,0.0,TIMSS_G4_MATHEMATICS,TIMSS_G4_mathematics,531.1823,+,country,A,outcome,primary_outcome
HKG,TIMSS_G4,2003,TIMSS_G4,2003.0,0.0,TIMSS_G4_MATHEMATICS,TIMSS_G4_mathematics,574.7823,+,country,A,outcome,primary_outcome
HUN,TIMSS_G4,2003,TIMSS_G4,2003.0,0.0,TIMSS_G4_MATHEMATICS,TIMSS_G4_mathematics,528.5023,+,country,A,outcome,primary_outcome
ITA,TIMSS_G4,2003,TIMSS_G4,2003.0,0.0,TIMSS_G4_MATHEMATICS,TIMSS_G4_mathematics,502.7621,+,country,A,outcome,primary_outcome
JPN,TIMSS_G4,2003,TIMSS_G4,2003.0,0.0,TIMSS_G4_MATHEMATICS,TIMSS_G4_mathematics,564.5561,+,country,A,outcome,primary_outcome
MAR,TIMSS_G4,2003,TIMSS_G4,2003.0,0.0,TIMSS_G4_MATHEMATICS,TIMSS_G4_mathematics,346.8071,+,country,A,outcome,primary_outcome
NLD,TIMSS_G4,2003,TIMSS_G4,2003.0,0.0,TIMSS_G4_MATHEMATICS,TIMSS_G4_mathematics,540.3734,+,country,A,outcome,primary_outcome
NOR,TIMSS_G4,2003,TIMSS_G4,2003.0,0.0,TIMSS_G4_MATHEMATICS,TIMSS_G4_mathematics,451.3425,+,country,A,outcome,primary_outcome
NZL,TIMSS_G4,2003,TIMSS_G4,2003.0,0.0,TIMSS_G4_MATHEMATICS,TIMSS_G4_mathematics,493.4637,+,country,A,outcome,primary_outcome
PHL,TIMSS_G4,2003,TIMSS_G4,2003.0,0.0,TIMSS_G4_MATHEMATICS,TIMSS_G4_mathematics,358.1947,+,country,A,outcome,primary_outcome
RUS,TIMSS_G4,2003,TIMSS_G4,2003.0,0.0,TIMSS_G4_MATHEMATICS,TIMSS_G4_mathematics,531.6823,+,country,A,outcome,primary_outcome
SCO,TIMSS_G4,2003,TIMSS_G4,2003.0,0.0,TIMSS_G4_MATHEMATICS,TIMSS_G4_mathematics,490.3209,+,country,A,outcome,primary_outcome
SVN,TIMSS_G4,2003,TIMSS_G4,2003.0,0.0,TIMSS_G4_MATHEMATICS,TIMSS_G4_mathematics,478.795,+,country,A,outcome,primary_outcome
TUN,TIMSS_G4,2003,TIMSS_G4,2003.0,0.0,TIMSS_G4_MATHEMATICS,TIMSS_G4_mathematics,339.3,+,country,A,outcome,primary_outcome
TWN,TIMSS_G4,2003,TIMSS_G4,2003.0,0.0,TIMSS_G4_MATHEMATICS,TIMSS_G4_mathematics,563.9486,+,country,A,outcome,primary_outcome
UIN,TIMSS_G4,2003,TIMSS_G4,2003.0,0.0,TIMSS_G4_MATHEMATICS,TIMSS_G4_mathematics,532.8736,+,country,A,outcome,primary_outcome
USA,TIMSS_G4,2003,TIMSS_G4,2003.0,0.0,TIMSS_G4_MATHEMATICS,TIMSS_G4_mathematics,518.2842,+,country,A,outcome,primary_outcome
ADU,TIMSS_G4,2007,TIMSS_G4,2007.0,0.0,TIMSS_G4_MATHEMATICS,TIMSS_G4_mathematics,444.3338,+,country,A,outcome,primary_outcome
ARM,TIMSS_G4,2007,TIMSS_G4,2007.0,0.0,TIMSS_G4_MATHEMATICS,TIMSS_G4_mathematics,499.5128,+,country,A,outcome,primary_outcome
AUS,TIMSS_G4,2007,TIMSS_G4,2007.0,0.0,TIMSS_G4_MATHEMATICS,TIMSS_G4_mathematics,516.0625,+,country,A,outcome,primary_outcome
AUT,TIMSS_G4,2007,TIMSS_G4,2007.0,0.0,TIMSS_G4_MATHEMATICS,TIMSS_G4_mathematics,505.3886,+,country,A,outcome,primary_outcome
CAB,TIMSS_G4,2007,TIMSS_G4,2007.0,0.0,TIMSS_G4_MATHEMATICS,TIMSS_G4_mathematics,505.3204,+,country,A,outcome,primary_outcome
CBC,TIMSS_G4,2007,TIMSS_G4,2007.0,0.0,TIMSS_G4_MATHEMATICS,TIMSS_G4_mathematics,505.2194,+,country,A,outcome,primary_outcome
COL,TIMSS_G4,2007,TIMSS_G4,2007.0,0.0,TIMSS_G4_MATHEMATICS,TIMSS_G4_mathematics,355.4504,+,country,A,outcome,primary_outcome
COT,TIMSS_G4,2007,TIMSS_G4,2007.0,0.0,TIMSS_G4_MATHEMATICS,TIMSS_G4_mathematics,511.6142,+,country,A,outcome,primary_outcome
CQU,TIMSS_G4,2007,TIMSS_G4,2007.0,0.0,TIMSS_G4_MATHEMATICS,TIMSS_G4_mathematics,519.1031,+,country,A,outcome,primary_outcome
CZE,TIMSS_G4,2007,TIMSS_G4,2007.0,0.0,TIMSS_G4_MATHEMATICS,TIMSS_G4_mathematics,486.3994,+,country,A,outcome,primary_outcome
DNK,TIMSS_G4,2007,TIMSS_G4,2007.0,0.0,TIMSS_G4_MATHEMATICS,TIMSS_G4_mathematics,523.1058,+,country,A,outcome,primary_outcome
DZA,TIMSS_G4,2007,TIMSS_G4,2007.0,0.0,TIMSS_G4_MATHEMATICS,TIMSS_G4_mathematics,377.6451,+,country,A,outcome,primary_outcome
GEO,TIMSS_G4,2007,TIMSS_G4,2007.0,0.0,TIMSS_G4_MATHEMATICS,TIMSS_G4_mathematics,438.4579,+,country,A,outcome,primary_outcome
HUN,TIMSS_G4,2007,TIMSS_G4,2007.0,0.0,TIMSS_G4_MATHEMATICS,TIMSS_G4_mathematics,509.7197,+,country,A,outcome,primary_outcome
IRN,TIMSS_G4,2007,TIMSS_G4,2007.0,0.0,TIMSS_G4_MATHEMATICS,TIMSS_G4_mathematics,402.4216,+,country,A,outcome,primary_outcome
ITA,TIMSS_G4,2007,TIMSS_G4,2007.0,0.0,TIMSS_G4_MATHEMATICS,TIMSS_G4_mathematics,506.7498,+,country,A,outcome,primary_outcome
KAZ,TIMSS_G4,2007,TIMSS_G4,2007.0,0.0,TIMSS_G4_MATHEMATICS,TIMSS_G4_mathematics,549.3478,+,country,A,outcome,primary_outcome
KWT,TIMSS_G4,2007,TIMSS_G4,2007.0,0.0,TIMSS_G4_MATHEMATICS,TIMSS_G4_mathematics,315.5353,+,country,A,outcome,primary_outcome
LTU,TIMSS_G4,2007,TIMSS_G4,2007.0,0.0,TIMSS_G4_MATHEMATICS,TIMSS_G4_mathematics,529.7988,+,country,A,outcome,primary_outcome
LVA,TIMSS_G4,2007,TIMSS_G4,2007.0,0.0,TIMSS_G4_MATHEMATICS,TIMSS_G4_mathematics,537.2002,+,country,A,outcome,primary_outcome
MNG,TIMSS_G4,2007,TIMSS_G4,2007.0,0.0,TIMSS_G4_MATHEMATICS,TIMSS_G4_mathematics,435.5953,+,country,A,outcome,primary_outcome
NLD,TIMSS_G4,2007,TIMSS_G4,2007.0,0.0,TIMSS_G4_MATHEMATICS,TIMSS_G4_mathematics,534.9518,+,country,A,outcome,primary_outcome
NOR,TIMSS_G4,2007,TIMSS_G4,2007.0,0.0,TIMSS_G4_MATHEMATICS,TIMSS_G4_mathematics,473.2164,+,country,A,outcome,primary_outcome
NZL,TIMSS_G4,2007,TIMSS_G4,2007.0,0.0,TIMSS_G4_MATHEMATICS,TIMSS_G4_mathematics,492.4753,+,country,A,outcome,primary_outcome
QAT,TIMSS_G4,2007,TIMSS_G4,2007.0,0.0,TIMSS_G4_MATHEMATICS,TIMSS_G4_mathematics,296.2682,+,country,A,outcome,primary_outcome
SLV,TIMSS_G4,2007,TIMSS_G4,2007.0,0.0,TIMSS_G4_MATHEMATICS,TIMSS_G4_mathematics,329.9056,+,country,A,outcome,primary_outcome
SVK,TIMSS_G4,2007,TIMSS_G4,2007.0,0.0,TIMSS_G4_MATHEMATICS,TIMSS_G4_mathematics,495.9748,+,country,A,outcome,primary_outcome
SVN,TIMSS_G4,2007,TIMSS_G4,2007.0,0.0,TIMSS_G4_MATHEMATICS,TIMSS_G4_mathematics,501.8426,+,country,A,outcome,primary_outcome
SWE,TIMSS_G4,2007,TIMSS_G4,2007.0,0.0,TIMSS_G4_MATHEMATICS,TIMSS_G4_mathematics,502.574,+,country,A,outcome,primary_outcome
TUN,TIMSS_G4,2007,TIMSS_G4,2007.0,0.0,TIMSS_G4_MATHEMATICS,TIMSS_G4_mathematics,327.4354,+,country,A,outcome,primary_outcome
TWN,TIMSS_G4,2007,TIMSS_G4,2007.0,0.0,TIMSS_G4_MATHEMATICS,TIMSS_G4_mathematics,575.8192,+,country,A,outcome,primary_outcome
UKR,TIMSS_G4,2007,TIMSS_G4,2007.0,0.0,TIMSS_G4_MATHEMATICS,TIMSS_G4_mathematics,469.0033,+,country,A,outcome,primary_outcome
UMA,TIMSS_G4,2007,TIMSS_G4,2007.0,0.0,TIMSS_G4_MATHEMATICS,TIMSS_G4_mathematics,572.4842,+,country,A,outcome,primary_outcome
UMN,TIMSS_G4,2007,TIMSS_G4,2007.0,0.0,TIMSS_G4_MATHEMATICS,TIMSS_G4_mathematics,554.1172,+,country,A,outcome,primary_outcome
YEM,TIMSS_G4,2007,TIMSS_G4,2007.0,0.0,TIMSS_G4_MATHEMATICS,TIMSS_G4_mathematics,223.6826,+,country,A,outcome,primary_outcome
ADU,TIMSS_G4,2011,TIMSS_G4,2011.0,0.0,TIMSS_G4_MATHEMATICS,TIMSS_G4_mathematics,467.8804,+,country,A,outcome,primary_outcome
ARE,TIMSS_G4,2011,TIMSS_G4,2011.0,0.0,TIMSS_G4_MATHEMATICS,TIMSS_G4_mathematics,434.3831,+,country,A,outcome,primary_outcome
ARM,TIMSS_G4,2011,TIMSS_G4,2011.0,0.0,TIMSS_G4_MATHEMATICS,TIMSS_G4_mathematics,452.2821,+,country,A,outcome,primary_outcome
AUS,TIMSS_G4,2011,TIMSS_G4,2011.0,0.0,TIMSS_G4_MATHEMATICS,TIMSS_G4_mathematics,515.9317,+,country,A,outcome,primary_outcome
AUT,TIMSS_G4,2011,TIMSS_G4,2011.0,0.0,TIMSS_G4_MATHEMATICS,TIMSS_G4_mathematics,508.3109,+,country,A,outcome,primary_outcome
AZE,TIMSS_G4,2011,TIMSS_G4,2011.0,0.0,TIMSS_G4_MATHEMATICS,TIMSS_G4_mathematics,462.7507,+,country,A,outcome,primary_outcome
BFL,TIMSS_G4,2011,TIMSS_G4,2011.0,0.0,TIMSS_G4_MATHEMATICS,TIMSS_G4_mathematics,549.1849,+,country,A,outcome,primary_outcome
BHR,TIMSS_G4,2011,TIMSS_G4,2011.0,0.0,TIMSS_G4_MATHEMATICS,TIMSS_G4_mathematics,436.0368,+,country,A,outcome,primary_outcome
CAB,TIMSS_G4,2011,TIMSS_G4,2011.0,0.0,TIMSS_G4_MATHEMATICS,TIMSS_G4_mathematics,506.5501,+,country,A,outcome,primary_outcome
COT,TIMSS_G4,2011,TIMSS_G4,2011.0,0.0,TIMSS_G4_MATHEMATICS,TIMSS_G4_mathematics,517.8829,+,country,A,outcome,primary_outcome
CQU,TIMSS_G4,2011,TIMSS_G4,2011.0,0.0,TIMSS_G4_MATHEMATICS,TIMSS_G4_mathematics,532.7976,+,country,A,outcome,primary_outcome
ENG,TIMSS_G4,2011,TIMSS_G4,2011.0,0.0,TIMSS_G4_MATHEMATICS,TIMSS_G4_mathematics,542.3643,+,country,A,outcome,primary_outcome
FIN,TIMSS_G4,2011,TIMSS_G4,2011.0,0.0,TIMSS_G4_MATHEMATICS,TIMSS_G4_mathematics,545.4379,+,country,A,outcome,primary_outcome
HKG,TIMSS_G4,2011,TIMSS_G4,2011.0,0.0,TIMSS_G4_MATHEMATICS,TIMSS_G4_mathematics,601.6088,+,country,A,outcome,primary_outcome
HND,TIMSS_G4,2011,TIMSS_G4,2011.0,0.0,TIMSS_G4_MATHEMATICS,TIMSS_G4_mathematics,396.4456,+,country,A,outcome,primary_outcome
HUN,TIMSS_G4,2011,TIMSS_G4,2011.0,0.0,TIMSS_G4_MATHEMATICS,TIMSS_G4_mathematics,515.3955,+,country,A,outcome,primary_outcome
IRL,TIMSS_G4,2011,TIMSS_G4,2011.0,0.0,TIMSS_G4_MATHEMATICS,TIMSS_G4_mathematics,527.3953,+,country,A,outcome,primary_outcome
ITA,TIMSS_G4,2011,TIMSS_G4,2011.0,0.0,TIMSS_G4_MATHEMATICS,TIMSS_G4_mathematics,507.821,+,country,A,outcome,primary_outcome
KAZ,TIMSS_G4,2011,TIMSS_G4,2011.0,0.0,TIMSS_G4_MATHEMATICS,TIMSS_G4_mathematics,501.0016,+,country,A,outcome,primary_outcome
KWT,TIMSS_G4,2011,TIMSS_G4,2011.0,0.0,TIMSS_G4_MATHEMATICS,TIMSS_G4_mathematics,341.7575,+,country,A,outcome,primary_outcome
LTU,TIMSS_G4,2011,TIMSS_G4,2011.0,0.0,TIMSS_G4_MATHEMATICS,TIMSS_G4_mathematics,533.6899,+,country,A,outcome,primary_outcome
MAR,TIMSS_G4,2011,TIMSS_G4,2011.0,0.0,TIMSS_G4_MATHEMATICS,TIMSS_G4_mathematics,334.5938,+,country,A,outcome,primary_outcome
MLT,TIMSS_G4,2011,TIMSS_G4,2011.0,0.0,TIMSS_G4_MATHEMATICS,TIMSS_G4_mathematics,495.766,+,country,A,outcome,primary_outcome
NLD,TIMSS_G4,2011,TIMSS_G4,2011.0,0.0,TIMSS_G4_MATHEMATICS,TIMSS_G4_mathematics,540.0542,+,country,A,outcome,primary_outcome
OMN,TIMSS_G4,2011,TIMSS_G4,2011.0,0.0,TIMSS_G4_MATHEMATICS,TIMSS_G4_mathematics,384.8565,+,country,A,outcome,primary_outcome
POL,TIMSS_G4,2011,TIMSS_G4,2011.0,0.0,TIMSS_G4_MATHEMATICS,TIMSS_G4_mathematics,481.1649,+,country,A,outcome,primary_outcome
QAT,TIMSS_G4,2011,TIMSS_G4,2011.0,0.0,TIMSS_G4_MATHEMATICS,TIMSS_G4_mathematics,412.9159,+,country,A,outcome,primary_outcome
ROM,TIMSS_G4,2011,TIMSS_G4,2011.0,0.0,TIMSS_G4_MATHEMATICS,TIMSS_G4_mathematics,482.2807,+,country,A,outcome,primary_outcome
RUS,TIMSS_G4,2011,TIMSS_G4,2011.0,0.0,TIMSS_G4_MATHEMATICS,TIMSS_G4_mathematics,542.0973,+,country,A,outcome,primary_outcome
SAU,TIMSS_G4,2011,TIMSS_G4,2011.0,0.0,TIMSS_G4_MATHEMATICS,TIMSS_G4_mathematics,410.2095,+,country,A,outcome,primary_outcome
SGP,TIMSS_G4,2011,TIMSS_G4,2011.0,0.0,TIMSS_G4_MATHEMATICS,TIMSS_G4_mathematics,605.786,+,country,A,outcome,primary_outcome
SRB,TIMSS_G4,2011,TIMSS_G4,2011.0,0.0,TIMSS_G4_MATHEMATICS,TIMSS_G4_mathematics,515.9359,+,country,A,outcome,primary_outcome
SVK,TIMSS_G4,2011,TIMSS_G4,2011.0,0.0,TIMSS_G4_MATHEMATICS,TIMSS_G4_mathematics,506.7691,+,country,A,outcome,primary_outcome
SVN,TIMSS_G4,2011,TIMSS_G4,2011.0,0.0,TIMSS_G4_MATHEMATICS,TIMSS_G4_mathematics,513.0257,+,country,A,outcome,primary_outcome
SWE,TIMSS_G4,2011,TIMSS_G4,2011.0,0.0,TIMSS_G4_MATHEMATICS,TIMSS_G4_mathematics,503.9378,+,country,A,outcome,primary_outcome
THA,TIMSS_G4,2011,TIMSS_G4,2011.0,0.0,TIMSS_G4_MATHEMATICS,TIMSS_G4_mathematics,457.9759,+,country,A,outcome,primary_outcome
TUN,TIMSS_G4,2011,TIMSS_G4,2011.0,0.0,TIMSS_G4_MATHEMATICS,TIMSS_G4_mathematics,359.3446,+,country,A,outcome,primary_outcome
TWN,TIMSS_G4,2011,TIMSS_G4,2011.0,0.0,TIMSS_G4_MATHEMATICS,TIMSS_G4_mathematics,591.2061,+,country,A,outcome,primary_outcome
USA,TIMSS_G4,2011,TIMSS_G4,2011.0,0.0,TIMSS_G4_MATHEMATICS,TIMSS_G4_mathematics,540.6493,+,country,A,outcome,primary_outcome
AAD,TIMSS_G4,2015,TIMSS_G4,2015.0,0.0,TIMSS_G4_MATHEMATICS,TIMSS_G4_mathematics,419.2901,+,country,A,outcome,primary_outcome
ABA,TIMSS_G4,2015,TIMSS_G4,2015.0,0.0,TIMSS_G4_MATHEMATICS,TIMSS_G4_mathematics,419.7848,+,country,A,outcome,primary_outcome
BHR,TIMSS_G4,2015,TIMSS_G4,2015.0,0.0,TIMSS_G4_MATHEMATICS,TIMSS_G4_mathematics,451.0328,+,country,A,outcome,primary_outcome
CAN,TIMSS_G4,2015,TIMSS_G4,2015.0,0.0,TIMSS_G4_MATHEMATICS,TIMSS_G4_mathematics,510.5564,+,country,A,outcome,primary_outcome
CHL,TIMSS_G4,2015,TIMSS_G4,2015.0,0.0,TIMSS_G4_MATHEMATICS,TIMSS_G4_mathematics,458.5823,+,country,A,outcome,primary_outcome
COT,TIMSS_G4,2015,TIMSS_G4,2015.0,0.0,TIMSS_G4_MATHEMATICS,TIMSS_G4_mathematics,512.4599,+,country,A,outcome,primary_outcome
CQU,TIMSS_G4,2015,TIMSS_G4,2015.0,0.0,TIMSS_G4_MATHEMATICS,TIMSS_G4_mathematics,535.8314,+,country,A,outcome,primary_outcome
CZE,TIMSS_G4,2015,TIMSS_G4,2015.0,0.0,TIMSS_G4_MATHEMATICS,TIMSS_G4_mathematics,528.138,+,country,A,outcome,primary_outcome
DEU,TIMSS_G4,2015,TIMSS_G4,2015.0,0.0,TIMSS_G4_MATHEMATICS,TIMSS_G4_mathematics,521.634,+,country,A,outcome,primary_outcome
DNK,TIMSS_G4,2015,TIMSS_G4,2015.0,0.0,TIMSS_G4_MATHEMATICS,TIMSS_G4_mathematics,538.6533,+,country,A,outcome,primary_outcome
ESP,TIMSS_G4,2015,TIMSS_G4,2015.0,0.0,TIMSS_G4_MATHEMATICS,TIMSS_G4_mathematics,505.0949,+,country,A,outcome,primary_outcome
FIN,TIMSS_G4,2015,TIMSS_G4,2015.0,0.0,TIMSS_G4_MATHEMATICS,TIMSS_G4_mathematics,535.288,+,country,A,outcome,primary_outcome
GEO,TIMSS_G4,2015,TIMSS_G4,2015.0,0.0,TIMSS_G4_MATHEMATICS,TIMSS_G4_mathematics,463.1491,+,country,A,outcome,primary_outcome
HKG,TIMSS_G4,2015,TIMSS_G4,2015.0,0.0,TIMSS_G4_MATHEMATICS,TIMSS_G4_mathematics,614.5197,+,country,A,outcome,primary_outcome
HRV,TIMSS_G4,2015,TIMSS_G4,2015.0,0.0,TIMSS_G4_MATHEMATICS,TIMSS_G4_mathematics,502.3352,+,country,A,outcome,primary_outcome
HUN,TIMSS_G4,2015,TIMSS_G4,2015.0,0.0,TIMSS_G4_MATHEMATICS,TIMSS_G4_mathematics,529.1908,+,country,A,outcome,primary_outcome
IDN,TIMSS_G4,2015,TIMSS_G4,2015.0,0.0,TIMSS_G4_MATHEMATICS,TIMSS_G4_mathematics,397.4628,+,country,A,outcome,primary_outcome
IRL,TIMSS_G4,2015,TIMSS_G4,2015.0,0.0,TIMSS_G4_MATHEMATICS,TIMSS_G4_mathematics,547.3368,+,country,A,outcome,primary_outcome
IRN,TIMSS_G4,2015,TIMSS_G4,2015.0,0.0,TIMSS_G4_MATHEMATICS,TIMSS_G4_mathematics,431.4881,+,country,A,outcome,primary_outcome
ITA,TIMSS_G4,2015,TIMSS_G4,2015.0,0.0,TIMSS_G4_MATHEMATICS,TIMSS_G4_mathematics,506.8483,+,country,A,outcome,primary_outcome
JPN,TIMSS_G4,2015,TIMSS_G4,2015.0,0.0,TIMSS_G4_MATHEMATICS,TIMSS_G4_mathematics,592.826,+,country,A,outcome,primary_outcome
KAZ,TIMSS_G4,2015,TIMSS_G4,2015.0,0.0,TIMSS_G4_MATHEMATICS,TIMSS_G4_mathematics,544.42,+,country,A,outcome,primary_outcome
KOR,TIMSS_G4,2015,TIMSS_G4,2015.0,0.0,TIMSS_G4_MATHEMATICS,TIMSS_G4_mathematics,608.0351,+,country,A,outcome,primary_outcome
KWT,TIMSS_G4,2015,TIMSS_G4,2015.0,0.0,TIMSS_G4_MATHEMATICS,TIMSS_G4_mathematics,353.0642,+,country,A,outcome,primary_outcome
LTU,TIMSS_G4,2015,TIMSS_G4,2015.0,0.0,TIMSS_G4_MATHEMATICS,TIMSS_G4_mathematics,535.3409,+,country,A,outcome,primary_outcome
MAR,TIMSS_G4,2015,TIMSS_G4,2015.0,0.0,TIMSS_G4_MATHEMATICS,TIMSS_G4_mathematics,379.4736,+,country,A,outcome,primary_outcome
NIR,TIMSS_G4,2015,TIMSS_G4,2015.0,0.0,TIMSS_G4_MATHEMATICS,TIMSS_G4_mathematics,570.261,+,country,A,outcome,primary_outcome
NLD,TIMSS_G4,2015,TIMSS_G4,2015.0,0.0,TIMSS_G4_MATHEMATICS,TIMSS_G4_mathematics,529.8187,+,country,A,outcome,primary_outcome
NOR,TIMSS_G4,2015,TIMSS_G4,2015.0,0.0,TIMSS_G4_MATHEMATICS,TIMSS_G4_mathematics,549.0799,+,country,A,outcome,primary_outcome
NZL,TIMSS_G4,2015,TIMSS_G4,2015.0,0.0,TIMSS_G4_MATHEMATICS,TIMSS_G4_mathematics,490.5609,+,country,A,outcome,primary_outcome
OMN,TIMSS_G4,2015,TIMSS_G4,2015.0,0.0,TIMSS_G4_MATHEMATICS,TIMSS_G4_mathematics,425.4828,+,country,A,outcome,primary_outcome
PRT,TIMSS_G4,2015,TIMSS_G4,2015.0,0.0,TIMSS_G4_MATHEMATICS,TIMSS_G4_mathematics,541.2002,+,country,A,outcome,primary_outcome
QAT,TIMSS_G4,2015,TIMSS_G4,2015.0,0.0,TIMSS_G4_MATHEMATICS,TIMSS_G4_mathematics,438.9958,+,country,A,outcome,primary_outcome
SRB,TIMSS_G4,2015,TIMSS_G4,2015.0,0.0,TIMSS_G4_MATHEMATICS,TIMSS_G4_mathematics,517.9984,+,country,A,outcome,primary_outcome
SVK,TIMSS_G4,2015,TIMSS_G4,2015.0,0.0,TIMSS_G4_MATHEMATICS,TIMSS_G4_mathematics,498.2473,+,country,A,outcome,primary_outcome
SVN,TIMSS_G4,2015,TIMSS_G4,2015.0,0.0,TIMSS_G4_MATHEMATICS,TIMSS_G4_mathematics,519.8749,+,country,A,outcome,primary_outcome
SWE,TIMSS_G4,2015,TIMSS_G4,2015.0,0.0,TIMSS_G4_MATHEMATICS,TIMSS_G4_mathematics,518.6467,+,country,A,outcome,primary_outcome
TUR,TIMSS_G4,2015,TIMSS_G4,2015.0,0.0,TIMSS_G4_MATHEMATICS,TIMSS_G4_mathematics,483.1501,+,country,A,outcome,primary_outcome
TWN,TIMSS_G4,2015,TIMSS_G4,2015.0,0.0,TIMSS_G4_MATHEMATICS,TIMSS_G4_mathematics,596.619,+,country,A,outcome,primary_outcome
USA,TIMSS_G4,2015,TIMSS_G4,2015.0,0.0,TIMSS_G4_MATHEMATICS,TIMSS_G4_mathematics,539.1556,+,country,A,outcome,primary_outcome
ZAF,TIMSS_G4,2015,TIMSS_G4,2015.0,0.0,TIMSS_G4_MATHEMATICS,TIMSS_G4_mathematics,375.7376,+,country,A,outcome,primary_outcome
AAD,TIMSS_G4,2019,TIMSS_G4,2019.0,0.0,TIMSS_G4_MATHEMATICS,TIMSS_G4_mathematics,440.1146,+,country,A,outcome,primary_outcome
ADU,TIMSS_G4,2019,TIMSS_G4,2019.0,0.0,TIMSS_G4_MATHEMATICS,TIMSS_G4_mathematics,543.4064,+,country,A,outcome,primary_outcome
ALB,TIMSS_G4,2019,TIMSS_G4,2019.0,0.0,TIMSS_G4_MATHEMATICS,TIMSS_G4_mathematics,494.0175,+,country,A,outcome,primary_outcome
ARE,TIMSS_G4,2019,TIMSS_G4,2019.0,0.0,TIMSS_G4_MATHEMATICS,TIMSS_G4_mathematics,488.7269,+,country,A,outcome,primary_outcome
ARM,TIMSS_G4,2019,TIMSS_G4,2019.0,0.0,TIMSS_G4_MATHEMATICS,TIMSS_G4_mathematics,498.1854,+,country,A,outcome,primary_outcome
AUS,TIMSS_G4,2019,TIMSS_G4,2019.0,0.0,TIMSS_G4_MATHEMATICS,TIMSS_G4_mathematics,515.8801,+,country,A,outcome,primary_outcome
AUT,TIMSS_G4,2019,TIMSS_G4,2019.0,0.0,TIMSS_G4_MATHEMATICS,TIMSS_G4_mathematics,537.3422,+,country,A,outcome,primary_outcome
AZE,TIMSS_G4,2019,TIMSS_G4,2019.0,0.0,TIMSS_G4_MATHEMATICS,TIMSS_G4_mathematics,515.4546,+,country,A,outcome,primary_outcome
BFL,TIMSS_G4,2019,TIMSS_G4,2019.0,0.0,TIMSS_G4_MATHEMATICS,TIMSS_G4_mathematics,532.4429,+,country,A,outcome,primary_outcome
CAN,TIMSS_G4,2019,TIMSS_G4,2019.0,0.0,TIMSS_G4_MATHEMATICS,TIMSS_G4_mathematics,511.5895,+,country,A,outcome,primary_outcome
CHL,TIMSS_G4,2019,TIMSS_G4,2019.0,0.0,TIMSS_G4_MATHEMATICS,TIMSS_G4_mathematics,441.4517,+,country,A,outcome,primary_outcome
COT,TIMSS_G4,2019,TIMSS_G4,2019.0,0.0,TIMSS_G4_MATHEMATICS,TIMSS_G4_mathematics,511.8805,+,country,A,outcome,primary_outcome
CQU,TIMSS_G4,2019,TIMSS_G4,2019.0,0.0,TIMSS_G4_MATHEMATICS,TIMSS_G4_mathematics,531.7841,+,country,A,outcome,primary_outcome
CYP,TIMSS_G4,2019,TIMSS_G4,2019.0,0.0,TIMSS_G4_MATHEMATICS,TIMSS_G4_mathematics,532.0938,+,country,A,outcome,primary_outcome
CZE,TIMSS_G4,2019,TIMSS_G4,2019.0,0.0,TIMSS_G4_MATHEMATICS,TIMSS_G4_mathematics,528.4997,+,country,A,outcome,primary_outcome
DEU,TIMSS_G4,2019,TIMSS_G4,2019.0,0.0,TIMSS_G4_MATHEMATICS,TIMSS_G4_mathematics,519.271,+,country,A,outcome,primary_outcome
DNK,TIMSS_G4,2019,TIMSS_G4,2019.0,0.0,TIMSS_G4_MATHEMATICS,TIMSS_G4_mathematics,526.2179,+,country,A,outcome,primary_outcome
EMA,TIMSS_G4,2019,TIMSS_G4,2019.0,0.0,TIMSS_G4_MATHEMATICS,TIMSS_G4_mathematics,518.6246,+,country,A,outcome,primary_outcome
ENG,TIMSS_G4,2019,TIMSS_G4,2019.0,0.0,TIMSS_G4_MATHEMATICS,TIMSS_G4_mathematics,555.3227,+,country,A,outcome,primary_outcome
ESP,TIMSS_G4,2019,TIMSS_G4,2019.0,0.0,TIMSS_G4_MATHEMATICS,TIMSS_G4_mathematics,502.4739,+,country,A,outcome,primary_outcome
FIN,TIMSS_G4,2019,TIMSS_G4,2019.0,0.0,TIMSS_G4_MATHEMATICS,TIMSS_G4_mathematics,532.3972,+,country,A,outcome,primary_outcome
FRA,TIMSS_G4,2019,TIMSS_G4,2019.0,0.0,TIMSS_G4_MATHEMATICS,TIMSS_G4_mathematics,482.7399,+,country,A,outcome,primary_outcome
GEO,TIMSS_G4,2019,TIMSS_G4,2019.0,0.0,TIMSS_G4_MATHEMATICS,TIMSS_G4_mathematics,489.6988,+,country,A,outcome,primary_outcome
HKG,TIMSS_G4,2019,TIMSS_G4,2019.0,0.0,TIMSS_G4_MATHEMATICS,TIMSS_G4_mathematics,603.2682,+,country,A,outcome,primary_outcome
HRV,TIMSS_G4,2019,TIMSS_G4,2019.0,0.0,TIMSS_G4_MATHEMATICS,TIMSS_G4_mathematics,511.0552,+,country,A,outcome,primary_outcome
HUN,TIMSS_G4,2019,TIMSS_G4,2019.0,0.0,TIMSS_G4_MATHEMATICS,TIMSS_G4_mathematics,525.8749,+,country,A,outcome,primary_outcome
IRL,TIMSS_G4,2019,TIMSS_G4,2019.0,0.0,TIMSS_G4_MATHEMATICS,TIMSS_G4_mathematics,548.4654,+,country,A,outcome,primary_outcome
IRN,TIMSS_G4,2019,TIMSS_G4,2019.0,0.0,TIMSS_G4_MATHEMATICS,TIMSS_G4_mathematics,443.035,+,country,A,outcome,primary_outcome
ITA,TIMSS_G4,2019,TIMSS_G4,2019.0,0.0,TIMSS_G4_MATHEMATICS,TIMSS_G4_mathematics,514.708,+,country,A,outcome,primary_outcome
KAZ,TIMSS_G4,2019,TIMSS_G4,2019.0,0.0,TIMSS_G4_MATHEMATICS,TIMSS_G4_mathematics,512.0887,+,country,A,outcome,primary_outcome
KOR,TIMSS_G4,2019,TIMSS_G4,2019.0,0.0,TIMSS_G4_MATHEMATICS,TIMSS_G4_mathematics,599.1942,+,country,A,outcome,primary_outcome
KWT,TIMSS_G4,2019,TIMSS_G4,2019.0,0.0,TIMSS_G4_MATHEMATICS,TIMSS_G4_mathematics,383.3179,+,country,A,outcome,primary_outcome
LTU,TIMSS_G4,2019,TIMSS_G4,2019.0,0.0,TIMSS_G4_MATHEMATICS,TIMSS_G4_mathematics,542.1313,+,country,A,outcome,primary_outcome
LVA,TIMSS_G4,2019,TIMSS_G4,2019.0,0.0,TIMSS_G4_MATHEMATICS,TIMSS_G4_mathematics,546.1333,+,country,A,outcome,primary_outcome
MAR,TIMSS_G4,2019,TIMSS_G4,2019.0,0.0,TIMSS_G4_MATHEMATICS,TIMSS_G4_mathematics,383.388,+,country,A,outcome,primary_outcome
MKD,TIMSS_G4,2019,TIMSS_G4,2019.0,0.0,TIMSS_G4_MATHEMATICS,TIMSS_G4_mathematics,471.7201,+,country,A,outcome,primary_outcome
MLT,TIMSS_G4,2019,TIMSS_G4,2019.0,0.0,TIMSS_G4_MATHEMATICS,TIMSS_G4_mathematics,509.2751,+,country,A,outcome,primary_outcome
MNE,TIMSS_G4,2019,TIMSS_G4,2019.0,0.0,TIMSS_G4_MATHEMATICS,TIMSS_G4_mathematics,452.78,+,country,A,outcome,primary_outcome
NIR,TIMSS_G4,2019,TIMSS_G4,2019.0,0.0,TIMSS_G4_MATHEMATICS,TIMSS_G4_mathematics,565.7995,+,country,A,outcome,primary_outcome
NLD,TIMSS_G4,2019,TIMSS_G4,2019.0,0.0,TIMSS_G4_MATHEMATICS,TIMSS_G4_mathematics,535.1827,+,country,A,outcome,primary_outcome
NOR,TIMSS_G4,2019,TIMSS_G4,2019.0,0.0,TIMSS_G4_MATHEMATICS,TIMSS_G4_mathematics,542.2656,+,country,A,outcome,primary_outcome
NZL,TIMSS_G4,2019,TIMSS_G4,2019.0,0.0,TIMSS_G4_MATHEMATICS,TIMSS_G4_mathematics,487.1918,+,country,A,outcome,primary_outcome
OMN,TIMSS_G4,2019,TIMSS_G4,2019.0,0.0,TIMSS_G4_MATHEMATICS,TIMSS_G4_mathematics,430.8736,+,country,A,outcome,primary_outcome
PAK,TIMSS_G4,2019,TIMSS_G4,2019.0,0.0,TIMSS_G4_MATHEMATICS,TIMSS_G4_mathematics,327.6905,+,country,A,outcome,primary_outcome
PHL,TIMSS_G4,2019,TIMSS_G4,2019.0,0.0,TIMSS_G4_MATHEMATICS,TIMSS_G4_mathematics,296.6752,+,country,A,outcome,primary_outcome
POL,TIMSS_G4,2019,TIMSS_G4,2019.0,0.0,TIMSS_G4_MATHEMATICS,TIMSS_G4_mathematics,520.1396,+,country,A,outcome,primary_outcome
PRT,TIMSS_G4,2019,TIMSS_G4,2019.0,0.0,TIMSS_G4_MATHEMATICS,TIMSS_G4_mathematics,530.3065,+,country,A,outcome,primary_outcome
QAT,TIMSS_G4,2019,TIMSS_G4,2019.0,0.0,TIMSS_G4_MATHEMATICS,TIMSS_G4_mathematics,449.2973,+,country,A,outcome,primary_outcome
RMO,TIMSS_G4,2019,TIMSS_G4,2019.0,0.0,TIMSS_G4_MATHEMATICS,TIMSS_G4_mathematics,592.5591,+,country,A,outcome,primary_outcome
RUS,TIMSS_G4,2019,TIMSS_G4,2019.0,0.0,TIMSS_G4_MATHEMATICS,TIMSS_G4_mathematics,566.947,+,country,A,outcome,primary_outcome
SAU,TIMSS_G4,2019,TIMSS_G4,2019.0,0.0,TIMSS_G4_MATHEMATICS,TIMSS_G4_mathematics,398.0931,+,country,A,outcome,primary_outcome
SGP,TIMSS_G4,2019,TIMSS_G4,2019.0,0.0,TIMSS_G4_MATHEMATICS,TIMSS_G4_mathematics,628.3895,+,country,A,outcome,primary_outcome
SRB,TIMSS_G4,2019,TIMSS_G4,2019.0,0.0,TIMSS_G4_MATHEMATICS,TIMSS_G4_mathematics,507.8811,+,country,A,outcome,primary_outcome
SVK,TIMSS_G4,2019,TIMSS_G4,2019.0,0.0,TIMSS_G4_MATHEMATICS,TIMSS_G4_mathematics,508.7407,+,country,A,outcome,primary_outcome
SWE,TIMSS_G4,2019,TIMSS_G4,2019.0,0.0,TIMSS_G4_MATHEMATICS,TIMSS_G4_mathematics,518.844,+,country,A,outcome,primary_outcome
TUR,TIMSS_G4,2019,TIMSS_G4,2019.0,0.0,TIMSS_G4_MATHEMATICS,TIMSS_G4_mathematics,522.1314,+,country,A,outcome,primary_outcome
TWN,TIMSS_G4,2019,TIMSS_G4,2019.0,0.0,TIMSS_G4_MATHEMATICS,TIMSS_G4_mathematics,598.6887,+,country,A,outcome,primary_outcome
USA,TIMSS_G4,2019,TIMSS_G4,2019.0,0.0,TIMSS_G4_MATHEMATICS,TIMSS_G4_mathematics,535.0088,+,country,A,outcome,primary_outcome
XKX,TIMSS_G4,2019,TIMSS_G4,2019.0,0.0,TIMSS_G4_MATHEMATICS,TIMSS_G4_mathematics,444.3537,+,country,A,outcome,primary_outcome
ZAF,TIMSS_G4,2019,TIMSS_G4,2019.0,0.0,TIMSS_G4_MATHEMATICS,TIMSS_G4_mathematics,373.5645,+,country,A,outcome,primary_outcome
AUS,TIMSS_G4,1995,TIMSS_G4,1995.0,0.0,TIMSS_G4_SCIENCE,TIMSS_G4_science,514.2141,+,country,A,outcome,primary_outcome
CYP,TIMSS_G4,1995,TIMSS_G4,1995.0,0.0,TIMSS_G4_SCIENCE,TIMSS_G4_science,416.9639,+,country,A,outcome,primary_outcome
CZE,TIMSS_G4,1995,TIMSS_G4,1995.0,0.0,TIMSS_G4_SCIENCE,TIMSS_G4_science,500.7487,+,country,A,outcome,primary_outcome
ENG,TIMSS_G4,1995,TIMSS_G4,1995.0,0.0,TIMSS_G4_SCIENCE,TIMSS_G4_science,501.0653,+,country,A,outcome,primary_outcome
GRC,TIMSS_G4,1995,TIMSS_G4,1995.0,0.0,TIMSS_G4_SCIENCE,TIMSS_G4_science,446.8421,+,country,A,outcome,primary_outcome
HKG,TIMSS_G4,1995,TIMSS_G4,1995.0,0.0,TIMSS_G4_SCIENCE,TIMSS_G4_science,483.6712,+,country,A,outcome,primary_outcome
IRN,TIMSS_G4,1995,TIMSS_G4,1995.0,0.0,TIMSS_G4_SCIENCE,TIMSS_G4_science,341.3351,+,country,A,outcome,primary_outcome
ISL,TIMSS_G4,1995,TIMSS_G4,1995.0,0.0,TIMSS_G4_SCIENCE,TIMSS_G4_science,441.3708,+,country,A,outcome,primary_outcome
ISR,TIMSS_G4,1995,TIMSS_G4,1995.0,0.0,TIMSS_G4_SCIENCE,TIMSS_G4_science,482.4728,+,country,A,outcome,primary_outcome
JPN,TIMSS_G4,1995,TIMSS_G4,1995.0,0.0,TIMSS_G4_SCIENCE,TIMSS_G4_science,527.565,+,country,A,outcome,primary_outcome
KOR,TIMSS_G4,1995,TIMSS_G4,1995.0,0.0,TIMSS_G4_SCIENCE,TIMSS_G4_science,555.184,+,country,A,outcome,primary_outcome
KWT,TIMSS_G4,1995,TIMSS_G4,1995.0,0.0,TIMSS_G4_SCIENCE,TIMSS_G4_science,360.0573,+,country,A,outcome,primary_outcome
LVA,TIMSS_G4,1995,TIMSS_G4,1995.0,0.0,TIMSS_G4_SCIENCE,TIMSS_G4_science,464.874,+,country,A,outcome,primary_outcome
NLD,TIMSS_G4,1995,TIMSS_G4,1995.0,0.0,TIMSS_G4_SCIENCE,TIMSS_G4_science,502.9933,+,country,A,outcome,primary_outcome
NOR,TIMSS_G4,1995,TIMSS_G4,1995.0,0.0,TIMSS_G4_SCIENCE,TIMSS_G4_science,461.7301,+,country,A,outcome,primary_outcome
NZL,TIMSS_G4,1995,TIMSS_G4,1995.0,0.0,TIMSS_G4_SCIENCE,TIMSS_G4_science,477.4337,+,country,A,outcome,primary_outcome
PRT,TIMSS_G4,1995,TIMSS_G4,1995.0,0.0,TIMSS_G4_SCIENCE,TIMSS_G4_science,422.133,+,country,A,outcome,primary_outcome
SCO,TIMSS_G4,1995,TIMSS_G4,1995.0,0.0,TIMSS_G4_SCIENCE,TIMSS_G4_science,486.2358,+,country,A,outcome,primary_outcome
SGP,TIMSS_G4,1995,TIMSS_G4,1995.0,0.0,TIMSS_G4_SCIENCE,TIMSS_G4_science,490.0381,+,country,A,outcome,primary_outcome
SVN,TIMSS_G4,1995,TIMSS_G4,1995.0,0.0,TIMSS_G4_SCIENCE,TIMSS_G4_science,493.1684,+,country,A,outcome,primary_outcome
THA,TIMSS_G4,1995,TIMSS_G4,1995.0,0.0,TIMSS_G4_SCIENCE,TIMSS_G4_science,425.5455,+,country,A,outcome,primary_outcome
USA,TIMSS_G4,1995,TIMSS_G4,1995.0,0.0,TIMSS_G4_SCIENCE,TIMSS_G4_science,513.8748,+,country,A,outcome,primary_outcome
ARM,TIMSS_G4,2003,TIMSS_G4,2003.0,0.0,TIMSS_G4_SCIENCE,TIMSS_G4_science,436.5281,+,country,A,outcome,primary_outcome
AUS,TIMSS_G4,2003,TIMSS_G4,2003.0,0.0,TIMSS_G4_SCIENCE,TIMSS_G4_science,520.6911,+,country,A,outcome,primary_outcome
BFL,TIMSS_G4,2003,TIMSS_G4,2003.0,0.0,TIMSS_G4_SCIENCE,TIMSS_G4_science,518.3421,+,country,A,outcome,primary_outcome
COT,TIMSS_G4,2003,TIMSS_G4,2003.0,0.0,TIMSS_G4_SCIENCE,TIMSS_G4_science,540.205,+,country,A,outcome,primary_outcome
CQU,TIMSS_G4,2003,TIMSS_G4,2003.0,0.0,TIMSS_G4_SCIENCE,TIMSS_G4_science,500.3921,+,country,A,outcome,primary_outcome
ENG,TIMSS_G4,2003,TIMSS_G4,2003.0,0.0,TIMSS_G4_SCIENCE,TIMSS_G4_science,540.2402,+,country,A,outcome,primary_outcome
HKG,TIMSS_G4,2003,TIMSS_G4,2003.0,0.0,TIMSS_G4_SCIENCE,TIMSS_G4_science,542.4826,+,country,A,outcome,primary_outcome
HUN,TIMSS_G4,2003,TIMSS_G4,2003.0,0.0,TIMSS_G4_SCIENCE,TIMSS_G4_science,529.7275,+,country,A,outcome,primary_outcome
ITA,TIMSS_G4,2003,TIMSS_G4,2003.0,0.0,TIMSS_G4_SCIENCE,TIMSS_G4_science,515.6404,+,country,A,outcome,primary_outcome
JPN,TIMSS_G4,2003,TIMSS_G4,2003.0,0.0,TIMSS_G4_SCIENCE,TIMSS_G4_science,543.4686,+,country,A,outcome,primary_outcome
MAR,TIMSS_G4,2003,TIMSS_G4,2003.0,0.0,TIMSS_G4_SCIENCE,TIMSS_G4_science,304.3918,+,country,A,outcome,primary_outcome
NLD,TIMSS_G4,2003,TIMSS_G4,2003.0,0.0,TIMSS_G4_SCIENCE,TIMSS_G4_science,525.1246,+,country,A,outcome,primary_outcome
NOR,TIMSS_G4,2003,TIMSS_G4,2003.0,0.0,TIMSS_G4_SCIENCE,TIMSS_G4_science,466.3464,+,country,A,outcome,primary_outcome
NZL,TIMSS_G4,2003,TIMSS_G4,2003.0,0.0,TIMSS_G4_SCIENCE,TIMSS_G4_science,519.6712,+,country,A,outcome,primary_outcome
PHL,TIMSS_G4,2003,TIMSS_G4,2003.0,0.0,TIMSS_G4_SCIENCE,TIMSS_G4_science,331.6199,+,country,A,outcome,primary_outcome
RUS,TIMSS_G4,2003,TIMSS_G4,2003.0,0.0,TIMSS_G4_SCIENCE,TIMSS_G4_science,526.1874,+,country,A,outcome,primary_outcome
SCO,TIMSS_G4,2003,TIMSS_G4,2003.0,0.0,TIMSS_G4_SCIENCE,TIMSS_G4_science,501.9748,+,country,A,outcome,primary_outcome
SVN,TIMSS_G4,2003,TIMSS_G4,2003.0,0.0,TIMSS_G4_SCIENCE,TIMSS_G4_science,490.3647,+,country,A,outcome,primary_outcome
TUN,TIMSS_G4,2003,TIMSS_G4,2003.0,0.0,TIMSS_G4_SCIENCE,TIMSS_G4_science,313.9885,+,country,A,outcome,primary_outcome
TWN,TIMSS_G4,2003,TIMSS_G4,2003.0,0.0,TIMSS_G4_SCIENCE,TIMSS_G4_science,551.3547,+,country,A,outcome,primary_outcome
UIN,TIMSS_G4,2003,TIMSS_G4,2003.0,0.0,TIMSS_G4_SCIENCE,TIMSS_G4_science,553.2871,+,country,A,outcome,primary_outcome
USA,TIMSS_G4,2003,TIMSS_G4,2003.0,0.0,TIMSS_G4_SCIENCE,TIMSS_G4_science,535.6305,+,country,A,outcome,primary_outcome
ADU,TIMSS_G4,2007,TIMSS_G4,2007.0,0.0,TIMSS_G4_SCIENCE,TIMSS_G4_science,459.6483,+,country,A,outcome,primary_outcome
ARM,TIMSS_G4,2007,TIMSS_G4,2007.0,0.0,TIMSS_G4_SCIENCE,TIMSS_G4_science,484.3868,+,country,A,outcome,primary_outcome
AUS,TIMSS_G4,2007,TIMSS_G4,2007.0,0.0,TIMSS_G4_SCIENCE,TIMSS_G4_science,527.3967,+,country,A,outcome,primary_outcome
AUT,TIMSS_G4,2007,TIMSS_G4,2007.0,0.0,TIMSS_G4_SCIENCE,TIMSS_G4_science,525.6268,+,country,A,outcome,primary_outcome
CAB,TIMSS_G4,2007,TIMSS_G4,2007.0,0.0,TIMSS_G4_SCIENCE,TIMSS_G4_science,542.5885,+,country,A,outcome,primary_outcome
CBC,TIMSS_G4,2007,TIMSS_G4,2007.0,0.0,TIMSS_G4_SCIENCE,TIMSS_G4_science,536.69,+,country,A,outcome,primary_outcome
COL,TIMSS_G4,2007,TIMSS_G4,2007.0,0.0,TIMSS_G4_SCIENCE,TIMSS_G4_science,400.3046,+,country,A,outcome,primary_outcome
COT,TIMSS_G4,2007,TIMSS_G4,2007.0,0.0,TIMSS_G4_SCIENCE,TIMSS_G4_science,535.8687,+,country,A,outcome,primary_outcome
CQU,TIMSS_G4,2007,TIMSS_G4,2007.0,0.0,TIMSS_G4_SCIENCE,TIMSS_G4_science,517.1224,+,country,A,outcome,primary_outcome
CZE,TIMSS_G4,2007,TIMSS_G4,2007.0,0.0,TIMSS_G4_SCIENCE,TIMSS_G4_science,515.0518,+,country,A,outcome,primary_outcome
DNK,TIMSS_G4,2007,TIMSS_G4,2007.0,0.0,TIMSS_G4_SCIENCE,TIMSS_G4_science,516.9172,+,country,A,outcome,primary_outcome
DZA,TIMSS_G4,2007,TIMSS_G4,2007.0,0.0,TIMSS_G4_SCIENCE,TIMSS_G4_science,353.8193,+,country,A,outcome,primary_outcome
GEO,TIMSS_G4,2007,TIMSS_G4,2007.0,0.0,TIMSS_G4_SCIENCE,TIMSS_G4_science,417.6372,+,country,A,outcome,primary_outcome
HUN,TIMSS_G4,2007,TIMSS_G4,2007.0,0.0,TIMSS_G4_SCIENCE,TIMSS_G4_science,536.2259,+,country,A,outcome,primary_outcome
IRN,TIMSS_G4,2007,TIMSS_G4,2007.0,0.0,TIMSS_G4_SCIENCE,TIMSS_G4_science,435.6388,+,country,A,outcome,primary_outcome
ITA,TIMSS_G4,2007,TIMSS_G4,2007.0,0.0,TIMSS_G4_SCIENCE,TIMSS_G4_science,535.2168,+,country,A,outcome,primary_outcome
KAZ,TIMSS_G4,2007,TIMSS_G4,2007.0,0.0,TIMSS_G4_SCIENCE,TIMSS_G4_science,532.8304,+,country,A,outcome,primary_outcome
KWT,TIMSS_G4,2007,TIMSS_G4,2007.0,0.0,TIMSS_G4_SCIENCE,TIMSS_G4_science,348.1511,+,country,A,outcome,primary_outcome
LTU,TIMSS_G4,2007,TIMSS_G4,2007.0,0.0,TIMSS_G4_SCIENCE,TIMSS_G4_science,514.2051,+,country,A,outcome,primary_outcome
LVA,TIMSS_G4,2007,TIMSS_G4,2007.0,0.0,TIMSS_G4_SCIENCE,TIMSS_G4_science,541.8951,+,country,A,outcome,primary_outcome
MNG,TIMSS_G4,2007,TIMSS_G4,2007.0,0.0,TIMSS_G4_SCIENCE,TIMSS_G4_science,421.397,+,country,A,outcome,primary_outcome
NLD,TIMSS_G4,2007,TIMSS_G4,2007.0,0.0,TIMSS_G4_SCIENCE,TIMSS_G4_science,523.1763,+,country,A,outcome,primary_outcome
NOR,TIMSS_G4,2007,TIMSS_G4,2007.0,0.0,TIMSS_G4_SCIENCE,TIMSS_G4_science,476.5508,+,country,A,outcome,primary_outcome
NZL,TIMSS_G4,2007,TIMSS_G4,2007.0,0.0,TIMSS_G4_SCIENCE,TIMSS_G4_science,504.0658,+,country,A,outcome,primary_outcome
QAT,TIMSS_G4,2007,TIMSS_G4,2007.0,0.0,TIMSS_G4_SCIENCE,TIMSS_G4_science,294.3956,+,country,A,outcome,primary_outcome
SLV,TIMSS_G4,2007,TIMSS_G4,2007.0,0.0,TIMSS_G4_SCIENCE,TIMSS_G4_science,389.583,+,country,A,outcome,primary_outcome
SVK,TIMSS_G4,2007,TIMSS_G4,2007.0,0.0,TIMSS_G4_SCIENCE,TIMSS_G4_science,525.6914,+,country,A,outcome,primary_outcome
SVN,TIMSS_G4,2007,TIMSS_G4,2007.0,0.0,TIMSS_G4_SCIENCE,TIMSS_G4_science,518.3925,+,country,A,outcome,primary_outcome
SWE,TIMSS_G4,2007,TIMSS_G4,2007.0,0.0,TIMSS_G4_SCIENCE,TIMSS_G4_science,524.8102,+,country,A,outcome,primary_outcome
TUN,TIMSS_G4,2007,TIMSS_G4,2007.0,0.0,TIMSS_G4_SCIENCE,TIMSS_G4_science,318.4744,+,country,A,outcome,primary_outcome
TWN,TIMSS_G4,2007,TIMSS_G4,2007.0,0.0,TIMSS_G4_SCIENCE,TIMSS_G4_science,556.6963,+,country,A,outcome,primary_outcome
UKR,TIMSS_G4,2007,TIMSS_G4,2007.0,0.0,TIMSS_G4_SCIENCE,TIMSS_G4_science,473.8136,+,country,A,outcome,primary_outcome
UMA,TIMSS_G4,2007,TIMSS_G4,2007.0,0.0,TIMSS_G4_SCIENCE,TIMSS_G4_science,570.8943,+,country,A,outcome,primary_outcome
UMN,TIMSS_G4,2007,TIMSS_G4,2007.0,0.0,TIMSS_G4_SCIENCE,TIMSS_G4_science,551.4777,+,country,A,outcome,primary_outcome
YEM,TIMSS_G4,2007,TIMSS_G4,2007.0,0.0,TIMSS_G4_SCIENCE,TIMSS_G4_science,197.3648,+,country,A,outcome,primary_outcome
ADU,TIMSS_G4,2011,TIMSS_G4,2011.0,0.0,TIMSS_G4_SCIENCE,TIMSS_G4_science,461.2419,+,country,A,outcome,primary_outcome
ARE,TIMSS_G4,2011,TIMSS_G4,2011.0,0.0,TIMSS_G4_SCIENCE,TIMSS_G4_science,427.829,+,country,A,outcome,primary_outcome
ARM,TIMSS_G4,2011,TIMSS_G4,2011.0,0.0,TIMSS_G4_SCIENCE,TIMSS_G4_science,416.0832,+,country,A,outcome,primary_outcome
AUS,TIMSS_G4,2011,TIMSS_G4,2011.0,0.0,TIMSS_G4_SCIENCE,TIMSS_G4_science,515.5933,+,country,A,outcome,primary_outcome
AUT,TIMSS_G4,2011,TIMSS_G4,2011.0,0.0,TIMSS_G4_SCIENCE,TIMSS_G4_science,531.5022,+,country,A,outcome,primary_outcome
AZE,TIMSS_G4,2011,TIMSS_G4,2011.0,0.0,TIMSS_G4_SCIENCE,TIMSS_G4_science,438.0663,+,country,A,outcome,primary_outcome
BFL,TIMSS_G4,2011,TIMSS_G4,2011.0,0.0,TIMSS_G4_SCIENCE,TIMSS_G4_science,508.55,+,country,A,outcome,primary_outcome
BHR,TIMSS_G4,2011,TIMSS_G4,2011.0,0.0,TIMSS_G4_SCIENCE,TIMSS_G4_science,449.4156,+,country,A,outcome,primary_outcome
CAB,TIMSS_G4,2011,TIMSS_G4,2011.0,0.0,TIMSS_G4_SCIENCE,TIMSS_G4_science,541.2533,+,country,A,outcome,primary_outcome
COT,TIMSS_G4,2011,TIMSS_G4,2011.0,0.0,TIMSS_G4_SCIENCE,TIMSS_G4_science,527.5905,+,country,A,outcome,primary_outcome
CQU,TIMSS_G4,2011,TIMSS_G4,2011.0,0.0,TIMSS_G4_SCIENCE,TIMSS_G4_science,516.4002,+,country,A,outcome,primary_outcome
ENG,TIMSS_G4,2011,TIMSS_G4,2011.0,0.0,TIMSS_G4_SCIENCE,TIMSS_G4_science,528.7813,+,country,A,outcome,primary_outcome
FIN,TIMSS_G4,2011,TIMSS_G4,2011.0,0.0,TIMSS_G4_SCIENCE,TIMSS_G4_science,570.2206,+,country,A,outcome,primary_outcome
HKG,TIMSS_G4,2011,TIMSS_G4,2011.0,0.0,TIMSS_G4_SCIENCE,TIMSS_G4_science,534.9477,+,country,A,outcome,primary_outcome
HND,TIMSS_G4,2011,TIMSS_G4,2011.0,0.0,TIMSS_G4_SCIENCE,TIMSS_G4_science,432.3087,+,country,A,outcome,primary_outcome
HUN,TIMSS_G4,2011,TIMSS_G4,2011.0,0.0,TIMSS_G4_SCIENCE,TIMSS_G4_science,534.3866,+,country,A,outcome,primary_outcome
IRL,TIMSS_G4,2011,TIMSS_G4,2011.0,0.0,TIMSS_G4_SCIENCE,TIMSS_G4_science,516.0549,+,country,A,outcome,primary_outcome
ITA,TIMSS_G4,2011,TIMSS_G4,2011.0,0.0,TIMSS_G4_SCIENCE,TIMSS_G4_science,523.8551,+,country,A,outcome,primary_outcome
KAZ,TIMSS_G4,2011,TIMSS_G4,2011.0,0.0,TIMSS_G4_SCIENCE,TIMSS_G4_science,494.5325,+,country,A,outcome,primary_outcome
KWT,TIMSS_G4,2011,TIMSS_G4,2011.0,0.0,TIMSS_G4_SCIENCE,TIMSS_G4_science,347.1358,+,country,A,outcome,primary_outcome
LTU,TIMSS_G4,2011,TIMSS_G4,2011.0,0.0,TIMSS_G4_SCIENCE,TIMSS_G4_science,514.6282,+,country,A,outcome,primary_outcome
MAR,TIMSS_G4,2011,TIMSS_G4,2011.0,0.0,TIMSS_G4_SCIENCE,TIMSS_G4_science,263.6544,+,country,A,outcome,primary_outcome
MLT,TIMSS_G4,2011,TIMSS_G4,2011.0,0.0,TIMSS_G4_SCIENCE,TIMSS_G4_science,445.8257,+,country,A,outcome,primary_outcome
NLD,TIMSS_G4,2011,TIMSS_G4,2011.0,0.0,TIMSS_G4_SCIENCE,TIMSS_G4_science,531.1561,+,country,A,outcome,primary_outcome
OMN,TIMSS_G4,2011,TIMSS_G4,2011.0,0.0,TIMSS_G4_SCIENCE,TIMSS_G4_science,377.0061,+,country,A,outcome,primary_outcome
POL,TIMSS_G4,2011,TIMSS_G4,2011.0,0.0,TIMSS_G4_SCIENCE,TIMSS_G4_science,504.8919,+,country,A,outcome,primary_outcome
QAT,TIMSS_G4,2011,TIMSS_G4,2011.0,0.0,TIMSS_G4_SCIENCE,TIMSS_G4_science,394.1559,+,country,A,outcome,primary_outcome
ROM,TIMSS_G4,2011,TIMSS_G4,2011.0,0.0,TIMSS_G4_SCIENCE,TIMSS_G4_science,505.3852,+,country,A,outcome,primary_outcome
RUS,TIMSS_G4,2011,TIMSS_G4,2011.0,0.0,TIMSS_G4_SCIENCE,TIMSS_G4_science,552.3455,+,country,A,outcome,primary_outcome
SAU,TIMSS_G4,2011,TIMSS_G4,2011.0,0.0,TIMSS_G4_SCIENCE,TIMSS_G4_science,429.3868,+,country,A,outcome,primary_outcome
SGP,TIMSS_G4,2011,TIMSS_G4,2011.0,0.0,TIMSS_G4_SCIENCE,TIMSS_G4_science,583.3389,+,country,A,outcome,primary_outcome
SRB,TIMSS_G4,2011,TIMSS_G4,2011.0,0.0,TIMSS_G4_SCIENCE,TIMSS_G4_science,515.5076,+,country,A,outcome,primary_outcome
SVK,TIMSS_G4,2011,TIMSS_G4,2011.0,0.0,TIMSS_G4_SCIENCE,TIMSS_G4_science,531.8046,+,country,A,outcome,primary_outcome
SVN,TIMSS_G4,2011,TIMSS_G4,2011.0,0.0,TIMSS_G4_SCIENCE,TIMSS_G4_science,520.2802,+,country,A,outcome,primary_outcome
SWE,TIMSS_G4,2011,TIMSS_G4,2011.0,0.0,TIMSS_G4_SCIENCE,TIMSS_G4_science,533.4812,+,country,A,outcome,primary_outcome
THA,TIMSS_G4,2011,TIMSS_G4,2011.0,0.0,TIMSS_G4_SCIENCE,TIMSS_G4_science,471.5708,+,country,A,outcome,primary_outcome
TUN,TIMSS_G4,2011,TIMSS_G4,2011.0,0.0,TIMSS_G4_SCIENCE,TIMSS_G4_science,345.6063,+,country,A,outcome,primary_outcome
TWN,TIMSS_G4,2011,TIMSS_G4,2011.0,0.0,TIMSS_G4_SCIENCE,TIMSS_G4_science,551.7028,+,country,A,outcome,primary_outcome
USA,TIMSS_G4,2011,TIMSS_G4,2011.0,0.0,TIMSS_G4_SCIENCE,TIMSS_G4_science,543.8407,+,country,A,outcome,primary_outcome
AAD,TIMSS_G4,2015,TIMSS_G4,2015.0,0.0,TIMSS_G4_SCIENCE,TIMSS_G4_science,414.7105,+,country,A,outcome,primary_outcome
ABA,TIMSS_G4,2015,TIMSS_G4,2015.0,0.0,TIMSS_G4_SCIENCE,TIMSS_G4_science,417.8347,+,country,A,outcome,primary_outcome
BHR,TIMSS_G4,2015,TIMSS_G4,2015.0,0.0,TIMSS_G4_SCIENCE,TIMSS_G4_science,458.812,+,country,A,outcome,primary_outcome
CAN,TIMSS_G4,2015,TIMSS_G4,2015.0,0.0,TIMSS_G4_SCIENCE,TIMSS_G4_science,524.7821,+,country,A,outcome,primary_outcome
CHL,TIMSS_G4,2015,TIMSS_G4,2015.0,0.0,TIMSS_G4_SCIENCE,TIMSS_G4_science,477.7105,+,country,A,outcome,primary_outcome
COT,TIMSS_G4,2015,TIMSS_G4,2015.0,0.0,TIMSS_G4_SCIENCE,TIMSS_G4_science,530.3701,+,country,A,outcome,primary_outcome
CQU,TIMSS_G4,2015,TIMSS_G4,2015.0,0.0,TIMSS_G4_SCIENCE,TIMSS_G4_science,524.5089,+,country,A,outcome,primary_outcome
CZE,TIMSS_G4,2015,TIMSS_G4,2015.0,0.0,TIMSS_G4_SCIENCE,TIMSS_G4_science,534.3801,+,country,A,outcome,primary_outcome
DEU,TIMSS_G4,2015,TIMSS_G4,2015.0,0.0,TIMSS_G4_SCIENCE,TIMSS_G4_science,528.4667,+,country,A,outcome,primary_outcome
DNK,TIMSS_G4,2015,TIMSS_G4,2015.0,0.0,TIMSS_G4_SCIENCE,TIMSS_G4_science,527.029,+,country,A,outcome,primary_outcome
ESP,TIMSS_G4,2015,TIMSS_G4,2015.0,0.0,TIMSS_G4_SCIENCE,TIMSS_G4_science,518.1979,+,country,A,outcome,primary_outcome
FIN,TIMSS_G4,2015,TIMSS_G4,2015.0,0.0,TIMSS_G4_SCIENCE,TIMSS_G4_science,553.8131,+,country,A,outcome,primary_outcome
GEO,TIMSS_G4,2015,TIMSS_G4,2015.0,0.0,TIMSS_G4_SCIENCE,TIMSS_G4_science,451.2453,+,country,A,outcome,primary_outcome
HKG,TIMSS_G4,2015,TIMSS_G4,2015.0,0.0,TIMSS_G4_SCIENCE,TIMSS_G4_science,556.5472,+,country,A,outcome,primary_outcome
HRV,TIMSS_G4,2015,TIMSS_G4,2015.0,0.0,TIMSS_G4_SCIENCE,TIMSS_G4_science,533.4419,+,country,A,outcome,primary_outcome
HUN,TIMSS_G4,2015,TIMSS_G4,2015.0,0.0,TIMSS_G4_SCIENCE,TIMSS_G4_science,541.9782,+,country,A,outcome,primary_outcome
IDN,TIMSS_G4,2015,TIMSS_G4,2015.0,0.0,TIMSS_G4_SCIENCE,TIMSS_G4_science,396.6664,+,country,A,outcome,primary_outcome
IRL,TIMSS_G4,2015,TIMSS_G4,2015.0,0.0,TIMSS_G4_SCIENCE,TIMSS_G4_science,528.8759,+,country,A,outcome,primary_outcome
IRN,TIMSS_G4,2015,TIMSS_G4,2015.0,0.0,TIMSS_G4_SCIENCE,TIMSS_G4_science,421.0092,+,country,A,outcome,primary_outcome
ITA,TIMSS_G4,2015,TIMSS_G4,2015.0,0.0,TIMSS_G4_SCIENCE,TIMSS_G4_science,516.475,+,country,A,outcome,primary_outcome
JPN,TIMSS_G4,2015,TIMSS_G4,2015.0,0.0,TIMSS_G4_SCIENCE,TIMSS_G4_science,569.0127,+,country,A,outcome,primary_outcome
KAZ,TIMSS_G4,2015,TIMSS_G4,2015.0,0.0,TIMSS_G4_SCIENCE,TIMSS_G4_science,549.5563,+,country,A,outcome,primary_outcome
KOR,TIMSS_G4,2015,TIMSS_G4,2015.0,0.0,TIMSS_G4_SCIENCE,TIMSS_G4_science,589.3195,+,country,A,outcome,primary_outcome
KWT,TIMSS_G4,2015,TIMSS_G4,2015.0,0.0,TIMSS_G4_SCIENCE,TIMSS_G4_science,337.2129,+,country,A,outcome,primary_outcome
LTU,TIMSS_G4,2015,TIMSS_G4,2015.0,0.0,TIMSS_G4_SCIENCE,TIMSS_G4_science,527.6665,+,country,A,outcome,primary_outcome
MAR,TIMSS_G4,2015,TIMSS_G4,2015.0,0.0,TIMSS_G4_SCIENCE,TIMSS_G4_science,352.2073,+,country,A,outcome,primary_outcome
NIR,TIMSS_G4,2015,TIMSS_G4,2015.0,0.0,TIMSS_G4_SCIENCE,TIMSS_G4_science,519.7678,+,country,A,outcome,primary_outcome
NLD,TIMSS_G4,2015,TIMSS_G4,2015.0,0.0,TIMSS_G4_SCIENCE,TIMSS_G4_science,517.1205,+,country,A,outcome,primary_outcome
NOR,TIMSS_G4,2015,TIMSS_G4,2015.0,0.0,TIMSS_G4_SCIENCE,TIMSS_G4_science,537.5982,+,country,A,outcome,primary_outcome
NZL,TIMSS_G4,2015,TIMSS_G4,2015.0,0.0,TIMSS_G4_SCIENCE,TIMSS_G4_science,505.517,+,country,A,outcome,primary_outcome
OMN,TIMSS_G4,2015,TIMSS_G4,2015.0,0.0,TIMSS_G4_SCIENCE,TIMSS_G4_science,430.9741,+,country,A,outcome,primary_outcome
PRT,TIMSS_G4,2015,TIMSS_G4,2015.0,0.0,TIMSS_G4_SCIENCE,TIMSS_G4_science,508.0561,+,country,A,outcome,primary_outcome
QAT,TIMSS_G4,2015,TIMSS_G4,2015.0,0.0,TIMSS_G4_SCIENCE,TIMSS_G4_science,436.2582,+,country,A,outcome,primary_outcome
SRB,TIMSS_G4,2015,TIMSS_G4,2015.0,0.0,TIMSS_G4_SCIENCE,TIMSS_G4_science,524.5091,+,country,A,outcome,primary_outcome
SVK,TIMSS_G4,2015,TIMSS_G4,2015.0,0.0,TIMSS_G4_SCIENCE,TIMSS_G4_science,520.4948,+,country,A,outcome,primary_outcome
SVN,TIMSS_G4,2015,TIMSS_G4,2015.0,0.0,TIMSS_G4_SCIENCE,TIMSS_G4_science,542.5731,+,country,A,outcome,primary_outcome
SWE,TIMSS_G4,2015,TIMSS_G4,2015.0,0.0,TIMSS_G4_SCIENCE,TIMSS_G4_science,540.1936,+,country,A,outcome,primary_outcome
TUR,TIMSS_G4,2015,TIMSS_G4,2015.0,0.0,TIMSS_G4_SCIENCE,TIMSS_G4_science,483.3988,+,country,A,outcome,primary_outcome
TWN,TIMSS_G4,2015,TIMSS_G4,2015.0,0.0,TIMSS_G4_SCIENCE,TIMSS_G4_science,555.2816,+,country,A,outcome,primary_outcome
USA,TIMSS_G4,2015,TIMSS_G4,2015.0,0.0,TIMSS_G4_SCIENCE,TIMSS_G4_science,545.9069,+,country,A,outcome,primary_outcome
AAD,TIMSS_G4,2019,TIMSS_G4,2019.0,0.0,TIMSS_G4_SCIENCE,TIMSS_G4_science,416.8693,+,country,A,outcome,primary_outcome
ADU,TIMSS_G4,2019,TIMSS_G4,2019.0,0.0,TIMSS_G4_SCIENCE,TIMSS_G4_science,543.0198,+,country,A,outcome,primary_outcome
ALB,TIMSS_G4,2019,TIMSS_G4,2019.0,0.0,TIMSS_G4_SCIENCE,TIMSS_G4_science,489.4802,+,country,A,outcome,primary_outcome
ARE,TIMSS_G4,2019,TIMSS_G4,2019.0,0.0,TIMSS_G4_SCIENCE,TIMSS_G4_science,478.8223,+,country,A,outcome,primary_outcome
ARM,TIMSS_G4,2019,TIMSS_G4,2019.0,0.0,TIMSS_G4_SCIENCE,TIMSS_G4_science,466.4317,+,country,A,outcome,primary_outcome
AUS,TIMSS_G4,2019,TIMSS_G4,2019.0,0.0,TIMSS_G4_SCIENCE,TIMSS_G4_science,532.5749,+,country,A,outcome,primary_outcome
AUT,TIMSS_G4,2019,TIMSS_G4,2019.0,0.0,TIMSS_G4_SCIENCE,TIMSS_G4_science,518.3878,+,country,A,outcome,primary_outcome
AZE,TIMSS_G4,2019,TIMSS_G4,2019.0,0.0,TIMSS_G4_SCIENCE,TIMSS_G4_science,426.7347,+,country,A,outcome,primary_outcome
BFL,TIMSS_G4,2019,TIMSS_G4,2019.0,0.0,TIMSS_G4_SCIENCE,TIMSS_G4_science,501.017,+,country,A,outcome,primary_outcome
CAN,TIMSS_G4,2019,TIMSS_G4,2019.0,0.0,TIMSS_G4_SCIENCE,TIMSS_G4_science,519.5728,+,country,A,outcome,primary_outcome
CHL,TIMSS_G4,2019,TIMSS_G4,2019.0,0.0,TIMSS_G4_SCIENCE,TIMSS_G4_science,469.7196,+,country,A,outcome,primary_outcome
COT,TIMSS_G4,2019,TIMSS_G4,2019.0,0.0,TIMSS_G4_SCIENCE,TIMSS_G4_science,524.1015,+,country,A,outcome,primary_outcome
CQU,TIMSS_G4,2019,TIMSS_G4,2019.0,0.0,TIMSS_G4_SCIENCE,TIMSS_G4_science,521.8234,+,country,A,outcome,primary_outcome
CYP,TIMSS_G4,2019,TIMSS_G4,2019.0,0.0,TIMSS_G4_SCIENCE,TIMSS_G4_science,511.4192,+,country,A,outcome,primary_outcome
CZE,TIMSS_G4,2019,TIMSS_G4,2019.0,0.0,TIMSS_G4_SCIENCE,TIMSS_G4_science,528.2753,+,country,A,outcome,primary_outcome
DEU,TIMSS_G4,2019,TIMSS_G4,2019.0,0.0,TIMSS_G4_SCIENCE,TIMSS_G4_science,522.1972,+,country,A,outcome,primary_outcome
DNK,TIMSS_G4,2019,TIMSS_G4,2019.0,0.0,TIMSS_G4_SCIENCE,TIMSS_G4_science,520.2288,+,country,A,outcome,primary_outcome
EMA,TIMSS_G4,2019,TIMSS_G4,2019.0,0.0,TIMSS_G4_SCIENCE,TIMSS_G4_science,523.0615,+,country,A,outcome,primary_outcome
ENG,TIMSS_G4,2019,TIMSS_G4,2019.0,0.0,TIMSS_G4_SCIENCE,TIMSS_G4_science,539.4073,+,country,A,outcome,primary_outcome
ESP,TIMSS_G4,2019,TIMSS_G4,2019.0,0.0,TIMSS_G4_SCIENCE,TIMSS_G4_science,513.0994,+,country,A,outcome,primary_outcome
FIN,TIMSS_G4,2019,TIMSS_G4,2019.0,0.0,TIMSS_G4_SCIENCE,TIMSS_G4_science,551.8116,+,country,A,outcome,primary_outcome
FRA,TIMSS_G4,2019,TIMSS_G4,2019.0,0.0,TIMSS_G4_SCIENCE,TIMSS_G4_science,482.8377,+,country,A,outcome,primary_outcome
GEO,TIMSS_G4,2019,TIMSS_G4,2019.0,0.0,TIMSS_G4_SCIENCE,TIMSS_G4_science,462.1684,+,country,A,outcome,primary_outcome
HKG,TIMSS_G4,2019,TIMSS_G4,2019.0,0.0,TIMSS_G4_SCIENCE,TIMSS_G4_science,534.7279,+,country,A,outcome,primary_outcome
HRV,TIMSS_G4,2019,TIMSS_G4,2019.0,0.0,TIMSS_G4_SCIENCE,TIMSS_G4_science,523.6182,+,country,A,outcome,primary_outcome
HUN,TIMSS_G4,2019,TIMSS_G4,2019.0,0.0,TIMSS_G4_SCIENCE,TIMSS_G4_science,530.5706,+,country,A,outcome,primary_outcome
IRL,TIMSS_G4,2019,TIMSS_G4,2019.0,0.0,TIMSS_G4_SCIENCE,TIMSS_G4_science,527.9704,+,country,A,outcome,primary_outcome
IRN,TIMSS_G4,2019,TIMSS_G4,2019.0,0.0,TIMSS_G4_SCIENCE,TIMSS_G4_science,440.828,+,country,A,outcome,primary_outcome
ITA,TIMSS_G4,2019,TIMSS_G4,2019.0,0.0,TIMSS_G4_SCIENCE,TIMSS_G4_science,509.485,+,country,A,outcome,primary_outcome
KAZ,TIMSS_G4,2019,TIMSS_G4,2019.0,0.0,TIMSS_G4_SCIENCE,TIMSS_G4_science,494.1548,+,country,A,outcome,primary_outcome
KOR,TIMSS_G4,2019,TIMSS_G4,2019.0,0.0,TIMSS_G4_SCIENCE,TIMSS_G4_science,587.6576,+,country,A,outcome,primary_outcome
KWT,TIMSS_G4,2019,TIMSS_G4,2019.0,0.0,TIMSS_G4_SCIENCE,TIMSS_G4_science,392.2951,+,country,A,outcome,primary_outcome
LTU,TIMSS_G4,2019,TIMSS_G4,2019.0,0.0,TIMSS_G4_SCIENCE,TIMSS_G4_science,538.0792,+,country,A,outcome,primary_outcome
LVA,TIMSS_G4,2019,TIMSS_G4,2019.0,0.0,TIMSS_G4_SCIENCE,TIMSS_G4_science,541.8577,+,country,A,outcome,primary_outcome
MAR,TIMSS_G4,2019,TIMSS_G4,2019.0,0.0,TIMSS_G4_SCIENCE,TIMSS_G4_science,374.0657,+,country,A,outcome,primary_outcome
MKD,TIMSS_G4,2019,TIMSS_G4,2019.0,0.0,TIMSS_G4_SCIENCE,TIMSS_G4_science,426.0427,+,country,A,outcome,primary_outcome
MLT,TIMSS_G4,2019,TIMSS_G4,2019.0,0.0,TIMSS_G4_SCIENCE,TIMSS_G4_science,496.0437,+,country,A,outcome,primary_outcome
MNE,TIMSS_G4,2019,TIMSS_G4,2019.0,0.0,TIMSS_G4_SCIENCE,TIMSS_G4_science,453.3214,+,country,A,outcome,primary_outcome
NIR,TIMSS_G4,2019,TIMSS_G4,2019.0,0.0,TIMSS_G4_SCIENCE,TIMSS_G4_science,518.4913,+,country,A,outcome,primary_outcome
NLD,TIMSS_G4,2019,TIMSS_G4,2019.0,0.0,TIMSS_G4_SCIENCE,TIMSS_G4_science,516.6572,+,country,A,outcome,primary_outcome
NOR,TIMSS_G4,2019,TIMSS_G4,2019.0,0.0,TIMSS_G4_SCIENCE,TIMSS_G4_science,538.484,+,country,A,outcome,primary_outcome
NZL,TIMSS_G4,2019,TIMSS_G4,2019.0,0.0,TIMSS_G4_SCIENCE,TIMSS_G4_science,502.5515,+,country,A,outcome,primary_outcome
OMN,TIMSS_G4,2019,TIMSS_G4,2019.0,0.0,TIMSS_G4_SCIENCE,TIMSS_G4_science,434.9443,+,country,A,outcome,primary_outcome
PAK,TIMSS_G4,2019,TIMSS_G4,2019.0,0.0,TIMSS_G4_SCIENCE,TIMSS_G4_science,290.0965,+,country,A,outcome,primary_outcome
PHL,TIMSS_G4,2019,TIMSS_G4,2019.0,0.0,TIMSS_G4_SCIENCE,TIMSS_G4_science,249.0181,+,country,A,outcome,primary_outcome
POL,TIMSS_G4,2019,TIMSS_G4,2019.0,0.0,TIMSS_G4_SCIENCE,TIMSS_G4_science,530.8328,+,country,A,outcome,primary_outcome
PRT,TIMSS_G4,2019,TIMSS_G4,2019.0,0.0,TIMSS_G4_SCIENCE,TIMSS_G4_science,506.4609,+,country,A,outcome,primary_outcome
QAT,TIMSS_G4,2019,TIMSS_G4,2019.0,0.0,TIMSS_G4_SCIENCE,TIMSS_G4_science,455.8791,+,country,A,outcome,primary_outcome
RMO,TIMSS_G4,2019,TIMSS_G4,2019.0,0.0,TIMSS_G4_SCIENCE,TIMSS_G4_science,594.2858,+,country,A,outcome,primary_outcome
RUS,TIMSS_G4,2019,TIMSS_G4,2019.0,0.0,TIMSS_G4_SCIENCE,TIMSS_G4_science,567.2547,+,country,A,outcome,primary_outcome
SAU,TIMSS_G4,2019,TIMSS_G4,2019.0,0.0,TIMSS_G4_SCIENCE,TIMSS_G4_science,402.2369,+,country,A,outcome,primary_outcome
SGP,TIMSS_G4,2019,TIMSS_G4,2019.0,0.0,TIMSS_G4_SCIENCE,TIMSS_G4_science,596.8263,+,country,A,outcome,primary_outcome
SRB,TIMSS_G4,2019,TIMSS_G4,2019.0,0.0,TIMSS_G4_SCIENCE,TIMSS_G4_science,516.9075,+,country,A,outcome,primary_outcome
SVK,TIMSS_G4,2019,TIMSS_G4,2019.0,0.0,TIMSS_G4_SCIENCE,TIMSS_G4_science,518.0652,+,country,A,outcome,primary_outcome
SWE,TIMSS_G4,2019,TIMSS_G4,2019.0,0.0,TIMSS_G4_SCIENCE,TIMSS_G4_science,529.7944,+,country,A,outcome,primary_outcome
TUR,TIMSS_G4,2019,TIMSS_G4,2019.0,0.0,TIMSS_G4_SCIENCE,TIMSS_G4_science,526.0656,+,country,A,outcome,primary_outcome
TWN,TIMSS_G4,2019,TIMSS_G4,2019.0,0.0,TIMSS_G4_SCIENCE,TIMSS_G4_science,557.6698,+,country,A,outcome,primary_outcome
USA,TIMSS_G4,2019,TIMSS_G4,2019.0,0.0,TIMSS_G4_SCIENCE,TIMSS_G4_science,537.2607,+,country,A,outcome,primary_outcome
XKX,TIMSS_G4,2019,TIMSS_G4,2019.0,0.0,TIMSS_G4_SCIENCE,TIMSS_G4_science,413.0594,+,country,A,outcome,primary_outcome
ZAF,TIMSS_G4,2019,TIMSS_G4,2019.0,0.0,TIMSS_G4_SCIENCE,TIMSS_G4_science,324.2336,+,country,A,outcome,primary_outcome
ARG,PIRLS,2001,PIRLS,2001.0,0.0,PIRLS_READING,PIRLS_reading,419.5275,+,country,A,outcome,primary_outcome
BGR,PIRLS,2001,PIRLS,2001.0,0.0,PIRLS_READING,PIRLS_reading,550.4977,+,country,A,outcome,primary_outcome
CAN,PIRLS,2001,PIRLS,2001.0,0.0,PIRLS_READING,PIRLS_reading,544.1459,+,country,A,outcome,primary_outcome
COL,PIRLS,2001,PIRLS,2001.0,0.0,PIRLS_READING,PIRLS_reading,422.4281,+,country,A,outcome,primary_outcome
CQU,PIRLS,2001,PIRLS,2001.0,0.0,PIRLS_READING,PIRLS_reading,537.2443,+,country,A,outcome,primary_outcome
CZE,PIRLS,2001,PIRLS,2001.0,0.0,PIRLS_READING,PIRLS_reading,536.8826,+,country,A,outcome,primary_outcome
DEU,PIRLS,2001,PIRLS,2001.0,0.0,PIRLS_READING,PIRLS_reading,539.0901,+,country,A,outcome,primary_outcome
FRA,PIRLS,2001,PIRLS,2001.0,0.0,PIRLS_READING,PIRLS_reading,525.1702,+,country,A,outcome,primary_outcome
GRC,PIRLS,2001,PIRLS,2001.0,0.0,PIRLS_READING,PIRLS_reading,524.1667,+,country,A,outcome,primary_outcome
HKG,PIRLS,2001,PIRLS,2001.0,0.0,PIRLS_READING,PIRLS_reading,527.8711,+,country,A,outcome,primary_outcome
HUN,PIRLS,2001,PIRLS,2001.0,0.0,PIRLS_READING,PIRLS_reading,543.2264,+,country,A,outcome,primary_outcome
ISL,PIRLS,2001,PIRLS,2001.0,0.0,PIRLS_READING,PIRLS_reading,512.4169,+,country,A,outcome,primary_outcome
ISR,PIRLS,2001,PIRLS,2001.0,0.0,PIRLS_READING,PIRLS_reading,508.9392,+,country,A,outcome,primary_outcome
ITA,PIRLS,2001,PIRLS,2001.0,0.0,PIRLS_READING,PIRLS_reading,540.7288,+,country,A,outcome,primary_outcome
LTU,PIRLS,2001,PIRLS,2001.0,0.0,PIRLS_READING,PIRLS_reading,543.3865,+,country,A,outcome,primary_outcome
LVA,PIRLS,2001,PIRLS,2001.0,0.0,PIRLS_READING,PIRLS_reading,544.607,+,country,A,outcome,primary_outcome
MAR,PIRLS,2001,PIRLS,2001.0,0.0,PIRLS_READING,PIRLS_reading,349.5113,+,country,A,outcome,primary_outcome
MDA,PIRLS,2001,PIRLS,2001.0,0.0,PIRLS_READING,PIRLS_reading,491.7428,+,country,A,outcome,primary_outcome
MKD,PIRLS,2001,PIRLS,2001.0,0.0,PIRLS_READING,PIRLS_reading,441.5864,+,country,A,outcome,primary_outcome
NLD,PIRLS,2001,PIRLS,2001.0,0.0,PIRLS_READING,PIRLS_reading,554.2088,+,country,A,outcome,primary_outcome
NOR,PIRLS,2001,PIRLS,2001.0,0.0,PIRLS_READING,PIRLS_reading,499.1794,+,country,A,outcome,primary_outcome
NZL,PIRLS,2001,PIRLS,2001.0,0.0,PIRLS_READING,PIRLS_reading,528.8238,+,country,A,outcome,primary_outcome
RUS,PIRLS,2001,PIRLS,2001.0,0.0,PIRLS_READING,PIRLS_reading,527.9335,+,country,A,outcome,primary_outcome
SVK,PIRLS,2001,PIRLS,2001.0,0.0,PIRLS_READING,PIRLS_reading,518.0873,+,country,A,outcome,primary_outcome
SVN,PIRLS,2001,PIRLS,2001.0,0.0,PIRLS_READING,PIRLS_reading,501.5179,+,country,A,outcome,primary_outcome
SWE,PIRLS,2001,PIRLS,2001.0,0.0,PIRLS_READING,PIRLS_reading,561.0141,+,country,A,outcome,primary_outcome
USA,PIRLS,2001,PIRLS,2001.0,0.0,PIRLS_READING,PIRLS_reading,542.149,+,country,A,outcome,primary_outcome
AUT,PIRLS,2006,PIRLS,2006.0,0.0,PIRLS_READING,PIRLS_reading,538.2962,+,country,A,outcome,primary_outcome
BFL,PIRLS,2006,PIRLS,2006.0,0.0,PIRLS_READING,PIRLS_reading,547.0444,+,country,A,outcome,primary_outcome
BFR,PIRLS,2006,PIRLS,2006.0,0.0,PIRLS_READING,PIRLS_reading,499.6659,+,country,A,outcome,primary_outcome
CBC,PIRLS,2006,PIRLS,2006.0,0.0,PIRLS_READING,PIRLS_reading,558.0385,+,country,A,outcome,primary_outcome
CNS,PIRLS,2006,PIRLS,2006.0,0.0,PIRLS_READING,PIRLS_reading,541.8475,+,country,A,outcome,primary_outcome
CQU,PIRLS,2006,PIRLS,2006.0,0.0,PIRLS_READING,PIRLS_reading,532.9081,+,country,A,outcome,primary_outcome
DEU,PIRLS,2006,PIRLS,2006.0,0.0,PIRLS_READING,PIRLS_reading,547.5908,+,country,A,outcome,primary_outcome
ENG,PIRLS,2006,PIRLS,2006.0,0.0,PIRLS_READING,PIRLS_reading,539.4825,+,country,A,outcome,primary_outcome
ESP,PIRLS,2006,PIRLS,2006.0,0.0,PIRLS_READING,PIRLS_reading,512.5039,+,country,A,outcome,primary_outcome
FRA,PIRLS,2006,PIRLS,2006.0,0.0,PIRLS_READING,PIRLS_reading,521.5935,+,country,A,outcome,primary_outcome
GEO,PIRLS,2006,PIRLS,2006.0,0.0,PIRLS_READING,PIRLS_reading,470.8356,+,country,A,outcome,primary_outcome
HKG,PIRLS,2006,PIRLS,2006.0,0.0,PIRLS_READING,PIRLS_reading,563.9113,+,country,A,outcome,primary_outcome
IRN,PIRLS,2006,PIRLS,2006.0,0.0,PIRLS_READING,PIRLS_reading,420.9328,+,country,A,outcome,primary_outcome
ISL,PIRLS,2006,PIRLS,2006.0,0.0,PIRLS_READING,PIRLS_reading,510.5973,+,country,A,outcome,primary_outcome
ISR,PIRLS,2006,PIRLS,2006.0,0.0,PIRLS_READING,PIRLS_reading,512.4622,+,country,A,outcome,primary_outcome
ITA,PIRLS,2006,PIRLS,2006.0,0.0,PIRLS_READING,PIRLS_reading,551.4682,+,country,A,outcome,primary_outcome
KWT,PIRLS,2006,PIRLS,2006.0,0.0,PIRLS_READING,PIRLS_reading,330.3003,+,country,A,outcome,primary_outcome
LTU,PIRLS,2006,PIRLS,2006.0,0.0,PIRLS_READING,PIRLS_reading,537.0325,+,country,A,outcome,primary_outcome
LUX,PIRLS,2006,PIRLS,2006.0,0.0,PIRLS_READING,PIRLS_reading,557.1952,+,country,A,outcome,primary_outcome
LVA,PIRLS,2006,PIRLS,2006.0,0.0,PIRLS_READING,PIRLS_reading,540.9115,+,country,A,outcome,primary_outcome
MAR,PIRLS,2006,PIRLS,2006.0,0.0,PIRLS_READING,PIRLS_reading,322.5801,+,country,A,outcome,primary_outcome
MDA,PIRLS,2006,PIRLS,2006.0,0.0,PIRLS_READING,PIRLS_reading,499.8838,+,country,A,outcome,primary_outcome
MKD,PIRLS,2006,PIRLS,2006.0,0.0,PIRLS_READING,PIRLS_reading,442.3955,+,country,A,outcome,primary_outcome
NLD,PIRLS,2006,PIRLS,2006.0,0.0,PIRLS_READING,PIRLS_reading,547.1517,+,country,A,outcome,primary_outcome
NOR,PIRLS,2006,PIRLS,2006.0,0.0,PIRLS_READING,PIRLS_reading,498.008,+,country,A,outcome,primary_outcome
NZL,PIRLS,2006,PIRLS,2006.0,0.0,PIRLS_READING,PIRLS_reading,531.7151,+,country,A,outcome,primary_outcome
POL,PIRLS,2006,PIRLS,2006.0,0.0,PIRLS_READING,PIRLS_reading,519.3893,+,country,A,outcome,primary_outcome
ROM,PIRLS,2006,PIRLS,2006.0,0.0,PIRLS_READING,PIRLS_reading,489.4731,+,country,A,outcome,primary_outcome
RUS,PIRLS,2006,PIRLS,2006.0,0.0,PIRLS_READING,PIRLS_reading,564.7436,+,country,A,outcome,primary_outcome
SGP,PIRLS,2006,PIRLS,2006.0,0.0,PIRLS_READING,PIRLS_reading,558.2728,+,country,A,outcome,primary_outcome
SVK,PIRLS,2006,PIRLS,2006.0,0.0,PIRLS_READING,PIRLS_reading,530.8146,+,country,A,outcome,primary_outcome
SVN,PIRLS,2006,PIRLS,2006.0,0.0,PIRLS_READING,PIRLS_reading,521.5314,+,country,A,outcome,primary_outcome
TTO,PIRLS,2006,PIRLS,2006.0,0.0,PIRLS_READING,PIRLS_reading,435.5877,+,country,A,outcome,primary_outcome
TWN,PIRLS,2006,PIRLS,2006.0,0.0,PIRLS_READING,PIRLS_reading,535.3707,+,country,A,outcome,primary_outcome
USA,PIRLS,2006,PIRLS,2006.0,0.0,PIRLS_READING,PIRLS_reading,539.9249,+,country,A,outcome,primary_outcome
AAD,PIRLS,2011,PIRLS,2011.0,0.0,PIRLS_READING,PIRLS_reading,424.2648,+,country,A,outcome,primary_outcome
ARE,PIRLS,2011,PIRLS,2011.0,0.0,PIRLS_READING,PIRLS_reading,438.5933,+,country,A,outcome,primary_outcome
AUS,PIRLS,2011,PIRLS,2011.0,0.0,PIRLS_READING,PIRLS_reading,527.372,+,country,A,outcome,primary_outcome
AUT,PIRLS,2011,PIRLS,2011.0,0.0,PIRLS_READING,PIRLS_reading,528.8756,+,country,A,outcome,primary_outcome
AZE,PIRLS,2011,PIRLS,2011.0,0.0,PIRLS_READING,PIRLS_reading,462.3037,+,country,A,outcome,primary_outcome
BGR,PIRLS,2011,PIRLS,2011.0,0.0,PIRLS_READING,PIRLS_reading,531.8315,+,country,A,outcome,primary_outcome
BWA,PIRLS,2011,PIRLS,2011.0,0.0,PIRLS_READING,PIRLS_reading,326.4058,+,country,A,outcome,primary_outcome
CAB,PIRLS,2011,PIRLS,2011.0,0.0,PIRLS_READING,PIRLS_reading,548.0589,+,country,A,outcome,primary_outcome
CAN,PIRLS,2011,PIRLS,2011.0,0.0,PIRLS_READING,PIRLS_reading,548.417,+,country,A,outcome,primary_outcome
COL,PIRLS,2011,PIRLS,2011.0,0.0,PIRLS_READING,PIRLS_reading,451.2458,+,country,A,outcome,primary_outcome
COT,PIRLS,2011,PIRLS,2011.0,0.0,PIRLS_READING,PIRLS_reading,551.843,+,country,A,outcome,primary_outcome
CQU,PIRLS,2011,PIRLS,2011.0,0.0,PIRLS_READING,PIRLS_reading,537.6108,+,country,A,outcome,primary_outcome
DEU,PIRLS,2011,PIRLS,2011.0,0.0,PIRLS_READING,PIRLS_reading,541.0117,+,country,A,outcome,primary_outcome
DNK,PIRLS,2011,PIRLS,2011.0,0.0,PIRLS_READING,PIRLS_reading,553.9936,+,country,A,outcome,primary_outcome
EAN,PIRLS,2011,PIRLS,2011.0,0.0,PIRLS_READING,PIRLS_reading,514.8967,+,country,A,outcome,primary_outcome
FIN,PIRLS,2011,PIRLS,2011.0,0.0,PIRLS_READING,PIRLS_reading,567.8705,+,country,A,outcome,primary_outcome
FRA,PIRLS,2011,PIRLS,2011.0,0.0,PIRLS_READING,PIRLS_reading,520.0006,+,country,A,outcome,primary_outcome
GEO,PIRLS,2011,PIRLS,2011.0,0.0,PIRLS_READING,PIRLS_reading,487.7557,+,country,A,outcome,primary_outcome
HKG,PIRLS,2011,PIRLS,2011.0,0.0,PIRLS_READING,PIRLS_reading,570.5426,+,country,A,outcome,primary_outcome
HRV,PIRLS,2011,PIRLS,2011.0,0.0,PIRLS_READING,PIRLS_reading,553.0401,+,country,A,outcome,primary_outcome
IDN,PIRLS,2011,PIRLS,2011.0,0.0,PIRLS_READING,PIRLS_reading,428.4828,+,country,A,outcome,primary_outcome
IRL,PIRLS,2011,PIRLS,2011.0,0.0,PIRLS_READING,PIRLS_reading,551.6044,+,country,A,outcome,primary_outcome
ISR,PIRLS,2011,PIRLS,2011.0,0.0,PIRLS_READING,PIRLS_reading,540.9207,+,country,A,outcome,primary_outcome
KWT,PIRLS,2011,PIRLS,2011.0,0.0,PIRLS_READING,PIRLS_reading,419.071,+,country,A,outcome,primary_outcome
LTU,PIRLS,2011,PIRLS,2011.0,0.0,PIRLS_READING,PIRLS_reading,528.2289,+,country,A,outcome,primary_outcome
MLN,PIRLS,2011,PIRLS,2011.0,0.0,PIRLS_READING,PIRLS_reading,457.1436,+,country,A,outcome,primary_outcome
MLT,PIRLS,2011,PIRLS,2011.0,0.0,PIRLS_READING,PIRLS_reading,476.934,+,country,A,outcome,primary_outcome
NIR,PIRLS,2011,PIRLS,2011.0,0.0,PIRLS_READING,PIRLS_reading,558.4518,+,country,A,outcome,primary_outcome
NLD,PIRLS,2011,PIRLS,2011.0,0.0,PIRLS_READING,PIRLS_reading,546.0583,+,country,A,outcome,primary_outcome
OMN,PIRLS,2011,PIRLS,2011.0,0.0,PIRLS_READING,PIRLS_reading,390.7975,+,country,A,outcome,primary_outcome
POL,PIRLS,2011,PIRLS,2011.0,0.0,PIRLS_READING,PIRLS_reading,525.5726,+,country,A,outcome,primary_outcome
PRT,PIRLS,2011,PIRLS,2011.0,0.0,PIRLS_READING,PIRLS_reading,540.8366,+,country,A,outcome,primary_outcome
RUS,PIRLS,2011,PIRLS,2011.0,0.0,PIRLS_READING,PIRLS_reading,568.4185,+,country,A,outcome,primary_outcome
SAU,PIRLS,2011,PIRLS,2011.0,0.0,PIRLS_READING,PIRLS_reading,429.8501,+,country,A,outcome,primary_outcome
SGP,PIRLS,2011,PIRLS,2011.0,0.0,PIRLS_READING,PIRLS_reading,567.2845,+,country,A,outcome,primary_outcome
SVK,PIRLS,2011,PIRLS,2011.0,0.0,PIRLS_READING,PIRLS_reading,535.0846,+,country,A,outcome,primary_outcome
SVN,PIRLS,2011,PIRLS,2011.0,0.0,PIRLS_READING,PIRLS_reading,530.3203,+,country,A,outcome,primary_outcome
SWE,PIRLS,2011,PIRLS,2011.0,0.0,PIRLS_READING,PIRLS_reading,541.6749,+,country,A,outcome,primary_outcome
TTO,PIRLS,2011,PIRLS,2011.0,0.0,PIRLS_READING,PIRLS_reading,470.85,+,country,A,outcome,primary_outcome
USA,PIRLS,2011,PIRLS,2011.0,0.0,PIRLS_READING,PIRLS_reading,556.3746,+,country,A,outcome,primary_outcome
ZAF,PIRLS,2011,PIRLS,2011.0,0.0,PIRLS_READING,PIRLS_reading,349.2863,+,country,A,outcome,primary_outcome
AAD,PIRLS,2016,PIRLS,2016.0,0.0,PIRLS_READING,PIRLS_reading,414.3079,+,country,A,outcome,primary_outcome
ADU,PIRLS,2016,PIRLS,2016.0,0.0,PIRLS_READING,PIRLS_reading,514.992,+,country,A,outcome,primary_outcome
ARE,PIRLS,2016,PIRLS,2016.0,0.0,PIRLS_READING,PIRLS_reading,450.1036,+,country,A,outcome,primary_outcome
AUS,PIRLS,2016,PIRLS,2016.0,0.0,PIRLS_READING,PIRLS_reading,544.3601,+,country,A,outcome,primary_outcome
AUT,PIRLS,2016,PIRLS,2016.0,0.0,PIRLS_READING,PIRLS_reading,540.7961,+,country,A,outcome,primary_outcome
AZE,PIRLS,2016,PIRLS,2016.0,0.0,PIRLS_READING,PIRLS_reading,472.2769,+,country,A,outcome,primary_outcome
BFL,PIRLS,2016,PIRLS,2016.0,0.0,PIRLS_READING,PIRLS_reading,525.0589,+,country,A,outcome,primary_outcome
BFR,PIRLS,2016,PIRLS,2016.0,0.0,PIRLS_READING,PIRLS_reading,497.4955,+,country,A,outcome,primary_outcome
BGR,PIRLS,2016,PIRLS,2016.0,0.0,PIRLS_READING,PIRLS_reading,551.5391,+,country,A,outcome,primary_outcome
BHR,PIRLS,2016,PIRLS,2016.0,0.0,PIRLS_READING,PIRLS_reading,445.9995,+,country,A,outcome,primary_outcome
CHL,PIRLS,2016,PIRLS,2016.0,0.0,PIRLS_READING,PIRLS_reading,493.8721,+,country,A,outcome,primary_outcome
COT,PIRLS,2016,PIRLS,2016.0,0.0,PIRLS_READING,PIRLS_reading,543.5816,+,country,A,outcome,primary_outcome
CQU,PIRLS,2016,PIRLS,2016.0,0.0,PIRLS_READING,PIRLS_reading,547.4221,+,country,A,outcome,primary_outcome
CZE,PIRLS,2016,PIRLS,2016.0,0.0,PIRLS_READING,PIRLS_reading,543.3482,+,country,A,outcome,primary_outcome
DEU,PIRLS,2016,PIRLS,2016.0,0.0,PIRLS_READING,PIRLS_reading,537.3254,+,country,A,outcome,primary_outcome
DNK,PIRLS,2016,PIRLS,2016.0,0.0,PIRLS_READING,PIRLS_reading,547.4924,+,country,A,outcome,primary_outcome
EAN,PIRLS,2016,PIRLS,2016.0,0.0,PIRLS_READING,PIRLS_reading,524.584,+,country,A,outcome,primary_outcome
ESP,PIRLS,2016,PIRLS,2016.0,0.0,PIRLS_READING,PIRLS_reading,527.7396,+,country,A,outcome,primary_outcome
FIN,PIRLS,2016,PIRLS,2016.0,0.0,PIRLS_READING,PIRLS_reading,566.007,+,country,A,outcome,primary_outcome
FRA,PIRLS,2016,PIRLS,2016.0,0.0,PIRLS_READING,PIRLS_reading,511.244,+,country,A,outcome,primary_outcome
GEO,PIRLS,2016,PIRLS,2016.0,0.0,PIRLS_READING,PIRLS_reading,488.3194,+,country,A,outcome,primary_outcome
IRL,PIRLS,2016,PIRLS,2016.0,0.0,PIRLS_READING,PIRLS_reading,566.5963,+,country,A,outcome,primary_outcome
IRN,PIRLS,2016,PIRLS,2016.0,0.0,PIRLS_READING,PIRLS_reading,431.057,+,country,A,outcome,primary_outcome
ISR,PIRLS,2016,PIRLS,2016.0,0.0,PIRLS_READING,PIRLS_reading,530.2877,+,country,A,outcome,primary_outcome
ITA,PIRLS,2016,PIRLS,2016.0,0.0,PIRLS_READING,PIRLS_reading,548.0069,+,country,A,outcome,primary_outcome
KAZ,PIRLS,2016,PIRLS,2016.0,0.0,PIRLS_READING,PIRLS_reading,536.0463,+,country,A,outcome,primary_outcome
LVA,PIRLS,2016,PIRLS,2016.0,0.0,PIRLS_READING,PIRLS_reading,557.7509,+,country,A,outcome,primary_outcome
MAR,PIRLS,2016,PIRLS,2016.0,0.0,PIRLS_READING,PIRLS_reading,349.255,+,country,A,outcome,primary_outcome
NIR,PIRLS,2016,PIRLS,2016.0,0.0,PIRLS_READING,PIRLS_reading,564.6207,+,country,A,outcome,primary_outcome
NLD,PIRLS,2016,PIRLS,2016.0,0.0,PIRLS_READING,PIRLS_reading,544.8837,+,country,A,outcome,primary_outcome
NOR,PIRLS,2016,PIRLS,2016.0,0.0,PIRLS_READING,PIRLS_reading,558.9496,+,country,A,outcome,primary_outcome
NZL,PIRLS,2016,PIRLS,2016.0,0.0,PIRLS_READING,PIRLS_reading,522.5312,+,country,A,outcome,primary_outcome
PRT,PIRLS,2016,PIRLS,2016.0,0.0,PIRLS_READING,PIRLS_reading,527.7969,+,country,A,outcome,primary_outcome
QAT,PIRLS,2016,PIRLS,2016.0,0.0,PIRLS_READING,PIRLS_reading,442.2461,+,country,A,outcome,primary_outcome
RMO,PIRLS,2016,PIRLS,2016.0,0.0,PIRLS_READING,PIRLS_reading,612.0839,+,country,A,outcome,primary_outcome
RUS,PIRLS,2016,PIRLS,2016.0,0.0,PIRLS_READING,PIRLS_reading,580.7725,+,country,A,outcome,primary_outcome
SAU,PIRLS,2016,PIRLS,2016.0,0.0,PIRLS_READING,PIRLS_reading,430.2995,+,country,A,outcome,primary_outcome
SVK,PIRLS,2016,PIRLS,2016.0,0.0,PIRLS_READING,PIRLS_reading,534.7911,+,country,A,outcome,primary_outcome
SWE,PIRLS,2016,PIRLS,2016.0,0.0,PIRLS_READING,PIRLS_reading,555.1602,+,country,A,outcome,primary_outcome
AAD,PIRLS,2021,PIRLS,2021.0,0.0,PIRLS_READING,PIRLS_reading,439.5624,+,country,A,outcome,primary_outcome
ADU,PIRLS,2021,PIRLS,2021.0,0.0,PIRLS_READING,PIRLS_reading,551.8599,+,country,A,outcome,primary_outcome
ALB,PIRLS,2021,PIRLS,2021.0,0.0,PIRLS_READING,PIRLS_reading,512.7426,+,country,A,outcome,primary_outcome
AUS,PIRLS,2021,PIRLS,2021.0,0.0,PIRLS_READING,PIRLS_reading,540.1345,+,country,A,outcome,primary_outcome
AUT,PIRLS,2021,PIRLS,2021.0,0.0,PIRLS_READING,PIRLS_reading,529.763,+,country,A,outcome,primary_outcome
AZE,PIRLS,2021,PIRLS,2021.0,0.0,PIRLS_READING,PIRLS_reading,440.2748,+,country,A,outcome,primary_outcome
BFL,PIRLS,2021,PIRLS,2021.0,0.0,PIRLS_READING,PIRLS_reading,506.6666,+,country,A,outcome,primary_outcome
BFR,PIRLS,2021,PIRLS,2021.0,0.0,PIRLS_READING,PIRLS_reading,494.2658,+,country,A,outcome,primary_outcome
BGR,PIRLS,2021,PIRLS,2021.0,0.0,PIRLS_READING,PIRLS_reading,539.8938,+,country,A,outcome,primary_outcome
BHR,PIRLS,2021,PIRLS,2021.0,0.0,PIRLS_READING,PIRLS_reading,458.3948,+,country,A,outcome,primary_outcome
BRA,PIRLS,2021,PIRLS,2021.0,0.0,PIRLS_READING,PIRLS_reading,418.8765,+,country,A,outcome,primary_outcome
CAB,PIRLS,2021,PIRLS,2021.0,0.0,PIRLS_READING,PIRLS_reading,538.687,+,country,A,outcome,primary_outcome
CQU,PIRLS,2021,PIRLS,2021.0,0.0,PIRLS_READING,PIRLS_reading,551.0024,+,country,A,outcome,primary_outcome
CYP,PIRLS,2021,PIRLS,2021.0,0.0,PIRLS_READING,PIRLS_reading,510.867,+,country,A,outcome,primary_outcome
CZE,PIRLS,2021,PIRLS,2021.0,0.0,PIRLS_READING,PIRLS_reading,542.5968,+,country,A,outcome,primary_outcome
DEU,PIRLS,2021,PIRLS,2021.0,0.0,PIRLS_READING,PIRLS_reading,523.9744,+,country,A,outcome,primary_outcome
DNK,PIRLS,2021,PIRLS,2021.0,0.0,PIRLS_READING,PIRLS_reading,539.235,+,country,A,outcome,primary_outcome
EGY,PIRLS,2021,PIRLS,2021.0,0.0,PIRLS_READING,PIRLS_reading,378.2326,+,country,A,outcome,primary_outcome
ENG,PIRLS,2021,PIRLS,2021.0,0.0,PIRLS_READING,PIRLS_reading,557.5525,+,country,A,outcome,primary_outcome
ESP,PIRLS,2021,PIRLS,2021.0,0.0,PIRLS_READING,PIRLS_reading,516.9008,+,country,A,outcome,primary_outcome
FIN,PIRLS,2021,PIRLS,2021.0,0.0,PIRLS_READING,PIRLS_reading,549.3,+,country,A,outcome,primary_outcome
FRA,PIRLS,2021,PIRLS,2021.0,0.0,PIRLS_READING,PIRLS_reading,513.7371,+,country,A,outcome,primary_outcome
GEO,PIRLS,2021,PIRLS,2021.0,0.0,PIRLS_READING,PIRLS_reading,494.0261,+,country,A,outcome,primary_outcome
HKG,PIRLS,2021,PIRLS,2021.0,0.0,PIRLS_READING,PIRLS_reading,572.821,+,country,A,outcome,primary_outcome
HRV,PIRLS,2021,PIRLS,2021.0,0.0,PIRLS_READING,PIRLS_reading,553.0778,+,country,A,outcome,primary_outcome
HUN,PIRLS,2021,PIRLS,2021.0,0.0,PIRLS_READING,PIRLS_reading,540.648,+,country,A,outcome,primary_outcome
IRN,PIRLS,2021,PIRLS,2021.0,0.0,PIRLS_READING,PIRLS_reading,412.7746,+,country,A,outcome,primary_outcome
ISR,PIRLS,2021,PIRLS,2021.0,0.0,PIRLS_READING,PIRLS_reading,509.3351,+,country,A,outcome,primary_outcome
ITA,PIRLS,2021,PIRLS,2021.0,0.0,PIRLS_READING,PIRLS_reading,541.0125,+,country,A,outcome,primary_outcome
JOR,PIRLS,2021,PIRLS,2021.0,0.0,PIRLS_READING,PIRLS_reading,380.5271,+,country,A,outcome,primary_outcome
KAZ,PIRLS,2021,PIRLS,2021.0,0.0,PIRLS_READING,PIRLS_reading,504.4283,+,country,A,outcome,primary_outcome
LTU,PIRLS,2021,PIRLS,2021.0,0.0,PIRLS_READING,PIRLS_reading,552.2204,+,country,A,outcome,primary_outcome
LVA,PIRLS,2021,PIRLS,2021.0,0.0,PIRLS_READING,PIRLS_reading,527.6827,+,country,A,outcome,primary_outcome
MAC,PIRLS,2021,PIRLS,2021.0,0.0,PIRLS_READING,PIRLS_reading,535.565,+,country,A,outcome,primary_outcome
MKD,PIRLS,2021,PIRLS,2021.0,0.0,PIRLS_READING,PIRLS_reading,442.1474,+,country,A,outcome,primary_outcome
MLT,PIRLS,2021,PIRLS,2021.0,0.0,PIRLS_READING,PIRLS_reading,498.8876,+,country,A,outcome,primary_outcome
NIR,PIRLS,2021,PIRLS,2021.0,0.0,PIRLS_READING,PIRLS_reading,565.9341,+,country,A,outcome,primary_outcome
NLD,PIRLS,2021,PIRLS,2021.0,0.0,PIRLS_READING,PIRLS_reading,527.2375,+,country,A,outcome,primary_outcome
NOR,PIRLS,2021,PIRLS,2021.0,0.0,PIRLS_READING,PIRLS_reading,531.1567,+,country,A,outcome,primary_outcome
NZL,PIRLS,2021,PIRLS,2021.0,0.0,PIRLS_READING,PIRLS_reading,519.0023,+,country,A,outcome,primary_outcome
POL,PIRLS,2021,PIRLS,2021.0,0.0,PIRLS_READING,PIRLS_reading,549.1209,+,country,A,outcome,primary_outcome
PRT,PIRLS,2021,PIRLS,2021.0,0.0,PIRLS_READING,PIRLS_reading,519.7634,+,country,A,outcome,primary_outcome
QAT,PIRLS,2021,PIRLS,2021.0,0.0,PIRLS_READING,PIRLS_reading,484.7257,+,country,A,outcome,primary_outcome
RMO,PIRLS,2021,PIRLS,2021.0,0.0,PIRLS_READING,PIRLS_reading,603.0469,+,country,A,outcome,primary_outcome
RUS,PIRLS,2021,PIRLS,2021.0,0.0,PIRLS_READING,PIRLS_reading,570.9169,+,country,A,outcome,primary_outcome
SAU,PIRLS,2021,PIRLS,2021.0,0.0,PIRLS_READING,PIRLS_reading,448.5494,+,country,A,outcome,primary_outcome
SGP,PIRLS,2021,PIRLS,2021.0,0.0,PIRLS_READING,PIRLS_reading,584.399,+,country,A,outcome,primary_outcome
SVN,PIRLS,2021,PIRLS,2021.0,0.0,PIRLS_READING,PIRLS_reading,519.6575,+,country,A,outcome,primary_outcome
SWE,PIRLS,2021,PIRLS,2021.0,0.0,PIRLS_READING,PIRLS_reading,539.8389,+,country,A,outcome,primary_outcome
TUR,PIRLS,2021,PIRLS,2021.0,0.0,PIRLS_READING,PIRLS_reading,496.447,+,country,A,outcome,primary_outcome
TWN,PIRLS,2021,PIRLS,2021.0,0.0,PIRLS_READING,PIRLS_reading,559.3303,+,country,A,outcome,primary_outcome
USA,PIRLS,2021,PIRLS,2021.0,0.0,PIRLS_READING,PIRLS_reading,547.5437,+,country,A,outcome,primary_outcome
XKX,PIRLS,2021,PIRLS,2021.0,0.0,PIRLS_READING,PIRLS_reading,420.548,+,country,A,outcome,primary_outcome
ZAF,PIRLS,2021,PIRLS,2021.0,0.0,PIRLS_READING,PIRLS_reading,288.2159,+,country,A,outcome,primary_outcome
ARE,PISA,2015,PISA,,,SES_COMPOSITE,ESCS,0.3148592414921476,+,student,A,primary_predictor,intra_program_lag
ARE,PISA,2015,PISA,,,HOME_RESOURCES,HOMEPOS,-0.1854300197168374,+,student,A,primary_predictor,intra_program_lag
AUS,PISA,2015,PISA,,,SES_COMPOSITE,ESCS,0.3721603382690234,+,student,A,primary_predictor,intra_program_lag
AUS,PISA,2015,PISA,,,HOME_RESOURCES,HOMEPOS,0.6017467746887963,+,student,A,primary_predictor,intra_program_lag
AUT,PISA,2015,PISA,,,SES_COMPOSITE,ESCS,0.1467721331854135,+,student,A,primary_predictor,intra_program_lag
AUT,PISA,2015,PISA,,,HOME_RESOURCES,HOMEPOS,0.0937909519943036,+,student,A,primary_predictor,intra_program_lag
BEL,PISA,2015,PISA,,,SES_COMPOSITE,ESCS,0.2919930819588537,+,student,A,primary_predictor,intra_program_lag
BEL,PISA,2015,PISA,,,HOME_RESOURCES,HOMEPOS,0.1797520491119041,+,student,A,primary_predictor,intra_program_lag
BGR,PISA,2015,PISA,,,SES_COMPOSITE,ESCS,0.003008112658973,+,student,A,primary_predictor,intra_program_lag
BGR,PISA,2015,PISA,,,HOME_RESOURCES,HOMEPOS,-0.3226939305852858,+,student,A,primary_predictor,intra_program_lag
BRA,PISA,2015,PISA,,,SES_COMPOSITE,ESCS,-1.0931538984016071,+,student,A,primary_predictor,intra_program_lag
BRA,PISA,2015,PISA,,,HOME_RESOURCES,HOMEPOS,-1.379248477392956,+,student,A,primary_predictor,intra_program_lag
CAN,PISA,2015,PISA,,,SES_COMPOSITE,ESCS,0.5058304779209916,+,student,A,primary_predictor,intra_program_lag
CAN,PISA,2015,PISA,,,HOME_RESOURCES,HOMEPOS,0.3935663653442346,+,student,A,primary_predictor,intra_program_lag
CHE,PISA,2015,PISA,,,SES_COMPOSITE,ESCS,0.0793655559382421,+,student,A,primary_predictor,intra_program_lag
CHE,PISA,2015,PISA,,,HOME_RESOURCES,HOMEPOS,-0.1413401076053805,+,student,A,primary_predictor,intra_program_lag
CHL,PISA,2015,PISA,,,SES_COMPOSITE,ESCS,-0.4113731461290743,+,student,A,primary_predictor,intra_program_lag
CHL,PISA,2015,PISA,,,HOME_RESOURCES,HOMEPOS,-0.5786210527910146,+,student,A,primary_predictor,intra_program_lag
COL,PISA,2015,PISA,,,SES_COMPOSITE,ESCS,-0.905450235467092,+,student,A,primary_predictor,intra_program_lag
COL,PISA,2015,PISA,,,HOME_RESOURCES,HOMEPOS,-1.1975712654770658,+,student,A,primary_predictor,intra_program_lag
CRI,PISA,2015,PISA,,,SES_COMPOSITE,ESCS,-0.8446372440475435,+,student,A,primary_predictor,intra_program_lag
CRI,PISA,2015,PISA,,,HOME_RESOURCES,HOMEPOS,-1.11249861201046,+,student,A,primary_predictor,intra_program_lag
CZE,PISA,2015,PISA,,,SES_COMPOSITE,ESCS,0.0761905005218968,+,student,A,primary_predictor,intra_program_lag
CZE,PISA,2015,PISA,,,HOME_RESOURCES,HOMEPOS,-0.125699506410503,+,student,A,primary_predictor,intra_program_lag
DEU,PISA,2015,PISA,,,SES_COMPOSITE,ESCS,0.2468614776194473,+,student,A,primary_predictor,intra_program_lag
DEU,PISA,2015,PISA,,,HOME_RESOURCES,HOMEPOS,0.1697655300341008,+,student,A,primary_predictor,intra_program_lag
DNK,PISA,2015,PISA,,,SES_COMPOSITE,ESCS,0.2035217581954834,+,student,A,primary_predictor,intra_program_lag
DNK,PISA,2015,PISA,,,HOME_RESOURCES,HOMEPOS,0.2083958723326768,+,student,A,primary_predictor,intra_program_lag
ESP,PISA,2015,PISA,,,SES_COMPOSITE,ESCS,-0.185961082603786,+,student,A,primary_predictor,intra_program_lag
ESP,PISA,2015,PISA,,,HOME_RESOURCES,HOMEPOS,-0.1146041743385551,+,student,A,primary_predictor,intra_program_lag
EST,PISA,2015,PISA,,,SES_COMPOSITE,ESCS,0.2150291651191981,+,student,A,primary_predictor,intra_program_lag
EST,PISA,2015,PISA,,,HOME_RESOURCES,HOMEPOS,0.1149949005063374,+,student,A,primary_predictor,intra_program_lag
FIN,PISA,2015,PISA,,,SES_COMPOSITE,ESCS,0.4470381241692402,+,student,A,primary_predictor,intra_program_lag
FIN,PISA,2015,PISA,,,HOME_RESOURCES,HOMEPOS,0.1755540430269295,+,student,A,primary_predictor,intra_program_lag
FRA,PISA,2015,PISA,,,SES_COMPOSITE,ESCS,-0.0449968223896247,+,student,A,primary_predictor,intra_program_lag
FRA,PISA,2015,PISA,,,HOME_RESOURCES,HOMEPOS,0.0686164026102193,+,student,A,primary_predictor,intra_program_lag
GBR,PISA,2015,PISA,,,SES_COMPOSITE,ESCS,0.2359424297609694,+,student,A,primary_predictor,intra_program_lag
GBR,PISA,2015,PISA,,,HOME_RESOURCES,HOMEPOS,0.1879421440047878,+,student,A,primary_predictor,intra_program_lag
GEO,PISA,2015,PISA,,,SES_COMPOSITE,ESCS,-0.1884614250744934,+,student,A,primary_predictor,intra_program_lag
GEO,PISA,2015,PISA,,,HOME_RESOURCES,HOMEPOS,-0.9333797702991792,+,student,A,primary_predictor,intra_program_lag
GRC,PISA,2015,PISA,,,SES_COMPOSITE,ESCS,0.0909317476984337,+,student,A,primary_predictor,intra_program_lag
GRC,PISA,2015,PISA,,,HOME_RESOURCES,HOMEPOS,-0.0833328223312708,+,student,A,primary_predictor,intra_program_lag
HKG,PISA,2015,PISA,,,SES_COMPOSITE,ESCS,-0.7682438265261012,+,student,A,primary_predictor,intra_program_lag
HKG,PISA,2015,PISA,,,HOME_RESOURCES,HOMEPOS,-0.8549774578329985,+,student,A,primary_predictor,intra_program_lag
HRV,PISA,2015,PISA,,,SES_COMPOSITE,ESCS,-0.1332179809899394,+,student,A,primary_predictor,intra_program_lag
HRV,PISA,2015,PISA,,,HOME_RESOURCES,HOMEPOS,-0.3629649499991693,+,student,A,primary_predictor,intra_program_lag
HUN,PISA,2015,PISA,,,SES_COMPOSITE,ESCS,-0.0781192736863072,+,student,A,primary_predictor,intra_program_lag
HUN,PISA,2015,PISA,,,HOME_RESOURCES,HOMEPOS,-0.105022501751747,+,student,A,primary_predictor,intra_program_lag
IDN,PISA,2015,PISA,,,SES_COMPOSITE,ESCS,-1.476588604584061,+,student,A,primary_predictor,intra_program_lag
IDN,PISA,2015,PISA,,,HOME_RESOURCES,HOMEPOS,-1.828567794459818,+,student,A,primary_predictor,intra_program_lag
IRL,PISA,2015,PISA,,,SES_COMPOSITE,ESCS,0.1161348196545306,+,student,A,primary_predictor,intra_program_lag
IRL,PISA,2015,PISA,,,HOME_RESOURCES,HOMEPOS,0.1205967166176851,+,student,A,primary_predictor,intra_program_lag
ISL,PISA,2015,PISA,,,SES_COMPOSITE,ESCS,0.7586301002094146,+,student,A,primary_predictor,intra_program_lag
ISL,PISA,2015,PISA,,,HOME_RESOURCES,HOMEPOS,0.5476359591891663,+,student,A,primary_predictor,intra_program_lag
ISR,PISA,2015,PISA,,,SES_COMPOSITE,ESCS,0.0581959960668857,+,student,A,primary_predictor,intra_program_lag
ISR,PISA,2015,PISA,,,HOME_RESOURCES,HOMEPOS,-0.2563429130219506,+,student,A,primary_predictor,intra_program_lag
ITA,PISA,2015,PISA,,,SES_COMPOSITE,ESCS,-0.0402469606185762,+,student,A,primary_predictor,intra_program_lag
ITA,PISA,2015,PISA,,,HOME_RESOURCES,HOMEPOS,0.0328595907521947,+,student,A,primary_predictor,intra_program_lag
JOR,PISA,2015,PISA,,,SES_COMPOSITE,ESCS,-0.4324539563966087,+,student,A,primary_predictor,intra_program_lag
JOR,PISA,2015,PISA,,,HOME_RESOURCES,HOMEPOS,-1.1431026226334664,+,student,A,primary_predictor,intra_program_lag
JPN,PISA,2015,PISA,,,SES_COMPOSITE,ESCS,0.0304930314473572,+,student,A,primary_predictor,intra_program_lag
JPN,PISA,2015,PISA,,,HOME_RESOURCES,HOMEPOS,-0.4415022348141206,+,student,A,primary_predictor,intra_program_lag
KOR,PISA,2015,PISA,,,SES_COMPOSITE,ESCS,-0.0940629524712708,+,student,A,primary_predictor,intra_program_lag
KOR,PISA,2015,PISA,,,HOME_RESOURCES,HOMEPOS,-0.5510529134606923,+,student,A,primary_predictor,intra_program_lag
LTU,PISA,2015,PISA,,,SES_COMPOSITE,ESCS,0.026331819897095,+,student,A,primary_predictor,intra_program_lag
LTU,PISA,2015,PISA,,,HOME_RESOURCES,HOMEPOS,-0.1470547774283936,+,student,A,primary_predictor,intra_program_lag
LUX,PISA,2015,PISA,,,SES_COMPOSITE,ESCS,0.3166031825330963,+,student,A,primary_predictor,intra_program_lag
LUX,PISA,2015,PISA,,,HOME_RESOURCES,HOMEPOS,0.5571140502955931,+,student,A,primary_predictor,intra_program_lag
LVA,PISA,2015,PISA,,,SES_COMPOSITE,ESCS,-0.0058601261727565,+,student,A,primary_predictor,intra_program_lag
LVA,PISA,2015,PISA,,,HOME_RESOURCES,HOMEPOS,-0.2598577166270454,+,student,A,primary_predictor,intra_program_lag
MAC,PISA,2015,PISA,,,SES_COMPOSITE,ESCS,-0.6860456129393264,+,student,A,primary_predictor,intra_program_lag
MAC,PISA,2015,PISA,,,HOME_RESOURCES,HOMEPOS,-0.316003309132415,+,student,A,primary_predictor,intra_program_lag
MDA,PISA,2015,PISA,,,SES_COMPOSITE,ESCS,-0.4868843680100769,+,student,A,primary_predictor,intra_program_lag
MDA,PISA,2015,PISA,,,HOME_RESOURCES,HOMEPOS,-1.087710482173971,+,student,A,primary_predictor,intra_program_lag
MEX,PISA,2015,PISA,,,SES_COMPOSITE,ESCS,-1.0614617212350266,+,student,A,primary_predictor,intra_program_lag
MEX,PISA,2015,PISA,,,HOME_RESOURCES,HOMEPOS,-1.5102275117312831,+,student,A,primary_predictor,intra_program_lag
MLT,PISA,2015,PISA,,,SES_COMPOSITE,ESCS,0.1115115445662288,+,student,A,primary_predictor,intra_program_lag
MLT,PISA,2015,PISA,,,HOME_RESOURCES,HOMEPOS,0.656254621152875,+,student,A,primary_predictor,intra_program_lag
MNE,PISA,2015,PISA,,,SES_COMPOSITE,ESCS,-0.2106713651787785,+,student,A,primary_predictor,intra_program_lag
MNE,PISA,2015,PISA,,,HOME_RESOURCES,HOMEPOS,-0.2734947812809797,+,student,A,primary_predictor,intra_program_lag
NLD,PISA,2015,PISA,,,SES_COMPOSITE,ESCS,0.3642541099839658,+,student,A,primary_predictor,intra_program_lag
NLD,PISA,2015,PISA,,,HOME_RESOURCES,HOMEPOS,0.3804167793965476,+,student,A,primary_predictor,intra_program_lag
NOR,PISA,2015,PISA,,,SES_COMPOSITE,ESCS,0.5150739833840402,+,student,A,primary_predictor,intra_program_lag
NOR,PISA,2015,PISA,,,HOME_RESOURCES,HOMEPOS,0.5716736382098289,+,student,A,primary_predictor,intra_program_lag
NZL,PISA,2015,PISA,,,SES_COMPOSITE,ESCS,0.1584157359497393,+,student,A,primary_predictor,intra_program_lag
NZL,PISA,2015,PISA,,,HOME_RESOURCES,HOMEPOS,0.1875663968740052,+,student,A,primary_predictor,intra_program_lag
PER,PISA,2015,PISA,,,SES_COMPOSITE,ESCS,-1.1340693682794365,+,student,A,primary_predictor,intra_program_lag
PER,PISA,2015,PISA,,,HOME_RESOURCES,HOMEPOS,-1.9504068217144868,+,student,A,primary_predictor,intra_program_lag
POL,PISA,2015,PISA,,,SES_COMPOSITE,ESCS,-0.1582195668896577,+,student,A,primary_predictor,intra_program_lag
POL,PISA,2015,PISA,,,HOME_RESOURCES,HOMEPOS,0.0955159808636035,+,student,A,primary_predictor,intra_program_lag
PRT,PISA,2015,PISA,,,SES_COMPOSITE,ESCS,-0.2195923172794654,+,student,A,primary_predictor,intra_program_lag
PRT,PISA,2015,PISA,,,HOME_RESOURCES,HOMEPOS,0.4954620152728907,+,student,A,primary_predictor,intra_program_lag
QAT,PISA,2015,PISA,,,SES_COMPOSITE,ESCS,0.5548019864251503,+,student,A,primary_predictor,intra_program_lag
QAT,PISA,2015,PISA,,,HOME_RESOURCES,HOMEPOS,0.3216416211366793,+,student,A,primary_predictor,intra_program_lag
ROU,PISA,2015,PISA,,,SES_COMPOSITE,ESCS,-0.2562989413558623,+,student,A,primary_predictor,intra_program_lag
ROU,PISA,2015,PISA,,,HOME_RESOURCES,HOMEPOS,-0.3864974488631514,+,student,A,primary_predictor,intra_program_lag
RUS,PISA,2015,PISA,,,SES_COMPOSITE,ESCS,-0.1125434869476616,+,student,A,primary_predictor,intra_program_lag
RUS,PISA,2015,PISA,,,HOME_RESOURCES,HOMEPOS,-0.4813149778842197,+,student,A,primary_predictor,intra_program_lag
SGP,PISA,2015,PISA,,,SES_COMPOSITE,ESCS,-0.3607644262134998,+,student,A,primary_predictor,intra_program_lag
SGP,PISA,2015,PISA,,,HOME_RESOURCES,HOMEPOS,-0.493159559897503,+,student,A,primary_predictor,intra_program_lag
SVK,PISA,2015,PISA,,,SES_COMPOSITE,ESCS,-0.0341981479902473,+,student,A,primary_predictor,intra_program_lag
SVK,PISA,2015,PISA,,,HOME_RESOURCES,HOMEPOS,0.083886246628057,+,student,A,primary_predictor,intra_program_lag
SVN,PISA,2015,PISA,,,SES_COMPOSITE,ESCS,0.0015021367337516,+,student,A,primary_predictor,intra_program_lag
SVN,PISA,2015,PISA,,,HOME_RESOURCES,HOMEPOS,0.2265444504482408,+,student,A,primary_predictor,intra_program_lag
SWE,PISA,2015,PISA,,,SES_COMPOSITE,ESCS,0.3941384841799122,+,student,A,primary_predictor,intra_program_lag
SWE,PISA,2015,PISA,,,HOME_RESOURCES,HOMEPOS,0.4960702647144114,+,student,A,primary_predictor,intra_program_lag
TAP,PISA,2015,PISA,,,SES_COMPOSITE,ESCS,-0.2538645397870861,+,student,A,primary_predictor,intra_program_lag
TAP,PISA,2015,PISA,,,HOME_RESOURCES,HOMEPOS,-0.4377176253297471,+,student,A,primary_predictor,intra_program_lag
THA,PISA,2015,PISA,,,SES_COMPOSITE,ESCS,-1.0709430828411732,+,student,A,primary_predictor,intra_program_lag
THA,PISA,2015,PISA,,,HOME_RESOURCES,HOMEPOS,-0.9952304902650322,+,student,A,primary_predictor,intra_program_lag
TTO,PISA,2015,PISA,,,SES_COMPOSITE,ESCS,-0.4783184371702857,+,student,A,primary_predictor,intra_program_lag
TTO,PISA,2015,PISA,,,HOME_RESOURCES,HOMEPOS,-0.8156677071055524,+,student,A,primary_predictor,intra_program_lag
TUN,PISA,2015,PISA,,,SES_COMPOSITE,ESCS,-1.1543173432054772,+,student,A,primary_predictor,intra_program_lag
TUN,PISA,2015,PISA,,,HOME_RESOURCES,HOMEPOS,-1.2062609093203167,+,student,A,primary_predictor,intra_program_lag
TUR,PISA,2015,PISA,,,SES_COMPOSITE,ESCS,-1.0789402695447758,+,student,A,primary_predictor,intra_program_lag
TUR,PISA,2015,PISA,,,HOME_RESOURCES,HOMEPOS,-0.6438927290720454,+,student,A,primary_predictor,intra_program_lag
URY,PISA,2015,PISA,,,SES_COMPOSITE,ESCS,-0.6094562924046192,+,student,A,primary_predictor,intra_program_lag
URY,PISA,2015,PISA,,,HOME_RESOURCES,HOMEPOS,-0.5457066782876573,+,student,A,primary_predictor,intra_program_lag
USA,PISA,2015,PISA,,,SES_COMPOSITE,ESCS,0.2232420363284103,+,student,A,primary_predictor,intra_program_lag
USA,PISA,2015,PISA,,,HOME_RESOURCES,HOMEPOS,0.16569904145778,+,student,A,primary_predictor,intra_program_lag
ARE,PISA,2022,PISA,,,SES_COMPOSITE,ESCS,0.4995,+,student,A,primary_predictor,intra_program_lag
ARE,PISA,2022,PISA,,,HOME_RESOURCES,HOMEPOS,0.2226,+,student,A,primary_predictor,intra_program_lag
ARE,PISA,2022,PISA,,,SCHOOL_BELONGING,BELONG,-0.0977,+,student,A,primary_predictor,intra_program_lag
AUS,PISA,2022,PISA,,,SES_COMPOSITE,ESCS,0.2695,+,student,A,primary_predictor,intra_program_lag
AUS,PISA,2022,PISA,,,HOME_RESOURCES,HOMEPOS,0.5757,+,student,A,primary_predictor,intra_program_lag
AUS,PISA,2022,PISA,,,SCHOOL_BELONGING,BELONG,-0.125,+,student,A,primary_predictor,intra_program_lag
AUT,PISA,2022,PISA,,,SES_COMPOSITE,ESCS,0.0923,+,student,A,primary_predictor,intra_program_lag
AUT,PISA,2022,PISA,,,HOME_RESOURCES,HOMEPOS,0.1927,+,student,A,primary_predictor,intra_program_lag
AUT,PISA,2022,PISA,,,SCHOOL_BELONGING,BELONG,0.4426,+,student,A,primary_predictor,intra_program_lag
BEL,PISA,2022,PISA,,,SES_COMPOSITE,ESCS,0.1649,+,student,A,primary_predictor,intra_program_lag
BEL,PISA,2022,PISA,,,HOME_RESOURCES,HOMEPOS,0.0633,+,student,A,primary_predictor,intra_program_lag
BEL,PISA,2022,PISA,,,SCHOOL_BELONGING,BELONG,0.014,+,student,A,primary_predictor,intra_program_lag
BGR,PISA,2022,PISA,,,SES_COMPOSITE,ESCS,-0.0801,+,student,A,primary_predictor,intra_program_lag
BGR,PISA,2022,PISA,,,HOME_RESOURCES,HOMEPOS,-0.347,+,student,A,primary_predictor,intra_program_lag
BGR,PISA,2022,PISA,,,SCHOOL_BELONGING,BELONG,-0.3439,+,student,A,primary_predictor,intra_program_lag
BRA,PISA,2022,PISA,,,SES_COMPOSITE,ESCS,-0.9572,+,student,A,primary_predictor,intra_program_lag
BRA,PISA,2022,PISA,,,HOME_RESOURCES,HOMEPOS,-1.241,+,student,A,primary_predictor,intra_program_lag
BRA,PISA,2022,PISA,,,SCHOOL_BELONGING,BELONG,-0.147,+,student,A,primary_predictor,intra_program_lag
CAN,PISA,2022,PISA,,,SES_COMPOSITE,ESCS,0.5317,+,student,A,primary_predictor,intra_program_lag
CAN,PISA,2022,PISA,,,HOME_RESOURCES,HOMEPOS,0.4778,+,student,A,primary_predictor,intra_program_lag
CAN,PISA,2022,PISA,,,SCHOOL_BELONGING,BELONG,-0.1125,+,student,A,primary_predictor,intra_program_lag
CHE,PISA,2022,PISA,,,SES_COMPOSITE,ESCS,0.1433,+,student,A,primary_predictor,intra_program_lag
CHE,PISA,2022,PISA,,,HOME_RESOURCES,HOMEPOS,0.1186,+,student,A,primary_predictor,intra_program_lag
CHE,PISA,2022,PISA,,,SCHOOL_BELONGING,BELONG,0.3562,+,student,A,primary_predictor,intra_program_lag
CHL,PISA,2022,PISA,,,SES_COMPOSITE,ESCS,-0.4858,+,student,A,primary_predictor,intra_program_lag
CHL,PISA,2022,PISA,,,HOME_RESOURCES,HOMEPOS,-0.6552,+,student,A,primary_predictor,intra_program_lag
CHL,PISA,2022,PISA,,,SCHOOL_BELONGING,BELONG,-0.0354,+,student,A,primary_predictor,intra_program_lag
COL,PISA,2022,PISA,,,SES_COMPOSITE,ESCS,-0.9878,+,student,A,primary_predictor,intra_program_lag
COL,PISA,2022,PISA,,,HOME_RESOURCES,HOMEPOS,-1.6278,+,student,A,primary_predictor,intra_program_lag
COL,PISA,2022,PISA,,,SCHOOL_BELONGING,BELONG,-0.3093,+,student,A,primary_predictor,intra_program_lag
CRI,PISA,2022,PISA,,,SES_COMPOSITE,ESCS,-0.8008,+,student,A,primary_predictor,intra_program_lag
CRI,PISA,2022,PISA,,,HOME_RESOURCES,HOMEPOS,-1.2431,+,student,A,primary_predictor,intra_program_lag
CRI,PISA,2022,PISA,,,SCHOOL_BELONGING,BELONG,-0.1576,+,student,A,primary_predictor,intra_program_lag
CZE,PISA,2022,PISA,,,SES_COMPOSITE,ESCS,-0.2058,+,student,A,primary_predictor,intra_program_lag
CZE,PISA,2022,PISA,,,HOME_RESOURCES,HOMEPOS,-0.1148,+,student,A,primary_predictor,intra_program_lag
CZE,PISA,2022,PISA,,,SCHOOL_BELONGING,BELONG,-0.2464,+,student,A,primary_predictor,intra_program_lag
DEU,PISA,2022,PISA,,,SES_COMPOSITE,ESCS,0.1206,+,student,A,primary_predictor,intra_program_lag
DEU,PISA,2022,PISA,,,HOME_RESOURCES,HOMEPOS,0.1766,+,student,A,primary_predictor,intra_program_lag
DEU,PISA,2022,PISA,,,SCHOOL_BELONGING,BELONG,0.2879,+,student,A,primary_predictor,intra_program_lag
DNK,PISA,2022,PISA,,,SES_COMPOSITE,ESCS,0.5927,+,student,A,primary_predictor,intra_program_lag
DNK,PISA,2022,PISA,,,HOME_RESOURCES,HOMEPOS,0.4863,+,student,A,primary_predictor,intra_program_lag
DNK,PISA,2022,PISA,,,SCHOOL_BELONGING,BELONG,0.1418,+,student,A,primary_predictor,intra_program_lag
DOM,PISA,2022,PISA,,,SES_COMPOSITE,ESCS,-0.9026,+,student,A,primary_predictor,intra_program_lag
DOM,PISA,2022,PISA,,,HOME_RESOURCES,HOMEPOS,-1.6078,+,student,A,primary_predictor,intra_program_lag
DOM,PISA,2022,PISA,,,SCHOOL_BELONGING,BELONG,-0.4034,+,student,A,primary_predictor,intra_program_lag
ESP,PISA,2022,PISA,,,SES_COMPOSITE,ESCS,-0.5112,+,student,A,primary_predictor,intra_program_lag
ESP,PISA,2022,PISA,,,HOME_RESOURCES,HOMEPOS,0.0791,+,student,A,primary_predictor,intra_program_lag
ESP,PISA,2022,PISA,,,SCHOOL_BELONGING,BELONG,0.4696,+,student,A,primary_predictor,intra_program_lag
EST,PISA,2022,PISA,,,SES_COMPOSITE,ESCS,0.0483,+,student,A,primary_predictor,intra_program_lag
EST,PISA,2022,PISA,,,HOME_RESOURCES,HOMEPOS,-0.0662,+,student,A,primary_predictor,intra_program_lag
EST,PISA,2022,PISA,,,SCHOOL_BELONGING,BELONG,-0.0627,+,student,A,primary_predictor,intra_program_lag
FIN,PISA,2022,PISA,,,SES_COMPOSITE,ESCS,0.2538,+,student,A,primary_predictor,intra_program_lag
FIN,PISA,2022,PISA,,,HOME_RESOURCES,HOMEPOS,0.1226,+,student,A,primary_predictor,intra_program_lag
FIN,PISA,2022,PISA,,,SCHOOL_BELONGING,BELONG,0.0911,+,student,A,primary_predictor,intra_program_lag
FRA,PISA,2022,PISA,,,SES_COMPOSITE,ESCS,-0.137,+,student,A,primary_predictor,intra_program_lag
FRA,PISA,2022,PISA,,,HOME_RESOURCES,HOMEPOS,-0.1186,+,student,A,primary_predictor,intra_program_lag
FRA,PISA,2022,PISA,,,SCHOOL_BELONGING,BELONG,-0.0594,+,student,A,primary_predictor,intra_program_lag
GBR,PISA,2022,PISA,,,SES_COMPOSITE,ESCS,0.21,+,student,A,primary_predictor,intra_program_lag
GBR,PISA,2022,PISA,,,HOME_RESOURCES,HOMEPOS,0.3336,+,student,A,primary_predictor,intra_program_lag
GBR,PISA,2022,PISA,,,SCHOOL_BELONGING,BELONG,-0.0934,+,student,A,primary_predictor,intra_program_lag
GEO,PISA,2022,PISA,,,SES_COMPOSITE,ESCS,-0.334,+,student,A,primary_predictor,intra_program_lag
GEO,PISA,2022,PISA,,,HOME_RESOURCES,HOMEPOS,-0.9595,+,student,A,primary_predictor,intra_program_lag
GEO,PISA,2022,PISA,,,SCHOOL_BELONGING,BELONG,0.199,+,student,A,primary_predictor,intra_program_lag
GRC,PISA,2022,PISA,,,SES_COMPOSITE,ESCS,-0.0783,+,student,A,primary_predictor,intra_program_lag
GRC,PISA,2022,PISA,,,HOME_RESOURCES,HOMEPOS,-0.2707,+,student,A,primary_predictor,intra_program_lag
GRC,PISA,2022,PISA,,,SCHOOL_BELONGING,BELONG,0.1003,+,student,A,primary_predictor,intra_program_lag
HKG,PISA,2022,PISA,,,SES_COMPOSITE,ESCS,-0.5347,+,student,A,primary_predictor,intra_program_lag
HKG,PISA,2022,PISA,,,HOME_RESOURCES,HOMEPOS,-0.5958,+,student,A,primary_predictor,intra_program_lag
HKG,PISA,2022,PISA,,,SCHOOL_BELONGING,BELONG,-0.348,+,student,A,primary_predictor,intra_program_lag
HRV,PISA,2022,PISA,,,SES_COMPOSITE,ESCS,-0.2398,+,student,A,primary_predictor,intra_program_lag
HRV,PISA,2022,PISA,,,HOME_RESOURCES,HOMEPOS,-0.3899,+,student,A,primary_predictor,intra_program_lag
HRV,PISA,2022,PISA,,,SCHOOL_BELONGING,BELONG,0.0476,+,student,A,primary_predictor,intra_program_lag
HUN,PISA,2022,PISA,,,SES_COMPOSITE,ESCS,-0.2262,+,student,A,primary_predictor,intra_program_lag
HUN,PISA,2022,PISA,,,HOME_RESOURCES,HOMEPOS,-0.2748,+,student,A,primary_predictor,intra_program_lag
HUN,PISA,2022,PISA,,,SCHOOL_BELONGING,BELONG,0.0601,+,student,A,primary_predictor,intra_program_lag
IDN,PISA,2022,PISA,,,SES_COMPOSITE,ESCS,-1.8731,+,student,A,primary_predictor,intra_program_lag
IDN,PISA,2022,PISA,,,HOME_RESOURCES,HOMEPOS,-2.4505,+,student,A,primary_predictor,intra_program_lag
IDN,PISA,2022,PISA,,,SCHOOL_BELONGING,BELONG,0.105,+,student,A,primary_predictor,intra_program_lag
IRL,PISA,2022,PISA,,,SES_COMPOSITE,ESCS,0.1601,+,student,A,primary_predictor,intra_program_lag
IRL,PISA,2022,PISA,,,HOME_RESOURCES,HOMEPOS,0.3398,+,student,A,primary_predictor,intra_program_lag
IRL,PISA,2022,PISA,,,SCHOOL_BELONGING,BELONG,-0.0151,+,student,A,primary_predictor,intra_program_lag
ISL,PISA,2022,PISA,,,SES_COMPOSITE,ESCS,0.7327,+,student,A,primary_predictor,intra_program_lag
ISL,PISA,2022,PISA,,,HOME_RESOURCES,HOMEPOS,0.509,+,student,A,primary_predictor,intra_program_lag
ISL,PISA,2022,PISA,,,SCHOOL_BELONGING,BELONG,0.1942,+,student,A,primary_predictor,intra_program_lag
ISR,PISA,2022,PISA,,,SES_COMPOSITE,ESCS,0.1641,+,student,A,primary_predictor,intra_program_lag
ISR,PISA,2022,PISA,,,HOME_RESOURCES,HOMEPOS,0.0672,+,student,A,primary_predictor,intra_program_lag
ITA,PISA,2022,PISA,,,SES_COMPOSITE,ESCS,-0.066,+,student,A,primary_predictor,intra_program_lag
ITA,PISA,2022,PISA,,,HOME_RESOURCES,HOMEPOS,0.0867,+,student,A,primary_predictor,intra_program_lag
ITA,PISA,2022,PISA,,,SCHOOL_BELONGING,BELONG,0.0522,+,student,A,primary_predictor,intra_program_lag
JOR,PISA,2022,PISA,,,SES_COMPOSITE,ESCS,-0.4238,+,student,A,primary_predictor,intra_program_lag
JOR,PISA,2022,PISA,,,HOME_RESOURCES,HOMEPOS,-1.1379,+,student,A,primary_predictor,intra_program_lag
JOR,PISA,2022,PISA,,,SCHOOL_BELONGING,BELONG,0.1896,+,student,A,primary_predictor,intra_program_lag
JPN,PISA,2022,PISA,,,SES_COMPOSITE,ESCS,-0.1844,+,student,A,primary_predictor,intra_program_lag
JPN,PISA,2022,PISA,,,HOME_RESOURCES,HOMEPOS,-0.5673,+,student,A,primary_predictor,intra_program_lag
JPN,PISA,2022,PISA,,,SCHOOL_BELONGING,BELONG,-0.0332,+,student,A,primary_predictor,intra_program_lag
KOR,PISA,2022,PISA,,,SES_COMPOSITE,ESCS,-0.1972,+,student,A,primary_predictor,intra_program_lag
KOR,PISA,2022,PISA,,,HOME_RESOURCES,HOMEPOS,-0.345,+,student,A,primary_predictor,intra_program_lag
KOR,PISA,2022,PISA,,,SCHOOL_BELONGING,BELONG,0.1595,+,student,A,primary_predictor,intra_program_lag
KSV,PISA,2022,PISA,,,SES_COMPOSITE,ESCS,-0.1409,+,student,A,primary_predictor,intra_program_lag
KSV,PISA,2022,PISA,,,HOME_RESOURCES,HOMEPOS,-0.7871,+,student,A,primary_predictor,intra_program_lag
KSV,PISA,2022,PISA,,,SCHOOL_BELONGING,BELONG,0.2853,+,student,A,primary_predictor,intra_program_lag
LTU,PISA,2022,PISA,,,SES_COMPOSITE,ESCS,-0.0646,+,student,A,primary_predictor,intra_program_lag
LTU,PISA,2022,PISA,,,HOME_RESOURCES,HOMEPOS,-0.2702,+,student,A,primary_predictor,intra_program_lag
LTU,PISA,2022,PISA,,,SCHOOL_BELONGING,BELONG,-0.268,+,student,A,primary_predictor,intra_program_lag
LVA,PISA,2022,PISA,,,SES_COMPOSITE,ESCS,-0.4359,+,student,A,primary_predictor,intra_program_lag
LVA,PISA,2022,PISA,,,HOME_RESOURCES,HOMEPOS,-0.2755,+,student,A,primary_predictor,intra_program_lag
LVA,PISA,2022,PISA,,,SCHOOL_BELONGING,BELONG,-0.2013,+,student,A,primary_predictor,intra_program_lag
MAC,PISA,2022,PISA,,,SES_COMPOSITE,ESCS,-0.5416,+,student,A,primary_predictor,intra_program_lag
MAC,PISA,2022,PISA,,,HOME_RESOURCES,HOMEPOS,-0.4176,+,student,A,primary_predictor,intra_program_lag
MAC,PISA,2022,PISA,,,SCHOOL_BELONGING,BELONG,-0.4041,+,student,A,primary_predictor,intra_program_lag
MDA,PISA,2022,PISA,,,SES_COMPOSITE,ESCS,-0.6868,+,student,A,primary_predictor,intra_program_lag
MDA,PISA,2022,PISA,,,HOME_RESOURCES,HOMEPOS,-1.1959,+,student,A,primary_predictor,intra_program_lag
MDA,PISA,2022,PISA,,,SCHOOL_BELONGING,BELONG,0.0384,+,student,A,primary_predictor,intra_program_lag
MEX,PISA,2022,PISA,,,SES_COMPOSITE,ESCS,-1.2238,+,student,A,primary_predictor,intra_program_lag
MEX,PISA,2022,PISA,,,HOME_RESOURCES,HOMEPOS,-1.5914,+,student,A,primary_predictor,intra_program_lag
MEX,PISA,2022,PISA,,,SCHOOL_BELONGING,BELONG,-0.1444,+,student,A,primary_predictor,intra_program_lag
MKD,PISA,2022,PISA,,,SES_COMPOSITE,ESCS,-0.2301,+,student,A,primary_predictor,intra_program_lag
MKD,PISA,2022,PISA,,,HOME_RESOURCES,HOMEPOS,-0.6664,+,student,A,primary_predictor,intra_program_lag
MKD,PISA,2022,PISA,,,SCHOOL_BELONGING,BELONG,0.3456,+,student,A,primary_predictor,intra_program_lag
MLT,PISA,2022,PISA,,,SES_COMPOSITE,ESCS,-0.051,+,student,A,primary_predictor,intra_program_lag
MLT,PISA,2022,PISA,,,HOME_RESOURCES,HOMEPOS,0.2372,+,student,A,primary_predictor,intra_program_lag
MLT,PISA,2022,PISA,,,SCHOOL_BELONGING,BELONG,-0.0211,+,student,A,primary_predictor,intra_program_lag
MNE,PISA,2022,PISA,,,SES_COMPOSITE,ESCS,-0.1754,+,student,A,primary_predictor,intra_program_lag
MNE,PISA,2022,PISA,,,HOME_RESOURCES,HOMEPOS,-0.4746,+,student,A,primary_predictor,intra_program_lag
MNE,PISA,2022,PISA,,,SCHOOL_BELONGING,BELONG,-0.1005,+,student,A,primary_predictor,intra_program_lag
NLD,PISA,2022,PISA,,,SES_COMPOSITE,ESCS,0.161,+,student,A,primary_predictor,intra_program_lag
NLD,PISA,2022,PISA,,,HOME_RESOURCES,HOMEPOS,0.2677,+,student,A,primary_predictor,intra_program_lag
NLD,PISA,2022,PISA,,,SCHOOL_BELONGING,BELONG,0.1662,+,student,A,primary_predictor,intra_program_lag
NOR,PISA,2022,PISA,,,SES_COMPOSITE,ESCS,0.4811,+,student,A,primary_predictor,intra_program_lag
NOR,PISA,2022,PISA,,,HOME_RESOURCES,HOMEPOS,0.6271,+,student,A,primary_predictor,intra_program_lag
NOR,PISA,2022,PISA,,,SCHOOL_BELONGING,BELONG,0.2104,+,student,A,primary_predictor,intra_program_lag
NZL,PISA,2022,PISA,,,SES_COMPOSITE,ESCS,0.1652,+,student,A,primary_predictor,intra_program_lag
NZL,PISA,2022,PISA,,,HOME_RESOURCES,HOMEPOS,0.3554,+,student,A,primary_predictor,intra_program_lag
NZL,PISA,2022,PISA,,,SCHOOL_BELONGING,BELONG,-0.1684,+,student,A,primary_predictor,intra_program_lag
PER,PISA,2022,PISA,,,SES_COMPOSITE,ESCS,-1.0804,+,student,A,primary_predictor,intra_program_lag
PER,PISA,2022,PISA,,,HOME_RESOURCES,HOMEPOS,-1.7261,+,student,A,primary_predictor,intra_program_lag
PER,PISA,2022,PISA,,,SCHOOL_BELONGING,BELONG,-0.2188,+,student,A,primary_predictor,intra_program_lag
POL,PISA,2022,PISA,,,SES_COMPOSITE,ESCS,-0.3931,+,student,A,primary_predictor,intra_program_lag
POL,PISA,2022,PISA,,,HOME_RESOURCES,HOMEPOS,-0.1878,+,student,A,primary_predictor,intra_program_lag
POL,PISA,2022,PISA,,,SCHOOL_BELONGING,BELONG,-0.2524,+,student,A,primary_predictor,intra_program_lag
PRT,PISA,2022,PISA,,,SES_COMPOSITE,ESCS,-0.389,+,student,A,primary_predictor,intra_program_lag
PRT,PISA,2022,PISA,,,HOME_RESOURCES,HOMEPOS,-0.0257,+,student,A,primary_predictor,intra_program_lag
PRT,PISA,2022,PISA,,,SCHOOL_BELONGING,BELONG,0.1038,+,student,A,primary_predictor,intra_program_lag
QAT,PISA,2022,PISA,,,SES_COMPOSITE,ESCS,0.5767,+,student,A,primary_predictor,intra_program_lag
QAT,PISA,2022,PISA,,,HOME_RESOURCES,HOMEPOS,0.4046,+,student,A,primary_predictor,intra_program_lag
QAT,PISA,2022,PISA,,,SCHOOL_BELONGING,BELONG,-0.1035,+,student,A,primary_predictor,intra_program_lag
ROU,PISA,2022,PISA,,,SES_COMPOSITE,ESCS,-0.5823,+,student,A,primary_predictor,intra_program_lag
ROU,PISA,2022,PISA,,,HOME_RESOURCES,HOMEPOS,-0.7803,+,student,A,primary_predictor,intra_program_lag
ROU,PISA,2022,PISA,,,SCHOOL_BELONGING,BELONG,0.0007,+,student,A,primary_predictor,intra_program_lag
SGP,PISA,2022,PISA,,,SES_COMPOSITE,ESCS,0.03,+,student,A,primary_predictor,intra_program_lag
SGP,PISA,2022,PISA,,,HOME_RESOURCES,HOMEPOS,-0.1069,+,student,A,primary_predictor,intra_program_lag
SGP,PISA,2022,PISA,,,SCHOOL_BELONGING,BELONG,-0.2125,+,student,A,primary_predictor,intra_program_lag
SVK,PISA,2022,PISA,,,SES_COMPOSITE,ESCS,-0.1081,+,student,A,primary_predictor,intra_program_lag
SVK,PISA,2022,PISA,,,HOME_RESOURCES,HOMEPOS,-0.2732,+,student,A,primary_predictor,intra_program_lag
SVK,PISA,2022,PISA,,,SCHOOL_BELONGING,BELONG,-0.2781,+,student,A,primary_predictor,intra_program_lag
SVN,PISA,2022,PISA,,,SES_COMPOSITE,ESCS,0.0314,+,student,A,primary_predictor,intra_program_lag
SVN,PISA,2022,PISA,,,HOME_RESOURCES,HOMEPOS,0.112,+,student,A,primary_predictor,intra_program_lag
SVN,PISA,2022,PISA,,,SCHOOL_BELONGING,BELONG,-0.0976,+,student,A,primary_predictor,intra_program_lag
SWE,PISA,2022,PISA,,,SES_COMPOSITE,ESCS,0.3346,+,student,A,primary_predictor,intra_program_lag
SWE,PISA,2022,PISA,,,HOME_RESOURCES,HOMEPOS,0.4106,+,student,A,primary_predictor,intra_program_lag
SWE,PISA,2022,PISA,,,SCHOOL_BELONGING,BELONG,0.0392,+,student,A,primary_predictor,intra_program_lag
TAP,PISA,2022,PISA,,,SES_COMPOSITE,ESCS,-0.2125,+,student,A,primary_predictor,intra_program_lag
TAP,PISA,2022,PISA,,,HOME_RESOURCES,HOMEPOS,-0.3826,+,student,A,primary_predictor,intra_program_lag
TAP,PISA,2022,PISA,,,SCHOOL_BELONGING,BELONG,0.0204,+,student,A,primary_predictor,intra_program_lag
THA,PISA,2022,PISA,,,SES_COMPOSITE,ESCS,-1.2267,+,student,A,primary_predictor,intra_program_lag
THA,PISA,2022,PISA,,,HOME_RESOURCES,HOMEPOS,-1.1557,+,student,A,primary_predictor,intra_program_lag
THA,PISA,2022,PISA,,,SCHOOL_BELONGING,BELONG,-0.3544,+,student,A,primary_predictor,intra_program_lag
TUR,PISA,2022,PISA,,,SES_COMPOSITE,ESCS,-1.4279,+,student,A,primary_predictor,intra_program_lag
TUR,PISA,2022,PISA,,,HOME_RESOURCES,HOMEPOS,-1.4184,+,student,A,primary_predictor,intra_program_lag
TUR,PISA,2022,PISA,,,SCHOOL_BELONGING,BELONG,-0.4368,+,student,A,primary_predictor,intra_program_lag
URY,PISA,2022,PISA,,,SES_COMPOSITE,ESCS,-0.7778,+,student,A,primary_predictor,intra_program_lag
URY,PISA,2022,PISA,,,HOME_RESOURCES,HOMEPOS,-0.8194,+,student,A,primary_predictor,intra_program_lag
URY,PISA,2022,PISA,,,SCHOOL_BELONGING,BELONG,-0.0929,+,student,A,primary_predictor,intra_program_lag
USA,PISA,2022,PISA,,,SES_COMPOSITE,ESCS,0.1014,+,student,A,primary_predictor,intra_program_lag
USA,PISA,2022,PISA,,,HOME_RESOURCES,HOMEPOS,0.2423,+,student,A,primary_predictor,intra_program_lag
USA,PISA,2022,PISA,,,SCHOOL_BELONGING,BELONG,-0.0876,+,student,A,primary_predictor,intra_program_lag
VNM,PISA,2022,PISA,,,SES_COMPOSITE,ESCS,-1.8674,+,student,A,primary_predictor,intra_program_lag
VNM,PISA,2022,PISA,,,HOME_RESOURCES,HOMEPOS,-2.0964,+,student,A,primary_predictor,intra_program_lag
VNM,PISA,2022,PISA,,,SCHOOL_BELONGING,BELONG,-0.0618,+,student,A,primary_predictor,intra_program_lag
ALB,PISA,2025,PISA,,,SES_COMPOSITE,ESCS,-0.7515,+,student,A,primary_predictor,intra_program_lag
ALB,PISA,2025,PISA,,,HOME_RESOURCES,HOMEPOS,-0.8704,+,student,A,primary_predictor,intra_program_lag
ALB,PISA,2025,PISA,,,SCHOOL_BELONGING,BELONG,0.2533,+,student,A,primary_predictor,intra_program_lag
ALB,PISA,2025,PISA,,,ICT_HOME_ACCESS,ICTAVHOM,4.5188,+,student,B,primary_predictor,intra_program_lag
ALB,PISA,2025,PISA,,,ICT_SCHOOL_ACCESS,ICTAVSCH,4.6534,+,student,B,primary_predictor,intra_program_lag
ARE,PISA,2025,PISA,,,SES_COMPOSITE,ESCS,0.2967,+,student,A,primary_predictor,intra_program_lag
ARE,PISA,2025,PISA,,,HOME_RESOURCES,HOMEPOS,-0.1841,+,student,A,primary_predictor,intra_program_lag
ARE,PISA,2025,PISA,,,SCHOOL_BELONGING,BELONG,-0.2,+,student,A,primary_predictor,intra_program_lag
ARG,PISA,2025,PISA,,,SES_COMPOSITE,ESCS,-0.802,+,student,A,primary_predictor,intra_program_lag
ARG,PISA,2025,PISA,,,HOME_RESOURCES,HOMEPOS,-0.9277,+,student,A,primary_predictor,intra_program_lag
ARG,PISA,2025,PISA,,,SCHOOL_BELONGING,BELONG,-0.1967,+,student,A,primary_predictor,intra_program_lag
ARG,PISA,2025,PISA,,,ICT_HOME_ACCESS,ICTAVHOM,4.883,+,student,B,primary_predictor,intra_program_lag
ARG,PISA,2025,PISA,,,ICT_SCHOOL_ACCESS,ICTAVSCH,5.6658,+,student,B,primary_predictor,intra_program_lag
AUS,PISA,2025,PISA,,,SES_COMPOSITE,ESCS,0.3794,+,student,A,primary_predictor,intra_program_lag
AUS,PISA,2025,PISA,,,HOME_RESOURCES,HOMEPOS,0.4765,+,student,A,primary_predictor,intra_program_lag
AUS,PISA,2025,PISA,,,SCHOOL_BELONGING,BELONG,-0.2267,+,student,A,primary_predictor,intra_program_lag
AUS,PISA,2025,PISA,,,ICT_HOME_ACCESS,ICTAVHOM,5.7416,+,student,B,primary_predictor,intra_program_lag
AUS,PISA,2025,PISA,,,ICT_SCHOOL_ACCESS,ICTAVSCH,6.5701,+,student,B,primary_predictor,intra_program_lag
AUT,PISA,2025,PISA,,,SES_COMPOSITE,ESCS,0.0691,+,student,A,primary_predictor,intra_program_lag
AUT,PISA,2025,PISA,,,HOME_RESOURCES,HOMEPOS,0.2485,+,student,A,primary_predictor,intra_program_lag
AUT,PISA,2025,PISA,,,SCHOOL_BELONGING,BELONG,0.445,+,student,A,primary_predictor,intra_program_lag
AUT,PISA,2025,PISA,,,ICT_HOME_ACCESS,ICTAVHOM,5.7137,+,student,B,primary_predictor,intra_program_lag
AUT,PISA,2025,PISA,,,ICT_SCHOOL_ACCESS,ICTAVSCH,6.4934,+,student,B,primary_predictor,intra_program_lag
BEL,PISA,2025,PISA,,,SES_COMPOSITE,ESCS,0.0829,+,student,A,primary_predictor,intra_program_lag
BEL,PISA,2025,PISA,,,HOME_RESOURCES,HOMEPOS,0.0396,+,student,A,primary_predictor,intra_program_lag
BEL,PISA,2025,PISA,,,SCHOOL_BELONGING,BELONG,0.0219,+,student,A,primary_predictor,intra_program_lag
BEL,PISA,2025,PISA,,,ICT_HOME_ACCESS,ICTAVHOM,5.6648,+,student,B,primary_predictor,intra_program_lag
BEL,PISA,2025,PISA,,,ICT_SCHOOL_ACCESS,ICTAVSCH,6.373,+,student,B,primary_predictor,intra_program_lag
BGR,PISA,2025,PISA,,,SES_COMPOSITE,ESCS,-0.2722,+,student,A,primary_predictor,intra_program_lag
BGR,PISA,2025,PISA,,,HOME_RESOURCES,HOMEPOS,-0.3708,+,student,A,primary_predictor,intra_program_lag
BGR,PISA,2025,PISA,,,SCHOOL_BELONGING,BELONG,-0.1904,+,student,A,primary_predictor,intra_program_lag
BGR,PISA,2025,PISA,,,ICT_HOME_ACCESS,ICTAVHOM,4.9195,+,student,B,primary_predictor,intra_program_lag
BGR,PISA,2025,PISA,,,ICT_SCHOOL_ACCESS,ICTAVSCH,5.5914,+,student,B,primary_predictor,intra_program_lag
BRA,PISA,2025,PISA,,,SES_COMPOSITE,ESCS,-0.9915,+,student,A,primary_predictor,intra_program_lag
BRA,PISA,2025,PISA,,,HOME_RESOURCES,HOMEPOS,-1.2322,+,student,A,primary_predictor,intra_program_lag
BRA,PISA,2025,PISA,,,SCHOOL_BELONGING,BELONG,-0.2085,+,student,A,primary_predictor,intra_program_lag
BRA,PISA,2025,PISA,,,ICT_HOME_ACCESS,ICTAVHOM,5.2948,+,student,B,primary_predictor,intra_program_lag
BRA,PISA,2025,PISA,,,ICT_SCHOOL_ACCESS,ICTAVSCH,5.6365,+,student,B,primary_predictor,intra_program_lag
BRN,PISA,2025,PISA,,,SES_COMPOSITE,ESCS,-0.2573,+,student,A,primary_predictor,intra_program_lag
BRN,PISA,2025,PISA,,,HOME_RESOURCES,HOMEPOS,-0.344,+,student,A,primary_predictor,intra_program_lag
BRN,PISA,2025,PISA,,,SCHOOL_BELONGING,BELONG,-0.5013,+,student,A,primary_predictor,intra_program_lag
BRN,PISA,2025,PISA,,,ICT_HOME_ACCESS,ICTAVHOM,5.6,+,student,B,primary_predictor,intra_program_lag
BRN,PISA,2025,PISA,,,ICT_SCHOOL_ACCESS,ICTAVSCH,5.7123,+,student,B,primary_predictor,intra_program_lag
CAN,PISA,2025,PISA,,,SES_COMPOSITE,ESCS,0.3811,+,student,A,primary_predictor,intra_program_lag
CAN,PISA,2025,PISA,,,HOME_RESOURCES,HOMEPOS,0.3795,+,student,A,primary_predictor,intra_program_lag
CAN,PISA,2025,PISA,,,SCHOOL_BELONGING,BELONG,-0.1617,+,student,A,primary_predictor,intra_program_lag
CHE,PISA,2025,PISA,,,SES_COMPOSITE,ESCS,0.1692,+,student,A,primary_predictor,intra_program_lag
CHE,PISA,2025,PISA,,,HOME_RESOURCES,HOMEPOS,0.2032,+,student,A,primary_predictor,intra_program_lag
CHE,PISA,2025,PISA,,,SCHOOL_BELONGING,BELONG,0.3573,+,student,A,primary_predictor,intra_program_lag
CHE,PISA,2025,PISA,,,ICT_HOME_ACCESS,ICTAVHOM,5.6664,+,student,B,primary_predictor,intra_program_lag
CHE,PISA,2025,PISA,,,ICT_SCHOOL_ACCESS,ICTAVSCH,6.3562,+,student,B,primary_predictor,intra_program_lag
CHL,PISA,2025,PISA,,,SES_COMPOSITE,ESCS,-0.5086,+,student,A,primary_predictor,intra_program_lag
CHL,PISA,2025,PISA,,,HOME_RESOURCES,HOMEPOS,-0.6128,+,student,A,primary_predictor,intra_program_lag
CHL,PISA,2025,PISA,,,SCHOOL_BELONGING,BELONG,-0.2202,+,student,A,primary_predictor,intra_program_lag
CHL,PISA,2025,PISA,,,ICT_HOME_ACCESS,ICTAVHOM,5.4953,+,student,B,primary_predictor,intra_program_lag
CHL,PISA,2025,PISA,,,ICT_SCHOOL_ACCESS,ICTAVSCH,6.2838,+,student,B,primary_predictor,intra_program_lag
COL,PISA,2025,PISA,,,SES_COMPOSITE,ESCS,-1.0651,+,student,A,primary_predictor,intra_program_lag
COL,PISA,2025,PISA,,,HOME_RESOURCES,HOMEPOS,-1.3778,+,student,A,primary_predictor,intra_program_lag
COL,PISA,2025,PISA,,,SCHOOL_BELONGING,BELONG,-0.1569,+,student,A,primary_predictor,intra_program_lag
CRI,PISA,2025,PISA,,,HOME_RESOURCES,HOMEPOS,-0.9703,+,student,A,primary_predictor,intra_program_lag
CRI,PISA,2025,PISA,,,SCHOOL_BELONGING,BELONG,-0.0942,+,student,A,primary_predictor,intra_program_lag
CRI,PISA,2025,PISA,,,ICT_HOME_ACCESS,ICTAVHOM,5.4565,+,student,B,primary_predictor,intra_program_lag
CRI,PISA,2025,PISA,,,ICT_SCHOOL_ACCESS,ICTAVSCH,6.1621,+,student,B,primary_predictor,intra_program_lag
CZE,PISA,2025,PISA,,,SES_COMPOSITE,ESCS,-0.1041,+,student,A,primary_predictor,intra_program_lag
CZE,PISA,2025,PISA,,,HOME_RESOURCES,HOMEPOS,0.1319,+,student,A,primary_predictor,intra_program_lag
CZE,PISA,2025,PISA,,,SCHOOL_BELONGING,BELONG,-0.2799,+,student,A,primary_predictor,intra_program_lag
CZE,PISA,2025,PISA,,,ICT_HOME_ACCESS,ICTAVHOM,5.5996,+,student,B,primary_predictor,intra_program_lag
CZE,PISA,2025,PISA,,,ICT_SCHOOL_ACCESS,ICTAVSCH,6.2016,+,student,B,primary_predictor,intra_program_lag
DEU,PISA,2025,PISA,,,SES_COMPOSITE,ESCS,-0.137,+,student,A,primary_predictor,intra_program_lag
DEU,PISA,2025,PISA,,,HOME_RESOURCES,HOMEPOS,0.1313,+,student,A,primary_predictor,intra_program_lag
DEU,PISA,2025,PISA,,,SCHOOL_BELONGING,BELONG,0.2699,+,student,A,primary_predictor,intra_program_lag
DEU,PISA,2025,PISA,,,ICT_HOME_ACCESS,ICTAVHOM,5.7104,+,student,B,primary_predictor,intra_program_lag
DEU,PISA,2025,PISA,,,ICT_SCHOOL_ACCESS,ICTAVSCH,6.4563,+,student,B,primary_predictor,intra_program_lag
DNK,PISA,2025,PISA,,,SES_COMPOSITE,ESCS,0.4761,+,student,A,primary_predictor,intra_program_lag
DNK,PISA,2025,PISA,,,HOME_RESOURCES,HOMEPOS,0.3764,+,student,A,primary_predictor,intra_program_lag
DNK,PISA,2025,PISA,,,SCHOOL_BELONGING,BELONG,0.1092,+,student,A,primary_predictor,intra_program_lag
DNK,PISA,2025,PISA,,,ICT_HOME_ACCESS,ICTAVHOM,5.7827,+,student,B,primary_predictor,intra_program_lag
DNK,PISA,2025,PISA,,,ICT_SCHOOL_ACCESS,ICTAVSCH,6.5999,+,student,B,primary_predictor,intra_program_lag
DOM,PISA,2025,PISA,,,SES_COMPOSITE,ESCS,-0.7097,+,student,A,primary_predictor,intra_program_lag
DOM,PISA,2025,PISA,,,HOME_RESOURCES,HOMEPOS,-1.3138,+,student,A,primary_predictor,intra_program_lag
DOM,PISA,2025,PISA,,,SCHOOL_BELONGING,BELONG,-0.2303,+,student,A,primary_predictor,intra_program_lag
DOM,PISA,2025,PISA,,,ICT_HOME_ACCESS,ICTAVHOM,5.1207,+,student,B,primary_predictor,intra_program_lag
DOM,PISA,2025,PISA,,,ICT_SCHOOL_ACCESS,ICTAVSCH,5.4924,+,student,B,primary_predictor,intra_program_lag
ESP,PISA,2025,PISA,,,SES_COMPOSITE,ESCS,-0.0332,+,student,A,primary_predictor,intra_program_lag
ESP,PISA,2025,PISA,,,HOME_RESOURCES,HOMEPOS,0.0056,+,student,A,primary_predictor,intra_program_lag
ESP,PISA,2025,PISA,,,SCHOOL_BELONGING,BELONG,0.2725,+,student,A,primary_predictor,intra_program_lag
ESP,PISA,2025,PISA,,,ICT_HOME_ACCESS,ICTAVHOM,5.7014,+,student,B,primary_predictor,intra_program_lag
ESP,PISA,2025,PISA,,,ICT_SCHOOL_ACCESS,ICTAVSCH,6.2459,+,student,B,primary_predictor,intra_program_lag
EST,PISA,2025,PISA,,,SES_COMPOSITE,ESCS,0.1507,+,student,A,primary_predictor,intra_program_lag
EST,PISA,2025,PISA,,,HOME_RESOURCES,HOMEPOS,0.1569,+,student,A,primary_predictor,intra_program_lag
EST,PISA,2025,PISA,,,SCHOOL_BELONGING,BELONG,-0.1375,+,student,A,primary_predictor,intra_program_lag
EST,PISA,2025,PISA,,,ICT_HOME_ACCESS,ICTAVHOM,5.7202,+,student,B,primary_predictor,intra_program_lag
EST,PISA,2025,PISA,,,ICT_SCHOOL_ACCESS,ICTAVSCH,6.6468,+,student,B,primary_predictor,intra_program_lag
FIN,PISA,2025,PISA,,,SES_COMPOSITE,ESCS,0.2585,+,student,A,primary_predictor,intra_program_lag
FIN,PISA,2025,PISA,,,HOME_RESOURCES,HOMEPOS,0.2594,+,student,A,primary_predictor,intra_program_lag
FIN,PISA,2025,PISA,,,SCHOOL_BELONGING,BELONG,0.1012,+,student,A,primary_predictor,intra_program_lag
FIN,PISA,2025,PISA,,,ICT_HOME_ACCESS,ICTAVHOM,5.7015,+,student,B,primary_predictor,intra_program_lag
FIN,PISA,2025,PISA,,,ICT_SCHOOL_ACCESS,ICTAVSCH,6.4895,+,student,B,primary_predictor,intra_program_lag
FRA,PISA,2025,PISA,,,SES_COMPOSITE,ESCS,0.0002,+,student,A,primary_predictor,intra_program_lag
FRA,PISA,2025,PISA,,,HOME_RESOURCES,HOMEPOS,-0.0718,+,student,A,primary_predictor,intra_program_lag
FRA,PISA,2025,PISA,,,SCHOOL_BELONGING,BELONG,-0.0269,+,student,A,primary_predictor,intra_program_lag
GBR,PISA,2025,PISA,,,SES_COMPOSITE,ESCS,0.1364,+,student,A,primary_predictor,intra_program_lag
GBR,PISA,2025,PISA,,,HOME_RESOURCES,HOMEPOS,0.1085,+,student,A,primary_predictor,intra_program_lag
GBR,PISA,2025,PISA,,,SCHOOL_BELONGING,BELONG,-0.2092,+,student,A,primary_predictor,intra_program_lag
GBR,PISA,2025,PISA,,,ICT_HOME_ACCESS,ICTAVHOM,5.736,+,student,B,primary_predictor,intra_program_lag
GBR,PISA,2025,PISA,,,ICT_SCHOOL_ACCESS,ICTAVSCH,6.4017,+,student,B,primary_predictor,intra_program_lag
GEO,PISA,2025,PISA,,,SES_COMPOSITE,ESCS,-0.4661,+,student,A,primary_predictor,intra_program_lag
GEO,PISA,2025,PISA,,,HOME_RESOURCES,HOMEPOS,-0.8319,+,student,A,primary_predictor,intra_program_lag
GEO,PISA,2025,PISA,,,SCHOOL_BELONGING,BELONG,-0.0491,+,student,A,primary_predictor,intra_program_lag
GEO,PISA,2025,PISA,,,ICT_HOME_ACCESS,ICTAVHOM,5.0601,+,student,B,primary_predictor,intra_program_lag
GEO,PISA,2025,PISA,,,ICT_SCHOOL_ACCESS,ICTAVSCH,5.4035,+,student,B,primary_predictor,intra_program_lag
GRC,PISA,2025,PISA,,,SES_COMPOSITE,ESCS,-0.1549,+,student,A,primary_predictor,intra_program_lag
GRC,PISA,2025,PISA,,,HOME_RESOURCES,HOMEPOS,-0.2908,+,student,A,primary_predictor,intra_program_lag
GRC,PISA,2025,PISA,,,SCHOOL_BELONGING,BELONG,-0.0597,+,student,A,primary_predictor,intra_program_lag
GRC,PISA,2025,PISA,,,ICT_HOME_ACCESS,ICTAVHOM,5.5759,+,student,B,primary_predictor,intra_program_lag
GRC,PISA,2025,PISA,,,ICT_SCHOOL_ACCESS,ICTAVSCH,6.13,+,student,B,primary_predictor,intra_program_lag
GTM,PISA,2025,PISA,,,SES_COMPOSITE,ESCS,-1.5129,+,student,A,primary_predictor,intra_program_lag
GTM,PISA,2025,PISA,,,HOME_RESOURCES,HOMEPOS,-1.5371,+,student,A,primary_predictor,intra_program_lag
GTM,PISA,2025,PISA,,,SCHOOL_BELONGING,BELONG,-0.1809,+,student,A,primary_predictor,intra_program_lag
HKG,PISA,2025,PISA,,,SES_COMPOSITE,ESCS,-0.4619,+,student,A,primary_predictor,intra_program_lag
HKG,PISA,2025,PISA,,,HOME_RESOURCES,HOMEPOS,-0.2082,+,student,A,primary_predictor,intra_program_lag
HKG,PISA,2025,PISA,,,SCHOOL_BELONGING,BELONG,-0.3878,+,student,A,primary_predictor,intra_program_lag
HKG,PISA,2025,PISA,,,ICT_HOME_ACCESS,ICTAVHOM,5.8065,+,student,B,primary_predictor,intra_program_lag
HKG,PISA,2025,PISA,,,ICT_SCHOOL_ACCESS,ICTAVSCH,6.1314,+,student,B,primary_predictor,intra_program_lag
HRV,PISA,2025,PISA,,,SES_COMPOSITE,ESCS,-0.152,+,student,A,primary_predictor,intra_program_lag
HRV,PISA,2025,PISA,,,HOME_RESOURCES,HOMEPOS,-0.1168,+,student,A,primary_predictor,intra_program_lag
HRV,PISA,2025,PISA,,,SCHOOL_BELONGING,BELONG,0.1331,+,student,A,primary_predictor,intra_program_lag
HRV,PISA,2025,PISA,,,ICT_HOME_ACCESS,ICTAVHOM,5.6843,+,student,B,primary_predictor,intra_program_lag
HRV,PISA,2025,PISA,,,ICT_SCHOOL_ACCESS,ICTAVSCH,6.4376,+,student,B,primary_predictor,intra_program_lag
HUN,PISA,2025,PISA,,,SES_COMPOSITE,ESCS,0.003,+,student,A,primary_predictor,intra_program_lag
HUN,PISA,2025,PISA,,,HOME_RESOURCES,HOMEPOS,0.0502,+,student,A,primary_predictor,intra_program_lag
HUN,PISA,2025,PISA,,,SCHOOL_BELONGING,BELONG,0.1386,+,student,A,primary_predictor,intra_program_lag
HUN,PISA,2025,PISA,,,ICT_HOME_ACCESS,ICTAVHOM,5.6728,+,student,B,primary_predictor,intra_program_lag
HUN,PISA,2025,PISA,,,ICT_SCHOOL_ACCESS,ICTAVSCH,6.4317,+,student,B,primary_predictor,intra_program_lag
IDN,PISA,2025,PISA,,,SES_COMPOSITE,ESCS,-1.5558,+,student,A,primary_predictor,intra_program_lag
IDN,PISA,2025,PISA,,,HOME_RESOURCES,HOMEPOS,-1.6918,+,student,A,primary_predictor,intra_program_lag
IDN,PISA,2025,PISA,,,SCHOOL_BELONGING,BELONG,-0.1347,+,student,A,primary_predictor,intra_program_lag
IRL,PISA,2025,PISA,,,SES_COMPOSITE,ESCS,0.333,+,student,A,primary_predictor,intra_program_lag
IRL,PISA,2025,PISA,,,HOME_RESOURCES,HOMEPOS,0.3068,+,student,A,primary_predictor,intra_program_lag
IRL,PISA,2025,PISA,,,SCHOOL_BELONGING,BELONG,-0.1321,+,student,A,primary_predictor,intra_program_lag
IRL,PISA,2025,PISA,,,ICT_HOME_ACCESS,ICTAVHOM,5.8014,+,student,B,primary_predictor,intra_program_lag
IRL,PISA,2025,PISA,,,ICT_SCHOOL_ACCESS,ICTAVSCH,6.5863,+,student,B,primary_predictor,intra_program_lag
ISL,PISA,2025,PISA,,,SES_COMPOSITE,ESCS,0.3781,+,student,A,primary_predictor,intra_program_lag
ISL,PISA,2025,PISA,,,HOME_RESOURCES,HOMEPOS,0.3439,+,student,A,primary_predictor,intra_program_lag
ISL,PISA,2025,PISA,,,SCHOOL_BELONGING,BELONG,0.1641,+,student,A,primary_predictor,intra_program_lag
ISL,PISA,2025,PISA,,,ICT_HOME_ACCESS,ICTAVHOM,5.7387,+,student,B,primary_predictor,intra_program_lag
ISL,PISA,2025,PISA,,,ICT_SCHOOL_ACCESS,ICTAVSCH,6.5119,+,student,B,primary_predictor,intra_program_lag
ISR,PISA,2025,PISA,,,SES_COMPOSITE,ESCS,0.28,+,student,A,primary_predictor,intra_program_lag
ISR,PISA,2025,PISA,,,HOME_RESOURCES,HOMEPOS,0.0758,+,student,A,primary_predictor,intra_program_lag
ISR,PISA,2025,PISA,,,ICT_HOME_ACCESS,ICTAVHOM,5.4636,+,student,B,primary_predictor,intra_program_lag
ISR,PISA,2025,PISA,,,ICT_SCHOOL_ACCESS,ICTAVSCH,6.202,+,student,B,primary_predictor,intra_program_lag
ITA,PISA,2025,PISA,,,SES_COMPOSITE,ESCS,-0.1002,+,student,A,primary_predictor,intra_program_lag
ITA,PISA,2025,PISA,,,HOME_RESOURCES,HOMEPOS,0.0739,+,student,A,primary_predictor,intra_program_lag
ITA,PISA,2025,PISA,,,SCHOOL_BELONGING,BELONG,-0.0647,+,student,A,primary_predictor,intra_program_lag
ITA,PISA,2025,PISA,,,ICT_HOME_ACCESS,ICTAVHOM,5.6246,+,student,B,primary_predictor,intra_program_lag
ITA,PISA,2025,PISA,,,ICT_SCHOOL_ACCESS,ICTAVSCH,6.3627,+,student,B,primary_predictor,intra_program_lag
JOR,PISA,2025,PISA,,,SES_COMPOSITE,ESCS,-0.8165,+,student,A,primary_predictor,intra_program_lag
JOR,PISA,2025,PISA,,,HOME_RESOURCES,HOMEPOS,-1.3901,+,student,A,primary_predictor,intra_program_lag
JOR,PISA,2025,PISA,,,SCHOOL_BELONGING,BELONG,-0.2115,+,student,A,primary_predictor,intra_program_lag
JOR,PISA,2025,PISA,,,ICT_HOME_ACCESS,ICTAVHOM,4.8765,+,student,B,primary_predictor,intra_program_lag
JOR,PISA,2025,PISA,,,ICT_SCHOOL_ACCESS,ICTAVSCH,5.1093,+,student,B,primary_predictor,intra_program_lag
JPN,PISA,2025,PISA,,,SES_COMPOSITE,ESCS,-0.0068,+,student,A,primary_predictor,intra_program_lag
JPN,PISA,2025,PISA,,,HOME_RESOURCES,HOMEPOS,-0.2167,+,student,A,primary_predictor,intra_program_lag
JPN,PISA,2025,PISA,,,SCHOOL_BELONGING,BELONG,0.246,+,student,A,primary_predictor,intra_program_lag
JPN,PISA,2025,PISA,,,ICT_HOME_ACCESS,ICTAVHOM,5.8351,+,student,B,primary_predictor,intra_program_lag
JPN,PISA,2025,PISA,,,ICT_SCHOOL_ACCESS,ICTAVSCH,6.5975,+,student,B,primary_predictor,intra_program_lag
KAZ,PISA,2025,PISA,,,SES_COMPOSITE,ESCS,-0.3724,+,student,A,primary_predictor,intra_program_lag
KAZ,PISA,2025,PISA,,,HOME_RESOURCES,HOMEPOS,-0.9941,+,student,A,primary_predictor,intra_program_lag
KAZ,PISA,2025,PISA,,,SCHOOL_BELONGING,BELONG,-0.1429,+,student,A,primary_predictor,intra_program_lag
KAZ,PISA,2025,PISA,,,ICT_HOME_ACCESS,ICTAVHOM,5.61,+,student,B,primary_predictor,intra_program_lag
KAZ,PISA,2025,PISA,,,ICT_SCHOOL_ACCESS,ICTAVSCH,6.4437,+,student,B,primary_predictor,intra_program_lag
KHM,PISA,2025,PISA,,,SES_COMPOSITE,ESCS,-2.0113,+,student,A,primary_predictor,intra_program_lag
KHM,PISA,2025,PISA,,,HOME_RESOURCES,HOMEPOS,-2.3418,+,student,A,primary_predictor,intra_program_lag
KHM,PISA,2025,PISA,,,SCHOOL_BELONGING,BELONG,-0.427,+,student,A,primary_predictor,intra_program_lag
KOR,PISA,2025,PISA,,,SES_COMPOSITE,ESCS,0.2244,+,student,A,primary_predictor,intra_program_lag
KOR,PISA,2025,PISA,,,HOME_RESOURCES,HOMEPOS,0.3564,+,student,A,primary_predictor,intra_program_lag
KOR,PISA,2025,PISA,,,SCHOOL_BELONGING,BELONG,0.2625,+,student,A,primary_predictor,intra_program_lag
KOR,PISA,2025,PISA,,,ICT_HOME_ACCESS,ICTAVHOM,5.8703,+,student,B,primary_predictor,intra_program_lag
KOR,PISA,2025,PISA,,,ICT_SCHOOL_ACCESS,ICTAVSCH,6.5679,+,student,B,primary_predictor,intra_program_lag
KSV,PISA,2025,PISA,,,SES_COMPOSITE,ESCS,-0.3432,+,student,A,primary_predictor,intra_program_lag
KSV,PISA,2025,PISA,,,HOME_RESOURCES,HOMEPOS,-0.6111,+,student,A,primary_predictor,intra_program_lag
LTU,PISA,2025,PISA,,,SES_COMPOSITE,ESCS,0.0523,+,student,A,primary_predictor,intra_program_lag
LTU,PISA,2025,PISA,,,HOME_RESOURCES,HOMEPOS,-0.0362,+,student,A,primary_predictor,intra_program_lag
LTU,PISA,2025,PISA,,,SCHOOL_BELONGING,BELONG,-0.0234,+,student,A,primary_predictor,intra_program_lag
LTU,PISA,2025,PISA,,,ICT_HOME_ACCESS,ICTAVHOM,5.6529,+,student,B,primary_predictor,intra_program_lag
LTU,PISA,2025,PISA,,,ICT_SCHOOL_ACCESS,ICTAVSCH,6.439,+,student,B,primary_predictor,intra_program_lag
LVA,PISA,2025,PISA,,,SES_COMPOSITE,ESCS,-0.0095,+,student,A,primary_predictor,intra_program_lag
LVA,PISA,2025,PISA,,,HOME_RESOURCES,HOMEPOS,0.0095,+,student,A,primary_predictor,intra_program_lag
LVA,PISA,2025,PISA,,,SCHOOL_BELONGING,BELONG,-0.2454,+,student,A,primary_predictor,intra_program_lag
LVA,PISA,2025,PISA,,,ICT_HOME_ACCESS,ICTAVHOM,5.6926,+,student,B,primary_predictor,intra_program_lag
LVA,PISA,2025,PISA,,,ICT_SCHOOL_ACCESS,ICTAVSCH,6.4651,+,student,B,primary_predictor,intra_program_lag
MAC,PISA,2025,PISA,,,SES_COMPOSITE,ESCS,-0.4489,+,student,A,primary_predictor,intra_program_lag
MAC,PISA,2025,PISA,,,HOME_RESOURCES,HOMEPOS,-0.2534,+,student,A,primary_predictor,intra_program_lag
MAC,PISA,2025,PISA,,,SCHOOL_BELONGING,BELONG,-0.3115,+,student,A,primary_predictor,intra_program_lag
MAC,PISA,2025,PISA,,,ICT_HOME_ACCESS,ICTAVHOM,5.8125,+,student,B,primary_predictor,intra_program_lag
MAC,PISA,2025,PISA,,,ICT_SCHOOL_ACCESS,ICTAVSCH,6.1535,+,student,B,primary_predictor,intra_program_lag
MAR,PISA,2025,PISA,,,SES_COMPOSITE,ESCS,-1.7845,+,student,A,primary_predictor,intra_program_lag
MAR,PISA,2025,PISA,,,HOME_RESOURCES,HOMEPOS,-1.7448,+,student,A,primary_predictor,intra_program_lag
MAR,PISA,2025,PISA,,,SCHOOL_BELONGING,BELONG,-0.2861,+,student,A,primary_predictor,intra_program_lag
MAR,PISA,2025,PISA,,,ICT_HOME_ACCESS,ICTAVHOM,5.3604,+,student,B,primary_predictor,intra_program_lag
MAR,PISA,2025,PISA,,,ICT_SCHOOL_ACCESS,ICTAVSCH,6.1115,+,student,B,primary_predictor,intra_program_lag
MDA,PISA,2025,PISA,,,SES_COMPOSITE,ESCS,-0.5225,+,student,A,primary_predictor,intra_program_lag
MDA,PISA,2025,PISA,,,HOME_RESOURCES,HOMEPOS,-0.8613,+,student,A,primary_predictor,intra_program_lag
MDA,PISA,2025,PISA,,,SCHOOL_BELONGING,BELONG,-0.0596,+,student,A,primary_predictor,intra_program_lag
MEX,PISA,2025,PISA,,,SES_COMPOSITE,ESCS,-0.9524,+,student,A,primary_predictor,intra_program_lag
MEX,PISA,2025,PISA,,,HOME_RESOURCES,HOMEPOS,-1.0832,+,student,A,primary_predictor,intra_program_lag
MEX,PISA,2025,PISA,,,SCHOOL_BELONGING,BELONG,-0.1832,+,student,A,primary_predictor,intra_program_lag
MKD,PISA,2025,PISA,,,SES_COMPOSITE,ESCS,-0.2798,+,student,A,primary_predictor,intra_program_lag
MKD,PISA,2025,PISA,,,HOME_RESOURCES,HOMEPOS,-0.5,+,student,A,primary_predictor,intra_program_lag
MKD,PISA,2025,PISA,,,SCHOOL_BELONGING,BELONG,0.12,+,student,A,primary_predictor,intra_program_lag
MLT,PISA,2025,PISA,,,SES_COMPOSITE,ESCS,0.0192,+,student,A,primary_predictor,intra_program_lag
MLT,PISA,2025,PISA,,,HOME_RESOURCES,HOMEPOS,0.2844,+,student,A,primary_predictor,intra_program_lag
MLT,PISA,2025,PISA,,,SCHOOL_BELONGING,BELONG,-0.237,+,student,A,primary_predictor,intra_program_lag
MLT,PISA,2025,PISA,,,ICT_HOME_ACCESS,ICTAVHOM,5.5006,+,student,B,primary_predictor,intra_program_lag
MLT,PISA,2025,PISA,,,ICT_SCHOOL_ACCESS,ICTAVSCH,5.298,+,student,B,primary_predictor,intra_program_lag
MNE,PISA,2025,PISA,,,SES_COMPOSITE,ESCS,-0.2055,+,student,A,primary_predictor,intra_program_lag
MNE,PISA,2025,PISA,,,HOME_RESOURCES,HOMEPOS,-0.2828,+,student,A,primary_predictor,intra_program_lag
MNE,PISA,2025,PISA,,,SCHOOL_BELONGING,BELONG,0.1357,+,student,A,primary_predictor,intra_program_lag
MNG,PISA,2025,PISA,,,SES_COMPOSITE,ESCS,-0.7291,+,student,A,primary_predictor,intra_program_lag
MNG,PISA,2025,PISA,,,HOME_RESOURCES,HOMEPOS,-1.3049,+,student,A,primary_predictor,intra_program_lag
MNG,PISA,2025,PISA,,,SCHOOL_BELONGING,BELONG,-0.1504,+,student,A,primary_predictor,intra_program_lag
MYS,PISA,2025,PISA,,,SES_COMPOSITE,ESCS,-0.6849,+,student,A,primary_predictor,intra_program_lag
MYS,PISA,2025,PISA,,,HOME_RESOURCES,HOMEPOS,-0.9252,+,student,A,primary_predictor,intra_program_lag
MYS,PISA,2025,PISA,,,SCHOOL_BELONGING,BELONG,-0.2728,+,student,A,primary_predictor,intra_program_lag
MYS,PISA,2025,PISA,,,ICT_HOME_ACCESS,ICTAVHOM,5.5201,+,student,B,primary_predictor,intra_program_lag
MYS,PISA,2025,PISA,,,ICT_SCHOOL_ACCESS,ICTAVSCH,6.0304,+,student,B,primary_predictor,intra_program_lag
NLD,PISA,2025,PISA,,,SES_COMPOSITE,ESCS,0.2535,+,student,A,primary_predictor,intra_program_lag
NLD,PISA,2025,PISA,,,HOME_RESOURCES,HOMEPOS,0.2653,+,student,A,primary_predictor,intra_program_lag
NLD,PISA,2025,PISA,,,SCHOOL_BELONGING,BELONG,0.1024,+,student,A,primary_predictor,intra_program_lag
NOR,PISA,2025,PISA,,,SES_COMPOSITE,ESCS,0.5215,+,student,A,primary_predictor,intra_program_lag
NOR,PISA,2025,PISA,,,HOME_RESOURCES,HOMEPOS,0.5462,+,student,A,primary_predictor,intra_program_lag
NOR,PISA,2025,PISA,,,SCHOOL_BELONGING,BELONG,0.2258,+,student,A,primary_predictor,intra_program_lag
NZL,PISA,2025,PISA,,,SES_COMPOSITE,ESCS,0.2191,+,student,A,primary_predictor,intra_program_lag
NZL,PISA,2025,PISA,,,HOME_RESOURCES,HOMEPOS,0.3636,+,student,A,primary_predictor,intra_program_lag
NZL,PISA,2025,PISA,,,SCHOOL_BELONGING,BELONG,-0.2878,+,student,A,primary_predictor,intra_program_lag
PER,PISA,2025,PISA,,,SES_COMPOSITE,ESCS,-1.1535,+,student,A,primary_predictor,intra_program_lag
PER,PISA,2025,PISA,,,HOME_RESOURCES,HOMEPOS,-1.4398,+,student,A,primary_predictor,intra_program_lag
PER,PISA,2025,PISA,,,SCHOOL_BELONGING,BELONG,-0.2025,+,student,A,primary_predictor,intra_program_lag
PHL,PISA,2025,PISA,,,SES_COMPOSITE,ESCS,-1.3379,+,student,A,primary_predictor,intra_program_lag
PHL,PISA,2025,PISA,,,HOME_RESOURCES,HOMEPOS,-1.7504,+,student,A,primary_predictor,intra_program_lag
PHL,PISA,2025,PISA,,,SCHOOL_BELONGING,BELONG,-0.3776,+,student,A,primary_predictor,intra_program_lag
POL,PISA,2025,PISA,,,SES_COMPOSITE,ESCS,-0.1051,+,student,A,primary_predictor,intra_program_lag
POL,PISA,2025,PISA,,,HOME_RESOURCES,HOMEPOS,0.0532,+,student,A,primary_predictor,intra_program_lag
POL,PISA,2025,PISA,,,SCHOOL_BELONGING,BELONG,-0.3121,+,student,A,primary_predictor,intra_program_lag
POL,PISA,2025,PISA,,,ICT_HOME_ACCESS,ICTAVHOM,5.6086,+,student,B,primary_predictor,intra_program_lag
POL,PISA,2025,PISA,,,ICT_SCHOOL_ACCESS,ICTAVSCH,6.1169,+,student,B,primary_predictor,intra_program_lag
PRT,PISA,2025,PISA,,,SES_COMPOSITE,ESCS,-0.2264,+,student,A,primary_predictor,intra_program_lag
PRT,PISA,2025,PISA,,,HOME_RESOURCES,HOMEPOS,0.0499,+,student,A,primary_predictor,intra_program_lag
PRT,PISA,2025,PISA,,,SCHOOL_BELONGING,BELONG,0.0844,+,student,A,primary_predictor,intra_program_lag
PRY,PISA,2025,PISA,,,SES_COMPOSITE,ESCS,-1.2449,+,student,A,primary_predictor,intra_program_lag
PRY,PISA,2025,PISA,,,HOME_RESOURCES,HOMEPOS,-1.563,+,student,A,primary_predictor,intra_program_lag
PRY,PISA,2025,PISA,,,SCHOOL_BELONGING,BELONG,-0.242,+,student,A,primary_predictor,intra_program_lag
PSE,PISA,2025,PISA,,,SES_COMPOSITE,ESCS,-0.9119,+,student,A,primary_predictor,intra_program_lag
PSE,PISA,2025,PISA,,,HOME_RESOURCES,HOMEPOS,-1.5273,+,student,A,primary_predictor,intra_program_lag
PSE,PISA,2025,PISA,,,SCHOOL_BELONGING,BELONG,-0.1668,+,student,A,primary_predictor,intra_program_lag
QAT,PISA,2025,PISA,,,SES_COMPOSITE,ESCS,0.1075,+,student,A,primary_predictor,intra_program_lag
QAT,PISA,2025,PISA,,,HOME_RESOURCES,HOMEPOS,-0.4698,+,student,A,primary_predictor,intra_program_lag
QAT,PISA,2025,PISA,,,SCHOOL_BELONGING,BELONG,-0.1562,+,student,A,primary_predictor,intra_program_lag
ROU,PISA,2025,PISA,,,SES_COMPOSITE,ESCS,-0.3621,+,student,A,primary_predictor,intra_program_lag
ROU,PISA,2025,PISA,,,HOME_RESOURCES,HOMEPOS,-0.4783,+,student,A,primary_predictor,intra_program_lag
ROU,PISA,2025,PISA,,,SCHOOL_BELONGING,BELONG,-0.0173,+,student,A,primary_predictor,intra_program_lag
ROU,PISA,2025,PISA,,,ICT_HOME_ACCESS,ICTAVHOM,5.5124,+,student,B,primary_predictor,intra_program_lag
ROU,PISA,2025,PISA,,,ICT_SCHOOL_ACCESS,ICTAVSCH,6.1784,+,student,B,primary_predictor,intra_program_lag
SAU,PISA,2025,PISA,,,SES_COMPOSITE,ESCS,-0.2896,+,student,A,primary_predictor,intra_program_lag
SAU,PISA,2025,PISA,,,HOME_RESOURCES,HOMEPOS,-0.6948,+,student,A,primary_predictor,intra_program_lag
SAU,PISA,2025,PISA,,,SCHOOL_BELONGING,BELONG,0.0021,+,student,A,primary_predictor,intra_program_lag
SAU,PISA,2025,PISA,,,ICT_HOME_ACCESS,ICTAVHOM,5.2651,+,student,B,primary_predictor,intra_program_lag
SAU,PISA,2025,PISA,,,ICT_SCHOOL_ACCESS,ICTAVSCH,5.7248,+,student,B,primary_predictor,intra_program_lag
SGP,PISA,2025,PISA,,,SES_COMPOSITE,ESCS,0.3064,+,student,A,primary_predictor,intra_program_lag
SGP,PISA,2025,PISA,,,HOME_RESOURCES,HOMEPOS,0.144,+,student,A,primary_predictor,intra_program_lag
SGP,PISA,2025,PISA,,,SCHOOL_BELONGING,BELONG,-0.2249,+,student,A,primary_predictor,intra_program_lag
SGP,PISA,2025,PISA,,,ICT_HOME_ACCESS,ICTAVHOM,5.7331,+,student,B,primary_predictor,intra_program_lag
SGP,PISA,2025,PISA,,,ICT_SCHOOL_ACCESS,ICTAVSCH,6.6022,+,student,B,primary_predictor,intra_program_lag
SLV,PISA,2025,PISA,,,SES_COMPOSITE,ESCS,-1.3916,+,student,A,primary_predictor,intra_program_lag
SLV,PISA,2025,PISA,,,HOME_RESOURCES,HOMEPOS,-1.626,+,student,A,primary_predictor,intra_program_lag
SLV,PISA,2025,PISA,,,SCHOOL_BELONGING,BELONG,-0.269,+,student,A,primary_predictor,intra_program_lag
SRB,PISA,2025,PISA,,,SES_COMPOSITE,ESCS,-0.2024,+,student,A,primary_predictor,intra_program_lag
SRB,PISA,2025,PISA,,,HOME_RESOURCES,HOMEPOS,-0.2305,+,student,A,primary_predictor,intra_program_lag
SRB,PISA,2025,PISA,,,SCHOOL_BELONGING,BELONG,0.1805,+,student,A,primary_predictor,intra_program_lag
SVK,PISA,2025,PISA,,,SES_COMPOSITE,ESCS,-0.303,+,student,A,primary_predictor,intra_program_lag
SVK,PISA,2025,PISA,,,HOME_RESOURCES,HOMEPOS,-0.2331,+,student,A,primary_predictor,intra_program_lag
SVK,PISA,2025,PISA,,,SCHOOL_BELONGING,BELONG,-0.2007,+,student,A,primary_predictor,intra_program_lag
SVK,PISA,2025,PISA,,,ICT_HOME_ACCESS,ICTAVHOM,5.5267,+,student,B,primary_predictor,intra_program_lag
SVK,PISA,2025,PISA,,,ICT_SCHOOL_ACCESS,ICTAVSCH,6.2143,+,student,B,primary_predictor,intra_program_lag
SVN,PISA,2025,PISA,,,SES_COMPOSITE,ESCS,0.2258,+,student,A,primary_predictor,intra_program_lag
SVN,PISA,2025,PISA,,,HOME_RESOURCES,HOMEPOS,0.2309,+,student,A,primary_predictor,intra_program_lag
SVN,PISA,2025,PISA,,,SCHOOL_BELONGING,BELONG,0.0386,+,student,A,primary_predictor,intra_program_lag
SVN,PISA,2025,PISA,,,ICT_HOME_ACCESS,ICTAVHOM,5.7017,+,student,B,primary_predictor,intra_program_lag
SVN,PISA,2025,PISA,,,ICT_SCHOOL_ACCESS,ICTAVSCH,6.5605,+,student,B,primary_predictor,intra_program_lag
SWE,PISA,2025,PISA,,,SES_COMPOSITE,ESCS,0.3266,+,student,A,primary_predictor,intra_program_lag
SWE,PISA,2025,PISA,,,HOME_RESOURCES,HOMEPOS,0.3194,+,student,A,primary_predictor,intra_program_lag
SWE,PISA,2025,PISA,,,SCHOOL_BELONGING,BELONG,0.0883,+,student,A,primary_predictor,intra_program_lag
SWE,PISA,2025,PISA,,,ICT_HOME_ACCESS,ICTAVHOM,5.6096,+,student,B,primary_predictor,intra_program_lag
SWE,PISA,2025,PISA,,,ICT_SCHOOL_ACCESS,ICTAVSCH,6.1616,+,student,B,primary_predictor,intra_program_lag
TAP,PISA,2025,PISA,,,SES_COMPOSITE,ESCS,-0.1854,+,student,A,primary_predictor,intra_program_lag
TAP,PISA,2025,PISA,,,HOME_RESOURCES,HOMEPOS,-0.3315,+,student,A,primary_predictor,intra_program_lag
TAP,PISA,2025,PISA,,,SCHOOL_BELONGING,BELONG,0.013,+,student,A,primary_predictor,intra_program_lag
TAP,PISA,2025,PISA,,,ICT_HOME_ACCESS,ICTAVHOM,5.7912,+,student,B,primary_predictor,intra_program_lag
TAP,PISA,2025,PISA,,,ICT_SCHOOL_ACCESS,ICTAVSCH,6.2615,+,student,B,primary_predictor,intra_program_lag
THA,PISA,2025,PISA,,,SES_COMPOSITE,ESCS,-1.231,+,student,A,primary_predictor,intra_program_lag
THA,PISA,2025,PISA,,,HOME_RESOURCES,HOMEPOS,-1.4271,+,student,A,primary_predictor,intra_program_lag
THA,PISA,2025,PISA,,,SCHOOL_BELONGING,BELONG,-0.3433,+,student,A,primary_predictor,intra_program_lag
THA,PISA,2025,PISA,,,ICT_HOME_ACCESS,ICTAVHOM,5.6141,+,student,B,primary_predictor,intra_program_lag
THA,PISA,2025,PISA,,,ICT_SCHOOL_ACCESS,ICTAVSCH,6.4879,+,student,B,primary_predictor,intra_program_lag
TUR,PISA,2025,PISA,,,SES_COMPOSITE,ESCS,-1.1854,+,student,A,primary_predictor,intra_program_lag
TUR,PISA,2025,PISA,,,HOME_RESOURCES,HOMEPOS,-1.0345,+,student,A,primary_predictor,intra_program_lag
TUR,PISA,2025,PISA,,,SCHOOL_BELONGING,BELONG,-0.3005,+,student,A,primary_predictor,intra_program_lag
TUR,PISA,2025,PISA,,,ICT_HOME_ACCESS,ICTAVHOM,5.5624,+,student,B,primary_predictor,intra_program_lag
TUR,PISA,2025,PISA,,,ICT_SCHOOL_ACCESS,ICTAVSCH,6.3446,+,student,B,primary_predictor,intra_program_lag
URY,PISA,2025,PISA,,,SES_COMPOSITE,ESCS,-0.8329,+,student,A,primary_predictor,intra_program_lag
URY,PISA,2025,PISA,,,HOME_RESOURCES,HOMEPOS,-0.7676,+,student,A,primary_predictor,intra_program_lag
URY,PISA,2025,PISA,,,SCHOOL_BELONGING,BELONG,-0.0823,+,student,A,primary_predictor,intra_program_lag
URY,PISA,2025,PISA,,,ICT_HOME_ACCESS,ICTAVHOM,5.319,+,student,B,primary_predictor,intra_program_lag
URY,PISA,2025,PISA,,,ICT_SCHOOL_ACCESS,ICTAVSCH,5.9145,+,student,B,primary_predictor,intra_program_lag
USA,PISA,2025,PISA,,,SES_COMPOSITE,ESCS,0.0562,+,student,A,primary_predictor,intra_program_lag
USA,PISA,2025,PISA,,,HOME_RESOURCES,HOMEPOS,0.1247,+,student,A,primary_predictor,intra_program_lag
USA,PISA,2025,PISA,,,SCHOOL_BELONGING,BELONG,-0.262,+,student,A,primary_predictor,intra_program_lag
USA,PISA,2025,PISA,,,ICT_HOME_ACCESS,ICTAVHOM,5.7192,+,student,B,primary_predictor,intra_program_lag
USA,PISA,2025,PISA,,,ICT_SCHOOL_ACCESS,ICTAVSCH,6.6162,+,student,B,primary_predictor,intra_program_lag
VNM,PISA,2025,PISA,,,SES_COMPOSITE,ESCS,-1.2884,+,student,A,primary_predictor,intra_program_lag
VNM,PISA,2025,PISA,,,HOME_RESOURCES,HOMEPOS,-1.274,+,student,A,primary_predictor,intra_program_lag
VNM,PISA,2025,PISA,,,SCHOOL_BELONGING,BELONG,-0.2822,+,student,A,primary_predictor,intra_program_lag
UZB,PISA,2025,PISA,,,SES_COMPOSITE,ESCS,-0.6887,+,student,A,primary_predictor,intra_program_lag
UZB,PISA,2025,PISA,,,HOME_RESOURCES,HOMEPOS,-1.3062,+,student,A,primary_predictor,intra_program_lag
UZB,PISA,2025,PISA,,,SCHOOL_BELONGING,BELONG,0.0831,+,student,A,primary_predictor,intra_program_lag
BHR,TIMSS,2007,TIMSS,,,PARENTAL_EDUCATION,BSDGEDUP,2.8084,-,home,A,primary_predictor,intra_program_lag
COT,TIMSS,2007,TIMSS,,,PARENTAL_EDUCATION,BSDGEDUP,1.7855,-,home,A,primary_predictor,intra_program_lag
CQU,TIMSS,2007,TIMSS,,,PARENTAL_EDUCATION,BSDGEDUP,2.1204,-,home,A,primary_predictor,intra_program_lag
CYP,TIMSS,2007,TIMSS,,,PARENTAL_EDUCATION,BSDGEDUP,2.5734,-,home,A,primary_predictor,intra_program_lag
EGY,TIMSS,2007,TIMSS,,,PARENTAL_EDUCATION,BSDGEDUP,3.534,-,home,A,primary_predictor,intra_program_lag
GHA,TIMSS,2007,TIMSS,,,PARENTAL_EDUCATION,BSDGEDUP,3.2862,-,home,A,primary_predictor,intra_program_lag
HKG,TIMSS,2007,TIMSS,,,PARENTAL_EDUCATION,BSDGEDUP,3.1948,-,home,A,primary_predictor,intra_program_lag
HUN,TIMSS,2007,TIMSS,,,PARENTAL_EDUCATION,BSDGEDUP,2.4135,-,home,A,primary_predictor,intra_program_lag
ISR,TIMSS,2007,TIMSS,,,PARENTAL_EDUCATION,BSDGEDUP,2.0446,-,home,A,primary_predictor,intra_program_lag
ITA,TIMSS,2007,TIMSS,,,PARENTAL_EDUCATION,BSDGEDUP,2.9303,-,home,A,primary_predictor,intra_program_lag
LTU,TIMSS,2007,TIMSS,,,PARENTAL_EDUCATION,BSDGEDUP,2.0047,-,home,A,primary_predictor,intra_program_lag
MAR,TIMSS,2007,TIMSS,,,PARENTAL_EDUCATION,BSDGEDUP,3.8486,-,home,A,primary_predictor,intra_program_lag
MYS,TIMSS,2007,TIMSS,,,PARENTAL_EDUCATION,BSDGEDUP,3.1844,-,home,A,primary_predictor,intra_program_lag
ROM,TIMSS,2007,TIMSS,,,PARENTAL_EDUCATION,BSDGEDUP,2.7632,-,home,A,primary_predictor,intra_program_lag
RUS,TIMSS,2007,TIMSS,,,PARENTAL_EDUCATION,BSDGEDUP,1.9374,-,home,A,primary_predictor,intra_program_lag
SWE,TIMSS,2007,TIMSS,,,PARENTAL_EDUCATION,BSDGEDUP,2.0144,-,home,A,primary_predictor,intra_program_lag
TUN,TIMSS,2007,TIMSS,,,PARENTAL_EDUCATION,BSDGEDUP,3.715,-,home,A,primary_predictor,intra_program_lag
BHR,TIMSS,2011,TIMSS,,,PARENTAL_EDUCATION,BSDGEDUP,3.299,-,home,A,primary_predictor,intra_program_lag
COT,TIMSS,2011,TIMSS,,,PARENTAL_EDUCATION,BSDGEDUP,3.0301,-,home,A,primary_predictor,intra_program_lag
CQU,TIMSS,2011,TIMSS,,,PARENTAL_EDUCATION,BSDGEDUP,2.6531,-,home,A,primary_predictor,intra_program_lag
GEO,TIMSS,2011,TIMSS,,,PARENTAL_EDUCATION,BSDGEDUP,2.6247,-,home,A,primary_predictor,intra_program_lag
GHA,TIMSS,2011,TIMSS,,,PARENTAL_EDUCATION,BSDGEDUP,3.2806,-,home,A,primary_predictor,intra_program_lag
HUN,TIMSS,2011,TIMSS,,,PARENTAL_EDUCATION,BSDGEDUP,2.5383,-,home,A,primary_predictor,intra_program_lag
IRN,TIMSS,2011,TIMSS,,,PARENTAL_EDUCATION,BSDGEDUP,3.6796,-,home,A,primary_predictor,intra_program_lag
ISR,TIMSS,2011,TIMSS,,,PARENTAL_EDUCATION,BSDGEDUP,3.043,-,home,A,primary_predictor,intra_program_lag
ITA,TIMSS,2011,TIMSS,,,PARENTAL_EDUCATION,BSDGEDUP,3.1119,-,home,A,primary_predictor,intra_program_lag
JOR,TIMSS,2011,TIMSS,,,PARENTAL_EDUCATION,BSDGEDUP,2.7165,-,home,A,primary_predictor,intra_program_lag
JPN,TIMSS,2011,TIMSS,,,PARENTAL_EDUCATION,BSDGEDUP,2.807,-,home,A,primary_predictor,intra_program_lag
MAR,TIMSS,2011,TIMSS,,,PARENTAL_EDUCATION,BSDGEDUP,3.7786,-,home,A,primary_predictor,intra_program_lag
MYS,TIMSS,2011,TIMSS,,,PARENTAL_EDUCATION,BSDGEDUP,3.2439,-,home,A,primary_predictor,intra_program_lag
NOR,TIMSS,2011,TIMSS,,,PARENTAL_EDUCATION,BSDGEDUP,3.5518,-,home,A,primary_predictor,intra_program_lag
QAT,TIMSS,2011,TIMSS,,,PARENTAL_EDUCATION,BSDGEDUP,2.563,-,home,A,primary_predictor,intra_program_lag
ROM,TIMSS,2011,TIMSS,,,PARENTAL_EDUCATION,BSDGEDUP,3.2521,-,home,A,primary_predictor,intra_program_lag
SAU,TIMSS,2011,TIMSS,,,PARENTAL_EDUCATION,BSDGEDUP,3.1296,-,home,A,primary_predictor,intra_program_lag
THA,TIMSS,2011,TIMSS,,,PARENTAL_EDUCATION,BSDGEDUP,4.0102,-,home,A,primary_predictor,intra_program_lag
TUN,TIMSS,2011,TIMSS,,,PARENTAL_EDUCATION,BSDGEDUP,3.3229,-,home,A,primary_predictor,intra_program_lag
TWN,TIMSS,2011,TIMSS,,,PARENTAL_EDUCATION,BSDGEDUP,2.9377,-,home,A,primary_predictor,intra_program_lag
UKR,TIMSS,2011,TIMSS,,,PARENTAL_EDUCATION,BSDGEDUP,2.1509,-,home,A,primary_predictor,intra_program_lag
AAD,TIMSS,2015,TIMSS,,,PARENTAL_EDUCATION,BSDGEDUP,2.0511,-,home,A,primary_predictor,intra_program_lag
ADU,TIMSS,2015,TIMSS,,,PARENTAL_EDUCATION,BSDGEDUP,1.7667,-,home,A,primary_predictor,intra_program_lag
ARM,TIMSS,2015,TIMSS,,,PARENTAL_EDUCATION,BSDGEDUP,1.6219,-,home,A,primary_predictor,intra_program_lag
AUS,TIMSS,2015,TIMSS,,,PARENTAL_EDUCATION,BSDGEDUP,2.112,-,home,A,primary_predictor,intra_program_lag
BHR,TIMSS,2015,TIMSS,,,PARENTAL_EDUCATION,BSDGEDUP,2.4309,-,home,A,primary_predictor,intra_program_lag
COT,TIMSS,2015,TIMSS,,,PARENTAL_EDUCATION,BSDGEDUP,1.6854,-,home,A,primary_predictor,intra_program_lag
CQU,TIMSS,2015,TIMSS,,,PARENTAL_EDUCATION,BSDGEDUP,1.6793,-,home,A,primary_predictor,intra_program_lag
HUN,TIMSS,2015,TIMSS,,,PARENTAL_EDUCATION,BSDGEDUP,2.4719,-,home,A,primary_predictor,intra_program_lag
IRN,TIMSS,2015,TIMSS,,,PARENTAL_EDUCATION,BSDGEDUP,3.2484,-,home,A,primary_predictor,intra_program_lag
ISR,TIMSS,2015,TIMSS,,,PARENTAL_EDUCATION,BSDGEDUP,1.9641,-,home,A,primary_predictor,intra_program_lag
ITA,TIMSS,2015,TIMSS,,,PARENTAL_EDUCATION,BSDGEDUP,2.6773,-,home,A,primary_predictor,intra_program_lag
JOR,TIMSS,2015,TIMSS,,,PARENTAL_EDUCATION,BSDGEDUP,2.3093,-,home,A,primary_predictor,intra_program_lag
JPN,TIMSS,2015,TIMSS,,,PARENTAL_EDUCATION,BSDGEDUP,1.9867,-,home,A,primary_predictor,intra_program_lag
KAZ,TIMSS,2015,TIMSS,,,PARENTAL_EDUCATION,BSDGEDUP,2.0213,-,home,A,primary_predictor,intra_program_lag
MAR,TIMSS,2015,TIMSS,,,PARENTAL_EDUCATION,BSDGEDUP,3.6828,-,home,A,primary_predictor,intra_program_lag
MYS,TIMSS,2015,TIMSS,,,PARENTAL_EDUCATION,BSDGEDUP,2.841,-,home,A,primary_predictor,intra_program_lag
QAT,TIMSS,2015,TIMSS,,,PARENTAL_EDUCATION,BSDGEDUP,1.7971,-,home,A,primary_predictor,intra_program_lag
SAU,TIMSS,2015,TIMSS,,,PARENTAL_EDUCATION,BSDGEDUP,2.6883,-,home,A,primary_predictor,intra_program_lag
THA,TIMSS,2015,TIMSS,,,PARENTAL_EDUCATION,BSDGEDUP,3.4239,-,home,A,primary_predictor,intra_program_lag
TUR,TIMSS,2015,TIMSS,,,PARENTAL_EDUCATION,BSDGEDUP,3.9042,-,home,A,primary_predictor,intra_program_lag
ZAF,TIMSS,2015,TIMSS,,,PARENTAL_EDUCATION,BSDGEDUP,2.872,-,home,A,primary_predictor,intra_program_lag
AAD,TIMSS,2019,TIMSS,,,PARENTAL_EDUCATION,BSDGEDUP,3.061,-,home,A,primary_predictor,intra_program_lag
ADU,TIMSS,2019,TIMSS,,,PARENTAL_EDUCATION,BSDGEDUP,2.6752,-,home,A,primary_predictor,intra_program_lag
ARE,TIMSS,2019,TIMSS,,,PARENTAL_EDUCATION,BSDGEDUP,2.959,-,home,A,primary_predictor,intra_program_lag
AUS,TIMSS,2019,TIMSS,,,PARENTAL_EDUCATION,BSDGEDUP,3.451,-,home,A,primary_predictor,intra_program_lag
BHR,TIMSS,2019,TIMSS,,,PARENTAL_EDUCATION,BSDGEDUP,3.1296,-,home,A,primary_predictor,intra_program_lag
CHL,TIMSS,2019,TIMSS,,,PARENTAL_EDUCATION,BSDGEDUP,2.8246,-,home,A,primary_predictor,intra_program_lag
COT,TIMSS,2019,TIMSS,,,PARENTAL_EDUCATION,BSDGEDUP,3.2661,-,home,A,primary_predictor,intra_program_lag
CQU,TIMSS,2019,TIMSS,,,PARENTAL_EDUCATION,BSDGEDUP,2.8386,-,home,A,primary_predictor,intra_program_lag
HKG,TIMSS,2019,TIMSS,,,PARENTAL_EDUCATION,BSDGEDUP,3.3357,-,home,A,primary_predictor,intra_program_lag
HUN,TIMSS,2019,TIMSS,,,PARENTAL_EDUCATION,BSDGEDUP,2.7367,-,home,A,primary_predictor,intra_program_lag
IRN,TIMSS,2019,TIMSS,,,PARENTAL_EDUCATION,BSDGEDUP,2.9949,-,home,A,primary_predictor,intra_program_lag
ISR,TIMSS,2019,TIMSS,,,PARENTAL_EDUCATION,BSDGEDUP,2.6455,-,home,A,primary_predictor,intra_program_lag
ITA,TIMSS,2019,TIMSS,,,PARENTAL_EDUCATION,BSDGEDUP,3.0766,-,home,A,primary_predictor,intra_program_lag
JOR,TIMSS,2019,TIMSS,,,PARENTAL_EDUCATION,BSDGEDUP,2.6279,-,home,A,primary_predictor,intra_program_lag
KAZ,TIMSS,2019,TIMSS,,,PARENTAL_EDUCATION,BSDGEDUP,2.3064,-,home,A,primary_predictor,intra_program_lag
LTU,TIMSS,2019,TIMSS,,,PARENTAL_EDUCATION,BSDGEDUP,2.5523,-,home,A,primary_predictor,intra_program_lag
MAR,TIMSS,2019,TIMSS,,,PARENTAL_EDUCATION,BSDGEDUP,3.7555,-,home,A,primary_predictor,intra_program_lag
MYS,TIMSS,2019,TIMSS,,,PARENTAL_EDUCATION,BSDGEDUP,3.6499,-,home,A,primary_predictor,intra_program_lag
QAT,TIMSS,2019,TIMSS,,,PARENTAL_EDUCATION,BSDGEDUP,2.6552,-,home,A,primary_predictor,intra_program_lag
RUS,TIMSS,2019,TIMSS,,,PARENTAL_EDUCATION,BSDGEDUP,2.438,-,home,A,primary_predictor,intra_program_lag
SAU,TIMSS,2019,TIMSS,,,PARENTAL_EDUCATION,BSDGEDUP,2.9931,-,home,A,primary_predictor,intra_program_lag
SGP,TIMSS,2019,TIMSS,,,PARENTAL_EDUCATION,BSDGEDUP,2.9987,-,home,A,primary_predictor,intra_program_lag
TUR,TIMSS,2019,TIMSS,,,PARENTAL_EDUCATION,BSDGEDUP,3.5082,-,home,A,primary_predictor,intra_program_lag
ZAF,TIMSS,2019,TIMSS,,,PARENTAL_EDUCATION,BSDGEDUP,3.1367,-,home,A,primary_predictor,intra_program_lag
CQU,TIMSS_G4,2015,TIMSS_G4,,,PARENTAL_EDUCATION,ASDHEDUP,1.7241,-,home,A,primary_predictor,intra_program_lag
DEU,TIMSS_G4,2015,TIMSS_G4,,,PARENTAL_EDUCATION,ASDHEDUP,2.5387,-,home,A,primary_predictor,intra_program_lag
ESP,TIMSS_G4,2015,TIMSS_G4,,,PARENTAL_EDUCATION,ASDHEDUP,2.462,-,home,A,primary_predictor,intra_program_lag
FIN,TIMSS_G4,2015,TIMSS_G4,,,PARENTAL_EDUCATION,ASDHEDUP,1.8869,-,home,A,primary_predictor,intra_program_lag
HKG,TIMSS_G4,2015,TIMSS_G4,,,PARENTAL_EDUCATION,ASDHEDUP,3.0459,-,home,A,primary_predictor,intra_program_lag
HUN,TIMSS_G4,2015,TIMSS_G4,,,PARENTAL_EDUCATION,ASDHEDUP,2.8245,-,home,A,primary_predictor,intra_program_lag
IRN,TIMSS_G4,2015,TIMSS_G4,,,PARENTAL_EDUCATION,ASDHEDUP,3.2705,-,home,A,primary_predictor,intra_program_lag
NIR,TIMSS_G4,2015,TIMSS_G4,,,PARENTAL_EDUCATION,ASDHEDUP,2.4539,-,home,A,primary_predictor,intra_program_lag
OMN,TIMSS_G4,2015,TIMSS_G4,,,PARENTAL_EDUCATION,ASDHEDUP,3.0224,-,home,A,primary_predictor,intra_program_lag
SVK,TIMSS_G4,2015,TIMSS_G4,,,PARENTAL_EDUCATION,ASDHEDUP,2.4561,-,home,A,primary_predictor,intra_program_lag
SVN,TIMSS_G4,2015,TIMSS_G4,,,PARENTAL_EDUCATION,ASDHEDUP,2.359,-,home,A,primary_predictor,intra_program_lag
SWE,TIMSS_G4,2015,TIMSS_G4,,,PARENTAL_EDUCATION,ASDHEDUP,1.9622,-,home,A,primary_predictor,intra_program_lag
TWN,TIMSS_G4,2015,TIMSS_G4,,,PARENTAL_EDUCATION,ASDHEDUP,2.3841,-,home,A,primary_predictor,intra_program_lag
AAD,TIMSS_G4,2019,TIMSS_G4,,,PARENTAL_EDUCATION,ASDHEDUP,1.9917,-,home,A,primary_predictor,intra_program_lag
ARE,TIMSS_G4,2019,TIMSS_G4,,,PARENTAL_EDUCATION,ASDHEDUP,1.9449,-,home,A,primary_predictor,intra_program_lag
ARM,TIMSS_G4,2019,TIMSS_G4,,,PARENTAL_EDUCATION,ASDHEDUP,2.1818,-,home,A,primary_predictor,intra_program_lag
BFL,TIMSS_G4,2019,TIMSS_G4,,,PARENTAL_EDUCATION,ASDHEDUP,1.8247,-,home,A,primary_predictor,intra_program_lag
CAN,TIMSS_G4,2019,TIMSS_G4,,,PARENTAL_EDUCATION,ASDHEDUP,1.6404,-,home,A,primary_predictor,intra_program_lag
CHL,TIMSS_G4,2019,TIMSS_G4,,,PARENTAL_EDUCATION,ASDHEDUP,2.2156,-,home,A,primary_predictor,intra_program_lag
COT,TIMSS_G4,2019,TIMSS_G4,,,PARENTAL_EDUCATION,ASDHEDUP,1.6762,-,home,A,primary_predictor,intra_program_lag
CQU,TIMSS_G4,2019,TIMSS_G4,,,PARENTAL_EDUCATION,ASDHEDUP,1.6143,-,home,A,primary_predictor,intra_program_lag
CZE,TIMSS_G4,2019,TIMSS_G4,,,PARENTAL_EDUCATION,ASDHEDUP,2.3304,-,home,A,primary_predictor,intra_program_lag
DEU,TIMSS_G4,2019,TIMSS_G4,,,PARENTAL_EDUCATION,ASDHEDUP,2.6947,-,home,A,primary_predictor,intra_program_lag
DNK,TIMSS_G4,2019,TIMSS_G4,,,PARENTAL_EDUCATION,ASDHEDUP,1.5409,-,home,A,primary_predictor,intra_program_lag
ESP,TIMSS_G4,2019,TIMSS_G4,,,PARENTAL_EDUCATION,ASDHEDUP,2.3189,-,home,A,primary_predictor,intra_program_lag
FIN,TIMSS_G4,2019,TIMSS_G4,,,PARENTAL_EDUCATION,ASDHEDUP,1.7939,-,home,A,primary_predictor,intra_program_lag
FRA,TIMSS_G4,2019,TIMSS_G4,,,PARENTAL_EDUCATION,ASDHEDUP,2.2732,-,home,A,primary_predictor,intra_program_lag
GEO,TIMSS_G4,2019,TIMSS_G4,,,PARENTAL_EDUCATION,ASDHEDUP,1.8258,-,home,A,primary_predictor,intra_program_lag
HKG,TIMSS_G4,2019,TIMSS_G4,,,PARENTAL_EDUCATION,ASDHEDUP,2.4725,-,home,A,primary_predictor,intra_program_lag
HUN,TIMSS_G4,2019,TIMSS_G4,,,PARENTAL_EDUCATION,ASDHEDUP,2.2689,-,home,A,primary_predictor,intra_program_lag
IRN,TIMSS_G4,2019,TIMSS_G4,,,PARENTAL_EDUCATION,ASDHEDUP,3.1487,-,home,A,primary_predictor,intra_program_lag
KAZ,TIMSS_G4,2019,TIMSS_G4,,,PARENTAL_EDUCATION,ASDHEDUP,1.887,-,home,A,primary_predictor,intra_program_lag
KWT,TIMSS_G4,2019,TIMSS_G4,,,PARENTAL_EDUCATION,ASDHEDUP,1.854,-,home,A,primary_predictor,intra_program_lag
NIR,TIMSS_G4,2019,TIMSS_G4,,,PARENTAL_EDUCATION,ASDHEDUP,2.1678,-,home,A,primary_predictor,intra_program_lag
NOR,TIMSS_G4,2019,TIMSS_G4,,,PARENTAL_EDUCATION,ASDHEDUP,1.5327,-,home,A,primary_predictor,intra_program_lag
NZL,TIMSS_G4,2019,TIMSS_G4,,,PARENTAL_EDUCATION,ASDHEDUP,1.876,-,home,A,primary_predictor,intra_program_lag
OMN,TIMSS_G4,2019,TIMSS_G4,,,PARENTAL_EDUCATION,ASDHEDUP,2.9166,-,home,A,primary_predictor,intra_program_lag
PRT,TIMSS_G4,2019,TIMSS_G4,,,PARENTAL_EDUCATION,ASDHEDUP,2.8421,-,home,A,primary_predictor,intra_program_lag
QAT,TIMSS_G4,2019,TIMSS_G4,,,PARENTAL_EDUCATION,ASDHEDUP,1.7045,-,home,A,primary_predictor,intra_program_lag
RUS,TIMSS_G4,2019,TIMSS_G4,,,PARENTAL_EDUCATION,ASDHEDUP,1.6678,-,home,A,primary_predictor,intra_program_lag
SGP,TIMSS_G4,2019,TIMSS_G4,,,PARENTAL_EDUCATION,ASDHEDUP,1.9419,-,home,A,primary_predictor,intra_program_lag
SVK,TIMSS_G4,2019,TIMSS_G4,,,PARENTAL_EDUCATION,ASDHEDUP,2.3357,-,home,A,primary_predictor,intra_program_lag
SWE,TIMSS_G4,2019,TIMSS_G4,,,PARENTAL_EDUCATION,ASDHEDUP,1.7939,-,home,A,primary_predictor,intra_program_lag
TWN,TIMSS_G4,2019,TIMSS_G4,,,PARENTAL_EDUCATION,ASDHEDUP,2.1289,-,home,A,primary_predictor,intra_program_lag
AAD,PIRLS,2016,PIRLS,,,PARENTAL_EDUCATION,ASDHEDUP,2.0897,-,home,A,primary_predictor,intra_program_lag
AAD,PIRLS,2016,PIRLS,,,HOME_LITERACY_ACTIVITIES,ASDHELA,1.7941,-,home,B,primary_predictor,intra_program_lag
ADU,PIRLS,2016,PIRLS,,,PARENTAL_EDUCATION,ASDHEDUP,1.7663,-,home,A,primary_predictor,intra_program_lag
ADU,PIRLS,2016,PIRLS,,,HOME_LITERACY_ACTIVITIES,ASDHELA,1.6942,-,home,B,primary_predictor,intra_program_lag
ARE,PIRLS,2016,PIRLS,,,PARENTAL_EDUCATION,ASDHEDUP,1.98,-,home,A,primary_predictor,intra_program_lag
ARE,PIRLS,2016,PIRLS,,,HOME_LITERACY_ACTIVITIES,ASDHELA,1.7521,-,home,B,primary_predictor,intra_program_lag
AUT,PIRLS,2016,PIRLS,,,PARENTAL_EDUCATION,ASDHEDUP,2.4214,-,home,A,primary_predictor,intra_program_lag
AUT,PIRLS,2016,PIRLS,,,HOME_LITERACY_ACTIVITIES,ASDHELA,1.6533,-,home,B,primary_predictor,intra_program_lag
BGR,PIRLS,2016,PIRLS,,,PARENTAL_EDUCATION,ASDHEDUP,2.394,-,home,A,primary_predictor,intra_program_lag
BGR,PIRLS,2016,PIRLS,,,HOME_LITERACY_ACTIVITIES,ASDHELA,1.6722,-,home,B,primary_predictor,intra_program_lag
CQU,PIRLS,2016,PIRLS,,,PARENTAL_EDUCATION,ASDHEDUP,1.7211,-,home,A,primary_predictor,intra_program_lag
CQU,PIRLS,2016,PIRLS,,,HOME_LITERACY_ACTIVITIES,ASDHELA,1.5922,-,home,B,primary_predictor,intra_program_lag
DEU,PIRLS,2016,PIRLS,,,PARENTAL_EDUCATION,ASDHEDUP,2.5408,-,home,A,primary_predictor,intra_program_lag
DEU,PIRLS,2016,PIRLS,,,HOME_LITERACY_ACTIVITIES,ASDHELA,1.6309,-,home,B,primary_predictor,intra_program_lag
EAN,PIRLS,2016,PIRLS,,,PARENTAL_EDUCATION,ASDHEDUP,2.7702,-,home,A,primary_predictor,intra_program_lag
EAN,PIRLS,2016,PIRLS,,,HOME_LITERACY_ACTIVITIES,ASDHELA,1.5626,-,home,B,primary_predictor,intra_program_lag
FIN,PIRLS,2016,PIRLS,,,PARENTAL_EDUCATION,ASDHEDUP,1.8909,-,home,A,primary_predictor,intra_program_lag
FIN,PIRLS,2016,PIRLS,,,HOME_LITERACY_ACTIVITIES,ASDHELA,1.7298,-,home,B,primary_predictor,intra_program_lag
GEO,PIRLS,2016,PIRLS,,,PARENTAL_EDUCATION,ASDHEDUP,1.9399,-,home,A,primary_predictor,intra_program_lag
GEO,PIRLS,2016,PIRLS,,,HOME_LITERACY_ACTIVITIES,ASDHELA,1.4722,-,home,B,primary_predictor,intra_program_lag
IRL,PIRLS,2016,PIRLS,,,PARENTAL_EDUCATION,ASDHEDUP,2.1077,-,home,A,primary_predictor,intra_program_lag
IRL,PIRLS,2016,PIRLS,,,HOME_LITERACY_ACTIVITIES,ASDHELA,1.489,-,home,B,primary_predictor,intra_program_lag
IRN,PIRLS,2016,PIRLS,,,PARENTAL_EDUCATION,ASDHEDUP,3.2674,-,home,A,primary_predictor,intra_program_lag
IRN,PIRLS,2016,PIRLS,,,HOME_LITERACY_ACTIVITIES,ASDHELA,1.9107,-,home,B,primary_predictor,intra_program_lag
MAR,PIRLS,2016,PIRLS,,,PARENTAL_EDUCATION,ASDHEDUP,3.8277,-,home,A,primary_predictor,intra_program_lag
MAR,PIRLS,2016,PIRLS,,,HOME_LITERACY_ACTIVITIES,ASDHELA,1.9546,-,home,B,primary_predictor,intra_program_lag
NIR,PIRLS,2016,PIRLS,,,PARENTAL_EDUCATION,ASDHEDUP,2.4538,-,home,A,primary_predictor,intra_program_lag
NIR,PIRLS,2016,PIRLS,,,HOME_LITERACY_ACTIVITIES,ASDHELA,1.4139,-,home,B,primary_predictor,intra_program_lag
NZL,PIRLS,2016,PIRLS,,,PARENTAL_EDUCATION,ASDHEDUP,2.119,-,home,A,primary_predictor,intra_program_lag
NZL,PIRLS,2016,PIRLS,,,HOME_LITERACY_ACTIVITIES,ASDHELA,1.4576,-,home,B,primary_predictor,intra_program_lag
PRT,PIRLS,2016,PIRLS,,,PARENTAL_EDUCATION,ASDHEDUP,2.775,-,home,A,primary_predictor,intra_program_lag
PRT,PIRLS,2016,PIRLS,,,HOME_LITERACY_ACTIVITIES,ASDHELA,1.6457,-,home,B,primary_predictor,intra_program_lag
QAT,PIRLS,2016,PIRLS,,,PARENTAL_EDUCATION,ASDHEDUP,1.942,-,home,A,primary_predictor,intra_program_lag
QAT,PIRLS,2016,PIRLS,,,HOME_LITERACY_ACTIVITIES,ASDHELA,1.7589,-,home,B,primary_predictor,intra_program_lag
AAD,PIRLS,2021,PIRLS,,,PARENTAL_EDUCATION,ASDHEDUP,1.8244,-,home,A,primary_predictor,intra_program_lag
AAD,PIRLS,2021,PIRLS,,,HOME_LITERACY_ACTIVITIES,ASDHELA,1.742,-,home,B,primary_predictor,intra_program_lag
BFL,PIRLS,2021,PIRLS,,,PARENTAL_EDUCATION,ASDHEDUP,1.7588,-,home,A,primary_predictor,intra_program_lag
BFL,PIRLS,2021,PIRLS,,,HOME_LITERACY_ACTIVITIES,ASDHELA,1.7875,-,home,B,primary_predictor,intra_program_lag
BFR,PIRLS,2021,PIRLS,,,PARENTAL_EDUCATION,ASDHEDUP,1.9212,-,home,A,primary_predictor,intra_program_lag
BFR,PIRLS,2021,PIRLS,,,HOME_LITERACY_ACTIVITIES,ASDHELA,1.7227,-,home,B,primary_predictor,intra_program_lag
CQU,PIRLS,2021,PIRLS,,,PARENTAL_EDUCATION,ASDHEDUP,1.5872,-,home,A,primary_predictor,intra_program_lag
CQU,PIRLS,2021,PIRLS,,,HOME_LITERACY_ACTIVITIES,ASDHELA,1.5906,-,home,B,primary_predictor,intra_program_lag
DEU,PIRLS,2021,PIRLS,,,PARENTAL_EDUCATION,ASDHEDUP,2.172,-,home,A,primary_predictor,intra_program_lag
DEU,PIRLS,2021,PIRLS,,,HOME_LITERACY_ACTIVITIES,ASDHELA,1.6191,-,home,B,primary_predictor,intra_program_lag
DNK,PIRLS,2021,PIRLS,,,PARENTAL_EDUCATION,ASDHEDUP,1.6082,-,home,A,primary_predictor,intra_program_lag
DNK,PIRLS,2021,PIRLS,,,HOME_LITERACY_ACTIVITIES,ASDHELA,1.6506,-,home,B,primary_predictor,intra_program_lag
ESP,PIRLS,2021,PIRLS,,,PARENTAL_EDUCATION,ASDHEDUP,2.1736,-,home,A,primary_predictor,intra_program_lag
ESP,PIRLS,2021,PIRLS,,,HOME_LITERACY_ACTIVITIES,ASDHELA,1.4769,-,home,B,primary_predictor,intra_program_lag
FIN,PIRLS,2021,PIRLS,,,PARENTAL_EDUCATION,ASDHEDUP,1.7304,-,home,A,primary_predictor,intra_program_lag
FIN,PIRLS,2021,PIRLS,,,HOME_LITERACY_ACTIVITIES,ASDHELA,1.685,-,home,B,primary_predictor,intra_program_lag
GEO,PIRLS,2021,PIRLS,,,PARENTAL_EDUCATION,ASDHEDUP,1.9625,-,home,A,primary_predictor,intra_program_lag
GEO,PIRLS,2021,PIRLS,,,HOME_LITERACY_ACTIVITIES,ASDHELA,1.4674,-,home,B,primary_predictor,intra_program_lag
HKG,PIRLS,2021,PIRLS,,,PARENTAL_EDUCATION,ASDHEDUP,2.5523,-,home,A,primary_predictor,intra_program_lag
HKG,PIRLS,2021,PIRLS,,,HOME_LITERACY_ACTIVITIES,ASDHELA,1.9221,-,home,B,primary_predictor,intra_program_lag
IRN,PIRLS,2021,PIRLS,,,PARENTAL_EDUCATION,ASDHEDUP,3.0359,-,home,A,primary_predictor,intra_program_lag
IRN,PIRLS,2021,PIRLS,,,HOME_LITERACY_ACTIVITIES,ASDHELA,1.8469,-,home,B,primary_predictor,intra_program_lag
KAZ,PIRLS,2021,PIRLS,,,PARENTAL_EDUCATION,ASDHEDUP,1.7739,-,home,A,primary_predictor,intra_program_lag
KAZ,PIRLS,2021,PIRLS,,,HOME_LITERACY_ACTIVITIES,ASDHELA,1.3582,-,home,B,primary_predictor,intra_program_lag
LTU,PIRLS,2021,PIRLS,,,PARENTAL_EDUCATION,ASDHEDUP,1.7306,-,home,A,primary_predictor,intra_program_lag
LTU,PIRLS,2021,PIRLS,,,HOME_LITERACY_ACTIVITIES,ASDHELA,1.5706,-,home,B,primary_predictor,intra_program_lag
MLT,PIRLS,2021,PIRLS,,,PARENTAL_EDUCATION,ASDHEDUP,2.6116,-,home,A,primary_predictor,intra_program_lag
MLT,PIRLS,2021,PIRLS,,,HOME_LITERACY_ACTIVITIES,ASDHELA,1.4982,-,home,B,primary_predictor,intra_program_lag
NIR,PIRLS,2021,PIRLS,,,PARENTAL_EDUCATION,ASDHEDUP,1.9136,-,home,A,primary_predictor,intra_program_lag
NIR,PIRLS,2021,PIRLS,,,HOME_LITERACY_ACTIVITIES,ASDHELA,1.3395,-,home,B,primary_predictor,intra_program_lag
NLD,PIRLS,2021,PIRLS,,,PARENTAL_EDUCATION,ASDHEDUP,1.7013,-,home,A,primary_predictor,intra_program_lag
NLD,PIRLS,2021,PIRLS,,,HOME_LITERACY_ACTIVITIES,ASDHELA,1.5909,-,home,B,primary_predictor,intra_program_lag
NOR,PIRLS,2021,PIRLS,,,PARENTAL_EDUCATION,ASDHEDUP,1.5664,-,home,A,primary_predictor,intra_program_lag
NOR,PIRLS,2021,PIRLS,,,HOME_LITERACY_ACTIVITIES,ASDHELA,1.6214,-,home,B,primary_predictor,intra_program_lag
PRT,PIRLS,2021,PIRLS,,,PARENTAL_EDUCATION,ASDHEDUP,2.6191,-,home,A,primary_predictor,intra_program_lag
PRT,PIRLS,2021,PIRLS,,,HOME_LITERACY_ACTIVITIES,ASDHELA,1.6442,-,home,B,primary_predictor,intra_program_lag
QAT,PIRLS,2021,PIRLS,,,PARENTAL_EDUCATION,ASDHEDUP,1.6854,-,home,A,primary_predictor,intra_program_lag
QAT,PIRLS,2021,PIRLS,,,HOME_LITERACY_ACTIVITIES,ASDHELA,1.7326,-,home,B,primary_predictor,intra_program_lag
RUS,PIRLS,2021,PIRLS,,,PARENTAL_EDUCATION,ASDHEDUP,1.6235,-,home,A,primary_predictor,intra_program_lag
RUS,PIRLS,2021,PIRLS,,,HOME_LITERACY_ACTIVITIES,ASDHELA,1.3378,-,home,B,primary_predictor,intra_program_lag
SAU,PIRLS,2021,PIRLS,,,PARENTAL_EDUCATION,ASDHEDUP,2.415,-,home,A,primary_predictor,intra_program_lag
SAU,PIRLS,2021,PIRLS,,,HOME_LITERACY_ACTIVITIES,ASDHELA,1.795,-,home,B,primary_predictor,intra_program_lag
SGP,PIRLS,2021,PIRLS,,,PARENTAL_EDUCATION,ASDHEDUP,1.8614,-,home,A,primary_predictor,intra_program_lag
SGP,PIRLS,2021,PIRLS,,,HOME_LITERACY_ACTIVITIES,ASDHELA,1.7464,-,home,B,primary_predictor,intra_program_lag
SVN,PIRLS,2021,PIRLS,,,PARENTAL_EDUCATION,ASDHEDUP,2.0671,-,home,A,primary_predictor,intra_program_lag
SVN,PIRLS,2021,PIRLS,,,HOME_LITERACY_ACTIVITIES,ASDHELA,1.519,-,home,B,primary_predictor,intra_program_lag
TWN,PIRLS,2021,PIRLS,,,PARENTAL_EDUCATION,ASDHEDUP,2.0482,-,home,A,primary_predictor,intra_program_lag
TWN,PIRLS,2021,PIRLS,,,HOME_LITERACY_ACTIVITIES,ASDHELA,1.888,-,home,B,primary_predictor,intra_program_lag
BGR,PISA,2015,TALIS,2013.0,2.0,TEACHER_SELF_EFFICACY_CLS_MGMT,SECLSS,13.2708,+,teacher,A,contextual_predictor,talis_cross_program
BGR,TIMSS,2015,TALIS,2013.0,2.0,TEACHER_SELF_EFFICACY_CLS_MGMT,SECLSS,13.2708,+,teacher,A,contextual_predictor,talis_cross_program
BGR,PISA,2015,TALIS,2013.0,2.0,TEACHER_SELF_EFFICACY_INSTRUCTION,SEINSS,12.4627,+,teacher,A,contextual_predictor,talis_cross_program
BGR,TIMSS,2015,TALIS,2013.0,2.0,TEACHER_SELF_EFFICACY_INSTRUCTION,SEINSS,12.4627,+,teacher,A,contextual_predictor,talis_cross_program
BGR,PISA,2015,TALIS,2013.0,2.0,TEACHER_SELF_EFFICACY_ENGAGEMENT,SEENGS,12.1775,+,teacher,A,contextual_predictor,talis_cross_program
BGR,TIMSS,2015,TALIS,2013.0,2.0,TEACHER_SELF_EFFICACY_ENGAGEMENT,SEENGS,12.1775,+,teacher,A,contextual_predictor,talis_cross_program
BGR,PISA,2015,TALIS,2013.0,2.0,DISCIPLINARY_CLIMATE,TCDISCS,11.4594,-,classroom,A,contextual_predictor,talis_cross_program
BGR,TIMSS,2015,TALIS,2013.0,2.0,DISCIPLINARY_CLIMATE,TCDISCS,11.4594,-,classroom,A,contextual_predictor,talis_cross_program
BGR,PISA,2015,TALIS,2013.0,2.0,PROF_COLLABORATION,TCCOLLS,8.0896,+,teacher,B,contextual_predictor,talis_cross_program
BGR,TIMSS,2015,TALIS,2013.0,2.0,PROF_COLLABORATION,TCCOLLS,8.0896,+,teacher,B,contextual_predictor,talis_cross_program
BGR,PISA,2015,TALIS,2013.0,2.0,JOB_SATISFACTION_ENVIRONMENT,TJSENVS,12.3021,+,teacher,B,contextual_predictor,talis_cross_program
BGR,TIMSS,2015,TALIS,2013.0,2.0,JOB_SATISFACTION_ENVIRONMENT,TJSENVS,12.3021,+,teacher,B,contextual_predictor,talis_cross_program
BGR,PISA,2015,TALIS,2013.0,2.0,JOB_SATISFACTION_PROFESSION,TJSPROS,11.088,+,teacher,B,contextual_predictor,talis_cross_program
BGR,TIMSS,2015,TALIS,2013.0,2.0,JOB_SATISFACTION_PROFESSION,TJSPROS,11.088,+,teacher,B,contextual_predictor,talis_cross_program
BGR,PISA,2015,TALIS,2013.0,2.0,EFFECTIVE_PD,TEFFPROS,7.7992,+,teacher,B,contextual_predictor,talis_cross_program
BGR,TIMSS,2015,TALIS,2013.0,2.0,EFFECTIVE_PD,TEFFPROS,7.7992,+,teacher,B,contextual_predictor,talis_cross_program
BRA,PISA,2015,TALIS,2013.0,2.0,TEACHER_SELF_EFFICACY_CLS_MGMT,SECLSS,13.0159,+,teacher,A,contextual_predictor,talis_cross_program
BRA,TIMSS,2015,TALIS,2013.0,2.0,TEACHER_SELF_EFFICACY_CLS_MGMT,SECLSS,13.0159,+,teacher,A,contextual_predictor,talis_cross_program
BRA,PISA,2015,TALIS,2013.0,2.0,TEACHER_SELF_EFFICACY_INSTRUCTION,SEINSS,13.1184,+,teacher,A,contextual_predictor,talis_cross_program
BRA,TIMSS,2015,TALIS,2013.0,2.0,TEACHER_SELF_EFFICACY_INSTRUCTION,SEINSS,13.1184,+,teacher,A,contextual_predictor,talis_cross_program
BRA,PISA,2015,TALIS,2013.0,2.0,TEACHER_SELF_EFFICACY_ENGAGEMENT,SEENGS,13.1432,+,teacher,A,contextual_predictor,talis_cross_program
BRA,TIMSS,2015,TALIS,2013.0,2.0,TEACHER_SELF_EFFICACY_ENGAGEMENT,SEENGS,13.1432,+,teacher,A,contextual_predictor,talis_cross_program
BRA,PISA,2015,TALIS,2013.0,2.0,DISCIPLINARY_CLIMATE,TCDISCS,9.6795,-,classroom,A,contextual_predictor,talis_cross_program
BRA,TIMSS,2015,TALIS,2013.0,2.0,DISCIPLINARY_CLIMATE,TCDISCS,9.6795,-,classroom,A,contextual_predictor,talis_cross_program
BRA,PISA,2015,TALIS,2013.0,2.0,PROF_COLLABORATION,TCCOLLS,7.9871,+,teacher,B,contextual_predictor,talis_cross_program
BRA,TIMSS,2015,TALIS,2013.0,2.0,PROF_COLLABORATION,TCCOLLS,7.9871,+,teacher,B,contextual_predictor,talis_cross_program
BRA,PISA,2015,TALIS,2013.0,2.0,JOB_SATISFACTION_ENVIRONMENT,TJSENVS,12.5049,+,teacher,B,contextual_predictor,talis_cross_program
BRA,TIMSS,2015,TALIS,2013.0,2.0,JOB_SATISFACTION_ENVIRONMENT,TJSENVS,12.5049,+,teacher,B,contextual_predictor,talis_cross_program
BRA,PISA,2015,TALIS,2013.0,2.0,JOB_SATISFACTION_PROFESSION,TJSPROS,11.3222,+,teacher,B,contextual_predictor,talis_cross_program
BRA,TIMSS,2015,TALIS,2013.0,2.0,JOB_SATISFACTION_PROFESSION,TJSPROS,11.3222,+,teacher,B,contextual_predictor,talis_cross_program
BRA,PISA,2015,TALIS,2013.0,2.0,EFFECTIVE_PD,TEFFPROS,8.9156,+,teacher,B,contextual_predictor,talis_cross_program
BRA,TIMSS,2015,TALIS,2013.0,2.0,EFFECTIVE_PD,TEFFPROS,8.9156,+,teacher,B,contextual_predictor,talis_cross_program
CHL,PISA,2015,TALIS,2013.0,2.0,TEACHER_SELF_EFFICACY_CLS_MGMT,SECLSS,13.1884,+,teacher,A,contextual_predictor,talis_cross_program
CHL,TIMSS,2015,TALIS,2013.0,2.0,TEACHER_SELF_EFFICACY_CLS_MGMT,SECLSS,13.1884,+,teacher,A,contextual_predictor,talis_cross_program
CHL,PISA,2015,TALIS,2013.0,2.0,TEACHER_SELF_EFFICACY_INSTRUCTION,SEINSS,13.0365,+,teacher,A,contextual_predictor,talis_cross_program
CHL,TIMSS,2015,TALIS,2013.0,2.0,TEACHER_SELF_EFFICACY_INSTRUCTION,SEINSS,13.0365,+,teacher,A,contextual_predictor,talis_cross_program
CHL,PISA,2015,TALIS,2013.0,2.0,TEACHER_SELF_EFFICACY_ENGAGEMENT,SEENGS,12.7166,+,teacher,A,contextual_predictor,talis_cross_program
CHL,TIMSS,2015,TALIS,2013.0,2.0,TEACHER_SELF_EFFICACY_ENGAGEMENT,SEENGS,12.7166,+,teacher,A,contextual_predictor,talis_cross_program
CHL,PISA,2015,TALIS,2013.0,2.0,DISCIPLINARY_CLIMATE,TCDISCS,10.2104,-,classroom,A,contextual_predictor,talis_cross_program
CHL,TIMSS,2015,TALIS,2013.0,2.0,DISCIPLINARY_CLIMATE,TCDISCS,10.2104,-,classroom,A,contextual_predictor,talis_cross_program
CHL,PISA,2015,TALIS,2013.0,2.0,PROF_COLLABORATION,TCCOLLS,8.842,+,teacher,B,contextual_predictor,talis_cross_program
CHL,TIMSS,2015,TALIS,2013.0,2.0,PROF_COLLABORATION,TCCOLLS,8.842,+,teacher,B,contextual_predictor,talis_cross_program
CHL,PISA,2015,TALIS,2013.0,2.0,JOB_SATISFACTION_ENVIRONMENT,TJSENVS,12.4178,+,teacher,B,contextual_predictor,talis_cross_program
CHL,TIMSS,2015,TALIS,2013.0,2.0,JOB_SATISFACTION_ENVIRONMENT,TJSENVS,12.4178,+,teacher,B,contextual_predictor,talis_cross_program
CHL,PISA,2015,TALIS,2013.0,2.0,JOB_SATISFACTION_PROFESSION,TJSPROS,12.122,+,teacher,B,contextual_predictor,talis_cross_program
CHL,TIMSS,2015,TALIS,2013.0,2.0,JOB_SATISFACTION_PROFESSION,TJSPROS,12.122,+,teacher,B,contextual_predictor,talis_cross_program
CHL,PISA,2015,TALIS,2013.0,2.0,EFFECTIVE_PD,TEFFPROS,8.835,+,teacher,B,contextual_predictor,talis_cross_program
CHL,TIMSS,2015,TALIS,2013.0,2.0,EFFECTIVE_PD,TEFFPROS,8.835,+,teacher,B,contextual_predictor,talis_cross_program
CZE,PISA,2015,TALIS,2013.0,2.0,TEACHER_SELF_EFFICACY_CLS_MGMT,SECLSS,11.7226,+,teacher,A,contextual_predictor,talis_cross_program
CZE,TIMSS,2015,TALIS,2013.0,2.0,TEACHER_SELF_EFFICACY_CLS_MGMT,SECLSS,11.7226,+,teacher,A,contextual_predictor,talis_cross_program
CZE,PISA,2015,TALIS,2013.0,2.0,TEACHER_SELF_EFFICACY_INSTRUCTION,SEINSS,11.0463,+,teacher,A,contextual_predictor,talis_cross_program
CZE,TIMSS,2015,TALIS,2013.0,2.0,TEACHER_SELF_EFFICACY_INSTRUCTION,SEINSS,11.0463,+,teacher,A,contextual_predictor,talis_cross_program
CZE,PISA,2015,TALIS,2013.0,2.0,TEACHER_SELF_EFFICACY_ENGAGEMENT,SEENGS,9.5235,+,teacher,A,contextual_predictor,talis_cross_program
CZE,TIMSS,2015,TALIS,2013.0,2.0,TEACHER_SELF_EFFICACY_ENGAGEMENT,SEENGS,9.5235,+,teacher,A,contextual_predictor,talis_cross_program
CZE,PISA,2015,TALIS,2013.0,2.0,DISCIPLINARY_CLIMATE,TCDISCS,11.4308,-,classroom,A,contextual_predictor,talis_cross_program
CZE,TIMSS,2015,TALIS,2013.0,2.0,DISCIPLINARY_CLIMATE,TCDISCS,11.4308,-,classroom,A,contextual_predictor,talis_cross_program
CZE,PISA,2015,TALIS,2013.0,2.0,PROF_COLLABORATION,TCCOLLS,8.7672,+,teacher,B,contextual_predictor,talis_cross_program
CZE,TIMSS,2015,TALIS,2013.0,2.0,PROF_COLLABORATION,TCCOLLS,8.7672,+,teacher,B,contextual_predictor,talis_cross_program
CZE,PISA,2015,TALIS,2013.0,2.0,JOB_SATISFACTION_ENVIRONMENT,TJSENVS,11.6935,+,teacher,B,contextual_predictor,talis_cross_program
CZE,TIMSS,2015,TALIS,2013.0,2.0,JOB_SATISFACTION_ENVIRONMENT,TJSENVS,11.6935,+,teacher,B,contextual_predictor,talis_cross_program
CZE,PISA,2015,TALIS,2013.0,2.0,JOB_SATISFACTION_PROFESSION,TJSPROS,11.3675,+,teacher,B,contextual_predictor,talis_cross_program
CZE,TIMSS,2015,TALIS,2013.0,2.0,JOB_SATISFACTION_PROFESSION,TJSPROS,11.3675,+,teacher,B,contextual_predictor,talis_cross_program
CZE,PISA,2015,TALIS,2013.0,2.0,EFFECTIVE_PD,TEFFPROS,7.9535,+,teacher,B,contextual_predictor,talis_cross_program
CZE,TIMSS,2015,TALIS,2013.0,2.0,EFFECTIVE_PD,TEFFPROS,7.9535,+,teacher,B,contextual_predictor,talis_cross_program
ESP,PISA,2015,TALIS,2013.0,2.0,TEACHER_SELF_EFFICACY_CLS_MGMT,SECLSS,12.0667,+,teacher,A,contextual_predictor,talis_cross_program
ESP,TIMSS,2015,TALIS,2013.0,2.0,TEACHER_SELF_EFFICACY_CLS_MGMT,SECLSS,12.0667,+,teacher,A,contextual_predictor,talis_cross_program
ESP,PISA,2015,TALIS,2013.0,2.0,TEACHER_SELF_EFFICACY_INSTRUCTION,SEINSS,12.5885,+,teacher,A,contextual_predictor,talis_cross_program
ESP,TIMSS,2015,TALIS,2013.0,2.0,TEACHER_SELF_EFFICACY_INSTRUCTION,SEINSS,12.5885,+,teacher,A,contextual_predictor,talis_cross_program
ESP,PISA,2015,TALIS,2013.0,2.0,TEACHER_SELF_EFFICACY_ENGAGEMENT,SEENGS,11.1547,+,teacher,A,contextual_predictor,talis_cross_program
ESP,TIMSS,2015,TALIS,2013.0,2.0,TEACHER_SELF_EFFICACY_ENGAGEMENT,SEENGS,11.1547,+,teacher,A,contextual_predictor,talis_cross_program
ESP,PISA,2015,TALIS,2013.0,2.0,DISCIPLINARY_CLIMATE,TCDISCS,10.2563,-,classroom,A,contextual_predictor,talis_cross_program
ESP,TIMSS,2015,TALIS,2013.0,2.0,DISCIPLINARY_CLIMATE,TCDISCS,10.2563,-,classroom,A,contextual_predictor,talis_cross_program
ESP,PISA,2015,TALIS,2013.0,2.0,PROF_COLLABORATION,TCCOLLS,6.4332,+,teacher,B,contextual_predictor,talis_cross_program
ESP,TIMSS,2015,TALIS,2013.0,2.0,PROF_COLLABORATION,TCCOLLS,6.4332,+,teacher,B,contextual_predictor,talis_cross_program
ESP,PISA,2015,TALIS,2013.0,2.0,JOB_SATISFACTION_ENVIRONMENT,TJSENVS,12.2843,+,teacher,B,contextual_predictor,talis_cross_program
ESP,TIMSS,2015,TALIS,2013.0,2.0,JOB_SATISFACTION_ENVIRONMENT,TJSENVS,12.2843,+,teacher,B,contextual_predictor,talis_cross_program
ESP,PISA,2015,TALIS,2013.0,2.0,JOB_SATISFACTION_PROFESSION,TJSPROS,12.5737,+,teacher,B,contextual_predictor,talis_cross_program
ESP,TIMSS,2015,TALIS,2013.0,2.0,JOB_SATISFACTION_PROFESSION,TJSPROS,12.5737,+,teacher,B,contextual_predictor,talis_cross_program
ESP,PISA,2015,TALIS,2013.0,2.0,EFFECTIVE_PD,TEFFPROS,8.934,+,teacher,B,contextual_predictor,talis_cross_program
ESP,TIMSS,2015,TALIS,2013.0,2.0,EFFECTIVE_PD,TEFFPROS,8.934,+,teacher,B,contextual_predictor,talis_cross_program
EST,PISA,2015,TALIS,2013.0,2.0,TEACHER_SELF_EFFICACY_CLS_MGMT,SECLSS,11.9399,+,teacher,A,contextual_predictor,talis_cross_program
EST,TIMSS,2015,TALIS,2013.0,2.0,TEACHER_SELF_EFFICACY_CLS_MGMT,SECLSS,11.9399,+,teacher,A,contextual_predictor,talis_cross_program
EST,PISA,2015,TALIS,2013.0,2.0,TEACHER_SELF_EFFICACY_INSTRUCTION,SEINSS,11.132,+,teacher,A,contextual_predictor,talis_cross_program
EST,TIMSS,2015,TALIS,2013.0,2.0,TEACHER_SELF_EFFICACY_INSTRUCTION,SEINSS,11.132,+,teacher,A,contextual_predictor,talis_cross_program
EST,PISA,2015,TALIS,2013.0,2.0,TEACHER_SELF_EFFICACY_ENGAGEMENT,SEENGS,11.7663,+,teacher,A,contextual_predictor,talis_cross_program
EST,TIMSS,2015,TALIS,2013.0,2.0,TEACHER_SELF_EFFICACY_ENGAGEMENT,SEENGS,11.7663,+,teacher,A,contextual_predictor,talis_cross_program
EST,PISA,2015,TALIS,2013.0,2.0,DISCIPLINARY_CLIMATE,TCDISCS,11.5441,-,classroom,A,contextual_predictor,talis_cross_program
EST,TIMSS,2015,TALIS,2013.0,2.0,DISCIPLINARY_CLIMATE,TCDISCS,11.5441,-,classroom,A,contextual_predictor,talis_cross_program
EST,PISA,2015,TALIS,2013.0,2.0,PROF_COLLABORATION,TCCOLLS,8.9508,+,teacher,B,contextual_predictor,talis_cross_program
EST,TIMSS,2015,TALIS,2013.0,2.0,PROF_COLLABORATION,TCCOLLS,8.9508,+,teacher,B,contextual_predictor,talis_cross_program
EST,PISA,2015,TALIS,2013.0,2.0,JOB_SATISFACTION_ENVIRONMENT,TJSENVS,11.3307,+,teacher,B,contextual_predictor,talis_cross_program
EST,TIMSS,2015,TALIS,2013.0,2.0,JOB_SATISFACTION_ENVIRONMENT,TJSENVS,11.3307,+,teacher,B,contextual_predictor,talis_cross_program
EST,PISA,2015,TALIS,2013.0,2.0,JOB_SATISFACTION_PROFESSION,TJSPROS,11.1706,+,teacher,B,contextual_predictor,talis_cross_program
EST,TIMSS,2015,TALIS,2013.0,2.0,JOB_SATISFACTION_PROFESSION,TJSPROS,11.1706,+,teacher,B,contextual_predictor,talis_cross_program
EST,PISA,2015,TALIS,2013.0,2.0,EFFECTIVE_PD,TEFFPROS,8.852,+,teacher,B,contextual_predictor,talis_cross_program
EST,TIMSS,2015,TALIS,2013.0,2.0,EFFECTIVE_PD,TEFFPROS,8.852,+,teacher,B,contextual_predictor,talis_cross_program
FIN,PISA,2015,TALIS,2013.0,2.0,TEACHER_SELF_EFFICACY_CLS_MGMT,SECLSS,12.4175,+,teacher,A,contextual_predictor,talis_cross_program
FIN,TIMSS,2015,TALIS,2013.0,2.0,TEACHER_SELF_EFFICACY_CLS_MGMT,SECLSS,12.4175,+,teacher,A,contextual_predictor,talis_cross_program
FIN,PISA,2015,TALIS,2013.0,2.0,TEACHER_SELF_EFFICACY_INSTRUCTION,SEINSS,11.6226,+,teacher,A,contextual_predictor,talis_cross_program
FIN,TIMSS,2015,TALIS,2013.0,2.0,TEACHER_SELF_EFFICACY_INSTRUCTION,SEINSS,11.6226,+,teacher,A,contextual_predictor,talis_cross_program
FIN,PISA,2015,TALIS,2013.0,2.0,TEACHER_SELF_EFFICACY_ENGAGEMENT,SEENGS,11.6457,+,teacher,A,contextual_predictor,talis_cross_program
FIN,TIMSS,2015,TALIS,2013.0,2.0,TEACHER_SELF_EFFICACY_ENGAGEMENT,SEENGS,11.6457,+,teacher,A,contextual_predictor,talis_cross_program
FIN,PISA,2015,TALIS,2013.0,2.0,DISCIPLINARY_CLIMATE,TCDISCS,10.9116,-,classroom,A,contextual_predictor,talis_cross_program
FIN,TIMSS,2015,TALIS,2013.0,2.0,DISCIPLINARY_CLIMATE,TCDISCS,10.9116,-,classroom,A,contextual_predictor,talis_cross_program
FIN,PISA,2015,TALIS,2013.0,2.0,PROF_COLLABORATION,TCCOLLS,7.0038,+,teacher,B,contextual_predictor,talis_cross_program
FIN,TIMSS,2015,TALIS,2013.0,2.0,PROF_COLLABORATION,TCCOLLS,7.0038,+,teacher,B,contextual_predictor,talis_cross_program
FIN,PISA,2015,TALIS,2013.0,2.0,JOB_SATISFACTION_ENVIRONMENT,TJSENVS,12.2483,+,teacher,B,contextual_predictor,talis_cross_program
FIN,TIMSS,2015,TALIS,2013.0,2.0,JOB_SATISFACTION_ENVIRONMENT,TJSENVS,12.2483,+,teacher,B,contextual_predictor,talis_cross_program
FIN,PISA,2015,TALIS,2013.0,2.0,JOB_SATISFACTION_PROFESSION,TJSPROS,12.495,+,teacher,B,contextual_predictor,talis_cross_program
FIN,TIMSS,2015,TALIS,2013.0,2.0,JOB_SATISFACTION_PROFESSION,TJSPROS,12.495,+,teacher,B,contextual_predictor,talis_cross_program
FIN,PISA,2015,TALIS,2013.0,2.0,EFFECTIVE_PD,TEFFPROS,8.4307,+,teacher,B,contextual_predictor,talis_cross_program
FIN,TIMSS,2015,TALIS,2013.0,2.0,EFFECTIVE_PD,TEFFPROS,8.4307,+,teacher,B,contextual_predictor,talis_cross_program
FRA,PISA,2015,TALIS,2013.0,2.0,TEACHER_SELF_EFFICACY_CLS_MGMT,SECLSS,13.5413,+,teacher,A,contextual_predictor,talis_cross_program
FRA,TIMSS,2015,TALIS,2013.0,2.0,TEACHER_SELF_EFFICACY_CLS_MGMT,SECLSS,13.5413,+,teacher,A,contextual_predictor,talis_cross_program
FRA,PISA,2015,TALIS,2013.0,2.0,TEACHER_SELF_EFFICACY_INSTRUCTION,SEINSS,12.8947,+,teacher,A,contextual_predictor,talis_cross_program
FRA,TIMSS,2015,TALIS,2013.0,2.0,TEACHER_SELF_EFFICACY_INSTRUCTION,SEINSS,12.8947,+,teacher,A,contextual_predictor,talis_cross_program
FRA,PISA,2015,TALIS,2013.0,2.0,TEACHER_SELF_EFFICACY_ENGAGEMENT,SEENGS,12.05,+,teacher,A,contextual_predictor,talis_cross_program
FRA,TIMSS,2015,TALIS,2013.0,2.0,TEACHER_SELF_EFFICACY_ENGAGEMENT,SEENGS,12.05,+,teacher,A,contextual_predictor,talis_cross_program
FRA,PISA,2015,TALIS,2013.0,2.0,DISCIPLINARY_CLIMATE,TCDISCS,10.7538,-,classroom,A,contextual_predictor,talis_cross_program
FRA,TIMSS,2015,TALIS,2013.0,2.0,DISCIPLINARY_CLIMATE,TCDISCS,10.7538,-,classroom,A,contextual_predictor,talis_cross_program
FRA,PISA,2015,TALIS,2013.0,2.0,PROF_COLLABORATION,TCCOLLS,6.425,+,teacher,B,contextual_predictor,talis_cross_program
FRA,TIMSS,2015,TALIS,2013.0,2.0,PROF_COLLABORATION,TCCOLLS,6.425,+,teacher,B,contextual_predictor,talis_cross_program
FRA,PISA,2015,TALIS,2013.0,2.0,JOB_SATISFACTION_ENVIRONMENT,TJSENVS,12.035,+,teacher,B,contextual_predictor,talis_cross_program
FRA,TIMSS,2015,TALIS,2013.0,2.0,JOB_SATISFACTION_ENVIRONMENT,TJSENVS,12.035,+,teacher,B,contextual_predictor,talis_cross_program
FRA,PISA,2015,TALIS,2013.0,2.0,JOB_SATISFACTION_PROFESSION,TJSPROS,11.9916,+,teacher,B,contextual_predictor,talis_cross_program
FRA,TIMSS,2015,TALIS,2013.0,2.0,JOB_SATISFACTION_PROFESSION,TJSPROS,11.9916,+,teacher,B,contextual_predictor,talis_cross_program
FRA,PISA,2015,TALIS,2013.0,2.0,EFFECTIVE_PD,TEFFPROS,8.5335,+,teacher,B,contextual_predictor,talis_cross_program
FRA,TIMSS,2015,TALIS,2013.0,2.0,EFFECTIVE_PD,TEFFPROS,8.5335,+,teacher,B,contextual_predictor,talis_cross_program
ISR,PISA,2015,TALIS,2013.0,2.0,TEACHER_SELF_EFFICACY_CLS_MGMT,SECLSS,12.5443,+,teacher,A,contextual_predictor,talis_cross_program
ISR,TIMSS,2015,TALIS,2013.0,2.0,TEACHER_SELF_EFFICACY_CLS_MGMT,SECLSS,12.5443,+,teacher,A,contextual_predictor,talis_cross_program
ISR,PISA,2015,TALIS,2013.0,2.0,TEACHER_SELF_EFFICACY_INSTRUCTION,SEINSS,12.4257,+,teacher,A,contextual_predictor,talis_cross_program
ISR,TIMSS,2015,TALIS,2013.0,2.0,TEACHER_SELF_EFFICACY_INSTRUCTION,SEINSS,12.4257,+,teacher,A,contextual_predictor,talis_cross_program
ISR,PISA,2015,TALIS,2013.0,2.0,TEACHER_SELF_EFFICACY_ENGAGEMENT,SEENGS,12.3599,+,teacher,A,contextual_predictor,talis_cross_program
ISR,TIMSS,2015,TALIS,2013.0,2.0,TEACHER_SELF_EFFICACY_ENGAGEMENT,SEENGS,12.3599,+,teacher,A,contextual_predictor,talis_cross_program
ISR,PISA,2015,TALIS,2013.0,2.0,DISCIPLINARY_CLIMATE,TCDISCS,11.2287,-,classroom,A,contextual_predictor,talis_cross_program
ISR,TIMSS,2015,TALIS,2013.0,2.0,DISCIPLINARY_CLIMATE,TCDISCS,11.2287,-,classroom,A,contextual_predictor,talis_cross_program
ISR,PISA,2015,TALIS,2013.0,2.0,PROF_COLLABORATION,TCCOLLS,8.5114,+,teacher,B,contextual_predictor,talis_cross_program
ISR,TIMSS,2015,TALIS,2013.0,2.0,PROF_COLLABORATION,TCCOLLS,8.5114,+,teacher,B,contextual_predictor,talis_cross_program
ISR,PISA,2015,TALIS,2013.0,2.0,JOB_SATISFACTION_ENVIRONMENT,TJSENVS,12.6968,+,teacher,B,contextual_predictor,talis_cross_program
ISR,TIMSS,2015,TALIS,2013.0,2.0,JOB_SATISFACTION_ENVIRONMENT,TJSENVS,12.6968,+,teacher,B,contextual_predictor,talis_cross_program
ISR,PISA,2015,TALIS,2013.0,2.0,JOB_SATISFACTION_PROFESSION,TJSPROS,12.3366,+,teacher,B,contextual_predictor,talis_cross_program
ISR,TIMSS,2015,TALIS,2013.0,2.0,JOB_SATISFACTION_PROFESSION,TJSPROS,12.3366,+,teacher,B,contextual_predictor,talis_cross_program
ISR,PISA,2015,TALIS,2013.0,2.0,EFFECTIVE_PD,TEFFPROS,8.6028,+,teacher,B,contextual_predictor,talis_cross_program
ISR,TIMSS,2015,TALIS,2013.0,2.0,EFFECTIVE_PD,TEFFPROS,8.6028,+,teacher,B,contextual_predictor,talis_cross_program
ITA,PISA,2015,TALIS,2013.0,2.0,TEACHER_SELF_EFFICACY_CLS_MGMT,SECLSS,13.2181,+,teacher,A,contextual_predictor,talis_cross_program
ITA,TIMSS,2015,TALIS,2013.0,2.0,TEACHER_SELF_EFFICACY_CLS_MGMT,SECLSS,13.2181,+,teacher,A,contextual_predictor,talis_cross_program
ITA,PISA,2015,TALIS,2013.0,2.0,TEACHER_SELF_EFFICACY_INSTRUCTION,SEINSS,13.1019,+,teacher,A,contextual_predictor,talis_cross_program
ITA,TIMSS,2015,TALIS,2013.0,2.0,TEACHER_SELF_EFFICACY_INSTRUCTION,SEINSS,13.1019,+,teacher,A,contextual_predictor,talis_cross_program
ITA,PISA,2015,TALIS,2013.0,2.0,TEACHER_SELF_EFFICACY_ENGAGEMENT,SEENGS,12.8865,+,teacher,A,contextual_predictor,talis_cross_program
ITA,TIMSS,2015,TALIS,2013.0,2.0,TEACHER_SELF_EFFICACY_ENGAGEMENT,SEENGS,12.8865,+,teacher,A,contextual_predictor,talis_cross_program
ITA,PISA,2015,TALIS,2013.0,2.0,DISCIPLINARY_CLIMATE,TCDISCS,11.5415,-,classroom,A,contextual_predictor,talis_cross_program
ITA,TIMSS,2015,TALIS,2013.0,2.0,DISCIPLINARY_CLIMATE,TCDISCS,11.5415,-,classroom,A,contextual_predictor,talis_cross_program
ITA,PISA,2015,TALIS,2013.0,2.0,PROF_COLLABORATION,TCCOLLS,8.7028,+,teacher,B,contextual_predictor,talis_cross_program
ITA,TIMSS,2015,TALIS,2013.0,2.0,PROF_COLLABORATION,TCCOLLS,8.7028,+,teacher,B,contextual_predictor,talis_cross_program
ITA,PISA,2015,TALIS,2013.0,2.0,JOB_SATISFACTION_ENVIRONMENT,TJSENVS,12.0827,+,teacher,B,contextual_predictor,talis_cross_program
ITA,TIMSS,2015,TALIS,2013.0,2.0,JOB_SATISFACTION_ENVIRONMENT,TJSENVS,12.0827,+,teacher,B,contextual_predictor,talis_cross_program
ITA,PISA,2015,TALIS,2013.0,2.0,JOB_SATISFACTION_PROFESSION,TJSPROS,12.2217,+,teacher,B,contextual_predictor,talis_cross_program
ITA,TIMSS,2015,TALIS,2013.0,2.0,JOB_SATISFACTION_PROFESSION,TJSPROS,12.2217,+,teacher,B,contextual_predictor,talis_cross_program
ITA,PISA,2015,TALIS,2013.0,2.0,EFFECTIVE_PD,TEFFPROS,8.6028,+,teacher,B,contextual_predictor,talis_cross_program
ITA,TIMSS,2015,TALIS,2013.0,2.0,EFFECTIVE_PD,TEFFPROS,8.6028,+,teacher,B,contextual_predictor,talis_cross_program
KOR,PISA,2015,TALIS,2013.0,2.0,TEACHER_SELF_EFFICACY_CLS_MGMT,SECLSS,11.4217,+,teacher,A,contextual_predictor,talis_cross_program
KOR,TIMSS,2015,TALIS,2013.0,2.0,TEACHER_SELF_EFFICACY_CLS_MGMT,SECLSS,11.4217,+,teacher,A,contextual_predictor,talis_cross_program
KOR,PISA,2015,TALIS,2013.0,2.0,TEACHER_SELF_EFFICACY_INSTRUCTION,SEINSS,10.9662,+,teacher,A,contextual_predictor,talis_cross_program
KOR,TIMSS,2015,TALIS,2013.0,2.0,TEACHER_SELF_EFFICACY_INSTRUCTION,SEINSS,10.9662,+,teacher,A,contextual_predictor,talis_cross_program
KOR,PISA,2015,TALIS,2013.0,2.0,TEACHER_SELF_EFFICACY_ENGAGEMENT,SEENGS,11.0391,+,teacher,A,contextual_predictor,talis_cross_program
KOR,TIMSS,2015,TALIS,2013.0,2.0,TEACHER_SELF_EFFICACY_ENGAGEMENT,SEENGS,11.0391,+,teacher,A,contextual_predictor,talis_cross_program
KOR,PISA,2015,TALIS,2013.0,2.0,DISCIPLINARY_CLIMATE,TCDISCS,10.8344,-,classroom,A,contextual_predictor,talis_cross_program
KOR,TIMSS,2015,TALIS,2013.0,2.0,DISCIPLINARY_CLIMATE,TCDISCS,10.8344,-,classroom,A,contextual_predictor,talis_cross_program
KOR,PISA,2015,TALIS,2013.0,2.0,PROF_COLLABORATION,TCCOLLS,7.4756,+,teacher,B,contextual_predictor,talis_cross_program
KOR,TIMSS,2015,TALIS,2013.0,2.0,PROF_COLLABORATION,TCCOLLS,7.4756,+,teacher,B,contextual_predictor,talis_cross_program
KOR,PISA,2015,TALIS,2013.0,2.0,JOB_SATISFACTION_ENVIRONMENT,TJSENVS,10.7942,+,teacher,B,contextual_predictor,talis_cross_program
KOR,TIMSS,2015,TALIS,2013.0,2.0,JOB_SATISFACTION_ENVIRONMENT,TJSENVS,10.7942,+,teacher,B,contextual_predictor,talis_cross_program
KOR,PISA,2015,TALIS,2013.0,2.0,JOB_SATISFACTION_PROFESSION,TJSPROS,11.0893,+,teacher,B,contextual_predictor,talis_cross_program
KOR,TIMSS,2015,TALIS,2013.0,2.0,JOB_SATISFACTION_PROFESSION,TJSPROS,11.0893,+,teacher,B,contextual_predictor,talis_cross_program
KOR,PISA,2015,TALIS,2013.0,2.0,EFFECTIVE_PD,TEFFPROS,8.0427,+,teacher,B,contextual_predictor,talis_cross_program
KOR,TIMSS,2015,TALIS,2013.0,2.0,EFFECTIVE_PD,TEFFPROS,8.0427,+,teacher,B,contextual_predictor,talis_cross_program
LVA,PISA,2015,TALIS,2013.0,2.0,TEACHER_SELF_EFFICACY_CLS_MGMT,SECLSS,12.514,+,teacher,A,contextual_predictor,talis_cross_program
LVA,TIMSS,2015,TALIS,2013.0,2.0,TEACHER_SELF_EFFICACY_CLS_MGMT,SECLSS,12.514,+,teacher,A,contextual_predictor,talis_cross_program
LVA,PISA,2015,TALIS,2013.0,2.0,TEACHER_SELF_EFFICACY_INSTRUCTION,SEINSS,12.1291,+,teacher,A,contextual_predictor,talis_cross_program
LVA,TIMSS,2015,TALIS,2013.0,2.0,TEACHER_SELF_EFFICACY_INSTRUCTION,SEINSS,12.1291,+,teacher,A,contextual_predictor,talis_cross_program
LVA,PISA,2015,TALIS,2013.0,2.0,TEACHER_SELF_EFFICACY_ENGAGEMENT,SEENGS,11.5688,+,teacher,A,contextual_predictor,talis_cross_program
LVA,TIMSS,2015,TALIS,2013.0,2.0,TEACHER_SELF_EFFICACY_ENGAGEMENT,SEENGS,11.5688,+,teacher,A,contextual_predictor,talis_cross_program
LVA,PISA,2015,TALIS,2013.0,2.0,DISCIPLINARY_CLIMATE,TCDISCS,11.1041,-,classroom,A,contextual_predictor,talis_cross_program
LVA,TIMSS,2015,TALIS,2013.0,2.0,DISCIPLINARY_CLIMATE,TCDISCS,11.1041,-,classroom,A,contextual_predictor,talis_cross_program
LVA,PISA,2015,TALIS,2013.0,2.0,PROF_COLLABORATION,TCCOLLS,8.8682,+,teacher,B,contextual_predictor,talis_cross_program
LVA,TIMSS,2015,TALIS,2013.0,2.0,PROF_COLLABORATION,TCCOLLS,8.8682,+,teacher,B,contextual_predictor,talis_cross_program
LVA,PISA,2015,TALIS,2013.0,2.0,JOB_SATISFACTION_ENVIRONMENT,TJSENVS,11.9239,+,teacher,B,contextual_predictor,talis_cross_program
LVA,TIMSS,2015,TALIS,2013.0,2.0,JOB_SATISFACTION_ENVIRONMENT,TJSENVS,11.9239,+,teacher,B,contextual_predictor,talis_cross_program
LVA,PISA,2015,TALIS,2013.0,2.0,JOB_SATISFACTION_PROFESSION,TJSPROS,11.0051,+,teacher,B,contextual_predictor,talis_cross_program
LVA,TIMSS,2015,TALIS,2013.0,2.0,JOB_SATISFACTION_PROFESSION,TJSPROS,11.0051,+,teacher,B,contextual_predictor,talis_cross_program
LVA,PISA,2015,TALIS,2013.0,2.0,EFFECTIVE_PD,TEFFPROS,9.3997,+,teacher,B,contextual_predictor,talis_cross_program
LVA,TIMSS,2015,TALIS,2013.0,2.0,EFFECTIVE_PD,TEFFPROS,9.3997,+,teacher,B,contextual_predictor,talis_cross_program
MEX,PISA,2015,TALIS,2013.0,2.0,TEACHER_SELF_EFFICACY_CLS_MGMT,SECLSS,12.5241,+,teacher,A,contextual_predictor,talis_cross_program
MEX,TIMSS,2015,TALIS,2013.0,2.0,TEACHER_SELF_EFFICACY_CLS_MGMT,SECLSS,12.5241,+,teacher,A,contextual_predictor,talis_cross_program
MEX,PISA,2015,TALIS,2013.0,2.0,TEACHER_SELF_EFFICACY_INSTRUCTION,SEINSS,12.6918,+,teacher,A,contextual_predictor,talis_cross_program
MEX,TIMSS,2015,TALIS,2013.0,2.0,TEACHER_SELF_EFFICACY_INSTRUCTION,SEINSS,12.6918,+,teacher,A,contextual_predictor,talis_cross_program
MEX,PISA,2015,TALIS,2013.0,2.0,TEACHER_SELF_EFFICACY_ENGAGEMENT,SEENGS,12.6974,+,teacher,A,contextual_predictor,talis_cross_program
MEX,TIMSS,2015,TALIS,2013.0,2.0,TEACHER_SELF_EFFICACY_ENGAGEMENT,SEENGS,12.6974,+,teacher,A,contextual_predictor,talis_cross_program
MEX,PISA,2015,TALIS,2013.0,2.0,DISCIPLINARY_CLIMATE,TCDISCS,11.4875,-,classroom,A,contextual_predictor,talis_cross_program
MEX,TIMSS,2015,TALIS,2013.0,2.0,DISCIPLINARY_CLIMATE,TCDISCS,11.4875,-,classroom,A,contextual_predictor,talis_cross_program
MEX,PISA,2015,TALIS,2013.0,2.0,PROF_COLLABORATION,TCCOLLS,9.9696,+,teacher,B,contextual_predictor,talis_cross_program
MEX,TIMSS,2015,TALIS,2013.0,2.0,PROF_COLLABORATION,TCCOLLS,9.9696,+,teacher,B,contextual_predictor,talis_cross_program
MEX,PISA,2015,TALIS,2013.0,2.0,JOB_SATISFACTION_ENVIRONMENT,TJSENVS,13.1891,+,teacher,B,contextual_predictor,talis_cross_program
MEX,TIMSS,2015,TALIS,2013.0,2.0,JOB_SATISFACTION_ENVIRONMENT,TJSENVS,13.1891,+,teacher,B,contextual_predictor,talis_cross_program
MEX,PISA,2015,TALIS,2013.0,2.0,JOB_SATISFACTION_PROFESSION,TJSPROS,13.4603,+,teacher,B,contextual_predictor,talis_cross_program
MEX,TIMSS,2015,TALIS,2013.0,2.0,JOB_SATISFACTION_PROFESSION,TJSPROS,13.4603,+,teacher,B,contextual_predictor,talis_cross_program
MEX,PISA,2015,TALIS,2013.0,2.0,EFFECTIVE_PD,TEFFPROS,9.304,+,teacher,B,contextual_predictor,talis_cross_program
MEX,TIMSS,2015,TALIS,2013.0,2.0,EFFECTIVE_PD,TEFFPROS,9.304,+,teacher,B,contextual_predictor,talis_cross_program
NLD,PISA,2015,TALIS,2013.0,2.0,TEACHER_SELF_EFFICACY_CLS_MGMT,SECLSS,12.7159,+,teacher,A,contextual_predictor,talis_cross_program
NLD,TIMSS,2015,TALIS,2013.0,2.0,TEACHER_SELF_EFFICACY_CLS_MGMT,SECLSS,12.7159,+,teacher,A,contextual_predictor,talis_cross_program
NLD,PISA,2015,TALIS,2013.0,2.0,TEACHER_SELF_EFFICACY_INSTRUCTION,SEINSS,11.6889,+,teacher,A,contextual_predictor,talis_cross_program
NLD,TIMSS,2015,TALIS,2013.0,2.0,TEACHER_SELF_EFFICACY_INSTRUCTION,SEINSS,11.6889,+,teacher,A,contextual_predictor,talis_cross_program
NLD,PISA,2015,TALIS,2013.0,2.0,TEACHER_SELF_EFFICACY_ENGAGEMENT,SEENGS,11.3198,+,teacher,A,contextual_predictor,talis_cross_program
NLD,TIMSS,2015,TALIS,2013.0,2.0,TEACHER_SELF_EFFICACY_ENGAGEMENT,SEENGS,11.3198,+,teacher,A,contextual_predictor,talis_cross_program
NLD,PISA,2015,TALIS,2013.0,2.0,DISCIPLINARY_CLIMATE,TCDISCS,10.724,-,classroom,A,contextual_predictor,talis_cross_program
NLD,TIMSS,2015,TALIS,2013.0,2.0,DISCIPLINARY_CLIMATE,TCDISCS,10.724,-,classroom,A,contextual_predictor,talis_cross_program
NLD,PISA,2015,TALIS,2013.0,2.0,PROF_COLLABORATION,TCCOLLS,8.5939,+,teacher,B,contextual_predictor,talis_cross_program
NLD,TIMSS,2015,TALIS,2013.0,2.0,PROF_COLLABORATION,TCCOLLS,8.5939,+,teacher,B,contextual_predictor,talis_cross_program
NLD,PISA,2015,TALIS,2013.0,2.0,JOB_SATISFACTION_ENVIRONMENT,TJSENVS,12.1909,+,teacher,B,contextual_predictor,talis_cross_program
NLD,TIMSS,2015,TALIS,2013.0,2.0,JOB_SATISFACTION_ENVIRONMENT,TJSENVS,12.1909,+,teacher,B,contextual_predictor,talis_cross_program
NLD,PISA,2015,TALIS,2013.0,2.0,JOB_SATISFACTION_PROFESSION,TJSPROS,12.25,+,teacher,B,contextual_predictor,talis_cross_program
NLD,TIMSS,2015,TALIS,2013.0,2.0,JOB_SATISFACTION_PROFESSION,TJSPROS,12.25,+,teacher,B,contextual_predictor,talis_cross_program
NLD,PISA,2015,TALIS,2013.0,2.0,EFFECTIVE_PD,TEFFPROS,9.2492,+,teacher,B,contextual_predictor,talis_cross_program
NLD,TIMSS,2015,TALIS,2013.0,2.0,EFFECTIVE_PD,TEFFPROS,9.2492,+,teacher,B,contextual_predictor,talis_cross_program
NOR,PISA,2015,TALIS,2013.0,2.0,TEACHER_SELF_EFFICACY_CLS_MGMT,SECLSS,12.1775,+,teacher,A,contextual_predictor,talis_cross_program
NOR,TIMSS,2015,TALIS,2013.0,2.0,TEACHER_SELF_EFFICACY_CLS_MGMT,SECLSS,12.1775,+,teacher,A,contextual_predictor,talis_cross_program
NOR,PISA,2015,TALIS,2013.0,2.0,TEACHER_SELF_EFFICACY_INSTRUCTION,SEINSS,11.316,+,teacher,A,contextual_predictor,talis_cross_program
NOR,TIMSS,2015,TALIS,2013.0,2.0,TEACHER_SELF_EFFICACY_INSTRUCTION,SEINSS,11.316,+,teacher,A,contextual_predictor,talis_cross_program
NOR,PISA,2015,TALIS,2013.0,2.0,TEACHER_SELF_EFFICACY_ENGAGEMENT,SEENGS,10.4371,+,teacher,A,contextual_predictor,talis_cross_program
NOR,TIMSS,2015,TALIS,2013.0,2.0,TEACHER_SELF_EFFICACY_ENGAGEMENT,SEENGS,10.4371,+,teacher,A,contextual_predictor,talis_cross_program
NOR,PISA,2015,TALIS,2013.0,2.0,DISCIPLINARY_CLIMATE,TCDISCS,11.079,-,classroom,A,contextual_predictor,talis_cross_program
NOR,TIMSS,2015,TALIS,2013.0,2.0,DISCIPLINARY_CLIMATE,TCDISCS,11.079,-,classroom,A,contextual_predictor,talis_cross_program
NOR,PISA,2015,TALIS,2013.0,2.0,PROF_COLLABORATION,TCCOLLS,8.3106,+,teacher,B,contextual_predictor,talis_cross_program
NOR,TIMSS,2015,TALIS,2013.0,2.0,PROF_COLLABORATION,TCCOLLS,8.3106,+,teacher,B,contextual_predictor,talis_cross_program
NOR,PISA,2015,TALIS,2013.0,2.0,JOB_SATISFACTION_ENVIRONMENT,TJSENVS,12.6652,+,teacher,B,contextual_predictor,talis_cross_program
NOR,TIMSS,2015,TALIS,2013.0,2.0,JOB_SATISFACTION_ENVIRONMENT,TJSENVS,12.6652,+,teacher,B,contextual_predictor,talis_cross_program
NOR,PISA,2015,TALIS,2013.0,2.0,JOB_SATISFACTION_PROFESSION,TJSPROS,11.7781,+,teacher,B,contextual_predictor,talis_cross_program
NOR,TIMSS,2015,TALIS,2013.0,2.0,JOB_SATISFACTION_PROFESSION,TJSPROS,11.7781,+,teacher,B,contextual_predictor,talis_cross_program
NOR,PISA,2015,TALIS,2013.0,2.0,EFFECTIVE_PD,TEFFPROS,7.6328,+,teacher,B,contextual_predictor,talis_cross_program
NOR,TIMSS,2015,TALIS,2013.0,2.0,EFFECTIVE_PD,TEFFPROS,7.6328,+,teacher,B,contextual_predictor,talis_cross_program
NZL,PISA,2015,TALIS,2013.0,2.0,TEACHER_SELF_EFFICACY_CLS_MGMT,SECLSS,13.0726,+,teacher,A,contextual_predictor,talis_cross_program
NZL,TIMSS,2015,TALIS,2013.0,2.0,TEACHER_SELF_EFFICACY_CLS_MGMT,SECLSS,13.0726,+,teacher,A,contextual_predictor,talis_cross_program
NZL,PISA,2015,TALIS,2013.0,2.0,TEACHER_SELF_EFFICACY_INSTRUCTION,SEINSS,12.6746,+,teacher,A,contextual_predictor,talis_cross_program
NZL,TIMSS,2015,TALIS,2013.0,2.0,TEACHER_SELF_EFFICACY_INSTRUCTION,SEINSS,12.6746,+,teacher,A,contextual_predictor,talis_cross_program
NZL,PISA,2015,TALIS,2013.0,2.0,TEACHER_SELF_EFFICACY_ENGAGEMENT,SEENGS,12.362,+,teacher,A,contextual_predictor,talis_cross_program
NZL,TIMSS,2015,TALIS,2013.0,2.0,TEACHER_SELF_EFFICACY_ENGAGEMENT,SEENGS,12.362,+,teacher,A,contextual_predictor,talis_cross_program
NZL,PISA,2015,TALIS,2013.0,2.0,DISCIPLINARY_CLIMATE,TCDISCS,11.497,-,classroom,A,contextual_predictor,talis_cross_program
NZL,TIMSS,2015,TALIS,2013.0,2.0,DISCIPLINARY_CLIMATE,TCDISCS,11.497,-,classroom,A,contextual_predictor,talis_cross_program
NZL,PISA,2015,TALIS,2013.0,2.0,PROF_COLLABORATION,TCCOLLS,9.8154,+,teacher,B,contextual_predictor,talis_cross_program
NZL,TIMSS,2015,TALIS,2013.0,2.0,PROF_COLLABORATION,TCCOLLS,9.8154,+,teacher,B,contextual_predictor,talis_cross_program
NZL,PISA,2015,TALIS,2013.0,2.0,JOB_SATISFACTION_ENVIRONMENT,TJSENVS,12.3073,+,teacher,B,contextual_predictor,talis_cross_program
NZL,TIMSS,2015,TALIS,2013.0,2.0,JOB_SATISFACTION_ENVIRONMENT,TJSENVS,12.3073,+,teacher,B,contextual_predictor,talis_cross_program
NZL,PISA,2015,TALIS,2013.0,2.0,JOB_SATISFACTION_PROFESSION,TJSPROS,12.2809,+,teacher,B,contextual_predictor,talis_cross_program
NZL,TIMSS,2015,TALIS,2013.0,2.0,JOB_SATISFACTION_PROFESSION,TJSPROS,12.2809,+,teacher,B,contextual_predictor,talis_cross_program
NZL,PISA,2015,TALIS,2013.0,2.0,EFFECTIVE_PD,TEFFPROS,9.3599,+,teacher,B,contextual_predictor,talis_cross_program
NZL,TIMSS,2015,TALIS,2013.0,2.0,EFFECTIVE_PD,TEFFPROS,9.3599,+,teacher,B,contextual_predictor,talis_cross_program
PRT,PISA,2015,TALIS,2013.0,2.0,TEACHER_SELF_EFFICACY_CLS_MGMT,SECLSS,13.5229,+,teacher,A,contextual_predictor,talis_cross_program
PRT,TIMSS,2015,TALIS,2013.0,2.0,TEACHER_SELF_EFFICACY_CLS_MGMT,SECLSS,13.5229,+,teacher,A,contextual_predictor,talis_cross_program
PRT,PISA,2015,TALIS,2013.0,2.0,TEACHER_SELF_EFFICACY_INSTRUCTION,SEINSS,14.1975,+,teacher,A,contextual_predictor,talis_cross_program
PRT,TIMSS,2015,TALIS,2013.0,2.0,TEACHER_SELF_EFFICACY_INSTRUCTION,SEINSS,14.1975,+,teacher,A,contextual_predictor,talis_cross_program
PRT,PISA,2015,TALIS,2013.0,2.0,TEACHER_SELF_EFFICACY_ENGAGEMENT,SEENGS,13.6115,+,teacher,A,contextual_predictor,talis_cross_program
PRT,TIMSS,2015,TALIS,2013.0,2.0,TEACHER_SELF_EFFICACY_ENGAGEMENT,SEENGS,13.6115,+,teacher,A,contextual_predictor,talis_cross_program
PRT,PISA,2015,TALIS,2013.0,2.0,DISCIPLINARY_CLIMATE,TCDISCS,10.5547,-,classroom,A,contextual_predictor,talis_cross_program
PRT,TIMSS,2015,TALIS,2013.0,2.0,DISCIPLINARY_CLIMATE,TCDISCS,10.5547,-,classroom,A,contextual_predictor,talis_cross_program
PRT,PISA,2015,TALIS,2013.0,2.0,PROF_COLLABORATION,TCCOLLS,7.7856,+,teacher,B,contextual_predictor,talis_cross_program
PRT,TIMSS,2015,TALIS,2013.0,2.0,PROF_COLLABORATION,TCCOLLS,7.7856,+,teacher,B,contextual_predictor,talis_cross_program
PRT,PISA,2015,TALIS,2013.0,2.0,JOB_SATISFACTION_ENVIRONMENT,TJSENVS,12.4532,+,teacher,B,contextual_predictor,talis_cross_program
PRT,TIMSS,2015,TALIS,2013.0,2.0,JOB_SATISFACTION_ENVIRONMENT,TJSENVS,12.4532,+,teacher,B,contextual_predictor,talis_cross_program
PRT,PISA,2015,TALIS,2013.0,2.0,JOB_SATISFACTION_PROFESSION,TJSPROS,11.2521,+,teacher,B,contextual_predictor,talis_cross_program
PRT,TIMSS,2015,TALIS,2013.0,2.0,JOB_SATISFACTION_PROFESSION,TJSPROS,11.2521,+,teacher,B,contextual_predictor,talis_cross_program
PRT,PISA,2015,TALIS,2013.0,2.0,EFFECTIVE_PD,TEFFPROS,9.0479,+,teacher,B,contextual_predictor,talis_cross_program
PRT,TIMSS,2015,TALIS,2013.0,2.0,EFFECTIVE_PD,TEFFPROS,9.0479,+,teacher,B,contextual_predictor,talis_cross_program
RUS,PISA,2015,TALIS,2013.0,2.0,TEACHER_SELF_EFFICACY_CLS_MGMT,SECLSS,13.5213,+,teacher,A,contextual_predictor,talis_cross_program
RUS,TIMSS,2015,TALIS,2013.0,2.0,TEACHER_SELF_EFFICACY_CLS_MGMT,SECLSS,13.5213,+,teacher,A,contextual_predictor,talis_cross_program
RUS,PISA,2015,TALIS,2013.0,2.0,TEACHER_SELF_EFFICACY_INSTRUCTION,SEINSS,13.6045,+,teacher,A,contextual_predictor,talis_cross_program
RUS,TIMSS,2015,TALIS,2013.0,2.0,TEACHER_SELF_EFFICACY_INSTRUCTION,SEINSS,13.6045,+,teacher,A,contextual_predictor,talis_cross_program
RUS,PISA,2015,TALIS,2013.0,2.0,TEACHER_SELF_EFFICACY_ENGAGEMENT,SEENGS,12.6974,+,teacher,A,contextual_predictor,talis_cross_program
RUS,TIMSS,2015,TALIS,2013.0,2.0,TEACHER_SELF_EFFICACY_ENGAGEMENT,SEENGS,12.6974,+,teacher,A,contextual_predictor,talis_cross_program
RUS,PISA,2015,TALIS,2013.0,2.0,DISCIPLINARY_CLIMATE,TCDISCS,11.8336,-,classroom,A,contextual_predictor,talis_cross_program
RUS,TIMSS,2015,TALIS,2013.0,2.0,DISCIPLINARY_CLIMATE,TCDISCS,11.8336,-,classroom,A,contextual_predictor,talis_cross_program
RUS,PISA,2015,TALIS,2013.0,2.0,PROF_COLLABORATION,TCCOLLS,9.1175,+,teacher,B,contextual_predictor,talis_cross_program
RUS,TIMSS,2015,TALIS,2013.0,2.0,PROF_COLLABORATION,TCCOLLS,9.1175,+,teacher,B,contextual_predictor,talis_cross_program
RUS,PISA,2015,TALIS,2013.0,2.0,JOB_SATISFACTION_ENVIRONMENT,TJSENVS,12.0241,+,teacher,B,contextual_predictor,talis_cross_program
RUS,TIMSS,2015,TALIS,2013.0,2.0,JOB_SATISFACTION_ENVIRONMENT,TJSENVS,12.0241,+,teacher,B,contextual_predictor,talis_cross_program
RUS,PISA,2015,TALIS,2013.0,2.0,JOB_SATISFACTION_PROFESSION,TJSPROS,11.7239,+,teacher,B,contextual_predictor,talis_cross_program
RUS,TIMSS,2015,TALIS,2013.0,2.0,JOB_SATISFACTION_PROFESSION,TJSPROS,11.7239,+,teacher,B,contextual_predictor,talis_cross_program
RUS,PISA,2015,TALIS,2013.0,2.0,EFFECTIVE_PD,TEFFPROS,9.3378,+,teacher,B,contextual_predictor,talis_cross_program
RUS,TIMSS,2015,TALIS,2013.0,2.0,EFFECTIVE_PD,TEFFPROS,9.3378,+,teacher,B,contextual_predictor,talis_cross_program
SGP,PISA,2015,TALIS,2013.0,2.0,TEACHER_SELF_EFFICACY_CLS_MGMT,SECLSS,12.2948,+,teacher,A,contextual_predictor,talis_cross_program
SGP,TIMSS,2015,TALIS,2013.0,2.0,TEACHER_SELF_EFFICACY_CLS_MGMT,SECLSS,12.2948,+,teacher,A,contextual_predictor,talis_cross_program
SGP,PISA,2015,TALIS,2013.0,2.0,TEACHER_SELF_EFFICACY_INSTRUCTION,SEINSS,11.8615,+,teacher,A,contextual_predictor,talis_cross_program
SGP,TIMSS,2015,TALIS,2013.0,2.0,TEACHER_SELF_EFFICACY_INSTRUCTION,SEINSS,11.8615,+,teacher,A,contextual_predictor,talis_cross_program
SGP,PISA,2015,TALIS,2013.0,2.0,TEACHER_SELF_EFFICACY_ENGAGEMENT,SEENGS,12.0046,+,teacher,A,contextual_predictor,talis_cross_program
SGP,TIMSS,2015,TALIS,2013.0,2.0,TEACHER_SELF_EFFICACY_ENGAGEMENT,SEENGS,12.0046,+,teacher,A,contextual_predictor,talis_cross_program
SGP,PISA,2015,TALIS,2013.0,2.0,DISCIPLINARY_CLIMATE,TCDISCS,10.4757,-,classroom,A,contextual_predictor,talis_cross_program
SGP,TIMSS,2015,TALIS,2013.0,2.0,DISCIPLINARY_CLIMATE,TCDISCS,10.4757,-,classroom,A,contextual_predictor,talis_cross_program
SGP,PISA,2015,TALIS,2013.0,2.0,PROF_COLLABORATION,TCCOLLS,9.8056,+,teacher,B,contextual_predictor,talis_cross_program
SGP,TIMSS,2015,TALIS,2013.0,2.0,PROF_COLLABORATION,TCCOLLS,9.8056,+,teacher,B,contextual_predictor,talis_cross_program
SGP,PISA,2015,TALIS,2013.0,2.0,JOB_SATISFACTION_ENVIRONMENT,TJSENVS,11.1393,+,teacher,B,contextual_predictor,talis_cross_program
SGP,TIMSS,2015,TALIS,2013.0,2.0,JOB_SATISFACTION_ENVIRONMENT,TJSENVS,11.1393,+,teacher,B,contextual_predictor,talis_cross_program
SGP,PISA,2015,TALIS,2013.0,2.0,JOB_SATISFACTION_PROFESSION,TJSPROS,11.4666,+,teacher,B,contextual_predictor,talis_cross_program
SGP,TIMSS,2015,TALIS,2013.0,2.0,JOB_SATISFACTION_PROFESSION,TJSPROS,11.4666,+,teacher,B,contextual_predictor,talis_cross_program
SGP,PISA,2015,TALIS,2013.0,2.0,EFFECTIVE_PD,TEFFPROS,9.1502,+,teacher,B,contextual_predictor,talis_cross_program
SGP,TIMSS,2015,TALIS,2013.0,2.0,EFFECTIVE_PD,TEFFPROS,9.1502,+,teacher,B,contextual_predictor,talis_cross_program
SRB,PISA,2015,TALIS,2013.0,2.0,TEACHER_SELF_EFFICACY_CLS_MGMT,SECLSS,12.7692,+,teacher,A,contextual_predictor,talis_cross_program
SRB,TIMSS,2015,TALIS,2013.0,2.0,TEACHER_SELF_EFFICACY_CLS_MGMT,SECLSS,12.7692,+,teacher,A,contextual_predictor,talis_cross_program
SRB,PISA,2015,TALIS,2013.0,2.0,TEACHER_SELF_EFFICACY_INSTRUCTION,SEINSS,12.3865,+,teacher,A,contextual_predictor,talis_cross_program
SRB,TIMSS,2015,TALIS,2013.0,2.0,TEACHER_SELF_EFFICACY_INSTRUCTION,SEINSS,12.3865,+,teacher,A,contextual_predictor,talis_cross_program
SRB,PISA,2015,TALIS,2013.0,2.0,TEACHER_SELF_EFFICACY_ENGAGEMENT,SEENGS,11.5177,+,teacher,A,contextual_predictor,talis_cross_program
SRB,TIMSS,2015,TALIS,2013.0,2.0,TEACHER_SELF_EFFICACY_ENGAGEMENT,SEENGS,11.5177,+,teacher,A,contextual_predictor,talis_cross_program
SRB,PISA,2015,TALIS,2013.0,2.0,DISCIPLINARY_CLIMATE,TCDISCS,11.6843,-,classroom,A,contextual_predictor,talis_cross_program
SRB,TIMSS,2015,TALIS,2013.0,2.0,DISCIPLINARY_CLIMATE,TCDISCS,11.6843,-,classroom,A,contextual_predictor,talis_cross_program
SRB,PISA,2015,TALIS,2013.0,2.0,PROF_COLLABORATION,TCCOLLS,8.8837,+,teacher,B,contextual_predictor,talis_cross_program
SRB,TIMSS,2015,TALIS,2013.0,2.0,PROF_COLLABORATION,TCCOLLS,8.8837,+,teacher,B,contextual_predictor,talis_cross_program
SRB,PISA,2015,TALIS,2013.0,2.0,JOB_SATISFACTION_ENVIRONMENT,TJSENVS,11.9858,+,teacher,B,contextual_predictor,talis_cross_program
SRB,TIMSS,2015,TALIS,2013.0,2.0,JOB_SATISFACTION_ENVIRONMENT,TJSENVS,11.9858,+,teacher,B,contextual_predictor,talis_cross_program
SRB,PISA,2015,TALIS,2013.0,2.0,JOB_SATISFACTION_PROFESSION,TJSPROS,12.1284,+,teacher,B,contextual_predictor,talis_cross_program
SRB,TIMSS,2015,TALIS,2013.0,2.0,JOB_SATISFACTION_PROFESSION,TJSPROS,12.1284,+,teacher,B,contextual_predictor,talis_cross_program
SRB,PISA,2015,TALIS,2013.0,2.0,EFFECTIVE_PD,TEFFPROS,8.4775,+,teacher,B,contextual_predictor,talis_cross_program
SRB,TIMSS,2015,TALIS,2013.0,2.0,EFFECTIVE_PD,TEFFPROS,8.4775,+,teacher,B,contextual_predictor,talis_cross_program
SVK,PISA,2015,TALIS,2013.0,2.0,TEACHER_SELF_EFFICACY_CLS_MGMT,SECLSS,13.1822,+,teacher,A,contextual_predictor,talis_cross_program
SVK,TIMSS,2015,TALIS,2013.0,2.0,TEACHER_SELF_EFFICACY_CLS_MGMT,SECLSS,13.1822,+,teacher,A,contextual_predictor,talis_cross_program
SVK,PISA,2015,TALIS,2013.0,2.0,TEACHER_SELF_EFFICACY_INSTRUCTION,SEINSS,12.5852,+,teacher,A,contextual_predictor,talis_cross_program
SVK,TIMSS,2015,TALIS,2013.0,2.0,TEACHER_SELF_EFFICACY_INSTRUCTION,SEINSS,12.5852,+,teacher,A,contextual_predictor,talis_cross_program
SVK,PISA,2015,TALIS,2013.0,2.0,TEACHER_SELF_EFFICACY_ENGAGEMENT,SEENGS,12.4494,+,teacher,A,contextual_predictor,talis_cross_program
SVK,TIMSS,2015,TALIS,2013.0,2.0,TEACHER_SELF_EFFICACY_ENGAGEMENT,SEENGS,12.4494,+,teacher,A,contextual_predictor,talis_cross_program
SVK,PISA,2015,TALIS,2013.0,2.0,DISCIPLINARY_CLIMATE,TCDISCS,10.715,-,classroom,A,contextual_predictor,talis_cross_program
SVK,TIMSS,2015,TALIS,2013.0,2.0,DISCIPLINARY_CLIMATE,TCDISCS,10.715,-,classroom,A,contextual_predictor,talis_cross_program
SVK,PISA,2015,TALIS,2013.0,2.0,PROF_COLLABORATION,TCCOLLS,9.4437,+,teacher,B,contextual_predictor,talis_cross_program
SVK,TIMSS,2015,TALIS,2013.0,2.0,PROF_COLLABORATION,TCCOLLS,9.4437,+,teacher,B,contextual_predictor,talis_cross_program
SVK,PISA,2015,TALIS,2013.0,2.0,JOB_SATISFACTION_ENVIRONMENT,TJSENVS,11.6365,+,teacher,B,contextual_predictor,talis_cross_program
SVK,TIMSS,2015,TALIS,2013.0,2.0,JOB_SATISFACTION_ENVIRONMENT,TJSENVS,11.6365,+,teacher,B,contextual_predictor,talis_cross_program
SVK,PISA,2015,TALIS,2013.0,2.0,JOB_SATISFACTION_PROFESSION,TJSPROS,10.8109,+,teacher,B,contextual_predictor,talis_cross_program
SVK,TIMSS,2015,TALIS,2013.0,2.0,JOB_SATISFACTION_PROFESSION,TJSPROS,10.8109,+,teacher,B,contextual_predictor,talis_cross_program
SVK,PISA,2015,TALIS,2013.0,2.0,EFFECTIVE_PD,TEFFPROS,8.1371,+,teacher,B,contextual_predictor,talis_cross_program
SVK,TIMSS,2015,TALIS,2013.0,2.0,EFFECTIVE_PD,TEFFPROS,8.1371,+,teacher,B,contextual_predictor,talis_cross_program
SWE,PISA,2015,TALIS,2013.0,2.0,TEACHER_SELF_EFFICACY_CLS_MGMT,SECLSS,12.5574,+,teacher,A,contextual_predictor,talis_cross_program
SWE,TIMSS,2015,TALIS,2013.0,2.0,TEACHER_SELF_EFFICACY_CLS_MGMT,SECLSS,12.5574,+,teacher,A,contextual_predictor,talis_cross_program
SWE,PISA,2015,TALIS,2013.0,2.0,TEACHER_SELF_EFFICACY_INSTRUCTION,SEINSS,12.3454,+,teacher,A,contextual_predictor,talis_cross_program
SWE,TIMSS,2015,TALIS,2013.0,2.0,TEACHER_SELF_EFFICACY_INSTRUCTION,SEINSS,12.3454,+,teacher,A,contextual_predictor,talis_cross_program
SWE,PISA,2015,TALIS,2013.0,2.0,TEACHER_SELF_EFFICACY_ENGAGEMENT,SEENGS,11.7098,+,teacher,A,contextual_predictor,talis_cross_program
SWE,TIMSS,2015,TALIS,2013.0,2.0,TEACHER_SELF_EFFICACY_ENGAGEMENT,SEENGS,11.7098,+,teacher,A,contextual_predictor,talis_cross_program
SWE,PISA,2015,TALIS,2013.0,2.0,DISCIPLINARY_CLIMATE,TCDISCS,11.0654,-,classroom,A,contextual_predictor,talis_cross_program
SWE,TIMSS,2015,TALIS,2013.0,2.0,DISCIPLINARY_CLIMATE,TCDISCS,11.0654,-,classroom,A,contextual_predictor,talis_cross_program
SWE,PISA,2015,TALIS,2013.0,2.0,PROF_COLLABORATION,TCCOLLS,9.0327,+,teacher,B,contextual_predictor,talis_cross_program
SWE,TIMSS,2015,TALIS,2013.0,2.0,PROF_COLLABORATION,TCCOLLS,9.0327,+,teacher,B,contextual_predictor,talis_cross_program
SWE,PISA,2015,TALIS,2013.0,2.0,JOB_SATISFACTION_ENVIRONMENT,TJSENVS,12.1395,+,teacher,B,contextual_predictor,talis_cross_program
SWE,TIMSS,2015,TALIS,2013.0,2.0,JOB_SATISFACTION_ENVIRONMENT,TJSENVS,12.1395,+,teacher,B,contextual_predictor,talis_cross_program
SWE,PISA,2015,TALIS,2013.0,2.0,JOB_SATISFACTION_PROFESSION,TJSPROS,10.7058,+,teacher,B,contextual_predictor,talis_cross_program
SWE,TIMSS,2015,TALIS,2013.0,2.0,JOB_SATISFACTION_PROFESSION,TJSPROS,10.7058,+,teacher,B,contextual_predictor,talis_cross_program
SWE,PISA,2015,TALIS,2013.0,2.0,EFFECTIVE_PD,TEFFPROS,8.382,+,teacher,B,contextual_predictor,talis_cross_program
SWE,TIMSS,2015,TALIS,2013.0,2.0,EFFECTIVE_PD,TEFFPROS,8.382,+,teacher,B,contextual_predictor,talis_cross_program
USA,PISA,2015,TALIS,2013.0,2.0,TEACHER_SELF_EFFICACY_CLS_MGMT,SECLSS,12.9736,+,teacher,A,contextual_predictor,talis_cross_program
USA,TIMSS,2015,TALIS,2013.0,2.0,TEACHER_SELF_EFFICACY_CLS_MGMT,SECLSS,12.9736,+,teacher,A,contextual_predictor,talis_cross_program
USA,PISA,2015,TALIS,2013.0,2.0,TEACHER_SELF_EFFICACY_INSTRUCTION,SEINSS,12.871,+,teacher,A,contextual_predictor,talis_cross_program
USA,TIMSS,2015,TALIS,2013.0,2.0,TEACHER_SELF_EFFICACY_INSTRUCTION,SEINSS,12.871,+,teacher,A,contextual_predictor,talis_cross_program
USA,PISA,2015,TALIS,2013.0,2.0,TEACHER_SELF_EFFICACY_ENGAGEMENT,SEENGS,11.9236,+,teacher,A,contextual_predictor,talis_cross_program
USA,TIMSS,2015,TALIS,2013.0,2.0,TEACHER_SELF_EFFICACY_ENGAGEMENT,SEENGS,11.9236,+,teacher,A,contextual_predictor,talis_cross_program
USA,PISA,2015,TALIS,2013.0,2.0,DISCIPLINARY_CLIMATE,TCDISCS,11.1951,-,classroom,A,contextual_predictor,talis_cross_program
USA,TIMSS,2015,TALIS,2013.0,2.0,DISCIPLINARY_CLIMATE,TCDISCS,11.1951,-,classroom,A,contextual_predictor,talis_cross_program
USA,PISA,2015,TALIS,2013.0,2.0,PROF_COLLABORATION,TCCOLLS,8.0913,+,teacher,B,contextual_predictor,talis_cross_program
USA,TIMSS,2015,TALIS,2013.0,2.0,PROF_COLLABORATION,TCCOLLS,8.0913,+,teacher,B,contextual_predictor,talis_cross_program
USA,PISA,2015,TALIS,2013.0,2.0,JOB_SATISFACTION_ENVIRONMENT,TJSENVS,12.3708,+,teacher,B,contextual_predictor,talis_cross_program
USA,TIMSS,2015,TALIS,2013.0,2.0,JOB_SATISFACTION_ENVIRONMENT,TJSENVS,12.3708,+,teacher,B,contextual_predictor,talis_cross_program
USA,PISA,2015,TALIS,2013.0,2.0,JOB_SATISFACTION_PROFESSION,TJSPROS,12.3338,+,teacher,B,contextual_predictor,talis_cross_program
USA,TIMSS,2015,TALIS,2013.0,2.0,JOB_SATISFACTION_PROFESSION,TJSPROS,12.3338,+,teacher,B,contextual_predictor,talis_cross_program
USA,PISA,2015,TALIS,2013.0,2.0,EFFECTIVE_PD,TEFFPROS,9.8179,+,teacher,B,contextual_predictor,talis_cross_program
USA,TIMSS,2015,TALIS,2013.0,2.0,EFFECTIVE_PD,TEFFPROS,9.8179,+,teacher,B,contextual_predictor,talis_cross_program
ARE,PISA,2022,TALIS,2018.0,4.0,TEACHER_SELF_EFFICACY_CLS_MGMT,T3SECLS,12.6382,+,teacher,A,contextual_predictor,talis_cross_program
ARE,TIMSS,2019,TALIS,2018.0,1.0,TEACHER_SELF_EFFICACY_CLS_MGMT,T3SECLS,12.6382,+,teacher,A,contextual_predictor,talis_cross_program
ARE,PISA,2022,TALIS,2018.0,4.0,TEACHER_SELF_EFFICACY_INSTRUCTION,T3SEINS,12.596,+,teacher,A,contextual_predictor,talis_cross_program
ARE,TIMSS,2019,TALIS,2018.0,1.0,TEACHER_SELF_EFFICACY_INSTRUCTION,T3SEINS,12.596,+,teacher,A,contextual_predictor,talis_cross_program
ARE,PISA,2022,TALIS,2018.0,4.0,TEACHER_SELF_EFFICACY_ENGAGEMENT,T3SEENG,11.923,+,teacher,A,contextual_predictor,talis_cross_program
ARE,TIMSS,2019,TALIS,2018.0,1.0,TEACHER_SELF_EFFICACY_ENGAGEMENT,T3SEENG,11.923,+,teacher,A,contextual_predictor,talis_cross_program
ARE,PISA,2022,TALIS,2018.0,4.0,DISCIPLINARY_CLIMATE,T3DISC,8.7688,+,classroom,A,contextual_predictor,talis_cross_program
ARE,TIMSS,2019,TALIS,2018.0,1.0,DISCIPLINARY_CLIMATE,T3DISC,8.7688,+,classroom,A,contextual_predictor,talis_cross_program
ARE,PISA,2022,TALIS,2018.0,4.0,PROF_COLLABORATION,T3COLES,9.1274,+,teacher,B,contextual_predictor,talis_cross_program
ARE,TIMSS,2019,TALIS,2018.0,1.0,PROF_COLLABORATION,T3COLES,9.1274,+,teacher,B,contextual_predictor,talis_cross_program
ARE,PISA,2022,TALIS,2018.0,4.0,JOB_SATISFACTION_ENVIRONMENT,T3JSENV,11.9882,+,teacher,B,contextual_predictor,talis_cross_program
ARE,TIMSS,2019,TALIS,2018.0,1.0,JOB_SATISFACTION_ENVIRONMENT,T3JSENV,11.9882,+,teacher,B,contextual_predictor,talis_cross_program
ARE,PISA,2022,TALIS,2018.0,4.0,JOB_SATISFACTION_PROFESSION,T3JSPRO,11.4571,+,teacher,B,contextual_predictor,talis_cross_program
ARE,TIMSS,2019,TALIS,2018.0,1.0,JOB_SATISFACTION_PROFESSION,T3JSPRO,11.4571,+,teacher,B,contextual_predictor,talis_cross_program
ARE,PISA,2022,TALIS,2018.0,4.0,EFFECTIVE_PD,T3EFFPD,11.3961,+,teacher,B,contextual_predictor,talis_cross_program
ARE,TIMSS,2019,TALIS,2018.0,1.0,EFFECTIVE_PD,T3EFFPD,11.3961,+,teacher,B,contextual_predictor,talis_cross_program
AUS,PISA,2022,TALIS,2018.0,4.0,TEACHER_SELF_EFFICACY_CLS_MGMT,T3SECLS,12.6385,+,teacher,A,contextual_predictor,talis_cross_program
AUS,TIMSS,2019,TALIS,2018.0,1.0,TEACHER_SELF_EFFICACY_CLS_MGMT,T3SECLS,12.6385,+,teacher,A,contextual_predictor,talis_cross_program
AUS,PISA,2022,TALIS,2018.0,4.0,TEACHER_SELF_EFFICACY_INSTRUCTION,T3SEINS,12.5955,+,teacher,A,contextual_predictor,talis_cross_program
AUS,TIMSS,2019,TALIS,2018.0,1.0,TEACHER_SELF_EFFICACY_INSTRUCTION,T3SEINS,12.5955,+,teacher,A,contextual_predictor,talis_cross_program
AUS,PISA,2022,TALIS,2018.0,4.0,TEACHER_SELF_EFFICACY_ENGAGEMENT,T3SEENG,11.9235,+,teacher,A,contextual_predictor,talis_cross_program
AUS,TIMSS,2019,TALIS,2018.0,1.0,TEACHER_SELF_EFFICACY_ENGAGEMENT,T3SEENG,11.9235,+,teacher,A,contextual_predictor,talis_cross_program
AUS,PISA,2022,TALIS,2018.0,4.0,DISCIPLINARY_CLIMATE,T3DISC,8.769,+,classroom,A,contextual_predictor,talis_cross_program
AUS,TIMSS,2019,TALIS,2018.0,1.0,DISCIPLINARY_CLIMATE,T3DISC,8.769,+,classroom,A,contextual_predictor,talis_cross_program
AUS,PISA,2022,TALIS,2018.0,4.0,PROF_COLLABORATION,T3COLES,9.1284,+,teacher,B,contextual_predictor,talis_cross_program
AUS,TIMSS,2019,TALIS,2018.0,1.0,PROF_COLLABORATION,T3COLES,9.1284,+,teacher,B,contextual_predictor,talis_cross_program
AUS,PISA,2022,TALIS,2018.0,4.0,JOB_SATISFACTION_ENVIRONMENT,T3JSENV,11.9884,+,teacher,B,contextual_predictor,talis_cross_program
AUS,TIMSS,2019,TALIS,2018.0,1.0,JOB_SATISFACTION_ENVIRONMENT,T3JSENV,11.9884,+,teacher,B,contextual_predictor,talis_cross_program
AUS,PISA,2022,TALIS,2018.0,4.0,JOB_SATISFACTION_PROFESSION,T3JSPRO,11.4569,+,teacher,B,contextual_predictor,talis_cross_program
AUS,TIMSS,2019,TALIS,2018.0,1.0,JOB_SATISFACTION_PROFESSION,T3JSPRO,11.4569,+,teacher,B,contextual_predictor,talis_cross_program
AUS,PISA,2022,TALIS,2018.0,4.0,EFFECTIVE_PD,T3EFFPD,12.2655,+,teacher,B,contextual_predictor,talis_cross_program
AUS,TIMSS,2019,TALIS,2018.0,1.0,EFFECTIVE_PD,T3EFFPD,12.2655,+,teacher,B,contextual_predictor,talis_cross_program
AUT,PISA,2022,TALIS,2018.0,4.0,TEACHER_SELF_EFFICACY_CLS_MGMT,T3SECLS,12.6394,+,teacher,A,contextual_predictor,talis_cross_program
AUT,TIMSS,2019,TALIS,2018.0,1.0,TEACHER_SELF_EFFICACY_CLS_MGMT,T3SECLS,12.6394,+,teacher,A,contextual_predictor,talis_cross_program
AUT,PISA,2022,TALIS,2018.0,4.0,TEACHER_SELF_EFFICACY_INSTRUCTION,T3SEINS,12.5952,+,teacher,A,contextual_predictor,talis_cross_program
AUT,TIMSS,2019,TALIS,2018.0,1.0,TEACHER_SELF_EFFICACY_INSTRUCTION,T3SEINS,12.5952,+,teacher,A,contextual_predictor,talis_cross_program
AUT,PISA,2022,TALIS,2018.0,4.0,TEACHER_SELF_EFFICACY_ENGAGEMENT,T3SEENG,11.9242,+,teacher,A,contextual_predictor,talis_cross_program
AUT,TIMSS,2019,TALIS,2018.0,1.0,TEACHER_SELF_EFFICACY_ENGAGEMENT,T3SEENG,11.9242,+,teacher,A,contextual_predictor,talis_cross_program
AUT,PISA,2022,TALIS,2018.0,4.0,DISCIPLINARY_CLIMATE,T3DISC,8.7693,+,classroom,A,contextual_predictor,talis_cross_program
AUT,TIMSS,2019,TALIS,2018.0,1.0,DISCIPLINARY_CLIMATE,T3DISC,8.7693,+,classroom,A,contextual_predictor,talis_cross_program
AUT,PISA,2022,TALIS,2018.0,4.0,PROF_COLLABORATION,T3COLES,9.1283,+,teacher,B,contextual_predictor,talis_cross_program
AUT,TIMSS,2019,TALIS,2018.0,1.0,PROF_COLLABORATION,T3COLES,9.1283,+,teacher,B,contextual_predictor,talis_cross_program
AUT,PISA,2022,TALIS,2018.0,4.0,JOB_SATISFACTION_ENVIRONMENT,T3JSENV,11.989,+,teacher,B,contextual_predictor,talis_cross_program
AUT,TIMSS,2019,TALIS,2018.0,1.0,JOB_SATISFACTION_ENVIRONMENT,T3JSENV,11.989,+,teacher,B,contextual_predictor,talis_cross_program
AUT,PISA,2022,TALIS,2018.0,4.0,JOB_SATISFACTION_PROFESSION,T3JSPRO,11.4571,+,teacher,B,contextual_predictor,talis_cross_program
AUT,TIMSS,2019,TALIS,2018.0,1.0,JOB_SATISFACTION_PROFESSION,T3JSPRO,11.4571,+,teacher,B,contextual_predictor,talis_cross_program
AUT,PISA,2022,TALIS,2018.0,4.0,EFFECTIVE_PD,T3EFFPD,12.2129,+,teacher,B,contextual_predictor,talis_cross_program
AUT,TIMSS,2019,TALIS,2018.0,1.0,EFFECTIVE_PD,T3EFFPD,12.2129,+,teacher,B,contextual_predictor,talis_cross_program
BEL,PISA,2022,TALIS,2018.0,4.0,TEACHER_SELF_EFFICACY_CLS_MGMT,T3SECLS,12.6381,+,teacher,A,contextual_predictor,talis_cross_program
BEL,TIMSS,2019,TALIS,2018.0,1.0,TEACHER_SELF_EFFICACY_CLS_MGMT,T3SECLS,12.6381,+,teacher,A,contextual_predictor,talis_cross_program
BEL,PISA,2022,TALIS,2018.0,4.0,TEACHER_SELF_EFFICACY_INSTRUCTION,T3SEINS,12.5954,+,teacher,A,contextual_predictor,talis_cross_program
BEL,TIMSS,2019,TALIS,2018.0,1.0,TEACHER_SELF_EFFICACY_INSTRUCTION,T3SEINS,12.5954,+,teacher,A,contextual_predictor,talis_cross_program
BEL,PISA,2022,TALIS,2018.0,4.0,TEACHER_SELF_EFFICACY_ENGAGEMENT,T3SEENG,11.9233,+,teacher,A,contextual_predictor,talis_cross_program
BEL,TIMSS,2019,TALIS,2018.0,1.0,TEACHER_SELF_EFFICACY_ENGAGEMENT,T3SEENG,11.9233,+,teacher,A,contextual_predictor,talis_cross_program
BEL,PISA,2022,TALIS,2018.0,4.0,DISCIPLINARY_CLIMATE,T3DISC,8.7689,+,classroom,A,contextual_predictor,talis_cross_program
BEL,TIMSS,2019,TALIS,2018.0,1.0,DISCIPLINARY_CLIMATE,T3DISC,8.7689,+,classroom,A,contextual_predictor,talis_cross_program
BEL,PISA,2022,TALIS,2018.0,4.0,PROF_COLLABORATION,T3COLES,9.1284,+,teacher,B,contextual_predictor,talis_cross_program
BEL,TIMSS,2019,TALIS,2018.0,1.0,PROF_COLLABORATION,T3COLES,9.1284,+,teacher,B,contextual_predictor,talis_cross_program
BEL,PISA,2022,TALIS,2018.0,4.0,JOB_SATISFACTION_ENVIRONMENT,T3JSENV,11.9887,+,teacher,B,contextual_predictor,talis_cross_program
BEL,TIMSS,2019,TALIS,2018.0,1.0,JOB_SATISFACTION_ENVIRONMENT,T3JSENV,11.9887,+,teacher,B,contextual_predictor,talis_cross_program
BEL,PISA,2022,TALIS,2018.0,4.0,JOB_SATISFACTION_PROFESSION,T3JSPRO,11.4569,+,teacher,B,contextual_predictor,talis_cross_program
BEL,TIMSS,2019,TALIS,2018.0,1.0,JOB_SATISFACTION_PROFESSION,T3JSPRO,11.4569,+,teacher,B,contextual_predictor,talis_cross_program
BEL,PISA,2022,TALIS,2018.0,4.0,EFFECTIVE_PD,T3EFFPD,12.2789,+,teacher,B,contextual_predictor,talis_cross_program
BEL,TIMSS,2019,TALIS,2018.0,1.0,EFFECTIVE_PD,T3EFFPD,12.2789,+,teacher,B,contextual_predictor,talis_cross_program
BGR,PISA,2022,TALIS,2018.0,4.0,TEACHER_SELF_EFFICACY_CLS_MGMT,T3SECLS,12.6373,+,teacher,A,contextual_predictor,talis_cross_program
BGR,TIMSS,2019,TALIS,2018.0,1.0,TEACHER_SELF_EFFICACY_CLS_MGMT,T3SECLS,12.6373,+,teacher,A,contextual_predictor,talis_cross_program
BGR,PISA,2022,TALIS,2018.0,4.0,TEACHER_SELF_EFFICACY_INSTRUCTION,T3SEINS,12.5939,+,teacher,A,contextual_predictor,talis_cross_program
BGR,TIMSS,2019,TALIS,2018.0,1.0,TEACHER_SELF_EFFICACY_INSTRUCTION,T3SEINS,12.5939,+,teacher,A,contextual_predictor,talis_cross_program
BGR,PISA,2022,TALIS,2018.0,4.0,TEACHER_SELF_EFFICACY_ENGAGEMENT,T3SEENG,11.9215,+,teacher,A,contextual_predictor,talis_cross_program
BGR,TIMSS,2019,TALIS,2018.0,1.0,TEACHER_SELF_EFFICACY_ENGAGEMENT,T3SEENG,11.9215,+,teacher,A,contextual_predictor,talis_cross_program
BGR,PISA,2022,TALIS,2018.0,4.0,DISCIPLINARY_CLIMATE,T3DISC,8.7704,+,classroom,A,contextual_predictor,talis_cross_program
BGR,TIMSS,2019,TALIS,2018.0,1.0,DISCIPLINARY_CLIMATE,T3DISC,8.7704,+,classroom,A,contextual_predictor,talis_cross_program
BGR,PISA,2022,TALIS,2018.0,4.0,PROF_COLLABORATION,T3COLES,9.1298,+,teacher,B,contextual_predictor,talis_cross_program
BGR,TIMSS,2019,TALIS,2018.0,1.0,PROF_COLLABORATION,T3COLES,9.1298,+,teacher,B,contextual_predictor,talis_cross_program
BGR,PISA,2022,TALIS,2018.0,4.0,JOB_SATISFACTION_ENVIRONMENT,T3JSENV,11.9874,+,teacher,B,contextual_predictor,talis_cross_program
BGR,TIMSS,2019,TALIS,2018.0,1.0,JOB_SATISFACTION_ENVIRONMENT,T3JSENV,11.9874,+,teacher,B,contextual_predictor,talis_cross_program
BGR,PISA,2022,TALIS,2018.0,4.0,JOB_SATISFACTION_PROFESSION,T3JSPRO,11.4547,+,teacher,B,contextual_predictor,talis_cross_program
BGR,TIMSS,2019,TALIS,2018.0,1.0,JOB_SATISFACTION_PROFESSION,T3JSPRO,11.4547,+,teacher,B,contextual_predictor,talis_cross_program
BGR,PISA,2022,TALIS,2018.0,4.0,EFFECTIVE_PD,T3EFFPD,12.2859,+,teacher,B,contextual_predictor,talis_cross_program
BGR,TIMSS,2019,TALIS,2018.0,1.0,EFFECTIVE_PD,T3EFFPD,12.2859,+,teacher,B,contextual_predictor,talis_cross_program
BRA,PISA,2022,TALIS,2018.0,4.0,TEACHER_SELF_EFFICACY_CLS_MGMT,T3SECLS,12.6411,+,teacher,A,contextual_predictor,talis_cross_program
BRA,TIMSS,2019,TALIS,2018.0,1.0,TEACHER_SELF_EFFICACY_CLS_MGMT,T3SECLS,12.6411,+,teacher,A,contextual_predictor,talis_cross_program
BRA,PISA,2022,TALIS,2018.0,4.0,TEACHER_SELF_EFFICACY_INSTRUCTION,T3SEINS,12.5972,+,teacher,A,contextual_predictor,talis_cross_program
BRA,TIMSS,2019,TALIS,2018.0,1.0,TEACHER_SELF_EFFICACY_INSTRUCTION,T3SEINS,12.5972,+,teacher,A,contextual_predictor,talis_cross_program
BRA,PISA,2022,TALIS,2018.0,4.0,TEACHER_SELF_EFFICACY_ENGAGEMENT,T3SEENG,11.9249,+,teacher,A,contextual_predictor,talis_cross_program
BRA,TIMSS,2019,TALIS,2018.0,1.0,TEACHER_SELF_EFFICACY_ENGAGEMENT,T3SEENG,11.9249,+,teacher,A,contextual_predictor,talis_cross_program
BRA,PISA,2022,TALIS,2018.0,4.0,DISCIPLINARY_CLIMATE,T3DISC,8.7685,+,classroom,A,contextual_predictor,talis_cross_program
BRA,TIMSS,2019,TALIS,2018.0,1.0,DISCIPLINARY_CLIMATE,T3DISC,8.7685,+,classroom,A,contextual_predictor,talis_cross_program
BRA,PISA,2022,TALIS,2018.0,4.0,PROF_COLLABORATION,T3COLES,9.1241,+,teacher,B,contextual_predictor,talis_cross_program
BRA,TIMSS,2019,TALIS,2018.0,1.0,PROF_COLLABORATION,T3COLES,9.1241,+,teacher,B,contextual_predictor,talis_cross_program
BRA,PISA,2022,TALIS,2018.0,4.0,JOB_SATISFACTION_ENVIRONMENT,T3JSENV,11.9902,+,teacher,B,contextual_predictor,talis_cross_program
BRA,TIMSS,2019,TALIS,2018.0,1.0,JOB_SATISFACTION_ENVIRONMENT,T3JSENV,11.9902,+,teacher,B,contextual_predictor,talis_cross_program
BRA,PISA,2022,TALIS,2018.0,4.0,JOB_SATISFACTION_PROFESSION,T3JSPRO,11.4577,+,teacher,B,contextual_predictor,talis_cross_program
BRA,TIMSS,2019,TALIS,2018.0,1.0,JOB_SATISFACTION_PROFESSION,T3JSPRO,11.4577,+,teacher,B,contextual_predictor,talis_cross_program
BRA,PISA,2022,TALIS,2018.0,4.0,EFFECTIVE_PD,T3EFFPD,13.0083,+,teacher,B,contextual_predictor,talis_cross_program
BRA,TIMSS,2019,TALIS,2018.0,1.0,EFFECTIVE_PD,T3EFFPD,13.0083,+,teacher,B,contextual_predictor,talis_cross_program
COL,PISA,2022,TALIS,2018.0,4.0,TEACHER_SELF_EFFICACY_CLS_MGMT,T3SECLS,12.6381,+,teacher,A,contextual_predictor,talis_cross_program
COL,TIMSS,2019,TALIS,2018.0,1.0,TEACHER_SELF_EFFICACY_CLS_MGMT,T3SECLS,12.6381,+,teacher,A,contextual_predictor,talis_cross_program
COL,PISA,2022,TALIS,2018.0,4.0,TEACHER_SELF_EFFICACY_INSTRUCTION,T3SEINS,12.5952,+,teacher,A,contextual_predictor,talis_cross_program
COL,TIMSS,2019,TALIS,2018.0,1.0,TEACHER_SELF_EFFICACY_INSTRUCTION,T3SEINS,12.5952,+,teacher,A,contextual_predictor,talis_cross_program
COL,PISA,2022,TALIS,2018.0,4.0,TEACHER_SELF_EFFICACY_ENGAGEMENT,T3SEENG,11.9233,+,teacher,A,contextual_predictor,talis_cross_program
COL,TIMSS,2019,TALIS,2018.0,1.0,TEACHER_SELF_EFFICACY_ENGAGEMENT,T3SEENG,11.9233,+,teacher,A,contextual_predictor,talis_cross_program
COL,PISA,2022,TALIS,2018.0,4.0,DISCIPLINARY_CLIMATE,T3DISC,8.7702,+,classroom,A,contextual_predictor,talis_cross_program
COL,TIMSS,2019,TALIS,2018.0,1.0,DISCIPLINARY_CLIMATE,T3DISC,8.7702,+,classroom,A,contextual_predictor,talis_cross_program
COL,PISA,2022,TALIS,2018.0,4.0,PROF_COLLABORATION,T3COLES,9.1256,+,teacher,B,contextual_predictor,talis_cross_program
COL,TIMSS,2019,TALIS,2018.0,1.0,PROF_COLLABORATION,T3COLES,9.1256,+,teacher,B,contextual_predictor,talis_cross_program
COL,PISA,2022,TALIS,2018.0,4.0,JOB_SATISFACTION_ENVIRONMENT,T3JSENV,11.9888,+,teacher,B,contextual_predictor,talis_cross_program
COL,TIMSS,2019,TALIS,2018.0,1.0,JOB_SATISFACTION_ENVIRONMENT,T3JSENV,11.9888,+,teacher,B,contextual_predictor,talis_cross_program
COL,PISA,2022,TALIS,2018.0,4.0,JOB_SATISFACTION_PROFESSION,T3JSPRO,11.4572,+,teacher,B,contextual_predictor,talis_cross_program
COL,TIMSS,2019,TALIS,2018.0,1.0,JOB_SATISFACTION_PROFESSION,T3JSPRO,11.4572,+,teacher,B,contextual_predictor,talis_cross_program
COL,PISA,2022,TALIS,2018.0,4.0,EFFECTIVE_PD,T3EFFPD,12.0465,+,teacher,B,contextual_predictor,talis_cross_program
COL,TIMSS,2019,TALIS,2018.0,1.0,EFFECTIVE_PD,T3EFFPD,12.0465,+,teacher,B,contextual_predictor,talis_cross_program
CYP,PISA,2022,TALIS,2018.0,4.0,TEACHER_SELF_EFFICACY_CLS_MGMT,T3SECLS,12.6393,+,teacher,A,contextual_predictor,talis_cross_program
CYP,TIMSS,2019,TALIS,2018.0,1.0,TEACHER_SELF_EFFICACY_CLS_MGMT,T3SECLS,12.6393,+,teacher,A,contextual_predictor,talis_cross_program
CYP,PISA,2022,TALIS,2018.0,4.0,TEACHER_SELF_EFFICACY_INSTRUCTION,T3SEINS,12.596,+,teacher,A,contextual_predictor,talis_cross_program
CYP,TIMSS,2019,TALIS,2018.0,1.0,TEACHER_SELF_EFFICACY_INSTRUCTION,T3SEINS,12.596,+,teacher,A,contextual_predictor,talis_cross_program
CYP,PISA,2022,TALIS,2018.0,4.0,TEACHER_SELF_EFFICACY_ENGAGEMENT,T3SEENG,11.9237,+,teacher,A,contextual_predictor,talis_cross_program
CYP,TIMSS,2019,TALIS,2018.0,1.0,TEACHER_SELF_EFFICACY_ENGAGEMENT,T3SEENG,11.9237,+,teacher,A,contextual_predictor,talis_cross_program
CYP,PISA,2022,TALIS,2018.0,4.0,DISCIPLINARY_CLIMATE,T3DISC,8.7692,+,classroom,A,contextual_predictor,talis_cross_program
CYP,TIMSS,2019,TALIS,2018.0,1.0,DISCIPLINARY_CLIMATE,T3DISC,8.7692,+,classroom,A,contextual_predictor,talis_cross_program
CYP,PISA,2022,TALIS,2018.0,4.0,PROF_COLLABORATION,T3COLES,9.1257,+,teacher,B,contextual_predictor,talis_cross_program
CYP,TIMSS,2019,TALIS,2018.0,1.0,PROF_COLLABORATION,T3COLES,9.1257,+,teacher,B,contextual_predictor,talis_cross_program
CYP,PISA,2022,TALIS,2018.0,4.0,JOB_SATISFACTION_ENVIRONMENT,T3JSENV,11.9889,+,teacher,B,contextual_predictor,talis_cross_program
CYP,TIMSS,2019,TALIS,2018.0,1.0,JOB_SATISFACTION_ENVIRONMENT,T3JSENV,11.9889,+,teacher,B,contextual_predictor,talis_cross_program
CYP,PISA,2022,TALIS,2018.0,4.0,JOB_SATISFACTION_PROFESSION,T3JSPRO,11.457,+,teacher,B,contextual_predictor,talis_cross_program
CYP,TIMSS,2019,TALIS,2018.0,1.0,JOB_SATISFACTION_PROFESSION,T3JSPRO,11.457,+,teacher,B,contextual_predictor,talis_cross_program
CYP,PISA,2022,TALIS,2018.0,4.0,EFFECTIVE_PD,T3EFFPD,12.2152,+,teacher,B,contextual_predictor,talis_cross_program
CYP,TIMSS,2019,TALIS,2018.0,1.0,EFFECTIVE_PD,T3EFFPD,12.2152,+,teacher,B,contextual_predictor,talis_cross_program
DNK,PISA,2022,TALIS,2018.0,4.0,TEACHER_SELF_EFFICACY_CLS_MGMT,T3SECLS,12.638,+,teacher,A,contextual_predictor,talis_cross_program
DNK,TIMSS,2019,TALIS,2018.0,1.0,TEACHER_SELF_EFFICACY_CLS_MGMT,T3SECLS,12.638,+,teacher,A,contextual_predictor,talis_cross_program
DNK,PISA,2022,TALIS,2018.0,4.0,TEACHER_SELF_EFFICACY_INSTRUCTION,T3SEINS,12.5951,+,teacher,A,contextual_predictor,talis_cross_program
DNK,TIMSS,2019,TALIS,2018.0,1.0,TEACHER_SELF_EFFICACY_INSTRUCTION,T3SEINS,12.5951,+,teacher,A,contextual_predictor,talis_cross_program
DNK,PISA,2022,TALIS,2018.0,4.0,TEACHER_SELF_EFFICACY_ENGAGEMENT,T3SEENG,11.9223,+,teacher,A,contextual_predictor,talis_cross_program
DNK,TIMSS,2019,TALIS,2018.0,1.0,TEACHER_SELF_EFFICACY_ENGAGEMENT,T3SEENG,11.9223,+,teacher,A,contextual_predictor,talis_cross_program
DNK,PISA,2022,TALIS,2018.0,4.0,DISCIPLINARY_CLIMATE,T3DISC,8.7676,+,classroom,A,contextual_predictor,talis_cross_program
DNK,TIMSS,2019,TALIS,2018.0,1.0,DISCIPLINARY_CLIMATE,T3DISC,8.7676,+,classroom,A,contextual_predictor,talis_cross_program
DNK,PISA,2022,TALIS,2018.0,4.0,PROF_COLLABORATION,T3COLES,9.1286,+,teacher,B,contextual_predictor,talis_cross_program
DNK,TIMSS,2019,TALIS,2018.0,1.0,PROF_COLLABORATION,T3COLES,9.1286,+,teacher,B,contextual_predictor,talis_cross_program
DNK,PISA,2022,TALIS,2018.0,4.0,JOB_SATISFACTION_ENVIRONMENT,T3JSENV,11.9878,+,teacher,B,contextual_predictor,talis_cross_program
DNK,TIMSS,2019,TALIS,2018.0,1.0,JOB_SATISFACTION_ENVIRONMENT,T3JSENV,11.9878,+,teacher,B,contextual_predictor,talis_cross_program
DNK,PISA,2022,TALIS,2018.0,4.0,JOB_SATISFACTION_PROFESSION,T3JSPRO,11.4555,+,teacher,B,contextual_predictor,talis_cross_program
DNK,TIMSS,2019,TALIS,2018.0,1.0,JOB_SATISFACTION_PROFESSION,T3JSPRO,11.4555,+,teacher,B,contextual_predictor,talis_cross_program
DNK,PISA,2022,TALIS,2018.0,4.0,EFFECTIVE_PD,T3EFFPD,10.4206,+,teacher,B,contextual_predictor,talis_cross_program
DNK,TIMSS,2019,TALIS,2018.0,1.0,EFFECTIVE_PD,T3EFFPD,10.4206,+,teacher,B,contextual_predictor,talis_cross_program
ESP,PISA,2022,TALIS,2018.0,4.0,TEACHER_SELF_EFFICACY_CLS_MGMT,T3SECLS,12.6385,+,teacher,A,contextual_predictor,talis_cross_program
ESP,TIMSS,2019,TALIS,2018.0,1.0,TEACHER_SELF_EFFICACY_CLS_MGMT,T3SECLS,12.6385,+,teacher,A,contextual_predictor,talis_cross_program
ESP,PISA,2022,TALIS,2018.0,4.0,TEACHER_SELF_EFFICACY_INSTRUCTION,T3SEINS,12.5952,+,teacher,A,contextual_predictor,talis_cross_program
ESP,TIMSS,2019,TALIS,2018.0,1.0,TEACHER_SELF_EFFICACY_INSTRUCTION,T3SEINS,12.5952,+,teacher,A,contextual_predictor,talis_cross_program
ESP,PISA,2022,TALIS,2018.0,4.0,TEACHER_SELF_EFFICACY_ENGAGEMENT,T3SEENG,11.9233,+,teacher,A,contextual_predictor,talis_cross_program
ESP,TIMSS,2019,TALIS,2018.0,1.0,TEACHER_SELF_EFFICACY_ENGAGEMENT,T3SEENG,11.9233,+,teacher,A,contextual_predictor,talis_cross_program
ESP,PISA,2022,TALIS,2018.0,4.0,DISCIPLINARY_CLIMATE,T3DISC,8.7691,+,classroom,A,contextual_predictor,talis_cross_program
ESP,TIMSS,2019,TALIS,2018.0,1.0,DISCIPLINARY_CLIMATE,T3DISC,8.7691,+,classroom,A,contextual_predictor,talis_cross_program
ESP,PISA,2022,TALIS,2018.0,4.0,PROF_COLLABORATION,T3COLES,9.1287,+,teacher,B,contextual_predictor,talis_cross_program
ESP,TIMSS,2019,TALIS,2018.0,1.0,PROF_COLLABORATION,T3COLES,9.1287,+,teacher,B,contextual_predictor,talis_cross_program
ESP,PISA,2022,TALIS,2018.0,4.0,JOB_SATISFACTION_ENVIRONMENT,T3JSENV,11.9889,+,teacher,B,contextual_predictor,talis_cross_program
ESP,TIMSS,2019,TALIS,2018.0,1.0,JOB_SATISFACTION_ENVIRONMENT,T3JSENV,11.9889,+,teacher,B,contextual_predictor,talis_cross_program
ESP,PISA,2022,TALIS,2018.0,4.0,JOB_SATISFACTION_PROFESSION,T3JSPRO,11.4575,+,teacher,B,contextual_predictor,talis_cross_program
ESP,TIMSS,2019,TALIS,2018.0,1.0,JOB_SATISFACTION_PROFESSION,T3JSPRO,11.4575,+,teacher,B,contextual_predictor,talis_cross_program
ESP,PISA,2022,TALIS,2018.0,4.0,EFFECTIVE_PD,T3EFFPD,14.9596,+,teacher,B,contextual_predictor,talis_cross_program
ESP,TIMSS,2019,TALIS,2018.0,1.0,EFFECTIVE_PD,T3EFFPD,14.9596,+,teacher,B,contextual_predictor,talis_cross_program
FIN,PISA,2022,TALIS,2018.0,4.0,TEACHER_SELF_EFFICACY_CLS_MGMT,T3SECLS,12.6384,+,teacher,A,contextual_predictor,talis_cross_program
FIN,TIMSS,2019,TALIS,2018.0,1.0,TEACHER_SELF_EFFICACY_CLS_MGMT,T3SECLS,12.6384,+,teacher,A,contextual_predictor,talis_cross_program
FIN,PISA,2022,TALIS,2018.0,4.0,TEACHER_SELF_EFFICACY_INSTRUCTION,T3SEINS,12.5952,+,teacher,A,contextual_predictor,talis_cross_program
FIN,TIMSS,2019,TALIS,2018.0,1.0,TEACHER_SELF_EFFICACY_INSTRUCTION,T3SEINS,12.5952,+,teacher,A,contextual_predictor,talis_cross_program
FIN,PISA,2022,TALIS,2018.0,4.0,TEACHER_SELF_EFFICACY_ENGAGEMENT,T3SEENG,11.9235,+,teacher,A,contextual_predictor,talis_cross_program
FIN,TIMSS,2019,TALIS,2018.0,1.0,TEACHER_SELF_EFFICACY_ENGAGEMENT,T3SEENG,11.9235,+,teacher,A,contextual_predictor,talis_cross_program
FIN,PISA,2022,TALIS,2018.0,4.0,DISCIPLINARY_CLIMATE,T3DISC,8.769,+,classroom,A,contextual_predictor,talis_cross_program
FIN,TIMSS,2019,TALIS,2018.0,1.0,DISCIPLINARY_CLIMATE,T3DISC,8.769,+,classroom,A,contextual_predictor,talis_cross_program
FIN,PISA,2022,TALIS,2018.0,4.0,PROF_COLLABORATION,T3COLES,9.1285,+,teacher,B,contextual_predictor,talis_cross_program
FIN,TIMSS,2019,TALIS,2018.0,1.0,PROF_COLLABORATION,T3COLES,9.1285,+,teacher,B,contextual_predictor,talis_cross_program
FIN,PISA,2022,TALIS,2018.0,4.0,JOB_SATISFACTION_ENVIRONMENT,T3JSENV,11.9883,+,teacher,B,contextual_predictor,talis_cross_program
FIN,TIMSS,2019,TALIS,2018.0,1.0,JOB_SATISFACTION_ENVIRONMENT,T3JSENV,11.9883,+,teacher,B,contextual_predictor,talis_cross_program
FIN,PISA,2022,TALIS,2018.0,4.0,JOB_SATISFACTION_PROFESSION,T3JSPRO,11.4568,+,teacher,B,contextual_predictor,talis_cross_program
FIN,TIMSS,2019,TALIS,2018.0,1.0,JOB_SATISFACTION_PROFESSION,T3JSPRO,11.4568,+,teacher,B,contextual_predictor,talis_cross_program
FIN,PISA,2022,TALIS,2018.0,4.0,EFFECTIVE_PD,T3EFFPD,12.2428,+,teacher,B,contextual_predictor,talis_cross_program
FIN,TIMSS,2019,TALIS,2018.0,1.0,EFFECTIVE_PD,T3EFFPD,12.2428,+,teacher,B,contextual_predictor,talis_cross_program
FRA,PISA,2022,TALIS,2018.0,4.0,TEACHER_SELF_EFFICACY_CLS_MGMT,T3SECLS,12.6383,+,teacher,A,contextual_predictor,talis_cross_program
FRA,TIMSS,2019,TALIS,2018.0,1.0,TEACHER_SELF_EFFICACY_CLS_MGMT,T3SECLS,12.6383,+,teacher,A,contextual_predictor,talis_cross_program
FRA,PISA,2022,TALIS,2018.0,4.0,TEACHER_SELF_EFFICACY_INSTRUCTION,T3SEINS,12.5955,+,teacher,A,contextual_predictor,talis_cross_program
FRA,TIMSS,2019,TALIS,2018.0,1.0,TEACHER_SELF_EFFICACY_INSTRUCTION,T3SEINS,12.5955,+,teacher,A,contextual_predictor,talis_cross_program
FRA,PISA,2022,TALIS,2018.0,4.0,TEACHER_SELF_EFFICACY_ENGAGEMENT,T3SEENG,11.9235,+,teacher,A,contextual_predictor,talis_cross_program
FRA,TIMSS,2019,TALIS,2018.0,1.0,TEACHER_SELF_EFFICACY_ENGAGEMENT,T3SEENG,11.9235,+,teacher,A,contextual_predictor,talis_cross_program
FRA,PISA,2022,TALIS,2018.0,4.0,DISCIPLINARY_CLIMATE,T3DISC,8.7691,+,classroom,A,contextual_predictor,talis_cross_program
FRA,TIMSS,2019,TALIS,2018.0,1.0,DISCIPLINARY_CLIMATE,T3DISC,8.7691,+,classroom,A,contextual_predictor,talis_cross_program
FRA,PISA,2022,TALIS,2018.0,4.0,JOB_SATISFACTION_ENVIRONMENT,T3JSENV,11.989,+,teacher,B,contextual_predictor,talis_cross_program
FRA,TIMSS,2019,TALIS,2018.0,1.0,JOB_SATISFACTION_ENVIRONMENT,T3JSENV,11.989,+,teacher,B,contextual_predictor,talis_cross_program
FRA,PISA,2022,TALIS,2018.0,4.0,JOB_SATISFACTION_PROFESSION,T3JSPRO,11.4566,+,teacher,B,contextual_predictor,talis_cross_program
FRA,TIMSS,2019,TALIS,2018.0,1.0,JOB_SATISFACTION_PROFESSION,T3JSPRO,11.4566,+,teacher,B,contextual_predictor,talis_cross_program
FRA,PISA,2022,TALIS,2018.0,4.0,EFFECTIVE_PD,T3EFFPD,14.0241,+,teacher,B,contextual_predictor,talis_cross_program
FRA,TIMSS,2019,TALIS,2018.0,1.0,EFFECTIVE_PD,T3EFFPD,14.0241,+,teacher,B,contextual_predictor,talis_cross_program
GEO,PISA,2022,TALIS,2018.0,4.0,TEACHER_SELF_EFFICACY_CLS_MGMT,T3SECLS,12.6369,+,teacher,A,contextual_predictor,talis_cross_program
GEO,TIMSS,2019,TALIS,2018.0,1.0,TEACHER_SELF_EFFICACY_CLS_MGMT,T3SECLS,12.6369,+,teacher,A,contextual_predictor,talis_cross_program
GEO,PISA,2022,TALIS,2018.0,4.0,TEACHER_SELF_EFFICACY_INSTRUCTION,T3SEINS,12.5954,+,teacher,A,contextual_predictor,talis_cross_program
GEO,TIMSS,2019,TALIS,2018.0,1.0,TEACHER_SELF_EFFICACY_INSTRUCTION,T3SEINS,12.5954,+,teacher,A,contextual_predictor,talis_cross_program
GEO,PISA,2022,TALIS,2018.0,4.0,TEACHER_SELF_EFFICACY_ENGAGEMENT,T3SEENG,11.9214,+,teacher,A,contextual_predictor,talis_cross_program
GEO,TIMSS,2019,TALIS,2018.0,1.0,TEACHER_SELF_EFFICACY_ENGAGEMENT,T3SEENG,11.9214,+,teacher,A,contextual_predictor,talis_cross_program
GEO,PISA,2022,TALIS,2018.0,4.0,DISCIPLINARY_CLIMATE,T3DISC,8.7705,+,classroom,A,contextual_predictor,talis_cross_program
GEO,TIMSS,2019,TALIS,2018.0,1.0,DISCIPLINARY_CLIMATE,T3DISC,8.7705,+,classroom,A,contextual_predictor,talis_cross_program
GEO,PISA,2022,TALIS,2018.0,4.0,PROF_COLLABORATION,T3COLES,9.1269,+,teacher,B,contextual_predictor,talis_cross_program
GEO,TIMSS,2019,TALIS,2018.0,1.0,PROF_COLLABORATION,T3COLES,9.1269,+,teacher,B,contextual_predictor,talis_cross_program
GEO,PISA,2022,TALIS,2018.0,4.0,JOB_SATISFACTION_ENVIRONMENT,T3JSENV,11.9866,+,teacher,B,contextual_predictor,talis_cross_program
GEO,TIMSS,2019,TALIS,2018.0,1.0,JOB_SATISFACTION_ENVIRONMENT,T3JSENV,11.9866,+,teacher,B,contextual_predictor,talis_cross_program
GEO,PISA,2022,TALIS,2018.0,4.0,JOB_SATISFACTION_PROFESSION,T3JSPRO,11.4538,+,teacher,B,contextual_predictor,talis_cross_program
GEO,TIMSS,2019,TALIS,2018.0,1.0,JOB_SATISFACTION_PROFESSION,T3JSPRO,11.4538,+,teacher,B,contextual_predictor,talis_cross_program
GEO,PISA,2022,TALIS,2018.0,4.0,EFFECTIVE_PD,T3EFFPD,12.0047,+,teacher,B,contextual_predictor,talis_cross_program
GEO,TIMSS,2019,TALIS,2018.0,1.0,EFFECTIVE_PD,T3EFFPD,12.0047,+,teacher,B,contextual_predictor,talis_cross_program
HUN,PISA,2022,TALIS,2018.0,4.0,TEACHER_SELF_EFFICACY_CLS_MGMT,T3SECLS,12.6385,+,teacher,A,contextual_predictor,talis_cross_program
HUN,TIMSS,2019,TALIS,2018.0,1.0,TEACHER_SELF_EFFICACY_CLS_MGMT,T3SECLS,12.6385,+,teacher,A,contextual_predictor,talis_cross_program
HUN,PISA,2022,TALIS,2018.0,4.0,TEACHER_SELF_EFFICACY_INSTRUCTION,T3SEINS,12.5959,+,teacher,A,contextual_predictor,talis_cross_program
HUN,TIMSS,2019,TALIS,2018.0,1.0,TEACHER_SELF_EFFICACY_INSTRUCTION,T3SEINS,12.5959,+,teacher,A,contextual_predictor,talis_cross_program
HUN,PISA,2022,TALIS,2018.0,4.0,TEACHER_SELF_EFFICACY_ENGAGEMENT,T3SEENG,11.9233,+,teacher,A,contextual_predictor,talis_cross_program
HUN,TIMSS,2019,TALIS,2018.0,1.0,TEACHER_SELF_EFFICACY_ENGAGEMENT,T3SEENG,11.9233,+,teacher,A,contextual_predictor,talis_cross_program
HUN,PISA,2022,TALIS,2018.0,4.0,DISCIPLINARY_CLIMATE,T3DISC,8.7689,+,classroom,A,contextual_predictor,talis_cross_program
HUN,TIMSS,2019,TALIS,2018.0,1.0,DISCIPLINARY_CLIMATE,T3DISC,8.7689,+,classroom,A,contextual_predictor,talis_cross_program
HUN,PISA,2022,TALIS,2018.0,4.0,PROF_COLLABORATION,T3COLES,9.129,+,teacher,B,contextual_predictor,talis_cross_program
HUN,TIMSS,2019,TALIS,2018.0,1.0,PROF_COLLABORATION,T3COLES,9.129,+,teacher,B,contextual_predictor,talis_cross_program
HUN,PISA,2022,TALIS,2018.0,4.0,JOB_SATISFACTION_ENVIRONMENT,T3JSENV,11.9897,+,teacher,B,contextual_predictor,talis_cross_program
HUN,TIMSS,2019,TALIS,2018.0,1.0,JOB_SATISFACTION_ENVIRONMENT,T3JSENV,11.9897,+,teacher,B,contextual_predictor,talis_cross_program
HUN,PISA,2022,TALIS,2018.0,4.0,JOB_SATISFACTION_PROFESSION,T3JSPRO,11.4578,+,teacher,B,contextual_predictor,talis_cross_program
HUN,TIMSS,2019,TALIS,2018.0,1.0,JOB_SATISFACTION_PROFESSION,T3JSPRO,11.4578,+,teacher,B,contextual_predictor,talis_cross_program
ISR,PISA,2022,TALIS,2018.0,4.0,TEACHER_SELF_EFFICACY_CLS_MGMT,T3SECLS,12.6387,+,teacher,A,contextual_predictor,talis_cross_program
ISR,TIMSS,2019,TALIS,2018.0,1.0,TEACHER_SELF_EFFICACY_CLS_MGMT,T3SECLS,12.6387,+,teacher,A,contextual_predictor,talis_cross_program
ISR,PISA,2022,TALIS,2018.0,4.0,TEACHER_SELF_EFFICACY_INSTRUCTION,T3SEINS,12.5953,+,teacher,A,contextual_predictor,talis_cross_program
ISR,TIMSS,2019,TALIS,2018.0,1.0,TEACHER_SELF_EFFICACY_INSTRUCTION,T3SEINS,12.5953,+,teacher,A,contextual_predictor,talis_cross_program
ISR,PISA,2022,TALIS,2018.0,4.0,TEACHER_SELF_EFFICACY_ENGAGEMENT,T3SEENG,11.9231,+,teacher,A,contextual_predictor,talis_cross_program
ISR,TIMSS,2019,TALIS,2018.0,1.0,TEACHER_SELF_EFFICACY_ENGAGEMENT,T3SEENG,11.9231,+,teacher,A,contextual_predictor,talis_cross_program
ISR,PISA,2022,TALIS,2018.0,4.0,DISCIPLINARY_CLIMATE,T3DISC,8.7691,+,classroom,A,contextual_predictor,talis_cross_program
ISR,TIMSS,2019,TALIS,2018.0,1.0,DISCIPLINARY_CLIMATE,T3DISC,8.7691,+,classroom,A,contextual_predictor,talis_cross_program
ISR,PISA,2022,TALIS,2018.0,4.0,PROF_COLLABORATION,T3COLES,9.1285,+,teacher,B,contextual_predictor,talis_cross_program
ISR,TIMSS,2019,TALIS,2018.0,1.0,PROF_COLLABORATION,T3COLES,9.1285,+,teacher,B,contextual_predictor,talis_cross_program
ISR,PISA,2022,TALIS,2018.0,4.0,JOB_SATISFACTION_ENVIRONMENT,T3JSENV,11.9887,+,teacher,B,contextual_predictor,talis_cross_program
ISR,TIMSS,2019,TALIS,2018.0,1.0,JOB_SATISFACTION_ENVIRONMENT,T3JSENV,11.9887,+,teacher,B,contextual_predictor,talis_cross_program
ISR,PISA,2022,TALIS,2018.0,4.0,JOB_SATISFACTION_PROFESSION,T3JSPRO,11.457,+,teacher,B,contextual_predictor,talis_cross_program
ISR,TIMSS,2019,TALIS,2018.0,1.0,JOB_SATISFACTION_PROFESSION,T3JSPRO,11.457,+,teacher,B,contextual_predictor,talis_cross_program
ISR,PISA,2022,TALIS,2018.0,4.0,EFFECTIVE_PD,T3EFFPD,12.2089,+,teacher,B,contextual_predictor,talis_cross_program
ISR,TIMSS,2019,TALIS,2018.0,1.0,EFFECTIVE_PD,T3EFFPD,12.2089,+,teacher,B,contextual_predictor,talis_cross_program
ITA,PISA,2022,TALIS,2018.0,4.0,TEACHER_SELF_EFFICACY_CLS_MGMT,T3SECLS,12.6384,+,teacher,A,contextual_predictor,talis_cross_program
ITA,TIMSS,2019,TALIS,2018.0,1.0,TEACHER_SELF_EFFICACY_CLS_MGMT,T3SECLS,12.6384,+,teacher,A,contextual_predictor,talis_cross_program
ITA,PISA,2022,TALIS,2018.0,4.0,TEACHER_SELF_EFFICACY_INSTRUCTION,T3SEINS,12.5955,+,teacher,A,contextual_predictor,talis_cross_program
ITA,TIMSS,2019,TALIS,2018.0,1.0,TEACHER_SELF_EFFICACY_INSTRUCTION,T3SEINS,12.5955,+,teacher,A,contextual_predictor,talis_cross_program
ITA,PISA,2022,TALIS,2018.0,4.0,TEACHER_SELF_EFFICACY_ENGAGEMENT,T3SEENG,11.9235,+,teacher,A,contextual_predictor,talis_cross_program
ITA,TIMSS,2019,TALIS,2018.0,1.0,TEACHER_SELF_EFFICACY_ENGAGEMENT,T3SEENG,11.9235,+,teacher,A,contextual_predictor,talis_cross_program
ITA,PISA,2022,TALIS,2018.0,4.0,DISCIPLINARY_CLIMATE,T3DISC,8.7691,+,classroom,A,contextual_predictor,talis_cross_program
ITA,TIMSS,2019,TALIS,2018.0,1.0,DISCIPLINARY_CLIMATE,T3DISC,8.7691,+,classroom,A,contextual_predictor,talis_cross_program
ITA,PISA,2022,TALIS,2018.0,4.0,PROF_COLLABORATION,T3COLES,9.1284,+,teacher,B,contextual_predictor,talis_cross_program
ITA,TIMSS,2019,TALIS,2018.0,1.0,PROF_COLLABORATION,T3COLES,9.1284,+,teacher,B,contextual_predictor,talis_cross_program
ITA,PISA,2022,TALIS,2018.0,4.0,JOB_SATISFACTION_ENVIRONMENT,T3JSENV,11.9888,+,teacher,B,contextual_predictor,talis_cross_program
ITA,TIMSS,2019,TALIS,2018.0,1.0,JOB_SATISFACTION_ENVIRONMENT,T3JSENV,11.9888,+,teacher,B,contextual_predictor,talis_cross_program
ITA,PISA,2022,TALIS,2018.0,4.0,JOB_SATISFACTION_PROFESSION,T3JSPRO,11.457,+,teacher,B,contextual_predictor,talis_cross_program
ITA,TIMSS,2019,TALIS,2018.0,1.0,JOB_SATISFACTION_PROFESSION,T3JSPRO,11.457,+,teacher,B,contextual_predictor,talis_cross_program
ITA,PISA,2022,TALIS,2018.0,4.0,EFFECTIVE_PD,T3EFFPD,12.233,+,teacher,B,contextual_predictor,talis_cross_program
ITA,TIMSS,2019,TALIS,2018.0,1.0,EFFECTIVE_PD,T3EFFPD,12.233,+,teacher,B,contextual_predictor,talis_cross_program
KOR,PISA,2022,TALIS,2018.0,4.0,TEACHER_SELF_EFFICACY_CLS_MGMT,T3SECLS,12.6404,+,teacher,A,contextual_predictor,talis_cross_program
KOR,TIMSS,2019,TALIS,2018.0,1.0,TEACHER_SELF_EFFICACY_CLS_MGMT,T3SECLS,12.6404,+,teacher,A,contextual_predictor,talis_cross_program
KOR,PISA,2022,TALIS,2018.0,4.0,TEACHER_SELF_EFFICACY_INSTRUCTION,T3SEINS,12.5982,+,teacher,A,contextual_predictor,talis_cross_program
KOR,TIMSS,2019,TALIS,2018.0,1.0,TEACHER_SELF_EFFICACY_INSTRUCTION,T3SEINS,12.5982,+,teacher,A,contextual_predictor,talis_cross_program
KOR,PISA,2022,TALIS,2018.0,4.0,TEACHER_SELF_EFFICACY_ENGAGEMENT,T3SEENG,11.9246,+,teacher,A,contextual_predictor,talis_cross_program
KOR,TIMSS,2019,TALIS,2018.0,1.0,TEACHER_SELF_EFFICACY_ENGAGEMENT,T3SEENG,11.9246,+,teacher,A,contextual_predictor,talis_cross_program
KOR,PISA,2022,TALIS,2018.0,4.0,DISCIPLINARY_CLIMATE,T3DISC,8.767,+,classroom,A,contextual_predictor,talis_cross_program
KOR,TIMSS,2019,TALIS,2018.0,1.0,DISCIPLINARY_CLIMATE,T3DISC,8.767,+,classroom,A,contextual_predictor,talis_cross_program
KOR,PISA,2022,TALIS,2018.0,4.0,PROF_COLLABORATION,T3COLES,9.1291,+,teacher,B,contextual_predictor,talis_cross_program
KOR,TIMSS,2019,TALIS,2018.0,1.0,PROF_COLLABORATION,T3COLES,9.1291,+,teacher,B,contextual_predictor,talis_cross_program
KOR,PISA,2022,TALIS,2018.0,4.0,JOB_SATISFACTION_ENVIRONMENT,T3JSENV,11.9878,+,teacher,B,contextual_predictor,talis_cross_program
KOR,TIMSS,2019,TALIS,2018.0,1.0,JOB_SATISFACTION_ENVIRONMENT,T3JSENV,11.9878,+,teacher,B,contextual_predictor,talis_cross_program
KOR,PISA,2022,TALIS,2018.0,4.0,JOB_SATISFACTION_PROFESSION,T3JSPRO,11.4545,+,teacher,B,contextual_predictor,talis_cross_program
KOR,TIMSS,2019,TALIS,2018.0,1.0,JOB_SATISFACTION_PROFESSION,T3JSPRO,11.4545,+,teacher,B,contextual_predictor,talis_cross_program
KOR,PISA,2022,TALIS,2018.0,4.0,EFFECTIVE_PD,T3EFFPD,11.9715,+,teacher,B,contextual_predictor,talis_cross_program
KOR,TIMSS,2019,TALIS,2018.0,1.0,EFFECTIVE_PD,T3EFFPD,11.9715,+,teacher,B,contextual_predictor,talis_cross_program
LTU,PISA,2022,TALIS,2018.0,4.0,TEACHER_SELF_EFFICACY_CLS_MGMT,T3SECLS,12.6363,+,teacher,A,contextual_predictor,talis_cross_program
LTU,TIMSS,2019,TALIS,2018.0,1.0,TEACHER_SELF_EFFICACY_CLS_MGMT,T3SECLS,12.6363,+,teacher,A,contextual_predictor,talis_cross_program
LTU,PISA,2022,TALIS,2018.0,4.0,TEACHER_SELF_EFFICACY_INSTRUCTION,T3SEINS,12.5941,+,teacher,A,contextual_predictor,talis_cross_program
LTU,TIMSS,2019,TALIS,2018.0,1.0,TEACHER_SELF_EFFICACY_INSTRUCTION,T3SEINS,12.5941,+,teacher,A,contextual_predictor,talis_cross_program
LTU,PISA,2022,TALIS,2018.0,4.0,TEACHER_SELF_EFFICACY_ENGAGEMENT,T3SEENG,11.9233,+,teacher,A,contextual_predictor,talis_cross_program
LTU,TIMSS,2019,TALIS,2018.0,1.0,TEACHER_SELF_EFFICACY_ENGAGEMENT,T3SEENG,11.9233,+,teacher,A,contextual_predictor,talis_cross_program
LTU,PISA,2022,TALIS,2018.0,4.0,DISCIPLINARY_CLIMATE,T3DISC,8.7709,+,classroom,A,contextual_predictor,talis_cross_program
LTU,TIMSS,2019,TALIS,2018.0,1.0,DISCIPLINARY_CLIMATE,T3DISC,8.7709,+,classroom,A,contextual_predictor,talis_cross_program
LTU,PISA,2022,TALIS,2018.0,4.0,PROF_COLLABORATION,T3COLES,9.1284,+,teacher,B,contextual_predictor,talis_cross_program
LTU,TIMSS,2019,TALIS,2018.0,1.0,PROF_COLLABORATION,T3COLES,9.1284,+,teacher,B,contextual_predictor,talis_cross_program
LTU,PISA,2022,TALIS,2018.0,4.0,JOB_SATISFACTION_ENVIRONMENT,T3JSENV,11.9899,+,teacher,B,contextual_predictor,talis_cross_program
LTU,TIMSS,2019,TALIS,2018.0,1.0,JOB_SATISFACTION_ENVIRONMENT,T3JSENV,11.9899,+,teacher,B,contextual_predictor,talis_cross_program
LTU,PISA,2022,TALIS,2018.0,4.0,JOB_SATISFACTION_PROFESSION,T3JSPRO,11.4565,+,teacher,B,contextual_predictor,talis_cross_program
LTU,TIMSS,2019,TALIS,2018.0,1.0,JOB_SATISFACTION_PROFESSION,T3JSPRO,11.4565,+,teacher,B,contextual_predictor,talis_cross_program
LTU,PISA,2022,TALIS,2018.0,4.0,EFFECTIVE_PD,T3EFFPD,12.2463,+,teacher,B,contextual_predictor,talis_cross_program
LTU,TIMSS,2019,TALIS,2018.0,1.0,EFFECTIVE_PD,T3EFFPD,12.2463,+,teacher,B,contextual_predictor,talis_cross_program
MEX,PISA,2022,TALIS,2018.0,4.0,TEACHER_SELF_EFFICACY_CLS_MGMT,T3SECLS,12.6375,+,teacher,A,contextual_predictor,talis_cross_program
MEX,TIMSS,2019,TALIS,2018.0,1.0,TEACHER_SELF_EFFICACY_CLS_MGMT,T3SECLS,12.6375,+,teacher,A,contextual_predictor,talis_cross_program
MEX,PISA,2022,TALIS,2018.0,4.0,TEACHER_SELF_EFFICACY_INSTRUCTION,T3SEINS,12.5945,+,teacher,A,contextual_predictor,talis_cross_program
MEX,TIMSS,2019,TALIS,2018.0,1.0,TEACHER_SELF_EFFICACY_INSTRUCTION,T3SEINS,12.5945,+,teacher,A,contextual_predictor,talis_cross_program
MEX,PISA,2022,TALIS,2018.0,4.0,TEACHER_SELF_EFFICACY_ENGAGEMENT,T3SEENG,11.9234,+,teacher,A,contextual_predictor,talis_cross_program
MEX,TIMSS,2019,TALIS,2018.0,1.0,TEACHER_SELF_EFFICACY_ENGAGEMENT,T3SEENG,11.9234,+,teacher,A,contextual_predictor,talis_cross_program
MEX,PISA,2022,TALIS,2018.0,4.0,DISCIPLINARY_CLIMATE,T3DISC,8.7671,+,classroom,A,contextual_predictor,talis_cross_program
MEX,TIMSS,2019,TALIS,2018.0,1.0,DISCIPLINARY_CLIMATE,T3DISC,8.7671,+,classroom,A,contextual_predictor,talis_cross_program
MEX,PISA,2022,TALIS,2018.0,4.0,PROF_COLLABORATION,T3COLES,9.1285,+,teacher,B,contextual_predictor,talis_cross_program
MEX,TIMSS,2019,TALIS,2018.0,1.0,PROF_COLLABORATION,T3COLES,9.1285,+,teacher,B,contextual_predictor,talis_cross_program
MEX,PISA,2022,TALIS,2018.0,4.0,JOB_SATISFACTION_ENVIRONMENT,T3JSENV,11.9884,+,teacher,B,contextual_predictor,talis_cross_program
MEX,TIMSS,2019,TALIS,2018.0,1.0,JOB_SATISFACTION_ENVIRONMENT,T3JSENV,11.9884,+,teacher,B,contextual_predictor,talis_cross_program
MEX,PISA,2022,TALIS,2018.0,4.0,JOB_SATISFACTION_PROFESSION,T3JSPRO,11.4571,+,teacher,B,contextual_predictor,talis_cross_program
MEX,TIMSS,2019,TALIS,2018.0,1.0,JOB_SATISFACTION_PROFESSION,T3JSPRO,11.4571,+,teacher,B,contextual_predictor,talis_cross_program
MEX,PISA,2022,TALIS,2018.0,4.0,EFFECTIVE_PD,T3EFFPD,12.1408,+,teacher,B,contextual_predictor,talis_cross_program
MEX,TIMSS,2019,TALIS,2018.0,1.0,EFFECTIVE_PD,T3EFFPD,12.1408,+,teacher,B,contextual_predictor,talis_cross_program
NLD,PISA,2022,TALIS,2018.0,4.0,TEACHER_SELF_EFFICACY_CLS_MGMT,T3SECLS,12.6384,+,teacher,A,contextual_predictor,talis_cross_program
NLD,TIMSS,2019,TALIS,2018.0,1.0,TEACHER_SELF_EFFICACY_CLS_MGMT,T3SECLS,12.6384,+,teacher,A,contextual_predictor,talis_cross_program
NLD,PISA,2022,TALIS,2018.0,4.0,TEACHER_SELF_EFFICACY_INSTRUCTION,T3SEINS,12.5956,+,teacher,A,contextual_predictor,talis_cross_program
NLD,TIMSS,2019,TALIS,2018.0,1.0,TEACHER_SELF_EFFICACY_INSTRUCTION,T3SEINS,12.5956,+,teacher,A,contextual_predictor,talis_cross_program
NLD,PISA,2022,TALIS,2018.0,4.0,TEACHER_SELF_EFFICACY_ENGAGEMENT,T3SEENG,11.9236,+,teacher,A,contextual_predictor,talis_cross_program
NLD,TIMSS,2019,TALIS,2018.0,1.0,TEACHER_SELF_EFFICACY_ENGAGEMENT,T3SEENG,11.9236,+,teacher,A,contextual_predictor,talis_cross_program
NLD,PISA,2022,TALIS,2018.0,4.0,DISCIPLINARY_CLIMATE,T3DISC,8.769,+,classroom,A,contextual_predictor,talis_cross_program
NLD,TIMSS,2019,TALIS,2018.0,1.0,DISCIPLINARY_CLIMATE,T3DISC,8.769,+,classroom,A,contextual_predictor,talis_cross_program
NLD,PISA,2022,TALIS,2018.0,4.0,PROF_COLLABORATION,T3COLES,9.1285,+,teacher,B,contextual_predictor,talis_cross_program
NLD,TIMSS,2019,TALIS,2018.0,1.0,PROF_COLLABORATION,T3COLES,9.1285,+,teacher,B,contextual_predictor,talis_cross_program
NLD,PISA,2022,TALIS,2018.0,4.0,JOB_SATISFACTION_ENVIRONMENT,T3JSENV,11.9887,+,teacher,B,contextual_predictor,talis_cross_program
NLD,TIMSS,2019,TALIS,2018.0,1.0,JOB_SATISFACTION_ENVIRONMENT,T3JSENV,11.9887,+,teacher,B,contextual_predictor,talis_cross_program
NLD,PISA,2022,TALIS,2018.0,4.0,JOB_SATISFACTION_PROFESSION,T3JSPRO,11.457,+,teacher,B,contextual_predictor,talis_cross_program
NLD,TIMSS,2019,TALIS,2018.0,1.0,JOB_SATISFACTION_PROFESSION,T3JSPRO,11.457,+,teacher,B,contextual_predictor,talis_cross_program
NLD,PISA,2022,TALIS,2018.0,4.0,EFFECTIVE_PD,T3EFFPD,12.3083,+,teacher,B,contextual_predictor,talis_cross_program
NLD,TIMSS,2019,TALIS,2018.0,1.0,EFFECTIVE_PD,T3EFFPD,12.3083,+,teacher,B,contextual_predictor,talis_cross_program
NOR,PISA,2022,TALIS,2018.0,4.0,TEACHER_SELF_EFFICACY_CLS_MGMT,T3SECLS,12.6382,+,teacher,A,contextual_predictor,talis_cross_program
NOR,TIMSS,2019,TALIS,2018.0,1.0,TEACHER_SELF_EFFICACY_CLS_MGMT,T3SECLS,12.6382,+,teacher,A,contextual_predictor,talis_cross_program
NOR,PISA,2022,TALIS,2018.0,4.0,TEACHER_SELF_EFFICACY_INSTRUCTION,T3SEINS,12.5955,+,teacher,A,contextual_predictor,talis_cross_program
NOR,TIMSS,2019,TALIS,2018.0,1.0,TEACHER_SELF_EFFICACY_INSTRUCTION,T3SEINS,12.5955,+,teacher,A,contextual_predictor,talis_cross_program
NOR,PISA,2022,TALIS,2018.0,4.0,TEACHER_SELF_EFFICACY_ENGAGEMENT,T3SEENG,11.9234,+,teacher,A,contextual_predictor,talis_cross_program
NOR,TIMSS,2019,TALIS,2018.0,1.0,TEACHER_SELF_EFFICACY_ENGAGEMENT,T3SEENG,11.9234,+,teacher,A,contextual_predictor,talis_cross_program
NOR,PISA,2022,TALIS,2018.0,4.0,DISCIPLINARY_CLIMATE,T3DISC,8.7689,+,classroom,A,contextual_predictor,talis_cross_program
NOR,TIMSS,2019,TALIS,2018.0,1.0,DISCIPLINARY_CLIMATE,T3DISC,8.7689,+,classroom,A,contextual_predictor,talis_cross_program
NOR,PISA,2022,TALIS,2018.0,4.0,PROF_COLLABORATION,T3COLES,9.1286,+,teacher,B,contextual_predictor,talis_cross_program
NOR,TIMSS,2019,TALIS,2018.0,1.0,PROF_COLLABORATION,T3COLES,9.1286,+,teacher,B,contextual_predictor,talis_cross_program
NOR,PISA,2022,TALIS,2018.0,4.0,JOB_SATISFACTION_ENVIRONMENT,T3JSENV,11.9885,+,teacher,B,contextual_predictor,talis_cross_program
NOR,TIMSS,2019,TALIS,2018.0,1.0,JOB_SATISFACTION_ENVIRONMENT,T3JSENV,11.9885,+,teacher,B,contextual_predictor,talis_cross_program
NOR,PISA,2022,TALIS,2018.0,4.0,JOB_SATISFACTION_PROFESSION,T3JSPRO,11.4566,+,teacher,B,contextual_predictor,talis_cross_program
NOR,TIMSS,2019,TALIS,2018.0,1.0,JOB_SATISFACTION_PROFESSION,T3JSPRO,11.4566,+,teacher,B,contextual_predictor,talis_cross_program
NOR,PISA,2022,TALIS,2018.0,4.0,EFFECTIVE_PD,T3EFFPD,12.3044,+,teacher,B,contextual_predictor,talis_cross_program
NOR,TIMSS,2019,TALIS,2018.0,1.0,EFFECTIVE_PD,T3EFFPD,12.3044,+,teacher,B,contextual_predictor,talis_cross_program
ROU,PISA,2022,TALIS,2018.0,4.0,TEACHER_SELF_EFFICACY_CLS_MGMT,T3SECLS,12.6372,+,teacher,A,contextual_predictor,talis_cross_program
ROU,TIMSS,2019,TALIS,2018.0,1.0,TEACHER_SELF_EFFICACY_CLS_MGMT,T3SECLS,12.6372,+,teacher,A,contextual_predictor,talis_cross_program
ROU,PISA,2022,TALIS,2018.0,4.0,TEACHER_SELF_EFFICACY_INSTRUCTION,T3SEINS,12.5952,+,teacher,A,contextual_predictor,talis_cross_program
ROU,TIMSS,2019,TALIS,2018.0,1.0,TEACHER_SELF_EFFICACY_INSTRUCTION,T3SEINS,12.5952,+,teacher,A,contextual_predictor,talis_cross_program
ROU,PISA,2022,TALIS,2018.0,4.0,TEACHER_SELF_EFFICACY_ENGAGEMENT,T3SEENG,11.9239,+,teacher,A,contextual_predictor,talis_cross_program
ROU,TIMSS,2019,TALIS,2018.0,1.0,TEACHER_SELF_EFFICACY_ENGAGEMENT,T3SEENG,11.9239,+,teacher,A,contextual_predictor,talis_cross_program
ROU,PISA,2022,TALIS,2018.0,4.0,DISCIPLINARY_CLIMATE,T3DISC,8.77,+,classroom,A,contextual_predictor,talis_cross_program
ROU,TIMSS,2019,TALIS,2018.0,1.0,DISCIPLINARY_CLIMATE,T3DISC,8.77,+,classroom,A,contextual_predictor,talis_cross_program
ROU,PISA,2022,TALIS,2018.0,4.0,PROF_COLLABORATION,T3COLES,9.1288,+,teacher,B,contextual_predictor,talis_cross_program
ROU,TIMSS,2019,TALIS,2018.0,1.0,PROF_COLLABORATION,T3COLES,9.1288,+,teacher,B,contextual_predictor,talis_cross_program
ROU,PISA,2022,TALIS,2018.0,4.0,JOB_SATISFACTION_ENVIRONMENT,T3JSENV,11.9879,+,teacher,B,contextual_predictor,talis_cross_program
ROU,TIMSS,2019,TALIS,2018.0,1.0,JOB_SATISFACTION_ENVIRONMENT,T3JSENV,11.9879,+,teacher,B,contextual_predictor,talis_cross_program
ROU,PISA,2022,TALIS,2018.0,4.0,JOB_SATISFACTION_PROFESSION,T3JSPRO,11.4577,+,teacher,B,contextual_predictor,talis_cross_program
ROU,TIMSS,2019,TALIS,2018.0,1.0,JOB_SATISFACTION_PROFESSION,T3JSPRO,11.4577,+,teacher,B,contextual_predictor,talis_cross_program
ROU,PISA,2022,TALIS,2018.0,4.0,EFFECTIVE_PD,T3EFFPD,12.1229,+,teacher,B,contextual_predictor,talis_cross_program
ROU,TIMSS,2019,TALIS,2018.0,1.0,EFFECTIVE_PD,T3EFFPD,12.1229,+,teacher,B,contextual_predictor,talis_cross_program
RUS,PISA,2022,TALIS,2018.0,4.0,DISCIPLINARY_CLIMATE,T3DISC,8.7682,+,classroom,A,contextual_predictor,talis_cross_program
RUS,TIMSS,2019,TALIS,2018.0,1.0,DISCIPLINARY_CLIMATE,T3DISC,8.7682,+,classroom,A,contextual_predictor,talis_cross_program
RUS,PISA,2022,TALIS,2018.0,4.0,PROF_COLLABORATION,T3COLES,9.1264,+,teacher,B,contextual_predictor,talis_cross_program
RUS,TIMSS,2019,TALIS,2018.0,1.0,PROF_COLLABORATION,T3COLES,9.1264,+,teacher,B,contextual_predictor,talis_cross_program
RUS,PISA,2022,TALIS,2018.0,4.0,JOB_SATISFACTION_ENVIRONMENT,T3JSENV,11.9891,+,teacher,B,contextual_predictor,talis_cross_program
RUS,TIMSS,2019,TALIS,2018.0,1.0,JOB_SATISFACTION_ENVIRONMENT,T3JSENV,11.9891,+,teacher,B,contextual_predictor,talis_cross_program
RUS,PISA,2022,TALIS,2018.0,4.0,JOB_SATISFACTION_PROFESSION,T3JSPRO,11.4555,+,teacher,B,contextual_predictor,talis_cross_program
RUS,TIMSS,2019,TALIS,2018.0,1.0,JOB_SATISFACTION_PROFESSION,T3JSPRO,11.4555,+,teacher,B,contextual_predictor,talis_cross_program
RUS,PISA,2022,TALIS,2018.0,4.0,EFFECTIVE_PD,T3EFFPD,12.2699,+,teacher,B,contextual_predictor,talis_cross_program
RUS,TIMSS,2019,TALIS,2018.0,1.0,EFFECTIVE_PD,T3EFFPD,12.2699,+,teacher,B,contextual_predictor,talis_cross_program
SAU,PISA,2022,TALIS,2018.0,4.0,TEACHER_SELF_EFFICACY_CLS_MGMT,T3SECLS,12.6378,+,teacher,A,contextual_predictor,talis_cross_program
SAU,TIMSS,2019,TALIS,2018.0,1.0,TEACHER_SELF_EFFICACY_CLS_MGMT,T3SECLS,12.6378,+,teacher,A,contextual_predictor,talis_cross_program
SAU,PISA,2022,TALIS,2018.0,4.0,TEACHER_SELF_EFFICACY_INSTRUCTION,T3SEINS,12.593,+,teacher,A,contextual_predictor,talis_cross_program
SAU,TIMSS,2019,TALIS,2018.0,1.0,TEACHER_SELF_EFFICACY_INSTRUCTION,T3SEINS,12.593,+,teacher,A,contextual_predictor,talis_cross_program
SAU,PISA,2022,TALIS,2018.0,4.0,TEACHER_SELF_EFFICACY_ENGAGEMENT,T3SEENG,11.9229,+,teacher,A,contextual_predictor,talis_cross_program
SAU,TIMSS,2019,TALIS,2018.0,1.0,TEACHER_SELF_EFFICACY_ENGAGEMENT,T3SEENG,11.9229,+,teacher,A,contextual_predictor,talis_cross_program
SAU,PISA,2022,TALIS,2018.0,4.0,DISCIPLINARY_CLIMATE,T3DISC,8.7698,+,classroom,A,contextual_predictor,talis_cross_program
SAU,TIMSS,2019,TALIS,2018.0,1.0,DISCIPLINARY_CLIMATE,T3DISC,8.7698,+,classroom,A,contextual_predictor,talis_cross_program
SAU,PISA,2022,TALIS,2018.0,4.0,PROF_COLLABORATION,T3COLES,9.131,+,teacher,B,contextual_predictor,talis_cross_program
SAU,TIMSS,2019,TALIS,2018.0,1.0,PROF_COLLABORATION,T3COLES,9.131,+,teacher,B,contextual_predictor,talis_cross_program
SAU,PISA,2022,TALIS,2018.0,4.0,JOB_SATISFACTION_ENVIRONMENT,T3JSENV,11.9854,+,teacher,B,contextual_predictor,talis_cross_program
SAU,TIMSS,2019,TALIS,2018.0,1.0,JOB_SATISFACTION_ENVIRONMENT,T3JSENV,11.9854,+,teacher,B,contextual_predictor,talis_cross_program
SAU,PISA,2022,TALIS,2018.0,4.0,JOB_SATISFACTION_PROFESSION,T3JSPRO,11.4538,+,teacher,B,contextual_predictor,talis_cross_program
SAU,TIMSS,2019,TALIS,2018.0,1.0,JOB_SATISFACTION_PROFESSION,T3JSPRO,11.4538,+,teacher,B,contextual_predictor,talis_cross_program
SAU,PISA,2022,TALIS,2018.0,4.0,EFFECTIVE_PD,T3EFFPD,11.9634,+,teacher,B,contextual_predictor,talis_cross_program
SAU,TIMSS,2019,TALIS,2018.0,1.0,EFFECTIVE_PD,T3EFFPD,11.9634,+,teacher,B,contextual_predictor,talis_cross_program
SGP,PISA,2022,TALIS,2018.0,4.0,TEACHER_SELF_EFFICACY_CLS_MGMT,T3SECLS,12.6407,+,teacher,A,contextual_predictor,talis_cross_program
SGP,TIMSS,2019,TALIS,2018.0,1.0,TEACHER_SELF_EFFICACY_CLS_MGMT,T3SECLS,12.6407,+,teacher,A,contextual_predictor,talis_cross_program
SGP,PISA,2022,TALIS,2018.0,4.0,TEACHER_SELF_EFFICACY_INSTRUCTION,T3SEINS,12.5963,+,teacher,A,contextual_predictor,talis_cross_program
SGP,TIMSS,2019,TALIS,2018.0,1.0,TEACHER_SELF_EFFICACY_INSTRUCTION,T3SEINS,12.5963,+,teacher,A,contextual_predictor,talis_cross_program
SGP,PISA,2022,TALIS,2018.0,4.0,TEACHER_SELF_EFFICACY_ENGAGEMENT,T3SEENG,11.9247,+,teacher,A,contextual_predictor,talis_cross_program
SGP,TIMSS,2019,TALIS,2018.0,1.0,TEACHER_SELF_EFFICACY_ENGAGEMENT,T3SEENG,11.9247,+,teacher,A,contextual_predictor,talis_cross_program
SGP,PISA,2022,TALIS,2018.0,4.0,DISCIPLINARY_CLIMATE,T3DISC,8.7684,+,classroom,A,contextual_predictor,talis_cross_program
SGP,TIMSS,2019,TALIS,2018.0,1.0,DISCIPLINARY_CLIMATE,T3DISC,8.7684,+,classroom,A,contextual_predictor,talis_cross_program
SGP,PISA,2022,TALIS,2018.0,4.0,PROF_COLLABORATION,T3COLES,9.1283,+,teacher,B,contextual_predictor,talis_cross_program
SGP,TIMSS,2019,TALIS,2018.0,1.0,PROF_COLLABORATION,T3COLES,9.1283,+,teacher,B,contextual_predictor,talis_cross_program
SGP,PISA,2022,TALIS,2018.0,4.0,JOB_SATISFACTION_ENVIRONMENT,T3JSENV,11.989,+,teacher,B,contextual_predictor,talis_cross_program
SGP,TIMSS,2019,TALIS,2018.0,1.0,JOB_SATISFACTION_ENVIRONMENT,T3JSENV,11.989,+,teacher,B,contextual_predictor,talis_cross_program
SGP,PISA,2022,TALIS,2018.0,4.0,JOB_SATISFACTION_PROFESSION,T3JSPRO,11.4564,+,teacher,B,contextual_predictor,talis_cross_program
SGP,TIMSS,2019,TALIS,2018.0,1.0,JOB_SATISFACTION_PROFESSION,T3JSPRO,11.4564,+,teacher,B,contextual_predictor,talis_cross_program
SGP,PISA,2022,TALIS,2018.0,4.0,EFFECTIVE_PD,T3EFFPD,12.1645,+,teacher,B,contextual_predictor,talis_cross_program
SGP,TIMSS,2019,TALIS,2018.0,1.0,EFFECTIVE_PD,T3EFFPD,12.1645,+,teacher,B,contextual_predictor,talis_cross_program
SVK,PISA,2022,TALIS,2018.0,4.0,TEACHER_SELF_EFFICACY_CLS_MGMT,T3SECLS,12.6383,+,teacher,A,contextual_predictor,talis_cross_program
SVK,TIMSS,2019,TALIS,2018.0,1.0,TEACHER_SELF_EFFICACY_CLS_MGMT,T3SECLS,12.6383,+,teacher,A,contextual_predictor,talis_cross_program
SVK,PISA,2022,TALIS,2018.0,4.0,TEACHER_SELF_EFFICACY_INSTRUCTION,T3SEINS,12.5953,+,teacher,A,contextual_predictor,talis_cross_program
SVK,TIMSS,2019,TALIS,2018.0,1.0,TEACHER_SELF_EFFICACY_INSTRUCTION,T3SEINS,12.5953,+,teacher,A,contextual_predictor,talis_cross_program
SVK,PISA,2022,TALIS,2018.0,4.0,TEACHER_SELF_EFFICACY_ENGAGEMENT,T3SEENG,11.923,+,teacher,A,contextual_predictor,talis_cross_program
SVK,TIMSS,2019,TALIS,2018.0,1.0,TEACHER_SELF_EFFICACY_ENGAGEMENT,T3SEENG,11.923,+,teacher,A,contextual_predictor,talis_cross_program
SVK,PISA,2022,TALIS,2018.0,4.0,DISCIPLINARY_CLIMATE,T3DISC,8.7691,+,classroom,A,contextual_predictor,talis_cross_program
SVK,TIMSS,2019,TALIS,2018.0,1.0,DISCIPLINARY_CLIMATE,T3DISC,8.7691,+,classroom,A,contextual_predictor,talis_cross_program
SVK,PISA,2022,TALIS,2018.0,4.0,PROF_COLLABORATION,T3COLES,9.1284,+,teacher,B,contextual_predictor,talis_cross_program
SVK,TIMSS,2019,TALIS,2018.0,1.0,PROF_COLLABORATION,T3COLES,9.1284,+,teacher,B,contextual_predictor,talis_cross_program
SVK,PISA,2022,TALIS,2018.0,4.0,JOB_SATISFACTION_ENVIRONMENT,T3JSENV,11.9886,+,teacher,B,contextual_predictor,talis_cross_program
SVK,TIMSS,2019,TALIS,2018.0,1.0,JOB_SATISFACTION_ENVIRONMENT,T3JSENV,11.9886,+,teacher,B,contextual_predictor,talis_cross_program
SVK,PISA,2022,TALIS,2018.0,4.0,JOB_SATISFACTION_PROFESSION,T3JSPRO,11.4569,+,teacher,B,contextual_predictor,talis_cross_program
SVK,TIMSS,2019,TALIS,2018.0,1.0,JOB_SATISFACTION_PROFESSION,T3JSPRO,11.4569,+,teacher,B,contextual_predictor,talis_cross_program
SVK,PISA,2022,TALIS,2018.0,4.0,EFFECTIVE_PD,T3EFFPD,12.2881,+,teacher,B,contextual_predictor,talis_cross_program
SVK,TIMSS,2019,TALIS,2018.0,1.0,EFFECTIVE_PD,T3EFFPD,12.2881,+,teacher,B,contextual_predictor,talis_cross_program
SVN,PISA,2022,TALIS,2018.0,4.0,TEACHER_SELF_EFFICACY_CLS_MGMT,T3SECLS,12.6385,+,teacher,A,contextual_predictor,talis_cross_program
SVN,TIMSS,2019,TALIS,2018.0,1.0,TEACHER_SELF_EFFICACY_CLS_MGMT,T3SECLS,12.6385,+,teacher,A,contextual_predictor,talis_cross_program
SVN,PISA,2022,TALIS,2018.0,4.0,TEACHER_SELF_EFFICACY_INSTRUCTION,T3SEINS,12.5951,+,teacher,A,contextual_predictor,talis_cross_program
SVN,TIMSS,2019,TALIS,2018.0,1.0,TEACHER_SELF_EFFICACY_INSTRUCTION,T3SEINS,12.5951,+,teacher,A,contextual_predictor,talis_cross_program
SVN,PISA,2022,TALIS,2018.0,4.0,TEACHER_SELF_EFFICACY_ENGAGEMENT,T3SEENG,11.9234,+,teacher,A,contextual_predictor,talis_cross_program
SVN,TIMSS,2019,TALIS,2018.0,1.0,TEACHER_SELF_EFFICACY_ENGAGEMENT,T3SEENG,11.9234,+,teacher,A,contextual_predictor,talis_cross_program
SVN,PISA,2022,TALIS,2018.0,4.0,DISCIPLINARY_CLIMATE,T3DISC,8.7694,+,classroom,A,contextual_predictor,talis_cross_program
SVN,TIMSS,2019,TALIS,2018.0,1.0,DISCIPLINARY_CLIMATE,T3DISC,8.7694,+,classroom,A,contextual_predictor,talis_cross_program
SVN,PISA,2022,TALIS,2018.0,4.0,PROF_COLLABORATION,T3COLES,9.1285,+,teacher,B,contextual_predictor,talis_cross_program
SVN,TIMSS,2019,TALIS,2018.0,1.0,PROF_COLLABORATION,T3COLES,9.1285,+,teacher,B,contextual_predictor,talis_cross_program
SVN,PISA,2022,TALIS,2018.0,4.0,JOB_SATISFACTION_ENVIRONMENT,T3JSENV,11.9888,+,teacher,B,contextual_predictor,talis_cross_program
SVN,TIMSS,2019,TALIS,2018.0,1.0,JOB_SATISFACTION_ENVIRONMENT,T3JSENV,11.9888,+,teacher,B,contextual_predictor,talis_cross_program
SVN,PISA,2022,TALIS,2018.0,4.0,JOB_SATISFACTION_PROFESSION,T3JSPRO,11.4569,+,teacher,B,contextual_predictor,talis_cross_program
SVN,TIMSS,2019,TALIS,2018.0,1.0,JOB_SATISFACTION_PROFESSION,T3JSPRO,11.4569,+,teacher,B,contextual_predictor,talis_cross_program
SVN,PISA,2022,TALIS,2018.0,4.0,EFFECTIVE_PD,T3EFFPD,10.1697,+,teacher,B,contextual_predictor,talis_cross_program
SVN,TIMSS,2019,TALIS,2018.0,1.0,EFFECTIVE_PD,T3EFFPD,10.1697,+,teacher,B,contextual_predictor,talis_cross_program
TUR,PISA,2022,TALIS,2018.0,4.0,TEACHER_SELF_EFFICACY_CLS_MGMT,T3SECLS,12.638,+,teacher,A,contextual_predictor,talis_cross_program
TUR,TIMSS,2019,TALIS,2018.0,1.0,TEACHER_SELF_EFFICACY_CLS_MGMT,T3SECLS,12.638,+,teacher,A,contextual_predictor,talis_cross_program
TUR,PISA,2022,TALIS,2018.0,4.0,TEACHER_SELF_EFFICACY_INSTRUCTION,T3SEINS,12.598,+,teacher,A,contextual_predictor,talis_cross_program
TUR,TIMSS,2019,TALIS,2018.0,1.0,TEACHER_SELF_EFFICACY_INSTRUCTION,T3SEINS,12.598,+,teacher,A,contextual_predictor,talis_cross_program
TUR,PISA,2022,TALIS,2018.0,4.0,TEACHER_SELF_EFFICACY_ENGAGEMENT,T3SEENG,11.9255,+,teacher,A,contextual_predictor,talis_cross_program
TUR,TIMSS,2019,TALIS,2018.0,1.0,TEACHER_SELF_EFFICACY_ENGAGEMENT,T3SEENG,11.9255,+,teacher,A,contextual_predictor,talis_cross_program
TUR,PISA,2022,TALIS,2018.0,4.0,DISCIPLINARY_CLIMATE,T3DISC,8.7724,+,classroom,A,contextual_predictor,talis_cross_program
TUR,TIMSS,2019,TALIS,2018.0,1.0,DISCIPLINARY_CLIMATE,T3DISC,8.7724,+,classroom,A,contextual_predictor,talis_cross_program
TUR,PISA,2022,TALIS,2018.0,4.0,PROF_COLLABORATION,T3COLES,9.1299,+,teacher,B,contextual_predictor,talis_cross_program
TUR,TIMSS,2019,TALIS,2018.0,1.0,PROF_COLLABORATION,T3COLES,9.1299,+,teacher,B,contextual_predictor,talis_cross_program
TUR,PISA,2022,TALIS,2018.0,4.0,JOB_SATISFACTION_ENVIRONMENT,T3JSENV,11.9874,+,teacher,B,contextual_predictor,talis_cross_program
TUR,TIMSS,2019,TALIS,2018.0,1.0,JOB_SATISFACTION_ENVIRONMENT,T3JSENV,11.9874,+,teacher,B,contextual_predictor,talis_cross_program
TUR,PISA,2022,TALIS,2018.0,4.0,JOB_SATISFACTION_PROFESSION,T3JSPRO,11.4571,+,teacher,B,contextual_predictor,talis_cross_program
TUR,TIMSS,2019,TALIS,2018.0,1.0,JOB_SATISFACTION_PROFESSION,T3JSPRO,11.4571,+,teacher,B,contextual_predictor,talis_cross_program
TUR,PISA,2022,TALIS,2018.0,4.0,EFFECTIVE_PD,T3EFFPD,12.9966,+,teacher,B,contextual_predictor,talis_cross_program
TUR,TIMSS,2019,TALIS,2018.0,1.0,EFFECTIVE_PD,T3EFFPD,12.9966,+,teacher,B,contextual_predictor,talis_cross_program
VNM,PISA,2022,TALIS,2018.0,4.0,TEACHER_SELF_EFFICACY_CLS_MGMT,T3SECLS,12.6385,+,teacher,A,contextual_predictor,talis_cross_program
VNM,TIMSS,2019,TALIS,2018.0,1.0,TEACHER_SELF_EFFICACY_CLS_MGMT,T3SECLS,12.6385,+,teacher,A,contextual_predictor,talis_cross_program
VNM,PISA,2022,TALIS,2018.0,4.0,TEACHER_SELF_EFFICACY_INSTRUCTION,T3SEINS,12.5959,+,teacher,A,contextual_predictor,talis_cross_program
VNM,TIMSS,2019,TALIS,2018.0,1.0,TEACHER_SELF_EFFICACY_INSTRUCTION,T3SEINS,12.5959,+,teacher,A,contextual_predictor,talis_cross_program
VNM,PISA,2022,TALIS,2018.0,4.0,TEACHER_SELF_EFFICACY_ENGAGEMENT,T3SEENG,11.9237,+,teacher,A,contextual_predictor,talis_cross_program
VNM,TIMSS,2019,TALIS,2018.0,1.0,TEACHER_SELF_EFFICACY_ENGAGEMENT,T3SEENG,11.9237,+,teacher,A,contextual_predictor,talis_cross_program
VNM,PISA,2022,TALIS,2018.0,4.0,DISCIPLINARY_CLIMATE,T3DISC,8.7695,+,classroom,A,contextual_predictor,talis_cross_program
VNM,TIMSS,2019,TALIS,2018.0,1.0,DISCIPLINARY_CLIMATE,T3DISC,8.7695,+,classroom,A,contextual_predictor,talis_cross_program
VNM,PISA,2022,TALIS,2018.0,4.0,PROF_COLLABORATION,T3COLES,9.1281,+,teacher,B,contextual_predictor,talis_cross_program
VNM,TIMSS,2019,TALIS,2018.0,1.0,PROF_COLLABORATION,T3COLES,9.1281,+,teacher,B,contextual_predictor,talis_cross_program
VNM,PISA,2022,TALIS,2018.0,4.0,JOB_SATISFACTION_ENVIRONMENT,T3JSENV,11.9884,+,teacher,B,contextual_predictor,talis_cross_program
VNM,TIMSS,2019,TALIS,2018.0,1.0,JOB_SATISFACTION_ENVIRONMENT,T3JSENV,11.9884,+,teacher,B,contextual_predictor,talis_cross_program
VNM,PISA,2022,TALIS,2018.0,4.0,JOB_SATISFACTION_PROFESSION,T3JSPRO,11.4586,+,teacher,B,contextual_predictor,talis_cross_program
VNM,TIMSS,2019,TALIS,2018.0,1.0,JOB_SATISFACTION_PROFESSION,T3JSPRO,11.4586,+,teacher,B,contextual_predictor,talis_cross_program
VNM,PISA,2022,TALIS,2018.0,4.0,EFFECTIVE_PD,T3EFFPD,14.6792,+,teacher,B,contextual_predictor,talis_cross_program
VNM,TIMSS,2019,TALIS,2018.0,1.0,EFFECTIVE_PD,T3EFFPD,14.6792,+,teacher,B,contextual_predictor,talis_cross_program
ZAF,PISA,2022,TALIS,2018.0,4.0,TEACHER_SELF_EFFICACY_CLS_MGMT,T3SECLS,12.6385,+,teacher,A,contextual_predictor,talis_cross_program
ZAF,TIMSS,2019,TALIS,2018.0,1.0,TEACHER_SELF_EFFICACY_CLS_MGMT,T3SECLS,12.6385,+,teacher,A,contextual_predictor,talis_cross_program
ZAF,PISA,2022,TALIS,2018.0,4.0,TEACHER_SELF_EFFICACY_INSTRUCTION,T3SEINS,12.5955,+,teacher,A,contextual_predictor,talis_cross_program
ZAF,TIMSS,2019,TALIS,2018.0,1.0,TEACHER_SELF_EFFICACY_INSTRUCTION,T3SEINS,12.5955,+,teacher,A,contextual_predictor,talis_cross_program
ZAF,PISA,2022,TALIS,2018.0,4.0,TEACHER_SELF_EFFICACY_ENGAGEMENT,T3SEENG,11.9228,+,teacher,A,contextual_predictor,talis_cross_program
ZAF,TIMSS,2019,TALIS,2018.0,1.0,TEACHER_SELF_EFFICACY_ENGAGEMENT,T3SEENG,11.9228,+,teacher,A,contextual_predictor,talis_cross_program
ZAF,PISA,2022,TALIS,2018.0,4.0,DISCIPLINARY_CLIMATE,T3DISC,8.7696,+,classroom,A,contextual_predictor,talis_cross_program
ZAF,TIMSS,2019,TALIS,2018.0,1.0,DISCIPLINARY_CLIMATE,T3DISC,8.7696,+,classroom,A,contextual_predictor,talis_cross_program
ZAF,PISA,2022,TALIS,2018.0,4.0,PROF_COLLABORATION,T3COLES,9.1284,+,teacher,B,contextual_predictor,talis_cross_program
ZAF,TIMSS,2019,TALIS,2018.0,1.0,PROF_COLLABORATION,T3COLES,9.1284,+,teacher,B,contextual_predictor,talis_cross_program
ZAF,PISA,2022,TALIS,2018.0,4.0,JOB_SATISFACTION_ENVIRONMENT,T3JSENV,11.9885,+,teacher,B,contextual_predictor,talis_cross_program
ZAF,TIMSS,2019,TALIS,2018.0,1.0,JOB_SATISFACTION_ENVIRONMENT,T3JSENV,11.9885,+,teacher,B,contextual_predictor,talis_cross_program
ZAF,PISA,2022,TALIS,2018.0,4.0,JOB_SATISFACTION_PROFESSION,T3JSPRO,11.4568,+,teacher,B,contextual_predictor,talis_cross_program
ZAF,TIMSS,2019,TALIS,2018.0,1.0,JOB_SATISFACTION_PROFESSION,T3JSPRO,11.4568,+,teacher,B,contextual_predictor,talis_cross_program
ZAF,PISA,2022,TALIS,2018.0,4.0,EFFECTIVE_PD,T3EFFPD,12.1129,+,teacher,B,contextual_predictor,talis_cross_program
ZAF,TIMSS,2019,TALIS,2018.0,1.0,EFFECTIVE_PD,T3EFFPD,12.1129,+,teacher,B,contextual_predictor,talis_cross_program
BGR,PISA,2015,TALIS,2013.0,2.0,TEACHER_SELF_EFFICACY_CLS_MGMT,SECLSS,13.2708,+,teacher,A,primary_predictor,cross_program_lag
BGR,TIMSS,2015,TALIS,2013.0,2.0,TEACHER_SELF_EFFICACY_CLS_MGMT,SECLSS,13.2708,+,teacher,A,primary_predictor,cross_program_lag
BGR,PISA,2015,TALIS,2013.0,2.0,DISCIPLINARY_CLIMATE,TCDISCS,11.4594,+,teacher,A,primary_predictor,cross_program_lag
BGR,TIMSS,2015,TALIS,2013.0,2.0,DISCIPLINARY_CLIMATE,TCDISCS,11.4594,+,teacher,A,primary_predictor,cross_program_lag
BGR,PISA,2015,TALIS,2013.0,2.0,JOB_SATISFACTION_PROFESSION,TJSPROS,11.088,+,teacher,B,primary_predictor,cross_program_lag
BGR,TIMSS,2015,TALIS,2013.0,2.0,JOB_SATISFACTION_PROFESSION,TJSPROS,11.088,+,teacher,B,primary_predictor,cross_program_lag
BGR,PISA,2015,TALIS,2013.0,2.0,EFFECTIVE_PD,TEFFPROS,7.7992,+,teacher,B,primary_predictor,cross_program_lag
BGR,TIMSS,2015,TALIS,2013.0,2.0,EFFECTIVE_PD,TEFFPROS,7.7992,+,teacher,B,primary_predictor,cross_program_lag
BRA,PISA,2015,TALIS,2013.0,2.0,TEACHER_SELF_EFFICACY_CLS_MGMT,SECLSS,13.0159,+,teacher,A,primary_predictor,cross_program_lag
BRA,TIMSS,2015,TALIS,2013.0,2.0,TEACHER_SELF_EFFICACY_CLS_MGMT,SECLSS,13.0159,+,teacher,A,primary_predictor,cross_program_lag
BRA,PISA,2015,TALIS,2013.0,2.0,DISCIPLINARY_CLIMATE,TCDISCS,9.6795,+,teacher,A,primary_predictor,cross_program_lag
BRA,TIMSS,2015,TALIS,2013.0,2.0,DISCIPLINARY_CLIMATE,TCDISCS,9.6795,+,teacher,A,primary_predictor,cross_program_lag
BRA,PISA,2015,TALIS,2013.0,2.0,JOB_SATISFACTION_PROFESSION,TJSPROS,11.3222,+,teacher,B,primary_predictor,cross_program_lag
BRA,TIMSS,2015,TALIS,2013.0,2.0,JOB_SATISFACTION_PROFESSION,TJSPROS,11.3222,+,teacher,B,primary_predictor,cross_program_lag
BRA,PISA,2015,TALIS,2013.0,2.0,EFFECTIVE_PD,TEFFPROS,8.9156,+,teacher,B,primary_predictor,cross_program_lag
BRA,TIMSS,2015,TALIS,2013.0,2.0,EFFECTIVE_PD,TEFFPROS,8.9156,+,teacher,B,primary_predictor,cross_program_lag
CHL,PISA,2015,TALIS,2013.0,2.0,TEACHER_SELF_EFFICACY_CLS_MGMT,SECLSS,13.1884,+,teacher,A,primary_predictor,cross_program_lag
CHL,TIMSS,2015,TALIS,2013.0,2.0,TEACHER_SELF_EFFICACY_CLS_MGMT,SECLSS,13.1884,+,teacher,A,primary_predictor,cross_program_lag
CHL,PISA,2015,TALIS,2013.0,2.0,DISCIPLINARY_CLIMATE,TCDISCS,10.2104,+,teacher,A,primary_predictor,cross_program_lag
CHL,TIMSS,2015,TALIS,2013.0,2.0,DISCIPLINARY_CLIMATE,TCDISCS,10.2104,+,teacher,A,primary_predictor,cross_program_lag
CHL,PISA,2015,TALIS,2013.0,2.0,JOB_SATISFACTION_PROFESSION,TJSPROS,12.122,+,teacher,B,primary_predictor,cross_program_lag
CHL,TIMSS,2015,TALIS,2013.0,2.0,JOB_SATISFACTION_PROFESSION,TJSPROS,12.122,+,teacher,B,primary_predictor,cross_program_lag
CHL,PISA,2015,TALIS,2013.0,2.0,EFFECTIVE_PD,TEFFPROS,8.835,+,teacher,B,primary_predictor,cross_program_lag
CHL,TIMSS,2015,TALIS,2013.0,2.0,EFFECTIVE_PD,TEFFPROS,8.835,+,teacher,B,primary_predictor,cross_program_lag
CZE,PISA,2015,TALIS,2013.0,2.0,TEACHER_SELF_EFFICACY_CLS_MGMT,SECLSS,11.7226,+,teacher,A,primary_predictor,cross_program_lag
CZE,TIMSS,2015,TALIS,2013.0,2.0,TEACHER_SELF_EFFICACY_CLS_MGMT,SECLSS,11.7226,+,teacher,A,primary_predictor,cross_program_lag
CZE,PISA,2015,TALIS,2013.0,2.0,DISCIPLINARY_CLIMATE,TCDISCS,11.4308,+,teacher,A,primary_predictor,cross_program_lag
CZE,TIMSS,2015,TALIS,2013.0,2.0,DISCIPLINARY_CLIMATE,TCDISCS,11.4308,+,teacher,A,primary_predictor,cross_program_lag
CZE,PISA,2015,TALIS,2013.0,2.0,JOB_SATISFACTION_PROFESSION,TJSPROS,11.3675,+,teacher,B,primary_predictor,cross_program_lag
CZE,TIMSS,2015,TALIS,2013.0,2.0,JOB_SATISFACTION_PROFESSION,TJSPROS,11.3675,+,teacher,B,primary_predictor,cross_program_lag
CZE,PISA,2015,TALIS,2013.0,2.0,EFFECTIVE_PD,TEFFPROS,7.9535,+,teacher,B,primary_predictor,cross_program_lag
CZE,TIMSS,2015,TALIS,2013.0,2.0,EFFECTIVE_PD,TEFFPROS,7.9535,+,teacher,B,primary_predictor,cross_program_lag
ESP,PISA,2015,TALIS,2013.0,2.0,TEACHER_SELF_EFFICACY_CLS_MGMT,SECLSS,12.0667,+,teacher,A,primary_predictor,cross_program_lag
ESP,TIMSS,2015,TALIS,2013.0,2.0,TEACHER_SELF_EFFICACY_CLS_MGMT,SECLSS,12.0667,+,teacher,A,primary_predictor,cross_program_lag
ESP,PISA,2015,TALIS,2013.0,2.0,DISCIPLINARY_CLIMATE,TCDISCS,10.2563,+,teacher,A,primary_predictor,cross_program_lag
ESP,TIMSS,2015,TALIS,2013.0,2.0,DISCIPLINARY_CLIMATE,TCDISCS,10.2563,+,teacher,A,primary_predictor,cross_program_lag
ESP,PISA,2015,TALIS,2013.0,2.0,JOB_SATISFACTION_PROFESSION,TJSPROS,12.5737,+,teacher,B,primary_predictor,cross_program_lag
ESP,TIMSS,2015,TALIS,2013.0,2.0,JOB_SATISFACTION_PROFESSION,TJSPROS,12.5737,+,teacher,B,primary_predictor,cross_program_lag
ESP,PISA,2015,TALIS,2013.0,2.0,EFFECTIVE_PD,TEFFPROS,8.934,+,teacher,B,primary_predictor,cross_program_lag
ESP,TIMSS,2015,TALIS,2013.0,2.0,EFFECTIVE_PD,TEFFPROS,8.934,+,teacher,B,primary_predictor,cross_program_lag
EST,PISA,2015,TALIS,2013.0,2.0,TEACHER_SELF_EFFICACY_CLS_MGMT,SECLSS,11.9399,+,teacher,A,primary_predictor,cross_program_lag
EST,TIMSS,2015,TALIS,2013.0,2.0,TEACHER_SELF_EFFICACY_CLS_MGMT,SECLSS,11.9399,+,teacher,A,primary_predictor,cross_program_lag
EST,PISA,2015,TALIS,2013.0,2.0,DISCIPLINARY_CLIMATE,TCDISCS,11.5441,+,teacher,A,primary_predictor,cross_program_lag
EST,TIMSS,2015,TALIS,2013.0,2.0,DISCIPLINARY_CLIMATE,TCDISCS,11.5441,+,teacher,A,primary_predictor,cross_program_lag
EST,PISA,2015,TALIS,2013.0,2.0,JOB_SATISFACTION_PROFESSION,TJSPROS,11.1706,+,teacher,B,primary_predictor,cross_program_lag
EST,TIMSS,2015,TALIS,2013.0,2.0,JOB_SATISFACTION_PROFESSION,TJSPROS,11.1706,+,teacher,B,primary_predictor,cross_program_lag
EST,PISA,2015,TALIS,2013.0,2.0,EFFECTIVE_PD,TEFFPROS,8.852,+,teacher,B,primary_predictor,cross_program_lag
EST,TIMSS,2015,TALIS,2013.0,2.0,EFFECTIVE_PD,TEFFPROS,8.852,+,teacher,B,primary_predictor,cross_program_lag
FIN,PISA,2015,TALIS,2013.0,2.0,TEACHER_SELF_EFFICACY_CLS_MGMT,SECLSS,12.4175,+,teacher,A,primary_predictor,cross_program_lag
FIN,TIMSS,2015,TALIS,2013.0,2.0,TEACHER_SELF_EFFICACY_CLS_MGMT,SECLSS,12.4175,+,teacher,A,primary_predictor,cross_program_lag
FIN,PISA,2015,TALIS,2013.0,2.0,DISCIPLINARY_CLIMATE,TCDISCS,10.9116,+,teacher,A,primary_predictor,cross_program_lag
FIN,TIMSS,2015,TALIS,2013.0,2.0,DISCIPLINARY_CLIMATE,TCDISCS,10.9116,+,teacher,A,primary_predictor,cross_program_lag
FIN,PISA,2015,TALIS,2013.0,2.0,JOB_SATISFACTION_PROFESSION,TJSPROS,12.495,+,teacher,B,primary_predictor,cross_program_lag
FIN,TIMSS,2015,TALIS,2013.0,2.0,JOB_SATISFACTION_PROFESSION,TJSPROS,12.495,+,teacher,B,primary_predictor,cross_program_lag
FIN,PISA,2015,TALIS,2013.0,2.0,EFFECTIVE_PD,TEFFPROS,8.4307,+,teacher,B,primary_predictor,cross_program_lag
FIN,TIMSS,2015,TALIS,2013.0,2.0,EFFECTIVE_PD,TEFFPROS,8.4307,+,teacher,B,primary_predictor,cross_program_lag
FRA,PISA,2015,TALIS,2013.0,2.0,TEACHER_SELF_EFFICACY_CLS_MGMT,SECLSS,13.5413,+,teacher,A,primary_predictor,cross_program_lag
FRA,TIMSS,2015,TALIS,2013.0,2.0,TEACHER_SELF_EFFICACY_CLS_MGMT,SECLSS,13.5413,+,teacher,A,primary_predictor,cross_program_lag
FRA,PISA,2015,TALIS,2013.0,2.0,DISCIPLINARY_CLIMATE,TCDISCS,10.7538,+,teacher,A,primary_predictor,cross_program_lag
FRA,TIMSS,2015,TALIS,2013.0,2.0,DISCIPLINARY_CLIMATE,TCDISCS,10.7538,+,teacher,A,primary_predictor,cross_program_lag
FRA,PISA,2015,TALIS,2013.0,2.0,JOB_SATISFACTION_PROFESSION,TJSPROS,11.9916,+,teacher,B,primary_predictor,cross_program_lag
FRA,TIMSS,2015,TALIS,2013.0,2.0,JOB_SATISFACTION_PROFESSION,TJSPROS,11.9916,+,teacher,B,primary_predictor,cross_program_lag
FRA,PISA,2015,TALIS,2013.0,2.0,EFFECTIVE_PD,TEFFPROS,8.5335,+,teacher,B,primary_predictor,cross_program_lag
FRA,TIMSS,2015,TALIS,2013.0,2.0,EFFECTIVE_PD,TEFFPROS,8.5335,+,teacher,B,primary_predictor,cross_program_lag
ISR,PISA,2015,TALIS,2013.0,2.0,TEACHER_SELF_EFFICACY_CLS_MGMT,SECLSS,12.5443,+,teacher,A,primary_predictor,cross_program_lag
ISR,TIMSS,2015,TALIS,2013.0,2.0,TEACHER_SELF_EFFICACY_CLS_MGMT,SECLSS,12.5443,+,teacher,A,primary_predictor,cross_program_lag
ISR,PISA,2015,TALIS,2013.0,2.0,DISCIPLINARY_CLIMATE,TCDISCS,11.2287,+,teacher,A,primary_predictor,cross_program_lag
ISR,TIMSS,2015,TALIS,2013.0,2.0,DISCIPLINARY_CLIMATE,TCDISCS,11.2287,+,teacher,A,primary_predictor,cross_program_lag
ISR,PISA,2015,TALIS,2013.0,2.0,JOB_SATISFACTION_PROFESSION,TJSPROS,12.3366,+,teacher,B,primary_predictor,cross_program_lag
ISR,TIMSS,2015,TALIS,2013.0,2.0,JOB_SATISFACTION_PROFESSION,TJSPROS,12.3366,+,teacher,B,primary_predictor,cross_program_lag
ISR,PISA,2015,TALIS,2013.0,2.0,EFFECTIVE_PD,TEFFPROS,8.6028,+,teacher,B,primary_predictor,cross_program_lag
ISR,TIMSS,2015,TALIS,2013.0,2.0,EFFECTIVE_PD,TEFFPROS,8.6028,+,teacher,B,primary_predictor,cross_program_lag
ITA,PISA,2015,TALIS,2013.0,2.0,TEACHER_SELF_EFFICACY_CLS_MGMT,SECLSS,13.2181,+,teacher,A,primary_predictor,cross_program_lag
ITA,TIMSS,2015,TALIS,2013.0,2.0,TEACHER_SELF_EFFICACY_CLS_MGMT,SECLSS,13.2181,+,teacher,A,primary_predictor,cross_program_lag
ITA,PISA,2015,TALIS,2013.0,2.0,DISCIPLINARY_CLIMATE,TCDISCS,11.5415,+,teacher,A,primary_predictor,cross_program_lag
ITA,TIMSS,2015,TALIS,2013.0,2.0,DISCIPLINARY_CLIMATE,TCDISCS,11.5415,+,teacher,A,primary_predictor,cross_program_lag
ITA,PISA,2015,TALIS,2013.0,2.0,JOB_SATISFACTION_PROFESSION,TJSPROS,12.2217,+,teacher,B,primary_predictor,cross_program_lag
ITA,TIMSS,2015,TALIS,2013.0,2.0,JOB_SATISFACTION_PROFESSION,TJSPROS,12.2217,+,teacher,B,primary_predictor,cross_program_lag
ITA,PISA,2015,TALIS,2013.0,2.0,EFFECTIVE_PD,TEFFPROS,8.6028,+,teacher,B,primary_predictor,cross_program_lag
ITA,TIMSS,2015,TALIS,2013.0,2.0,EFFECTIVE_PD,TEFFPROS,8.6028,+,teacher,B,primary_predictor,cross_program_lag
KOR,PISA,2015,TALIS,2013.0,2.0,TEACHER_SELF_EFFICACY_CLS_MGMT,SECLSS,11.4217,+,teacher,A,primary_predictor,cross_program_lag
KOR,TIMSS,2015,TALIS,2013.0,2.0,TEACHER_SELF_EFFICACY_CLS_MGMT,SECLSS,11.4217,+,teacher,A,primary_predictor,cross_program_lag
KOR,PISA,2015,TALIS,2013.0,2.0,DISCIPLINARY_CLIMATE,TCDISCS,10.8344,+,teacher,A,primary_predictor,cross_program_lag
KOR,TIMSS,2015,TALIS,2013.0,2.0,DISCIPLINARY_CLIMATE,TCDISCS,10.8344,+,teacher,A,primary_predictor,cross_program_lag
KOR,PISA,2015,TALIS,2013.0,2.0,JOB_SATISFACTION_PROFESSION,TJSPROS,11.0893,+,teacher,B,primary_predictor,cross_program_lag
KOR,TIMSS,2015,TALIS,2013.0,2.0,JOB_SATISFACTION_PROFESSION,TJSPROS,11.0893,+,teacher,B,primary_predictor,cross_program_lag
KOR,PISA,2015,TALIS,2013.0,2.0,EFFECTIVE_PD,TEFFPROS,8.0427,+,teacher,B,primary_predictor,cross_program_lag
KOR,TIMSS,2015,TALIS,2013.0,2.0,EFFECTIVE_PD,TEFFPROS,8.0427,+,teacher,B,primary_predictor,cross_program_lag
LVA,PISA,2015,TALIS,2013.0,2.0,TEACHER_SELF_EFFICACY_CLS_MGMT,SECLSS,12.514,+,teacher,A,primary_predictor,cross_program_lag
LVA,TIMSS,2015,TALIS,2013.0,2.0,TEACHER_SELF_EFFICACY_CLS_MGMT,SECLSS,12.514,+,teacher,A,primary_predictor,cross_program_lag
LVA,PISA,2015,TALIS,2013.0,2.0,DISCIPLINARY_CLIMATE,TCDISCS,11.1041,+,teacher,A,primary_predictor,cross_program_lag
LVA,TIMSS,2015,TALIS,2013.0,2.0,DISCIPLINARY_CLIMATE,TCDISCS,11.1041,+,teacher,A,primary_predictor,cross_program_lag
LVA,PISA,2015,TALIS,2013.0,2.0,JOB_SATISFACTION_PROFESSION,TJSPROS,11.0051,+,teacher,B,primary_predictor,cross_program_lag
LVA,TIMSS,2015,TALIS,2013.0,2.0,JOB_SATISFACTION_PROFESSION,TJSPROS,11.0051,+,teacher,B,primary_predictor,cross_program_lag
LVA,PISA,2015,TALIS,2013.0,2.0,EFFECTIVE_PD,TEFFPROS,9.3997,+,teacher,B,primary_predictor,cross_program_lag
LVA,TIMSS,2015,TALIS,2013.0,2.0,EFFECTIVE_PD,TEFFPROS,9.3997,+,teacher,B,primary_predictor,cross_program_lag
MEX,PISA,2015,TALIS,2013.0,2.0,TEACHER_SELF_EFFICACY_CLS_MGMT,SECLSS,12.5241,+,teacher,A,primary_predictor,cross_program_lag
MEX,TIMSS,2015,TALIS,2013.0,2.0,TEACHER_SELF_EFFICACY_CLS_MGMT,SECLSS,12.5241,+,teacher,A,primary_predictor,cross_program_lag
MEX,PISA,2015,TALIS,2013.0,2.0,DISCIPLINARY_CLIMATE,TCDISCS,11.4875,+,teacher,A,primary_predictor,cross_program_lag
MEX,TIMSS,2015,TALIS,2013.0,2.0,DISCIPLINARY_CLIMATE,TCDISCS,11.4875,+,teacher,A,primary_predictor,cross_program_lag
MEX,PISA,2015,TALIS,2013.0,2.0,JOB_SATISFACTION_PROFESSION,TJSPROS,13.4603,+,teacher,B,primary_predictor,cross_program_lag
MEX,TIMSS,2015,TALIS,2013.0,2.0,JOB_SATISFACTION_PROFESSION,TJSPROS,13.4603,+,teacher,B,primary_predictor,cross_program_lag
MEX,PISA,2015,TALIS,2013.0,2.0,EFFECTIVE_PD,TEFFPROS,9.304,+,teacher,B,primary_predictor,cross_program_lag
MEX,TIMSS,2015,TALIS,2013.0,2.0,EFFECTIVE_PD,TEFFPROS,9.304,+,teacher,B,primary_predictor,cross_program_lag
NLD,PISA,2015,TALIS,2013.0,2.0,TEACHER_SELF_EFFICACY_CLS_MGMT,SECLSS,12.7159,+,teacher,A,primary_predictor,cross_program_lag
NLD,TIMSS,2015,TALIS,2013.0,2.0,TEACHER_SELF_EFFICACY_CLS_MGMT,SECLSS,12.7159,+,teacher,A,primary_predictor,cross_program_lag
NLD,PISA,2015,TALIS,2013.0,2.0,DISCIPLINARY_CLIMATE,TCDISCS,10.724,+,teacher,A,primary_predictor,cross_program_lag
NLD,TIMSS,2015,TALIS,2013.0,2.0,DISCIPLINARY_CLIMATE,TCDISCS,10.724,+,teacher,A,primary_predictor,cross_program_lag
NLD,PISA,2015,TALIS,2013.0,2.0,JOB_SATISFACTION_PROFESSION,TJSPROS,12.25,+,teacher,B,primary_predictor,cross_program_lag
NLD,TIMSS,2015,TALIS,2013.0,2.0,JOB_SATISFACTION_PROFESSION,TJSPROS,12.25,+,teacher,B,primary_predictor,cross_program_lag
NLD,PISA,2015,TALIS,2013.0,2.0,EFFECTIVE_PD,TEFFPROS,9.2492,+,teacher,B,primary_predictor,cross_program_lag
NLD,TIMSS,2015,TALIS,2013.0,2.0,EFFECTIVE_PD,TEFFPROS,9.2492,+,teacher,B,primary_predictor,cross_program_lag
NOR,PISA,2015,TALIS,2013.0,2.0,TEACHER_SELF_EFFICACY_CLS_MGMT,SECLSS,12.1775,+,teacher,A,primary_predictor,cross_program_lag
NOR,TIMSS,2015,TALIS,2013.0,2.0,TEACHER_SELF_EFFICACY_CLS_MGMT,SECLSS,12.1775,+,teacher,A,primary_predictor,cross_program_lag
NOR,PISA,2015,TALIS,2013.0,2.0,DISCIPLINARY_CLIMATE,TCDISCS,11.079,+,teacher,A,primary_predictor,cross_program_lag
NOR,TIMSS,2015,TALIS,2013.0,2.0,DISCIPLINARY_CLIMATE,TCDISCS,11.079,+,teacher,A,primary_predictor,cross_program_lag
NOR,PISA,2015,TALIS,2013.0,2.0,JOB_SATISFACTION_PROFESSION,TJSPROS,11.7781,+,teacher,B,primary_predictor,cross_program_lag
NOR,TIMSS,2015,TALIS,2013.0,2.0,JOB_SATISFACTION_PROFESSION,TJSPROS,11.7781,+,teacher,B,primary_predictor,cross_program_lag
NOR,PISA,2015,TALIS,2013.0,2.0,EFFECTIVE_PD,TEFFPROS,7.6328,+,teacher,B,primary_predictor,cross_program_lag
NOR,TIMSS,2015,TALIS,2013.0,2.0,EFFECTIVE_PD,TEFFPROS,7.6328,+,teacher,B,primary_predictor,cross_program_lag
NZL,PISA,2015,TALIS,2013.0,2.0,TEACHER_SELF_EFFICACY_CLS_MGMT,SECLSS,13.0726,+,teacher,A,primary_predictor,cross_program_lag
NZL,TIMSS,2015,TALIS,2013.0,2.0,TEACHER_SELF_EFFICACY_CLS_MGMT,SECLSS,13.0726,+,teacher,A,primary_predictor,cross_program_lag
NZL,PISA,2015,TALIS,2013.0,2.0,DISCIPLINARY_CLIMATE,TCDISCS,11.497,+,teacher,A,primary_predictor,cross_program_lag
NZL,TIMSS,2015,TALIS,2013.0,2.0,DISCIPLINARY_CLIMATE,TCDISCS,11.497,+,teacher,A,primary_predictor,cross_program_lag
NZL,PISA,2015,TALIS,2013.0,2.0,JOB_SATISFACTION_PROFESSION,TJSPROS,12.2809,+,teacher,B,primary_predictor,cross_program_lag
NZL,TIMSS,2015,TALIS,2013.0,2.0,JOB_SATISFACTION_PROFESSION,TJSPROS,12.2809,+,teacher,B,primary_predictor,cross_program_lag
NZL,PISA,2015,TALIS,2013.0,2.0,EFFECTIVE_PD,TEFFPROS,9.3599,+,teacher,B,primary_predictor,cross_program_lag
NZL,TIMSS,2015,TALIS,2013.0,2.0,EFFECTIVE_PD,TEFFPROS,9.3599,+,teacher,B,primary_predictor,cross_program_lag
PRT,PISA,2015,TALIS,2013.0,2.0,TEACHER_SELF_EFFICACY_CLS_MGMT,SECLSS,13.5229,+,teacher,A,primary_predictor,cross_program_lag
PRT,TIMSS,2015,TALIS,2013.0,2.0,TEACHER_SELF_EFFICACY_CLS_MGMT,SECLSS,13.5229,+,teacher,A,primary_predictor,cross_program_lag
PRT,PISA,2015,TALIS,2013.0,2.0,DISCIPLINARY_CLIMATE,TCDISCS,10.5547,+,teacher,A,primary_predictor,cross_program_lag
PRT,TIMSS,2015,TALIS,2013.0,2.0,DISCIPLINARY_CLIMATE,TCDISCS,10.5547,+,teacher,A,primary_predictor,cross_program_lag
PRT,PISA,2015,TALIS,2013.0,2.0,JOB_SATISFACTION_PROFESSION,TJSPROS,11.2521,+,teacher,B,primary_predictor,cross_program_lag
PRT,TIMSS,2015,TALIS,2013.0,2.0,JOB_SATISFACTION_PROFESSION,TJSPROS,11.2521,+,teacher,B,primary_predictor,cross_program_lag
PRT,PISA,2015,TALIS,2013.0,2.0,EFFECTIVE_PD,TEFFPROS,9.0479,+,teacher,B,primary_predictor,cross_program_lag
PRT,TIMSS,2015,TALIS,2013.0,2.0,EFFECTIVE_PD,TEFFPROS,9.0479,+,teacher,B,primary_predictor,cross_program_lag
RUS,PISA,2015,TALIS,2013.0,2.0,TEACHER_SELF_EFFICACY_CLS_MGMT,SECLSS,13.5213,+,teacher,A,primary_predictor,cross_program_lag
RUS,TIMSS,2015,TALIS,2013.0,2.0,TEACHER_SELF_EFFICACY_CLS_MGMT,SECLSS,13.5213,+,teacher,A,primary_predictor,cross_program_lag
RUS,PISA,2015,TALIS,2013.0,2.0,DISCIPLINARY_CLIMATE,TCDISCS,11.8336,+,teacher,A,primary_predictor,cross_program_lag
RUS,TIMSS,2015,TALIS,2013.0,2.0,DISCIPLINARY_CLIMATE,TCDISCS,11.8336,+,teacher,A,primary_predictor,cross_program_lag
RUS,PISA,2015,TALIS,2013.0,2.0,JOB_SATISFACTION_PROFESSION,TJSPROS,11.7239,+,teacher,B,primary_predictor,cross_program_lag
RUS,TIMSS,2015,TALIS,2013.0,2.0,JOB_SATISFACTION_PROFESSION,TJSPROS,11.7239,+,teacher,B,primary_predictor,cross_program_lag
RUS,PISA,2015,TALIS,2013.0,2.0,EFFECTIVE_PD,TEFFPROS,9.3378,+,teacher,B,primary_predictor,cross_program_lag
RUS,TIMSS,2015,TALIS,2013.0,2.0,EFFECTIVE_PD,TEFFPROS,9.3378,+,teacher,B,primary_predictor,cross_program_lag
SGP,PISA,2015,TALIS,2013.0,2.0,TEACHER_SELF_EFFICACY_CLS_MGMT,SECLSS,12.2948,+,teacher,A,primary_predictor,cross_program_lag
SGP,TIMSS,2015,TALIS,2013.0,2.0,TEACHER_SELF_EFFICACY_CLS_MGMT,SECLSS,12.2948,+,teacher,A,primary_predictor,cross_program_lag
SGP,PISA,2015,TALIS,2013.0,2.0,DISCIPLINARY_CLIMATE,TCDISCS,10.4757,+,teacher,A,primary_predictor,cross_program_lag
SGP,TIMSS,2015,TALIS,2013.0,2.0,DISCIPLINARY_CLIMATE,TCDISCS,10.4757,+,teacher,A,primary_predictor,cross_program_lag
SGP,PISA,2015,TALIS,2013.0,2.0,JOB_SATISFACTION_PROFESSION,TJSPROS,11.4666,+,teacher,B,primary_predictor,cross_program_lag
SGP,TIMSS,2015,TALIS,2013.0,2.0,JOB_SATISFACTION_PROFESSION,TJSPROS,11.4666,+,teacher,B,primary_predictor,cross_program_lag
SGP,PISA,2015,TALIS,2013.0,2.0,EFFECTIVE_PD,TEFFPROS,9.1502,+,teacher,B,primary_predictor,cross_program_lag
SGP,TIMSS,2015,TALIS,2013.0,2.0,EFFECTIVE_PD,TEFFPROS,9.1502,+,teacher,B,primary_predictor,cross_program_lag
SRB,PISA,2015,TALIS,2013.0,2.0,TEACHER_SELF_EFFICACY_CLS_MGMT,SECLSS,12.7692,+,teacher,A,primary_predictor,cross_program_lag
SRB,TIMSS,2015,TALIS,2013.0,2.0,TEACHER_SELF_EFFICACY_CLS_MGMT,SECLSS,12.7692,+,teacher,A,primary_predictor,cross_program_lag
SRB,PISA,2015,TALIS,2013.0,2.0,DISCIPLINARY_CLIMATE,TCDISCS,11.6843,+,teacher,A,primary_predictor,cross_program_lag
SRB,TIMSS,2015,TALIS,2013.0,2.0,DISCIPLINARY_CLIMATE,TCDISCS,11.6843,+,teacher,A,primary_predictor,cross_program_lag
SRB,PISA,2015,TALIS,2013.0,2.0,JOB_SATISFACTION_PROFESSION,TJSPROS,12.1284,+,teacher,B,primary_predictor,cross_program_lag
SRB,TIMSS,2015,TALIS,2013.0,2.0,JOB_SATISFACTION_PROFESSION,TJSPROS,12.1284,+,teacher,B,primary_predictor,cross_program_lag
SRB,PISA,2015,TALIS,2013.0,2.0,EFFECTIVE_PD,TEFFPROS,8.4775,+,teacher,B,primary_predictor,cross_program_lag
SRB,TIMSS,2015,TALIS,2013.0,2.0,EFFECTIVE_PD,TEFFPROS,8.4775,+,teacher,B,primary_predictor,cross_program_lag
SVK,PISA,2015,TALIS,2013.0,2.0,TEACHER_SELF_EFFICACY_CLS_MGMT,SECLSS,13.1822,+,teacher,A,primary_predictor,cross_program_lag
SVK,TIMSS,2015,TALIS,2013.0,2.0,TEACHER_SELF_EFFICACY_CLS_MGMT,SECLSS,13.1822,+,teacher,A,primary_predictor,cross_program_lag
SVK,PISA,2015,TALIS,2013.0,2.0,DISCIPLINARY_CLIMATE,TCDISCS,10.715,+,teacher,A,primary_predictor,cross_program_lag
SVK,TIMSS,2015,TALIS,2013.0,2.0,DISCIPLINARY_CLIMATE,TCDISCS,10.715,+,teacher,A,primary_predictor,cross_program_lag
SVK,PISA,2015,TALIS,2013.0,2.0,JOB_SATISFACTION_PROFESSION,TJSPROS,10.8109,+,teacher,B,primary_predictor,cross_program_lag
SVK,TIMSS,2015,TALIS,2013.0,2.0,JOB_SATISFACTION_PROFESSION,TJSPROS,10.8109,+,teacher,B,primary_predictor,cross_program_lag
SVK,PISA,2015,TALIS,2013.0,2.0,EFFECTIVE_PD,TEFFPROS,8.1371,+,teacher,B,primary_predictor,cross_program_lag
SVK,TIMSS,2015,TALIS,2013.0,2.0,EFFECTIVE_PD,TEFFPROS,8.1371,+,teacher,B,primary_predictor,cross_program_lag
SWE,PISA,2015,TALIS,2013.0,2.0,TEACHER_SELF_EFFICACY_CLS_MGMT,SECLSS,12.5574,+,teacher,A,primary_predictor,cross_program_lag
SWE,TIMSS,2015,TALIS,2013.0,2.0,TEACHER_SELF_EFFICACY_CLS_MGMT,SECLSS,12.5574,+,teacher,A,primary_predictor,cross_program_lag
SWE,PISA,2015,TALIS,2013.0,2.0,DISCIPLINARY_CLIMATE,TCDISCS,11.0654,+,teacher,A,primary_predictor,cross_program_lag
SWE,TIMSS,2015,TALIS,2013.0,2.0,DISCIPLINARY_CLIMATE,TCDISCS,11.0654,+,teacher,A,primary_predictor,cross_program_lag
SWE,PISA,2015,TALIS,2013.0,2.0,JOB_SATISFACTION_PROFESSION,TJSPROS,10.7058,+,teacher,B,primary_predictor,cross_program_lag
SWE,TIMSS,2015,TALIS,2013.0,2.0,JOB_SATISFACTION_PROFESSION,TJSPROS,10.7058,+,teacher,B,primary_predictor,cross_program_lag
SWE,PISA,2015,TALIS,2013.0,2.0,EFFECTIVE_PD,TEFFPROS,8.382,+,teacher,B,primary_predictor,cross_program_lag
SWE,TIMSS,2015,TALIS,2013.0,2.0,EFFECTIVE_PD,TEFFPROS,8.382,+,teacher,B,primary_predictor,cross_program_lag
USA,PISA,2015,TALIS,2013.0,2.0,TEACHER_SELF_EFFICACY_CLS_MGMT,SECLSS,12.9736,+,teacher,A,primary_predictor,cross_program_lag
USA,TIMSS,2015,TALIS,2013.0,2.0,TEACHER_SELF_EFFICACY_CLS_MGMT,SECLSS,12.9736,+,teacher,A,primary_predictor,cross_program_lag
USA,PISA,2015,TALIS,2013.0,2.0,DISCIPLINARY_CLIMATE,TCDISCS,11.1951,+,teacher,A,primary_predictor,cross_program_lag
USA,TIMSS,2015,TALIS,2013.0,2.0,DISCIPLINARY_CLIMATE,TCDISCS,11.1951,+,teacher,A,primary_predictor,cross_program_lag
USA,PISA,2015,TALIS,2013.0,2.0,JOB_SATISFACTION_PROFESSION,TJSPROS,12.3338,+,teacher,B,primary_predictor,cross_program_lag
USA,TIMSS,2015,TALIS,2013.0,2.0,JOB_SATISFACTION_PROFESSION,TJSPROS,12.3338,+,teacher,B,primary_predictor,cross_program_lag
USA,PISA,2015,TALIS,2013.0,2.0,EFFECTIVE_PD,TEFFPROS,9.8179,+,teacher,B,primary_predictor,cross_program_lag
USA,TIMSS,2015,TALIS,2013.0,2.0,EFFECTIVE_PD,TEFFPROS,9.8179,+,teacher,B,primary_predictor,cross_program_lag
ARE,PISA,2022,TALIS,2018.0,4.0,TEACHER_SELF_EFFICACY_CLS_MGMT,SECLSS,12.6382,+,teacher,A,primary_predictor,cross_program_lag
ARE,TIMSS,2019,TALIS,2018.0,1.0,TEACHER_SELF_EFFICACY_CLS_MGMT,SECLSS,12.6382,+,teacher,A,primary_predictor,cross_program_lag
ARE,PISA,2022,TALIS,2018.0,4.0,DISCIPLINARY_CLIMATE,TCDISCS,8.7688,+,teacher,A,primary_predictor,cross_program_lag
ARE,TIMSS,2019,TALIS,2018.0,1.0,DISCIPLINARY_CLIMATE,TCDISCS,8.7688,+,teacher,A,primary_predictor,cross_program_lag
ARE,PISA,2022,TALIS,2018.0,4.0,JOB_SATISFACTION_PROFESSION,TJSPROS,11.4571,+,teacher,B,primary_predictor,cross_program_lag
ARE,TIMSS,2019,TALIS,2018.0,1.0,JOB_SATISFACTION_PROFESSION,TJSPROS,11.4571,+,teacher,B,primary_predictor,cross_program_lag
ARE,PISA,2022,TALIS,2018.0,4.0,EFFECTIVE_PD,TEFFPROS,11.3961,+,teacher,B,primary_predictor,cross_program_lag
ARE,TIMSS,2019,TALIS,2018.0,1.0,EFFECTIVE_PD,TEFFPROS,11.3961,+,teacher,B,primary_predictor,cross_program_lag
AUS,PISA,2022,TALIS,2018.0,4.0,TEACHER_SELF_EFFICACY_CLS_MGMT,SECLSS,12.6385,+,teacher,A,primary_predictor,cross_program_lag
AUS,TIMSS,2019,TALIS,2018.0,1.0,TEACHER_SELF_EFFICACY_CLS_MGMT,SECLSS,12.6385,+,teacher,A,primary_predictor,cross_program_lag
AUS,PISA,2022,TALIS,2018.0,4.0,DISCIPLINARY_CLIMATE,TCDISCS,8.769,+,teacher,A,primary_predictor,cross_program_lag
AUS,TIMSS,2019,TALIS,2018.0,1.0,DISCIPLINARY_CLIMATE,TCDISCS,8.769,+,teacher,A,primary_predictor,cross_program_lag
AUS,PISA,2022,TALIS,2018.0,4.0,JOB_SATISFACTION_PROFESSION,TJSPROS,11.4569,+,teacher,B,primary_predictor,cross_program_lag
AUS,TIMSS,2019,TALIS,2018.0,1.0,JOB_SATISFACTION_PROFESSION,TJSPROS,11.4569,+,teacher,B,primary_predictor,cross_program_lag
AUS,PISA,2022,TALIS,2018.0,4.0,EFFECTIVE_PD,TEFFPROS,12.2655,+,teacher,B,primary_predictor,cross_program_lag
AUS,TIMSS,2019,TALIS,2018.0,1.0,EFFECTIVE_PD,TEFFPROS,12.2655,+,teacher,B,primary_predictor,cross_program_lag
AUT,PISA,2022,TALIS,2018.0,4.0,TEACHER_SELF_EFFICACY_CLS_MGMT,SECLSS,12.6394,+,teacher,A,primary_predictor,cross_program_lag
AUT,TIMSS,2019,TALIS,2018.0,1.0,TEACHER_SELF_EFFICACY_CLS_MGMT,SECLSS,12.6394,+,teacher,A,primary_predictor,cross_program_lag
AUT,PISA,2022,TALIS,2018.0,4.0,DISCIPLINARY_CLIMATE,TCDISCS,8.7693,+,teacher,A,primary_predictor,cross_program_lag
AUT,TIMSS,2019,TALIS,2018.0,1.0,DISCIPLINARY_CLIMATE,TCDISCS,8.7693,+,teacher,A,primary_predictor,cross_program_lag
AUT,PISA,2022,TALIS,2018.0,4.0,JOB_SATISFACTION_PROFESSION,TJSPROS,11.4571,+,teacher,B,primary_predictor,cross_program_lag
AUT,TIMSS,2019,TALIS,2018.0,1.0,JOB_SATISFACTION_PROFESSION,TJSPROS,11.4571,+,teacher,B,primary_predictor,cross_program_lag
AUT,PISA,2022,TALIS,2018.0,4.0,EFFECTIVE_PD,TEFFPROS,12.2129,+,teacher,B,primary_predictor,cross_program_lag
AUT,TIMSS,2019,TALIS,2018.0,1.0,EFFECTIVE_PD,TEFFPROS,12.2129,+,teacher,B,primary_predictor,cross_program_lag
BEL,PISA,2022,TALIS,2018.0,4.0,TEACHER_SELF_EFFICACY_CLS_MGMT,SECLSS,12.6381,+,teacher,A,primary_predictor,cross_program_lag
BEL,TIMSS,2019,TALIS,2018.0,1.0,TEACHER_SELF_EFFICACY_CLS_MGMT,SECLSS,12.6381,+,teacher,A,primary_predictor,cross_program_lag
BEL,PISA,2022,TALIS,2018.0,4.0,DISCIPLINARY_CLIMATE,TCDISCS,8.7689,+,teacher,A,primary_predictor,cross_program_lag
BEL,TIMSS,2019,TALIS,2018.0,1.0,DISCIPLINARY_CLIMATE,TCDISCS,8.7689,+,teacher,A,primary_predictor,cross_program_lag
BEL,PISA,2022,TALIS,2018.0,4.0,JOB_SATISFACTION_PROFESSION,TJSPROS,11.4569,+,teacher,B,primary_predictor,cross_program_lag
BEL,TIMSS,2019,TALIS,2018.0,1.0,JOB_SATISFACTION_PROFESSION,TJSPROS,11.4569,+,teacher,B,primary_predictor,cross_program_lag
BEL,PISA,2022,TALIS,2018.0,4.0,EFFECTIVE_PD,TEFFPROS,12.2789,+,teacher,B,primary_predictor,cross_program_lag
BEL,TIMSS,2019,TALIS,2018.0,1.0,EFFECTIVE_PD,TEFFPROS,12.2789,+,teacher,B,primary_predictor,cross_program_lag
BGR,PISA,2022,TALIS,2018.0,4.0,TEACHER_SELF_EFFICACY_CLS_MGMT,SECLSS,12.6373,+,teacher,A,primary_predictor,cross_program_lag
BGR,TIMSS,2019,TALIS,2018.0,1.0,TEACHER_SELF_EFFICACY_CLS_MGMT,SECLSS,12.6373,+,teacher,A,primary_predictor,cross_program_lag
BGR,PISA,2022,TALIS,2018.0,4.0,DISCIPLINARY_CLIMATE,TCDISCS,8.7704,+,teacher,A,primary_predictor,cross_program_lag
BGR,TIMSS,2019,TALIS,2018.0,1.0,DISCIPLINARY_CLIMATE,TCDISCS,8.7704,+,teacher,A,primary_predictor,cross_program_lag
BGR,PISA,2022,TALIS,2018.0,4.0,JOB_SATISFACTION_PROFESSION,TJSPROS,11.4547,+,teacher,B,primary_predictor,cross_program_lag
BGR,TIMSS,2019,TALIS,2018.0,1.0,JOB_SATISFACTION_PROFESSION,TJSPROS,11.4547,+,teacher,B,primary_predictor,cross_program_lag
BGR,PISA,2022,TALIS,2018.0,4.0,EFFECTIVE_PD,TEFFPROS,12.2859,+,teacher,B,primary_predictor,cross_program_lag
BGR,TIMSS,2019,TALIS,2018.0,1.0,EFFECTIVE_PD,TEFFPROS,12.2859,+,teacher,B,primary_predictor,cross_program_lag
BRA,PISA,2022,TALIS,2018.0,4.0,TEACHER_SELF_EFFICACY_CLS_MGMT,SECLSS,12.6411,+,teacher,A,primary_predictor,cross_program_lag
BRA,TIMSS,2019,TALIS,2018.0,1.0,TEACHER_SELF_EFFICACY_CLS_MGMT,SECLSS,12.6411,+,teacher,A,primary_predictor,cross_program_lag
BRA,PISA,2022,TALIS,2018.0,4.0,DISCIPLINARY_CLIMATE,TCDISCS,8.7685,+,teacher,A,primary_predictor,cross_program_lag
BRA,TIMSS,2019,TALIS,2018.0,1.0,DISCIPLINARY_CLIMATE,TCDISCS,8.7685,+,teacher,A,primary_predictor,cross_program_lag
BRA,PISA,2022,TALIS,2018.0,4.0,JOB_SATISFACTION_PROFESSION,TJSPROS,11.4577,+,teacher,B,primary_predictor,cross_program_lag
BRA,TIMSS,2019,TALIS,2018.0,1.0,JOB_SATISFACTION_PROFESSION,TJSPROS,11.4577,+,teacher,B,primary_predictor,cross_program_lag
BRA,PISA,2022,TALIS,2018.0,4.0,EFFECTIVE_PD,TEFFPROS,13.0083,+,teacher,B,primary_predictor,cross_program_lag
BRA,TIMSS,2019,TALIS,2018.0,1.0,EFFECTIVE_PD,TEFFPROS,13.0083,+,teacher,B,primary_predictor,cross_program_lag
COL,PISA,2022,TALIS,2018.0,4.0,TEACHER_SELF_EFFICACY_CLS_MGMT,SECLSS,12.6381,+,teacher,A,primary_predictor,cross_program_lag
COL,TIMSS,2019,TALIS,2018.0,1.0,TEACHER_SELF_EFFICACY_CLS_MGMT,SECLSS,12.6381,+,teacher,A,primary_predictor,cross_program_lag
COL,PISA,2022,TALIS,2018.0,4.0,DISCIPLINARY_CLIMATE,TCDISCS,8.7702,+,teacher,A,primary_predictor,cross_program_lag
COL,TIMSS,2019,TALIS,2018.0,1.0,DISCIPLINARY_CLIMATE,TCDISCS,8.7702,+,teacher,A,primary_predictor,cross_program_lag
COL,PISA,2022,TALIS,2018.0,4.0,JOB_SATISFACTION_PROFESSION,TJSPROS,11.4572,+,teacher,B,primary_predictor,cross_program_lag
COL,TIMSS,2019,TALIS,2018.0,1.0,JOB_SATISFACTION_PROFESSION,TJSPROS,11.4572,+,teacher,B,primary_predictor,cross_program_lag
COL,PISA,2022,TALIS,2018.0,4.0,EFFECTIVE_PD,TEFFPROS,12.0465,+,teacher,B,primary_predictor,cross_program_lag
COL,TIMSS,2019,TALIS,2018.0,1.0,EFFECTIVE_PD,TEFFPROS,12.0465,+,teacher,B,primary_predictor,cross_program_lag
CYP,PISA,2022,TALIS,2018.0,4.0,TEACHER_SELF_EFFICACY_CLS_MGMT,SECLSS,12.6393,+,teacher,A,primary_predictor,cross_program_lag
CYP,TIMSS,2019,TALIS,2018.0,1.0,TEACHER_SELF_EFFICACY_CLS_MGMT,SECLSS,12.6393,+,teacher,A,primary_predictor,cross_program_lag
CYP,PISA,2022,TALIS,2018.0,4.0,DISCIPLINARY_CLIMATE,TCDISCS,8.7692,+,teacher,A,primary_predictor,cross_program_lag
CYP,TIMSS,2019,TALIS,2018.0,1.0,DISCIPLINARY_CLIMATE,TCDISCS,8.7692,+,teacher,A,primary_predictor,cross_program_lag
CYP,PISA,2022,TALIS,2018.0,4.0,JOB_SATISFACTION_PROFESSION,TJSPROS,11.457,+,teacher,B,primary_predictor,cross_program_lag
CYP,TIMSS,2019,TALIS,2018.0,1.0,JOB_SATISFACTION_PROFESSION,TJSPROS,11.457,+,teacher,B,primary_predictor,cross_program_lag
CYP,PISA,2022,TALIS,2018.0,4.0,EFFECTIVE_PD,TEFFPROS,12.2152,+,teacher,B,primary_predictor,cross_program_lag
CYP,TIMSS,2019,TALIS,2018.0,1.0,EFFECTIVE_PD,TEFFPROS,12.2152,+,teacher,B,primary_predictor,cross_program_lag
DNK,PISA,2022,TALIS,2018.0,4.0,TEACHER_SELF_EFFICACY_CLS_MGMT,SECLSS,12.638,+,teacher,A,primary_predictor,cross_program_lag
DNK,TIMSS,2019,TALIS,2018.0,1.0,TEACHER_SELF_EFFICACY_CLS_MGMT,SECLSS,12.638,+,teacher,A,primary_predictor,cross_program_lag
DNK,PISA,2022,TALIS,2018.0,4.0,DISCIPLINARY_CLIMATE,TCDISCS,8.7676,+,teacher,A,primary_predictor,cross_program_lag
DNK,TIMSS,2019,TALIS,2018.0,1.0,DISCIPLINARY_CLIMATE,TCDISCS,8.7676,+,teacher,A,primary_predictor,cross_program_lag
DNK,PISA,2022,TALIS,2018.0,4.0,JOB_SATISFACTION_PROFESSION,TJSPROS,11.4555,+,teacher,B,primary_predictor,cross_program_lag
DNK,TIMSS,2019,TALIS,2018.0,1.0,JOB_SATISFACTION_PROFESSION,TJSPROS,11.4555,+,teacher,B,primary_predictor,cross_program_lag
DNK,PISA,2022,TALIS,2018.0,4.0,EFFECTIVE_PD,TEFFPROS,10.4206,+,teacher,B,primary_predictor,cross_program_lag
DNK,TIMSS,2019,TALIS,2018.0,1.0,EFFECTIVE_PD,TEFFPROS,10.4206,+,teacher,B,primary_predictor,cross_program_lag
ESP,PISA,2022,TALIS,2018.0,4.0,TEACHER_SELF_EFFICACY_CLS_MGMT,SECLSS,12.6385,+,teacher,A,primary_predictor,cross_program_lag
ESP,TIMSS,2019,TALIS,2018.0,1.0,TEACHER_SELF_EFFICACY_CLS_MGMT,SECLSS,12.6385,+,teacher,A,primary_predictor,cross_program_lag
ESP,PISA,2022,TALIS,2018.0,4.0,DISCIPLINARY_CLIMATE,TCDISCS,8.7691,+,teacher,A,primary_predictor,cross_program_lag
ESP,TIMSS,2019,TALIS,2018.0,1.0,DISCIPLINARY_CLIMATE,TCDISCS,8.7691,+,teacher,A,primary_predictor,cross_program_lag
ESP,PISA,2022,TALIS,2018.0,4.0,JOB_SATISFACTION_PROFESSION,TJSPROS,11.4575,+,teacher,B,primary_predictor,cross_program_lag
ESP,TIMSS,2019,TALIS,2018.0,1.0,JOB_SATISFACTION_PROFESSION,TJSPROS,11.4575,+,teacher,B,primary_predictor,cross_program_lag
ESP,PISA,2022,TALIS,2018.0,4.0,EFFECTIVE_PD,TEFFPROS,14.9596,+,teacher,B,primary_predictor,cross_program_lag
ESP,TIMSS,2019,TALIS,2018.0,1.0,EFFECTIVE_PD,TEFFPROS,14.9596,+,teacher,B,primary_predictor,cross_program_lag
FIN,PISA,2022,TALIS,2018.0,4.0,TEACHER_SELF_EFFICACY_CLS_MGMT,SECLSS,12.6384,+,teacher,A,primary_predictor,cross_program_lag
FIN,TIMSS,2019,TALIS,2018.0,1.0,TEACHER_SELF_EFFICACY_CLS_MGMT,SECLSS,12.6384,+,teacher,A,primary_predictor,cross_program_lag
FIN,PISA,2022,TALIS,2018.0,4.0,DISCIPLINARY_CLIMATE,TCDISCS,8.769,+,teacher,A,primary_predictor,cross_program_lag
FIN,TIMSS,2019,TALIS,2018.0,1.0,DISCIPLINARY_CLIMATE,TCDISCS,8.769,+,teacher,A,primary_predictor,cross_program_lag
FIN,PISA,2022,TALIS,2018.0,4.0,JOB_SATISFACTION_PROFESSION,TJSPROS,11.4568,+,teacher,B,primary_predictor,cross_program_lag
FIN,TIMSS,2019,TALIS,2018.0,1.0,JOB_SATISFACTION_PROFESSION,TJSPROS,11.4568,+,teacher,B,primary_predictor,cross_program_lag
FIN,PISA,2022,TALIS,2018.0,4.0,EFFECTIVE_PD,TEFFPROS,12.2428,+,teacher,B,primary_predictor,cross_program_lag
FIN,TIMSS,2019,TALIS,2018.0,1.0,EFFECTIVE_PD,TEFFPROS,12.2428,+,teacher,B,primary_predictor,cross_program_lag
FRA,PISA,2022,TALIS,2018.0,4.0,TEACHER_SELF_EFFICACY_CLS_MGMT,SECLSS,12.6383,+,teacher,A,primary_predictor,cross_program_lag
FRA,TIMSS,2019,TALIS,2018.0,1.0,TEACHER_SELF_EFFICACY_CLS_MGMT,SECLSS,12.6383,+,teacher,A,primary_predictor,cross_program_lag
FRA,PISA,2022,TALIS,2018.0,4.0,DISCIPLINARY_CLIMATE,TCDISCS,8.7691,+,teacher,A,primary_predictor,cross_program_lag
FRA,TIMSS,2019,TALIS,2018.0,1.0,DISCIPLINARY_CLIMATE,TCDISCS,8.7691,+,teacher,A,primary_predictor,cross_program_lag
FRA,PISA,2022,TALIS,2018.0,4.0,JOB_SATISFACTION_PROFESSION,TJSPROS,11.4566,+,teacher,B,primary_predictor,cross_program_lag
FRA,TIMSS,2019,TALIS,2018.0,1.0,JOB_SATISFACTION_PROFESSION,TJSPROS,11.4566,+,teacher,B,primary_predictor,cross_program_lag
FRA,PISA,2022,TALIS,2018.0,4.0,EFFECTIVE_PD,TEFFPROS,14.0241,+,teacher,B,primary_predictor,cross_program_lag
FRA,TIMSS,2019,TALIS,2018.0,1.0,EFFECTIVE_PD,TEFFPROS,14.0241,+,teacher,B,primary_predictor,cross_program_lag
GEO,PISA,2022,TALIS,2018.0,4.0,TEACHER_SELF_EFFICACY_CLS_MGMT,SECLSS,12.6369,+,teacher,A,primary_predictor,cross_program_lag
GEO,TIMSS,2019,TALIS,2018.0,1.0,TEACHER_SELF_EFFICACY_CLS_MGMT,SECLSS,12.6369,+,teacher,A,primary_predictor,cross_program_lag
GEO,PISA,2022,TALIS,2018.0,4.0,DISCIPLINARY_CLIMATE,TCDISCS,8.7705,+,teacher,A,primary_predictor,cross_program_lag
GEO,TIMSS,2019,TALIS,2018.0,1.0,DISCIPLINARY_CLIMATE,TCDISCS,8.7705,+,teacher,A,primary_predictor,cross_program_lag
GEO,PISA,2022,TALIS,2018.0,4.0,JOB_SATISFACTION_PROFESSION,TJSPROS,11.4538,+,teacher,B,primary_predictor,cross_program_lag
GEO,TIMSS,2019,TALIS,2018.0,1.0,JOB_SATISFACTION_PROFESSION,TJSPROS,11.4538,+,teacher,B,primary_predictor,cross_program_lag
GEO,PISA,2022,TALIS,2018.0,4.0,EFFECTIVE_PD,TEFFPROS,12.0047,+,teacher,B,primary_predictor,cross_program_lag
GEO,TIMSS,2019,TALIS,2018.0,1.0,EFFECTIVE_PD,TEFFPROS,12.0047,+,teacher,B,primary_predictor,cross_program_lag
HUN,PISA,2022,TALIS,2018.0,4.0,TEACHER_SELF_EFFICACY_CLS_MGMT,SECLSS,12.6385,+,teacher,A,primary_predictor,cross_program_lag
HUN,TIMSS,2019,TALIS,2018.0,1.0,TEACHER_SELF_EFFICACY_CLS_MGMT,SECLSS,12.6385,+,teacher,A,primary_predictor,cross_program_lag
HUN,PISA,2022,TALIS,2018.0,4.0,DISCIPLINARY_CLIMATE,TCDISCS,8.7689,+,teacher,A,primary_predictor,cross_program_lag
HUN,TIMSS,2019,TALIS,2018.0,1.0,DISCIPLINARY_CLIMATE,TCDISCS,8.7689,+,teacher,A,primary_predictor,cross_program_lag
HUN,PISA,2022,TALIS,2018.0,4.0,JOB_SATISFACTION_PROFESSION,TJSPROS,11.4578,+,teacher,B,primary_predictor,cross_program_lag
HUN,TIMSS,2019,TALIS,2018.0,1.0,JOB_SATISFACTION_PROFESSION,TJSPROS,11.4578,+,teacher,B,primary_predictor,cross_program_lag
ISR,PISA,2022,TALIS,2018.0,4.0,TEACHER_SELF_EFFICACY_CLS_MGMT,SECLSS,12.6387,+,teacher,A,primary_predictor,cross_program_lag
ISR,TIMSS,2019,TALIS,2018.0,1.0,TEACHER_SELF_EFFICACY_CLS_MGMT,SECLSS,12.6387,+,teacher,A,primary_predictor,cross_program_lag
ISR,PISA,2022,TALIS,2018.0,4.0,DISCIPLINARY_CLIMATE,TCDISCS,8.7691,+,teacher,A,primary_predictor,cross_program_lag
ISR,TIMSS,2019,TALIS,2018.0,1.0,DISCIPLINARY_CLIMATE,TCDISCS,8.7691,+,teacher,A,primary_predictor,cross_program_lag
ISR,PISA,2022,TALIS,2018.0,4.0,JOB_SATISFACTION_PROFESSION,TJSPROS,11.457,+,teacher,B,primary_predictor,cross_program_lag
ISR,TIMSS,2019,TALIS,2018.0,1.0,JOB_SATISFACTION_PROFESSION,TJSPROS,11.457,+,teacher,B,primary_predictor,cross_program_lag
ISR,PISA,2022,TALIS,2018.0,4.0,EFFECTIVE_PD,TEFFPROS,12.2089,+,teacher,B,primary_predictor,cross_program_lag
ISR,TIMSS,2019,TALIS,2018.0,1.0,EFFECTIVE_PD,TEFFPROS,12.2089,+,teacher,B,primary_predictor,cross_program_lag
ITA,PISA,2022,TALIS,2018.0,4.0,TEACHER_SELF_EFFICACY_CLS_MGMT,SECLSS,12.6384,+,teacher,A,primary_predictor,cross_program_lag
ITA,TIMSS,2019,TALIS,2018.0,1.0,TEACHER_SELF_EFFICACY_CLS_MGMT,SECLSS,12.6384,+,teacher,A,primary_predictor,cross_program_lag
ITA,PISA,2022,TALIS,2018.0,4.0,DISCIPLINARY_CLIMATE,TCDISCS,8.7691,+,teacher,A,primary_predictor,cross_program_lag
ITA,TIMSS,2019,TALIS,2018.0,1.0,DISCIPLINARY_CLIMATE,TCDISCS,8.7691,+,teacher,A,primary_predictor,cross_program_lag
ITA,PISA,2022,TALIS,2018.0,4.0,JOB_SATISFACTION_PROFESSION,TJSPROS,11.457,+,teacher,B,primary_predictor,cross_program_lag
ITA,TIMSS,2019,TALIS,2018.0,1.0,JOB_SATISFACTION_PROFESSION,TJSPROS,11.457,+,teacher,B,primary_predictor,cross_program_lag
ITA,PISA,2022,TALIS,2018.0,4.0,EFFECTIVE_PD,TEFFPROS,12.233,+,teacher,B,primary_predictor,cross_program_lag
ITA,TIMSS,2019,TALIS,2018.0,1.0,EFFECTIVE_PD,TEFFPROS,12.233,+,teacher,B,primary_predictor,cross_program_lag
KOR,PISA,2022,TALIS,2018.0,4.0,TEACHER_SELF_EFFICACY_CLS_MGMT,SECLSS,12.6404,+,teacher,A,primary_predictor,cross_program_lag
KOR,TIMSS,2019,TALIS,2018.0,1.0,TEACHER_SELF_EFFICACY_CLS_MGMT,SECLSS,12.6404,+,teacher,A,primary_predictor,cross_program_lag
KOR,PISA,2022,TALIS,2018.0,4.0,DISCIPLINARY_CLIMATE,TCDISCS,8.767,+,teacher,A,primary_predictor,cross_program_lag
KOR,TIMSS,2019,TALIS,2018.0,1.0,DISCIPLINARY_CLIMATE,TCDISCS,8.767,+,teacher,A,primary_predictor,cross_program_lag
KOR,PISA,2022,TALIS,2018.0,4.0,JOB_SATISFACTION_PROFESSION,TJSPROS,11.4545,+,teacher,B,primary_predictor,cross_program_lag
KOR,TIMSS,2019,TALIS,2018.0,1.0,JOB_SATISFACTION_PROFESSION,TJSPROS,11.4545,+,teacher,B,primary_predictor,cross_program_lag
KOR,PISA,2022,TALIS,2018.0,4.0,EFFECTIVE_PD,TEFFPROS,11.9715,+,teacher,B,primary_predictor,cross_program_lag
KOR,TIMSS,2019,TALIS,2018.0,1.0,EFFECTIVE_PD,TEFFPROS,11.9715,+,teacher,B,primary_predictor,cross_program_lag
LTU,PISA,2022,TALIS,2018.0,4.0,TEACHER_SELF_EFFICACY_CLS_MGMT,SECLSS,12.6363,+,teacher,A,primary_predictor,cross_program_lag
LTU,TIMSS,2019,TALIS,2018.0,1.0,TEACHER_SELF_EFFICACY_CLS_MGMT,SECLSS,12.6363,+,teacher,A,primary_predictor,cross_program_lag
LTU,PISA,2022,TALIS,2018.0,4.0,DISCIPLINARY_CLIMATE,TCDISCS,8.7709,+,teacher,A,primary_predictor,cross_program_lag
LTU,TIMSS,2019,TALIS,2018.0,1.0,DISCIPLINARY_CLIMATE,TCDISCS,8.7709,+,teacher,A,primary_predictor,cross_program_lag
LTU,PISA,2022,TALIS,2018.0,4.0,JOB_SATISFACTION_PROFESSION,TJSPROS,11.4565,+,teacher,B,primary_predictor,cross_program_lag
LTU,TIMSS,2019,TALIS,2018.0,1.0,JOB_SATISFACTION_PROFESSION,TJSPROS,11.4565,+,teacher,B,primary_predictor,cross_program_lag
LTU,PISA,2022,TALIS,2018.0,4.0,EFFECTIVE_PD,TEFFPROS,12.2463,+,teacher,B,primary_predictor,cross_program_lag
LTU,TIMSS,2019,TALIS,2018.0,1.0,EFFECTIVE_PD,TEFFPROS,12.2463,+,teacher,B,primary_predictor,cross_program_lag
MEX,PISA,2022,TALIS,2018.0,4.0,TEACHER_SELF_EFFICACY_CLS_MGMT,SECLSS,12.6375,+,teacher,A,primary_predictor,cross_program_lag
MEX,TIMSS,2019,TALIS,2018.0,1.0,TEACHER_SELF_EFFICACY_CLS_MGMT,SECLSS,12.6375,+,teacher,A,primary_predictor,cross_program_lag
MEX,PISA,2022,TALIS,2018.0,4.0,DISCIPLINARY_CLIMATE,TCDISCS,8.7671,+,teacher,A,primary_predictor,cross_program_lag
MEX,TIMSS,2019,TALIS,2018.0,1.0,DISCIPLINARY_CLIMATE,TCDISCS,8.7671,+,teacher,A,primary_predictor,cross_program_lag
MEX,PISA,2022,TALIS,2018.0,4.0,JOB_SATISFACTION_PROFESSION,TJSPROS,11.4571,+,teacher,B,primary_predictor,cross_program_lag
MEX,TIMSS,2019,TALIS,2018.0,1.0,JOB_SATISFACTION_PROFESSION,TJSPROS,11.4571,+,teacher,B,primary_predictor,cross_program_lag
MEX,PISA,2022,TALIS,2018.0,4.0,EFFECTIVE_PD,TEFFPROS,12.1408,+,teacher,B,primary_predictor,cross_program_lag
MEX,TIMSS,2019,TALIS,2018.0,1.0,EFFECTIVE_PD,TEFFPROS,12.1408,+,teacher,B,primary_predictor,cross_program_lag
NLD,PISA,2022,TALIS,2018.0,4.0,TEACHER_SELF_EFFICACY_CLS_MGMT,SECLSS,12.6384,+,teacher,A,primary_predictor,cross_program_lag
NLD,TIMSS,2019,TALIS,2018.0,1.0,TEACHER_SELF_EFFICACY_CLS_MGMT,SECLSS,12.6384,+,teacher,A,primary_predictor,cross_program_lag
NLD,PISA,2022,TALIS,2018.0,4.0,DISCIPLINARY_CLIMATE,TCDISCS,8.769,+,teacher,A,primary_predictor,cross_program_lag
NLD,TIMSS,2019,TALIS,2018.0,1.0,DISCIPLINARY_CLIMATE,TCDISCS,8.769,+,teacher,A,primary_predictor,cross_program_lag
NLD,PISA,2022,TALIS,2018.0,4.0,JOB_SATISFACTION_PROFESSION,TJSPROS,11.457,+,teacher,B,primary_predictor,cross_program_lag
NLD,TIMSS,2019,TALIS,2018.0,1.0,JOB_SATISFACTION_PROFESSION,TJSPROS,11.457,+,teacher,B,primary_predictor,cross_program_lag
NLD,PISA,2022,TALIS,2018.0,4.0,EFFECTIVE_PD,TEFFPROS,12.3083,+,teacher,B,primary_predictor,cross_program_lag
NLD,TIMSS,2019,TALIS,2018.0,1.0,EFFECTIVE_PD,TEFFPROS,12.3083,+,teacher,B,primary_predictor,cross_program_lag
NOR,PISA,2022,TALIS,2018.0,4.0,TEACHER_SELF_EFFICACY_CLS_MGMT,SECLSS,12.6382,+,teacher,A,primary_predictor,cross_program_lag
NOR,TIMSS,2019,TALIS,2018.0,1.0,TEACHER_SELF_EFFICACY_CLS_MGMT,SECLSS,12.6382,+,teacher,A,primary_predictor,cross_program_lag
NOR,PISA,2022,TALIS,2018.0,4.0,DISCIPLINARY_CLIMATE,TCDISCS,8.7689,+,teacher,A,primary_predictor,cross_program_lag
NOR,TIMSS,2019,TALIS,2018.0,1.0,DISCIPLINARY_CLIMATE,TCDISCS,8.7689,+,teacher,A,primary_predictor,cross_program_lag
NOR,PISA,2022,TALIS,2018.0,4.0,JOB_SATISFACTION_PROFESSION,TJSPROS,11.4566,+,teacher,B,primary_predictor,cross_program_lag
NOR,TIMSS,2019,TALIS,2018.0,1.0,JOB_SATISFACTION_PROFESSION,TJSPROS,11.4566,+,teacher,B,primary_predictor,cross_program_lag
NOR,PISA,2022,TALIS,2018.0,4.0,EFFECTIVE_PD,TEFFPROS,12.3044,+,teacher,B,primary_predictor,cross_program_lag
NOR,TIMSS,2019,TALIS,2018.0,1.0,EFFECTIVE_PD,TEFFPROS,12.3044,+,teacher,B,primary_predictor,cross_program_lag
ROU,PISA,2022,TALIS,2018.0,4.0,TEACHER_SELF_EFFICACY_CLS_MGMT,SECLSS,12.6372,+,teacher,A,primary_predictor,cross_program_lag
ROU,TIMSS,2019,TALIS,2018.0,1.0,TEACHER_SELF_EFFICACY_CLS_MGMT,SECLSS,12.6372,+,teacher,A,primary_predictor,cross_program_lag
ROU,PISA,2022,TALIS,2018.0,4.0,DISCIPLINARY_CLIMATE,TCDISCS,8.77,+,teacher,A,primary_predictor,cross_program_lag
ROU,TIMSS,2019,TALIS,2018.0,1.0,DISCIPLINARY_CLIMATE,TCDISCS,8.77,+,teacher,A,primary_predictor,cross_program_lag
ROU,PISA,2022,TALIS,2018.0,4.0,JOB_SATISFACTION_PROFESSION,TJSPROS,11.4577,+,teacher,B,primary_predictor,cross_program_lag
ROU,TIMSS,2019,TALIS,2018.0,1.0,JOB_SATISFACTION_PROFESSION,TJSPROS,11.4577,+,teacher,B,primary_predictor,cross_program_lag
ROU,PISA,2022,TALIS,2018.0,4.0,EFFECTIVE_PD,TEFFPROS,12.1229,+,teacher,B,primary_predictor,cross_program_lag
ROU,TIMSS,2019,TALIS,2018.0,1.0,EFFECTIVE_PD,TEFFPROS,12.1229,+,teacher,B,primary_predictor,cross_program_lag
RUS,PISA,2022,TALIS,2018.0,4.0,DISCIPLINARY_CLIMATE,TCDISCS,8.7682,+,teacher,A,primary_predictor,cross_program_lag
RUS,TIMSS,2019,TALIS,2018.0,1.0,DISCIPLINARY_CLIMATE,TCDISCS,8.7682,+,teacher,A,primary_predictor,cross_program_lag
RUS,PISA,2022,TALIS,2018.0,4.0,JOB_SATISFACTION_PROFESSION,TJSPROS,11.4555,+,teacher,B,primary_predictor,cross_program_lag
RUS,TIMSS,2019,TALIS,2018.0,1.0,JOB_SATISFACTION_PROFESSION,TJSPROS,11.4555,+,teacher,B,primary_predictor,cross_program_lag
RUS,PISA,2022,TALIS,2018.0,4.0,EFFECTIVE_PD,TEFFPROS,12.2699,+,teacher,B,primary_predictor,cross_program_lag
RUS,TIMSS,2019,TALIS,2018.0,1.0,EFFECTIVE_PD,TEFFPROS,12.2699,+,teacher,B,primary_predictor,cross_program_lag
SAU,PISA,2022,TALIS,2018.0,4.0,TEACHER_SELF_EFFICACY_CLS_MGMT,SECLSS,12.6378,+,teacher,A,primary_predictor,cross_program_lag
SAU,TIMSS,2019,TALIS,2018.0,1.0,TEACHER_SELF_EFFICACY_CLS_MGMT,SECLSS,12.6378,+,teacher,A,primary_predictor,cross_program_lag
SAU,PISA,2022,TALIS,2018.0,4.0,DISCIPLINARY_CLIMATE,TCDISCS,8.7698,+,teacher,A,primary_predictor,cross_program_lag
SAU,TIMSS,2019,TALIS,2018.0,1.0,DISCIPLINARY_CLIMATE,TCDISCS,8.7698,+,teacher,A,primary_predictor,cross_program_lag
SAU,PISA,2022,TALIS,2018.0,4.0,JOB_SATISFACTION_PROFESSION,TJSPROS,11.4538,+,teacher,B,primary_predictor,cross_program_lag
SAU,TIMSS,2019,TALIS,2018.0,1.0,JOB_SATISFACTION_PROFESSION,TJSPROS,11.4538,+,teacher,B,primary_predictor,cross_program_lag
SAU,PISA,2022,TALIS,2018.0,4.0,EFFECTIVE_PD,TEFFPROS,11.9634,+,teacher,B,primary_predictor,cross_program_lag
SAU,TIMSS,2019,TALIS,2018.0,1.0,EFFECTIVE_PD,TEFFPROS,11.9634,+,teacher,B,primary_predictor,cross_program_lag
SGP,PISA,2022,TALIS,2018.0,4.0,TEACHER_SELF_EFFICACY_CLS_MGMT,SECLSS,12.6407,+,teacher,A,primary_predictor,cross_program_lag
SGP,TIMSS,2019,TALIS,2018.0,1.0,TEACHER_SELF_EFFICACY_CLS_MGMT,SECLSS,12.6407,+,teacher,A,primary_predictor,cross_program_lag
SGP,PISA,2022,TALIS,2018.0,4.0,DISCIPLINARY_CLIMATE,TCDISCS,8.7684,+,teacher,A,primary_predictor,cross_program_lag
SGP,TIMSS,2019,TALIS,2018.0,1.0,DISCIPLINARY_CLIMATE,TCDISCS,8.7684,+,teacher,A,primary_predictor,cross_program_lag
SGP,PISA,2022,TALIS,2018.0,4.0,JOB_SATISFACTION_PROFESSION,TJSPROS,11.4564,+,teacher,B,primary_predictor,cross_program_lag
SGP,TIMSS,2019,TALIS,2018.0,1.0,JOB_SATISFACTION_PROFESSION,TJSPROS,11.4564,+,teacher,B,primary_predictor,cross_program_lag
SGP,PISA,2022,TALIS,2018.0,4.0,EFFECTIVE_PD,TEFFPROS,12.1645,+,teacher,B,primary_predictor,cross_program_lag
SGP,TIMSS,2019,TALIS,2018.0,1.0,EFFECTIVE_PD,TEFFPROS,12.1645,+,teacher,B,primary_predictor,cross_program_lag
SVK,PISA,2022,TALIS,2018.0,4.0,TEACHER_SELF_EFFICACY_CLS_MGMT,SECLSS,12.6383,+,teacher,A,primary_predictor,cross_program_lag
SVK,TIMSS,2019,TALIS,2018.0,1.0,TEACHER_SELF_EFFICACY_CLS_MGMT,SECLSS,12.6383,+,teacher,A,primary_predictor,cross_program_lag
SVK,PISA,2022,TALIS,2018.0,4.0,DISCIPLINARY_CLIMATE,TCDISCS,8.7691,+,teacher,A,primary_predictor,cross_program_lag
SVK,TIMSS,2019,TALIS,2018.0,1.0,DISCIPLINARY_CLIMATE,TCDISCS,8.7691,+,teacher,A,primary_predictor,cross_program_lag
SVK,PISA,2022,TALIS,2018.0,4.0,JOB_SATISFACTION_PROFESSION,TJSPROS,11.4569,+,teacher,B,primary_predictor,cross_program_lag
SVK,TIMSS,2019,TALIS,2018.0,1.0,JOB_SATISFACTION_PROFESSION,TJSPROS,11.4569,+,teacher,B,primary_predictor,cross_program_lag
SVK,PISA,2022,TALIS,2018.0,4.0,EFFECTIVE_PD,TEFFPROS,12.2881,+,teacher,B,primary_predictor,cross_program_lag
SVK,TIMSS,2019,TALIS,2018.0,1.0,EFFECTIVE_PD,TEFFPROS,12.2881,+,teacher,B,primary_predictor,cross_program_lag
SVN,PISA,2022,TALIS,2018.0,4.0,TEACHER_SELF_EFFICACY_CLS_MGMT,SECLSS,12.6385,+,teacher,A,primary_predictor,cross_program_lag
SVN,TIMSS,2019,TALIS,2018.0,1.0,TEACHER_SELF_EFFICACY_CLS_MGMT,SECLSS,12.6385,+,teacher,A,primary_predictor,cross_program_lag
SVN,PISA,2022,TALIS,2018.0,4.0,DISCIPLINARY_CLIMATE,TCDISCS,8.7694,+,teacher,A,primary_predictor,cross_program_lag
SVN,TIMSS,2019,TALIS,2018.0,1.0,DISCIPLINARY_CLIMATE,TCDISCS,8.7694,+,teacher,A,primary_predictor,cross_program_lag
SVN,PISA,2022,TALIS,2018.0,4.0,JOB_SATISFACTION_PROFESSION,TJSPROS,11.4569,+,teacher,B,primary_predictor,cross_program_lag
SVN,TIMSS,2019,TALIS,2018.0,1.0,JOB_SATISFACTION_PROFESSION,TJSPROS,11.4569,+,teacher,B,primary_predictor,cross_program_lag
SVN,PISA,2022,TALIS,2018.0,4.0,EFFECTIVE_PD,TEFFPROS,10.1697,+,teacher,B,primary_predictor,cross_program_lag
SVN,TIMSS,2019,TALIS,2018.0,1.0,EFFECTIVE_PD,TEFFPROS,10.1697,+,teacher,B,primary_predictor,cross_program_lag
TUR,PISA,2022,TALIS,2018.0,4.0,TEACHER_SELF_EFFICACY_CLS_MGMT,SECLSS,12.638,+,teacher,A,primary_predictor,cross_program_lag
TUR,TIMSS,2019,TALIS,2018.0,1.0,TEACHER_SELF_EFFICACY_CLS_MGMT,SECLSS,12.638,+,teacher,A,primary_predictor,cross_program_lag
TUR,PISA,2022,TALIS,2018.0,4.0,DISCIPLINARY_CLIMATE,TCDISCS,8.7724,+,teacher,A,primary_predictor,cross_program_lag
TUR,TIMSS,2019,TALIS,2018.0,1.0,DISCIPLINARY_CLIMATE,TCDISCS,8.7724,+,teacher,A,primary_predictor,cross_program_lag
TUR,PISA,2022,TALIS,2018.0,4.0,JOB_SATISFACTION_PROFESSION,TJSPROS,11.4571,+,teacher,B,primary_predictor,cross_program_lag
TUR,TIMSS,2019,TALIS,2018.0,1.0,JOB_SATISFACTION_PROFESSION,TJSPROS,11.4571,+,teacher,B,primary_predictor,cross_program_lag
TUR,PISA,2022,TALIS,2018.0,4.0,EFFECTIVE_PD,TEFFPROS,12.9966,+,teacher,B,primary_predictor,cross_program_lag
TUR,TIMSS,2019,TALIS,2018.0,1.0,EFFECTIVE_PD,TEFFPROS,12.9966,+,teacher,B,primary_predictor,cross_program_lag
VNM,PISA,2022,TALIS,2018.0,4.0,TEACHER_SELF_EFFICACY_CLS_MGMT,SECLSS,12.6385,+,teacher,A,primary_predictor,cross_program_lag
VNM,TIMSS,2019,TALIS,2018.0,1.0,TEACHER_SELF_EFFICACY_CLS_MGMT,SECLSS,12.6385,+,teacher,A,primary_predictor,cross_program_lag
VNM,PISA,2022,TALIS,2018.0,4.0,DISCIPLINARY_CLIMATE,TCDISCS,8.7695,+,teacher,A,primary_predictor,cross_program_lag
VNM,TIMSS,2019,TALIS,2018.0,1.0,DISCIPLINARY_CLIMATE,TCDISCS,8.7695,+,teacher,A,primary_predictor,cross_program_lag
VNM,PISA,2022,TALIS,2018.0,4.0,JOB_SATISFACTION_PROFESSION,TJSPROS,11.4586,+,teacher,B,primary_predictor,cross_program_lag
VNM,TIMSS,2019,TALIS,2018.0,1.0,JOB_SATISFACTION_PROFESSION,TJSPROS,11.4586,+,teacher,B,primary_predictor,cross_program_lag
VNM,PISA,2022,TALIS,2018.0,4.0,EFFECTIVE_PD,TEFFPROS,14.6792,+,teacher,B,primary_predictor,cross_program_lag
VNM,TIMSS,2019,TALIS,2018.0,1.0,EFFECTIVE_PD,TEFFPROS,14.6792,+,teacher,B,primary_predictor,cross_program_lag
ZAF,PISA,2022,TALIS,2018.0,4.0,TEACHER_SELF_EFFICACY_CLS_MGMT,SECLSS,12.6385,+,teacher,A,primary_predictor,cross_program_lag
ZAF,TIMSS,2019,TALIS,2018.0,1.0,TEACHER_SELF_EFFICACY_CLS_MGMT,SECLSS,12.6385,+,teacher,A,primary_predictor,cross_program_lag
ZAF,PISA,2022,TALIS,2018.0,4.0,DISCIPLINARY_CLIMATE,TCDISCS,8.7696,+,teacher,A,primary_predictor,cross_program_lag
ZAF,TIMSS,2019,TALIS,2018.0,1.0,DISCIPLINARY_CLIMATE,TCDISCS,8.7696,+,teacher,A,primary_predictor,cross_program_lag
ZAF,PISA,2022,TALIS,2018.0,4.0,JOB_SATISFACTION_PROFESSION,TJSPROS,11.4568,+,teacher,B,primary_predictor,cross_program_lag
ZAF,TIMSS,2019,TALIS,2018.0,1.0,JOB_SATISFACTION_PROFESSION,TJSPROS,11.4568,+,teacher,B,primary_predictor,cross_program_lag
ZAF,PISA,2022,TALIS,2018.0,4.0,EFFECTIVE_PD,TEFFPROS,12.1129,+,teacher,B,primary_predictor,cross_program_lag
ZAF,TIMSS,2019,TALIS,2018.0,1.0,EFFECTIVE_PD,TEFFPROS,12.1129,+,teacher,B,primary_predictor,cross_program_lag
ARE,PISA,2025,TALIS,2018.0,7.0,TEACHER_SELF_EFFICACY_CLS_MGMT,SECLSS,12.6382,+,teacher,A,primary_predictor,cross_program_lag
ARE,PISA,2025,TALIS,2018.0,7.0,TEACHER_SELF_EFFICACY_CLS_MGMT,SECLSS,12.6382,+,teacher,A,primary_predictor,cross_program_lag
ARE,PISA,2025,TALIS,2018.0,7.0,DISCIPLINARY_CLIMATE,TCDISCS,8.7688,+,teacher,A,primary_predictor,cross_program_lag
ARE,PISA,2025,TALIS,2018.0,7.0,DISCIPLINARY_CLIMATE,TCDISCS,8.7688,+,teacher,A,primary_predictor,cross_program_lag
ARE,PISA,2025,TALIS,2018.0,7.0,JOB_SATISFACTION_PROFESSION,TJSPROS,11.4571,+,teacher,B,primary_predictor,cross_program_lag
ARE,PISA,2025,TALIS,2018.0,7.0,JOB_SATISFACTION_PROFESSION,TJSPROS,11.4571,+,teacher,B,primary_predictor,cross_program_lag
ARE,PISA,2025,TALIS,2018.0,7.0,EFFECTIVE_PD,TEFFPROS,11.3961,+,teacher,B,primary_predictor,cross_program_lag
ARE,PISA,2025,TALIS,2018.0,7.0,EFFECTIVE_PD,TEFFPROS,11.3961,+,teacher,B,primary_predictor,cross_program_lag
AUS,PISA,2025,TALIS,2018.0,7.0,TEACHER_SELF_EFFICACY_CLS_MGMT,SECLSS,12.6385,+,teacher,A,primary_predictor,cross_program_lag
AUS,PISA,2025,TALIS,2018.0,7.0,TEACHER_SELF_EFFICACY_CLS_MGMT,SECLSS,12.6385,+,teacher,A,primary_predictor,cross_program_lag
AUS,PISA,2025,TALIS,2018.0,7.0,DISCIPLINARY_CLIMATE,TCDISCS,8.769,+,teacher,A,primary_predictor,cross_program_lag
AUS,PISA,2025,TALIS,2018.0,7.0,DISCIPLINARY_CLIMATE,TCDISCS,8.769,+,teacher,A,primary_predictor,cross_program_lag
AUS,PISA,2025,TALIS,2018.0,7.0,JOB_SATISFACTION_PROFESSION,TJSPROS,11.4569,+,teacher,B,primary_predictor,cross_program_lag
AUS,PISA,2025,TALIS,2018.0,7.0,JOB_SATISFACTION_PROFESSION,TJSPROS,11.4569,+,teacher,B,primary_predictor,cross_program_lag
AUS,PISA,2025,TALIS,2018.0,7.0,EFFECTIVE_PD,TEFFPROS,12.2655,+,teacher,B,primary_predictor,cross_program_lag
AUS,PISA,2025,TALIS,2018.0,7.0,EFFECTIVE_PD,TEFFPROS,12.2655,+,teacher,B,primary_predictor,cross_program_lag
AUT,PISA,2025,TALIS,2018.0,7.0,TEACHER_SELF_EFFICACY_CLS_MGMT,SECLSS,12.6394,+,teacher,A,primary_predictor,cross_program_lag
AUT,PISA,2025,TALIS,2018.0,7.0,TEACHER_SELF_EFFICACY_CLS_MGMT,SECLSS,12.6394,+,teacher,A,primary_predictor,cross_program_lag
AUT,PISA,2025,TALIS,2018.0,7.0,DISCIPLINARY_CLIMATE,TCDISCS,8.7693,+,teacher,A,primary_predictor,cross_program_lag
AUT,PISA,2025,TALIS,2018.0,7.0,DISCIPLINARY_CLIMATE,TCDISCS,8.7693,+,teacher,A,primary_predictor,cross_program_lag
AUT,PISA,2025,TALIS,2018.0,7.0,JOB_SATISFACTION_PROFESSION,TJSPROS,11.4571,+,teacher,B,primary_predictor,cross_program_lag
AUT,PISA,2025,TALIS,2018.0,7.0,JOB_SATISFACTION_PROFESSION,TJSPROS,11.4571,+,teacher,B,primary_predictor,cross_program_lag
AUT,PISA,2025,TALIS,2018.0,7.0,EFFECTIVE_PD,TEFFPROS,12.2129,+,teacher,B,primary_predictor,cross_program_lag
AUT,PISA,2025,TALIS,2018.0,7.0,EFFECTIVE_PD,TEFFPROS,12.2129,+,teacher,B,primary_predictor,cross_program_lag
BEL,PISA,2025,TALIS,2018.0,7.0,TEACHER_SELF_EFFICACY_CLS_MGMT,SECLSS,12.6381,+,teacher,A,primary_predictor,cross_program_lag
BEL,PISA,2025,TALIS,2018.0,7.0,TEACHER_SELF_EFFICACY_CLS_MGMT,SECLSS,12.6381,+,teacher,A,primary_predictor,cross_program_lag
BEL,PISA,2025,TALIS,2018.0,7.0,DISCIPLINARY_CLIMATE,TCDISCS,8.7689,+,teacher,A,primary_predictor,cross_program_lag
BEL,PISA,2025,TALIS,2018.0,7.0,DISCIPLINARY_CLIMATE,TCDISCS,8.7689,+,teacher,A,primary_predictor,cross_program_lag
BEL,PISA,2025,TALIS,2018.0,7.0,JOB_SATISFACTION_PROFESSION,TJSPROS,11.4569,+,teacher,B,primary_predictor,cross_program_lag
BEL,PISA,2025,TALIS,2018.0,7.0,JOB_SATISFACTION_PROFESSION,TJSPROS,11.4569,+,teacher,B,primary_predictor,cross_program_lag
BEL,PISA,2025,TALIS,2018.0,7.0,EFFECTIVE_PD,TEFFPROS,12.2789,+,teacher,B,primary_predictor,cross_program_lag
BEL,PISA,2025,TALIS,2018.0,7.0,EFFECTIVE_PD,TEFFPROS,12.2789,+,teacher,B,primary_predictor,cross_program_lag
BGR,PISA,2025,TALIS,2018.0,7.0,TEACHER_SELF_EFFICACY_CLS_MGMT,SECLSS,12.6373,+,teacher,A,primary_predictor,cross_program_lag
BGR,PISA,2025,TALIS,2018.0,7.0,TEACHER_SELF_EFFICACY_CLS_MGMT,SECLSS,12.6373,+,teacher,A,primary_predictor,cross_program_lag
BGR,PISA,2025,TALIS,2018.0,7.0,DISCIPLINARY_CLIMATE,TCDISCS,8.7704,+,teacher,A,primary_predictor,cross_program_lag
BGR,PISA,2025,TALIS,2018.0,7.0,DISCIPLINARY_CLIMATE,TCDISCS,8.7704,+,teacher,A,primary_predictor,cross_program_lag
BGR,PISA,2025,TALIS,2018.0,7.0,JOB_SATISFACTION_PROFESSION,TJSPROS,11.4547,+,teacher,B,primary_predictor,cross_program_lag
BGR,PISA,2025,TALIS,2018.0,7.0,JOB_SATISFACTION_PROFESSION,TJSPROS,11.4547,+,teacher,B,primary_predictor,cross_program_lag
BGR,PISA,2025,TALIS,2018.0,7.0,EFFECTIVE_PD,TEFFPROS,12.2859,+,teacher,B,primary_predictor,cross_program_lag
BGR,PISA,2025,TALIS,2018.0,7.0,EFFECTIVE_PD,TEFFPROS,12.2859,+,teacher,B,primary_predictor,cross_program_lag
BRA,PISA,2025,TALIS,2018.0,7.0,TEACHER_SELF_EFFICACY_CLS_MGMT,SECLSS,12.6411,+,teacher,A,primary_predictor,cross_program_lag
BRA,PISA,2025,TALIS,2018.0,7.0,TEACHER_SELF_EFFICACY_CLS_MGMT,SECLSS,12.6411,+,teacher,A,primary_predictor,cross_program_lag
BRA,PISA,2025,TALIS,2018.0,7.0,DISCIPLINARY_CLIMATE,TCDISCS,8.7685,+,teacher,A,primary_predictor,cross_program_lag
BRA,PISA,2025,TALIS,2018.0,7.0,DISCIPLINARY_CLIMATE,TCDISCS,8.7685,+,teacher,A,primary_predictor,cross_program_lag
BRA,PISA,2025,TALIS,2018.0,7.0,JOB_SATISFACTION_PROFESSION,TJSPROS,11.4577,+,teacher,B,primary_predictor,cross_program_lag
BRA,PISA,2025,TALIS,2018.0,7.0,JOB_SATISFACTION_PROFESSION,TJSPROS,11.4577,+,teacher,B,primary_predictor,cross_program_lag
BRA,PISA,2025,TALIS,2018.0,7.0,EFFECTIVE_PD,TEFFPROS,13.0083,+,teacher,B,primary_predictor,cross_program_lag
BRA,PISA,2025,TALIS,2018.0,7.0,EFFECTIVE_PD,TEFFPROS,13.0083,+,teacher,B,primary_predictor,cross_program_lag
COL,PISA,2025,TALIS,2018.0,7.0,TEACHER_SELF_EFFICACY_CLS_MGMT,SECLSS,12.6381,+,teacher,A,primary_predictor,cross_program_lag
COL,PISA,2025,TALIS,2018.0,7.0,TEACHER_SELF_EFFICACY_CLS_MGMT,SECLSS,12.6381,+,teacher,A,primary_predictor,cross_program_lag
COL,PISA,2025,TALIS,2018.0,7.0,DISCIPLINARY_CLIMATE,TCDISCS,8.7702,+,teacher,A,primary_predictor,cross_program_lag
COL,PISA,2025,TALIS,2018.0,7.0,DISCIPLINARY_CLIMATE,TCDISCS,8.7702,+,teacher,A,primary_predictor,cross_program_lag
COL,PISA,2025,TALIS,2018.0,7.0,JOB_SATISFACTION_PROFESSION,TJSPROS,11.4572,+,teacher,B,primary_predictor,cross_program_lag
COL,PISA,2025,TALIS,2018.0,7.0,JOB_SATISFACTION_PROFESSION,TJSPROS,11.4572,+,teacher,B,primary_predictor,cross_program_lag
COL,PISA,2025,TALIS,2018.0,7.0,EFFECTIVE_PD,TEFFPROS,12.0465,+,teacher,B,primary_predictor,cross_program_lag
COL,PISA,2025,TALIS,2018.0,7.0,EFFECTIVE_PD,TEFFPROS,12.0465,+,teacher,B,primary_predictor,cross_program_lag
CYP,PISA,2025,TALIS,2018.0,7.0,TEACHER_SELF_EFFICACY_CLS_MGMT,SECLSS,12.6393,+,teacher,A,primary_predictor,cross_program_lag
CYP,PISA,2025,TALIS,2018.0,7.0,TEACHER_SELF_EFFICACY_CLS_MGMT,SECLSS,12.6393,+,teacher,A,primary_predictor,cross_program_lag
CYP,PISA,2025,TALIS,2018.0,7.0,DISCIPLINARY_CLIMATE,TCDISCS,8.7692,+,teacher,A,primary_predictor,cross_program_lag
CYP,PISA,2025,TALIS,2018.0,7.0,DISCIPLINARY_CLIMATE,TCDISCS,8.7692,+,teacher,A,primary_predictor,cross_program_lag
CYP,PISA,2025,TALIS,2018.0,7.0,JOB_SATISFACTION_PROFESSION,TJSPROS,11.457,+,teacher,B,primary_predictor,cross_program_lag
CYP,PISA,2025,TALIS,2018.0,7.0,JOB_SATISFACTION_PROFESSION,TJSPROS,11.457,+,teacher,B,primary_predictor,cross_program_lag
CYP,PISA,2025,TALIS,2018.0,7.0,EFFECTIVE_PD,TEFFPROS,12.2152,+,teacher,B,primary_predictor,cross_program_lag
CYP,PISA,2025,TALIS,2018.0,7.0,EFFECTIVE_PD,TEFFPROS,12.2152,+,teacher,B,primary_predictor,cross_program_lag
DNK,PISA,2025,TALIS,2018.0,7.0,TEACHER_SELF_EFFICACY_CLS_MGMT,SECLSS,12.638,+,teacher,A,primary_predictor,cross_program_lag
DNK,PISA,2025,TALIS,2018.0,7.0,TEACHER_SELF_EFFICACY_CLS_MGMT,SECLSS,12.638,+,teacher,A,primary_predictor,cross_program_lag
DNK,PISA,2025,TALIS,2018.0,7.0,DISCIPLINARY_CLIMATE,TCDISCS,8.7676,+,teacher,A,primary_predictor,cross_program_lag
DNK,PISA,2025,TALIS,2018.0,7.0,DISCIPLINARY_CLIMATE,TCDISCS,8.7676,+,teacher,A,primary_predictor,cross_program_lag
DNK,PISA,2025,TALIS,2018.0,7.0,JOB_SATISFACTION_PROFESSION,TJSPROS,11.4555,+,teacher,B,primary_predictor,cross_program_lag
DNK,PISA,2025,TALIS,2018.0,7.0,JOB_SATISFACTION_PROFESSION,TJSPROS,11.4555,+,teacher,B,primary_predictor,cross_program_lag
DNK,PISA,2025,TALIS,2018.0,7.0,EFFECTIVE_PD,TEFFPROS,10.4206,+,teacher,B,primary_predictor,cross_program_lag
DNK,PISA,2025,TALIS,2018.0,7.0,EFFECTIVE_PD,TEFFPROS,10.4206,+,teacher,B,primary_predictor,cross_program_lag
ESP,PISA,2025,TALIS,2018.0,7.0,TEACHER_SELF_EFFICACY_CLS_MGMT,SECLSS,12.6385,+,teacher,A,primary_predictor,cross_program_lag
ESP,PISA,2025,TALIS,2018.0,7.0,TEACHER_SELF_EFFICACY_CLS_MGMT,SECLSS,12.6385,+,teacher,A,primary_predictor,cross_program_lag
ESP,PISA,2025,TALIS,2018.0,7.0,DISCIPLINARY_CLIMATE,TCDISCS,8.7691,+,teacher,A,primary_predictor,cross_program_lag
ESP,PISA,2025,TALIS,2018.0,7.0,DISCIPLINARY_CLIMATE,TCDISCS,8.7691,+,teacher,A,primary_predictor,cross_program_lag
ESP,PISA,2025,TALIS,2018.0,7.0,JOB_SATISFACTION_PROFESSION,TJSPROS,11.4575,+,teacher,B,primary_predictor,cross_program_lag
ESP,PISA,2025,TALIS,2018.0,7.0,JOB_SATISFACTION_PROFESSION,TJSPROS,11.4575,+,teacher,B,primary_predictor,cross_program_lag
ESP,PISA,2025,TALIS,2018.0,7.0,EFFECTIVE_PD,TEFFPROS,14.9596,+,teacher,B,primary_predictor,cross_program_lag
ESP,PISA,2025,TALIS,2018.0,7.0,EFFECTIVE_PD,TEFFPROS,14.9596,+,teacher,B,primary_predictor,cross_program_lag
FIN,PISA,2025,TALIS,2018.0,7.0,TEACHER_SELF_EFFICACY_CLS_MGMT,SECLSS,12.6384,+,teacher,A,primary_predictor,cross_program_lag
FIN,PISA,2025,TALIS,2018.0,7.0,TEACHER_SELF_EFFICACY_CLS_MGMT,SECLSS,12.6384,+,teacher,A,primary_predictor,cross_program_lag
FIN,PISA,2025,TALIS,2018.0,7.0,DISCIPLINARY_CLIMATE,TCDISCS,8.769,+,teacher,A,primary_predictor,cross_program_lag
FIN,PISA,2025,TALIS,2018.0,7.0,DISCIPLINARY_CLIMATE,TCDISCS,8.769,+,teacher,A,primary_predictor,cross_program_lag
FIN,PISA,2025,TALIS,2018.0,7.0,JOB_SATISFACTION_PROFESSION,TJSPROS,11.4568,+,teacher,B,primary_predictor,cross_program_lag
FIN,PISA,2025,TALIS,2018.0,7.0,JOB_SATISFACTION_PROFESSION,TJSPROS,11.4568,+,teacher,B,primary_predictor,cross_program_lag
FIN,PISA,2025,TALIS,2018.0,7.0,EFFECTIVE_PD,TEFFPROS,12.2428,+,teacher,B,primary_predictor,cross_program_lag
FIN,PISA,2025,TALIS,2018.0,7.0,EFFECTIVE_PD,TEFFPROS,12.2428,+,teacher,B,primary_predictor,cross_program_lag
FRA,PISA,2025,TALIS,2018.0,7.0,TEACHER_SELF_EFFICACY_CLS_MGMT,SECLSS,12.6383,+,teacher,A,primary_predictor,cross_program_lag
FRA,PISA,2025,TALIS,2018.0,7.0,TEACHER_SELF_EFFICACY_CLS_MGMT,SECLSS,12.6383,+,teacher,A,primary_predictor,cross_program_lag
FRA,PISA,2025,TALIS,2018.0,7.0,DISCIPLINARY_CLIMATE,TCDISCS,8.7691,+,teacher,A,primary_predictor,cross_program_lag
FRA,PISA,2025,TALIS,2018.0,7.0,DISCIPLINARY_CLIMATE,TCDISCS,8.7691,+,teacher,A,primary_predictor,cross_program_lag
FRA,PISA,2025,TALIS,2018.0,7.0,JOB_SATISFACTION_PROFESSION,TJSPROS,11.4566,+,teacher,B,primary_predictor,cross_program_lag
FRA,PISA,2025,TALIS,2018.0,7.0,JOB_SATISFACTION_PROFESSION,TJSPROS,11.4566,+,teacher,B,primary_predictor,cross_program_lag
FRA,PISA,2025,TALIS,2018.0,7.0,EFFECTIVE_PD,TEFFPROS,14.0241,+,teacher,B,primary_predictor,cross_program_lag
FRA,PISA,2025,TALIS,2018.0,7.0,EFFECTIVE_PD,TEFFPROS,14.0241,+,teacher,B,primary_predictor,cross_program_lag
GEO,PISA,2025,TALIS,2018.0,7.0,TEACHER_SELF_EFFICACY_CLS_MGMT,SECLSS,12.6369,+,teacher,A,primary_predictor,cross_program_lag
GEO,PISA,2025,TALIS,2018.0,7.0,TEACHER_SELF_EFFICACY_CLS_MGMT,SECLSS,12.6369,+,teacher,A,primary_predictor,cross_program_lag
GEO,PISA,2025,TALIS,2018.0,7.0,DISCIPLINARY_CLIMATE,TCDISCS,8.7705,+,teacher,A,primary_predictor,cross_program_lag
GEO,PISA,2025,TALIS,2018.0,7.0,DISCIPLINARY_CLIMATE,TCDISCS,8.7705,+,teacher,A,primary_predictor,cross_program_lag
GEO,PISA,2025,TALIS,2018.0,7.0,JOB_SATISFACTION_PROFESSION,TJSPROS,11.4538,+,teacher,B,primary_predictor,cross_program_lag
GEO,PISA,2025,TALIS,2018.0,7.0,JOB_SATISFACTION_PROFESSION,TJSPROS,11.4538,+,teacher,B,primary_predictor,cross_program_lag
GEO,PISA,2025,TALIS,2018.0,7.0,EFFECTIVE_PD,TEFFPROS,12.0047,+,teacher,B,primary_predictor,cross_program_lag
GEO,PISA,2025,TALIS,2018.0,7.0,EFFECTIVE_PD,TEFFPROS,12.0047,+,teacher,B,primary_predictor,cross_program_lag
HUN,PISA,2025,TALIS,2018.0,7.0,TEACHER_SELF_EFFICACY_CLS_MGMT,SECLSS,12.6385,+,teacher,A,primary_predictor,cross_program_lag
HUN,PISA,2025,TALIS,2018.0,7.0,TEACHER_SELF_EFFICACY_CLS_MGMT,SECLSS,12.6385,+,teacher,A,primary_predictor,cross_program_lag
HUN,PISA,2025,TALIS,2018.0,7.0,DISCIPLINARY_CLIMATE,TCDISCS,8.7689,+,teacher,A,primary_predictor,cross_program_lag
HUN,PISA,2025,TALIS,2018.0,7.0,DISCIPLINARY_CLIMATE,TCDISCS,8.7689,+,teacher,A,primary_predictor,cross_program_lag
HUN,PISA,2025,TALIS,2018.0,7.0,JOB_SATISFACTION_PROFESSION,TJSPROS,11.4578,+,teacher,B,primary_predictor,cross_program_lag
HUN,PISA,2025,TALIS,2018.0,7.0,JOB_SATISFACTION_PROFESSION,TJSPROS,11.4578,+,teacher,B,primary_predictor,cross_program_lag
ISR,PISA,2025,TALIS,2018.0,7.0,TEACHER_SELF_EFFICACY_CLS_MGMT,SECLSS,12.6387,+,teacher,A,primary_predictor,cross_program_lag
ISR,PISA,2025,TALIS,2018.0,7.0,TEACHER_SELF_EFFICACY_CLS_MGMT,SECLSS,12.6387,+,teacher,A,primary_predictor,cross_program_lag
ISR,PISA,2025,TALIS,2018.0,7.0,DISCIPLINARY_CLIMATE,TCDISCS,8.7691,+,teacher,A,primary_predictor,cross_program_lag
ISR,PISA,2025,TALIS,2018.0,7.0,DISCIPLINARY_CLIMATE,TCDISCS,8.7691,+,teacher,A,primary_predictor,cross_program_lag
ISR,PISA,2025,TALIS,2018.0,7.0,JOB_SATISFACTION_PROFESSION,TJSPROS,11.457,+,teacher,B,primary_predictor,cross_program_lag
ISR,PISA,2025,TALIS,2018.0,7.0,JOB_SATISFACTION_PROFESSION,TJSPROS,11.457,+,teacher,B,primary_predictor,cross_program_lag
ISR,PISA,2025,TALIS,2018.0,7.0,EFFECTIVE_PD,TEFFPROS,12.2089,+,teacher,B,primary_predictor,cross_program_lag
ISR,PISA,2025,TALIS,2018.0,7.0,EFFECTIVE_PD,TEFFPROS,12.2089,+,teacher,B,primary_predictor,cross_program_lag
ITA,PISA,2025,TALIS,2018.0,7.0,TEACHER_SELF_EFFICACY_CLS_MGMT,SECLSS,12.6384,+,teacher,A,primary_predictor,cross_program_lag
ITA,PISA,2025,TALIS,2018.0,7.0,TEACHER_SELF_EFFICACY_CLS_MGMT,SECLSS,12.6384,+,teacher,A,primary_predictor,cross_program_lag
ITA,PISA,2025,TALIS,2018.0,7.0,DISCIPLINARY_CLIMATE,TCDISCS,8.7691,+,teacher,A,primary_predictor,cross_program_lag
ITA,PISA,2025,TALIS,2018.0,7.0,DISCIPLINARY_CLIMATE,TCDISCS,8.7691,+,teacher,A,primary_predictor,cross_program_lag
ITA,PISA,2025,TALIS,2018.0,7.0,JOB_SATISFACTION_PROFESSION,TJSPROS,11.457,+,teacher,B,primary_predictor,cross_program_lag
ITA,PISA,2025,TALIS,2018.0,7.0,JOB_SATISFACTION_PROFESSION,TJSPROS,11.457,+,teacher,B,primary_predictor,cross_program_lag
ITA,PISA,2025,TALIS,2018.0,7.0,EFFECTIVE_PD,TEFFPROS,12.233,+,teacher,B,primary_predictor,cross_program_lag
ITA,PISA,2025,TALIS,2018.0,7.0,EFFECTIVE_PD,TEFFPROS,12.233,+,teacher,B,primary_predictor,cross_program_lag
KOR,PISA,2025,TALIS,2018.0,7.0,TEACHER_SELF_EFFICACY_CLS_MGMT,SECLSS,12.6404,+,teacher,A,primary_predictor,cross_program_lag
KOR,PISA,2025,TALIS,2018.0,7.0,TEACHER_SELF_EFFICACY_CLS_MGMT,SECLSS,12.6404,+,teacher,A,primary_predictor,cross_program_lag
KOR,PISA,2025,TALIS,2018.0,7.0,DISCIPLINARY_CLIMATE,TCDISCS,8.767,+,teacher,A,primary_predictor,cross_program_lag
KOR,PISA,2025,TALIS,2018.0,7.0,DISCIPLINARY_CLIMATE,TCDISCS,8.767,+,teacher,A,primary_predictor,cross_program_lag
KOR,PISA,2025,TALIS,2018.0,7.0,JOB_SATISFACTION_PROFESSION,TJSPROS,11.4545,+,teacher,B,primary_predictor,cross_program_lag
KOR,PISA,2025,TALIS,2018.0,7.0,JOB_SATISFACTION_PROFESSION,TJSPROS,11.4545,+,teacher,B,primary_predictor,cross_program_lag
KOR,PISA,2025,TALIS,2018.0,7.0,EFFECTIVE_PD,TEFFPROS,11.9715,+,teacher,B,primary_predictor,cross_program_lag
KOR,PISA,2025,TALIS,2018.0,7.0,EFFECTIVE_PD,TEFFPROS,11.9715,+,teacher,B,primary_predictor,cross_program_lag
LTU,PISA,2025,TALIS,2018.0,7.0,TEACHER_SELF_EFFICACY_CLS_MGMT,SECLSS,12.6363,+,teacher,A,primary_predictor,cross_program_lag
LTU,PISA,2025,TALIS,2018.0,7.0,TEACHER_SELF_EFFICACY_CLS_MGMT,SECLSS,12.6363,+,teacher,A,primary_predictor,cross_program_lag
LTU,PISA,2025,TALIS,2018.0,7.0,DISCIPLINARY_CLIMATE,TCDISCS,8.7709,+,teacher,A,primary_predictor,cross_program_lag
LTU,PISA,2025,TALIS,2018.0,7.0,DISCIPLINARY_CLIMATE,TCDISCS,8.7709,+,teacher,A,primary_predictor,cross_program_lag
LTU,PISA,2025,TALIS,2018.0,7.0,JOB_SATISFACTION_PROFESSION,TJSPROS,11.4565,+,teacher,B,primary_predictor,cross_program_lag
LTU,PISA,2025,TALIS,2018.0,7.0,JOB_SATISFACTION_PROFESSION,TJSPROS,11.4565,+,teacher,B,primary_predictor,cross_program_lag
LTU,PISA,2025,TALIS,2018.0,7.0,EFFECTIVE_PD,TEFFPROS,12.2463,+,teacher,B,primary_predictor,cross_program_lag
LTU,PISA,2025,TALIS,2018.0,7.0,EFFECTIVE_PD,TEFFPROS,12.2463,+,teacher,B,primary_predictor,cross_program_lag
MEX,PISA,2025,TALIS,2018.0,7.0,TEACHER_SELF_EFFICACY_CLS_MGMT,SECLSS,12.6375,+,teacher,A,primary_predictor,cross_program_lag
MEX,PISA,2025,TALIS,2018.0,7.0,TEACHER_SELF_EFFICACY_CLS_MGMT,SECLSS,12.6375,+,teacher,A,primary_predictor,cross_program_lag
MEX,PISA,2025,TALIS,2018.0,7.0,DISCIPLINARY_CLIMATE,TCDISCS,8.7671,+,teacher,A,primary_predictor,cross_program_lag
MEX,PISA,2025,TALIS,2018.0,7.0,DISCIPLINARY_CLIMATE,TCDISCS,8.7671,+,teacher,A,primary_predictor,cross_program_lag
MEX,PISA,2025,TALIS,2018.0,7.0,JOB_SATISFACTION_PROFESSION,TJSPROS,11.4571,+,teacher,B,primary_predictor,cross_program_lag
MEX,PISA,2025,TALIS,2018.0,7.0,JOB_SATISFACTION_PROFESSION,TJSPROS,11.4571,+,teacher,B,primary_predictor,cross_program_lag
MEX,PISA,2025,TALIS,2018.0,7.0,EFFECTIVE_PD,TEFFPROS,12.1408,+,teacher,B,primary_predictor,cross_program_lag
MEX,PISA,2025,TALIS,2018.0,7.0,EFFECTIVE_PD,TEFFPROS,12.1408,+,teacher,B,primary_predictor,cross_program_lag
NLD,PISA,2025,TALIS,2018.0,7.0,TEACHER_SELF_EFFICACY_CLS_MGMT,SECLSS,12.6384,+,teacher,A,primary_predictor,cross_program_lag
NLD,PISA,2025,TALIS,2018.0,7.0,TEACHER_SELF_EFFICACY_CLS_MGMT,SECLSS,12.6384,+,teacher,A,primary_predictor,cross_program_lag
NLD,PISA,2025,TALIS,2018.0,7.0,DISCIPLINARY_CLIMATE,TCDISCS,8.769,+,teacher,A,primary_predictor,cross_program_lag
NLD,PISA,2025,TALIS,2018.0,7.0,DISCIPLINARY_CLIMATE,TCDISCS,8.769,+,teacher,A,primary_predictor,cross_program_lag
NLD,PISA,2025,TALIS,2018.0,7.0,JOB_SATISFACTION_PROFESSION,TJSPROS,11.457,+,teacher,B,primary_predictor,cross_program_lag
NLD,PISA,2025,TALIS,2018.0,7.0,JOB_SATISFACTION_PROFESSION,TJSPROS,11.457,+,teacher,B,primary_predictor,cross_program_lag
NLD,PISA,2025,TALIS,2018.0,7.0,EFFECTIVE_PD,TEFFPROS,12.3083,+,teacher,B,primary_predictor,cross_program_lag
NLD,PISA,2025,TALIS,2018.0,7.0,EFFECTIVE_PD,TEFFPROS,12.3083,+,teacher,B,primary_predictor,cross_program_lag
NOR,PISA,2025,TALIS,2018.0,7.0,TEACHER_SELF_EFFICACY_CLS_MGMT,SECLSS,12.6382,+,teacher,A,primary_predictor,cross_program_lag
NOR,PISA,2025,TALIS,2018.0,7.0,TEACHER_SELF_EFFICACY_CLS_MGMT,SECLSS,12.6382,+,teacher,A,primary_predictor,cross_program_lag
NOR,PISA,2025,TALIS,2018.0,7.0,DISCIPLINARY_CLIMATE,TCDISCS,8.7689,+,teacher,A,primary_predictor,cross_program_lag
NOR,PISA,2025,TALIS,2018.0,7.0,DISCIPLINARY_CLIMATE,TCDISCS,8.7689,+,teacher,A,primary_predictor,cross_program_lag
NOR,PISA,2025,TALIS,2018.0,7.0,JOB_SATISFACTION_PROFESSION,TJSPROS,11.4566,+,teacher,B,primary_predictor,cross_program_lag
NOR,PISA,2025,TALIS,2018.0,7.0,JOB_SATISFACTION_PROFESSION,TJSPROS,11.4566,+,teacher,B,primary_predictor,cross_program_lag
NOR,PISA,2025,TALIS,2018.0,7.0,EFFECTIVE_PD,TEFFPROS,12.3044,+,teacher,B,primary_predictor,cross_program_lag
NOR,PISA,2025,TALIS,2018.0,7.0,EFFECTIVE_PD,TEFFPROS,12.3044,+,teacher,B,primary_predictor,cross_program_lag
ROU,PISA,2025,TALIS,2018.0,7.0,TEACHER_SELF_EFFICACY_CLS_MGMT,SECLSS,12.6372,+,teacher,A,primary_predictor,cross_program_lag
ROU,PISA,2025,TALIS,2018.0,7.0,TEACHER_SELF_EFFICACY_CLS_MGMT,SECLSS,12.6372,+,teacher,A,primary_predictor,cross_program_lag
ROU,PISA,2025,TALIS,2018.0,7.0,DISCIPLINARY_CLIMATE,TCDISCS,8.77,+,teacher,A,primary_predictor,cross_program_lag
ROU,PISA,2025,TALIS,2018.0,7.0,DISCIPLINARY_CLIMATE,TCDISCS,8.77,+,teacher,A,primary_predictor,cross_program_lag
ROU,PISA,2025,TALIS,2018.0,7.0,JOB_SATISFACTION_PROFESSION,TJSPROS,11.4577,+,teacher,B,primary_predictor,cross_program_lag
ROU,PISA,2025,TALIS,2018.0,7.0,JOB_SATISFACTION_PROFESSION,TJSPROS,11.4577,+,teacher,B,primary_predictor,cross_program_lag
ROU,PISA,2025,TALIS,2018.0,7.0,EFFECTIVE_PD,TEFFPROS,12.1229,+,teacher,B,primary_predictor,cross_program_lag
ROU,PISA,2025,TALIS,2018.0,7.0,EFFECTIVE_PD,TEFFPROS,12.1229,+,teacher,B,primary_predictor,cross_program_lag
RUS,PISA,2025,TALIS,2018.0,7.0,DISCIPLINARY_CLIMATE,TCDISCS,8.7682,+,teacher,A,primary_predictor,cross_program_lag
RUS,PISA,2025,TALIS,2018.0,7.0,DISCIPLINARY_CLIMATE,TCDISCS,8.7682,+,teacher,A,primary_predictor,cross_program_lag
RUS,PISA,2025,TALIS,2018.0,7.0,JOB_SATISFACTION_PROFESSION,TJSPROS,11.4555,+,teacher,B,primary_predictor,cross_program_lag
RUS,PISA,2025,TALIS,2018.0,7.0,JOB_SATISFACTION_PROFESSION,TJSPROS,11.4555,+,teacher,B,primary_predictor,cross_program_lag
RUS,PISA,2025,TALIS,2018.0,7.0,EFFECTIVE_PD,TEFFPROS,12.2699,+,teacher,B,primary_predictor,cross_program_lag
RUS,PISA,2025,TALIS,2018.0,7.0,EFFECTIVE_PD,TEFFPROS,12.2699,+,teacher,B,primary_predictor,cross_program_lag
SAU,PISA,2025,TALIS,2018.0,7.0,TEACHER_SELF_EFFICACY_CLS_MGMT,SECLSS,12.6378,+,teacher,A,primary_predictor,cross_program_lag
SAU,PISA,2025,TALIS,2018.0,7.0,TEACHER_SELF_EFFICACY_CLS_MGMT,SECLSS,12.6378,+,teacher,A,primary_predictor,cross_program_lag
SAU,PISA,2025,TALIS,2018.0,7.0,DISCIPLINARY_CLIMATE,TCDISCS,8.7698,+,teacher,A,primary_predictor,cross_program_lag
SAU,PISA,2025,TALIS,2018.0,7.0,DISCIPLINARY_CLIMATE,TCDISCS,8.7698,+,teacher,A,primary_predictor,cross_program_lag
SAU,PISA,2025,TALIS,2018.0,7.0,JOB_SATISFACTION_PROFESSION,TJSPROS,11.4538,+,teacher,B,primary_predictor,cross_program_lag
SAU,PISA,2025,TALIS,2018.0,7.0,JOB_SATISFACTION_PROFESSION,TJSPROS,11.4538,+,teacher,B,primary_predictor,cross_program_lag
SAU,PISA,2025,TALIS,2018.0,7.0,EFFECTIVE_PD,TEFFPROS,11.9634,+,teacher,B,primary_predictor,cross_program_lag
SAU,PISA,2025,TALIS,2018.0,7.0,EFFECTIVE_PD,TEFFPROS,11.9634,+,teacher,B,primary_predictor,cross_program_lag
SGP,PISA,2025,TALIS,2018.0,7.0,TEACHER_SELF_EFFICACY_CLS_MGMT,SECLSS,12.6407,+,teacher,A,primary_predictor,cross_program_lag
SGP,PISA,2025,TALIS,2018.0,7.0,TEACHER_SELF_EFFICACY_CLS_MGMT,SECLSS,12.6407,+,teacher,A,primary_predictor,cross_program_lag
SGP,PISA,2025,TALIS,2018.0,7.0,DISCIPLINARY_CLIMATE,TCDISCS,8.7684,+,teacher,A,primary_predictor,cross_program_lag
SGP,PISA,2025,TALIS,2018.0,7.0,DISCIPLINARY_CLIMATE,TCDISCS,8.7684,+,teacher,A,primary_predictor,cross_program_lag
SGP,PISA,2025,TALIS,2018.0,7.0,JOB_SATISFACTION_PROFESSION,TJSPROS,11.4564,+,teacher,B,primary_predictor,cross_program_lag
SGP,PISA,2025,TALIS,2018.0,7.0,JOB_SATISFACTION_PROFESSION,TJSPROS,11.4564,+,teacher,B,primary_predictor,cross_program_lag
SGP,PISA,2025,TALIS,2018.0,7.0,EFFECTIVE_PD,TEFFPROS,12.1645,+,teacher,B,primary_predictor,cross_program_lag
SGP,PISA,2025,TALIS,2018.0,7.0,EFFECTIVE_PD,TEFFPROS,12.1645,+,teacher,B,primary_predictor,cross_program_lag
SVK,PISA,2025,TALIS,2018.0,7.0,TEACHER_SELF_EFFICACY_CLS_MGMT,SECLSS,12.6383,+,teacher,A,primary_predictor,cross_program_lag
SVK,PISA,2025,TALIS,2018.0,7.0,TEACHER_SELF_EFFICACY_CLS_MGMT,SECLSS,12.6383,+,teacher,A,primary_predictor,cross_program_lag
SVK,PISA,2025,TALIS,2018.0,7.0,DISCIPLINARY_CLIMATE,TCDISCS,8.7691,+,teacher,A,primary_predictor,cross_program_lag
SVK,PISA,2025,TALIS,2018.0,7.0,DISCIPLINARY_CLIMATE,TCDISCS,8.7691,+,teacher,A,primary_predictor,cross_program_lag
SVK,PISA,2025,TALIS,2018.0,7.0,JOB_SATISFACTION_PROFESSION,TJSPROS,11.4569,+,teacher,B,primary_predictor,cross_program_lag
SVK,PISA,2025,TALIS,2018.0,7.0,JOB_SATISFACTION_PROFESSION,TJSPROS,11.4569,+,teacher,B,primary_predictor,cross_program_lag
SVK,PISA,2025,TALIS,2018.0,7.0,EFFECTIVE_PD,TEFFPROS,12.2881,+,teacher,B,primary_predictor,cross_program_lag
SVK,PISA,2025,TALIS,2018.0,7.0,EFFECTIVE_PD,TEFFPROS,12.2881,+,teacher,B,primary_predictor,cross_program_lag
SVN,PISA,2025,TALIS,2018.0,7.0,TEACHER_SELF_EFFICACY_CLS_MGMT,SECLSS,12.6385,+,teacher,A,primary_predictor,cross_program_lag
SVN,PISA,2025,TALIS,2018.0,7.0,TEACHER_SELF_EFFICACY_CLS_MGMT,SECLSS,12.6385,+,teacher,A,primary_predictor,cross_program_lag
SVN,PISA,2025,TALIS,2018.0,7.0,DISCIPLINARY_CLIMATE,TCDISCS,8.7694,+,teacher,A,primary_predictor,cross_program_lag
SVN,PISA,2025,TALIS,2018.0,7.0,DISCIPLINARY_CLIMATE,TCDISCS,8.7694,+,teacher,A,primary_predictor,cross_program_lag
SVN,PISA,2025,TALIS,2018.0,7.0,JOB_SATISFACTION_PROFESSION,TJSPROS,11.4569,+,teacher,B,primary_predictor,cross_program_lag
SVN,PISA,2025,TALIS,2018.0,7.0,JOB_SATISFACTION_PROFESSION,TJSPROS,11.4569,+,teacher,B,primary_predictor,cross_program_lag
SVN,PISA,2025,TALIS,2018.0,7.0,EFFECTIVE_PD,TEFFPROS,10.1697,+,teacher,B,primary_predictor,cross_program_lag
SVN,PISA,2025,TALIS,2018.0,7.0,EFFECTIVE_PD,TEFFPROS,10.1697,+,teacher,B,primary_predictor,cross_program_lag
TUR,PISA,2025,TALIS,2018.0,7.0,TEACHER_SELF_EFFICACY_CLS_MGMT,SECLSS,12.638,+,teacher,A,primary_predictor,cross_program_lag
TUR,PISA,2025,TALIS,2018.0,7.0,TEACHER_SELF_EFFICACY_CLS_MGMT,SECLSS,12.638,+,teacher,A,primary_predictor,cross_program_lag
TUR,PISA,2025,TALIS,2018.0,7.0,DISCIPLINARY_CLIMATE,TCDISCS,8.7724,+,teacher,A,primary_predictor,cross_program_lag
TUR,PISA,2025,TALIS,2018.0,7.0,DISCIPLINARY_CLIMATE,TCDISCS,8.7724,+,teacher,A,primary_predictor,cross_program_lag
TUR,PISA,2025,TALIS,2018.0,7.0,JOB_SATISFACTION_PROFESSION,TJSPROS,11.4571,+,teacher,B,primary_predictor,cross_program_lag
TUR,PISA,2025,TALIS,2018.0,7.0,JOB_SATISFACTION_PROFESSION,TJSPROS,11.4571,+,teacher,B,primary_predictor,cross_program_lag
TUR,PISA,2025,TALIS,2018.0,7.0,EFFECTIVE_PD,TEFFPROS,12.9966,+,teacher,B,primary_predictor,cross_program_lag
TUR,PISA,2025,TALIS,2018.0,7.0,EFFECTIVE_PD,TEFFPROS,12.9966,+,teacher,B,primary_predictor,cross_program_lag
VNM,PISA,2025,TALIS,2018.0,7.0,TEACHER_SELF_EFFICACY_CLS_MGMT,SECLSS,12.6385,+,teacher,A,primary_predictor,cross_program_lag
VNM,PISA,2025,TALIS,2018.0,7.0,TEACHER_SELF_EFFICACY_CLS_MGMT,SECLSS,12.6385,+,teacher,A,primary_predictor,cross_program_lag
VNM,PISA,2025,TALIS,2018.0,7.0,DISCIPLINARY_CLIMATE,TCDISCS,8.7695,+,teacher,A,primary_predictor,cross_program_lag
VNM,PISA,2025,TALIS,2018.0,7.0,DISCIPLINARY_CLIMATE,TCDISCS,8.7695,+,teacher,A,primary_predictor,cross_program_lag
VNM,PISA,2025,TALIS,2018.0,7.0,JOB_SATISFACTION_PROFESSION,TJSPROS,11.4586,+,teacher,B,primary_predictor,cross_program_lag
VNM,PISA,2025,TALIS,2018.0,7.0,JOB_SATISFACTION_PROFESSION,TJSPROS,11.4586,+,teacher,B,primary_predictor,cross_program_lag
VNM,PISA,2025,TALIS,2018.0,7.0,EFFECTIVE_PD,TEFFPROS,14.6792,+,teacher,B,primary_predictor,cross_program_lag
VNM,PISA,2025,TALIS,2018.0,7.0,EFFECTIVE_PD,TEFFPROS,14.6792,+,teacher,B,primary_predictor,cross_program_lag
ZAF,PISA,2025,TALIS,2018.0,7.0,TEACHER_SELF_EFFICACY_CLS_MGMT,SECLSS,12.6385,+,teacher,A,primary_predictor,cross_program_lag
ZAF,PISA,2025,TALIS,2018.0,7.0,TEACHER_SELF_EFFICACY_CLS_MGMT,SECLSS,12.6385,+,teacher,A,primary_predictor,cross_program_lag
ZAF,PISA,2025,TALIS,2018.0,7.0,DISCIPLINARY_CLIMATE,TCDISCS,8.7696,+,teacher,A,primary_predictor,cross_program_lag
ZAF,PISA,2025,TALIS,2018.0,7.0,DISCIPLINARY_CLIMATE,TCDISCS,8.7696,+,teacher,A,primary_predictor,cross_program_lag
ZAF,PISA,2025,TALIS,2018.0,7.0,JOB_SATISFACTION_PROFESSION,TJSPROS,11.4568,+,teacher,B,primary_predictor,cross_program_lag
ZAF,PISA,2025,TALIS,2018.0,7.0,JOB_SATISFACTION_PROFESSION,TJSPROS,11.4568,+,teacher,B,primary_predictor,cross_program_lag
ZAF,PISA,2025,TALIS,2018.0,7.0,EFFECTIVE_PD,TEFFPROS,12.1129,+,teacher,B,primary_predictor,cross_program_lag
ZAF,PISA,2025,TALIS,2018.0,7.0,EFFECTIVE_PD,TEFFPROS,12.1129,+,teacher,B,primary_predictor,cross_program_lag
