study_id,title,year,doi,venue,programs,cycles,n_countries,countries_sample,predictor_raw,canonical_construct,outcome_raw,outcome_type,effect_type,analysis_level,rank_in_study,direction,dataset_used
101. Tang et al. (2021). An exploratory analysis of the latent structure of process data via action sequence.pdf,An exploratory analysis of the latent structure of process data via action sequence autoencoders,2021,10.1111/bmsp.12203,British Journal of Mathematical and Statistical Psychology,PIAAC,2012,0,,Gender,GENDER,from_confounders,unspecified,associative,student,,,
106. Zhai et al. (2023). Machine learning investigation of optimal psychoemotional well-being factors for students’ reading literacy.pdf,Machine learning investigation of optimal psychoemotional well-being factors for students’ reading literacy,2024,10.1007/s10639-024-12580-8,Education and Information Technologies,PISA,2018,1,CHN,Socioeconomic status (ESCS),SES_COMPOSITE,High vs low reading literacy (binary),reading_achievement,predictive,student,1.0,,"PISA 2018 Reading (B-S-J-Z, China; PV1; dichotomized Level 5+ vs Level 2-)"
106. Zhai et al. (2023). Machine learning investigation of optimal psychoemotional well-being factors for students’ reading literacy.pdf,Machine learning investigation of optimal psychoemotional well-being factors for students’ reading literacy,2024,10.1007/s10639-024-12580-8,Education and Information Technologies,PISA,2018,1,CHN,Disciplinary climate,DISCIPLINARY_CLIMATE,High vs low reading literacy (binary),reading_achievement,predictive,student,3.0,,"PISA 2018 Reading (B-S-J-Z, China; PV1; dichotomized Level 5+ vs Level 2-)"
106. Zhai et al. (2023). Machine learning investigation of optimal psychoemotional well-being factors for students’ reading literacy.pdf,Machine learning investigation of optimal psychoemotional well-being factors for students’ reading literacy,2024,10.1007/s10639-024-12580-8,Education and Information Technologies,PISA,2018,1,CHN,Gender,GENDER,from_confounders,unspecified,associative,student,,,
106. Zhai et al. (2023). Machine learning investigation of optimal psychoemotional well-being factors for students’ reading literacy.pdf,Machine learning investigation of optimal psychoemotional well-being factors for students’ reading literacy,2024,10.1007/s10639-024-12580-8,Education and Information Technologies,PISA,2018,1,CHN,Socioeconomic status (ESCS),SES_COMPOSITE,from_confounders,unspecified,associative,student,,,
106. Zhai et al. (2023). Machine learning investigation of optimal psychoemotional well-being factors for students’ reading literacy.pdf,Machine learning investigation of optimal psychoemotional well-being factors for students’ reading literacy,2024,10.1007/s10639-024-12580-8,Education and Information Technologies,PISA,2018,1,CHN,Disciplinary climate,DISCIPLINARY_CLIMATE,from_confounders,unspecified,associative,student,,,
106. Zhai et al. (2023). Machine learning investigation of optimal psychoemotional well-being factors for students’ reading literacy.pdf,Machine learning investigation of optimal psychoemotional well-being factors for students’ reading literacy,2024,10.1007/s10639-024-12580-8,Education and Information Technologies,PISA,2018,1,CHN,Sense of belonging,SCHOOL_BELONGING,from_confounders,unspecified,associative,student,,,
107. Tan et al. (2025). Using machine learning algorithms to predict students’ general self-efficacy in PISA 2018.pdf,Using machine learning algorithms to predict students’ general self-efficacy in PISA 2018,2025,10.1016/j.appdev.2025.101828,Journal of Applied Developmental Psychology,PISA,2018,5,MYS|JPN|KAZ|IDN|CHN,Study possessions,SES_COMPOSITE,from_confounders,unspecified,associative,student,,,
107. Tan et al. (2025). Using machine learning algorithms to predict students’ general self-efficacy in PISA 2018.pdf,Using machine learning algorithms to predict students’ general self-efficacy in PISA 2018,2025,10.1016/j.appdev.2025.101828,Journal of Applied Developmental Psychology,PISA,2018,5,MYS|JPN|KAZ|IDN|CHN,Home possessions,SES_COMPOSITE,from_confounders,unspecified,associative,student,,,
11. Demir & Karaboğa. (2021). Modeling mathematics achievement with deep learning methods.pdf,Modeling mathematics achievement with deep learning methods,2021,10.14744/sigma.2021.00039,Sigma Journal of Engineering and Natural Sciences,PISA,2018,1,TUR,Gender,GENDER,Mathematics achievement class (successful vs unsuccessful),mathematics_achievement,predictive,student,1.0,,"PISA 2018 Turkey (Mathematics achievement; PV1MATH), binary success vs failure subset (top 30% vs bottom 30%)"
11. Demir & Karaboğa. (2021). Modeling mathematics achievement with deep learning methods.pdf,Modeling mathematics achievement with deep learning methods,2021,10.14744/sigma.2021.00039,Sigma Journal of Engineering and Natural Sciences,PISA,2018,1,TUR,Sense of school belonging,SCHOOL_BELONGING,Mathematics achievement class (successful vs unsuccessful),mathematics_achievement,predictive,student,2.0,,"PISA 2018 Turkey (Mathematics achievement; PV1MATH), binary success vs failure subset (top 30% vs bottom 30%)"
11. Demir & Karaboğa. (2021). Modeling mathematics achievement with deep learning methods.pdf,Modeling mathematics achievement with deep learning methods,2021,10.14744/sigma.2021.00039,Sigma Journal of Engineering and Natural Sciences,PISA,2018,1,TUR,Socioeconomic status (ESCS),SES_COMPOSITE,Mathematics achievement class (successful vs unsuccessful),mathematics_achievement,predictive,student,3.0,,"PISA 2018 Turkey (Mathematics achievement; PV1MATH), binary success vs failure subset (top 30% vs bottom 30%)"
11. Demir & Karaboğa. (2021). Modeling mathematics achievement with deep learning methods.pdf,Modeling mathematics achievement with deep learning methods,2021,10.14744/sigma.2021.00039,Sigma Journal of Engineering and Natural Sciences,PISA,2018,1,TUR,Home possessions,SES_COMPOSITE,Mathematics achievement class (successful vs unsuccessful),mathematics_achievement,predictive,student,4.0,,"PISA 2018 Turkey (Mathematics achievement; PV1MATH), binary success vs failure subset (top 30% vs bottom 30%)"
11. Demir & Karaboğa. (2021). Modeling mathematics achievement with deep learning methods.pdf,Modeling mathematics achievement with deep learning methods,2021,10.14744/sigma.2021.00039,Sigma Journal of Engineering and Natural Sciences,PISA,2018,1,TUR,Gender,GENDER,from_confounders,unspecified,associative,student,,,
11. Demir & Karaboğa. (2021). Modeling mathematics achievement with deep learning methods.pdf,Modeling mathematics achievement with deep learning methods,2021,10.14744/sigma.2021.00039,Sigma Journal of Engineering and Natural Sciences,PISA,2018,1,TUR,Sense of school belonging,SCHOOL_BELONGING,from_confounders,unspecified,associative,student,,,
11. Demir & Karaboğa. (2021). Modeling mathematics achievement with deep learning methods.pdf,Modeling mathematics achievement with deep learning methods,2021,10.14744/sigma.2021.00039,Sigma Journal of Engineering and Natural Sciences,PISA,2018,1,TUR,Socioeconomic status (ESCS),SES_COMPOSITE,from_confounders,unspecified,associative,student,,,
11. Demir & Karaboğa. (2021). Modeling mathematics achievement with deep learning methods.pdf,Modeling mathematics achievement with deep learning methods,2021,10.14744/sigma.2021.00039,Sigma Journal of Engineering and Natural Sciences,PISA,2018,1,TUR,Home possessions,SES_COMPOSITE,from_confounders,unspecified,associative,student,,,
111. Bernardo et al. (2023). Profiling low-proficiency science students in the Philippines using machine learning.pdf,Profiling low-proficiency science students in the Philippines using machine learning,2023,10.1057/s41599-023-01705-y,Humanities and Social Sciences Communications,PISA,2018,1,PHL,Sense of belonging (BELONG),SCHOOL_BELONGING,Poor vs better science proficiency (Level ≤1b vs ≥1a),science_achievement,predictive,student,1.0,,"PISA 2018 (Philippines) Science proficiency (PV1SCIE), 15-year-olds"
111. Bernardo et al. (2023). Profiling low-proficiency science students in the Philippines using machine learning.pdf,Profiling low-proficiency science students in the Philippines using machine learning,2023,10.1057/s41599-023-01705-y,Humanities and Social Sciences Communications,PISA,2018,1,PHL,Work mastery motivation (WORKMAST),MOTIVATION,Poor vs better science proficiency (Level ≤1b vs ≥1a),science_achievement,predictive,student,4.0,,"PISA 2018 (Philippines) Science proficiency (PV1SCIE), 15-year-olds"
111. Bernardo et al. (2023). Profiling low-proficiency science students in the Philippines using machine learning.pdf,Profiling low-proficiency science students in the Philippines using machine learning,2023,10.1057/s41599-023-01705-y,Humanities and Social Sciences Communications,PISA,2018,1,PHL,Sense of belonging,SCHOOL_BELONGING,from_confounders,unspecified,associative,student,,,
111. Bernardo et al. (2023). Profiling low-proficiency science students in the Philippines using machine learning.pdf,Profiling low-proficiency science students in the Philippines using machine learning,2023,10.1057/s41599-023-01705-y,Humanities and Social Sciences Communications,PISA,2018,1,PHL,Work mastery motivation,MOTIVATION,from_confounders,unspecified,associative,student,,,
111. Bernardo et al. (2023). Profiling low-proficiency science students in the Philippines using machine learning.pdf,Profiling low-proficiency science students in the Philippines using machine learning,2023,10.1057/s41599-023-01705-y,Humanities and Social Sciences Communications,PISA,2018,1,PHL,Mother's education level,PARENTAL_EDUCATION,from_confounders,unspecified,associative,student,,,
114. Khoudi et al. (2024). Identifying the contextual factors related to the reading performance of Moroccan fourth-grade students from a Machine Learning-based Approach..pdf,Identifying the contextual factors related to the reading performance of Moroccan fourth-grade students from a Machine L,2024,10.1007/s10639-023-11881-8,Education and Information Technologies,PIRLS,2016,1,MAR,Early literacy tasks performance,HOME_LITERACY_ACTIVITIES,Reading proficiency (Low vs Others),reading_achievement,predictive,student,3.0,,PIRLS 2016 Morocco Grade 4 Reading (student/teacher/school merged)
114. Khoudi et al. (2024). Identifying the contextual factors related to the reading performance of Moroccan fourth-grade students from a Machine Learning-based Approach..pdf,Identifying the contextual factors related to the reading performance of Moroccan fourth-grade students from a Machine L,2024,10.1007/s10639-023-11881-8,Education and Information Technologies,PIRLS,2016,1,MAR,Early literacy tasks performance,HOME_LITERACY_ACTIVITIES,from_confounders,unspecified,associative,student,,,
"116. Ye & Yuan. (2022). Using a machine learning approach to explore non-cognitive factors affecting reading, mathematics, and science literacy in china and the united states.pdf","USING A MACHINE LEARNING APPROACH TO EXPLORE NON-COGNITIVE FACTORS AFFECTING READING, MATHEMATICS, AND SCIENCE LITERACY ",2022,10.33225/jbse/22.21.575,Journal of Baltic Science Education,PISA,2018,2,CHN|USA,ESCS,SES_COMPOSITE,Reading achievement (PV1READ),reading_achievement,predictive,student,4.0,,"PISA 2018 Reading (PV1READ), China and United States (15-year-olds)"
"116. Ye & Yuan. (2022). Using a machine learning approach to explore non-cognitive factors affecting reading, mathematics, and science literacy in china and the united states.pdf","USING A MACHINE LEARNING APPROACH TO EXPLORE NON-COGNITIVE FACTORS AFFECTING READING, MATHEMATICS, AND SCIENCE LITERACY ",2022,10.33225/jbse/22.21.575,Journal of Baltic Science Education,PISA,2018,2,CHN|USA,Meta-cognition: assess credibility,SES_COMPOSITE,from_confounders,unspecified,associative,student,,,
"116. Ye & Yuan. (2022). Using a machine learning approach to explore non-cognitive factors affecting reading, mathematics, and science literacy in china and the united states.pdf","USING A MACHINE LEARNING APPROACH TO EXPLORE NON-COGNITIVE FACTORS AFFECTING READING, MATHEMATICS, AND SCIENCE LITERACY ",2022,10.33225/jbse/22.21.575,Journal of Baltic Science Education,PISA,2018,2,CHN|USA,Socioeconomic status (ESCS),SES_COMPOSITE,from_confounders,unspecified,associative,student,,,
"116. Ye & Yuan. (2022). Using a machine learning approach to explore non-cognitive factors affecting reading, mathematics, and science literacy in china and the united states.pdf","USING A MACHINE LEARNING APPROACH TO EXPLORE NON-COGNITIVE FACTORS AFFECTING READING, MATHEMATICS, AND SCIENCE LITERACY ",2022,10.33225/jbse/22.21.575,Journal of Baltic Science Education,PISA,2018,2,CHN|USA,Sense of belonging,SCHOOL_BELONGING,from_confounders,unspecified,associative,student,,,
"116. Ye & Yuan. (2022). Using a machine learning approach to explore non-cognitive factors affecting reading, mathematics, and science literacy in china and the united states.pdf","USING A MACHINE LEARNING APPROACH TO EXPLORE NON-COGNITIVE FACTORS AFFECTING READING, MATHEMATICS, AND SCIENCE LITERACY ",2022,10.33225/jbse/22.21.575,Journal of Baltic Science Education,PISA,2018,2,CHN|USA,Home educational resources,HOME_RESOURCES,from_confounders,unspecified,associative,student,,,
"116. Ye & Yuan. (2022). Using a machine learning approach to explore non-cognitive factors affecting reading, mathematics, and science literacy in china and the united states.pdf","USING A MACHINE LEARNING APPROACH TO EXPLORE NON-COGNITIVE FACTORS AFFECTING READING, MATHEMATICS, AND SCIENCE LITERACY ",2022,10.33225/jbse/22.21.575,Journal of Baltic Science Education,PISA,2018,2,CHN|USA,Autonomy related to ICT use,ICT_HOME_ACCESS,from_confounders,unspecified,associative,student,,,
"116. Ye & Yuan. (2022). Using a machine learning approach to explore non-cognitive factors affecting reading, mathematics, and science literacy in china and the united states.pdf","USING A MACHINE LEARNING APPROACH TO EXPLORE NON-COGNITIVE FACTORS AFFECTING READING, MATHEMATICS, AND SCIENCE LITERACY ",2022,10.33225/jbse/22.21.575,Journal of Baltic Science Education,PISA,2018,2,CHN|USA,Reading self-concept competence,SELF_CONCEPT,from_confounders,unspecified,associative,student,,,
"116. Ye & Yuan. (2022). Using a machine learning approach to explore non-cognitive factors affecting reading, mathematics, and science literacy in china and the united states.pdf","USING A MACHINE LEARNING APPROACH TO EXPLORE NON-COGNITIVE FACTORS AFFECTING READING, MATHEMATICS, AND SCIENCE LITERACY ",2022,10.33225/jbse/22.21.575,Journal of Baltic Science Education,PISA,2018,2,CHN|USA,Home possessions index,SES_COMPOSITE,from_confounders,unspecified,associative,student,,,
"116. Ye & Yuan. (2022). Using a machine learning approach to explore non-cognitive factors affecting reading, mathematics, and science literacy in china and the united states.pdf","USING A MACHINE LEARNING APPROACH TO EXPLORE NON-COGNITIVE FACTORS AFFECTING READING, MATHEMATICS, AND SCIENCE LITERACY ",2022,10.33225/jbse/22.21.575,Journal of Baltic Science Education,PISA,2018,2,CHN|USA,ICT use outside lessons,ICT_HOME_ACCESS,from_confounders,unspecified,associative,student,,,
117. Lim et al. (2024). Exploration of Variables Predicting Sense of School Belonging Using the Machine Learning Method—Group Mnet.pdf,Exploration of Variables Predicting Sense of School Belonging Using the Machine Learning Method—Group Mnet,2024,10.1177/00332941221133005,Psychological Reports,PISA,2015,1,KOR,Student gender,GENDER,Sense of school belonging,unspecified,predictive,teacher,1.0,+,"PISA 2015 (KOR) — school belonging (ST034, 4-point Likert)"
117. Lim et al. (2024). Exploration of Variables Predicting Sense of School Belonging Using the Machine Learning Method—Group Mnet.pdf,Exploration of Variables Predicting Sense of School Belonging Using the Machine Learning Method—Group Mnet,2024,10.1177/00332941221133005,Psychological Reports,PISA,2015,1,KOR,gender,GENDER,from_confounders,unspecified,associative,student,,,
117. Lim et al. (2024). Exploration of Variables Predicting Sense of School Belonging Using the Machine Learning Method—Group Mnet.pdf,Exploration of Variables Predicting Sense of School Belonging Using the Machine Learning Method—Group Mnet,2024,10.1177/00332941221133005,Psychological Reports,PISA,2015,1,KOR,Teamwork raises own efficiency,SES_COMPOSITE,from_confounders,unspecified,associative,student,,,
117. Lim et al. (2024). Exploration of Variables Predicting Sense of School Belonging Using the Machine Learning Method—Group Mnet.pdf,Exploration of Variables Predicting Sense of School Belonging Using the Machine Learning Method—Group Mnet,2024,10.1177/00332941221133005,Psychological Reports,PISA,2015,1,KOR,Uses digital devices for social networks,SES_COMPOSITE,from_confounders,unspecified,associative,student,,,
12. Gomez-Talal et al. (2025). Interpretable Machine Learning Models for PISA Results in Mathematics.pdf,Interpretable Machine Learning Models for PISA Results in Mathematics,2025,10.1109/ACCESS.2025.3538585,IEEE Access,PISA,2022,1,ESP,Participation in extra math classes,SES_COMPOSITE,Low vs High mathematics proficiency (binary),mathematics_achievement,predictive,student,3.0,,PISA 2022 Mathematics (Spain) — Low vs High proficiency classification
12. Gomez-Talal et al. (2025). Interpretable Machine Learning Models for PISA Results in Mathematics.pdf,Interpretable Machine Learning Models for PISA Results in Mathematics,2025,10.1109/ACCESS.2025.3538585,IEEE Access,PISA,2022,1,ESP,Number of books at home,HOME_RESOURCES,Low vs High mathematics proficiency (binary),mathematics_achievement,predictive,student,4.0,,PISA 2022 Mathematics (Spain) — Low vs High proficiency classification
12. Gomez-Talal et al. (2025). Interpretable Machine Learning Models for PISA Results in Mathematics.pdf,Interpretable Machine Learning Models for PISA Results in Mathematics,2025,10.1109/ACCESS.2025.3538585,IEEE Access,PISA,2022,1,ESP,Number of books at home,HOME_RESOURCES,from_confounders,unspecified,associative,student,,,
12. Gomez-Talal et al. (2025). Interpretable Machine Learning Models for PISA Results in Mathematics.pdf,Interpretable Machine Learning Models for PISA Results in Mathematics,2025,10.1109/ACCESS.2025.3538585,IEEE Access,PISA,2022,1,ESP,Participation in extra math classes,SES_COMPOSITE,from_confounders,unspecified,associative,student,,,
12. Gomez-Talal et al. (2025). Interpretable Machine Learning Models for PISA Results in Mathematics.pdf,Interpretable Machine Learning Models for PISA Results in Mathematics,2025,10.1109/ACCESS.2025.3538585,IEEE Access,PISA,2022,1,ESP,Gender,GENDER,from_confounders,unspecified,associative,student,,,
121. Braun et al. (2025). Rethinking TIMSS quality assurance: utilizing neural network models with regression‑based bias mitigation strategies for validating country‑level math and science achievement scores.pdf,Rethinking TIMSS quality assurance: utilizing neural network models with regression‑based bias mitigation strategies for,2025,10.1186/s40536-025-00262-x,Large-scale Assessments in Education,TIMSS,2011|2015,32,ARE|AUS|BEL|BHR|CHL|CHN|DEU|DNK|ESP|GBR,Books at home,HOME_RESOURCES,Math achievement (country-level mean; residual screening),mathematics_achievement,predictive,country,1.0,+,TIMSS 2011→2015 Grade 8 Mathematics (country-level QC residuals)
121. Braun et al. (2025). Rethinking TIMSS quality assurance: utilizing neural network models with regression‑based bias mitigation strategies for validating country‑level math and science achievement scores.pdf,Rethinking TIMSS quality assurance: utilizing neural network models with regression‑based bias mitigation strategies for,2025,10.1186/s40536-025-00262-x,Large-scale Assessments in Education,TIMSS,2011|2015,32,ARE|AUS|BEL|BHR|CHL|CHN|DEU|DNK|ESP|GBR,Gender,GENDER,Math achievement (country-level mean; residual screening),mathematics_achievement,predictive,country,2.0,+,TIMSS 2011→2015 Grade 8 Mathematics (country-level QC residuals)
121. Braun et al. (2025). Rethinking TIMSS quality assurance: utilizing neural network models with regression‑based bias mitigation strategies for validating country‑level math and science achievement scores.pdf,Rethinking TIMSS quality assurance: utilizing neural network models with regression‑based bias mitigation strategies for,2025,10.1186/s40536-025-00262-x,Large-scale Assessments in Education,TIMSS,2011|2015,32,ARE|AUS|BEL|BHR|CHL|CHN|DEU|DNK|ESP|GBR,School belonging,SCHOOL_BELONGING,Math achievement (country-level mean; residual screening),mathematics_achievement,predictive,country,3.0,+,TIMSS 2011→2015 Grade 8 Mathematics (country-level QC residuals)
121. Braun et al. (2025). Rethinking TIMSS quality assurance: utilizing neural network models with regression‑based bias mitigation strategies for validating country‑level math and science achievement scores.pdf,Rethinking TIMSS quality assurance: utilizing neural network models with regression‑based bias mitigation strategies for,2025,10.1186/s40536-025-00262-x,Large-scale Assessments in Education,TIMSS,2011|2015,32,ARE|AUS|BEL|BHR|CHL|CHN|DEU|DNK|ESP|GBR,Books at home,HOME_RESOURCES,from_confounders,unspecified,associative,student,,,
121. Braun et al. (2025). Rethinking TIMSS quality assurance: utilizing neural network models with regression‑based bias mitigation strategies for validating country‑level math and science achievement scores.pdf,Rethinking TIMSS quality assurance: utilizing neural network models with regression‑based bias mitigation strategies for,2025,10.1186/s40536-025-00262-x,Large-scale Assessments in Education,TIMSS,2011|2015,32,ARE|AUS|BEL|BHR|CHL|CHN|DEU|DNK|ESP|GBR,Gender,GENDER,from_confounders,unspecified,associative,student,,,
121. Braun et al. (2025). Rethinking TIMSS quality assurance: utilizing neural network models with regression‑based bias mitigation strategies for validating country‑level math and science achievement scores.pdf,Rethinking TIMSS quality assurance: utilizing neural network models with regression‑based bias mitigation strategies for,2025,10.1186/s40536-025-00262-x,Large-scale Assessments in Education,TIMSS,2011|2015,32,ARE|AUS|BEL|BHR|CHL|CHN|DEU|DNK|ESP|GBR,Language at home,LANGUAGE_BACKGROUND,from_confounders,unspecified,associative,student,,,
121. Braun et al. (2025). Rethinking TIMSS quality assurance: utilizing neural network models with regression‑based bias mitigation strategies for validating country‑level math and science achievement scores.pdf,Rethinking TIMSS quality assurance: utilizing neural network models with regression‑based bias mitigation strategies for,2025,10.1186/s40536-025-00262-x,Large-scale Assessments in Education,TIMSS,2011|2015,32,ARE|AUS|BEL|BHR|CHL|CHN|DEU|DNK|ESP|GBR,School belonging,SCHOOL_BELONGING,from_confounders,unspecified,associative,student,,,
122. Schmitz & Sonnleitner (2025). Evaluating AI‑generated vs. human‑written reading comprehension passages: an expert SWOT analysis and comparative study for an educational large‑scale assessment.pdf,Evaluating AI‑generated vs. human‑written reading comprehension passages: an expert SWOT analysis and comparative study ,2025,10.1186/s40536-025-00255-w,Large-scale Assessments in Education,,,2,LUX|DEU,Gender,GENDER,from_confounders,unspecified,associative,student,,,
123. Jewsbury & Johnson (2025). Principal component analysis on the covariance matrix for data reduction in large‑scale assessments.pdf,Principal component analysis on the covariance matrix for data reduction in large-scale assessments,2025,10.1186/s40536-025-00264-9,Large-scale Assessments in Education,,2019,1,USA,Gender group indicators,GENDER,Proficiency group mean estimates (PVs) bias and MSE,mathematics_achievement,associative,student,1.0,,Simulation study based on 2019 NAEP Mathematics Grade 8 (population draw; univariate latent proficiency; 40-item 3PL ite
123. Jewsbury & Johnson (2025). Principal component analysis on the covariance matrix for data reduction in large‑scale assessments.pdf,Principal component analysis on the covariance matrix for data reduction in large-scale assessments,2025,10.1186/s40536-025-00264-9,Large-scale Assessments in Education,,2019,1,USA,FRPL socioeconomic eligibility,SES_COMPOSITE,Proficiency group mean estimates (PVs) bias and MSE,mathematics_achievement,associative,student,5.0,,Simulation study based on 2019 NAEP Mathematics Grade 8 (population draw; univariate latent proficiency; 40-item 3PL ite
123. Jewsbury & Johnson (2025). Principal component analysis on the covariance matrix for data reduction in large‑scale assessments.pdf,Principal component analysis on the covariance matrix for data reduction in large-scale assessments,2025,10.1186/s40536-025-00264-9,Large-scale Assessments in Education,,2019,1,USA,Gender group indicators,GENDER,from_confounders,unspecified,associative,student,,,
123. Jewsbury & Johnson (2025). Principal component analysis on the covariance matrix for data reduction in large‑scale assessments.pdf,Principal component analysis on the covariance matrix for data reduction in large-scale assessments,2025,10.1186/s40536-025-00264-9,Large-scale Assessments in Education,,2019,1,USA,FRPL socioeconomic eligibility,SES_COMPOSITE,from_confounders,unspecified,associative,student,,,
124. Mirazchiyski & Gershteyn (2024). ﻿Technology factors related to the differences in paper and online reading scores in PIRLS 2016.pdf,Technology factors related to the differences in paper and online reading scores in PIRLS 2016,2024,10.1186/s40536-024-00224-9,Large-scale Assessments in Education,PIRLS,2016,6,DNK|ITA|NOR|PRT|SVN|SWE,Computer self-efficacy,TEACHER_SELF_EFFICACY_CLS_MGMT,Mode difference in reading for information (e-reading PV minus paper PV),reading_achievement,associative,student,4.0,,"PIRLS 2016 Grade 4 Reading for information (paper vs. ePIRLS 2016 electronic mode), six European countries (DNK, ITA, NO"
124. Mirazchiyski & Gershteyn (2024). ﻿Technology factors related to the differences in paper and online reading scores in PIRLS 2016.pdf,Technology factors related to the differences in paper and online reading scores in PIRLS 2016,2024,10.1186/s40536-024-00224-9,Large-scale Assessments in Education,PIRLS,2016,6,DNK|ITA|NOR|PRT|SVN|SWE,Computer self-efficacy,TEACHER_SELF_EFFICACY_CLS_MGMT,from_confounders,unspecified,associative,student,,,
124. Mirazchiyski & Gershteyn (2024). ﻿Technology factors related to the differences in paper and online reading scores in PIRLS 2016.pdf,Technology factors related to the differences in paper and online reading scores in PIRLS 2016,2024,10.1186/s40536-024-00224-9,Large-scale Assessments in Education,PIRLS,2016,6,DNK|ITA|NOR|PRT|SVN|SWE,Home resources for learning,HOME_RESOURCES,from_confounders,unspecified,associative,student,,,
124. Mirazchiyski & Gershteyn (2024). ﻿Technology factors related to the differences in paper and online reading scores in PIRLS 2016.pdf,Technology factors related to the differences in paper and online reading scores in PIRLS 2016,2024,10.1186/s40536-024-00224-9,Large-scale Assessments in Education,PIRLS,2016,6,DNK|ITA|NOR|PRT|SVN|SWE,Home resources aggregated at school,HOME_RESOURCES,from_confounders,unspecified,associative,student,,,
126. He et al. (2024). The relationship between personal‑collaborative motivation profiles and students’ performance in collaborative problem solving.pdf,The relationship between personal-collaborative motivation profiles and students’ performance in collaborative problem s,2024,10.1186/s40536-024-00219-6,Large-scale Assessments in Education,PISA,2015,1,CHN,CPS motivation profile (LPA classes),SES_COMPOSITE,CPS achievement (10 plausible values),unspecified,associative,student,1.0,,"PISA 2015 Collaborative Problem Solving (CPS), China (B-S-J-G regions)"
126. He et al. (2024). The relationship between personal‑collaborative motivation profiles and students’ performance in collaborative problem solving.pdf,The relationship between personal-collaborative motivation profiles and students’ performance in collaborative problem s,2024,10.1186/s40536-024-00219-6,Large-scale Assessments in Education,PISA,2015,1,CHN,Gender,GENDER,CPS achievement (10 plausible values),unspecified,associative,student,2.0,,"PISA 2015 Collaborative Problem Solving (CPS), China (B-S-J-G regions)"
126. He et al. (2024). The relationship between personal‑collaborative motivation profiles and students’ performance in collaborative problem solving.pdf,The relationship between personal-collaborative motivation profiles and students’ performance in collaborative problem s,2024,10.1186/s40536-024-00219-6,Large-scale Assessments in Education,PISA,2015,1,CHN,Socioeconomic status (ESCS),SES_COMPOSITE,CPS achievement (10 plausible values),unspecified,associative,student,3.0,,"PISA 2015 Collaborative Problem Solving (CPS), China (B-S-J-G regions)"
126. He et al. (2024). The relationship between personal‑collaborative motivation profiles and students’ performance in collaborative problem solving.pdf,The relationship between personal-collaborative motivation profiles and students’ performance in collaborative problem s,2024,10.1186/s40536-024-00219-6,Large-scale Assessments in Education,PISA,2015,1,CHN,Instrumental motivation (science),MOTIVATION,from_confounders,unspecified,associative,student,,,
126. He et al. (2024). The relationship between personal‑collaborative motivation profiles and students’ performance in collaborative problem solving.pdf,The relationship between personal-collaborative motivation profiles and students’ performance in collaborative problem s,2024,10.1186/s40536-024-00219-6,Large-scale Assessments in Education,PISA,2015,1,CHN,Achievement motivation,MOTIVATION,from_confounders,unspecified,associative,student,,,
126. He et al. (2024). The relationship between personal‑collaborative motivation profiles and students’ performance in collaborative problem solving.pdf,The relationship between personal-collaborative motivation profiles and students’ performance in collaborative problem s,2024,10.1186/s40536-024-00219-6,Large-scale Assessments in Education,PISA,2015,1,CHN,Sense of belonging,SCHOOL_BELONGING,from_confounders,unspecified,associative,student,,,
126. He et al. (2024). The relationship between personal‑collaborative motivation profiles and students’ performance in collaborative problem solving.pdf,The relationship between personal-collaborative motivation profiles and students’ performance in collaborative problem s,2024,10.1186/s40536-024-00219-6,Large-scale Assessments in Education,PISA,2015,1,CHN,Socioeconomic status (ESCS),SES_COMPOSITE,from_confounders,unspecified,associative,student,,,
126. He et al. (2024). The relationship between personal‑collaborative motivation profiles and students’ performance in collaborative problem solving.pdf,The relationship between personal-collaborative motivation profiles and students’ performance in collaborative problem s,2024,10.1186/s40536-024-00219-6,Large-scale Assessments in Education,PISA,2015,1,CHN,Gender,GENDER,from_confounders,unspecified,associative,student,,,
126. He et al. (2024). The relationship between personal‑collaborative motivation profiles and students’ performance in collaborative problem solving.pdf,The relationship between personal-collaborative motivation profiles and students’ performance in collaborative problem s,2024,10.1186/s40536-024-00219-6,Large-scale Assessments in Education,PISA,2015,1,CHN,Motivation profile (LPA classes),SES_COMPOSITE,from_confounders,unspecified,associative,student,,,
128. Chen et al. (2020). Synergistic effects of instruction and affect factors on high‑ and low‑ability disparities in elementary students’ reading literacy.pdf,Synergistic effects of instruction and affect factors on high- and low-ability disparities in elementary students’ readi,2020,10.1007/s11145-020-10070-0,,PIRLS,2016,7,AUS|USA|GBR|GBR|HKG|MAC|TWN,Reading self-concepts,SELF_CONCEPT,High vs low reading proficiency (benchmark-based),reading_achievement,predictive,teacher,1.0,,"PIRLS 2016 Grade 4 Reading (English-instruction systems: USA, England, Northern Ireland, Australia)"
"129. Campos & Scherer. (2024). Digital gender gaps in Students’ knowledge, attitudes and skills: an integrative data analysis across 32 Countries.pdf","Digital gender gaps in Students’ knowledge, attitudes and skills: an integrative data analysis across 32 Countries",2024,10.1007/s10639-023-12272-9,Education and Information Technologies,ICILS,2013|2018,38,TUR|THA|RUS|CHE|CZE|POL|SVK|DEU|LTU|DNK,Gender (girls vs boys),GENDER,Digital skills (CIL) via ICT affect mediation,literacy_achievement,associative,student,1.0,,ICILS 2013 & 2018 Grade 8 Computer and Information Literacy (CIL) (Plausible Values)
"129. Campos & Scherer. (2024). Digital gender gaps in Students’ knowledge, attitudes and skills: an integrative data analysis across 32 Countries.pdf","Digital gender gaps in Students’ knowledge, attitudes and skills: an integrative data analysis across 32 Countries",2024,10.1007/s10639-023-12272-9,Education and Information Technologies,ICILS,2013|2018,38,TUR|THA|RUS|CHE|CZE|POL|SVK|DEU|LTU|DNK,Gender (girls vs boys),GENDER,from_confounders,unspecified,associative,student,,,
"129. Campos & Scherer. (2024). Digital gender gaps in Students’ knowledge, attitudes and skills: an integrative data analysis across 32 Countries.pdf","Digital gender gaps in Students’ knowledge, attitudes and skills: an integrative data analysis across 32 Countries",2024,10.1007/s10639-023-12272-9,Education and Information Technologies,ICILS,2013|2018,38,TUR|THA|RUS|CHE|CZE|POL|SVK|DEU|LTU|DNK,ICT self-efficacy: basic,TEACHER_SELF_EFFICACY_CLS_MGMT,from_confounders,unspecified,associative,student,,,
"129. Campos & Scherer. (2024). Digital gender gaps in Students’ knowledge, attitudes and skills: an integrative data analysis across 32 Countries.pdf","Digital gender gaps in Students’ knowledge, attitudes and skills: an integrative data analysis across 32 Countries",2024,10.1007/s10639-023-12272-9,Education and Information Technologies,ICILS,2013|2018,38,TUR|THA|RUS|CHE|CZE|POL|SVK|DEU|LTU|DNK,ICT self-efficacy: advanced,TEACHER_SELF_EFFICACY_CLS_MGMT,from_confounders,unspecified,associative,student,,,
"129. Campos & Scherer. (2024). Digital gender gaps in Students’ knowledge, attitudes and skills: an integrative data analysis across 32 Countries.pdf","Digital gender gaps in Students’ knowledge, attitudes and skills: an integrative data analysis across 32 Countries",2024,10.1007/s10639-023-12272-9,Education and Information Technologies,ICILS,2013|2018,38,TUR|THA|RUS|CHE|CZE|POL|SVK|DEU|LTU|DNK,Socioeconomic development (HDI),SES_COMPOSITE,from_confounders,unspecified,associative,student,,,
"129. Campos & Scherer. (2024). Digital gender gaps in Students’ knowledge, attitudes and skills: an integrative data analysis across 32 Countries.pdf","Digital gender gaps in Students’ knowledge, attitudes and skills: an integrative data analysis across 32 Countries",2024,10.1007/s10639-023-12272-9,Education and Information Technologies,ICILS,2013|2018,38,TUR|THA|RUS|CHE|CZE|POL|SVK|DEU|LTU|DNK,Gender inequality (GII),GENDER,from_confounders,unspecified,associative,student,,,
"129. Campos & Scherer. (2024). Digital gender gaps in Students’ knowledge, attitudes and skills: an integrative data analysis across 32 Countries.pdf","Digital gender gaps in Students’ knowledge, attitudes and skills: an integrative data analysis across 32 Countries",2024,10.1007/s10639-023-12272-9,Education and Information Technologies,ICILS,2013|2018,38,TUR|THA|RUS|CHE|CZE|POL|SVK|DEU|LTU|DNK,Gender gaps in ICT use,ICT_HOME_ACCESS,from_confounders,unspecified,associative,student,,,
13. Bu & Chen. (2023). What key contextual factors contribute to students’ reading literacy among top-performing countries and economies? Statistical and machine learning analyses.pdf,What key contextual factors contribute to students’ reading literacy among top-performing countries and economies? Stati,2023,10.1016/j.ijer.2023.102267,International Journal of Educational Research,PISA,2018,3,CHN|SGP|MAC,Assessing credibility,SES_COMPOSITE,Reading literacy (PV1READ),reading_achievement,predictive,student,1.0,,"PISA 2018 Reading (top-performing: B-S-J-Z/China, Singapore, Macau)"
13. Bu & Chen. (2023). What key contextual factors contribute to students’ reading literacy among top-performing countries and economies? Statistical and machine learning analyses.pdf,What key contextual factors contribute to students’ reading literacy among top-performing countries and economies? Stati,2023,10.1016/j.ijer.2023.102267,International Journal of Educational Research,PISA,2018,3,CHN|SGP|MAC,Socioeconomic status (ESCS),SES_COMPOSITE,Reading literacy (PV1READ),reading_achievement,predictive,student,3.0,,"PISA 2018 Reading (top-performing: B-S-J-Z/China, Singapore, Macau)"
13. Bu & Chen. (2023). What key contextual factors contribute to students’ reading literacy among top-performing countries and economies? Statistical and machine learning analyses.pdf,What key contextual factors contribute to students’ reading literacy among top-performing countries and economies? Stati,2023,10.1016/j.ijer.2023.102267,International Journal of Educational Research,PISA,2018,3,CHN|SGP|MAC,Assessing credibility,SES_COMPOSITE,Reading literacy (PV1READ),reading_achievement,predictive,student,1.0,,PISA 2018 Reading (all 79 participating countries/economies)
13. Bu & Chen. (2023). What key contextual factors contribute to students’ reading literacy among top-performing countries and economies? Statistical and machine learning analyses.pdf,What key contextual factors contribute to students’ reading literacy among top-performing countries and economies? Stati,2023,10.1016/j.ijer.2023.102267,International Journal of Educational Research,PISA,2018,3,CHN|SGP|MAC,Socioeconomic status (ESCS),SES_COMPOSITE,Reading literacy (PV1READ),reading_achievement,predictive,student,2.0,,PISA 2018 Reading (all 79 participating countries/economies)
13. Bu & Chen. (2023). What key contextual factors contribute to students’ reading literacy among top-performing countries and economies? Statistical and machine learning analyses.pdf,What key contextual factors contribute to students’ reading literacy among top-performing countries and economies? Stati,2023,10.1016/j.ijer.2023.102267,International Journal of Educational Research,PISA,2018,3,CHN|SGP|MAC,Self-concept: perceived difficulty,SELF_CONCEPT,Reading literacy (PV1READ),reading_achievement,predictive,student,4.0,,PISA 2018 Reading (all 79 participating countries/economies)
13. Bu & Chen. (2023). What key contextual factors contribute to students’ reading literacy among top-performing countries and economies? Statistical and machine learning analyses.pdf,What key contextual factors contribute to students’ reading literacy among top-performing countries and economies? Stati,2023,10.1016/j.ijer.2023.102267,International Journal of Educational Research,PISA,2018,3,CHN|SGP|MAC,Assessing credibility,SES_COMPOSITE,Reading literacy (PV1READ),reading_achievement,predictive,student,1.0,,PISA 2018 Reading (B-S-J-Z/China only)
13. Bu & Chen. (2023). What key contextual factors contribute to students’ reading literacy among top-performing countries and economies? Statistical and machine learning analyses.pdf,What key contextual factors contribute to students’ reading literacy among top-performing countries and economies? Stati,2023,10.1016/j.ijer.2023.102267,International Journal of Educational Research,PISA,2018,3,CHN|SGP|MAC,Socioeconomic status (ESCS),SES_COMPOSITE,Reading literacy (PV1READ),reading_achievement,predictive,student,2.0,,PISA 2018 Reading (B-S-J-Z/China only)
13. Bu & Chen. (2023). What key contextual factors contribute to students’ reading literacy among top-performing countries and economies? Statistical and machine learning analyses.pdf,What key contextual factors contribute to students’ reading literacy among top-performing countries and economies? Stati,2023,10.1016/j.ijer.2023.102267,International Journal of Educational Research,PISA,2018,3,CHN|SGP|MAC,Assessing credibility,SES_COMPOSITE,Reading literacy (PV1READ),reading_achievement,predictive,student,3.0,,PISA 2018 Reading (Singapore only)
13. Bu & Chen. (2023). What key contextual factors contribute to students’ reading literacy among top-performing countries and economies? Statistical and machine learning analyses.pdf,What key contextual factors contribute to students’ reading literacy among top-performing countries and economies? Stati,2023,10.1016/j.ijer.2023.102267,International Journal of Educational Research,PISA,2018,3,CHN|SGP|MAC,Self-efficacy,TEACHER_SELF_EFFICACY_CLS_MGMT,Reading literacy (PV1READ),reading_achievement,predictive,student,4.0,,PISA 2018 Reading (Singapore only)
13. Bu & Chen. (2023). What key contextual factors contribute to students’ reading literacy among top-performing countries and economies? Statistical and machine learning analyses.pdf,What key contextual factors contribute to students’ reading literacy among top-performing countries and economies? Stati,2023,10.1016/j.ijer.2023.102267,International Journal of Educational Research,PISA,2018,3,CHN|SGP|MAC,Assessing credibility,SES_COMPOSITE,Reading literacy (PV1READ),reading_achievement,predictive,student,1.0,,PISA 2018 Reading (Macau only)
13. Bu & Chen. (2023). What key contextual factors contribute to students’ reading literacy among top-performing countries and economies? Statistical and machine learning analyses.pdf,What key contextual factors contribute to students’ reading literacy among top-performing countries and economies? Stati,2023,10.1016/j.ijer.2023.102267,International Journal of Educational Research,PISA,2018,3,CHN|SGP|MAC,Gender,GENDER,from_confounders,unspecified,associative,student,,,
13. Bu & Chen. (2023). What key contextual factors contribute to students’ reading literacy among top-performing countries and economies? Statistical and machine learning analyses.pdf,What key contextual factors contribute to students’ reading literacy among top-performing countries and economies? Stati,2023,10.1016/j.ijer.2023.102267,International Journal of Educational Research,PISA,2018,3,CHN|SGP|MAC,Socioeconomic status (ESCS),SES_COMPOSITE,from_confounders,unspecified,associative,student,,,
13. Bu & Chen. (2023). What key contextual factors contribute to students’ reading literacy among top-performing countries and economies? Statistical and machine learning analyses.pdf,What key contextual factors contribute to students’ reading literacy among top-performing countries and economies? Stati,2023,10.1016/j.ijer.2023.102267,International Journal of Educational Research,PISA,2018,3,CHN|SGP|MAC,Assessing credibility,SES_COMPOSITE,from_confounders,unspecified,associative,student,,,
13. Bu & Chen. (2023). What key contextual factors contribute to students’ reading literacy among top-performing countries and economies? Statistical and machine learning analyses.pdf,What key contextual factors contribute to students’ reading literacy among top-performing countries and economies? Stati,2023,10.1016/j.ijer.2023.102267,International Journal of Educational Research,PISA,2018,3,CHN|SGP|MAC,Self-efficacy,TEACHER_SELF_EFFICACY_CLS_MGMT,from_confounders,unspecified,associative,student,,,
130. Chung et al. (2022). An International Comparison Study Exploring the Influential Variables Affecting Students’ Reading Literacy and Life Satisfaction.pdf,An International Comparison Study Exploring the Influential Variables Affecting Students’ Reading Literacy and Life Sati,2022,10.17583/ijep.8924,IJEP – International Journal of Educational Psychology,PISA,2018,2,USA|KOR,Socioeconomic status (ESCS),SES_COMPOSITE,Reading literacy (Plausible Values),reading_achievement,predictive,student,1.0,+,"PISA 2018 Reading literacy (10 plausible values), U.S. and South Korea (15-year-olds)"
130. Chung et al. (2022). An International Comparison Study Exploring the Influential Variables Affecting Students’ Reading Literacy and Life Satisfaction.pdf,An International Comparison Study Exploring the Influential Variables Affecting Students’ Reading Literacy and Life Sati,2022,10.17583/ijep.8924,IJEP – International Journal of Educational Psychology,PISA,2018,2,USA|KOR,Metacognition: assess credibility,SES_COMPOSITE,Reading literacy (Plausible Values),reading_achievement,predictive,student,3.0,+,"PISA 2018 Reading literacy (10 plausible values), U.S. and South Korea (15-year-olds)"
130. Chung et al. (2022). An International Comparison Study Exploring the Influential Variables Affecting Students’ Reading Literacy and Life Satisfaction.pdf,An International Comparison Study Exploring the Influential Variables Affecting Students’ Reading Literacy and Life Sati,2022,10.17583/ijep.8924,IJEP – International Journal of Educational Psychology,PISA,2018,2,USA|KOR,Gender,GENDER,Life satisfaction (0–10 scale),unspecified,predictive,student,1.0,,"PISA 2018 Life satisfaction scale (0–10), U.S. and South Korea (15-year-olds)"
130. Chung et al. (2022). An International Comparison Study Exploring the Influential Variables Affecting Students’ Reading Literacy and Life Satisfaction.pdf,An International Comparison Study Exploring the Influential Variables Affecting Students’ Reading Literacy and Life Sati,2022,10.17583/ijep.8924,IJEP – International Journal of Educational Psychology,PISA,2018,2,USA|KOR,Socioeconomic status (ESCS),SES_COMPOSITE,Life satisfaction (0–10 scale),unspecified,predictive,student,2.0,,"PISA 2018 Life satisfaction scale (0–10), U.S. and South Korea (15-year-olds)"
130. Chung et al. (2022). An International Comparison Study Exploring the Influential Variables Affecting Students’ Reading Literacy and Life Satisfaction.pdf,An International Comparison Study Exploring the Influential Variables Affecting Students’ Reading Literacy and Life Sati,2022,10.17583/ijep.8924,IJEP – International Journal of Educational Psychology,PISA,2018,2,USA|KOR,Gender,GENDER,from_confounders,unspecified,associative,student,,,
130. Chung et al. (2022). An International Comparison Study Exploring the Influential Variables Affecting Students’ Reading Literacy and Life Satisfaction.pdf,An International Comparison Study Exploring the Influential Variables Affecting Students’ Reading Literacy and Life Sati,2022,10.17583/ijep.8924,IJEP – International Journal of Educational Psychology,PISA,2018,2,USA|KOR,Socioeconomic status (ESCS),SES_COMPOSITE,from_confounders,unspecified,associative,student,,,
130. Chung et al. (2022). An International Comparison Study Exploring the Influential Variables Affecting Students’ Reading Literacy and Life Satisfaction.pdf,An International Comparison Study Exploring the Influential Variables Affecting Students’ Reading Literacy and Life Sati,2022,10.17583/ijep.8924,IJEP – International Journal of Educational Psychology,PISA,2018,2,USA|KOR,Reading self-concept: competence,SELF_CONCEPT,from_confounders,unspecified,associative,student,,,
130. Chung et al. (2022). An International Comparison Study Exploring the Influential Variables Affecting Students’ Reading Literacy and Life Satisfaction.pdf,An International Comparison Study Exploring the Influential Variables Affecting Students’ Reading Literacy and Life Sati,2022,10.17583/ijep.8924,IJEP – International Journal of Educational Psychology,PISA,2018,2,USA|KOR,Reading self-concept: difficulty,SELF_CONCEPT,from_confounders,unspecified,associative,student,,,
130. Chung et al. (2022). An International Comparison Study Exploring the Influential Variables Affecting Students’ Reading Literacy and Life Satisfaction.pdf,An International Comparison Study Exploring the Influential Variables Affecting Students’ Reading Literacy and Life Sati,2022,10.17583/ijep.8924,IJEP – International Journal of Educational Psychology,PISA,2018,2,USA|KOR,ICT use for schoolwork,ICT_HOME_ACCESS,from_confounders,unspecified,associative,student,,,
130. Chung et al. (2022). An International Comparison Study Exploring the Influential Variables Affecting Students’ Reading Literacy and Life Satisfaction.pdf,An International Comparison Study Exploring the Influential Variables Affecting Students’ Reading Literacy and Life Sati,2022,10.17583/ijep.8924,IJEP – International Journal of Educational Psychology,PISA,2018,2,USA|KOR,ICT use for leisure,ICT_HOME_ACCESS,from_confounders,unspecified,associative,student,,,
130. Chung et al. (2022). An International Comparison Study Exploring the Influential Variables Affecting Students’ Reading Literacy and Life Satisfaction.pdf,An International Comparison Study Exploring the Influential Variables Affecting Students’ Reading Literacy and Life Sati,2022,10.17583/ijep.8924,IJEP – International Journal of Educational Psychology,PISA,2018,2,USA|KOR,Disciplinary climate,DISCIPLINARY_CLIMATE,from_confounders,unspecified,associative,teacher,,,
130. Chung et al. (2022). An International Comparison Study Exploring the Influential Variables Affecting Students’ Reading Literacy and Life Satisfaction.pdf,An International Comparison Study Exploring the Influential Variables Affecting Students’ Reading Literacy and Life Sati,2022,10.17583/ijep.8924,IJEP – International Journal of Educational Psychology,PISA,2018,2,USA|KOR,Sense of belonging to school,SCHOOL_BELONGING,from_confounders,unspecified,associative,student,,,
131. Damiani et al. (2024). Young people’s civic engagement in Italy: evidence on grade 8 students from the international civic and citizenship education study (ICCS) 2016.pdf,Young people’s civic engagement in Italy: evidence on grade 8 students from the international civic and citizenship educ,2024,10.1186/s40536-024-00229-4,Large-scale Assessments in Education,ICCS,2016,1,ITA,Citizenship self-efficacy,TEACHER_SELF_EFFICACY_CLS_MGMT,Civic engagement profile membership (disengaged/moderately engaged/engaged),unspecified,predictive,student,1.0,+,ICCS 2016 Italy Grade 8 (civic engagement profiles)
131. Damiani et al. (2024). Young people’s civic engagement in Italy: evidence on grade 8 students from the international civic and citizenship education study (ICCS) 2016.pdf,Young people’s civic engagement in Italy: evidence on grade 8 students from the international civic and citizenship educ,2024,10.1186/s40536-024-00229-4,Large-scale Assessments in Education,ICCS,2016,1,ITA,Citizenship self-efficacy,TEACHER_SELF_EFFICACY_CLS_MGMT,from_confounders,unspecified,associative,student,,,
14. Choi & Sung. (2024). Do Key Predictors of Academic Resilience Differ Across Cultures? Evidence From Korea and the US.pdf,Do Key Predictors of Academic Resilience Differ Across Cultures? Evidence From Korea and the US,2024,10.1177/0044118X241227563,Youth & Society,PISA,2018,2,KOR|USA,Meta-cognition: assess credibility (METASPAM),SES_COMPOSITE,Academic resilience (binary: reading Level 3+ vs below) using 10 reading PVs,reading_achievement,predictive,student,2.0,,"PISA 2018 Reading (15-year-olds), disadvantaged students (bottom 25% ESCS) in Korea and the US"
14. Choi & Sung. (2024). Do Key Predictors of Academic Resilience Differ Across Cultures? Evidence From Korea and the US.pdf,Do Key Predictors of Academic Resilience Differ Across Cultures? Evidence From Korea and the US,2024,10.1177/0044118X241227563,Youth & Society,PISA,2018,2,KOR|USA,Reading self-concept: competence (SCREADCOMP),SELF_CONCEPT,Academic resilience (binary: reading Level 3+ vs below) using 10 reading PVs,reading_achievement,predictive,student,4.0,,"PISA 2018 Reading (15-year-olds), disadvantaged students (bottom 25% ESCS) in Korea and the US"
14. Choi & Sung. (2024). Do Key Predictors of Academic Resilience Differ Across Cultures? Evidence From Korea and the US.pdf,Do Key Predictors of Academic Resilience Differ Across Cultures? Evidence From Korea and the US,2024,10.1177/0044118X241227563,Youth & Society,PISA,2018,2,KOR|USA,Meta-cognition: assess credibility,SES_COMPOSITE,from_confounders,unspecified,associative,student,,,
14. Choi & Sung. (2024). Do Key Predictors of Academic Resilience Differ Across Cultures? Evidence From Korea and the US.pdf,Do Key Predictors of Academic Resilience Differ Across Cultures? Evidence From Korea and the US,2024,10.1177/0044118X241227563,Youth & Society,PISA,2018,2,KOR|USA,Self-efficacy,TEACHER_SELF_EFFICACY_CLS_MGMT,from_confounders,unspecified,associative,student,,,
14. Choi & Sung. (2024). Do Key Predictors of Academic Resilience Differ Across Cultures? Evidence From Korea and the US.pdf,Do Key Predictors of Academic Resilience Differ Across Cultures? Evidence From Korea and the US,2024,10.1177/0044118X241227563,Youth & Society,PISA,2018,2,KOR|USA,Reading self-concept: competence,SELF_CONCEPT,from_confounders,unspecified,associative,student,,,
14. Choi & Sung. (2024). Do Key Predictors of Academic Resilience Differ Across Cultures? Evidence From Korea and the US.pdf,Do Key Predictors of Academic Resilience Differ Across Cultures? Evidence From Korea and the US,2024,10.1177/0044118X241227563,Youth & Society,PISA,2018,2,KOR|USA,Reading self-concept: difficulty,SELF_CONCEPT,from_confounders,unspecified,associative,student,,,
14. Choi & Sung. (2024). Do Key Predictors of Academic Resilience Differ Across Cultures? Evidence From Korea and the US.pdf,Do Key Predictors of Academic Resilience Differ Across Cultures? Evidence From Korea and the US,2024,10.1177/0044118X241227563,Youth & Society,PISA,2018,2,KOR|USA,Sense of belonging to school,SCHOOL_BELONGING,from_confounders,unspecified,associative,student,,,
14. Choi & Sung. (2024). Do Key Predictors of Academic Resilience Differ Across Cultures? Evidence From Korea and the US.pdf,Do Key Predictors of Academic Resilience Differ Across Cultures? Evidence From Korea and the US,2024,10.1177/0044118X241227563,Youth & Society,PISA,2018,2,KOR|USA,Disciplinary climate in language lessons,DISCIPLINARY_CLIMATE,from_confounders,unspecified,associative,student,,,
14. Choi & Sung. (2024). Do Key Predictors of Academic Resilience Differ Across Cultures? Evidence From Korea and the US.pdf,Do Key Predictors of Academic Resilience Differ Across Cultures? Evidence From Korea and the US,2024,10.1177/0044118X241227563,Youth & Society,PISA,2018,2,KOR|USA,Other language at home,LANGUAGE_BACKGROUND,from_confounders,unspecified,associative,student,,,
16. Bernardo et al. (2021). Using Machine Learning Approaches to Explore Non-Cognitive Variables Influencing Reading Proficiency in English among Filipino Learners.pdf,Using Machine Learning Approaches to Explore Non-Cognitive Variables Influencing Reading Proficiency in English among Fi,2021,10.3390/educsci11100628,Education Sciences (MDPI),PISA,2018,1,PHL,Mastery motivation and persistence,MOTIVATION,Reading proficiency group (low vs high) using PV1READ,reading_achievement,predictive,student,3.0,,"PISA 2018 Reading (Philippines, 15-year-olds)"
16. Bernardo et al. (2021). Using Machine Learning Approaches to Explore Non-Cognitive Variables Influencing Reading Proficiency in English among Filipino Learners.pdf,Using Machine Learning Approaches to Explore Non-Cognitive Variables Influencing Reading Proficiency in English among Fi,2021,10.3390/educsci11100628,Education Sciences (MDPI),PISA,2018,1,PHL,Socioeconomic status (ESCS),SES_COMPOSITE,Reading proficiency group (low vs high) using PV1READ,reading_achievement,predictive,student,5.0,,"PISA 2018 Reading (Philippines, 15-year-olds)"
16. Bernardo et al. (2021). Using Machine Learning Approaches to Explore Non-Cognitive Variables Influencing Reading Proficiency in English among Filipino Learners.pdf,Using Machine Learning Approaches to Explore Non-Cognitive Variables Influencing Reading Proficiency in English among Fi,2021,10.3390/educsci11100628,Education Sciences (MDPI),PISA,2018,1,PHL,Mastery motivation,MOTIVATION,from_confounders,unspecified,associative,student,,,
16. Bernardo et al. (2021). Using Machine Learning Approaches to Explore Non-Cognitive Variables Influencing Reading Proficiency in English among Filipino Learners.pdf,Using Machine Learning Approaches to Explore Non-Cognitive Variables Influencing Reading Proficiency in English among Fi,2021,10.3390/educsci11100628,Education Sciences (MDPI),PISA,2018,1,PHL,Sense of belonging at school,SCHOOL_BELONGING,from_confounders,unspecified,associative,student,,,
16. Bernardo et al. (2021). Using Machine Learning Approaches to Explore Non-Cognitive Variables Influencing Reading Proficiency in English among Filipino Learners.pdf,Using Machine Learning Approaches to Explore Non-Cognitive Variables Influencing Reading Proficiency in English among Fi,2021,10.3390/educsci11100628,Education Sciences (MDPI),PISA,2018,1,PHL,Socioeconomic status (ESCS),SES_COMPOSITE,from_confounders,unspecified,associative,student,,,
17. McJames et al. (2023). Factors affecting teacher job satisfaction  a causal inference machine learning approach using data from TALIS 2018.pdf,Factors affecting teacher job satisfaction: a causal inference machine learning approach using data,2023,10.1080/00131911.2023.2200594,Educational Review,TALIS,2018,1,GBR,Gender,GENDER,from_confounders,unspecified,associative,student,,,
2. Zhu et al. (2025). Predictive insights into U.S. students’ mathematics performance on PISA 2022 using ensemble tree-based machine learning models.pdf,Predictive insights into U.S. students’ mathematics performance on PISA 2022 using ensemble tree-based machine learning ,2025,10.1016/j.ijer.2025.102537,International Journal of Educational Research,PISA,2022,1,USA,Mathematics self-efficacy,TEACHER_SELF_EFFICACY_CLS_MGMT,Mathematics achievement (PVs),mathematics_achievement,predictive,student,1.0,,"PISA 2022 Mathematics (U.S. students, age 15; PV1MATH–PV10MATH)"
2. Zhu et al. (2025). Predictive insights into U.S. students’ mathematics performance on PISA 2022 using ensemble tree-based machine learning models.pdf,Predictive insights into U.S. students’ mathematics performance on PISA 2022 using ensemble tree-based machine learning ,2025,10.1016/j.ijer.2025.102537,International Journal of Educational Research,PISA,2022,1,USA,Socioeconomic status (ESCS),SES_COMPOSITE,Mathematics achievement (PVs),mathematics_achievement,predictive,student,2.0,,"PISA 2022 Mathematics (U.S. students, age 15; PV1MATH–PV10MATH)"
2. Zhu et al. (2025). Predictive insights into U.S. students’ mathematics performance on PISA 2022 using ensemble tree-based machine learning models.pdf,Predictive insights into U.S. students’ mathematics performance on PISA 2022 using ensemble tree-based machine learning ,2025,10.1016/j.ijer.2025.102537,International Journal of Educational Research,PISA,2022,1,USA,Mathematics self-efficacy,TEACHER_SELF_EFFICACY_CLS_MGMT,from_confounders,unspecified,associative,student,,,
2. Zhu et al. (2025). Predictive insights into U.S. students’ mathematics performance on PISA 2022 using ensemble tree-based machine learning models.pdf,Predictive insights into U.S. students’ mathematics performance on PISA 2022 using ensemble tree-based machine learning ,2025,10.1016/j.ijer.2025.102537,International Journal of Educational Research,PISA,2022,1,USA,Socioeconomic status (ESCS),SES_COMPOSITE,from_confounders,unspecified,associative,student,,,
20. Bezek-Güre et al. (2020) Analysis of Factors Effecting PISA 2015 Mathematics Literacy via Educational Data Mining EN.pdf,Analysis of Factors Effecting PISA 2015 Mathematics Literacy via Educational Data Mining,2020,10.15390/EB.2020.8477,Education and Science,PISA,2015,1,TUR,motivation,MOTIVATION,Math achievement status (low/medium/high),mathematics_achievement,predictive,student,4.0,,PISA 2015 Mathematics (Turkey; age 15; PV1MATH–PV10MATH averaged then categorized)
20. Bezek-Güre et al. (2020) Analysis of Factors Effecting PISA 2015 Mathematics Literacy via Educational Data Mining EN.pdf,Analysis of Factors Effecting PISA 2015 Mathematics Literacy via Educational Data Mining,2020,10.15390/EB.2020.8477,Education and Science,PISA,2015,1,TUR,Gender,GENDER,from_confounders,unspecified,associative,student,,,
20. Bezek-Güre et al. (2020) Analysis of Factors Effecting PISA 2015 Mathematics Literacy via Educational Data Mining EN.pdf,Analysis of Factors Effecting PISA 2015 Mathematics Literacy via Educational Data Mining,2020,10.15390/EB.2020.8477,Education and Science,PISA,2015,1,TUR,Auxiliary books at home,HOME_RESOURCES,from_confounders,unspecified,associative,student,,,
20. Bezek-Güre et al. (2020) Analysis of Factors Effecting PISA 2015 Mathematics Literacy via Educational Data Mining EN.pdf,Analysis of Factors Effecting PISA 2015 Mathematics Literacy via Educational Data Mining,2020,10.15390/EB.2020.8477,Education and Science,PISA,2015,1,TUR,motivation level,MOTIVATION,from_confounders,unspecified,associative,student,,,
21. Koo & Yoo. (2025). Teachers’ team innovativeness in TALIS 2018: An empirical and simulation study using glmmLasso for multilevel data.pdf,Teachers’ team innovativeness in TALIS 2018: An empirical and simulation study using glmmLasso for multilevel data,2025,10.1186/s40536-025-00254-x,Large-scale Assessments in Education,TALIS,2018,1,KOR,Joint activities across classes/ages (TT3G33C),SES_COMPOSITE,Teachers’ team innovativeness (T3TEAM),unspecified,predictive,teacher,1.0,,TALIS 2018 (Korea) — teachers nested in schools; outcome T3TEAM
21. Koo & Yoo. (2025). Teachers’ team innovativeness in TALIS 2018: An empirical and simulation study using glmmLasso for multilevel data.pdf,Teachers’ team innovativeness in TALIS 2018: An empirical and simulation study using glmmLasso for multilevel data,2025,10.1186/s40536-025-00254-x,Large-scale Assessments in Education,TALIS,2018,1,KOR,Self-efficacy: motivate low-interest students (TT3G34E),TEACHER_SELF_EFFICACY_CLS_MGMT,Teachers’ team innovativeness (T3TEAM),unspecified,predictive,teacher,4.0,,TALIS 2018 (Korea) — teachers nested in schools; outcome T3TEAM
21. Koo & Yoo. (2025). Teachers’ team innovativeness in TALIS 2018: An empirical and simulation study using glmmLasso for multilevel data.pdf,Teachers’ team innovativeness in TALIS 2018: An empirical and simulation study using glmmLasso for multilevel data,2025,10.1186/s40536-025-00254-x,Large-scale Assessments in Education,TALIS,2018,1,KOR,Professional development: most colleagues involved,EFFECTIVE_PD,from_confounders,unspecified,associative,teacher,,,
21. Koo & Yoo. (2025). Teachers’ team innovativeness in TALIS 2018: An empirical and simulation study using glmmLasso for multilevel data.pdf,Teachers’ team innovativeness in TALIS 2018: An empirical and simulation study using glmmLasso for multilevel data,2025,10.1186/s40536-025-00254-x,Large-scale Assessments in Education,TALIS,2018,1,KOR,Professional development barriers (lack of support),EFFECTIVE_PD,from_confounders,unspecified,associative,teacher,,,
21. Koo & Yoo. (2025). Teachers’ team innovativeness in TALIS 2018: An empirical and simulation study using glmmLasso for multilevel data.pdf,Teachers’ team innovativeness in TALIS 2018: An empirical and simulation study using glmmLasso for multilevel data,2025,10.1186/s40536-025-00254-x,Large-scale Assessments in Education,TALIS,2018,1,KOR,Assessment of content knowledge: other colleagues,SES_COMPOSITE,from_confounders,unspecified,associative,teacher,,,
21. Koo & Yoo. (2025). Teachers’ team innovativeness in TALIS 2018: An empirical and simulation study using glmmLasso for multilevel data.pdf,Teachers’ team innovativeness in TALIS 2018: An empirical and simulation study using glmmLasso for multilevel data,2025,10.1186/s40536-025-00254-x,Large-scale Assessments in Education,TALIS,2018,1,KOR,Joint activities across classes/ages,SES_COMPOSITE,from_confounders,unspecified,associative,teacher,,,
21. Koo & Yoo. (2025). Teachers’ team innovativeness in TALIS 2018: An empirical and simulation study using glmmLasso for multilevel data.pdf,Teachers’ team innovativeness in TALIS 2018: An empirical and simulation study using glmmLasso for multilevel data,2025,10.1186/s40536-025-00254-x,Large-scale Assessments in Education,TALIS,2018,1,KOR,Self-efficacy: motivate low-interest students,TEACHER_SELF_EFFICACY_CLS_MGMT,from_confounders,unspecified,associative,student,,,
21. Koo & Yoo. (2025). Teachers’ team innovativeness in TALIS 2018: An empirical and simulation study using glmmLasso for multilevel data.pdf,Teachers’ team innovativeness in TALIS 2018: An empirical and simulation study using glmmLasso for multilevel data,2025,10.1186/s40536-025-00254-x,Large-scale Assessments in Education,TALIS,2018,1,KOR,Self-efficacy: use variety of assessment strategies,SES_COMPOSITE,from_confounders,unspecified,associative,student,,,
21. Koo & Yoo. (2025). Teachers’ team innovativeness in TALIS 2018: An empirical and simulation study using glmmLasso for multilevel data.pdf,Teachers’ team innovativeness in TALIS 2018: An empirical and simulation study using glmmLasso for multilevel data,2025,10.1186/s40536-025-00254-x,Large-scale Assessments in Education,TALIS,2018,1,KOR,Job satisfaction: salary satisfaction,JOB_SATISFACTION_PROFESSION,from_confounders,unspecified,associative,student,,,
22. Cheung et al. (2024). A machine-­ learning model of academic resilience in the times of the COVID-­ 19 pandemic: Evidence drawn from 79 countries:economies in the PISA 2022 mathematics study.pdf,A machine‐learning model of academic resilience in the times of the COVID‐19 pandemic: Evidence drawn from 79 countries/,2024,10.1111/bjep.12715,British Journal of Educational Psychology,PISA,2022,0,,Math self-efficacy,TEACHER_SELF_EFFICACY_CLS_MGMT,Academic resilience status (ARS=1 vs NRS=0),mathematics_achievement,predictive,student,1.0,,PISA 2022 Mathematics (79 countries/economies) — ESCS bottom-quarter within-country; top-quarter mathematics across coun
22. Cheung et al. (2024). A machine-­ learning model of academic resilience in the times of the COVID-­ 19 pandemic: Evidence drawn from 79 countries:economies in the PISA 2022 mathematics study.pdf,A machine‐learning model of academic resilience in the times of the COVID‐19 pandemic: Evidence drawn from 79 countries/,2024,10.1111/bjep.12715,British Journal of Educational Psychology,PISA,2022,0,,Gender,GENDER,from_confounders,unspecified,associative,student,,,
22. Cheung et al. (2024). A machine-­ learning model of academic resilience in the times of the COVID-­ 19 pandemic: Evidence drawn from 79 countries:economies in the PISA 2022 mathematics study.pdf,A machine‐learning model of academic resilience in the times of the COVID‐19 pandemic: Evidence drawn from 79 countries/,2024,10.1111/bjep.12715,British Journal of Educational Psychology,PISA,2022,0,,Math self-efficacy,TEACHER_SELF_EFFICACY_CLS_MGMT,from_confounders,unspecified,associative,student,,,
22. Cheung et al. (2024). A machine-­ learning model of academic resilience in the times of the COVID-­ 19 pandemic: Evidence drawn from 79 countries:economies in the PISA 2022 mathematics study.pdf,A machine‐learning model of academic resilience in the times of the COVID‐19 pandemic: Evidence drawn from 79 countries/,2024,10.1111/bjep.12715,British Journal of Educational Psychology,PISA,2022,0,,ICT self-efficacy,TEACHER_SELF_EFFICACY_CLS_MGMT,from_confounders,unspecified,associative,student,,,
22. Cheung et al. (2024). A machine-­ learning model of academic resilience in the times of the COVID-­ 19 pandemic: Evidence drawn from 79 countries:economies in the PISA 2022 mathematics study.pdf,A machine‐learning model of academic resilience in the times of the COVID‐19 pandemic: Evidence drawn from 79 countries/,2024,10.1111/bjep.12715,British Journal of Educational Psychology,PISA,2022,0,,Digital resources availability,ICT_HOME_ACCESS,from_confounders,unspecified,associative,student,,,
22. Cheung et al. (2024). A machine-­ learning model of academic resilience in the times of the COVID-­ 19 pandemic: Evidence drawn from 79 countries:economies in the PISA 2022 mathematics study.pdf,A machine‐learning model of academic resilience in the times of the COVID‐19 pandemic: Evidence drawn from 79 countries/,2024,10.1111/bjep.12715,British Journal of Educational Psychology,PISA,2022,0,,Skipping classes/days,SES_COMPOSITE,from_confounders,unspecified,associative,student,,,
22. Cheung et al. (2024). A machine-­ learning model of academic resilience in the times of the COVID-­ 19 pandemic: Evidence drawn from 79 countries:economies in the PISA 2022 mathematics study.pdf,A machine‐learning model of academic resilience in the times of the COVID‐19 pandemic: Evidence drawn from 79 countries/,2024,10.1111/bjep.12715,British Journal of Educational Psychology,PISA,2022,0,,School responsibility for curriculum,CURRICULUM_TYPE,from_confounders,unspecified,associative,student,,,
24. Wang et al. (2022). Why do East Asian students do so well in mathematics? A machine learning study.pdf,Why do East Asian students do so well in mathematics? A machine learning study,2022,10.1007/s10763-022-10262-w,,TIMSS,2019,5,TWN|HKG|JPN|KOR|SGP,Student socioeconomic status (SES),SES_COMPOSITE,Mathematics achievement (Plausible Values; mean across five PV regressions),mathematics_achievement,predictive,student,2.0,,TIMSS 2019 Grade 8 Mathematics (five East Asian economies; student/teacher/principal questionnaires)
24. Wang et al. (2022). Why do East Asian students do so well in mathematics? A machine learning study.pdf,Why do East Asian students do so well in mathematics? A machine learning study,2022,10.1007/s10763-022-10262-w,,TIMSS,2019,5,TWN|HKG|JPN|KOR|SGP,gender,GENDER,from_confounders,unspecified,associative,student,,,
24. Wang et al. (2022). Why do East Asian students do so well in mathematics? A machine learning study.pdf,Why do East Asian students do so well in mathematics? A machine learning study,2022,10.1007/s10763-022-10262-w,,TIMSS,2019,5,TWN|HKG|JPN|KOR|SGP,socioeconomic status (SES),SES_COMPOSITE,from_confounders,unspecified,associative,student,,,
24. Wang et al. (2022). Why do East Asian students do so well in mathematics? A machine learning study.pdf,Why do East Asian students do so well in mathematics? A machine learning study,2022,10.1007/s10763-022-10262-w,,TIMSS,2019,5,TWN|HKG|JPN|KOR|SGP,Instructional time in mathematics,INSTRUCTIONAL_TIME,from_confounders,unspecified,associative,student,,,
24. Wang et al. (2022). Why do East Asian students do so well in mathematics? A machine learning study.pdf,Why do East Asian students do so well in mathematics? A machine learning study,2022,10.1007/s10763-022-10262-w,,TIMSS,2019,5,TWN|HKG|JPN|KOR|SGP,School composition by SES,SES_COMPOSITE,from_confounders,unspecified,associative,student,,,
24. Wang et al. (2022). Why do East Asian students do so well in mathematics? A machine learning study.pdf,Why do East Asian students do so well in mathematics? A machine learning study,2022,10.1007/s10763-022-10262-w,,TIMSS,2019,5,TWN|HKG|JPN|KOR|SGP,Students’ sense of school belonging,SCHOOL_BELONGING,from_confounders,unspecified,associative,student,,,
25. Anersen et al. (2025). Algorithmic Fairness in Automatic Short Answer Scoring.pdf,Algorithmic Fairness in Automatic Short Answer Scoring,2025,10.1007/s40593-025-00495-5,International Journal of Artificial Intelligence in Education,PISA,2015,1,DEU,Gender,GENDER,Item correctness (correct vs incorrect) predicted from text,reading_achievement,predictive,student,1.0,,PISA 2015 (Germany) Reading literacy — 37 dichotomously scored constructed-response items
25. Anersen et al. (2025). Algorithmic Fairness in Automatic Short Answer Scoring.pdf,Algorithmic Fairness in Automatic Short Answer Scoring,2025,10.1007/s40593-025-00495-5,International Journal of Artificial Intelligence in Education,PISA,2015,1,DEU,Linguistic variance of responses,SES_COMPOSITE,Item correctness (correct vs incorrect) predicted from text,reading_achievement,predictive,student,5.0,,PISA 2015 (Germany) Reading literacy — 37 dichotomously scored constructed-response items
25. Anersen et al. (2025). Algorithmic Fairness in Automatic Short Answer Scoring.pdf,Algorithmic Fairness in Automatic Short Answer Scoring,2025,10.1007/s40593-025-00495-5,International Journal of Artificial Intelligence in Education,PISA,2015,1,DEU,Gender,GENDER,Automatic-vs-human scoring bias (demographic disparity) for gender and language groups,reading_achievement,predictive,student,1.0,+,PISA 2015 (Germany) Reading literacy — fairness analysis using RoBERTa-SVM on 37 dichotomously scored items
25. Anersen et al. (2025). Algorithmic Fairness in Automatic Short Answer Scoring.pdf,Algorithmic Fairness in Automatic Short Answer Scoring,2025,10.1007/s40593-025-00495-5,International Journal of Artificial Intelligence in Education,PISA,2015,1,DEU,Linguistic variance of responses,SES_COMPOSITE,Automatic-vs-human scoring bias (demographic disparity) for gender and language groups,reading_achievement,predictive,student,5.0,+,PISA 2015 (Germany) Reading literacy — fairness analysis using RoBERTa-SVM on 37 dichotomously scored items
25. Anersen et al. (2025). Algorithmic Fairness in Automatic Short Answer Scoring.pdf,Algorithmic Fairness in Automatic Short Answer Scoring,2025,10.1007/s40593-025-00495-5,International Journal of Artificial Intelligence in Education,PISA,2015,1,DEU,Gender,GENDER,from_confounders,unspecified,associative,student,,,
25. Anersen et al. (2025). Algorithmic Fairness in Automatic Short Answer Scoring.pdf,Algorithmic Fairness in Automatic Short Answer Scoring,2025,10.1007/s40593-025-00495-5,International Journal of Artificial Intelligence in Education,PISA,2015,1,DEU,Linguistic variance of responses,SES_COMPOSITE,from_confounders,unspecified,associative,student,,,
26. Bencomo-Mesa et al. (2025). Inequality of Opportunity in Education in Spanish Regions: A Machine Learning Approach.pdf,Inequality of Opportunity in Education in Spanish Regions: A Machine Learning Approach,2025,10.7866/HPE-RPE.25.1.4,HPE-RPE,PISA,2018,1,ESP,Number of books at home,HOME_RESOURCES,Inequality of opportunity in science achievement (IOpE),science_achievement,predictive,student,1.0,,PISA 2018 Science (Spain; all regions)
26. Bencomo-Mesa et al. (2025). Inequality of Opportunity in Education in Spanish Regions: A Machine Learning Approach.pdf,Inequality of Opportunity in Education in Spanish Regions: A Machine Learning Approach,2025,10.7866/HPE-RPE.25.1.4,HPE-RPE,PISA,2018,1,ESP,Household cultural possessions,SES_COMPOSITE,Inequality of opportunity in science achievement (IOpE),science_achievement,predictive,student,2.0,,PISA 2018 Science (Spain; all regions)
26. Bencomo-Mesa et al. (2025). Inequality of Opportunity in Education in Spanish Regions: A Machine Learning Approach.pdf,Inequality of Opportunity in Education in Spanish Regions: A Machine Learning Approach,2025,10.7866/HPE-RPE.25.1.4,HPE-RPE,PISA,2018,1,ESP,Gender,GENDER,from_confounders,unspecified,associative,student,,,
26. Bencomo-Mesa et al. (2025). Inequality of Opportunity in Education in Spanish Regions: A Machine Learning Approach.pdf,Inequality of Opportunity in Education in Spanish Regions: A Machine Learning Approach,2025,10.7866/HPE-RPE.25.1.4,HPE-RPE,PISA,2018,1,ESP,immigrant status,IMMIGRANT_STATUS,from_confounders,unspecified,associative,student,,,
26. Bencomo-Mesa et al. (2025). Inequality of Opportunity in Education in Spanish Regions: A Machine Learning Approach.pdf,Inequality of Opportunity in Education in Spanish Regions: A Machine Learning Approach,2025,10.7866/HPE-RPE.25.1.4,HPE-RPE,PISA,2018,1,ESP,Parents immigrant status,IMMIGRANT_STATUS,from_confounders,unspecified,associative,student,,,
26. Bencomo-Mesa et al. (2025). Inequality of Opportunity in Education in Spanish Regions: A Machine Learning Approach.pdf,Inequality of Opportunity in Education in Spanish Regions: A Machine Learning Approach,2025,10.7866/HPE-RPE.25.1.4,HPE-RPE,PISA,2018,1,ESP,Number of books at home,HOME_RESOURCES,from_confounders,unspecified,associative,student,,,
26. Bencomo-Mesa et al. (2025). Inequality of Opportunity in Education in Spanish Regions: A Machine Learning Approach.pdf,Inequality of Opportunity in Education in Spanish Regions: A Machine Learning Approach,2025,10.7866/HPE-RPE.25.1.4,HPE-RPE,PISA,2018,1,ESP,Household cultural possessions,SES_COMPOSITE,from_confounders,unspecified,associative,student,,,
26. Bencomo-Mesa et al. (2025). Inequality of Opportunity in Education in Spanish Regions: A Machine Learning Approach.pdf,Inequality of Opportunity in Education in Spanish Regions: A Machine Learning Approach,2025,10.7866/HPE-RPE.25.1.4,HPE-RPE,PISA,2018,1,ESP,Peer effect (mean ESCS),SES_COMPOSITE,from_confounders,unspecified,associative,student,,,
27. Cai et al. (2025). A study on factors influencing digital sports participation among Chinese secondary school students based on explainable machine learning.pdf,A study on factors influencing digital sports participation among Chinese secondary school students based on explainable,2025,10.1038/s41598-025-00769-x,Scientific Reports,PISA,2018,1,HKG,Gender,GENDER,from_confounders,unspecified,associative,student,,,
27. Cai et al. (2025). A study on factors influencing digital sports participation among Chinese secondary school students based on explainable machine learning.pdf,A study on factors influencing digital sports participation among Chinese secondary school students based on explainable,2025,10.1038/s41598-025-00769-x,Scientific Reports,PISA,2018,1,HKG,Self-assessed physical health,SES_COMPOSITE,from_confounders,unspecified,associative,student,,,
27. Cai et al. (2025). A study on factors influencing digital sports participation among Chinese secondary school students based on explainable machine learning.pdf,A study on factors influencing digital sports participation among Chinese secondary school students based on explainable,2025,10.1038/s41598-025-00769-x,Scientific Reports,PISA,2018,1,HKG,Home cultural possessions,SES_COMPOSITE,from_confounders,unspecified,associative,student,,,
27. Cai et al. (2025). A study on factors influencing digital sports participation among Chinese secondary school students based on explainable machine learning.pdf,A study on factors influencing digital sports participation among Chinese secondary school students based on explainable,2025,10.1038/s41598-025-00769-x,Scientific Reports,PISA,2018,1,HKG,Home educational resources,HOME_RESOURCES,from_confounders,unspecified,associative,student,,,
27. Cai et al. (2025). A study on factors influencing digital sports participation among Chinese secondary school students based on explainable machine learning.pdf,A study on factors influencing digital sports participation among Chinese secondary school students based on explainable,2025,10.1038/s41598-025-00769-x,Scientific Reports,PISA,2018,1,HKG,School discusses digital education,SES_COMPOSITE,from_confounders,unspecified,associative,student,,,
29. Huang et al. (2024). Applying Machine Learning and SHAP Method to Identify Key Influences on Middle-School Students’ Mathematics Literacy Performance.pdf,Applying Machine Learning and SHAP Method to Identify Key Influences on Middle-School Students’ Mathematics Literacy Per,2024,10.3390/jintelligence12100093,Journal of Intelligence,PISA,2022,6,HKG|MAC|TWN|SGP|JPN|KOR,Math self-efficacy,TEACHER_SELF_EFFICACY_CLS_MGMT,Mathematics literacy (PV1MATH),mathematics_achievement,predictive,student,1.0,+,"PISA 2022 Mathematics literacy (PV1MATH), six East Asian education systems"
29. Huang et al. (2024). Applying Machine Learning and SHAP Method to Identify Key Influences on Middle-School Students’ Mathematics Literacy Performance.pdf,Applying Machine Learning and SHAP Method to Identify Key Influences on Middle-School Students’ Mathematics Literacy Per,2024,10.3390/jintelligence12100093,Journal of Intelligence,PISA,2022,6,HKG|MAC|TWN|SGP|JPN|KOR,Socioeconomic status (ESCS),SES_COMPOSITE,Mathematics literacy (PV1MATH),mathematics_achievement,predictive,student,3.0,+,"PISA 2022 Mathematics literacy (PV1MATH), six East Asian education systems"
29. Huang et al. (2024). Applying Machine Learning and SHAP Method to Identify Key Influences on Middle-School Students’ Mathematics Literacy Performance.pdf,Applying Machine Learning and SHAP Method to Identify Key Influences on Middle-School Students’ Mathematics Literacy Per,2024,10.3390/jintelligence12100093,Journal of Intelligence,PISA,2022,6,HKG|MAC|TWN|SGP|JPN|KOR,Gender,GENDER,from_confounders,unspecified,associative,student,,,
29. Huang et al. (2024). Applying Machine Learning and SHAP Method to Identify Key Influences on Middle-School Students’ Mathematics Literacy Performance.pdf,Applying Machine Learning and SHAP Method to Identify Key Influences on Middle-School Students’ Mathematics Literacy Per,2024,10.3390/jintelligence12100093,Journal of Intelligence,PISA,2022,6,HKG|MAC|TWN|SGP|JPN|KOR,Math self-efficacy,TEACHER_SELF_EFFICACY_CLS_MGMT,from_confounders,unspecified,associative,student,,,
29. Huang et al. (2024). Applying Machine Learning and SHAP Method to Identify Key Influences on Middle-School Students’ Mathematics Literacy Performance.pdf,Applying Machine Learning and SHAP Method to Identify Key Influences on Middle-School Students’ Mathematics Literacy Per,2024,10.3390/jintelligence12100093,Journal of Intelligence,PISA,2022,6,HKG|MAC|TWN|SGP|JPN|KOR,Math self-efficacy (reasoning),TEACHER_SELF_EFFICACY_CLS_MGMT,from_confounders,unspecified,associative,student,,,
29. Huang et al. (2024). Applying Machine Learning and SHAP Method to Identify Key Influences on Middle-School Students’ Mathematics Literacy Performance.pdf,Applying Machine Learning and SHAP Method to Identify Key Influences on Middle-School Students’ Mathematics Literacy Per,2024,10.3390/jintelligence12100093,Journal of Intelligence,PISA,2022,6,HKG|MAC|TWN|SGP|JPN|KOR,Socioeconomic status (ESCS),SES_COMPOSITE,from_confounders,unspecified,associative,student,,,
29. Huang et al. (2024). Applying Machine Learning and SHAP Method to Identify Key Influences on Middle-School Students’ Mathematics Literacy Performance.pdf,Applying Machine Learning and SHAP Method to Identify Key Influences on Middle-School Students’ Mathematics Literacy Per,2024,10.3390/jintelligence12100093,Journal of Intelligence,PISA,2022,6,HKG|MAC|TWN|SGP|JPN|KOR,Home possessions,SES_COMPOSITE,from_confounders,unspecified,associative,student,,,
30. Wang et al. (2023). Understanding Students’ Subjective and Eudaimonic Well‑Being: Combining both Machine Learning and Classical Statistics.pdf,Understanding Students’ Subjective and Eudaimonic Well-Being: Combining both Machine Learning and Classical Statistics,2023,10.1007/s11482-023-10232-6,,PISA,2018,1,HKG,Sense of belonging to school (Meso1),SCHOOL_BELONGING,Positive affect (SWBP),unspecified,predictive,student,1.0,+,PISA 2018 Hong Kong (HKG) — subjective well-being (positive affect)
30. Wang et al. (2023). Understanding Students’ Subjective and Eudaimonic Well‑Being: Combining both Machine Learning and Classical Statistics.pdf,Understanding Students’ Subjective and Eudaimonic Well-Being: Combining both Machine Learning and Classical Statistics,2023,10.1007/s11482-023-10232-6,,PISA,2018,1,HKG,Sense of belonging to school (Meso1),SCHOOL_BELONGING,Negative affect (SWBN),unspecified,predictive,student,2.0,-,PISA 2018 Hong Kong (HKG) — subjective well-being (negative affect)
30. Wang et al. (2023). Understanding Students’ Subjective and Eudaimonic Well‑Being: Combining both Machine Learning and Classical Statistics.pdf,Understanding Students’ Subjective and Eudaimonic Well-Being: Combining both Machine Learning and Classical Statistics,2023,10.1007/s11482-023-10232-6,,PISA,2018,1,HKG,Sense of belonging to school (Meso1),SCHOOL_BELONGING,Life satisfaction (SWBL),unspecified,predictive,teacher,1.0,,PISA 2018 Hong Kong (HKG) — subjective well-being (life satisfaction)
30. Wang et al. (2023). Understanding Students’ Subjective and Eudaimonic Well‑Being: Combining both Machine Learning and Classical Statistics.pdf,Understanding Students’ Subjective and Eudaimonic Well-Being: Combining both Machine Learning and Classical Statistics,2023,10.1007/s11482-023-10232-6,,PISA,2018,1,HKG,Sense of belonging to school (Meso1),SCHOOL_BELONGING,Eudaimonic well-being (EUDA; meaning in life),unspecified,predictive,student,4.0,,PISA 2018 Hong Kong (HKG) — eudaimonic well-being (meaning in life)
30. Wang et al. (2023). Understanding Students’ Subjective and Eudaimonic Well‑Being: Combining both Machine Learning and Classical Statistics.pdf,Understanding Students’ Subjective and Eudaimonic Well-Being: Combining both Machine Learning and Classical Statistics,2023,10.1007/s11482-023-10232-6,,PISA,2018,1,HKG,Immigration status index,IMMIGRANT_STATUS,from_confounders,unspecified,associative,student,,,
30. Wang et al. (2023). Understanding Students’ Subjective and Eudaimonic Well‑Being: Combining both Machine Learning and Classical Statistics.pdf,Understanding Students’ Subjective and Eudaimonic Well-Being: Combining both Machine Learning and Classical Statistics,2023,10.1007/s11482-023-10232-6,,PISA,2018,1,HKG,Gender,GENDER,from_confounders,unspecified,associative,student,,,
30. Wang et al. (2023). Understanding Students’ Subjective and Eudaimonic Well‑Being: Combining both Machine Learning and Classical Statistics.pdf,Understanding Students’ Subjective and Eudaimonic Well-Being: Combining both Machine Learning and Classical Statistics,2023,10.1007/s11482-023-10232-6,,PISA,2018,1,HKG,Self-concept of reading competence,SELF_CONCEPT,from_confounders,unspecified,associative,student,,,
30. Wang et al. (2023). Understanding Students’ Subjective and Eudaimonic Well‑Being: Combining both Machine Learning and Classical Statistics.pdf,Understanding Students’ Subjective and Eudaimonic Well-Being: Combining both Machine Learning and Classical Statistics,2023,10.1007/s11482-023-10232-6,,PISA,2018,1,HKG,Self-concept of reading difficulty,SELF_CONCEPT,from_confounders,unspecified,associative,student,,,
30. Wang et al. (2023). Understanding Students’ Subjective and Eudaimonic Well‑Being: Combining both Machine Learning and Classical Statistics.pdf,Understanding Students’ Subjective and Eudaimonic Well-Being: Combining both Machine Learning and Classical Statistics,2023,10.1007/s11482-023-10232-6,,PISA,2018,1,HKG,Socioeconomic status (ESCS),SES_COMPOSITE,from_confounders,unspecified,associative,student,,,
30. Wang et al. (2023). Understanding Students’ Subjective and Eudaimonic Well‑Being: Combining both Machine Learning and Classical Statistics.pdf,Understanding Students’ Subjective and Eudaimonic Well-Being: Combining both Machine Learning and Classical Statistics,2023,10.1007/s11482-023-10232-6,,PISA,2018,1,HKG,Sense of belonging to school,SCHOOL_BELONGING,from_confounders,unspecified,associative,student,,,
30. Wang et al. (2023). Understanding Students’ Subjective and Eudaimonic Well‑Being: Combining both Machine Learning and Classical Statistics.pdf,Understanding Students’ Subjective and Eudaimonic Well-Being: Combining both Machine Learning and Classical Statistics,2023,10.1007/s11482-023-10232-6,,PISA,2018,1,HKG,Disciplinary climate in lessons,DISCIPLINARY_CLIMATE,from_confounders,unspecified,associative,student,,,
31. Zhang & Cutumisu. (2024). Predicting the Mathematics Literacy of Resilient Student.pdf,Predicting the Mathematics Literacy of Resilient Students from High‐performing Economies: A Machine Learning Approach,2024,10.1016/j.stueduc.2024.101412,Studies in Educational Evaluation,PISA,2022,23,AUS|AUT|BEL|CAN|CZE|DNK|EST|FIN|IRL|LVA,Mathematics self-efficacy (21st-century),TEACHER_SELF_EFFICACY_CLS_MGMT,Mathematics literacy (Plausible Values 1–10),mathematics_achievement,predictive,student,1.0,-,PISA 2022 Mathematics literacy (resilient students; Eastern cultures)
31. Zhang & Cutumisu. (2024). Predicting the Mathematics Literacy of Resilient Student.pdf,Predicting the Mathematics Literacy of Resilient Students from High‐performing Economies: A Machine Learning Approach,2024,10.1016/j.stueduc.2024.101412,Studies in Educational Evaluation,PISA,2022,23,AUS|AUT|BEL|CAN|CZE|DNK|EST|FIN|IRL|LVA,Mathematics self-efficacy (formal/applied),TEACHER_SELF_EFFICACY_CLS_MGMT,Mathematics literacy (Plausible Values 1–10),mathematics_achievement,predictive,student,2.0,-,PISA 2022 Mathematics literacy (resilient students; Eastern cultures)
31. Zhang & Cutumisu. (2024). Predicting the Mathematics Literacy of Resilient Student.pdf,Predicting the Mathematics Literacy of Resilient Students from High‐performing Economies: A Machine Learning Approach,2024,10.1016/j.stueduc.2024.101412,Studies in Educational Evaluation,PISA,2022,23,AUS|AUT|BEL|CAN|CZE|DNK|EST|FIN|IRL|LVA,Mathematics self-efficacy (formal/applied),TEACHER_SELF_EFFICACY_CLS_MGMT,Mathematics literacy (Plausible Values 1–10),mathematics_achievement,predictive,student,1.0,,PISA 2022 Mathematics literacy (resilient students; Western cultures)
31. Zhang & Cutumisu. (2024). Predicting the Mathematics Literacy of Resilient Student.pdf,Predicting the Mathematics Literacy of Resilient Students from High‐performing Economies: A Machine Learning Approach,2024,10.1016/j.stueduc.2024.101412,Studies in Educational Evaluation,PISA,2022,23,AUS|AUT|BEL|CAN|CZE|DNK|EST|FIN|IRL|LVA,Home possessions,SES_COMPOSITE,Mathematics literacy (Plausible Values 1–10),mathematics_achievement,predictive,student,4.0,,PISA 2022 Mathematics literacy (resilient students; Western cultures)
31. Zhang & Cutumisu. (2024). Predicting the Mathematics Literacy of Resilient Student.pdf,Predicting the Mathematics Literacy of Resilient Students from High‐performing Economies: A Machine Learning Approach,2024,10.1016/j.stueduc.2024.101412,Studies in Educational Evaluation,PISA,2022,23,AUS|AUT|BEL|CAN|CZE|DNK|EST|FIN|IRL|LVA,Disciplinary climate in math,DISCIPLINARY_CLIMATE,from_confounders,unspecified,associative,student,,,
31. Zhang & Cutumisu. (2024). Predicting the Mathematics Literacy of Resilient Student.pdf,Predicting the Mathematics Literacy of Resilient Students from High‐performing Economies: A Machine Learning Approach,2024,10.1016/j.stueduc.2024.101412,Studies in Educational Evaluation,PISA,2022,23,AUS|AUT|BEL|CAN|CZE|DNK|EST|FIN|IRL|LVA,Home possessions,SES_COMPOSITE,from_confounders,unspecified,associative,student,,,
31. Zhang & Cutumisu. (2024). Predicting the Mathematics Literacy of Resilient Student.pdf,Predicting the Mathematics Literacy of Resilient Students from High‐performing Economies: A Machine Learning Approach,2024,10.1016/j.stueduc.2024.101412,Studies in Educational Evaluation,PISA,2022,23,AUS|AUT|BEL|CAN|CZE|DNK|EST|FIN|IRL|LVA,Motivation for math compared,MOTIVATION,from_confounders,unspecified,associative,student,,,
31. Zhang & Cutumisu. (2024). Predicting the Mathematics Literacy of Resilient Student.pdf,Predicting the Mathematics Literacy of Resilient Students from High‐performing Economies: A Machine Learning Approach,2024,10.1016/j.stueduc.2024.101412,Studies in Educational Evaluation,PISA,2022,23,AUS|AUT|BEL|CAN|CZE|DNK|EST|FIN|IRL|LVA,Sense of belonging,SCHOOL_BELONGING,from_confounders,unspecified,associative,student,,,
31. Zhang & Cutumisu. (2024). Predicting the Mathematics Literacy of Resilient Student.pdf,Predicting the Mathematics Literacy of Resilient Students from High‐performing Economies: A Machine Learning Approach,2024,10.1016/j.stueduc.2024.101412,Studies in Educational Evaluation,PISA,2022,23,AUS|AUT|BEL|CAN|CZE|DNK|EST|FIN|IRL|LVA,Math self-efficacy (formal/applied),TEACHER_SELF_EFFICACY_CLS_MGMT,from_confounders,unspecified,associative,student,,,
31. Zhang & Cutumisu. (2024). Predicting the Mathematics Literacy of Resilient Student.pdf,Predicting the Mathematics Literacy of Resilient Students from High‐performing Economies: A Machine Learning Approach,2024,10.1016/j.stueduc.2024.101412,Studies in Educational Evaluation,PISA,2022,23,AUS|AUT|BEL|CAN|CZE|DNK|EST|FIN|IRL|LVA,Math self-efficacy (21st-century),TEACHER_SELF_EFFICACY_CLS_MGMT,from_confounders,unspecified,associative,student,,,
32. Resinoet al. (2024). Student well-being and mathematical literacy performance in PISA 2018  a machine-learning approach.pdf,Student well-being and mathematical literacy performance in PISA 2018: a machine-learning approach,2024,10.1080/01443410.2024.2359104,Educational Psychology,PISA,2018,1,ESP,Student ESCS,SES_COMPOSITE,Mathematical literacy achievement (PVs),mathematics_achievement,predictive,teacher,1.0,+,PISA 2018 (Spain) Mathematical literacy (multilevel random-intercept models)
32. Resinoet al. (2024). Student well-being and mathematical literacy performance in PISA 2018  a machine-learning approach.pdf,Student well-being and mathematical literacy performance in PISA 2018: a machine-learning approach,2024,10.1080/01443410.2024.2359104,Educational Psychology,PISA,2018,1,ESP,School average ESCS,SES_COMPOSITE,Mathematical literacy achievement (PVs),mathematics_achievement,predictive,teacher,2.0,+,PISA 2018 (Spain) Mathematical literacy (multilevel random-intercept models)
32. Resinoet al. (2024). Student well-being and mathematical literacy performance in PISA 2018  a machine-learning approach.pdf,Student well-being and mathematical literacy performance in PISA 2018: a machine-learning approach,2024,10.1080/01443410.2024.2359104,Educational Psychology,PISA,2018,1,ESP,ESCS,SES_COMPOSITE,from_confounders,unspecified,associative,student,,,
32. Resinoet al. (2024). Student well-being and mathematical literacy performance in PISA 2018  a machine-learning approach.pdf,Student well-being and mathematical literacy performance in PISA 2018: a machine-learning approach,2024,10.1080/01443410.2024.2359104,Educational Psychology,PISA,2018,1,ESP,School average ESCS,SES_COMPOSITE,from_confounders,unspecified,associative,student,,,
33. McJames et al. (2024). Little and often: Causal inference machine learning demonstrates the benefits of homework for improving achievement in mathematics and science.pdf,Little and often: Causal inference machine learning demonstrates the benefits of homework for improving achievement in m,2024,10.1016/j.learninstruc.2024.101968,Learning and Instruction,TIMSS,2019,1,IRL,Student gender,GENDER,Mathematics achievement (Plausible Values),mathematics_achievement,associative,student,1.0,+,TIMSS 2019 Grade 8 Mathematics (Ireland)
33. McJames et al. (2024). Little and often: Causal inference machine learning demonstrates the benefits of homework for improving achievement in mathematics and science.pdf,Little and often: Causal inference machine learning demonstrates the benefits of homework for improving achievement in m,2024,10.1016/j.learninstruc.2024.101968,Learning and Instruction,TIMSS,2019,1,IRL,Parents' education level,PARENTAL_EDUCATION,Mathematics achievement (Plausible Values),mathematics_achievement,associative,student,2.0,+,TIMSS 2019 Grade 8 Mathematics (Ireland)
33. McJames et al. (2024). Little and often: Causal inference machine learning demonstrates the benefits of homework for improving achievement in mathematics and science.pdf,Little and often: Causal inference machine learning demonstrates the benefits of homework for improving achievement in m,2024,10.1016/j.learninstruc.2024.101968,Learning and Instruction,TIMSS,2019,1,IRL,Books at home,HOME_RESOURCES,Mathematics achievement (Plausible Values),mathematics_achievement,associative,student,3.0,+,TIMSS 2019 Grade 8 Mathematics (Ireland)
33. McJames et al. (2024). Little and often: Causal inference machine learning demonstrates the benefits of homework for improving achievement in mathematics and science.pdf,Little and often: Causal inference machine learning demonstrates the benefits of homework for improving achievement in m,2024,10.1016/j.learninstruc.2024.101968,Learning and Instruction,TIMSS,2019,1,IRL,School average SES,SES_COMPOSITE,Mathematics achievement (Plausible Values),mathematics_achievement,associative,student,4.0,+,TIMSS 2019 Grade 8 Mathematics (Ireland)
33. McJames et al. (2024). Little and often: Causal inference machine learning demonstrates the benefits of homework for improving achievement in mathematics and science.pdf,Little and often: Causal inference machine learning demonstrates the benefits of homework for improving achievement in m,2024,10.1016/j.learninstruc.2024.101968,Learning and Instruction,TIMSS,2019,1,IRL,Total instructional time,INSTRUCTIONAL_TIME,Mathematics achievement (Plausible Values),mathematics_achievement,associative,student,5.0,+,TIMSS 2019 Grade 8 Mathematics (Ireland)
33. McJames et al. (2024). Little and often: Causal inference machine learning demonstrates the benefits of homework for improving achievement in mathematics and science.pdf,Little and often: Causal inference machine learning demonstrates the benefits of homework for improving achievement in m,2024,10.1016/j.learninstruc.2024.101968,Learning and Instruction,TIMSS,2019,1,IRL,Student gender,GENDER,Science achievement (Plausible Values),science_achievement,associative,student,1.0,,TIMSS 2019 Grade 8 Science (Ireland)
33. McJames et al. (2024). Little and often: Causal inference machine learning demonstrates the benefits of homework for improving achievement in mathematics and science.pdf,Little and often: Causal inference machine learning demonstrates the benefits of homework for improving achievement in m,2024,10.1016/j.learninstruc.2024.101968,Learning and Instruction,TIMSS,2019,1,IRL,Parents' education level,PARENTAL_EDUCATION,Science achievement (Plausible Values),science_achievement,associative,student,2.0,,TIMSS 2019 Grade 8 Science (Ireland)
33. McJames et al. (2024). Little and often: Causal inference machine learning demonstrates the benefits of homework for improving achievement in mathematics and science.pdf,Little and often: Causal inference machine learning demonstrates the benefits of homework for improving achievement in m,2024,10.1016/j.learninstruc.2024.101968,Learning and Instruction,TIMSS,2019,1,IRL,Books at home,HOME_RESOURCES,Science achievement (Plausible Values),science_achievement,associative,student,3.0,,TIMSS 2019 Grade 8 Science (Ireland)
33. McJames et al. (2024). Little and often: Causal inference machine learning demonstrates the benefits of homework for improving achievement in mathematics and science.pdf,Little and often: Causal inference machine learning demonstrates the benefits of homework for improving achievement in m,2024,10.1016/j.learninstruc.2024.101968,Learning and Instruction,TIMSS,2019,1,IRL,School average SES,SES_COMPOSITE,Science achievement (Plausible Values),science_achievement,associative,student,4.0,,TIMSS 2019 Grade 8 Science (Ireland)
33. McJames et al. (2024). Little and often: Causal inference machine learning demonstrates the benefits of homework for improving achievement in mathematics and science.pdf,Little and often: Causal inference machine learning demonstrates the benefits of homework for improving achievement in m,2024,10.1016/j.learninstruc.2024.101968,Learning and Instruction,TIMSS,2019,1,IRL,Total instructional time,INSTRUCTIONAL_TIME,Science achievement (Plausible Values),science_achievement,associative,student,5.0,,TIMSS 2019 Grade 8 Science (Ireland)
33. McJames et al. (2024). Little and often: Causal inference machine learning demonstrates the benefits of homework for improving achievement in mathematics and science.pdf,Little and often: Causal inference machine learning demonstrates the benefits of homework for improving achievement in m,2024,10.1016/j.learninstruc.2024.101968,Learning and Instruction,TIMSS,2019,1,IRL,Books at home,HOME_RESOURCES,Moderation by socioeconomic resources (homework effect heterogeneity),mathematics_achievement,associative,student,1.0,,TIMSS 2019 Grade 8 Mathematics & Science (Ireland)
33. McJames et al. (2024). Little and often: Causal inference machine learning demonstrates the benefits of homework for improving achievement in mathematics and science.pdf,Little and often: Causal inference machine learning demonstrates the benefits of homework for improving achievement in m,2024,10.1016/j.learninstruc.2024.101968,Learning and Instruction,TIMSS,2019,1,IRL,Parents' education level,PARENTAL_EDUCATION,Moderation by socioeconomic resources (homework effect heterogeneity),mathematics_achievement,associative,student,2.0,,TIMSS 2019 Grade 8 Mathematics & Science (Ireland)
33. McJames et al. (2024). Little and often: Causal inference machine learning demonstrates the benefits of homework for improving achievement in mathematics and science.pdf,Little and often: Causal inference machine learning demonstrates the benefits of homework for improving achievement in m,2024,10.1016/j.learninstruc.2024.101968,Learning and Instruction,TIMSS,2019,1,IRL,School average SES,SES_COMPOSITE,Moderation by socioeconomic resources (homework effect heterogeneity),mathematics_achievement,associative,student,3.0,,TIMSS 2019 Grade 8 Mathematics & Science (Ireland)
33. McJames et al. (2024). Little and often: Causal inference machine learning demonstrates the benefits of homework for improving achievement in mathematics and science.pdf,Little and often: Causal inference machine learning demonstrates the benefits of homework for improving achievement in m,2024,10.1016/j.learninstruc.2024.101968,Learning and Instruction,TIMSS,2019,1,IRL,gender,GENDER,from_confounders,unspecified,associative,student,,,
33. McJames et al. (2024). Little and often: Causal inference machine learning demonstrates the benefits of homework for improving achievement in mathematics and science.pdf,Little and often: Causal inference machine learning demonstrates the benefits of homework for improving achievement in m,2024,10.1016/j.learninstruc.2024.101968,Learning and Instruction,TIMSS,2019,1,IRL,Immigration/migrant status,IMMIGRANT_STATUS,from_confounders,unspecified,associative,student,,,
33. McJames et al. (2024). Little and often: Causal inference machine learning demonstrates the benefits of homework for improving achievement in mathematics and science.pdf,Little and often: Causal inference machine learning demonstrates the benefits of homework for improving achievement in m,2024,10.1016/j.learninstruc.2024.101968,Learning and Instruction,TIMSS,2019,1,IRL,Parents' education level,PARENTAL_EDUCATION,from_confounders,unspecified,associative,student,,,
33. McJames et al. (2024). Little and often: Causal inference machine learning demonstrates the benefits of homework for improving achievement in mathematics and science.pdf,Little and often: Causal inference machine learning demonstrates the benefits of homework for improving achievement in m,2024,10.1016/j.learninstruc.2024.101968,Learning and Instruction,TIMSS,2019,1,IRL,Books at home,HOME_RESOURCES,from_confounders,unspecified,associative,student,,,
33. McJames et al. (2024). Little and often: Causal inference machine learning demonstrates the benefits of homework for improving achievement in mathematics and science.pdf,Little and often: Causal inference machine learning demonstrates the benefits of homework for improving achievement in m,2024,10.1016/j.learninstruc.2024.101968,Learning and Instruction,TIMSS,2019,1,IRL,School average SES,SES_COMPOSITE,from_confounders,unspecified,associative,student,,,
33. McJames et al. (2024). Little and often: Causal inference machine learning demonstrates the benefits of homework for improving achievement in mathematics and science.pdf,Little and often: Causal inference machine learning demonstrates the benefits of homework for improving achievement in m,2024,10.1016/j.learninstruc.2024.101968,Learning and Instruction,TIMSS,2019,1,IRL,Math teacher gender,GENDER,from_confounders,unspecified,associative,teacher,,,
33. McJames et al. (2024). Little and often: Causal inference machine learning demonstrates the benefits of homework for improving achievement in mathematics and science.pdf,Little and often: Causal inference machine learning demonstrates the benefits of homework for improving achievement in m,2024,10.1016/j.learninstruc.2024.101968,Learning and Instruction,TIMSS,2019,1,IRL,Science teacher gender,GENDER,from_confounders,unspecified,associative,teacher,,,
33. McJames et al. (2024). Little and often: Causal inference machine learning demonstrates the benefits of homework for improving achievement in mathematics and science.pdf,Little and often: Causal inference machine learning demonstrates the benefits of homework for improving achievement in m,2024,10.1016/j.learninstruc.2024.101968,Learning and Instruction,TIMSS,2019,1,IRL,Total instructional time,INSTRUCTIONAL_TIME,from_confounders,unspecified,associative,student,,,
35. Nguyen et al. (2023). An evaluation of tiered machine learning framework to predict science achievement among Singapore students.pdf,An evaluation of tiered machine learning framework to predict science achievement among Singapore students,2023,10.1109/CSCI62032.2023.00037,2023 International Conference on Computational Science and Computational Intelli,TIMSS,2019,1,SGP,Socioeconomic status (parents),SES_COMPOSITE,Science achievement class (5 categories),science_achievement,predictive,student,1.0,,TIMSS 2019 Grade 8 Science (Singapore)
35. Nguyen et al. (2023). An evaluation of tiered machine learning framework to predict science achievement among Singapore students.pdf,An evaluation of tiered machine learning framework to predict science achievement among Singapore students,2023,10.1109/CSCI62032.2023.00037,2023 International Conference on Computational Science and Computational Intelli,TIMSS,2019,1,SGP,Socioeconomic status (parents),SES_COMPOSITE,from_confounders,unspecified,associative,student,,,
35. Nguyen et al. (2023). An evaluation of tiered machine learning framework to predict science achievement among Singapore students.pdf,An evaluation of tiered machine learning framework to predict science achievement among Singapore students,2023,10.1109/CSCI62032.2023.00037,2023 International Conference on Computational Science and Computational Intelli,TIMSS,2019,1,SGP,Computer self-efficacy,TEACHER_SELF_EFFICACY_CLS_MGMT,from_confounders,unspecified,associative,student,,,
36. Alvarez-Garcia et al. (2024). Uncovering student profiles. An explainable cluster analysis approach to PISA 2022.pdf,Uncovering student profiles. An explainable cluster analysis approach to PISA 2022,2024,10.1016/j.compedu.2024.105166,Computers & Education,PISA,2022,1,ESP,Socioeconomic status (ESCS),SES_COMPOSITE,Student cluster membership (7 clusters),unspecified,predictive,student,1.0,,PISA 2022 Spain (15-year-olds) — student contextual variables (74 variables; 16 derived factors)
36. Alvarez-Garcia et al. (2024). Uncovering student profiles. An explainable cluster analysis approach to PISA 2022.pdf,Uncovering student profiles. An explainable cluster analysis approach to PISA 2022,2024,10.1016/j.compedu.2024.105166,Computers & Education,PISA,2022,1,ESP,Gender,GENDER,Student cluster membership (7 clusters),unspecified,predictive,student,4.0,,PISA 2022 Spain (15-year-olds) — student contextual variables (74 variables; 16 derived factors)
36. Alvarez-Garcia et al. (2024). Uncovering student profiles. An explainable cluster analysis approach to PISA 2022.pdf,Uncovering student profiles. An explainable cluster analysis approach to PISA 2022,2024,10.1016/j.compedu.2024.105166,Computers & Education,PISA,2022,1,ESP,Socioeconomic status (ESCS),SES_COMPOSITE,Academic performance differences across clusters (Math/Science/Reading),mathematics_achievement,predictive,student,1.0,+,PISA 2022 Spain (15-year-olds) — cluster profiles
36. Alvarez-Garcia et al. (2024). Uncovering student profiles. An explainable cluster analysis approach to PISA 2022.pdf,Uncovering student profiles. An explainable cluster analysis approach to PISA 2022,2024,10.1016/j.compedu.2024.105166,Computers & Education,PISA,2022,1,ESP,Gender,GENDER,Academic performance differences across clusters (Math/Science/Reading),mathematics_achievement,predictive,student,2.0,+,PISA 2022 Spain (15-year-olds) — cluster profiles
36. Alvarez-Garcia et al. (2024). Uncovering student profiles. An explainable cluster analysis approach to PISA 2022.pdf,Uncovering student profiles. An explainable cluster analysis approach to PISA 2022,2024,10.1016/j.compedu.2024.105166,Computers & Education,PISA,2022,1,ESP,Gender,GENDER,from_confounders,unspecified,associative,student,,,
36. Alvarez-Garcia et al. (2024). Uncovering student profiles. An explainable cluster analysis approach to PISA 2022.pdf,Uncovering student profiles. An explainable cluster analysis approach to PISA 2022,2024,10.1016/j.compedu.2024.105166,Computers & Education,PISA,2022,1,ESP,Socioeconomic status (ESCS),SES_COMPOSITE,from_confounders,unspecified,associative,student,,,
36. Alvarez-Garcia et al. (2024). Uncovering student profiles. An explainable cluster analysis approach to PISA 2022.pdf,Uncovering student profiles. An explainable cluster analysis approach to PISA 2022,2024,10.1016/j.compedu.2024.105166,Computers & Education,PISA,2022,1,ESP,Home possessions,SES_COMPOSITE,from_confounders,unspecified,associative,student,,,
36. Alvarez-Garcia et al. (2024). Uncovering student profiles. An explainable cluster analysis approach to PISA 2022.pdf,Uncovering student profiles. An explainable cluster analysis approach to PISA 2022,2024,10.1016/j.compedu.2024.105166,Computers & Education,PISA,2022,1,ESP,Highest parental education,PARENTAL_EDUCATION,from_confounders,unspecified,associative,student,,,
36. Alvarez-Garcia et al. (2024). Uncovering student profiles. An explainable cluster analysis approach to PISA 2022.pdf,Uncovering student profiles. An explainable cluster analysis approach to PISA 2022,2024,10.1016/j.compedu.2024.105166,Computers & Education,PISA,2022,1,ESP,Immigrant background,IMMIGRANT_STATUS,from_confounders,unspecified,associative,student,,,
36. Alvarez-Garcia et al. (2024). Uncovering student profiles. An explainable cluster analysis approach to PISA 2022.pdf,Uncovering student profiles. An explainable cluster analysis approach to PISA 2022,2024,10.1016/j.compedu.2024.105166,Computers & Education,PISA,2022,1,ESP,Math motivation to do well,MOTIVATION,from_confounders,unspecified,associative,student,,,
36. Alvarez-Garcia et al. (2024). Uncovering student profiles. An explainable cluster analysis approach to PISA 2022.pdf,Uncovering student profiles. An explainable cluster analysis approach to PISA 2022,2024,10.1016/j.compedu.2024.105166,Computers & Education,PISA,2022,1,ESP,Sense of belonging,SCHOOL_BELONGING,from_confounders,unspecified,associative,student,,,
36. Alvarez-Garcia et al. (2024). Uncovering student profiles. An explainable cluster analysis approach to PISA 2022.pdf,Uncovering student profiles. An explainable cluster analysis approach to PISA 2022,2024,10.1016/j.compedu.2024.105166,Computers & Education,PISA,2022,1,ESP,Disciplinary climate (math),DISCIPLINARY_CLIMATE,from_confounders,unspecified,associative,student,,,
36. Alvarez-Garcia et al. (2024). Uncovering student profiles. An explainable cluster analysis approach to PISA 2022.pdf,Uncovering student profiles. An explainable cluster analysis approach to PISA 2022,2024,10.1016/j.compedu.2024.105166,Computers & Education,PISA,2022,1,ESP,Skipping classes,SES_COMPOSITE,from_confounders,unspecified,associative,student,,,
36. Alvarez-Garcia et al. (2024). Uncovering student profiles. An explainable cluster analysis approach to PISA 2022.pdf,Uncovering student profiles. An explainable cluster analysis approach to PISA 2022,2024,10.1016/j.compedu.2024.105166,Computers & Education,PISA,2022,1,ESP,Home possessions (WLE),SES_COMPOSITE,from_confounders,unspecified,associative,student,,,
36. Alvarez-Garcia et al. (2024). Uncovering student profiles. An explainable cluster analysis approach to PISA 2022.pdf,Uncovering student profiles. An explainable cluster analysis approach to PISA 2022,2024,10.1016/j.compedu.2024.105166,Computers & Education,PISA,2022,1,ESP,Subject-related ICT use,ICT_HOME_ACCESS,from_confounders,unspecified,associative,student,,,
36. Alvarez-Garcia et al. (2024). Uncovering student profiles. An explainable cluster analysis approach to PISA 2022.pdf,Uncovering student profiles. An explainable cluster analysis approach to PISA 2022,2024,10.1016/j.compedu.2024.105166,Computers & Education,PISA,2022,1,ESP,ICT use in enquiry learning,ICT_HOME_ACCESS,from_confounders,unspecified,associative,student,,,
36. Alvarez-Garcia et al. (2024). Uncovering student profiles. An explainable cluster analysis approach to PISA 2022.pdf,Uncovering student profiles. An explainable cluster analysis approach to PISA 2022,2024,10.1016/j.compedu.2024.105166,Computers & Education,PISA,2022,1,ESP,ICT use for school activities outside class,ICT_HOME_ACCESS,from_confounders,unspecified,associative,student,,,
36. Alvarez-Garcia et al. (2024). Uncovering student profiles. An explainable cluster analysis approach to PISA 2022.pdf,Uncovering student profiles. An explainable cluster analysis approach to PISA 2022,2024,10.1016/j.compedu.2024.105166,Computers & Education,PISA,2022,1,ESP,Quality of ICT access,ICT_HOME_ACCESS,from_confounders,unspecified,associative,student,,,
36. Alvarez-Garcia et al. (2024). Uncovering student profiles. An explainable cluster analysis approach to PISA 2022.pdf,Uncovering student profiles. An explainable cluster analysis approach to PISA 2022,2024,10.1016/j.compedu.2024.105166,Computers & Education,PISA,2022,1,ESP,Regulated ICT use in school,ICT_HOME_ACCESS,from_confounders,unspecified,associative,student,,,
36. Alvarez-Garcia et al. (2024). Uncovering student profiles. An explainable cluster analysis approach to PISA 2022.pdf,Uncovering student profiles. An explainable cluster analysis approach to PISA 2022,2024,10.1016/j.compedu.2024.105166,Computers & Education,PISA,2022,1,ESP,Self-efficacy in digital competencies,TEACHER_SELF_EFFICACY_CLS_MGMT,from_confounders,unspecified,associative,student,,,
36. Alvarez-Garcia et al. (2024). Uncovering student profiles. An explainable cluster analysis approach to PISA 2022.pdf,Uncovering student profiles. An explainable cluster analysis approach to PISA 2022,2024,10.1016/j.compedu.2024.105166,Computers & Education,PISA,2022,1,ESP,Self-directed learning self-efficacy,TEACHER_SELF_EFFICACY_CLS_MGMT,from_confounders,unspecified,associative,student,,,
36. Alvarez-Garcia et al. (2024). Uncovering student profiles. An explainable cluster analysis approach to PISA 2022.pdf,Uncovering student profiles. An explainable cluster analysis approach to PISA 2022,2024,10.1016/j.compedu.2024.105166,Computers & Education,PISA,2022,1,ESP,Mathematics self-efficacy,TEACHER_SELF_EFFICACY_CLS_MGMT,from_confounders,unspecified,associative,student,,,
36. Alvarez-Garcia et al. (2024). Uncovering student profiles. An explainable cluster analysis approach to PISA 2022.pdf,Uncovering student profiles. An explainable cluster analysis approach to PISA 2022,2024,10.1016/j.compedu.2024.105166,Computers & Education,PISA,2022,1,ESP,Math self-efficacy (21st skills),TEACHER_SELF_EFFICACY_CLS_MGMT,from_confounders,unspecified,associative,student,,,
39. Zheng et al. (2025). Unfolding key factors of resilience in ICT cognitive-motivational engagement: Global evidence from machine learning techniques.pdf,Unfolding key factors of resilience in ICT cognitive-motivational engagement: Global evidence from machine learning tech,2025,10.1016/j.ijer.2025.102607,International Journal of Educational Research,PISA,2018,0,,ICT use outside school,ICT_HOME_ACCESS,Resilience in ICT engagement (IRS vs NRS),unspecified,predictive,student,1.0,,PISA 2018 (53 countries/economies) ICT familiarity questionnaire
39. Zheng et al. (2025). Unfolding key factors of resilience in ICT cognitive-motivational engagement: Global evidence from machine learning techniques.pdf,Unfolding key factors of resilience in ICT cognitive-motivational engagement: Global evidence from machine learning tech,2025,10.1016/j.ijer.2025.102607,International Journal of Educational Research,PISA,2018,0,,Self-efficacy,TEACHER_SELF_EFFICACY_CLS_MGMT,Resilience in ICT engagement (IRS vs NRS),unspecified,predictive,student,3.0,,PISA 2018 (53 countries/economies) ICT familiarity questionnaire
39. Zheng et al. (2025). Unfolding key factors of resilience in ICT cognitive-motivational engagement: Global evidence from machine learning techniques.pdf,Unfolding key factors of resilience in ICT cognitive-motivational engagement: Global evidence from machine learning tech,2025,10.1016/j.ijer.2025.102607,International Journal of Educational Research,PISA,2018,0,,Gender,GENDER,Resilience in ICT engagement (IRS vs NRS),unspecified,predictive,student,4.0,,PISA 2018 (53 countries/economies) ICT familiarity questionnaire
39. Zheng et al. (2025). Unfolding key factors of resilience in ICT cognitive-motivational engagement: Global evidence from machine learning techniques.pdf,Unfolding key factors of resilience in ICT cognitive-motivational engagement: Global evidence from machine learning tech,2025,10.1016/j.ijer.2025.102607,International Journal of Educational Research,PISA,2018,0,,Gender,GENDER,from_confounders,unspecified,associative,student,,,
39. Zheng et al. (2025). Unfolding key factors of resilience in ICT cognitive-motivational engagement: Global evidence from machine learning techniques.pdf,Unfolding key factors of resilience in ICT cognitive-motivational engagement: Global evidence from machine learning tech,2025,10.1016/j.ijer.2025.102607,International Journal of Educational Research,PISA,2018,0,,ICT use outside school,ICT_HOME_ACCESS,from_confounders,unspecified,associative,student,,,
39. Zheng et al. (2025). Unfolding key factors of resilience in ICT cognitive-motivational engagement: Global evidence from machine learning techniques.pdf,Unfolding key factors of resilience in ICT cognitive-motivational engagement: Global evidence from machine learning tech,2025,10.1016/j.ijer.2025.102607,International Journal of Educational Research,PISA,2018,0,,Self-efficacy,TEACHER_SELF_EFFICACY_CLS_MGMT,from_confounders,unspecified,associative,student,,,
39. Zheng et al. (2025). Unfolding key factors of resilience in ICT cognitive-motivational engagement: Global evidence from machine learning techniques.pdf,Unfolding key factors of resilience in ICT cognitive-motivational engagement: Global evidence from machine learning tech,2025,10.1016/j.ijer.2025.102607,International Journal of Educational Research,PISA,2018,0,,Meta-cognition: assess credibility,SES_COMPOSITE,from_confounders,unspecified,associative,student,,,
39. Zheng et al. (2025). Unfolding key factors of resilience in ICT cognitive-motivational engagement: Global evidence from machine learning techniques.pdf,Unfolding key factors of resilience in ICT cognitive-motivational engagement: Global evidence from machine learning tech,2025,10.1016/j.ijer.2025.102607,International Journal of Educational Research,PISA,2018,0,,Self-concept of reading competence,SELF_CONCEPT,from_confounders,unspecified,associative,student,,,
4. Zheng et al. (2023). Identifying key features of resilient students in digital reading: Insights from a machine learning approach.pdf,Identifying key features of resilient students in digital reading: Insights from a machine learning approach,2023,10.1007/s10639-023-11908-0,Education and Information Technologies,PISA,2018,7,CHN|HKG|MAC|TWN|JPN|KOR|SGP,Assess credibility metacognition,SES_COMPOSITE,Academic resilience classification (ARS vs NRS; binary),reading_achievement,predictive,teacher,1.0,,"PISA 2018 Digital Reading (computer-based), seven East Asian economies; ESCS-disadvantaged subset"
4. Zheng et al. (2023). Identifying key features of resilient students in digital reading: Insights from a machine learning approach.pdf,Identifying key features of resilient students in digital reading: Insights from a machine learning approach,2023,10.1007/s10639-023-11908-0,Education and Information Technologies,PISA,2018,7,CHN|HKG|MAC|TWN|JPN|KOR|SGP,Assess credibility metacognition,SES_COMPOSITE,from_confounders,unspecified,associative,student,,,
4. Zheng et al. (2023). Identifying key features of resilient students in digital reading: Insights from a machine learning approach.pdf,Identifying key features of resilient students in digital reading: Insights from a machine learning approach,2023,10.1007/s10639-023-11908-0,Education and Information Technologies,PISA,2018,7,CHN|HKG|MAC|TWN|JPN|KOR|SGP,Sense of belonging,SCHOOL_BELONGING,from_confounders,unspecified,associative,student,,,
4. Zheng et al. (2023). Identifying key features of resilient students in digital reading: Insights from a machine learning approach.pdf,Identifying key features of resilient students in digital reading: Insights from a machine learning approach,2023,10.1007/s10639-023-11908-0,Education and Information Technologies,PISA,2018,7,CHN|HKG|MAC|TWN|JPN|KOR|SGP,Home educational resources,HOME_RESOURCES,from_confounders,unspecified,associative,student,,,
4. Zheng et al. (2023). Identifying key features of resilient students in digital reading: Insights from a machine learning approach.pdf,Identifying key features of resilient students in digital reading: Insights from a machine learning approach,2023,10.1007/s10639-023-11908-0,Education and Information Technologies,PISA,2018,7,CHN|HKG|MAC|TWN|JPN|KOR|SGP,Teacher-rated disciplinary climate,DISCIPLINARY_CLIMATE,from_confounders,unspecified,associative,student,,,
4. Zheng et al. (2023). Identifying key features of resilient students in digital reading: Insights from a machine learning approach.pdf,Identifying key features of resilient students in digital reading: Insights from a machine learning approach,2023,10.1007/s10639-023-11908-0,Education and Information Technologies,PISA,2018,7,CHN|HKG|MAC|TWN|JPN|KOR|SGP,Student-rated disciplinary climate,DISCIPLINARY_CLIMATE,from_confounders,unspecified,associative,student,,,
40. Kim et al. (2024). Exploring Influencing Factors at Student and Teacher:School levels on Science Self-efficacy Using Machine Learning and Multilevel Latent Profile Analysis.pdf,Exploring Influencing Factors at Student and Teacher/School levels on Science Self-efficacy Using Machine Learning and M,2024,10.1177/21582440241284915,SAGE Open,PISA,2015,5,SGP|JPN|EST|FIN|KOR,Instrumental motivation,MOTIVATION,from_confounders,unspecified,associative,student,,,
40. Kim et al. (2024). Exploring Influencing Factors at Student and Teacher:School levels on Science Self-efficacy Using Machine Learning and Multilevel Latent Profile Analysis.pdf,Exploring Influencing Factors at Student and Teacher/School levels on Science Self-efficacy Using Machine Learning and M,2024,10.1177/21582440241284915,SAGE Open,PISA,2015,5,SGP|JPN|EST|FIN|KOR,Achieving motivation,MOTIVATION,from_confounders,unspecified,associative,student,,,
40. Kim et al. (2024). Exploring Influencing Factors at Student and Teacher:School levels on Science Self-efficacy Using Machine Learning and Multilevel Latent Profile Analysis.pdf,Exploring Influencing Factors at Student and Teacher/School levels on Science Self-efficacy Using Machine Learning and M,2024,10.1177/21582440241284915,SAGE Open,PISA,2015,5,SGP|JPN|EST|FIN|KOR,Perceived autonomy in ICT use,ICT_HOME_ACCESS,from_confounders,unspecified,associative,student,,,
40. Kim et al. (2024). Exploring Influencing Factors at Student and Teacher:School levels on Science Self-efficacy Using Machine Learning and Multilevel Latent Profile Analysis.pdf,Exploring Influencing Factors at Student and Teacher/School levels on Science Self-efficacy Using Machine Learning and M,2024,10.1177/21582440241284915,SAGE Open,PISA,2015,5,SGP|JPN|EST|FIN|KOR,Science self-efficacy items,TEACHER_SELF_EFFICACY_CLS_MGMT,from_confounders,unspecified,associative,student,,,
"41. Immekus et al. (2022). Machine learning procedures for predictor variable selection for schoolwork‑related anxiety: evidence from PISA 2015 mathematics, reading, and science assessments.pdf",Machine learning procedures for predictor variable selection for schoolwork‑related anxiety: evidence from PISA 2015 mat,2022,10.1186/s40536-022-00150-8,Large-scale Assessments in Education,PISA,2015,1,USA,Gender,GENDER,Schoolwork-related anxiety (ANXTEST),unspecified,predictive,student,1.0,,PISA 2015 (US students) — schoolwork-related anxiety (ANXTEST)
"41. Immekus et al. (2022). Machine learning procedures for predictor variable selection for schoolwork‑related anxiety: evidence from PISA 2015 mathematics, reading, and science assessments.pdf",Machine learning procedures for predictor variable selection for schoolwork‑related anxiety: evidence from PISA 2015 mat,2022,10.1186/s40536-022-00150-8,Large-scale Assessments in Education,PISA,2015,1,USA,Want top grades in courses,SES_COMPOSITE,Schoolwork-related anxiety (ANXTEST),unspecified,predictive,student,2.0,,PISA 2015 (US students) — schoolwork-related anxiety (ANXTEST)
"41. Immekus et al. (2022). Machine learning procedures for predictor variable selection for schoolwork‑related anxiety: evidence from PISA 2015 mathematics, reading, and science assessments.pdf",Machine learning procedures for predictor variable selection for schoolwork‑related anxiety: evidence from PISA 2015 mat,2022,10.1186/s40536-022-00150-8,Large-scale Assessments in Education,PISA,2015,1,USA,Gender,GENDER,from_confounders,unspecified,associative,student,,,
"41. Immekus et al. (2022). Machine learning procedures for predictor variable selection for schoolwork‑related anxiety: evidence from PISA 2015 mathematics, reading, and science assessments.pdf",Machine learning procedures for predictor variable selection for schoolwork‑related anxiety: evidence from PISA 2015 mat,2022,10.1186/s40536-022-00150-8,Large-scale Assessments in Education,PISA,2015,1,USA,Number of books at home,HOME_RESOURCES,from_confounders,unspecified,associative,student,,,
"41. Immekus et al. (2022). Machine learning procedures for predictor variable selection for schoolwork‑related anxiety: evidence from PISA 2015 mathematics, reading, and science assessments.pdf",Machine learning procedures for predictor variable selection for schoolwork‑related anxiety: evidence from PISA 2015 mat,2022,10.1186/s40536-022-00150-8,Large-scale Assessments in Education,PISA,2015,1,USA,Want top grades in courses,SES_COMPOSITE,from_confounders,unspecified,associative,student,,,
42. Gil-Madrona et al. (2025). What Are the Best Predictors of STEM Competences in PISA 2018? An Analysis of the Spanish Context Using Data Mining.pdf,What Are the Best Predictors of STEM Competences in PISA 2018? An Analysis of the Spanish Context Using Data Mining,2025,10.1111/ssm.18363,School Science and Mathematics,PISA,2018,1,ESP,ICT access and use,ICT_HOME_ACCESS,Mathematics achievement (averaged PISA-derived variables),mathematics_achievement,predictive,student,1.0,,PISA 2018 (Spain) — Mathematics competence (ISCED 3 / Grade 10)
42. Gil-Madrona et al. (2025). What Are the Best Predictors of STEM Competences in PISA 2018? An Analysis of the Spanish Context Using Data Mining.pdf,What Are the Best Predictors of STEM Competences in PISA 2018? An Analysis of the Spanish Context Using Data Mining,2025,10.1111/ssm.18363,School Science and Mathematics,PISA,2018,1,ESP,Household possessions and background,SES_COMPOSITE,Mathematics achievement (averaged PISA-derived variables),mathematics_achievement,predictive,student,4.0,,PISA 2018 (Spain) — Mathematics competence (ISCED 3 / Grade 10)
42. Gil-Madrona et al. (2025). What Are the Best Predictors of STEM Competences in PISA 2018? An Analysis of the Spanish Context Using Data Mining.pdf,What Are the Best Predictors of STEM Competences in PISA 2018? An Analysis of the Spanish Context Using Data Mining,2025,10.1111/ssm.18363,School Science and Mathematics,PISA,2018,1,ESP,ICT access and use,ICT_HOME_ACCESS,Science achievement (averaged PISA-derived variables),science_achievement,predictive,student,3.0,,PISA 2018 (Spain) — Science competence (ISCED 3 / Grade 10)
42. Gil-Madrona et al. (2025). What Are the Best Predictors of STEM Competences in PISA 2018? An Analysis of the Spanish Context Using Data Mining.pdf,What Are the Best Predictors of STEM Competences in PISA 2018? An Analysis of the Spanish Context Using Data Mining,2025,10.1111/ssm.18363,School Science and Mathematics,PISA,2018,1,ESP,ICT access,ICT_HOME_ACCESS,from_confounders,unspecified,associative,student,,,
42. Gil-Madrona et al. (2025). What Are the Best Predictors of STEM Competences in PISA 2018? An Analysis of the Spanish Context Using Data Mining.pdf,What Are the Best Predictors of STEM Competences in PISA 2018? An Analysis of the Spanish Context Using Data Mining,2025,10.1111/ssm.18363,School Science and Mathematics,PISA,2018,1,ESP,Subject-related ICT use,ICT_HOME_ACCESS,from_confounders,unspecified,associative,student,,,
42. Gil-Madrona et al. (2025). What Are the Best Predictors of STEM Competences in PISA 2018? An Analysis of the Spanish Context Using Data Mining.pdf,What Are the Best Predictors of STEM Competences in PISA 2018? An Analysis of the Spanish Context Using Data Mining,2025,10.1111/ssm.18363,School Science and Mathematics,PISA,2018,1,ESP,School climate,SCHOOL_BELONGING,from_confounders,unspecified,associative,student,,,
42. Gil-Madrona et al. (2025). What Are the Best Predictors of STEM Competences in PISA 2018? An Analysis of the Spanish Context Using Data Mining.pdf,What Are the Best Predictors of STEM Competences in PISA 2018? An Analysis of the Spanish Context Using Data Mining,2025,10.1111/ssm.18363,School Science and Mathematics,PISA,2018,1,ESP,Sense of school belonging,SCHOOL_BELONGING,from_confounders,unspecified,associative,student,,,
42. Gil-Madrona et al. (2025). What Are the Best Predictors of STEM Competences in PISA 2018? An Analysis of the Spanish Context Using Data Mining.pdf,What Are the Best Predictors of STEM Competences in PISA 2018? An Analysis of the Spanish Context Using Data Mining,2025,10.1111/ssm.18363,School Science and Mathematics,PISA,2018,1,ESP,Household possessions,SES_COMPOSITE,from_confounders,unspecified,associative,student,,,
42. Gil-Madrona et al. (2025). What Are the Best Predictors of STEM Competences in PISA 2018? An Analysis of the Spanish Context Using Data Mining.pdf,What Are the Best Predictors of STEM Competences in PISA 2018? An Analysis of the Spanish Context Using Data Mining,2025,10.1111/ssm.18363,School Science and Mathematics,PISA,2018,1,ESP,Gender,GENDER,from_confounders,unspecified,associative,student,,,
43. Hu et al. (2025). Predicting adolescents’ environmental action: From individual to national-level factors using an explainable machine learning approach.pdf,Predicting adolescents’ environmental action: From individual to national-level factors using an explainable machine lea,2025,10.1016/j.jenvman.2025.126398,Journal of Environmental Management,PISA,2018,0,,School belonging,SCHOOL_BELONGING,Public-sphere environmental actions (classification),unspecified,predictive,country,3.0,,PISA 2018 (15-year-olds) — public-sphere environmental actions
43. Hu et al. (2025). Predicting adolescents’ environmental action: From individual to national-level factors using an explainable machine learning approach.pdf,Predicting adolescents’ environmental action: From individual to national-level factors using an explainable machine lea,2025,10.1016/j.jenvman.2025.126398,Journal of Environmental Management,PISA,2018,0,,Gender,GENDER,from_confounders,unspecified,associative,student,,,
43. Hu et al. (2025). Predicting adolescents’ environmental action: From individual to national-level factors using an explainable machine learning approach.pdf,Predicting adolescents’ environmental action: From individual to national-level factors using an explainable machine lea,2025,10.1016/j.jenvman.2025.126398,Journal of Environmental Management,PISA,2018,0,,School belonging,SCHOOL_BELONGING,from_confounders,unspecified,associative,student,,,
44. Lezhnina & Kismihók. (2021). Combining statistical and machine learning methods to explore German students  attitudes towards ICT in PISA.pdf,Combining statistical and machine learning methods to explore German students’ attitudes towards ICT,2021,10.1080/1743727X.2021.1963226,International Journal of Research & Method in Education,PISA,2015,2,DEU|DEU,Socioeconomic status (ESCS),SES_COMPOSITE,Mathematics proficiency level (categorical),mathematics_achievement,predictive,student,2.0,+,"PISA 2015 Mathematics proficiency (Levels 1b–6; below Level 2 / Levels 2–4 / Level 5+), Germany"
44. Lezhnina & Kismihók. (2021). Combining statistical and machine learning methods to explore German students  attitudes towards ICT in PISA.pdf,Combining statistical and machine learning methods to explore German students’ attitudes towards ICT,2021,10.1080/1743727X.2021.1963226,International Journal of Research & Method in Education,PISA,2015,2,DEU|DEU,Gender,GENDER,Mathematics proficiency level (categorical),mathematics_achievement,predictive,student,3.0,+,"PISA 2015 Mathematics proficiency (Levels 1b–6; below Level 2 / Levels 2–4 / Level 5+), Germany"
44. Lezhnina & Kismihók. (2021). Combining statistical and machine learning methods to explore German students  attitudes towards ICT in PISA.pdf,Combining statistical and machine learning methods to explore German students’ attitudes towards ICT,2021,10.1080/1743727X.2021.1963226,International Journal of Research & Method in Education,PISA,2015,2,DEU|DEU,Socioeconomic status (ESCS),SES_COMPOSITE,Science proficiency level (categorical),science_achievement,predictive,student,2.0,+,"PISA 2015 Science proficiency (Levels 1b–6; below Level 2 / Levels 2–4 / Level 5+), Germany"
44. Lezhnina & Kismihók. (2021). Combining statistical and machine learning methods to explore German students  attitudes towards ICT in PISA.pdf,Combining statistical and machine learning methods to explore German students’ attitudes towards ICT,2021,10.1080/1743727X.2021.1963226,International Journal of Research & Method in Education,PISA,2015,2,DEU|DEU,Gender,GENDER,Science proficiency level (categorical),science_achievement,predictive,student,3.0,+,"PISA 2015 Science proficiency (Levels 1b–6; below Level 2 / Levels 2–4 / Level 5+), Germany"
44. Lezhnina & Kismihók. (2021). Combining statistical and machine learning methods to explore German students  attitudes towards ICT in PISA.pdf,Combining statistical and machine learning methods to explore German students’ attitudes towards ICT,2021,10.1080/1743727X.2021.1963226,International Journal of Research & Method in Education,PISA,2015,2,DEU|DEU,Gender,GENDER,Mathematical literacy (continuous; PV-based),mathematics_achievement,predictive,student,1.0,,"PISA 2015 Mathematics literacy (10 plausible values), Germany"
44. Lezhnina & Kismihók. (2021). Combining statistical and machine learning methods to explore German students  attitudes towards ICT in PISA.pdf,Combining statistical and machine learning methods to explore German students’ attitudes towards ICT,2021,10.1080/1743727X.2021.1963226,International Journal of Research & Method in Education,PISA,2015,2,DEU|DEU,Socioeconomic status (ESCS),SES_COMPOSITE,Mathematical literacy (continuous; PV-based),mathematics_achievement,predictive,student,2.0,,"PISA 2015 Mathematics literacy (10 plausible values), Germany"
44. Lezhnina & Kismihók. (2021). Combining statistical and machine learning methods to explore German students  attitudes towards ICT in PISA.pdf,Combining statistical and machine learning methods to explore German students’ attitudes towards ICT,2021,10.1080/1743727X.2021.1963226,International Journal of Research & Method in Education,PISA,2015,2,DEU|DEU,Gender,GENDER,Scientific literacy (continuous; PV-based),science_achievement,predictive,student,1.0,,"PISA 2015 Science literacy (10 plausible values), Germany"
44. Lezhnina & Kismihók. (2021). Combining statistical and machine learning methods to explore German students  attitudes towards ICT in PISA.pdf,Combining statistical and machine learning methods to explore German students’ attitudes towards ICT,2021,10.1080/1743727X.2021.1963226,International Journal of Research & Method in Education,PISA,2015,2,DEU|DEU,Socioeconomic status (ESCS),SES_COMPOSITE,Scientific literacy (continuous; PV-based),science_achievement,predictive,student,2.0,,"PISA 2015 Science literacy (10 plausible values), Germany"
44. Lezhnina & Kismihók. (2021). Combining statistical and machine learning methods to explore German students  attitudes towards ICT in PISA.pdf,Combining statistical and machine learning methods to explore German students’ attitudes towards ICT,2021,10.1080/1743727X.2021.1963226,International Journal of Research & Method in Education,PISA,2018,2,DEU|DEU,Gender,GENDER,Mathematical literacy (continuous; PV-based),mathematics_achievement,predictive,student,1.0,+,"PISA 2018 Mathematics literacy (10 plausible values), Germany"
44. Lezhnina & Kismihók. (2021). Combining statistical and machine learning methods to explore German students  attitudes towards ICT in PISA.pdf,Combining statistical and machine learning methods to explore German students’ attitudes towards ICT,2021,10.1080/1743727X.2021.1963226,International Journal of Research & Method in Education,PISA,2018,2,DEU|DEU,Socioeconomic status (ESCS),SES_COMPOSITE,Mathematical literacy (continuous; PV-based),mathematics_achievement,predictive,student,2.0,+,"PISA 2018 Mathematics literacy (10 plausible values), Germany"
44. Lezhnina & Kismihók. (2021). Combining statistical and machine learning methods to explore German students  attitudes towards ICT in PISA.pdf,Combining statistical and machine learning methods to explore German students’ attitudes towards ICT,2021,10.1080/1743727X.2021.1963226,International Journal of Research & Method in Education,PISA,2018,2,DEU|DEU,Gender,GENDER,Scientific literacy (continuous; PV-based),science_achievement,predictive,student,1.0,+,"PISA 2018 Science literacy (10 plausible values), Germany"
44. Lezhnina & Kismihók. (2021). Combining statistical and machine learning methods to explore German students  attitudes towards ICT in PISA.pdf,Combining statistical and machine learning methods to explore German students’ attitudes towards ICT,2021,10.1080/1743727X.2021.1963226,International Journal of Research & Method in Education,PISA,2018,2,DEU|DEU,Socioeconomic status (ESCS),SES_COMPOSITE,Scientific literacy (continuous; PV-based),science_achievement,predictive,student,2.0,+,"PISA 2018 Science literacy (10 plausible values), Germany"
44. Lezhnina & Kismihók. (2021). Combining statistical and machine learning methods to explore German students  attitudes towards ICT in PISA.pdf,Combining statistical and machine learning methods to explore German students’ attitudes towards ICT,2021,10.1080/1743727X.2021.1963226,International Journal of Research & Method in Education,PISA,2015|2018,2,DEU|DEU,Gender,GENDER,from_confounders,unspecified,associative,student,,,
44. Lezhnina & Kismihók. (2021). Combining statistical and machine learning methods to explore German students  attitudes towards ICT in PISA.pdf,Combining statistical and machine learning methods to explore German students’ attitudes towards ICT,2021,10.1080/1743727X.2021.1963226,International Journal of Research & Method in Education,PISA,2015|2018,2,DEU|DEU,Socioeconomic status (ESCS),SES_COMPOSITE,from_confounders,unspecified,associative,student,,,
"46. Peng et al. (2023). Examining ICT attitudes, use and support in blended learning settings for students’ reading performance_ Approaches of artificial intelligence and multilevel model.pdf","Examining ICT attitudes, use and support in blended learning settings for students’ reading performance: Approaches of a",2023,10.1016/j.compedu.2023.104846,Computers & Education,PISA,2018,32,AUS|AUT|BEL|CHL|CZE|DNK|EST|FIN|FRA|DEU,Socioeconomic status (ESCS),SES_COMPOSITE,Reading achievement (Plausible Values),reading_achievement,predictive,student,1.0,,PISA 2018 Reading (15-year-olds; blended test language classes; 32 OECD countries)
"46. Peng et al. (2023). Examining ICT attitudes, use and support in blended learning settings for students’ reading performance_ Approaches of artificial intelligence and multilevel model.pdf","Examining ICT attitudes, use and support in blended learning settings for students’ reading performance: Approaches of a",2023,10.1016/j.compedu.2023.104846,Computers & Education,PISA,2018,32,AUS|AUT|BEL|CHL|CZE|DNK|EST|FIN|FRA|DEU,ICT use at school,ICT_HOME_ACCESS,Reading achievement (Plausible Values),reading_achievement,predictive,student,2.0,,PISA 2018 Reading (15-year-olds; blended test language classes; 32 OECD countries)
"46. Peng et al. (2023). Examining ICT attitudes, use and support in blended learning settings for students’ reading performance_ Approaches of artificial intelligence and multilevel model.pdf","Examining ICT attitudes, use and support in blended learning settings for students’ reading performance: Approaches of a",2023,10.1016/j.compedu.2023.104846,Computers & Education,PISA,2018,32,AUS|AUT|BEL|CHL|CZE|DNK|EST|FIN|FRA|DEU,ICT use outside for schoolwork,ICT_HOME_ACCESS,Reading achievement (Plausible Values),reading_achievement,predictive,student,4.0,,PISA 2018 Reading (15-year-olds; blended test language classes; 32 OECD countries)
"46. Peng et al. (2023). Examining ICT attitudes, use and support in blended learning settings for students’ reading performance_ Approaches of artificial intelligence and multilevel model.pdf","Examining ICT attitudes, use and support in blended learning settings for students’ reading performance: Approaches of a",2023,10.1016/j.compedu.2023.104846,Computers & Education,PISA,2018,32,AUS|AUT|BEL|CHL|CZE|DNK|EST|FIN|FRA|DEU,ICT use outside for entertainment,ICT_HOME_ACCESS,Reading achievement (Plausible Values),reading_achievement,predictive,student,5.0,,PISA 2018 Reading (15-year-olds; blended test language classes; 32 OECD countries)
"46. Peng et al. (2023). Examining ICT attitudes, use and support in blended learning settings for students’ reading performance_ Approaches of artificial intelligence and multilevel model.pdf","Examining ICT attitudes, use and support in blended learning settings for students’ reading performance: Approaches of a",2023,10.1016/j.compedu.2023.104846,Computers & Education,PISA,2018,32,AUS|AUT|BEL|CHL|CZE|DNK|EST|FIN|FRA|DEU,Gender,GENDER,Reading achievement (Plausible Values) — multilevel effects,reading_achievement,predictive,teacher,1.0,,PISA 2018 Reading (15-year-olds; blended test language classes; 32 OECD countries)
"46. Peng et al. (2023). Examining ICT attitudes, use and support in blended learning settings for students’ reading performance_ Approaches of artificial intelligence and multilevel model.pdf","Examining ICT attitudes, use and support in blended learning settings for students’ reading performance: Approaches of a",2023,10.1016/j.compedu.2023.104846,Computers & Education,PISA,2018,32,AUS|AUT|BEL|CHL|CZE|DNK|EST|FIN|FRA|DEU,Socioeconomic status (ESCS),SES_COMPOSITE,Reading achievement (Plausible Values) — multilevel effects,reading_achievement,predictive,teacher,2.0,,PISA 2018 Reading (15-year-olds; blended test language classes; 32 OECD countries)
"46. Peng et al. (2023). Examining ICT attitudes, use and support in blended learning settings for students’ reading performance_ Approaches of artificial intelligence and multilevel model.pdf","Examining ICT attitudes, use and support in blended learning settings for students’ reading performance: Approaches of a",2023,10.1016/j.compedu.2023.104846,Computers & Education,PISA,2018,32,AUS|AUT|BEL|CHL|CZE|DNK|EST|FIN|FRA|DEU,Quality of school ICT resources,ICT_SCHOOL_ACCESS,Reading achievement (Plausible Values) — multilevel effects,reading_achievement,predictive,teacher,5.0,,PISA 2018 Reading (15-year-olds; blended test language classes; 32 OECD countries)
"46. Peng et al. (2023). Examining ICT attitudes, use and support in blended learning settings for students’ reading performance_ Approaches of artificial intelligence and multilevel model.pdf","Examining ICT attitudes, use and support in blended learning settings for students’ reading performance: Approaches of a",2023,10.1016/j.compedu.2023.104846,Computers & Education,PISA,2018,32,AUS|AUT|BEL|CHL|CZE|DNK|EST|FIN|FRA|DEU,Gender,GENDER,from_confounders,unspecified,associative,student,,,
"46. Peng et al. (2023). Examining ICT attitudes, use and support in blended learning settings for students’ reading performance_ Approaches of artificial intelligence and multilevel model.pdf","Examining ICT attitudes, use and support in blended learning settings for students’ reading performance: Approaches of a",2023,10.1016/j.compedu.2023.104846,Computers & Education,PISA,2018,32,AUS|AUT|BEL|CHL|CZE|DNK|EST|FIN|FRA|DEU,Socioeconomic status (ESCS),SES_COMPOSITE,from_confounders,unspecified,associative,student,,,
"46. Peng et al. (2023). Examining ICT attitudes, use and support in blended learning settings for students’ reading performance_ Approaches of artificial intelligence and multilevel model.pdf","Examining ICT attitudes, use and support in blended learning settings for students’ reading performance: Approaches of a",2023,10.1016/j.compedu.2023.104846,Computers & Education,PISA,2018,32,AUS|AUT|BEL|CHL|CZE|DNK|EST|FIN|FRA|DEU,ICT use at school,ICT_HOME_ACCESS,from_confounders,unspecified,associative,student,,,
"46. Peng et al. (2023). Examining ICT attitudes, use and support in blended learning settings for students’ reading performance_ Approaches of artificial intelligence and multilevel model.pdf","Examining ICT attitudes, use and support in blended learning settings for students’ reading performance: Approaches of a",2023,10.1016/j.compedu.2023.104846,Computers & Education,PISA,2018,32,AUS|AUT|BEL|CHL|CZE|DNK|EST|FIN|FRA|DEU,Subject ICT use outside lessons,ICT_HOME_ACCESS,from_confounders,unspecified,associative,student,,,
"46. Peng et al. (2023). Examining ICT attitudes, use and support in blended learning settings for students’ reading performance_ Approaches of artificial intelligence and multilevel model.pdf","Examining ICT attitudes, use and support in blended learning settings for students’ reading performance: Approaches of a",2023,10.1016/j.compedu.2023.104846,Computers & Education,PISA,2018,32,AUS|AUT|BEL|CHL|CZE|DNK|EST|FIN|FRA|DEU,Subject ICT use during lessons,ICT_HOME_ACCESS,from_confounders,unspecified,associative,student,,,
"46. Peng et al. (2023). Examining ICT attitudes, use and support in blended learning settings for students’ reading performance_ Approaches of artificial intelligence and multilevel model.pdf","Examining ICT attitudes, use and support in blended learning settings for students’ reading performance: Approaches of a",2023,10.1016/j.compedu.2023.104846,Computers & Education,PISA,2018,32,AUS|AUT|BEL|CHL|CZE|DNK|EST|FIN|FRA|DEU,ICT use outside for entertainment,ICT_HOME_ACCESS,from_confounders,unspecified,associative,student,,,
"46. Peng et al. (2023). Examining ICT attitudes, use and support in blended learning settings for students’ reading performance_ Approaches of artificial intelligence and multilevel model.pdf","Examining ICT attitudes, use and support in blended learning settings for students’ reading performance: Approaches of a",2023,10.1016/j.compedu.2023.104846,Computers & Education,PISA,2018,32,AUS|AUT|BEL|CHL|CZE|DNK|EST|FIN|FRA|DEU,ICT use outside for schoolwork,ICT_HOME_ACCESS,from_confounders,unspecified,associative,student,,,
"46. Peng et al. (2023). Examining ICT attitudes, use and support in blended learning settings for students’ reading performance_ Approaches of artificial intelligence and multilevel model.pdf","Examining ICT attitudes, use and support in blended learning settings for students’ reading performance: Approaches of a",2023,10.1016/j.compedu.2023.104846,Computers & Education,PISA,2018,32,AUS|AUT|BEL|CHL|CZE|DNK|EST|FIN|FRA|DEU,Quality of school ICT resources,ICT_SCHOOL_ACCESS,from_confounders,unspecified,associative,student,,,
"46. Peng et al. (2023). Examining ICT attitudes, use and support in blended learning settings for students’ reading performance_ Approaches of artificial intelligence and multilevel model.pdf","Examining ICT attitudes, use and support in blended learning settings for students’ reading performance: Approaches of a",2023,10.1016/j.compedu.2023.104846,Computers & Education,PISA,2018,32,AUS|AUT|BEL|CHL|CZE|DNK|EST|FIN|FRA|DEU,School ICT promotion,ICT_SCHOOL_ACCESS,from_confounders,unspecified,associative,student,,,
"47. Haw & King. (2023). Understanding Filipino students’ achievement in PISA_ The roles of personal characteristics, proximal processes, and social contexts.pdf","Understanding Filipino students’ achievement in PISA: The roles of personal characteristics, proximal processes, and soc",2023,10.1007/s11218-023-09773-3,Social Psychology of Education,PISA,2018,1,PHL,Self-concept of reading difficulty,SELF_CONCEPT,Reading achievement (PVs),reading_achievement,predictive,student,1.0,,PISA 2018 Philippines (15-year-olds) — Reading achievement (10 plausible values)
"47. Haw & King. (2023). Understanding Filipino students’ achievement in PISA_ The roles of personal characteristics, proximal processes, and social contexts.pdf","Understanding Filipino students’ achievement in PISA: The roles of personal characteristics, proximal processes, and soc",2023,10.1007/s11218-023-09773-3,Social Psychology of Education,PISA,2018,1,PHL,Socioeconomic status (ESCS),SES_COMPOSITE,Reading achievement (PVs),reading_achievement,predictive,student,3.0,,PISA 2018 Philippines (15-year-olds) — Reading achievement (10 plausible values)
"47. Haw & King. (2023). Understanding Filipino students’ achievement in PISA_ The roles of personal characteristics, proximal processes, and social contexts.pdf","Understanding Filipino students’ achievement in PISA: The roles of personal characteristics, proximal processes, and soc",2023,10.1007/s11218-023-09773-3,Social Psychology of Education,PISA,2018,1,PHL,School belongingness,SCHOOL_BELONGING,Reading achievement (PVs),reading_achievement,predictive,student,5.0,,PISA 2018 Philippines (15-year-olds) — Reading achievement (10 plausible values)
"47. Haw & King. (2023). Understanding Filipino students’ achievement in PISA_ The roles of personal characteristics, proximal processes, and social contexts.pdf","Understanding Filipino students’ achievement in PISA: The roles of personal characteristics, proximal processes, and soc",2023,10.1007/s11218-023-09773-3,Social Psychology of Education,PISA,2018,1,PHL,Self-concept of reading difficulty,SELF_CONCEPT,from_confounders,unspecified,associative,student,,,
"47. Haw & King. (2023). Understanding Filipino students’ achievement in PISA_ The roles of personal characteristics, proximal processes, and social contexts.pdf","Understanding Filipino students’ achievement in PISA: The roles of personal characteristics, proximal processes, and soc",2023,10.1007/s11218-023-09773-3,Social Psychology of Education,PISA,2018,1,PHL,Self-concept of reading competence,SELF_CONCEPT,from_confounders,unspecified,associative,student,,,
"47. Haw & King. (2023). Understanding Filipino students’ achievement in PISA_ The roles of personal characteristics, proximal processes, and social contexts.pdf","Understanding Filipino students’ achievement in PISA: The roles of personal characteristics, proximal processes, and soc",2023,10.1007/s11218-023-09773-3,Social Psychology of Education,PISA,2018,1,PHL,Socioeconomic status (ESCS),SES_COMPOSITE,from_confounders,unspecified,associative,student,,,
"47. Haw & King. (2023). Understanding Filipino students’ achievement in PISA_ The roles of personal characteristics, proximal processes, and social contexts.pdf","Understanding Filipino students’ achievement in PISA: The roles of personal characteristics, proximal processes, and soc",2023,10.1007/s11218-023-09773-3,Social Psychology of Education,PISA,2018,1,PHL,School belongingness,SCHOOL_BELONGING,from_confounders,unspecified,associative,student,,,
"47. Haw & King. (2023). Understanding Filipino students’ achievement in PISA_ The roles of personal characteristics, proximal processes, and social contexts.pdf","Understanding Filipino students’ achievement in PISA: The roles of personal characteristics, proximal processes, and soc",2023,10.1007/s11218-023-09773-3,Social Psychology of Education,PISA,2018,1,PHL,Discriminating school climate,SCHOOL_BELONGING,from_confounders,unspecified,associative,student,,,
"47. Haw & King. (2023). Understanding Filipino students’ achievement in PISA_ The roles of personal characteristics, proximal processes, and social contexts.pdf","Understanding Filipino students’ achievement in PISA: The roles of personal characteristics, proximal processes, and soc",2023,10.1007/s11218-023-09773-3,Social Psychology of Education,PISA,2018,1,PHL,Disciplinary climate,DISCIPLINARY_CLIMATE,from_confounders,unspecified,associative,student,,,
"47. Haw & King. (2023). Understanding Filipino students’ achievement in PISA_ The roles of personal characteristics, proximal processes, and social contexts.pdf","Understanding Filipino students’ achievement in PISA: The roles of personal characteristics, proximal processes, and soc",2023,10.1007/s11218-023-09773-3,Social Psychology of Education,PISA,2018,1,PHL,Meta-cognition: assess credibility,SES_COMPOSITE,from_confounders,unspecified,associative,student,,,
48. Pan & Cutumisu. (2022). Using machine learning to predict UK and Japanese secondary students' life satisfaction in PISA 2018.pdf,Using machine learning to predict UK and Japanese secondary students' life satisfaction in PISA 2018,2024,10.1111/bjep.12657,British Journal of Educational Psychology,PISA,2018,2,GBR|JPN,Motivation to master tasks (WORKMAST),MOTIVATION,Life satisfaction (0–10 scale),unspecified,predictive,student,2.0,+,PISA 2018 (UK) — student questionnaire life satisfaction
48. Pan & Cutumisu. (2022). Using machine learning to predict UK and Japanese secondary students' life satisfaction in PISA 2018.pdf,Using machine learning to predict UK and Japanese secondary students' life satisfaction in PISA 2018,2024,10.1111/bjep.12657,British Journal of Educational Psychology,PISA,2018,2,GBR|JPN,Self-efficacy (RESILIENCE),TEACHER_SELF_EFFICACY_CLS_MGMT,Life satisfaction (0–10 scale),unspecified,predictive,teacher,2.0,+,PISA 2018 (Japan) — student questionnaire life satisfaction
48. Pan & Cutumisu. (2022). Using machine learning to predict UK and Japanese secondary students' life satisfaction in PISA 2018.pdf,Using machine learning to predict UK and Japanese secondary students' life satisfaction in PISA 2018,2024,10.1111/bjep.12657,British Journal of Educational Psychology,PISA,2018,2,GBR|JPN,Gender,GENDER,from_confounders,unspecified,associative,student,,,
48. Pan & Cutumisu. (2022). Using machine learning to predict UK and Japanese secondary students' life satisfaction in PISA 2018.pdf,Using machine learning to predict UK and Japanese secondary students' life satisfaction in PISA 2018,2024,10.1111/bjep.12657,British Journal of Educational Psychology,PISA,2018,2,GBR|JPN,Socioeconomic status (ESCS),SES_COMPOSITE,from_confounders,unspecified,associative,student,,,
48. Pan & Cutumisu. (2022). Using machine learning to predict UK and Japanese secondary students' life satisfaction in PISA 2018.pdf,Using machine learning to predict UK and Japanese secondary students' life satisfaction in PISA 2018,2024,10.1111/bjep.12657,British Journal of Educational Psychology,PISA,2018,2,GBR|JPN,Sense of belonging,SCHOOL_BELONGING,from_confounders,unspecified,associative,student,,,
48. Pan & Cutumisu. (2022). Using machine learning to predict UK and Japanese secondary students' life satisfaction in PISA 2018.pdf,Using machine learning to predict UK and Japanese secondary students' life satisfaction in PISA 2018,2024,10.1111/bjep.12657,British Journal of Educational Psychology,PISA,2018,2,GBR|JPN,Motivation to master tasks,MOTIVATION,from_confounders,unspecified,associative,student,,,
48. Pan & Cutumisu. (2022). Using machine learning to predict UK and Japanese secondary students' life satisfaction in PISA 2018.pdf,Using machine learning to predict UK and Japanese secondary students' life satisfaction in PISA 2018,2024,10.1111/bjep.12657,British Journal of Educational Psychology,PISA,2018,2,GBR|JPN,Self-efficacy,TEACHER_SELF_EFFICACY_CLS_MGMT,from_confounders,unspecified,associative,student,,,
48. Pan & Cutumisu. (2022). Using machine learning to predict UK and Japanese secondary students' life satisfaction in PISA 2018.pdf,Using machine learning to predict UK and Japanese secondary students' life satisfaction in PISA 2018,2024,10.1111/bjep.12657,British Journal of Educational Psychology,PISA,2018,2,GBR|JPN,Disciplinary climate,DISCIPLINARY_CLIMATE,from_confounders,unspecified,associative,student,,,
49. Bernardo et al. (2022). Contrasting Profiles of Low-Performing Mathematics Students in Public and Private Schools in the Philippines: Insights from Machine Learning.pdf,Contrasting Profiles of Low-Performing Mathematics Students in Public and Private Schools in the Philippines: Insights f,2022,10.3390/jintelligence10030061,Journal of Intelligence,PISA,2018,1,PHL,Motivation,MOTIVATION,from_confounders,unspecified,associative,student,,,
49. Bernardo et al. (2022). Contrasting Profiles of Low-Performing Mathematics Students in Public and Private Schools in the Philippines: Insights from Machine Learning.pdf,Contrasting Profiles of Low-Performing Mathematics Students in Public and Private Schools in the Philippines: Insights f,2022,10.3390/jintelligence10030061,Journal of Intelligence,PISA,2018,1,PHL,Proud of accomplishments (self-efficacy),TEACHER_SELF_EFFICACY_CLS_MGMT,from_confounders,unspecified,associative,student,,,
5. Song & Cutumisu. (2024). Using machine learning to predict student science achievement based on science curriculum type in TIMSS 2019.pdf,Using machine learning to predict student science achievement based on science curriculum type in TIMSS 2019,2024,10.1080/09500693.2024.2359099,International Journal of Science Education,TIMSS,2019,73,AFG|ALB|DZA|ARG|AUS|AUT|AZE|BHR|BEL|BWA,Socioeconomic background (SES),SES_COMPOSITE,Science achievement (Plausible Values BSSSCI01–BSSSCI05),science_achievement,predictive,student,1.0,+,TIMSS 2019 Grade 8 Science (44 countries/regions)
5. Song & Cutumisu. (2024). Using machine learning to predict student science achievement based on science curriculum type in TIMSS 2019.pdf,Using machine learning to predict student science achievement based on science curriculum type in TIMSS 2019,2024,10.1080/09500693.2024.2359099,International Journal of Science Education,TIMSS,2019,73,AFG|ALB|DZA|ARG|AUS|AUT|AZE|BHR|BEL|BWA,Instructional time (teachers),INSTRUCTIONAL_TIME,Science achievement (Plausible Values BSSSCI01–BSSSCI05),science_achievement,predictive,student,3.0,+,TIMSS 2019 Grade 8 Science (44 countries/regions)
5. Song & Cutumisu. (2024). Using machine learning to predict student science achievement based on science curriculum type in TIMSS 2019.pdf,Using machine learning to predict student science achievement based on science curriculum type in TIMSS 2019,2024,10.1080/09500693.2024.2359099,International Journal of Science Education,TIMSS,2019,73,AFG|ALB|DZA|ARG|AUS|AUT|AZE|BHR|BEL|BWA,Curriculum type (Integrated vs Separated),CURRICULUM_TYPE,Science achievement (Plausible Values BSSSCI01–BSSSCI05),science_achievement,predictive,student,5.0,+,TIMSS 2019 Grade 8 Science (44 countries/regions)
5. Song & Cutumisu. (2024). Using machine learning to predict student science achievement based on science curriculum type in TIMSS 2019.pdf,Using machine learning to predict student science achievement based on science curriculum type in TIMSS 2019,2024,10.1080/09500693.2024.2359099,International Journal of Science Education,TIMSS,2019,73,AFG|ALB|DZA|ARG|AUS|AUT|AZE|BHR|BEL|BWA,Socioeconomic background (SES),SES_COMPOSITE,from_confounders,unspecified,associative,student,,,
5. Song & Cutumisu. (2024). Using machine learning to predict student science achievement based on science curriculum type in TIMSS 2019.pdf,Using machine learning to predict student science achievement based on science curriculum type in TIMSS 2019,2024,10.1080/09500693.2024.2359099,International Journal of Science Education,TIMSS,2019,73,AFG|ALB|DZA|ARG|AUS|AUT|AZE|BHR|BEL|BWA,Gender,GENDER,from_confounders,unspecified,associative,student,,,
5. Song & Cutumisu. (2024). Using machine learning to predict student science achievement based on science curriculum type in TIMSS 2019.pdf,Using machine learning to predict student science achievement based on science curriculum type in TIMSS 2019,2024,10.1080/09500693.2024.2359099,International Journal of Science Education,TIMSS,2019,73,AFG|ALB|DZA|ARG|AUS|AUT|AZE|BHR|BEL|BWA,Instructional time (principals),INSTRUCTIONAL_TIME,from_confounders,unspecified,associative,student,,,
5. Song & Cutumisu. (2024). Using machine learning to predict student science achievement based on science curriculum type in TIMSS 2019.pdf,Using machine learning to predict student science achievement based on science curriculum type in TIMSS 2019,2024,10.1080/09500693.2024.2359099,International Journal of Science Education,TIMSS,2019,73,AFG|ALB|DZA|ARG|AUS|AUT|AZE|BHR|BEL|BWA,Instructional time (teachers),INSTRUCTIONAL_TIME,from_confounders,unspecified,associative,student,,,
5. Song & Cutumisu. (2024). Using machine learning to predict student science achievement based on science curriculum type in TIMSS 2019.pdf,Using machine learning to predict student science achievement based on science curriculum type in TIMSS 2019,2024,10.1080/09500693.2024.2359099,International Journal of Science Education,TIMSS,2019,73,AFG|ALB|DZA|ARG|AUS|AUT|AZE|BHR|BEL|BWA,Instructional strategy: challenging exercises,SES_COMPOSITE,from_confounders,unspecified,associative,teacher,,,
5. Song & Cutumisu. (2024). Using machine learning to predict student science achievement based on science curriculum type in TIMSS 2019.pdf,Using machine learning to predict student science achievement based on science curriculum type in TIMSS 2019,2024,10.1080/09500693.2024.2359099,International Journal of Science Education,TIMSS,2019,73,AFG|ALB|DZA|ARG|AUS|AUT|AZE|BHR|BEL|BWA,Curriculum type (Integrated vs Separated),CURRICULUM_TYPE,from_confounders,unspecified,associative,student,,,
"50. Rico-Juan et al. (2024). Holistic exploration of reading comprehension skills, technology and socioeconomic factors in Spanish teenagers.pdf","Holistic exploration of reading comprehension skills, technology and socioeconomic factors in Spanish teenagers",2024,10.1016/j.heliyon.2024.e32637,Heliyon,PISA,2018,1,ESP,Gender,GENDER,from_confounders,unspecified,associative,student,,,
"52. Hu et al. (2023). Decoding Contextual Factors Differentiating Adolescents’ High, Average, and Low Digital Reading Performance Through Machine-Learning Methods .pdf","Decoding Contextual Factors Differentiating Adolescents’ High, Average, and Low Digital Reading Performance Through Mach",2023,10.1109/TLT.2023.3281056,IEEE Transactions on Learning Technologies,PISA,2018,1,USA,Socioeconomic status (ESCS),SES_COMPOSITE,High vs low digital reading performance (binary classification using PV1),reading_achievement,predictive,school,1.0,,"PISA 2018 Digital Reading (OECD countries/regions), 15-year-olds"
"52. Hu et al. (2023). Decoding Contextual Factors Differentiating Adolescents’ High, Average, and Low Digital Reading Performance Through Machine-Learning Methods .pdf","Decoding Contextual Factors Differentiating Adolescents’ High, Average, and Low Digital Reading Performance Through Mach",2023,10.1109/TLT.2023.3281056,IEEE Transactions on Learning Technologies,PISA,2018,1,USA,Socioeconomic status (ESCS),SES_COMPOSITE,High vs average digital reading performance (binary classification using PV1),reading_achievement,predictive,student,1.0,,"PISA 2018 Digital Reading (OECD countries/regions), 15-year-olds"
"52. Hu et al. (2023). Decoding Contextual Factors Differentiating Adolescents’ High, Average, and Low Digital Reading Performance Through Machine-Learning Methods .pdf","Decoding Contextual Factors Differentiating Adolescents’ High, Average, and Low Digital Reading Performance Through Mach",2023,10.1109/TLT.2023.3281056,IEEE Transactions on Learning Technologies,PISA,2018,1,USA,Autonomy in ICT use,ICT_HOME_ACCESS,High vs average digital reading performance (binary classification using PV1),reading_achievement,predictive,student,4.0,,"PISA 2018 Digital Reading (OECD countries/regions), 15-year-olds"
"52. Hu et al. (2023). Decoding Contextual Factors Differentiating Adolescents’ High, Average, and Low Digital Reading Performance Through Machine-Learning Methods .pdf","Decoding Contextual Factors Differentiating Adolescents’ High, Average, and Low Digital Reading Performance Through Mach",2023,10.1109/TLT.2023.3281056,IEEE Transactions on Learning Technologies,PISA,2018,1,USA,Interest in ICT use,ICT_HOME_ACCESS,Low vs average digital reading performance (binary classification using PV1),reading_achievement,predictive,student,1.0,-,"PISA 2018 Digital Reading (OECD countries/regions), 15-year-olds"
"52. Hu et al. (2023). Decoding Contextual Factors Differentiating Adolescents’ High, Average, and Low Digital Reading Performance Through Machine-Learning Methods .pdf","Decoding Contextual Factors Differentiating Adolescents’ High, Average, and Low Digital Reading Performance Through Mach",2023,10.1109/TLT.2023.3281056,IEEE Transactions on Learning Technologies,PISA,2018,1,USA,Classroom disciplinary climate,DISCIPLINARY_CLIMATE,Low vs average digital reading performance (binary classification using PV1),reading_achievement,predictive,student,3.0,-,"PISA 2018 Digital Reading (OECD countries/regions), 15-year-olds"
"52. Hu et al. (2023). Decoding Contextual Factors Differentiating Adolescents’ High, Average, and Low Digital Reading Performance Through Machine-Learning Methods .pdf","Decoding Contextual Factors Differentiating Adolescents’ High, Average, and Low Digital Reading Performance Through Mach",2023,10.1109/TLT.2023.3281056,IEEE Transactions on Learning Technologies,PISA,2018,1,USA,Socioeconomic status (ESCS),SES_COMPOSITE,from_confounders,unspecified,associative,student,,,
"52. Hu et al. (2023). Decoding Contextual Factors Differentiating Adolescents’ High, Average, and Low Digital Reading Performance Through Machine-Learning Methods .pdf","Decoding Contextual Factors Differentiating Adolescents’ High, Average, and Low Digital Reading Performance Through Mach",2023,10.1109/TLT.2023.3281056,IEEE Transactions on Learning Technologies,PISA,2018,1,USA,Enjoyment of ICT use,ICT_HOME_ACCESS,from_confounders,unspecified,associative,student,,,
"52. Hu et al. (2023). Decoding Contextual Factors Differentiating Adolescents’ High, Average, and Low Digital Reading Performance Through Machine-Learning Methods .pdf","Decoding Contextual Factors Differentiating Adolescents’ High, Average, and Low Digital Reading Performance Through Mach",2023,10.1109/TLT.2023.3281056,IEEE Transactions on Learning Technologies,PISA,2018,1,USA,Autonomy in ICT use,ICT_HOME_ACCESS,from_confounders,unspecified,associative,student,,,
"52. Hu et al. (2023). Decoding Contextual Factors Differentiating Adolescents’ High, Average, and Low Digital Reading Performance Through Machine-Learning Methods .pdf","Decoding Contextual Factors Differentiating Adolescents’ High, Average, and Low Digital Reading Performance Through Mach",2023,10.1109/TLT.2023.3281056,IEEE Transactions on Learning Technologies,PISA,2018,1,USA,ICT use for social interaction,ICT_HOME_ACCESS,from_confounders,unspecified,associative,student,,,
"52. Hu et al. (2023). Decoding Contextual Factors Differentiating Adolescents’ High, Average, and Low Digital Reading Performance Through Machine-Learning Methods .pdf","Decoding Contextual Factors Differentiating Adolescents’ High, Average, and Low Digital Reading Performance Through Mach",2023,10.1109/TLT.2023.3281056,IEEE Transactions on Learning Technologies,PISA,2018,1,USA,Classroom disciplinary climate,DISCIPLINARY_CLIMATE,from_confounders,unspecified,associative,student,,,
"52. Hu et al. (2023). Decoding Contextual Factors Differentiating Adolescents’ High, Average, and Low Digital Reading Performance Through Machine-Learning Methods .pdf","Decoding Contextual Factors Differentiating Adolescents’ High, Average, and Low Digital Reading Performance Through Mach",2023,10.1109/TLT.2023.3281056,IEEE Transactions on Learning Technologies,PISA,2018,1,USA,Interest in ICT use,ICT_HOME_ACCESS,from_confounders,unspecified,associative,student,,,
"52. Hu et al. (2023). Decoding Contextual Factors Differentiating Adolescents’ High, Average, and Low Digital Reading Performance Through Machine-Learning Methods .pdf","Decoding Contextual Factors Differentiating Adolescents’ High, Average, and Low Digital Reading Performance Through Mach",2023,10.1109/TLT.2023.3281056,IEEE Transactions on Learning Technologies,PISA,2018,1,USA,ICT use outside school for work,ICT_HOME_ACCESS,from_confounders,unspecified,associative,student,,,
"52. Hu et al. (2023). Decoding Contextual Factors Differentiating Adolescents’ High, Average, and Low Digital Reading Performance Through Machine-Learning Methods .pdf","Decoding Contextual Factors Differentiating Adolescents’ High, Average, and Low Digital Reading Performance Through Mach",2023,10.1109/TLT.2023.3281056,IEEE Transactions on Learning Technologies,PISA,2018,1,USA,ICT use at school,ICT_HOME_ACCESS,from_confounders,unspecified,associative,student,,,
53. Tin et al. (2024). Educational Big Data Mining: Comparison of Multiple Machine Learning Algorithms in Predictive Modelling of Student Academic Performance.pdf,Educational Big Data Mining: Comparison of Multiple Machine Learning Algorithms in Predictive Modelling of Student Acade,2024,10.1007/s11165-019-9835-y,International Journal of Advanced Computer Science and Applications (IJACSA),PISA,2018,0,,Gender,GENDER,from_confounders,unspecified,associative,student,,,
53. Tin et al. (2024). Educational Big Data Mining: Comparison of Multiple Machine Learning Algorithms in Predictive Modelling of Student Academic Performance.pdf,Educational Big Data Mining: Comparison of Multiple Machine Learning Algorithms in Predictive Modelling of Student Acade,2024,10.1007/s11165-019-9835-y,International Journal of Advanced Computer Science and Applications (IJACSA),PISA,2018,0,,Parental education/occupation indicator,PARENTAL_EDUCATION,from_confounders,unspecified,associative,student,,,
53. Tin et al. (2024). Educational Big Data Mining: Comparison of Multiple Machine Learning Algorithms in Predictive Modelling of Student Academic Performance.pdf,Educational Big Data Mining: Comparison of Multiple Machine Learning Algorithms in Predictive Modelling of Student Acade,2024,10.1007/s11165-019-9835-y,International Journal of Advanced Computer Science and Applications (IJACSA),PISA,2018,0,,Number of books at home,HOME_RESOURCES,from_confounders,unspecified,associative,student,,,
54. Soares. (2024). Combining Statistical and Machine Learning Methods to Identify Predictors of Brazilian Students’ Pro ciency in PISA 2018.pdf,Combining Statistical and Machine Learning Methods to Identify Predictors of Brazilian Students’ Proficiency in PISA 201,2024,10.1177/07342829241262861,Journal of Psychoeducational Assessment,PISA,2018,1,BRA,Metacognition: Assess credibility subscale,SES_COMPOSITE,Mathematics proficiency (Low vs Proficient),mathematics_achievement,predictive,student,3.0,+,"PISA 2018 Mathematics (Brazil, 15-year-olds)"
54. Soares. (2024). Combining Statistical and Machine Learning Methods to Identify Predictors of Brazilian Students’ Pro ciency in PISA 2018.pdf,Combining Statistical and Machine Learning Methods to Identify Predictors of Brazilian Students’ Proficiency in PISA 201,2024,10.1177/07342829241262861,Journal of Psychoeducational Assessment,PISA,2018,1,BRA,Metacognition: Assess credibility subscale,SES_COMPOSITE,Science proficiency (Low vs Proficient),science_achievement,predictive,student,1.0,,"PISA 2018 Science (Brazil, 15-year-olds)"
54. Soares. (2024). Combining Statistical and Machine Learning Methods to Identify Predictors of Brazilian Students’ Pro ciency in PISA 2018.pdf,Combining Statistical and Machine Learning Methods to Identify Predictors of Brazilian Students’ Proficiency in PISA 201,2024,10.1177/07342829241262861,Journal of Psychoeducational Assessment,PISA,2018,1,BRA,Metacognition: Assess credibility subscale,SES_COMPOSITE,Reading proficiency (Low vs Proficient),reading_achievement,predictive,student,1.0,+,"PISA 2018 Reading (Brazil, 15-year-olds)"
54. Soares. (2024). Combining Statistical and Machine Learning Methods to Identify Predictors of Brazilian Students’ Pro ciency in PISA 2018.pdf,Combining Statistical and Machine Learning Methods to Identify Predictors of Brazilian Students’ Proficiency in PISA 201,2024,10.1177/07342829241262861,Journal of Psychoeducational Assessment,PISA,2018,1,BRA,Gender,GENDER,from_confounders,unspecified,associative,student,,,
54. Soares. (2024). Combining Statistical and Machine Learning Methods to Identify Predictors of Brazilian Students’ Pro ciency in PISA 2018.pdf,Combining Statistical and Machine Learning Methods to Identify Predictors of Brazilian Students’ Proficiency in PISA 201,2024,10.1177/07342829241262861,Journal of Psychoeducational Assessment,PISA,2018,1,BRA,Household possessions,SES_COMPOSITE,from_confounders,unspecified,associative,student,,,
54. Soares. (2024). Combining Statistical and Machine Learning Methods to Identify Predictors of Brazilian Students’ Pro ciency in PISA 2018.pdf,Combining Statistical and Machine Learning Methods to Identify Predictors of Brazilian Students’ Proficiency in PISA 201,2024,10.1177/07342829241262861,Journal of Psychoeducational Assessment,PISA,2018,1,BRA,Skipped school classes,SES_COMPOSITE,from_confounders,unspecified,associative,student,,,
54. Soares. (2024). Combining Statistical and Machine Learning Methods to Identify Predictors of Brazilian Students’ Pro ciency in PISA 2018.pdf,Combining Statistical and Machine Learning Methods to Identify Predictors of Brazilian Students’ Proficiency in PISA 201,2024,10.1177/07342829241262861,Journal of Psychoeducational Assessment,PISA,2018,1,BRA,ICT use outside school (leisure),ICT_HOME_ACCESS,from_confounders,unspecified,associative,student,,,
54. Soares. (2024). Combining Statistical and Machine Learning Methods to Identify Predictors of Brazilian Students’ Pro ciency in PISA 2018.pdf,Combining Statistical and Machine Learning Methods to Identify Predictors of Brazilian Students’ Proficiency in PISA 201,2024,10.1177/07342829241262861,Journal of Psychoeducational Assessment,PISA,2018,1,BRA,ICT use outside school (learning),ICT_HOME_ACCESS,from_confounders,unspecified,associative,student,,,
54. Soares. (2024). Combining Statistical and Machine Learning Methods to Identify Predictors of Brazilian Students’ Pro ciency in PISA 2018.pdf,Combining Statistical and Machine Learning Methods to Identify Predictors of Brazilian Students’ Proficiency in PISA 201,2024,10.1177/07342829241262861,Journal of Psychoeducational Assessment,PISA,2018,1,BRA,ICT use at school,ICT_HOME_ACCESS,from_confounders,unspecified,associative,student,,,
54. Soares. (2024). Combining Statistical and Machine Learning Methods to Identify Predictors of Brazilian Students’ Pro ciency in PISA 2018.pdf,Combining Statistical and Machine Learning Methods to Identify Predictors of Brazilian Students’ Proficiency in PISA 201,2024,10.1177/07342829241262861,Journal of Psychoeducational Assessment,PISA,2018,1,BRA,Disciplinary climate,DISCIPLINARY_CLIMATE,from_confounders,unspecified,associative,student,,,
54. Soares. (2024). Combining Statistical and Machine Learning Methods to Identify Predictors of Brazilian Students’ Pro ciency in PISA 2018.pdf,Combining Statistical and Machine Learning Methods to Identify Predictors of Brazilian Students’ Proficiency in PISA 201,2024,10.1177/07342829241262861,Journal of Psychoeducational Assessment,PISA,2018,1,BRA,Sense of belonging to school,SCHOOL_BELONGING,from_confounders,unspecified,associative,student,,,
55. Ramazan et al. (2023). Students’ 2018 PISA reading self-concept: Identifying predictors and examining model generalizability for emergent bilinguals.pdf,Students’ 2018 PISA reading self-concept: Identifying predictors and examining model generalizability for emergent bilin,2023,10.1016/j.jsp.2023.101254,Journal of School Psychology,PISA,2018,1,USA,Assessments for retention/promotion,SES_COMPOSITE,from_confounders,unspecified,associative,student,,,
55. Ramazan et al. (2023). Students’ 2018 PISA reading self-concept: Identifying predictors and examining model generalizability for emergent bilinguals.pdf,Students’ 2018 PISA reading self-concept: Identifying predictors and examining model generalizability for emergent bilin,2023,10.1016/j.jsp.2023.101254,Journal of School Psychology,PISA,2018,1,USA,ICT use,ICT_HOME_ACCESS,from_confounders,unspecified,associative,student,,,
56. Wang et al. (2022). What explains Macau students’ achievement? An integrative perspective using a machine learning approach.pdf,What explains Macau students’ achievement? An integrative perspective using a machine learning approach,2023,10.1080/02103702.2022.2149120,Journal for the Study of Education and Development / Infancia y Aprendizaje,PISA,2018,1,MAC,Self-concept: reading competence,SELF_CONCEPT,Reading achievement (Plausible Values),reading_achievement,predictive,student,3.0,-,PISA 2018 Reading (Macau; Chinese test-language subgroup)
56. Wang et al. (2022). What explains Macau students’ achievement? An integrative perspective using a machine learning approach.pdf,What explains Macau students’ achievement? An integrative perspective using a machine learning approach,2023,10.1080/02103702.2022.2149120,Journal for the Study of Education and Development / Infancia y Aprendizaje,PISA,2018,1,MAC,Socioeconomic status (ESCS),SES_COMPOSITE,from_confounders,unspecified,associative,student,,,
56. Wang et al. (2022). What explains Macau students’ achievement? An integrative perspective using a machine learning approach.pdf,What explains Macau students’ achievement? An integrative perspective using a machine learning approach,2023,10.1080/02103702.2022.2149120,Journal for the Study of Education and Development / Infancia y Aprendizaje,PISA,2018,1,MAC,gender,GENDER,from_confounders,unspecified,associative,student,,,
56. Wang et al. (2022). What explains Macau students’ achievement? An integrative perspective using a machine learning approach.pdf,What explains Macau students’ achievement? An integrative perspective using a machine learning approach,2023,10.1080/02103702.2022.2149120,Journal for the Study of Education and Development / Infancia y Aprendizaje,PISA,2018,1,MAC,Immigrant status,IMMIGRANT_STATUS,from_confounders,unspecified,associative,student,,,
56. Wang et al. (2022). What explains Macau students’ achievement? An integrative perspective using a machine learning approach.pdf,What explains Macau students’ achievement? An integrative perspective using a machine learning approach,2023,10.1080/02103702.2022.2149120,Journal for the Study of Education and Development / Infancia y Aprendizaje,PISA,2018,1,MAC,Discriminating school climate,SCHOOL_BELONGING,from_confounders,unspecified,associative,student,,,
56. Wang et al. (2022). What explains Macau students’ achievement? An integrative perspective using a machine learning approach.pdf,What explains Macau students’ achievement? An integrative perspective using a machine learning approach,2023,10.1080/02103702.2022.2149120,Journal for the Study of Education and Development / Infancia y Aprendizaje,PISA,2018,1,MAC,Disciplinary climate,DISCIPLINARY_CLIMATE,from_confounders,unspecified,associative,student,,,
56. Wang et al. (2022). What explains Macau students’ achievement? An integrative perspective using a machine learning approach.pdf,What explains Macau students’ achievement? An integrative perspective using a machine learning approach,2023,10.1080/02103702.2022.2149120,Journal for the Study of Education and Development / Infancia y Aprendizaje,PISA,2018,1,MAC,Sense of school belonging,SCHOOL_BELONGING,from_confounders,unspecified,associative,student,,,
56. Wang et al. (2022). What explains Macau students’ achievement? An integrative perspective using a machine learning approach.pdf,What explains Macau students’ achievement? An integrative perspective using a machine learning approach,2023,10.1080/02103702.2022.2149120,Journal for the Study of Education and Development / Infancia y Aprendizaje,PISA,2018,1,MAC,Home educational resources,HOME_RESOURCES,from_confounders,unspecified,associative,student,,,
56. Wang et al. (2022). What explains Macau students’ achievement? An integrative perspective using a machine learning approach.pdf,What explains Macau students’ achievement? An integrative perspective using a machine learning approach,2023,10.1080/02103702.2022.2149120,Journal for the Study of Education and Development / Infancia y Aprendizaje,PISA,2018,1,MAC,Self-concept: reading competence,SELF_CONCEPT,from_confounders,unspecified,associative,student,,,
57. Lee. (2022). What drives the performance of Chinese urban and rural secondary schools: A machine learning approach using PISA 2018.pdf,What drives the performance of Chinese urban and rural secondary schools: A machine learning approach using PISA 2018,2022,10.1016/j.cities.2022.103609,Cities,PISA,2018,1,CHN,Meta-cognition: assess credibility (METASPAM),SES_COMPOSITE,School-level academic performance (average test scores),mathematics_achievement,predictive,school,1.0,,"PISA 2018 (China) — school-level average achievement (mathematics, science, reading)"
57. Lee. (2022). What drives the performance of Chinese urban and rural secondary schools: A machine learning approach using PISA 2018.pdf,What drives the performance of Chinese urban and rural secondary schools: A machine learning approach using PISA 2018,2022,10.1016/j.cities.2022.103609,Cities,PISA,2018,1,CHN,Socioeconomic status (ESCS),SES_COMPOSITE,School-level academic performance (average test scores),mathematics_achievement,predictive,school,3.0,,"PISA 2018 (China) — school-level average achievement (mathematics, science, reading)"
57. Lee. (2022). What drives the performance of Chinese urban and rural secondary schools: A machine learning approach using PISA 2018.pdf,What drives the performance of Chinese urban and rural secondary schools: A machine learning approach using PISA 2018,2022,10.1016/j.cities.2022.103609,Cities,PISA,2018,1,CHN,Socioeconomic status (ESCS),SES_COMPOSITE,from_confounders,unspecified,associative,student,,,
57. Lee. (2022). What drives the performance of Chinese urban and rural secondary schools: A machine learning approach using PISA 2018.pdf,What drives the performance of Chinese urban and rural secondary schools: A machine learning approach using PISA 2018,2022,10.1016/j.cities.2022.103609,Cities,PISA,2018,1,CHN,School assessment use,SES_COMPOSITE,from_confounders,unspecified,associative,student,,,
57. Lee. (2022). What drives the performance of Chinese urban and rural secondary schools: A machine learning approach using PISA 2018.pdf,What drives the performance of Chinese urban and rural secondary schools: A machine learning approach using PISA 2018,2022,10.1016/j.cities.2022.103609,Cities,PISA,2018,1,CHN,Ability grouping across classes,SES_COMPOSITE,from_confounders,unspecified,associative,student,,,
57. Lee. (2022). What drives the performance of Chinese urban and rural secondary schools: A machine learning approach using PISA 2018.pdf,What drives the performance of Chinese urban and rural secondary schools: A machine learning approach using PISA 2018,2022,10.1016/j.cities.2022.103609,Cities,PISA,2018,1,CHN,Ability grouping within classes,SES_COMPOSITE,from_confounders,unspecified,associative,student,,,
57. Lee. (2022). What drives the performance of Chinese urban and rural secondary schools: A machine learning approach using PISA 2018.pdf,What drives the performance of Chinese urban and rural secondary schools: A machine learning approach using PISA 2018,2022,10.1016/j.cities.2022.103609,Cities,PISA,2018,1,CHN,Meta-cognition: assess credibility,SES_COMPOSITE,from_confounders,unspecified,associative,student,,,
"59. Schwerter et al. (2025). Metropolitan, Urban, and Rural Regions: How Regional Differences Affect Elementary School Students in Germany.pdf","Metropolitan, Urban, and Rural Regions: How Regional Differences Affect Elementary School Students in Germany",2025,10.1177/23328584251331453,,PIRLS,2016,1,DEU,Gender,GENDER,from_confounders,unspecified,associative,student,,,
"59. Schwerter et al. (2025). Metropolitan, Urban, and Rural Regions: How Regional Differences Affect Elementary School Students in Germany.pdf","Metropolitan, Urban, and Rural Regions: How Regional Differences Affect Elementary School Students in Germany",2025,10.1177/23328584251331453,,PIRLS,2016,1,DEU,Immigrant background,IMMIGRANT_STATUS,from_confounders,unspecified,associative,student,,,
"59. Schwerter et al. (2025). Metropolitan, Urban, and Rural Regions: How Regional Differences Affect Elementary School Students in Germany.pdf","Metropolitan, Urban, and Rural Regions: How Regional Differences Affect Elementary School Students in Germany",2025,10.1177/23328584251331453,,PIRLS,2016,1,DEU,Books at home,HOME_RESOURCES,from_confounders,unspecified,associative,student,,,
"59. Schwerter et al. (2025). Metropolitan, Urban, and Rural Regions: How Regional Differences Affect Elementary School Students in Germany.pdf","Metropolitan, Urban, and Rural Regions: How Regional Differences Affect Elementary School Students in Germany",2025,10.1177/23328584251331453,,PIRLS,2016,1,DEU,Parental education,PARENTAL_EDUCATION,from_confounders,unspecified,associative,student,,,
"59. Schwerter et al. (2025). Metropolitan, Urban, and Rural Regions: How Regional Differences Affect Elementary School Students in Germany.pdf","Metropolitan, Urban, and Rural Regions: How Regional Differences Affect Elementary School Students in Germany",2025,10.1177/23328584251331453,,PIRLS,2016,1,DEU,Reading self-concept,SELF_CONCEPT,from_confounders,unspecified,associative,student,,,
"59. Schwerter et al. (2025). Metropolitan, Urban, and Rural Regions: How Regional Differences Affect Elementary School Students in Germany.pdf","Metropolitan, Urban, and Rural Regions: How Regional Differences Affect Elementary School Students in Germany",2025,10.1177/23328584251331453,,PIRLS,2016,1,DEU,Perceived classroom management,DISCIPLINARY_CLIMATE,from_confounders,unspecified,associative,teacher,,,
"59. Schwerter et al. (2025). Metropolitan, Urban, and Rural Regions: How Regional Differences Affect Elementary School Students in Germany.pdf","Metropolitan, Urban, and Rural Regions: How Regional Differences Affect Elementary School Students in Germany",2025,10.1177/23328584251331453,,PIRLS,2016,1,DEU,Immigration/refugee composition,IMMIGRANT_STATUS,from_confounders,unspecified,associative,student,,,
6. Elouafi. (2025). Uncovering Key Factors of Student Performance in Math_ An Explainable Deep Learning Approach Using TIMSS 2019 Data.pdf,Uncovering Key Factors of Student Performance in Math: An Explainable Deep Learning Approach Using TIMSS2019 Data,2025,10.3390/info16060480,Information,TIMSS,2019,1,MAR,Teachers give challenging exercises,SES_COMPOSITE,Mathematics performance (binary from PV tiers),mathematics_achievement,predictive,teacher,3.0,,TIMSS 2019 Grade 8 Mathematics (Morocco subset)
6. Elouafi. (2025). Uncovering Key Factors of Student Performance in Math_ An Explainable Deep Learning Approach Using TIMSS 2019 Data.pdf,Uncovering Key Factors of Student Performance in Math: An Explainable Deep Learning Approach Using TIMSS2019 Data,2025,10.3390/info16060480,Information,TIMSS,2019,1,MAR,Teacher professional development frequency,EFFECTIVE_PD,Mathematics performance (binary from PV tiers),mathematics_achievement,predictive,teacher,5.0,,TIMSS 2019 Grade 8 Mathematics (Morocco subset)
6. Elouafi. (2025). Uncovering Key Factors of Student Performance in Math_ An Explainable Deep Learning Approach Using TIMSS 2019 Data.pdf,Uncovering Key Factors of Student Performance in Math: An Explainable Deep Learning Approach Using TIMSS2019 Data,2025,10.3390/info16060480,Information,TIMSS,2019,1,MAR,Sense of belonging at school,SCHOOL_BELONGING,from_confounders,unspecified,associative,student,,,
6. Elouafi. (2025). Uncovering Key Factors of Student Performance in Math_ An Explainable Deep Learning Approach Using TIMSS 2019 Data.pdf,Uncovering Key Factors of Student Performance in Math: An Explainable Deep Learning Approach Using TIMSS2019 Data,2025,10.3390/info16060480,Information,TIMSS,2019,1,MAR,Teacher professional development frequency,EFFECTIVE_PD,from_confounders,unspecified,associative,teacher,,,
6. Elouafi. (2025). Uncovering Key Factors of Student Performance in Math_ An Explainable Deep Learning Approach Using TIMSS 2019 Data.pdf,Uncovering Key Factors of Student Performance in Math: An Explainable Deep Learning Approach Using TIMSS2019 Data,2025,10.3390/info16060480,Information,TIMSS,2019,1,MAR,Student sex,GENDER,from_confounders,unspecified,associative,student,,,
6. Elouafi. (2025). Uncovering Key Factors of Student Performance in Math_ An Explainable Deep Learning Approach Using TIMSS 2019 Data.pdf,Uncovering Key Factors of Student Performance in Math: An Explainable Deep Learning Approach Using TIMSS2019 Data,2025,10.3390/info16060480,Information,TIMSS,2019,1,MAR,Teachers give challenging exercises,SES_COMPOSITE,from_confounders,unspecified,associative,teacher,,,
6. Elouafi. (2025). Uncovering Key Factors of Student Performance in Math_ An Explainable Deep Learning Approach Using TIMSS 2019 Data.pdf,Uncovering Key Factors of Student Performance in Math: An Explainable Deep Learning Approach Using TIMSS2019 Data,2025,10.3390/info16060480,Information,TIMSS,2019,1,MAR,PD focused on math assessment,SES_COMPOSITE,from_confounders,unspecified,associative,teacher,,,
6. Elouafi. (2025). Uncovering Key Factors of Student Performance in Math_ An Explainable Deep Learning Approach Using TIMSS 2019 Data.pdf,Uncovering Key Factors of Student Performance in Math: An Explainable Deep Learning Approach Using TIMSS2019 Data,2025,10.3390/info16060480,Information,TIMSS,2019,1,MAR,Curriculum coverage: probability compound events,CURRICULUM_TYPE,from_confounders,unspecified,associative,student,,,
6. Elouafi. (2025). Uncovering Key Factors of Student Performance in Math_ An Explainable Deep Learning Approach Using TIMSS 2019 Data.pdf,Uncovering Key Factors of Student Performance in Math: An Explainable Deep Learning Approach Using TIMSS2019 Data,2025,10.3390/info16060480,Information,TIMSS,2019,1,MAR,PD focus: assessment (alt),SES_COMPOSITE,from_confounders,unspecified,associative,teacher,,,
6. Elouafi. (2025). Uncovering Key Factors of Student Performance in Math_ An Explainable Deep Learning Approach Using TIMSS 2019 Data.pdf,Uncovering Key Factors of Student Performance in Math: An Explainable Deep Learning Approach Using TIMSS2019 Data,2025,10.3390/info16060480,Information,TIMSS,2019,1,MAR,Professional development focused on assessment,SES_COMPOSITE,from_confounders,unspecified,associative,teacher,,,
6. Elouafi. (2025). Uncovering Key Factors of Student Performance in Math_ An Explainable Deep Learning Approach Using TIMSS 2019 Data.pdf,Uncovering Key Factors of Student Performance in Math: An Explainable Deep Learning Approach Using TIMSS2019 Data,2025,10.3390/info16060480,Information,TIMSS,2019,1,MAR,Professional development focus: student needs,EFFECTIVE_PD,from_confounders,unspecified,associative,teacher,,,
60. Bozkuş. (2025). Predictors of reading performance of fourth-grade Turkish students.pdf,Predictors of reading performance of fourth-grade Turkish students,2025,10.19128/turje.1431545,Turkish Journal of Education,PIRLS,2021,1,TUR,Short regular written assessments,SES_COMPOSITE,from_confounders,unspecified,associative,teacher,,,
60. Bozkuş. (2025). Predictors of reading performance of fourth-grade Turkish students.pdf,Predictors of reading performance of fourth-grade Turkish students,2025,10.19128/turje.1431545,Turkish Journal of Education,PIRLS,2021,1,TUR,Professional development in reading,EFFECTIVE_PD,from_confounders,unspecified,associative,teacher,,,
61. Wang et al. (2022). Beating the odds: Identifying the top predictors of resilience among Hong Kong students.pdf,Beating the odds: Identifying the top predictors of resilience among Hong Kong students,2022,10.1007/s12187-022-09939-z,Child Indicators Research,PISA,2018,1,HKG,Metacognition: assess credibility,SES_COMPOSITE,Academic resilience (binary: resilient vs non-resilient),reading_achievement,predictive,teacher,1.0,-,PISA 2018 Reading (Hong Kong; ESCS bottom quartile; age 15)
61. Wang et al. (2022). Beating the odds: Identifying the top predictors of resilience among Hong Kong students.pdf,Beating the odds: Identifying the top predictors of resilience among Hong Kong students,2022,10.1007/s12187-022-09939-z,Child Indicators Research,PISA,2018,1,HKG,Sense of belonging to school,SCHOOL_BELONGING,Academic resilience (binary: resilient vs non-resilient),reading_achievement,predictive,teacher,5.0,-,PISA 2018 Reading (Hong Kong; ESCS bottom quartile; age 15)
61. Wang et al. (2022). Beating the odds: Identifying the top predictors of resilience among Hong Kong students.pdf,Beating the odds: Identifying the top predictors of resilience among Hong Kong students,2022,10.1007/s12187-022-09939-z,Child Indicators Research,PISA,2018,1,HKG,Reading self-concept (competence),SELF_CONCEPT,from_confounders,unspecified,associative,student,,,
61. Wang et al. (2022). Beating the odds: Identifying the top predictors of resilience among Hong Kong students.pdf,Beating the odds: Identifying the top predictors of resilience among Hong Kong students,2022,10.1007/s12187-022-09939-z,Child Indicators Research,PISA,2018,1,HKG,Reading self-concept (difficulty),SELF_CONCEPT,from_confounders,unspecified,associative,student,,,
61. Wang et al. (2022). Beating the odds: Identifying the top predictors of resilience among Hong Kong students.pdf,Beating the odds: Identifying the top predictors of resilience among Hong Kong students,2022,10.1007/s12187-022-09939-z,Child Indicators Research,PISA,2018,1,HKG,Self-efficacy (reading tasks),TEACHER_SELF_EFFICACY_CLS_MGMT,from_confounders,unspecified,associative,student,,,
61. Wang et al. (2022). Beating the odds: Identifying the top predictors of resilience among Hong Kong students.pdf,Beating the odds: Identifying the top predictors of resilience among Hong Kong students,2022,10.1007/s12187-022-09939-z,Child Indicators Research,PISA,2018,1,HKG,Discriminating school climate,SCHOOL_BELONGING,from_confounders,unspecified,associative,student,,,
61. Wang et al. (2022). Beating the odds: Identifying the top predictors of resilience among Hong Kong students.pdf,Beating the odds: Identifying the top predictors of resilience among Hong Kong students,2022,10.1007/s12187-022-09939-z,Child Indicators Research,PISA,2018,1,HKG,Disciplinary climate in lessons,DISCIPLINARY_CLIMATE,from_confounders,unspecified,associative,student,,,
61. Wang et al. (2022). Beating the odds: Identifying the top predictors of resilience among Hong Kong students.pdf,Beating the odds: Identifying the top predictors of resilience among Hong Kong students,2022,10.1007/s12187-022-09939-z,Child Indicators Research,PISA,2018,1,HKG,Sense of belonging to school,SCHOOL_BELONGING,from_confounders,unspecified,associative,student,,,
62. Wang et al. (2022). Understanding Chinese Students’ Well‑Being: A Machine Learning Study.pdf,Understanding Chinese Students' Well‑Being: A Machine Learning Study,2022,10.1007/s12187-022-09997-3,Child Indicators Research,PISA,2018,1,CHN,Sense of school belonging,SCHOOL_BELONGING,Positive affect (well-being dimension),unspecified,predictive,student,1.0,+,"PISA 2018 (China) well-being questionnaire, ages 15 (Beijing, Shanghai, Jiangsu, Zhejiang)"
62. Wang et al. (2022). Understanding Chinese Students’ Well‑Being: A Machine Learning Study.pdf,Understanding Chinese Students' Well‑Being: A Machine Learning Study,2022,10.1007/s12187-022-09997-3,Child Indicators Research,PISA,2018,1,CHN,Self-concept of reading: competence,SELF_CONCEPT,Positive affect (well-being dimension),unspecified,predictive,student,3.0,+,"PISA 2018 (China) well-being questionnaire, ages 15 (Beijing, Shanghai, Jiangsu, Zhejiang)"
62. Wang et al. (2022). Understanding Chinese Students’ Well‑Being: A Machine Learning Study.pdf,Understanding Chinese Students' Well‑Being: A Machine Learning Study,2022,10.1007/s12187-022-09997-3,Child Indicators Research,PISA,2018,1,CHN,Sense of school belonging,SCHOOL_BELONGING,Negative affect (well-being dimension),unspecified,predictive,student,1.0,-,"PISA 2018 (China) well-being questionnaire, ages 15 (Beijing, Shanghai, Jiangsu, Zhejiang)"
62. Wang et al. (2022). Understanding Chinese Students’ Well‑Being: A Machine Learning Study.pdf,Understanding Chinese Students' Well‑Being: A Machine Learning Study,2022,10.1007/s12187-022-09997-3,Child Indicators Research,PISA,2018,1,CHN,Socioeconomic status (ESCS),SES_COMPOSITE,Negative affect (well-being dimension),unspecified,predictive,student,3.0,-,"PISA 2018 (China) well-being questionnaire, ages 15 (Beijing, Shanghai, Jiangsu, Zhejiang)"
62. Wang et al. (2022). Understanding Chinese Students’ Well‑Being: A Machine Learning Study.pdf,Understanding Chinese Students' Well‑Being: A Machine Learning Study,2022,10.1007/s12187-022-09997-3,Child Indicators Research,PISA,2018,1,CHN,Sense of school belonging,SCHOOL_BELONGING,Life satisfaction (well-being dimension),unspecified,predictive,student,4.0,,"PISA 2018 (China) well-being questionnaire, ages 15 (Beijing, Shanghai, Jiangsu, Zhejiang)"
62. Wang et al. (2022). Understanding Chinese Students’ Well‑Being: A Machine Learning Study.pdf,Understanding Chinese Students' Well‑Being: A Machine Learning Study,2022,10.1007/s12187-022-09997-3,Child Indicators Research,PISA,2018,1,CHN,Sense of school belonging,SCHOOL_BELONGING,Eudaimonic well-being (meaning in life),unspecified,predictive,student,5.0,,"PISA 2018 (China) well-being questionnaire, ages 15 (Beijing, Shanghai, Jiangsu, Zhejiang)"
62. Wang et al. (2022). Understanding Chinese Students’ Well‑Being: A Machine Learning Study.pdf,Understanding Chinese Students' Well‑Being: A Machine Learning Study,2022,10.1007/s12187-022-09997-3,Child Indicators Research,PISA,2018,1,CHN,Gender,GENDER,from_confounders,unspecified,associative,student,,,
62. Wang et al. (2022). Understanding Chinese Students’ Well‑Being: A Machine Learning Study.pdf,Understanding Chinese Students' Well‑Being: A Machine Learning Study,2022,10.1007/s12187-022-09997-3,Child Indicators Research,PISA,2018,1,CHN,Immigration status,IMMIGRANT_STATUS,from_confounders,unspecified,associative,student,,,
62. Wang et al. (2022). Understanding Chinese Students’ Well‑Being: A Machine Learning Study.pdf,Understanding Chinese Students' Well‑Being: A Machine Learning Study,2022,10.1007/s12187-022-09997-3,Child Indicators Research,PISA,2018,1,CHN,Socioeconomic status (ESCS),SES_COMPOSITE,from_confounders,unspecified,associative,student,,,
62. Wang et al. (2022). Understanding Chinese Students’ Well‑Being: A Machine Learning Study.pdf,Understanding Chinese Students' Well‑Being: A Machine Learning Study,2022,10.1007/s12187-022-09997-3,Child Indicators Research,PISA,2018,1,CHN,Sense of school belonging,SCHOOL_BELONGING,from_confounders,unspecified,associative,student,,,
62. Wang et al. (2022). Understanding Chinese Students’ Well‑Being: A Machine Learning Study.pdf,Understanding Chinese Students' Well‑Being: A Machine Learning Study,2022,10.1007/s12187-022-09997-3,Child Indicators Research,PISA,2018,1,CHN,Disciplinary climate,DISCIPLINARY_CLIMATE,from_confounders,unspecified,associative,student,,,
62. Wang et al. (2022). Understanding Chinese Students’ Well‑Being: A Machine Learning Study.pdf,Understanding Chinese Students' Well‑Being: A Machine Learning Study,2022,10.1007/s12187-022-09997-3,Child Indicators Research,PISA,2018,1,CHN,Meta-cognition: assess credibility,SES_COMPOSITE,from_confounders,unspecified,associative,student,,,
62. Wang et al. (2022). Understanding Chinese Students’ Well‑Being: A Machine Learning Study.pdf,Understanding Chinese Students' Well‑Being: A Machine Learning Study,2022,10.1007/s12187-022-09997-3,Child Indicators Research,PISA,2018,1,CHN,Reading self-concept: competence,SELF_CONCEPT,from_confounders,unspecified,associative,student,,,
62. Wang et al. (2022). Understanding Chinese Students’ Well‑Being: A Machine Learning Study.pdf,Understanding Chinese Students' Well‑Being: A Machine Learning Study,2022,10.1007/s12187-022-09997-3,Child Indicators Research,PISA,2018,1,CHN,Reading self-concept: difficulty,SELF_CONCEPT,from_confounders,unspecified,associative,student,,,
63. Wan et al. (2025). What are the Most Important Factors Influencing Science Performance? A Machine Learning Study of Singaporean and Finish PISA Data.pdf,What are the Most Important Factors Influencing Science Performance? A Machine Learning Study of Singaporean and Finish ,2025,10.1007/s10763-025-10596-1,,PISA,2015,2,SGP|FIN,Gender,GENDER,from_confounders,unspecified,associative,student,,,
63. Wan et al. (2025). What are the Most Important Factors Influencing Science Performance? A Machine Learning Study of Singaporean and Finish PISA Data.pdf,What are the Most Important Factors Influencing Science Performance? A Machine Learning Study of Singaporean and Finish ,2025,10.1007/s10763-025-10596-1,,PISA,2015,2,SGP|FIN,Disciplinary climate in science,DISCIPLINARY_CLIMATE,from_confounders,unspecified,associative,student,,,
63. Wan et al. (2025). What are the Most Important Factors Influencing Science Performance? A Machine Learning Study of Singaporean and Finish PISA Data.pdf,What are the Most Important Factors Influencing Science Performance? A Machine Learning Study of Singaporean and Finish ,2025,10.1007/s10763-025-10596-1,,PISA,2015,2,SGP|FIN,Instrumental motivation,MOTIVATION,from_confounders,unspecified,associative,student,,,
63. Wan et al. (2025). What are the Most Important Factors Influencing Science Performance? A Machine Learning Study of Singaporean and Finish PISA Data.pdf,What are the Most Important Factors Influencing Science Performance? A Machine Learning Study of Singaporean and Finish ,2025,10.1007/s10763-025-10596-1,,PISA,2015,2,SGP|FIN,Science self-efficacy,TEACHER_SELF_EFFICACY_CLS_MGMT,from_confounders,unspecified,associative,student,,,
63. Wan et al. (2025). What are the Most Important Factors Influencing Science Performance? A Machine Learning Study of Singaporean and Finish PISA Data.pdf,What are the Most Important Factors Influencing Science Performance? A Machine Learning Study of Singaporean and Finish ,2025,10.1007/s10763-025-10596-1,,PISA,2015,2,SGP|FIN,Immigration status index,IMMIGRANT_STATUS,from_confounders,unspecified,associative,student,,,
63. Wan et al. (2025). What are the Most Important Factors Influencing Science Performance? A Machine Learning Study of Singaporean and Finish PISA Data.pdf,What are the Most Important Factors Influencing Science Performance? A Machine Learning Study of Singaporean and Finish ,2025,10.1007/s10763-025-10596-1,,PISA,2015,2,SGP|FIN,ICT use outside school (work),ICT_HOME_ACCESS,from_confounders,unspecified,associative,student,,,
63. Wan et al. (2025). What are the Most Important Factors Influencing Science Performance? A Machine Learning Study of Singaporean and Finish PISA Data.pdf,What are the Most Important Factors Influencing Science Performance? A Machine Learning Study of Singaporean and Finish ,2025,10.1007/s10763-025-10596-1,,PISA,2015,2,SGP|FIN,ICT use outside school (leisure),ICT_HOME_ACCESS,from_confounders,unspecified,associative,student,,,
63. Wan et al. (2025). What are the Most Important Factors Influencing Science Performance? A Machine Learning Study of Singaporean and Finish PISA Data.pdf,What are the Most Important Factors Influencing Science Performance? A Machine Learning Study of Singaporean and Finish ,2025,10.1007/s10763-025-10596-1,,PISA,2015,2,SGP|FIN,Highest parental education (years),PARENTAL_EDUCATION,from_confounders,unspecified,associative,student,,,
63. Wan et al. (2025). What are the Most Important Factors Influencing Science Performance? A Machine Learning Study of Singaporean and Finish PISA Data.pdf,What are the Most Important Factors Influencing Science Performance? A Machine Learning Study of Singaporean and Finish ,2025,10.1007/s10763-025-10596-1,,PISA,2015,2,SGP|FIN,Sense of belonging to school,SCHOOL_BELONGING,from_confounders,unspecified,associative,student,,,
63. Wan et al. (2025). What are the Most Important Factors Influencing Science Performance? A Machine Learning Study of Singaporean and Finish PISA Data.pdf,What are the Most Important Factors Influencing Science Performance? A Machine Learning Study of Singaporean and Finish ,2025,10.1007/s10763-025-10596-1,,PISA,2015,2,SGP|FIN,Achieving motivation,MOTIVATION,from_confounders,unspecified,associative,student,,,
63. Wan et al. (2025). What are the Most Important Factors Influencing Science Performance? A Machine Learning Study of Singaporean and Finish PISA Data.pdf,What are the Most Important Factors Influencing Science Performance? A Machine Learning Study of Singaporean and Finish ,2025,10.1007/s10763-025-10596-1,,PISA,2015,2,SGP|FIN,Use of ICT at school (general),ICT_SCHOOL_ACCESS,from_confounders,unspecified,associative,student,,,
63. Wan et al. (2025). What are the Most Important Factors Influencing Science Performance? A Machine Learning Study of Singaporean and Finish PISA Data.pdf,What are the Most Important Factors Influencing Science Performance? A Machine Learning Study of Singaporean and Finish ,2025,10.1007/s10763-025-10596-1,,PISA,2015,2,SGP|FIN,Cultural possessions at home,SES_COMPOSITE,from_confounders,unspecified,associative,student,,,
63. Wan et al. (2025). What are the Most Important Factors Influencing Science Performance? A Machine Learning Study of Singaporean and Finish PISA Data.pdf,What are the Most Important Factors Influencing Science Performance? A Machine Learning Study of Singaporean and Finish ,2025,10.1007/s10763-025-10596-1,,PISA,2015,2,SGP|FIN,Home educational resources,HOME_RESOURCES,from_confounders,unspecified,associative,student,,,
64. Constante-Amores et al. (2024). Contribution of machine learning to the analysis of grade repetition in Spain: A study based on PISA data.pdf,Contribution of machine learning to the analysis of grade repetition in Spain: A study based on PISA data,2024,10.22550/2174-0909.4014,Revista Española de Pedagogía,PISA,2018,1,ESP,"Index of economic, social, cultural status (ESCS)",SES_COMPOSITE,Grade repetition in primary education (binary),unspecified,predictive,student,1.0,,PISA 2018 Spain — compulsory primary education (self-reported grade repetition)
64. Constante-Amores et al. (2024). Contribution of machine learning to the analysis of grade repetition in Spain: A study based on PISA data.pdf,Contribution of machine learning to the analysis of grade repetition in Spain: A study based on PISA data,2024,10.22550/2174-0909.4014,Revista Española de Pedagogía,PISA,2018,1,ESP,"Index of economic, social, cultural status (ESCS)",SES_COMPOSITE,Grade repetition in secondary education (binary),unspecified,predictive,student,3.0,,PISA 2018 Spain — compulsory secondary education (self-reported grade repetition)
64. Constante-Amores et al. (2024). Contribution of machine learning to the analysis of grade repetition in Spain: A study based on PISA data.pdf,Contribution of machine learning to the analysis of grade repetition in Spain: A study based on PISA data,2024,10.22550/2174-0909.4014,Revista Española de Pedagogía,PISA,2018,1,ESP,Home possessions,SES_COMPOSITE,from_confounders,unspecified,associative,student,,,
64. Constante-Amores et al. (2024). Contribution of machine learning to the analysis of grade repetition in Spain: A study based on PISA data.pdf,Contribution of machine learning to the analysis of grade repetition in Spain: A study based on PISA data,2024,10.22550/2174-0909.4014,Revista Española de Pedagogía,PISA,2018,1,ESP,Immigration background,IMMIGRANT_STATUS,from_confounders,unspecified,associative,student,,,
64. Constante-Amores et al. (2024). Contribution of machine learning to the analysis of grade repetition in Spain: A study based on PISA data.pdf,Contribution of machine learning to the analysis of grade repetition in Spain: A study based on PISA data,2024,10.22550/2174-0909.4014,Revista Española de Pedagogía,PISA,2018,1,ESP,Home educational resources,HOME_RESOURCES,from_confounders,unspecified,associative,student,,,
64. Constante-Amores et al. (2024). Contribution of machine learning to the analysis of grade repetition in Spain: A study based on PISA data.pdf,Contribution of machine learning to the analysis of grade repetition in Spain: A study based on PISA data,2024,10.22550/2174-0909.4014,Revista Española de Pedagogía,PISA,2018,1,ESP,Disciplinary climate in language classes,SES_COMPOSITE,from_confounders,unspecified,associative,student,,,
64. Constante-Amores et al. (2024). Contribution of machine learning to the analysis of grade repetition in Spain: A study based on PISA data.pdf,Contribution of machine learning to the analysis of grade repetition in Spain: A study based on PISA data,2024,10.22550/2174-0909.4014,Revista Española de Pedagogía,PISA,2018,1,ESP,ICT use outside school for leisure,ICT_HOME_ACCESS,from_confounders,unspecified,associative,student,,,
64. Constante-Amores et al. (2024). Contribution of machine learning to the analysis of grade repetition in Spain: A study based on PISA data.pdf,Contribution of machine learning to the analysis of grade repetition in Spain: A study based on PISA data,2024,10.22550/2174-0909.4014,Revista Española de Pedagogía,PISA,2018,1,ESP,Discriminatory school climate,SCHOOL_BELONGING,from_confounders,unspecified,associative,student,,,
64. Constante-Amores et al. (2024). Contribution of machine learning to the analysis of grade repetition in Spain: A study based on PISA data.pdf,Contribution of machine learning to the analysis of grade repetition in Spain: A study based on PISA data,2024,10.22550/2174-0909.4014,Revista Española de Pedagogía,PISA,2018,1,ESP,Self-efficacy regarding global competence,TEACHER_SELF_EFFICACY_CLS_MGMT,from_confounders,unspecified,associative,student,,,
64. Constante-Amores et al. (2024). Contribution of machine learning to the analysis of grade repetition in Spain: A study based on PISA data.pdf,Contribution of machine learning to the analysis of grade repetition in Spain: A study based on PISA data,2024,10.22550/2174-0909.4014,Revista Española de Pedagogía,PISA,2018,1,ESP,Sense of belonging at school,SCHOOL_BELONGING,from_confounders,unspecified,associative,student,,,
64. Constante-Amores et al. (2024). Contribution of machine learning to the analysis of grade repetition in Spain: A study based on PISA data.pdf,Contribution of machine learning to the analysis of grade repetition in Spain: A study based on PISA data,2024,10.22550/2174-0909.4014,Revista Española de Pedagogía,PISA,2018,1,ESP,Self-concept of reading difficulty,SELF_CONCEPT,from_confounders,unspecified,associative,student,,,
"65. Khine et al. (2024). A Machine-Learning Approach to Predicting the Achievement of Australian Students Using School Climate; Learner Characteristics; and Economic, Social, and Cultural Status.pdf",A Machine-Learning Approach to Predicting the Achievement of Australian Students Using School Climate; Learner Character,2024,10.3390/educsci14121350,Education Sciences (MDPI),PISA,2022,1,AUS,Mathematics self-efficacy,TEACHER_SELF_EFFICACY_CLS_MGMT,Mathematics achievement score (ACHIEVE),mathematics_achievement,predictive,teacher,1.0,,PISA 2022 (Australia) Mathematics achievement (15-year-olds)
"65. Khine et al. (2024). A Machine-Learning Approach to Predicting the Achievement of Australian Students Using School Climate; Learner Characteristics; and Economic, Social, and Cultural Status.pdf",A Machine-Learning Approach to Predicting the Achievement of Australian Students Using School Climate; Learner Character,2024,10.3390/educsci14121350,Education Sciences (MDPI),PISA,2022,1,AUS,Socioeconomic status (ESCS),SES_COMPOSITE,Mathematics achievement score (ACHIEVE),mathematics_achievement,predictive,teacher,2.0,,PISA 2022 (Australia) Mathematics achievement (15-year-olds)
"65. Khine et al. (2024). A Machine-Learning Approach to Predicting the Achievement of Australian Students Using School Climate; Learner Characteristics; and Economic, Social, and Cultural Status.pdf",A Machine-Learning Approach to Predicting the Achievement of Australian Students Using School Climate; Learner Character,2024,10.3390/educsci14121350,Education Sciences (MDPI),PISA,2022,1,AUS,Sense of belonging,SCHOOL_BELONGING,Mathematics achievement score (ACHIEVE),mathematics_achievement,predictive,teacher,4.0,,PISA 2022 (Australia) Mathematics achievement (15-year-olds)
"65. Khine et al. (2024). A Machine-Learning Approach to Predicting the Achievement of Australian Students Using School Climate; Learner Characteristics; and Economic, Social, and Cultural Status.pdf",A Machine-Learning Approach to Predicting the Achievement of Australian Students Using School Climate; Learner Character,2024,10.3390/educsci14121350,Education Sciences (MDPI),PISA,2022,1,AUS,Disciplinary climate,DISCIPLINARY_CLIMATE,Mathematics achievement score (ACHIEVE),mathematics_achievement,predictive,teacher,5.0,,PISA 2022 (Australia) Mathematics achievement (15-year-olds)
"65. Khine et al. (2024). A Machine-Learning Approach to Predicting the Achievement of Australian Students Using School Climate; Learner Characteristics; and Economic, Social, and Cultural Status.pdf",A Machine-Learning Approach to Predicting the Achievement of Australian Students Using School Climate; Learner Character,2024,10.3390/educsci14121350,Education Sciences (MDPI),PISA,2022,1,AUS,Sense of belonging,SCHOOL_BELONGING,from_confounders,unspecified,associative,student,,,
"65. Khine et al. (2024). A Machine-Learning Approach to Predicting the Achievement of Australian Students Using School Climate; Learner Characteristics; and Economic, Social, and Cultural Status.pdf",A Machine-Learning Approach to Predicting the Achievement of Australian Students Using School Climate; Learner Character,2024,10.3390/educsci14121350,Education Sciences (MDPI),PISA,2022,1,AUS,Disciplinary climate,DISCIPLINARY_CLIMATE,from_confounders,unspecified,associative,student,,,
"65. Khine et al. (2024). A Machine-Learning Approach to Predicting the Achievement of Australian Students Using School Climate; Learner Characteristics; and Economic, Social, and Cultural Status.pdf",A Machine-Learning Approach to Predicting the Achievement of Australian Students Using School Climate; Learner Character,2024,10.3390/educsci14121350,Education Sciences (MDPI),PISA,2022,1,AUS,Mathematics self-efficacy,TEACHER_SELF_EFFICACY_CLS_MGMT,from_confounders,unspecified,associative,student,,,
"65. Khine et al. (2024). A Machine-Learning Approach to Predicting the Achievement of Australian Students Using School Climate; Learner Characteristics; and Economic, Social, and Cultural Status.pdf",A Machine-Learning Approach to Predicting the Achievement of Australian Students Using School Climate; Learner Character,2024,10.3390/educsci14121350,Education Sciences (MDPI),PISA,2022,1,AUS,Socioeconomic status (ESCS),SES_COMPOSITE,from_confounders,unspecified,associative,student,,,
7. Alas & Tezer. (2024). Artificial Neural Network and Adaptive Neuro Fuzzy Inference System Hybridized Models in the Sustainable Integration of Language and Mathematics Skills: The Case of Singapore and Hong Kong.pdf,Artificial Neural Network and Adaptive Neuro Fuzzy Inference System Hybridized Models in the Sustainable Integration of ,2024,10.3390/su16177806,Sustainability,PISA,2018,2,SGP|HKG,Verbal skills (curriculum themes),CURRICULUM_TYPE,Language skills in native curriculum (predicted from math language themes),mathematics_achievement,predictive,student,1.0,,PISA 2018 (Mathematics and Reading scores) — Singapore and Hong Kong; curriculum content-analysis inputs
7. Alas & Tezer. (2024). Artificial Neural Network and Adaptive Neuro Fuzzy Inference System Hybridized Models in the Sustainable Integration of Language and Mathematics Skills: The Case of Singapore and Hong Kong.pdf,Artificial Neural Network and Adaptive Neuro Fuzzy Inference System Hybridized Models in the Sustainable Integration of ,2024,10.3390/su16177806,Sustainability,PISA,2018,2,SGP|HKG,Math curriculum language themes,CURRICULUM_TYPE,Language skills in native curriculum (predicted from math language themes),mathematics_achievement,predictive,student,2.0,,PISA 2018 (Mathematics and Reading scores) — Singapore and Hong Kong; curriculum content-analysis inputs
7. Alas & Tezer. (2024). Artificial Neural Network and Adaptive Neuro Fuzzy Inference System Hybridized Models in the Sustainable Integration of Language and Mathematics Skills: The Case of Singapore and Hong Kong.pdf,Artificial Neural Network and Adaptive Neuro Fuzzy Inference System Hybridized Models in the Sustainable Integration of ,2024,10.3390/su16177806,Sustainability,PISA,2018,2,SGP|HKG,Verbal skills (curriculum themes),CURRICULUM_TYPE,from_confounders,unspecified,associative,student,,,
7. Alas & Tezer. (2024). Artificial Neural Network and Adaptive Neuro Fuzzy Inference System Hybridized Models in the Sustainable Integration of Language and Mathematics Skills: The Case of Singapore and Hong Kong.pdf,Artificial Neural Network and Adaptive Neuro Fuzzy Inference System Hybridized Models in the Sustainable Integration of ,2024,10.3390/su16177806,Sustainability,PISA,2018,2,SGP|HKG,Language skills (native curriculum),CURRICULUM_TYPE,from_confounders,unspecified,associative,student,,,
7. Alas & Tezer. (2024). Artificial Neural Network and Adaptive Neuro Fuzzy Inference System Hybridized Models in the Sustainable Integration of Language and Mathematics Skills: The Case of Singapore and Hong Kong.pdf,Artificial Neural Network and Adaptive Neuro Fuzzy Inference System Hybridized Models in the Sustainable Integration of ,2024,10.3390/su16177806,Sustainability,PISA,2018,2,SGP|HKG,Math curriculum language themes,CURRICULUM_TYPE,from_confounders,unspecified,associative,student,,,
72. Teig. (2024). Uncovering Student Strategies for Solving Scientific Inquiry Tasks: Insights from Student Process Data in PISA.pdf,Uncovering Student Strategies for Solving Scientific Inquiry Tasks: Insights from Student Process Data in PISA,2024,10.1007/s11165-023-10134-5,Research in Science Education,PISA,2015,1,NOR,Gender,GENDER,from_confounders,unspecified,associative,student,,,
73. Yun et al. (2025). Discovering action insights from large-scale assessment log data using machine learning.pdf,Discovering action insights from large-scale assessment log data using machine learning,2025,10.1038/s41598-025-14802-6,Scientific Reports,PIAAC,2012,1,BEL,Gender,GENDER,High vs low performance (score3 vs score0),unspecified,predictive,student,3.0,,PIAAC 2012 Problem Solving (Party Invitation)
73. Yun et al. (2025). Discovering action insights from large-scale assessment log data using machine learning.pdf,Discovering action insights from large-scale assessment log data using machine learning,2025,10.1038/s41598-025-14802-6,Scientific Reports,PIAAC,2012,1,BEL,Gender,GENDER,Correct vs incorrect performance,unspecified,predictive,student,3.0,-,PIAAC 2012 Problem Solving (Club Membership)
73. Yun et al. (2025). Discovering action insights from large-scale assessment log data using machine learning.pdf,Discovering action insights from large-scale assessment log data using machine learning,2025,10.1038/s41598-025-14802-6,Scientific Reports,PIAAC,2012,1,BEL,Gender,GENDER,from_confounders,unspecified,associative,student,,,
74. Ding et al. (2025). Evaluating test-taking motivation based on process data and its influence on academic performance.pdf,Evaluating test-taking motivation based on process data and its influence on academic performance,2025,10.1016/j.actpsy.2025.105525,Acta Psychologica,PISA,2018,8,CHN|SGP|KOR|JPN|GBR|USA|CAN|AUS,Socioeconomic status (SES),SES_COMPOSITE,Science academic performance (Plausible Value 1),science_achievement,associative,student,4.0,+,PISA 2018 Science (clusters S01 & S02; Form 13; 15-year-olds)
74. Ding et al. (2025). Evaluating test-taking motivation based on process data and its influence on academic performance.pdf,Evaluating test-taking motivation based on process data and its influence on academic performance,2025,10.1016/j.actpsy.2025.105525,Acta Psychologica,PISA,2018,8,CHN|SGP|KOR|JPN|GBR|USA|CAN|AUS,Gender,GENDER,Science academic performance (Plausible Value 1),science_achievement,associative,student,5.0,+,PISA 2018 Science (clusters S01 & S02; Form 13; 15-year-olds)
74. Ding et al. (2025). Evaluating test-taking motivation based on process data and its influence on academic performance.pdf,Evaluating test-taking motivation based on process data and its influence on academic performance,2025,10.1016/j.actpsy.2025.105525,Acta Psychologica,PISA,2018,8,CHN|SGP|KOR|JPN|GBR|USA|CAN|AUS,Socioeconomic status (SES),SES_COMPOSITE,from_confounders,unspecified,associative,student,,,
74. Ding et al. (2025). Evaluating test-taking motivation based on process data and its influence on academic performance.pdf,Evaluating test-taking motivation based on process data and its influence on academic performance,2025,10.1016/j.actpsy.2025.105525,Acta Psychologica,PISA,2018,8,CHN|SGP|KOR|JPN|GBR|USA|CAN|AUS,Gender,GENDER,from_confounders,unspecified,associative,student,,,
74. Ding et al. (2025). Evaluating test-taking motivation based on process data and its influence on academic performance.pdf,Evaluating test-taking motivation based on process data and its influence on academic performance,2025,10.1016/j.actpsy.2025.105525,Acta Psychologica,PISA,2018,8,CHN|SGP|KOR|JPN|GBR|USA|CAN|AUS,Competitiveness (achievement motivation),MOTIVATION,from_confounders,unspecified,associative,student,,,
74. Ding et al. (2025). Evaluating test-taking motivation based on process data and its influence on academic performance.pdf,Evaluating test-taking motivation based on process data and its influence on academic performance,2025,10.1016/j.actpsy.2025.105525,Acta Psychologica,PISA,2018,8,CHN|SGP|KOR|JPN|GBR|USA|CAN|AUS,Work mastery (achievement motivation),MOTIVATION,from_confounders,unspecified,associative,student,,,
77. Shin et al. (2024). An engagement‑aware predictive model to evaluate problem‑solving performance from the study of adult skills’ (PIAAC 2012) process data.pdf,An engagement‑aware predictive model to evaluate problem‑solving performance from the study of adult skills’ (PIAAC 2012,2024,10.1186/s40536-024-00194-y,Large-scale Assessments in Education,PIAAC,2012,3,USA|KOR|GBR,Gender,GENDER,from_confounders,unspecified,associative,student,,,
79. Pejic & Molcer. (2021). Predictive Machine Learning Approach for Complex Problem Solving Process Data Mining.pdf,Predictive Machine Learning Approach for Complex Problem Solving Process Data Mining,2021,10.1080/09243453.2016.1235591,Acta Polytechnica Hungarica,PISA,2012,0,,Time spent on task phases,SES_COMPOSITE,Climate Control task success (TRUE/FALSE),unspecified,predictive,student,2.0,-,"PISA 2012 CBA Problem Solving (Climate Control CP025Q01, first unit item)"
79. Pejic & Molcer. (2021). Predictive Machine Learning Approach for Complex Problem Solving Process Data Mining.pdf,Predictive Machine Learning Approach for Complex Problem Solving Process Data Mining,2021,10.1080/09243453.2016.1235591,Acta Polytechnica Hungarica,PISA,2012,0,,Time spent on task phases,SES_COMPOSITE,from_confounders,unspecified,associative,student,,,
8. Acıslı-Celik & Yesilkanat. (2023). Predicting science achievement scores with machine learning algorithms: a case study of OECD PISA 2015–2018 data.pdf,Predicting science achievement scores with machine learning algorithms: a case study of OECD PISA 2015–2018 data,2023,10.1007/s00521-023-08901-6,Neural Computing and Applications,PISA,2015|2018,13,BRA|TWN|DOM|EST|FIN|HUN|ITA|JPN|LTU|LUX,Socioeconomic status (ESCS),SES_COMPOSITE,PISA-2018 science achievement (PV2SCIE),science_achievement,predictive,student,2.0,,"PISA 2015 Science (PV2SCIE) → PISA 2018 Science (PV2SCIE), 13 countries"
8. Acıslı-Celik & Yesilkanat. (2023). Predicting science achievement scores with machine learning algorithms: a case study of OECD PISA 2015–2018 data.pdf,Predicting science achievement scores with machine learning algorithms: a case study of OECD PISA 2015–2018 data,2023,10.1007/s00521-023-08901-6,Neural Computing and Applications,PISA,2015|2018,13,BRA|TWN|DOM|EST|FIN|HUN|ITA|JPN|LTU|LUX,Home possessions,SES_COMPOSITE,PISA-2018 science achievement (PV2SCIE),science_achievement,predictive,student,3.0,,"PISA 2015 Science (PV2SCIE) → PISA 2018 Science (PV2SCIE), 13 countries"
8. Acıslı-Celik & Yesilkanat. (2023). Predicting science achievement scores with machine learning algorithms: a case study of OECD PISA 2015–2018 data.pdf,Predicting science achievement scores with machine learning algorithms: a case study of OECD PISA 2015–2018 data,2023,10.1007/s00521-023-08901-6,Neural Computing and Applications,PISA,2015|2018,13,BRA|TWN|DOM|EST|FIN|HUN|ITA|JPN|LTU|LUX,Gender,GENDER,from_confounders,unspecified,associative,student,,,
8. Acıslı-Celik & Yesilkanat. (2023). Predicting science achievement scores with machine learning algorithms: a case study of OECD PISA 2015–2018 data.pdf,Predicting science achievement scores with machine learning algorithms: a case study of OECD PISA 2015–2018 data,2023,10.1007/s00521-023-08901-6,Neural Computing and Applications,PISA,2015|2018,13,BRA|TWN|DOM|EST|FIN|HUN|ITA|JPN|LTU|LUX,Books at home,HOME_RESOURCES,from_confounders,unspecified,associative,student,,,
8. Acıslı-Celik & Yesilkanat. (2023). Predicting science achievement scores with machine learning algorithms: a case study of OECD PISA 2015–2018 data.pdf,Predicting science achievement scores with machine learning algorithms: a case study of OECD PISA 2015–2018 data,2023,10.1007/s00521-023-08901-6,Neural Computing and Applications,PISA,2015|2018,13,BRA|TWN|DOM|EST|FIN|HUN|ITA|JPN|LTU|LUX,Highest parental education,PARENTAL_EDUCATION,from_confounders,unspecified,associative,student,,,
8. Acıslı-Celik & Yesilkanat. (2023). Predicting science achievement scores with machine learning algorithms: a case study of OECD PISA 2015–2018 data.pdf,Predicting science achievement scores with machine learning algorithms: a case study of OECD PISA 2015–2018 data,2023,10.1007/s00521-023-08901-6,Neural Computing and Applications,PISA,2015|2018,13,BRA|TWN|DOM|EST|FIN|HUN|ITA|JPN|LTU|LUX,Sense of belonging to school,SCHOOL_BELONGING,from_confounders,unspecified,associative,student,,,
8. Acıslı-Celik & Yesilkanat. (2023). Predicting science achievement scores with machine learning algorithms: a case study of OECD PISA 2015–2018 data.pdf,Predicting science achievement scores with machine learning algorithms: a case study of OECD PISA 2015–2018 data,2023,10.1007/s00521-023-08901-6,Neural Computing and Applications,PISA,2015|2018,13,BRA|TWN|DOM|EST|FIN|HUN|ITA|JPN|LTU|LUX,Home possessions,SES_COMPOSITE,from_confounders,unspecified,associative,student,,,
8. Acıslı-Celik & Yesilkanat. (2023). Predicting science achievement scores with machine learning algorithms: a case study of OECD PISA 2015–2018 data.pdf,Predicting science achievement scores with machine learning algorithms: a case study of OECD PISA 2015–2018 data,2023,10.1007/s00521-023-08901-6,Neural Computing and Applications,PISA,2015|2018,13,BRA|TWN|DOM|EST|FIN|HUN|ITA|JPN|LTU|LUX,Socioeconomic status (ESCS),SES_COMPOSITE,from_confounders,unspecified,associative,student,,,
82. Costa & Chen. (2023). Exploring the relationship between process data and contextual variables among Scandinavian students on PISA 2012 mathematics tasks.pdf,Exploring the relationship between process data and contextual variables among Scandinavian students on PISA 2012 mathem,2023,10.1186/s40536-023-00155-x,Large-scale Assessments in Education,PISA,2012,3,DNK|SWE|NOR,Gender,GENDER,Latent math performance (response accuracy),mathematics_achievement,associative,student,2.0,+,"PISA 2012 Computer-Based Mathematics (CBAM) — items CM015Q01, CM015Q02D, CM015Q03D (Scandinavia: DNK, SWE, NOR)"
82. Costa & Chen. (2023). Exploring the relationship between process data and contextual variables among Scandinavian students on PISA 2012 mathematics tasks.pdf,Exploring the relationship between process data and contextual variables among Scandinavian students on PISA 2012 mathem,2023,10.1186/s40536-023-00155-x,Large-scale Assessments in Education,PISA,2012,3,DNK|SWE|NOR,Language at home,LANGUAGE_BACKGROUND,Latent math performance (response accuracy),mathematics_achievement,associative,student,3.0,+,"PISA 2012 Computer-Based Mathematics (CBAM) — items CM015Q01, CM015Q02D, CM015Q03D (Scandinavia: DNK, SWE, NOR)"
82. Costa & Chen. (2023). Exploring the relationship between process data and contextual variables among Scandinavian students on PISA 2012 mathematics tasks.pdf,Exploring the relationship between process data and contextual variables among Scandinavian students on PISA 2012 mathem,2023,10.1186/s40536-023-00155-x,Large-scale Assessments in Education,PISA,2012,3,DNK|SWE|NOR,Immigration background,IMMIGRANT_STATUS,Latent math performance (response accuracy),mathematics_achievement,associative,student,4.0,+,"PISA 2012 Computer-Based Mathematics (CBAM) — items CM015Q01, CM015Q02D, CM015Q03D (Scandinavia: DNK, SWE, NOR)"
82. Costa & Chen. (2023). Exploring the relationship between process data and contextual variables among Scandinavian students on PISA 2012 mathematics tasks.pdf,Exploring the relationship between process data and contextual variables among Scandinavian students on PISA 2012 mathem,2023,10.1186/s40536-023-00155-x,Large-scale Assessments in Education,PISA,2012,3,DNK|SWE|NOR,Gender,GENDER,Latent speed (log response time),mathematics_achievement,associative,student,2.0,+,"PISA 2012 Computer-Based Mathematics (CBAM) — items CM015Q01, CM015Q02D, CM015Q03D (Scandinavia: DNK, SWE, NOR)"
82. Costa & Chen. (2023). Exploring the relationship between process data and contextual variables among Scandinavian students on PISA 2012 mathematics tasks.pdf,Exploring the relationship between process data and contextual variables among Scandinavian students on PISA 2012 mathem,2023,10.1186/s40536-023-00155-x,Large-scale Assessments in Education,PISA,2012,3,DNK|SWE|NOR,Language at home,LANGUAGE_BACKGROUND,Latent speed (log response time),mathematics_achievement,associative,student,3.0,+,"PISA 2012 Computer-Based Mathematics (CBAM) — items CM015Q01, CM015Q02D, CM015Q03D (Scandinavia: DNK, SWE, NOR)"
82. Costa & Chen. (2023). Exploring the relationship between process data and contextual variables among Scandinavian students on PISA 2012 mathematics tasks.pdf,Exploring the relationship between process data and contextual variables among Scandinavian students on PISA 2012 mathem,2023,10.1186/s40536-023-00155-x,Large-scale Assessments in Education,PISA,2012,3,DNK|SWE|NOR,Immigration background,IMMIGRANT_STATUS,Latent speed (log response time),mathematics_achievement,associative,student,4.0,+,"PISA 2012 Computer-Based Mathematics (CBAM) — items CM015Q01, CM015Q02D, CM015Q03D (Scandinavia: DNK, SWE, NOR)"
82. Costa & Chen. (2023). Exploring the relationship between process data and contextual variables among Scandinavian students on PISA 2012 mathematics tasks.pdf,Exploring the relationship between process data and contextual variables among Scandinavian students on PISA 2012 mathem,2023,10.1186/s40536-023-00155-x,Large-scale Assessments in Education,PISA,2012,3,DNK|SWE|NOR,Gender,GENDER,Latent exploration behaviour (log frequency of actions),mathematics_achievement,associative,student,2.0,-,"PISA 2012 Computer-Based Mathematics (CBAM) — items CM015Q01, CM015Q02D, CM015Q03D (Scandinavia: DNK, SWE, NOR)"
82. Costa & Chen. (2023). Exploring the relationship between process data and contextual variables among Scandinavian students on PISA 2012 mathematics tasks.pdf,Exploring the relationship between process data and contextual variables among Scandinavian students on PISA 2012 mathem,2023,10.1186/s40536-023-00155-x,Large-scale Assessments in Education,PISA,2012,3,DNK|SWE|NOR,Language at home,LANGUAGE_BACKGROUND,Latent exploration behaviour (log frequency of actions),mathematics_achievement,associative,student,3.0,-,"PISA 2012 Computer-Based Mathematics (CBAM) — items CM015Q01, CM015Q02D, CM015Q03D (Scandinavia: DNK, SWE, NOR)"
82. Costa & Chen. (2023). Exploring the relationship between process data and contextual variables among Scandinavian students on PISA 2012 mathematics tasks.pdf,Exploring the relationship between process data and contextual variables among Scandinavian students on PISA 2012 mathem,2023,10.1186/s40536-023-00155-x,Large-scale Assessments in Education,PISA,2012,3,DNK|SWE|NOR,Immigration background,IMMIGRANT_STATUS,Latent exploration behaviour (log frequency of actions),mathematics_achievement,associative,student,4.0,-,"PISA 2012 Computer-Based Mathematics (CBAM) — items CM015Q01, CM015Q02D, CM015Q03D (Scandinavia: DNK, SWE, NOR)"
82. Costa & Chen. (2023). Exploring the relationship between process data and contextual variables among Scandinavian students on PISA 2012 mathematics tasks.pdf,Exploring the relationship between process data and contextual variables among Scandinavian students on PISA 2012 mathem,2023,10.1186/s40536-023-00155-x,Large-scale Assessments in Education,PISA,2012,3,DNK|SWE|NOR,Gender,GENDER,from_confounders,unspecified,associative,student,,,
82. Costa & Chen. (2023). Exploring the relationship between process data and contextual variables among Scandinavian students on PISA 2012 mathematics tasks.pdf,Exploring the relationship between process data and contextual variables among Scandinavian students on PISA 2012 mathem,2023,10.1186/s40536-023-00155-x,Large-scale Assessments in Education,PISA,2012,3,DNK|SWE|NOR,Language at home,LANGUAGE_BACKGROUND,from_confounders,unspecified,associative,student,,,
82. Costa & Chen. (2023). Exploring the relationship between process data and contextual variables among Scandinavian students on PISA 2012 mathematics tasks.pdf,Exploring the relationship between process data and contextual variables among Scandinavian students on PISA 2012 mathem,2023,10.1186/s40536-023-00155-x,Large-scale Assessments in Education,PISA,2012,3,DNK|SWE|NOR,Immigration background,IMMIGRANT_STATUS,from_confounders,unspecified,associative,student,,,
82. Costa & Chen. (2023). Exploring the relationship between process data and contextual variables among Scandinavian students on PISA 2012 mathematics tasks.pdf,Exploring the relationship between process data and contextual variables among Scandinavian students on PISA 2012 mathem,2023,10.1186/s40536-023-00155-x,Large-scale Assessments in Education,PISA,2012,3,DNK|SWE|NOR,ICT use at home for school tasks,ICT_HOME_ACCESS,from_confounders,unspecified,associative,student,,,
82. Costa & Chen. (2023). Exploring the relationship between process data and contextual variables among Scandinavian students on PISA 2012 mathematics tasks.pdf,Exploring the relationship between process data and contextual variables among Scandinavian students on PISA 2012 mathem,2023,10.1186/s40536-023-00155-x,Large-scale Assessments in Education,PISA,2012,3,DNK|SWE|NOR,Use of ICT at school,ICT_SCHOOL_ACCESS,from_confounders,unspecified,associative,student,,,
85. Ludwig et al. (2024). Predicting problem-solving success in an office simulation applying N-grams and a random forest to behavioral process data.pdf,Predicting problem-solving success in an office simulation applying N-grams and a random forest to behavioral process da,2024,10.1016/j.compedu.2024.105093,Computers & Education,,,1,DEU,Gender,GENDER,from_confounders,unspecified,associative,student,,,
86. Pejic et al. (2022). Improving math proficiency prediction in computer- based international large-scale assessments with data augmentation.pdf,Improving math proficiency prediction in computer-based international large-scale assessments with data augmentation,2022,10.1109/SISY56759.2022.10036295,2022 IEEE 20th Jubilee International Symposium on Intelligent Systems and Inform,PISA,2012,0,,Books at home,HOME_RESOURCES,Math proficiency class (low/medium/high),mathematics_achievement,predictive,student,2.0,+,"PISA 2012 computer-based assessment (overall mathematics), 3-class proficiency (low/medium/high)"
86. Pejic et al. (2022). Improving math proficiency prediction in computer- based international large-scale assessments with data augmentation.pdf,Improving math proficiency prediction in computer-based international large-scale assessments with data augmentation,2022,10.1109/SISY56759.2022.10036295,2022 IEEE 20th Jubilee International Symposium on Intelligent Systems and Inform,PISA,2012,0,,Books at home,HOME_RESOURCES,from_confounders,unspecified,associative,student,,,
87. Kara. (2025). Exploring Test-Taking Disengagement in the Context of PISA 2022: Evidence from Process Data.pdf,Exploring Test-Taking Disengagement in the Context of PISA 2022: Evidence from Process Data,2025,10.26822/iejee.2025.380,International Electronic Journal of Elementary Education,PISA,2022,1,TUR,Gender,GENDER,from_confounders,unspecified,associative,student,,,
9. Alkan et al. (2025). Educational improvement through machine learning: Strategic models for better PISA scores.pdf,Educational improvement through machine learning: Strategic models for better PISA scores,2025,10.1371/journal.pone.0326121,PLOS One,PISA,2018,36,AUS|AUT|BEL|CAN|CHE|CHL|COL|CRI|CZE|DEU,ESCS,SES_COMPOSITE,Country success in reading (high vs low),reading_achievement,predictive,student,4.0,,PISA 2018 (OECD countries) — Reading performance classification
9. Alkan et al. (2025). Educational improvement through machine learning: Strategic models for better PISA scores.pdf,Educational improvement through machine learning: Strategic models for better PISA scores,2025,10.1371/journal.pone.0326121,PLOS One,PISA,2018,36,AUS|AUT|BEL|CAN|CHE|CHL|COL|CRI|CZE|DEU,ESCS,SES_COMPOSITE,Country success in mathematics (high vs low),mathematics_achievement,predictive,student,4.0,,PISA 2018 (OECD countries) — Mathematics performance classification
9. Alkan et al. (2025). Educational improvement through machine learning: Strategic models for better PISA scores.pdf,Educational improvement through machine learning: Strategic models for better PISA scores,2025,10.1371/journal.pone.0326121,PLOS One,PISA,2018,36,AUS|AUT|BEL|CAN|CHE|CHL|COL|CRI|CZE|DEU,Socioeconomic status (ESCS),SES_COMPOSITE,from_confounders,unspecified,associative,student,,,
9. Alkan et al. (2025). Educational improvement through machine learning: Strategic models for better PISA scores.pdf,Educational improvement through machine learning: Strategic models for better PISA scores,2025,10.1371/journal.pone.0326121,PLOS One,PISA,2018,36,AUS|AUT|BEL|CAN|CHE|CHL|COL|CRI|CZE|DEU,Reading self-efficacy,TEACHER_SELF_EFFICACY_CLS_MGMT,from_confounders,unspecified,associative,student,,,
9. Alkan et al. (2025). Educational improvement through machine learning: Strategic models for better PISA scores.pdf,Educational improvement through machine learning: Strategic models for better PISA scores,2025,10.1371/journal.pone.0326121,PLOS One,PISA,2018,36,AUS|AUT|BEL|CAN|CHE|CHL|COL|CRI|CZE|DEU,Home educational resources,HOME_RESOURCES,from_confounders,unspecified,associative,student,,,
91. Pejic et al. (2021). Math proficiency prediction in computer-based international large-scale assessments using a multi-class machine learning model.pdf,Math proficiency prediction in computer-based international large-scale assessments using a multi-class machine learning,2021,10.1109/SISY52375.2021.9582522,IEEE 19th International Symposium on Intelligent Systems and Informatics (SISY),PISA,2012,0,,Books at home,HOME_RESOURCES,Math proficiency class (low/mediocre/high),mathematics_achievement,predictive,student,2.0,,PISA 2012 Computer-Based Assessment (CBA) Mathematics
91. Pejic et al. (2021). Math proficiency prediction in computer-based international large-scale assessments using a multi-class machine learning model.pdf,Math proficiency prediction in computer-based international large-scale assessments using a multi-class machine learning,2021,10.1109/SISY52375.2021.9582522,IEEE 19th International Symposium on Intelligent Systems and Informatics (SISY),PISA,2012,0,,Possessions - literature,SES_COMPOSITE,Math proficiency class (low/mediocre/high),mathematics_achievement,predictive,student,3.0,,PISA 2012 Computer-Based Assessment (CBA) Mathematics
91. Pejic et al. (2021). Math proficiency prediction in computer-based international large-scale assessments using a multi-class machine learning model.pdf,Math proficiency prediction in computer-based international large-scale assessments using a multi-class machine learning,2021,10.1109/SISY52375.2021.9582522,IEEE 19th International Symposium on Intelligent Systems and Informatics (SISY),PISA,2012,0,,Possessions - literature,SES_COMPOSITE,from_confounders,unspecified,associative,student,,,
91. Pejic et al. (2021). Math proficiency prediction in computer-based international large-scale assessments using a multi-class machine learning model.pdf,Math proficiency prediction in computer-based international large-scale assessments using a multi-class machine learning,2021,10.1109/SISY52375.2021.9582522,IEEE 19th International Symposium on Intelligent Systems and Informatics (SISY),PISA,2012,0,,Books at home,HOME_RESOURCES,from_confounders,unspecified,associative,student,,,
92. Park et al. (2025). Measurement Invariance for Multilingual Learners Using Item Response and Response Time in PISA 2018.pdf,Measurement Invariance for Multilingual Learners Using Item Response and Response Time in PISA 2018,2025,10.1111/emip.12640,Educational Measurement: Issues and Practice,PISA,2018,1,USA,Gender,GENDER,from_confounders,unspecified,associative,student,,,
95. Bungaro et al. (2024). Jointly exploring mathematics ability and speed in large‑scale computer‑based testing.pdf,Jointly exploring mathematics ability and speed in large-scale computer-based testing,2024,10.1007/s10260-024-00762-0,,,2018,1,ITA,Prior achievement (final mark),PRIOR_ACHIEVEMENT,Mathematics ability (latent ability),mathematics_achievement,associative,student,1.0,-,INVALSI 2017–2018 Grade 10 Mathematics (Italy)
95. Bungaro et al. (2024). Jointly exploring mathematics ability and speed in large‑scale computer‑based testing.pdf,Jointly exploring mathematics ability and speed in large-scale computer-based testing,2024,10.1007/s10260-024-00762-0,,,2018,1,ITA,Gender,GENDER,Mathematics ability (latent ability),mathematics_achievement,associative,student,3.0,-,INVALSI 2017–2018 Grade 10 Mathematics (Italy)
95. Bungaro et al. (2024). Jointly exploring mathematics ability and speed in large‑scale computer‑based testing.pdf,Jointly exploring mathematics ability and speed in large-scale computer-based testing,2024,10.1007/s10260-024-00762-0,,,2018,1,ITA,Socioeconomic status (ESCS),SES_COMPOSITE,Mathematics ability (latent ability),mathematics_achievement,associative,student,4.0,-,INVALSI 2017–2018 Grade 10 Mathematics (Italy)
95. Bungaro et al. (2024). Jointly exploring mathematics ability and speed in large‑scale computer‑based testing.pdf,Jointly exploring mathematics ability and speed in large-scale computer-based testing,2024,10.1007/s10260-024-00762-0,,,2018,1,ITA,Class average ESCS,SES_COMPOSITE,Mathematics ability (latent ability),mathematics_achievement,associative,student,5.0,-,INVALSI 2017–2018 Grade 10 Mathematics (Italy)
95. Bungaro et al. (2024). Jointly exploring mathematics ability and speed in large‑scale computer‑based testing.pdf,Jointly exploring mathematics ability and speed in large-scale computer-based testing,2024,10.1007/s10260-024-00762-0,,,2018,1,ITA,Prior achievement (final mark),PRIOR_ACHIEVEMENT,Test-taking speed (latent speed),mathematics_achievement,associative,student,1.0,-,INVALSI 2017–2018 Grade 10 Mathematics (Italy)
95. Bungaro et al. (2024). Jointly exploring mathematics ability and speed in large‑scale computer‑based testing.pdf,Jointly exploring mathematics ability and speed in large-scale computer-based testing,2024,10.1007/s10260-024-00762-0,,,2018,1,ITA,Gender,GENDER,Test-taking speed (latent speed),mathematics_achievement,associative,student,3.0,-,INVALSI 2017–2018 Grade 10 Mathematics (Italy)
95. Bungaro et al. (2024). Jointly exploring mathematics ability and speed in large‑scale computer‑based testing.pdf,Jointly exploring mathematics ability and speed in large-scale computer-based testing,2024,10.1007/s10260-024-00762-0,,,2018,1,ITA,Immigrant background,IMMIGRANT_STATUS,Test-taking speed (latent speed),mathematics_achievement,associative,student,4.0,-,INVALSI 2017–2018 Grade 10 Mathematics (Italy)
95. Bungaro et al. (2024). Jointly exploring mathematics ability and speed in large‑scale computer‑based testing.pdf,Jointly exploring mathematics ability and speed in large-scale computer-based testing,2024,10.1007/s10260-024-00762-0,,,2018,1,ITA,Class % low prior achievement,PRIOR_ACHIEVEMENT,Test-taking speed (latent speed),mathematics_achievement,associative,student,5.0,-,INVALSI 2017–2018 Grade 10 Mathematics (Italy)
95. Bungaro et al. (2024). Jointly exploring mathematics ability and speed in large‑scale computer‑based testing.pdf,Jointly exploring mathematics ability and speed in large-scale computer-based testing,2024,10.1007/s10260-024-00762-0,,,2018,1,ITA,Gender,GENDER,from_confounders,unspecified,associative,student,,,
95. Bungaro et al. (2024). Jointly exploring mathematics ability and speed in large‑scale computer‑based testing.pdf,Jointly exploring mathematics ability and speed in large-scale computer-based testing,2024,10.1007/s10260-024-00762-0,,,2018,1,ITA,Immigrant background,IMMIGRANT_STATUS,from_confounders,unspecified,associative,student,,,
95. Bungaro et al. (2024). Jointly exploring mathematics ability and speed in large‑scale computer‑based testing.pdf,Jointly exploring mathematics ability and speed in large-scale computer-based testing,2024,10.1007/s10260-024-00762-0,,,2018,1,ITA,Socioeconomic status (ESCS),SES_COMPOSITE,from_confounders,unspecified,associative,student,,,
95. Bungaro et al. (2024). Jointly exploring mathematics ability and speed in large‑scale computer‑based testing.pdf,Jointly exploring mathematics ability and speed in large-scale computer-based testing,2024,10.1007/s10260-024-00762-0,,,2018,1,ITA,Prior achievement (final mark),PRIOR_ACHIEVEMENT,from_confounders,unspecified,associative,student,,,
95. Bungaro et al. (2024). Jointly exploring mathematics ability and speed in large‑scale computer‑based testing.pdf,Jointly exploring mathematics ability and speed in large-scale computer-based testing,2024,10.1007/s10260-024-00762-0,,,2018,1,ITA,Class % low prior achievement,PRIOR_ACHIEVEMENT,from_confounders,unspecified,associative,student,,,
95. Bungaro et al. (2024). Jointly exploring mathematics ability and speed in large‑scale computer‑based testing.pdf,Jointly exploring mathematics ability and speed in large-scale computer-based testing,2024,10.1007/s10260-024-00762-0,,,2018,1,ITA,Class % immigrant background,IMMIGRANT_STATUS,from_confounders,unspecified,associative,student,,,
95. Bungaro et al. (2024). Jointly exploring mathematics ability and speed in large‑scale computer‑based testing.pdf,Jointly exploring mathematics ability and speed in large-scale computer-based testing,2024,10.1007/s10260-024-00762-0,,,2018,1,ITA,Class average ESCS,SES_COMPOSITE,from_confounders,unspecified,associative,student,,,
96. Li et al. (2025). Exploring the Evidence to Interpret Differential Item Functioning via Response Process Data.pdf,Exploring the Evidence to Interpret Differential Item Functioning via Response Process Data,2025,10.1177/00131644241298975,Educational and Psychological Measurement,PIAAC,2012,1,USA,Gender (women vs men),GENDER,from_confounders,unspecified,associative,student,,,
