analysis_level,program,domain,country,target_cycle,forecast_model,n_obs,mean_error,mean_abs_error,rmse,pct_overpredict,pct_underpredict,is_diagnostic,diagnosis_flag,notes
country_model,ICCS,civic_knowledge,DEU,2022,M0,1,47.987,47.987,47.987,0.0,100.0,False,persistent_underprediction,
country_model,ICCS,civic_knowledge,DEU,2022,M1,1,47.9105,47.9105,47.9105,0.0,100.0,False,persistent_underprediction,
country_model,ICCS,civic_knowledge,EST,2022,M0,1,19.0432,19.0432,19.0432,0.0,100.0,False,persistent_underprediction,
country_model,ICCS,civic_knowledge,EST,2022,M1,1,19.008,19.008,19.008,0.0,100.0,False,persistent_underprediction,
country_model,ICCS,civic_knowledge,HRV,2022,M0,1,28.6896,28.6896,28.6896,0.0,100.0,False,persistent_underprediction,
country_model,ICCS,civic_knowledge,HRV,2022,M1,1,28.6367,28.6367,28.6367,0.0,100.0,False,persistent_underprediction,
country_model,ICCS,civic_knowledge,LTU,2022,M0,1,-1.5858,1.5858,1.5858,100.0,0.0,False,within_typical_band,
country_model,ICCS,civic_knowledge,LTU,2022,M1,1,-1.6163,1.6163,1.6163,100.0,0.0,False,within_typical_band,
country_model,ICCS,civic_knowledge,LVA,2022,M0,1,3.183,3.183,3.183,0.0,100.0,False,within_typical_band,
country_model,ICCS,civic_knowledge,LVA,2022,M1,1,3.1438,3.1438,3.1438,0.0,100.0,False,within_typical_band,
country_model,ICCS,civic_knowledge,NLD,2022,M0,1,8.3078,8.3078,8.3078,0.0,100.0,False,within_typical_band,
country_model,ICCS,civic_knowledge,NLD,2022,M1,1,8.2587,8.2587,8.2587,0.0,100.0,False,within_typical_band,
country_model,ICCS,civic_knowledge,NOR,2022,M0,1,-26.8663,26.8663,26.8663,100.0,0.0,False,persistent_overprediction,
country_model,ICCS,civic_knowledge,NOR,2022,M1,1,-26.8769,26.8769,26.8769,100.0,0.0,False,persistent_overprediction,
country_model,ICCS,civic_knowledge,SVN,2022,M0,1,-11.8544,11.8544,11.8544,100.0,0.0,False,persistent_overprediction,
country_model,ICCS,civic_knowledge,SVN,2022,M1,1,-11.8904,11.8904,11.8904,100.0,0.0,False,persistent_overprediction,
country_model,ICCS,civic_knowledge,TWN,2022,M0,1,38.5264,38.5264,38.5264,0.0,100.0,False,persistent_underprediction,
country_model,ICCS,civic_knowledge,TWN,2022,M1,1,38.485,38.485,38.485,0.0,100.0,False,persistent_underprediction,
country_model,ICILS,computer_literacy,DEU,2023,M0,1,-5.4383,5.4383,5.4383,100.0,0.0,False,within_typical_band,
country_model,ICILS,computer_literacy,DEU,2023,M1,1,-8.5599,8.5599,8.5599,100.0,0.0,False,within_typical_band,
country_model,ICILS,computer_literacy,DNK,2023,M0,1,-18.2264,18.2264,18.2264,100.0,0.0,False,persistent_overprediction,
country_model,ICILS,computer_literacy,DNK,2023,M1,1,-20.6181,20.6181,20.6181,100.0,0.0,False,persistent_overprediction,
country_model,ICILS,computer_literacy,FIN,2023,M0,1,1.6795,1.6795,1.6795,0.0,100.0,False,within_typical_band,
country_model,ICILS,computer_literacy,FIN,2023,M1,1,-2.4775,2.4775,2.4775,100.0,0.0,False,within_typical_band,
country_model,ICILS,computer_literacy,FRA,2023,M0,1,11.2626,11.2626,11.2626,0.0,100.0,False,persistent_underprediction,
country_model,ICILS,computer_literacy,FRA,2023,M1,1,12.2656,12.2656,12.2656,0.0,100.0,False,persistent_underprediction,
country_model,ICILS,computer_literacy,ITA,2023,M0,1,8.5749,8.5749,8.5749,0.0,100.0,False,within_typical_band,
country_model,ICILS,computer_literacy,ITA,2023,M1,1,17.452,17.452,17.452,0.0,100.0,False,persistent_underprediction,
country_model,ICILS,computer_literacy,KAZ,2023,M0,1,-37.5091,37.5091,37.5091,100.0,0.0,False,persistent_overprediction,
country_model,ICILS,computer_literacy,KAZ,2023,M1,1,-15.6009,15.6009,15.6009,100.0,0.0,False,persistent_overprediction,
country_model,ICILS,computer_literacy,KOR,2023,M0,1,12.1703,12.1703,12.1703,0.0,100.0,False,persistent_underprediction,
country_model,ICILS,computer_literacy,KOR,2023,M1,1,7.3606,7.3606,7.3606,0.0,100.0,False,within_typical_band,
country_model,ICILS,computer_literacy,LUX,2023,M0,1,-1.1274,1.1274,1.1274,100.0,0.0,False,within_typical_band,
country_model,ICILS,computer_literacy,LUX,2023,M1,1,4.1472,4.1472,4.1472,0.0,100.0,False,within_typical_band,
country_model,ICILS,computer_literacy,PRT,2023,M0,1,15.2622,15.2622,15.2622,0.0,100.0,False,persistent_underprediction,
country_model,ICILS,computer_literacy,PRT,2023,M1,1,11.9634,11.9634,11.9634,0.0,100.0,False,persistent_underprediction,
country_model,ICILS,computer_literacy,USA,2023,M0,1,-13.25,13.25,13.25,100.0,0.0,False,persistent_overprediction,
country_model,ICILS,computer_literacy,USA,2023,M1,1,-15.6903,15.6903,15.6903,100.0,0.0,False,persistent_overprediction,
country_model,PIAAC,literacy,CAN,2017,M0,1,11.1537,11.1537,11.1537,0.0,100.0,True,persistent_underprediction,
country_model,PIAAC,literacy,CAN,2017,M1,1,11.1145,11.1145,11.1145,0.0,100.0,True,persistent_underprediction,
country_model,PIAAC,literacy,CHL,2017,M0,1,25.3934,25.3934,25.3934,0.0,100.0,True,persistent_underprediction,
country_model,PIAAC,literacy,CHL,2017,M1,1,25.3502,25.3502,25.3502,0.0,100.0,True,persistent_underprediction,
country_model,PIAAC,literacy,CZE,2017,M0,1,-4.4246,4.4246,4.4246,100.0,0.0,True,within_typical_band,
country_model,PIAAC,literacy,CZE,2017,M1,1,-4.4348,4.4348,4.4348,100.0,0.0,True,within_typical_band,
country_model,PIAAC,literacy,FIN,2017,M0,1,20.7352,20.7352,20.7352,0.0,100.0,True,persistent_underprediction,
country_model,PIAAC,literacy,FIN,2017,M1,1,20.7341,20.7341,20.7341,0.0,100.0,True,persistent_underprediction,
country_model,PIAAC,literacy,FRA,2017,M0,1,-1.5027,1.5027,1.5027,100.0,0.0,True,within_typical_band,
country_model,PIAAC,literacy,FRA,2017,M1,1,-1.4849,1.4849,1.4849,100.0,0.0,True,within_typical_band,
country_model,PIAAC,literacy,GBR,2017,M0,1,8.7241,8.7241,8.7241,0.0,100.0,True,within_typical_band,
country_model,PIAAC,literacy,GBR,2017,M1,1,8.7194,8.7194,8.7194,0.0,100.0,True,within_typical_band,
country_model,PIAAC,literacy,IRL,2017,M0,1,2.4308,2.4308,2.4308,0.0,100.0,True,within_typical_band,
country_model,PIAAC,literacy,IRL,2017,M1,1,2.4494,2.4494,2.4494,0.0,100.0,True,within_typical_band,
country_model,PIAAC,literacy,JPN,2017,M0,1,3.5472,3.5472,3.5472,0.0,100.0,True,within_typical_band,
country_model,PIAAC,literacy,JPN,2017,M1,1,3.5397,3.5397,3.5397,0.0,100.0,True,within_typical_band,
country_model,PIAAC,literacy,LTU,2017,M0,1,-22.0562,22.0562,22.0562,100.0,0.0,True,persistent_overprediction,
country_model,PIAAC,literacy,LTU,2017,M1,1,-22.0542,22.0542,22.0542,100.0,0.0,True,persistent_overprediction,
country_model,PIAAC,literacy,NOR,2017,M0,1,14.5495,14.5495,14.5495,0.0,100.0,True,persistent_underprediction,
country_model,PIAAC,literacy,NOR,2017,M1,1,14.5299,14.5299,14.5299,0.0,100.0,True,persistent_underprediction,
country_model,PIAAC,literacy,NZL,2017,M0,1,-12.8592,12.8592,12.8592,100.0,0.0,True,persistent_overprediction,
country_model,PIAAC,literacy,NZL,2017,M1,1,-12.8651,12.8651,12.8651,100.0,0.0,True,persistent_overprediction,
country_model,PIAAC,literacy,POL,2017,M0,1,-25.5625,25.5625,25.5625,100.0,0.0,True,persistent_overprediction,
country_model,PIAAC,literacy,POL,2017,M1,1,-25.5554,25.5554,25.5554,100.0,0.0,True,persistent_overprediction,
country_model,PIAAC,literacy,SGP,2017,M0,1,3.0459,3.0459,3.0459,0.0,100.0,True,within_typical_band,
country_model,PIAAC,literacy,SGP,2017,M1,1,3.0638,3.0638,3.0638,0.0,100.0,True,within_typical_band,
country_model,PIAAC,literacy,SVK,2017,M0,1,-14.0706,14.0706,14.0706,100.0,0.0,True,persistent_overprediction,
country_model,PIAAC,literacy,SVK,2017,M1,1,-14.0563,14.0563,14.0563,100.0,0.0,True,persistent_overprediction,
country_model,PIAAC,literacy,SWE,2017,M0,1,22.2894,22.2894,22.2894,0.0,100.0,True,persistent_underprediction,
country_model,PIAAC,literacy,SWE,2017,M1,1,22.3016,22.3016,22.3016,0.0,100.0,True,persistent_underprediction,
country_model,PIAAC,numeracy,CAN,2017,M0,1,6.8683,6.8683,6.8683,0.0,100.0,True,within_typical_band,
country_model,PIAAC,numeracy,CAN,2017,M1,1,6.8606,6.8606,6.8606,0.0,100.0,True,within_typical_band,
country_model,PIAAC,numeracy,CHL,2017,M0,1,-15.5563,15.5563,15.5563,100.0,0.0,True,persistent_overprediction,
country_model,PIAAC,numeracy,CHL,2017,M1,1,-15.5824,15.5824,15.5824,100.0,0.0,True,persistent_overprediction,
country_model,PIAAC,numeracy,CZE,2017,M0,1,-5.0321,5.0321,5.0321,100.0,0.0,True,within_typical_band,
country_model,PIAAC,numeracy,CZE,2017,M1,1,-5.0437,5.0437,5.0437,100.0,0.0,True,within_typical_band,
country_model,PIAAC,numeracy,FIN,2017,M0,1,15.3199,15.3199,15.3199,0.0,100.0,True,persistent_underprediction,
country_model,PIAAC,numeracy,FIN,2017,M1,1,15.335,15.335,15.335,0.0,100.0,True,persistent_underprediction,
country_model,PIAAC,numeracy,FRA,2017,M0,1,-1.5863,1.5863,1.5863,100.0,0.0,True,within_typical_band,
country_model,PIAAC,numeracy,FRA,2017,M1,1,-1.5631,1.5631,1.5631,100.0,0.0,True,within_typical_band,
country_model,PIAAC,numeracy,GBR,2017,M0,1,8.6371,8.6371,8.6371,0.0,100.0,True,within_typical_band,
country_model,PIAAC,numeracy,GBR,2017,M1,1,8.627,8.627,8.627,0.0,100.0,True,within_typical_band,
country_model,PIAAC,numeracy,IRL,2017,M0,1,0.2564,0.2564,0.2563,0.0,100.0,True,within_typical_band,
country_model,PIAAC,numeracy,IRL,2017,M1,1,0.2822,0.2822,0.2821,0.0,100.0,True,within_typical_band,
country_model,PIAAC,numeracy,JPN,2017,M0,1,10.4416,10.4416,10.4416,0.0,100.0,True,persistent_underprediction,
country_model,PIAAC,numeracy,JPN,2017,M1,1,10.4265,10.4265,10.4265,0.0,100.0,True,persistent_underprediction,
country_model,PIAAC,numeracy,LTU,2017,M0,1,-20.9786,20.9786,20.9786,100.0,0.0,True,persistent_overprediction,
country_model,PIAAC,numeracy,LTU,2017,M1,1,-20.9871,20.9871,20.9871,100.0,0.0,True,persistent_overprediction,
country_model,PIAAC,numeracy,NOR,2017,M0,1,13.1072,13.1072,13.1072,0.0,100.0,True,persistent_underprediction,
country_model,PIAAC,numeracy,NOR,2017,M1,1,13.0865,13.0865,13.0865,0.0,100.0,True,persistent_underprediction,
country_model,PIAAC,numeracy,NZL,2017,M0,1,-13.4306,13.4306,13.4306,100.0,0.0,True,persistent_overprediction,
country_model,PIAAC,numeracy,NZL,2017,M1,1,-13.4411,13.4411,13.4411,100.0,0.0,True,persistent_overprediction,
country_model,PIAAC,numeracy,POL,2017,M0,1,-23.7551,23.7551,23.7551,100.0,0.0,True,persistent_overprediction,
country_model,PIAAC,numeracy,POL,2017,M1,1,-23.7473,23.7473,23.7473,100.0,0.0,True,persistent_overprediction,
country_model,PIAAC,numeracy,SGP,2017,M0,1,16.0998,16.0998,16.0998,0.0,100.0,True,persistent_underprediction,
country_model,PIAAC,numeracy,SGP,2017,M1,1,16.1109,16.1109,16.1109,0.0,100.0,True,persistent_underprediction,
country_model,PIAAC,numeracy,SVK,2017,M0,1,-18.8072,18.8072,18.8072,100.0,0.0,True,persistent_overprediction,
country_model,PIAAC,numeracy,SVK,2017,M1,1,-18.8033,18.8033,18.8033,100.0,0.0,True,persistent_overprediction,
country_model,PIAAC,numeracy,SWE,2017,M0,1,10.0667,10.0667,10.0667,0.0,100.0,True,persistent_underprediction,
country_model,PIAAC,numeracy,SWE,2017,M1,1,10.0676,10.0676,10.0676,0.0,100.0,True,persistent_underprediction,
country_model,PIRLS,reading,AAD,2016|2021,M0,2,-19.7006,19.7006,24.1718,100.0,0.0,False,persistent_overprediction,
country_model,PIRLS,reading,AAD,2016|2021,M0A,2,-26.6696,26.6696,27.5823,100.0,0.0,False,persistent_overprediction,
country_model,PIRLS,reading,AAD,2016|2021,M1,2,-20.7784,20.7784,24.4719,100.0,0.0,False,persistent_overprediction,
country_model,PIRLS,reading,AAD,2016|2021,M2,2,7.6488,17.6057,19.1954,50.0,50.0,False,within_typical_band,
country_model,PIRLS,reading,AAD,2016|2021,M3,2,-107.0157,107.0157,107.0177,100.0,0.0,False,persistent_overprediction,
country_model,PIRLS,reading,ADU,2016|2021,M0,2,14.157,21.1429,25.445,50.0,50.0,False,persistent_underprediction,
country_model,PIRLS,reading,ADU,2016|2021,M0A,2,14.1891,21.175,25.4894,50.0,50.0,False,persistent_underprediction,
country_model,PIRLS,reading,ADU,2016|2021,M1,2,14.1598,21.1457,25.4488,50.0,50.0,False,persistent_underprediction,
country_model,PIRLS,reading,ADU,2021,M2,1,36.8679,36.8679,36.8679,0.0,100.0,False,persistent_underprediction,
country_model,PIRLS,reading,ADU,2016|2021,M3,2,13.4521,20.438,24.4678,50.0,50.0,False,persistent_underprediction,
country_model,PIRLS,reading,ARE,2016,M0,1,-9.7115,9.7115,9.7115,100.0,0.0,False,within_typical_band,
country_model,PIRLS,reading,ARE,2016,M0A,1,-9.7115,9.7115,9.7115,100.0,0.0,False,within_typical_band,
country_model,PIRLS,reading,ARE,2016,M1,1,-9.7115,9.7115,9.7115,100.0,0.0,False,within_typical_band,
country_model,PIRLS,reading,ARE,2016,M2,1,11.5103,11.5103,11.5103,0.0,100.0,False,persistent_underprediction,
country_model,PIRLS,reading,ARE,2016,M3,1,-71.8743,71.8743,71.8743,100.0,0.0,False,persistent_overprediction,
country_model,PIRLS,reading,AUS,2016|2021,M0,2,7.5812,7.5812,8.501,0.0,100.0,False,within_typical_band,
country_model,PIRLS,reading,AUS,2016|2021,M0A,2,7.1623,7.1623,8.336,0.0,100.0,False,within_typical_band,
country_model,PIRLS,reading,AUS,2016|2021,M1,2,7.545,7.545,8.4852,0.0,100.0,False,within_typical_band,
country_model,PIRLS,reading,AUS,2016|2021,M2,2,6.3812,10.6068,12.3784,50.0,50.0,False,within_typical_band,
country_model,PIRLS,reading,AUS,2016|2021,M3,2,22.2735,22.2735,22.2737,0.0,100.0,False,persistent_underprediction,
country_model,PIRLS,reading,AUT,2011|2016|2021,M0,3,-4.8544,9.271,10.7918,66.67,33.33,False,within_typical_band,
country_model,PIRLS,reading,AUT,2011|2016|2021,M0A,3,-5.0972,9.5137,10.8947,66.67,33.33,False,within_typical_band,
country_model,PIRLS,reading,AUT,2011|2016|2021,M1,3,-4.8754,9.2919,10.8001,66.67,33.33,False,within_typical_band,
country_model,PIRLS,reading,AUT,2011|2016|2021,M2,3,-2.8444,10.7914,10.8409,66.67,33.33,False,within_typical_band,
country_model,PIRLS,reading,AUT,2011|2016|2021,M3,3,14.2637,14.2637,14.6236,0.0,100.0,False,persistent_underprediction,
country_model,PIRLS,reading,AZE,2016|2021,M0,2,-27.2477,27.2477,33.9077,100.0,0.0,False,persistent_overprediction,
country_model,PIRLS,reading,AZE,2016|2021,M0A,2,-26.5597,26.5597,32.9457,100.0,0.0,False,persistent_overprediction,
country_model,PIRLS,reading,AZE,2016|2021,M1,2,-27.1883,27.1883,33.8246,100.0,0.0,False,persistent_overprediction,
country_model,PIRLS,reading,AZE,2016|2021,M2,2,-11.0145,20.9876,23.7023,50.0,50.0,False,persistent_overprediction,
country_model,PIRLS,reading,AZE,2016|2021,M3,2,-63.698,63.698,65.2177,100.0,0.0,False,persistent_overprediction,
country_model,PIRLS,reading,BFL,2016|2021,M0,2,-3.0819,6.1628,6.8905,50.0,50.0,False,within_typical_band,
country_model,PIRLS,reading,BFL,2016|2021,M0A,2,-14.689,17.77,23.0551,50.0,50.0,False,persistent_overprediction,
country_model,PIRLS,reading,BFL,2016|2021,M1,2,-4.7556,7.8366,9.1667,50.0,50.0,False,within_typical_band,
country_model,PIRLS,reading,BFL,2021,M2,1,-18.3923,18.3923,18.3923,100.0,0.0,False,persistent_overprediction,
country_model,PIRLS,reading,BFL,2016|2021,M3,2,-19.8215,22.9025,30.2889,50.0,50.0,False,persistent_overprediction,
country_model,PIRLS,reading,BFR,2021,M0,1,-8.208,8.208,8.208,100.0,0.0,False,within_typical_band,
country_model,PIRLS,reading,BFR,2021,M0A,1,-21.1538,21.1538,21.1538,100.0,0.0,False,persistent_overprediction,
country_model,PIRLS,reading,BFR,2021,M1,1,-10.0733,10.0733,10.0733,100.0,0.0,False,persistent_overprediction,
country_model,PIRLS,reading,BFR,2021,M2,1,-3.2297,3.2297,3.2297,100.0,0.0,False,within_typical_band,
country_model,PIRLS,reading,BFR,2021,M3,1,-46.5422,46.5422,46.5422,100.0,0.0,False,persistent_overprediction,
country_model,PIRLS,reading,BGR,2016|2021,M0,2,6.7891,8.1443,10.6029,50.0,50.0,False,within_typical_band,
country_model,PIRLS,reading,BGR,2016|2021,M0A,2,6.26,8.6734,10.6965,50.0,50.0,False,within_typical_band,
country_model,PIRLS,reading,BGR,2016|2021,M1,2,6.7434,8.19,10.6089,50.0,50.0,False,within_typical_band,
country_model,PIRLS,reading,BGR,2016|2021,M2,2,4.0311,15.6764,16.1865,50.0,50.0,False,within_typical_band,
country_model,PIRLS,reading,BGR,2016|2021,M3,2,25.7426,25.7426,26.0243,0.0,100.0,False,persistent_underprediction,
country_model,PIRLS,reading,BHR,2016|2021,M0,2,-43.7681,43.7681,54.3429,100.0,0.0,False,persistent_overprediction,
country_model,PIRLS,reading,BHR,2016|2021,M0A,2,-42.6767,42.6767,54.1323,100.0,0.0,False,persistent_overprediction,
country_model,PIRLS,reading,BHR,2016|2021,M1,2,-43.6738,43.6738,54.323,100.0,0.0,False,persistent_overprediction,
country_model,PIRLS,reading,BHR,2021,M2,1,12.3953,12.3953,12.3953,0.0,100.0,False,persistent_underprediction,
country_model,PIRLS,reading,BHR,2016|2021,M3,2,-67.7767,67.7767,68.2711,100.0,0.0,False,persistent_overprediction,
country_model,PIRLS,reading,COT,2016,M0,1,-9.5055,9.5055,9.5055,100.0,0.0,False,within_typical_band,
country_model,PIRLS,reading,COT,2016,M0A,1,-9.5055,9.5055,9.5055,100.0,0.0,False,within_typical_band,
country_model,PIRLS,reading,COT,2016,M1,1,-9.5055,9.5055,9.5055,100.0,0.0,False,within_typical_band,
country_model,PIRLS,reading,COT,2016,M2,1,-8.2614,8.2614,8.2614,100.0,0.0,False,within_typical_band,
country_model,PIRLS,reading,COT,2016,M3,1,21.6037,21.6037,21.6037,0.0,100.0,False,persistent_underprediction,
country_model,PIRLS,reading,CQU,2011|2016|2021,M0,3,0.3062,3.7315,4.09,66.67,33.33,False,within_typical_band,
country_model,PIRLS,reading,CQU,2011|2016|2021,M0A,3,-1.5063,5.5439,6.1082,66.67,33.33,False,within_typical_band,
country_model,PIRLS,reading,CQU,2011|2016|2021,M1,3,0.1804,3.8572,4.1857,66.67,33.33,False,within_typical_band,
country_model,PIRLS,reading,CQU,2006|2011|2016|2021,M2,4,3.4395,5.6076,6.1237,25.0,75.0,False,within_typical_band,
country_model,PIRLS,reading,CQU,2011|2016|2021,M3,3,12.9673,17.9387,19.4974,33.33,66.67,False,persistent_underprediction,
country_model,PIRLS,reading,CZE,2021,M0,1,6.8811,6.8811,6.8811,0.0,100.0,False,within_typical_band,
country_model,PIRLS,reading,CZE,2021,M0A,1,6.0744,6.0744,6.0744,0.0,100.0,False,within_typical_band,
country_model,PIRLS,reading,CZE,2021,M1,1,6.8114,6.8114,6.8114,0.0,100.0,False,within_typical_band,
country_model,PIRLS,reading,CZE,2021,M2,1,-0.7514,0.7514,0.7514,100.0,0.0,False,within_typical_band,
country_model,PIRLS,reading,CZE,2021,M3,1,24.627,24.627,24.627,0.0,100.0,False,persistent_underprediction,
country_model,PIRLS,reading,DEU,2011|2016|2021,M0,3,-11.9603,11.9603,12.5104,100.0,0.0,False,persistent_overprediction,
country_model,PIRLS,reading,DEU,2011|2016|2021,M0A,3,-11.7071,11.7071,12.236,100.0,0.0,False,persistent_overprediction,
country_model,PIRLS,reading,DEU,2011|2016|2021,M1,3,-11.8719,11.8719,12.4135,100.0,0.0,False,persistent_overprediction,
country_model,PIRLS,reading,DEU,2006|2011|2016|2021,M2,4,-3.7789,8.0293,8.7662,75.0,25.0,False,within_typical_band,
country_model,PIRLS,reading,DEU,2011|2016|2021,M3,3,12.028,14.4142,16.7293,33.33,66.67,False,persistent_underprediction,
country_model,PIRLS,reading,DNK,2016|2021,M0,2,-7.7437,7.7437,7.7529,100.0,0.0,False,within_typical_band,
country_model,PIRLS,reading,DNK,2016|2021,M0A,2,-13.5157,13.5157,14.849,100.0,0.0,False,persistent_overprediction,
country_model,PIRLS,reading,DNK,2016|2021,M1,2,-8.4234,8.4234,8.4896,100.0,0.0,False,within_typical_band,
country_model,PIRLS,reading,DNK,2016|2021,M2,2,-7.3793,7.3793,7.4314,100.0,0.0,False,within_typical_band,
country_model,PIRLS,reading,DNK,2016|2021,M3,2,3.7,21.8146,22.1261,50.0,50.0,False,within_typical_band,
country_model,PIRLS,reading,EAN,2016,M0,1,1.9257,1.9257,1.9257,0.0,100.0,False,within_typical_band,
country_model,PIRLS,reading,EAN,2016,M0A,1,1.9257,1.9257,1.9257,0.0,100.0,False,within_typical_band,
country_model,PIRLS,reading,EAN,2016,M1,1,1.9257,1.9257,1.9257,0.0,100.0,False,within_typical_band,
country_model,PIRLS,reading,EAN,2016,M2,1,9.6873,9.6873,9.6873,0.0,100.0,False,within_typical_band,
country_model,PIRLS,reading,EAN,2016,M3,1,2.6061,2.6061,2.6061,0.0,100.0,False,within_typical_band,
country_model,PIRLS,reading,ESP,2021,M0,1,-29.5973,29.5973,29.5973,100.0,0.0,False,persistent_overprediction,
country_model,PIRLS,reading,ESP,2021,M0A,1,-13.2901,13.2901,13.2901,100.0,0.0,False,persistent_overprediction,
country_model,PIRLS,reading,ESP,2021,M1,1,-26.8823,26.8823,26.8823,100.0,0.0,False,persistent_overprediction,
country_model,PIRLS,reading,ESP,2021,M2,1,-10.8388,10.8388,10.8388,100.0,0.0,False,persistent_overprediction,
country_model,PIRLS,reading,ESP,2021,M3,1,-10.5683,10.5683,10.5683,100.0,0.0,False,persistent_overprediction,
country_model,PIRLS,reading,FIN,2016|2021,M0,2,-2.9191,2.9191,3.935,100.0,0.0,False,within_typical_band,
country_model,PIRLS,reading,FIN,2016|2021,M0A,2,-9.8834,9.8834,13.7805,100.0,0.0,False,within_typical_band,
country_model,PIRLS,reading,FIN,2016|2021,M1,2,-3.8011,3.8011,5.1812,100.0,0.0,False,within_typical_band,
country_model,PIRLS,reading,FIN,2016|2021,M2,2,-9.2852,9.2852,11.8869,100.0,0.0,False,within_typical_band,
country_model,PIRLS,reading,FIN,2016|2021,M3,2,21.2188,22.8103,31.1536,50.0,50.0,False,persistent_underprediction,
country_model,PIRLS,reading,FRA,2011|2016|2021,M0,3,-7.6675,7.6675,9.9049,100.0,0.0,False,within_typical_band,
country_model,PIRLS,reading,FRA,2011|2016|2021,M0A,3,-7.6078,7.6078,9.9037,100.0,0.0,False,within_typical_band,
country_model,PIRLS,reading,FRA,2011|2016|2021,M1,3,-7.6623,7.6623,9.9048,100.0,0.0,False,within_typical_band,
country_model,PIRLS,reading,FRA,2006|2011|2016|2021,M2,4,-2.8583,4.1048,4.9554,75.0,25.0,False,within_typical_band,
country_model,PIRLS,reading,FRA,2011|2016|2021,M3,3,-3.8873,6.0904,6.9295,66.67,33.33,False,within_typical_band,
country_model,PIRLS,reading,GEO,2011|2016|2021,M0,3,-7.8387,19.5805,20.8421,66.67,33.33,False,within_typical_band,
country_model,PIRLS,reading,GEO,2011|2016|2021,M0A,3,-2.7359,14.4777,14.6659,66.67,33.33,False,within_typical_band,
country_model,PIRLS,reading,GEO,2011|2016|2021,M1,3,-6.9774,18.7192,19.6576,66.67,33.33,False,within_typical_band,
country_model,PIRLS,reading,GEO,2011|2016|2021,M2,3,7.7302,7.7302,10.3146,0.0,100.0,False,within_typical_band,
country_model,PIRLS,reading,GEO,2011|2016|2021,M3,3,-35.7327,35.7327,36.3297,100.0,0.0,False,persistent_overprediction,
country_model,PIRLS,reading,HKG,2011,M0,1,-4.033,4.033,4.033,100.0,0.0,False,within_typical_band,
country_model,PIRLS,reading,HKG,2011,M0A,1,-4.033,4.033,4.033,100.0,0.0,False,within_typical_band,
country_model,PIRLS,reading,HKG,2011,M1,1,-4.033,4.033,4.033,100.0,0.0,False,within_typical_band,
country_model,PIRLS,reading,HKG,2006|2011,M2,2,21.3358,21.3358,25.9121,0.0,100.0,False,persistent_underprediction,
country_model,PIRLS,reading,HKG,2011,M3,1,53.8466,53.8466,53.8466,0.0,100.0,False,persistent_underprediction,
country_model,PIRLS,reading,IRL,2016,M0,1,13.7057,13.7057,13.7057,0.0,100.0,False,persistent_underprediction,
country_model,PIRLS,reading,IRL,2016,M0A,1,13.7057,13.7057,13.7057,0.0,100.0,False,persistent_underprediction,
country_model,PIRLS,reading,IRL,2016,M1,1,13.7057,13.7057,13.7057,0.0,100.0,False,persistent_underprediction,
country_model,PIRLS,reading,IRL,2016,M2,1,14.9919,14.9919,14.9919,0.0,100.0,False,persistent_underprediction,
country_model,PIRLS,reading,IRL,2016,M3,1,44.6184,44.6184,44.6184,0.0,100.0,False,persistent_underprediction,
country_model,PIRLS,reading,IRN,2016|2021,M0,2,-55.189,55.189,65.7464,100.0,0.0,False,persistent_overprediction,
country_model,PIRLS,reading,IRN,2016|2021,M0A,2,-58.7729,58.7729,66.9906,100.0,0.0,False,persistent_overprediction,
country_model,PIRLS,reading,IRN,2016|2021,M1,2,-56.0417,56.0417,66.0093,100.0,0.0,False,persistent_overprediction,
country_model,PIRLS,reading,IRN,2021,M2,1,-18.2824,18.2824,18.2824,100.0,0.0,False,persistent_overprediction,
country_model,PIRLS,reading,IRN,2016|2021,M3,2,-80.0222,80.0222,80.7609,100.0,0.0,False,persistent_overprediction,
country_model,PIRLS,reading,ISL,2006,M2,1,-1.8196,1.8196,1.8196,100.0,0.0,False,within_typical_band,
country_model,PIRLS,reading,ISR,2011|2016|2021,M0,3,-2.4299,18.4778,18.9585,66.67,33.33,False,within_typical_band,
country_model,PIRLS,reading,ISR,2011|2016|2021,M0A,3,-2.5651,18.613,19.0848,66.67,33.33,False,within_typical_band,
country_model,PIRLS,reading,ISR,2011|2016|2021,M1,3,-2.4416,18.4895,18.9693,66.67,33.33,False,within_typical_band,
country_model,PIRLS,reading,ISR,2006|2011|2016|2021,M2,4,0.099,15.8918,18.5362,50.0,50.0,False,within_typical_band,
country_model,PIRLS,reading,ISR,2011|2016|2021,M3,3,7.9666,13.7231,15.6039,33.33,66.67,False,within_typical_band,
country_model,PIRLS,reading,ITA,2016|2021,M0,2,14.0893,14.0893,18.4679,0.0,100.0,False,persistent_underprediction,
country_model,PIRLS,reading,ITA,2016|2021,M0A,2,13.6144,13.6144,18.4248,0.0,100.0,False,persistent_underprediction,
country_model,PIRLS,reading,ITA,2016|2021,M1,2,14.0483,14.0483,18.4633,0.0,100.0,False,persistent_underprediction,
country_model,PIRLS,reading,ITA,2006|2021,M2,2,1.8725,8.8669,9.0625,50.0,50.0,False,within_typical_band,
country_model,PIRLS,reading,ITA,2016|2021,M3,2,24.5358,24.5358,24.5812,0.0,100.0,False,persistent_underprediction,
country_model,PIRLS,reading,KAZ,2016|2021,M0,2,-25.3245,39.3929,46.8309,50.0,50.0,False,persistent_overprediction,
country_model,PIRLS,reading,KAZ,2016|2021,M0A,2,-13.9972,28.0656,31.3625,50.0,50.0,False,persistent_overprediction,
country_model,PIRLS,reading,KAZ,2016|2021,M1,2,-23.3437,37.4121,44.0975,50.0,50.0,False,persistent_overprediction,
country_model,PIRLS,reading,KAZ,2021,M2,1,-31.618,31.618,31.618,100.0,0.0,False,persistent_overprediction,
country_model,PIRLS,reading,KAZ,2016|2021,M3,2,-15.0479,29.1163,32.775,50.0,50.0,False,persistent_overprediction,
country_model,PIRLS,reading,KWT,2011,M0,1,106.611,106.611,106.611,0.0,100.0,False,persistent_underprediction,
country_model,PIRLS,reading,KWT,2011,M0A,1,106.611,106.611,106.611,0.0,100.0,False,persistent_underprediction,
country_model,PIRLS,reading,KWT,2011,M1,1,106.611,106.611,106.611,0.0,100.0,False,persistent_underprediction,
country_model,PIRLS,reading,KWT,2011,M2,1,88.7707,88.7707,88.7707,0.0,100.0,False,persistent_underprediction,
country_model,PIRLS,reading,KWT,2011,M3,1,-97.625,97.625,97.625,100.0,0.0,False,persistent_overprediction,
country_model,PIRLS,reading,LTU,2011,M0,1,-16.1882,16.1882,16.1882,100.0,0.0,False,persistent_overprediction,
country_model,PIRLS,reading,LTU,2011,M0A,1,-16.1882,16.1882,16.1882,100.0,0.0,False,persistent_overprediction,
country_model,PIRLS,reading,LTU,2011,M1,1,-16.1882,16.1882,16.1882,100.0,0.0,False,persistent_overprediction,
country_model,PIRLS,reading,LTU,2006|2011,M2,2,-7.5788,7.5788,7.6771,100.0,0.0,False,within_typical_band,
country_model,PIRLS,reading,LTU,2011,M3,1,11.5329,11.5329,11.5329,0.0,100.0,False,persistent_underprediction,
country_model,PIRLS,reading,LVA,2021,M0,1,-17.7626,17.7626,17.7626,100.0,0.0,False,persistent_overprediction,
country_model,PIRLS,reading,LVA,2021,M0A,1,-19.0116,19.0116,19.0116,100.0,0.0,False,persistent_overprediction,
country_model,PIRLS,reading,LVA,2021,M1,1,-17.8705,17.8705,17.8705,100.0,0.0,False,persistent_overprediction,
country_model,PIRLS,reading,LVA,2006|2021,M2,2,-16.8819,16.8819,21.4214,100.0,0.0,False,persistent_overprediction,
country_model,PIRLS,reading,LVA,2021,M3,1,9.7129,9.7129,9.7129,0.0,100.0,False,within_typical_band,
country_model,PIRLS,reading,MAR,2016,M0,1,-172.7229,172.7229,172.7229,100.0,0.0,False,persistent_overprediction,
country_model,PIRLS,reading,MAR,2016,M0A,1,-172.7229,172.7229,172.7229,100.0,0.0,False,persistent_overprediction,
country_model,PIRLS,reading,MAR,2016,M1,1,-172.7229,172.7229,172.7229,100.0,0.0,False,persistent_overprediction,
country_model,PIRLS,reading,MAR,2006,M2,1,-26.9312,26.9312,26.9312,100.0,0.0,False,persistent_overprediction,
country_model,PIRLS,reading,MAR,2016,M3,1,-172.7229,172.7229,172.7229,100.0,0.0,False,persistent_overprediction,
country_model,PIRLS,reading,MDA,2006,M2,1,8.141,8.141,8.141,0.0,100.0,False,within_typical_band,
country_model,PIRLS,reading,MKD,2006,M2,1,0.8091,0.8091,0.8091,0.0,100.0,False,within_typical_band,
country_model,PIRLS,reading,NIR,2016|2021,M0,2,-8.4578,14.5483,16.8282,50.0,50.0,False,within_typical_band,
country_model,PIRLS,reading,NIR,2016|2021,M0A,2,4.4998,4.4998,4.7727,0.0,100.0,False,within_typical_band,
country_model,PIRLS,reading,NIR,2016|2021,M1,2,-6.2242,12.3148,13.7983,50.0,50.0,False,within_typical_band,
country_model,PIRLS,reading,NIR,2016|2021,M2,2,3.7411,3.7411,4.4598,0.0,100.0,False,within_typical_band,
country_model,PIRLS,reading,NIR,2016|2021,M3,2,33.6836,33.6836,34.8547,0.0,100.0,False,persistent_underprediction,
country_model,PIRLS,reading,NLD,2011|2016|2021,M0,3,-12.2983,12.2983,14.9431,100.0,0.0,False,persistent_overprediction,
country_model,PIRLS,reading,NLD,2011|2016|2021,M0A,3,-13.5141,13.5141,16.8957,100.0,0.0,False,persistent_overprediction,
country_model,PIRLS,reading,NLD,2011|2016|2021,M1,3,-12.3519,12.3519,15.0283,100.0,0.0,False,persistent_overprediction,
country_model,PIRLS,reading,NLD,2006|2011|2016|2021,M2,4,-6.7428,6.7428,9.5363,100.0,0.0,False,within_typical_band,
country_model,PIRLS,reading,NLD,2011|2016|2021,M3,3,9.0254,25.82,25.958,33.33,66.67,False,within_typical_band,
country_model,PIRLS,reading,NOR,2016|2021,M0,2,4.7264,32.2453,32.5898,50.0,50.0,False,within_typical_band,
country_model,PIRLS,reading,NOR,2016|2021,M0A,2,0.0226,36.9491,36.9491,50.0,50.0,False,within_typical_band,
country_model,PIRLS,reading,NOR,2016|2021,M1,2,4.2407,32.7309,33.0045,50.0,50.0,False,within_typical_band,
country_model,PIRLS,reading,NOR,2006|2021,M2,2,-14.4821,14.4821,19.67,100.0,0.0,False,persistent_overprediction,
country_model,PIRLS,reading,NOR,2016|2021,M3,2,4.2849,32.6868,32.9665,50.0,50.0,False,within_typical_band,
country_model,PIRLS,reading,NZL,2016|2021,M0,2,-1.0486,1.6019,1.9147,50.0,50.0,False,within_typical_band,
country_model,PIRLS,reading,NZL,2016|2021,M0A,2,-1.1324,1.6857,2.0307,50.0,50.0,False,within_typical_band,
country_model,PIRLS,reading,NZL,2016|2021,M1,2,-1.0559,1.6092,1.9247,50.0,50.0,False,within_typical_band,
country_model,PIRLS,reading,NZL,2006|2021,M2,2,-0.3188,3.2101,3.2259,50.0,50.0,False,within_typical_band,
country_model,PIRLS,reading,NZL,2016|2021,M3,2,0.7929,0.7929,0.8283,0.0,100.0,False,within_typical_band,
country_model,PIRLS,reading,POL,2011,M0,1,0.9515,0.9515,0.9515,0.0,100.0,False,within_typical_band,
country_model,PIRLS,reading,POL,2011,M0A,1,0.9515,0.9515,0.9515,0.0,100.0,False,within_typical_band,
country_model,PIRLS,reading,POL,2011,M1,1,0.9515,0.9515,0.9515,0.0,100.0,False,within_typical_band,
country_model,PIRLS,reading,POL,2011,M2,1,6.1833,6.1833,6.1833,0.0,100.0,False,within_typical_band,
country_model,PIRLS,reading,POL,2011,M3,1,8.8766,8.8766,8.8766,0.0,100.0,False,within_typical_band,
country_model,PIRLS,reading,PRT,2016|2021,M0,2,-10.1312,10.1312,11.8229,100.0,0.0,False,persistent_overprediction,
country_model,PIRLS,reading,PRT,2016|2021,M0A,2,-7.532,8.6934,11.5024,50.0,50.0,False,within_typical_band,
country_model,PIRLS,reading,PRT,2016|2021,M1,2,-9.7788,9.7788,11.7125,100.0,0.0,False,within_typical_band,
country_model,PIRLS,reading,PRT,2016|2021,M2,2,-10.5366,10.5366,10.8298,100.0,0.0,False,persistent_overprediction,
country_model,PIRLS,reading,PRT,2016|2021,M3,2,10.8286,10.8286,11.9312,0.0,100.0,False,persistent_underprediction,
country_model,PIRLS,reading,QAT,2016|2021,M0,2,-30.8237,48.9081,57.8109,50.0,50.0,False,persistent_overprediction,
country_model,PIRLS,reading,QAT,2016|2021,M0A,2,-38.7806,40.9513,56.3998,50.0,50.0,False,persistent_overprediction,
country_model,PIRLS,reading,QAT,2016|2021,M1,2,-31.9894,47.7425,57.4688,50.0,50.0,False,persistent_overprediction,
country_model,PIRLS,reading,QAT,2021,M2,1,42.4796,42.4796,42.4796,0.0,100.0,False,persistent_underprediction,
country_model,PIRLS,reading,QAT,2016|2021,M3,2,-74.1379,74.1379,74.3486,100.0,0.0,False,persistent_overprediction,
country_model,PIRLS,reading,RMO,2021,M0,1,20.8974,20.8974,20.8974,0.0,100.0,False,persistent_underprediction,
country_model,PIRLS,reading,RMO,2021,M0A,1,17.9799,17.9799,17.9799,0.0,100.0,False,persistent_underprediction,
country_model,PIRLS,reading,RMO,2021,M1,1,20.6454,20.6454,20.6454,0.0,100.0,False,persistent_underprediction,
country_model,PIRLS,reading,RMO,2021,M2,1,-9.037,9.037,9.037,100.0,0.0,False,within_typical_band,
country_model,PIRLS,reading,RMO,2021,M3,1,85.0771,85.0771,85.0771,0.0,100.0,False,persistent_underprediction,
country_model,PIRLS,reading,RUS,2011|2016|2021,M0,3,-8.4374,17.7932,20.7173,66.67,33.33,False,within_typical_band,
country_model,PIRLS,reading,RUS,2011|2016|2021,M0A,3,-1.3818,10.7376,11.1082,66.67,33.33,False,within_typical_band,
country_model,PIRLS,reading,RUS,2011|2016|2021,M1,3,-7.135,16.4908,18.7156,66.67,33.33,False,within_typical_band,
country_model,PIRLS,reading,RUS,2006|2011|2016|2021,M2,4,10.7458,15.6737,20.1137,25.0,75.0,False,persistent_underprediction,
country_model,PIRLS,reading,RUS,2011|2016|2021,M3,3,41.631,41.631,45.9663,0.0,100.0,False,persistent_underprediction,
country_model,PIRLS,reading,SAU,2016|2021,M0,2,-8.8803,13.4344,16.1041,50.0,50.0,False,within_typical_band,
country_model,PIRLS,reading,SAU,2016|2021,M0A,2,-14.4188,14.4188,16.4392,100.0,0.0,False,persistent_overprediction,
country_model,PIRLS,reading,SAU,2016|2021,M1,2,-9.8745,12.4402,15.8828,50.0,50.0,False,within_typical_band,
country_model,PIRLS,reading,SAU,2016|2021,M2,2,9.3497,9.3497,12.9085,0.0,100.0,False,within_typical_band,
country_model,PIRLS,reading,SAU,2016|2021,M3,2,-78.9202,78.9202,79.9448,100.0,0.0,False,persistent_overprediction,
country_model,PIRLS,reading,SGP,2011,M0,1,-0.9646,0.9646,0.9646,100.0,0.0,False,within_typical_band,
country_model,PIRLS,reading,SGP,2011,M0A,1,-0.9646,0.9646,0.9646,100.0,0.0,False,within_typical_band,
country_model,PIRLS,reading,SGP,2011,M1,1,-0.9646,0.9646,0.9646,100.0,0.0,False,within_typical_band,
country_model,PIRLS,reading,SGP,2011,M2,1,9.0117,9.0117,9.0117,0.0,100.0,False,within_typical_band,
country_model,PIRLS,reading,SGP,2011,M3,1,50.5885,50.5885,50.5885,0.0,100.0,False,persistent_underprediction,
country_model,PIRLS,reading,SVK,2011|2016,M0,2,-3.4249,3.4249,3.5879,100.0,0.0,False,within_typical_band,
country_model,PIRLS,reading,SVK,2011|2016,M0A,2,-3.4249,3.4249,3.5879,100.0,0.0,False,within_typical_band,
country_model,PIRLS,reading,SVK,2011|2016,M1,2,-3.4249,3.4249,3.5879,100.0,0.0,False,within_typical_band,
country_model,PIRLS,reading,SVK,2006|2011|2016,M2,3,5.5679,5.7636,7.7525,33.33,66.67,False,within_typical_band,
country_model,PIRLS,reading,SVK,2011|2016,M3,2,15.6009,15.6009,15.848,0.0,100.0,False,persistent_underprediction,
country_model,PIRLS,reading,SVN,2011,M0,1,3.2957,3.2957,3.2957,0.0,100.0,False,within_typical_band,
country_model,PIRLS,reading,SVN,2011,M0A,1,3.2957,3.2957,3.2957,0.0,100.0,False,within_typical_band,
country_model,PIRLS,reading,SVN,2011,M1,1,3.2957,3.2957,3.2957,0.0,100.0,False,within_typical_band,
country_model,PIRLS,reading,SVN,2006|2011,M2,2,14.4012,14.4012,15.4561,0.0,100.0,False,persistent_underprediction,
country_model,PIRLS,reading,SVN,2011,M3,1,13.6243,13.6243,13.6243,0.0,100.0,False,persistent_underprediction,
country_model,PIRLS,reading,SWE,2016|2021,M0,2,3.2956,7.1519,7.8747,50.0,50.0,False,within_typical_band,
country_model,PIRLS,reading,SWE,2016|2021,M0A,2,2.7109,7.7366,8.1978,50.0,50.0,False,within_typical_band,
country_model,PIRLS,reading,SWE,2016|2021,M1,2,3.2451,7.2024,7.8997,50.0,50.0,False,within_typical_band,
country_model,PIRLS,reading,SWE,2016|2021,M2,2,-0.918,14.4033,14.4325,50.0,50.0,False,within_typical_band,
country_model,PIRLS,reading,SWE,2016|2021,M3,2,27.5257,27.5257,28.1009,0.0,100.0,False,persistent_underprediction,
country_model,PIRLS,reading,TTO,2011,M0,1,40.2557,40.2557,40.2557,0.0,100.0,False,persistent_underprediction,
country_model,PIRLS,reading,TTO,2011,M0A,1,40.2557,40.2557,40.2557,0.0,100.0,False,persistent_underprediction,
country_model,PIRLS,reading,TTO,2011,M1,1,40.2557,40.2557,40.2557,0.0,100.0,False,persistent_underprediction,
country_model,PIRLS,reading,TTO,2011,M2,1,35.2623,35.2623,35.2623,0.0,100.0,False,persistent_underprediction,
country_model,PIRLS,reading,TTO,2011,M3,1,-45.846,45.846,45.846,100.0,0.0,False,persistent_overprediction,
country_model,PIRLS,reading,USA,2011,M0,1,8.7122,8.7122,8.7122,0.0,100.0,False,within_typical_band,
country_model,PIRLS,reading,USA,2011,M0A,1,8.7122,8.7122,8.7122,0.0,100.0,False,within_typical_band,
country_model,PIRLS,reading,USA,2011,M1,1,8.7122,8.7122,8.7122,0.0,100.0,False,within_typical_band,
country_model,PIRLS,reading,USA,2006|2011,M2,2,7.1128,9.3369,11.7375,50.0,50.0,False,within_typical_band,
country_model,PIRLS,reading,USA,2011,M3,1,39.6786,39.6786,39.6786,0.0,100.0,False,persistent_underprediction,
country_model,PISA,mathematics,ALB,2025,M0,1,66.5493,66.5493,66.5493,0.0,100.0,False,persistent_underprediction,
country_model,PISA,mathematics,ALB,2025,M0A,1,73.8076,73.8076,73.8076,0.0,100.0,False,persistent_underprediction,
country_model,PISA,mathematics,ALB,2025,M1,1,66.7074,66.7074,66.7074,0.0,100.0,False,persistent_underprediction,
country_model,PISA,mathematics,ALB,2022|2025,M2,2,9.8301,54.7654,55.6406,50.0,50.0,False,within_typical_band,
country_model,PISA,mathematics,ALB,2025,M3,1,74.86,74.86,74.86,0.0,100.0,False,persistent_underprediction,
country_model,PISA,mathematics,ARE,2025,M0,1,28.6464,28.6464,28.6464,0.0,100.0,False,persistent_underprediction,
country_model,PISA,mathematics,ARE,2025,M0A,1,30.3059,30.3059,30.3059,0.0,100.0,False,persistent_underprediction,
country_model,PISA,mathematics,ARE,2025,M1,1,28.7157,28.7157,28.7157,0.0,100.0,False,persistent_underprediction,
country_model,PISA,mathematics,ARE,2022|2025,M2,2,12.553,12.553,15.4025,0.0,100.0,False,persistent_underprediction,
country_model,PISA,mathematics,ARE,2025,M3,1,34.1918,34.1918,34.1918,0.0,100.0,False,persistent_underprediction,
country_model,PISA,mathematics,ARG,2025,M0,1,-13.333,13.333,13.333,100.0,0.0,False,persistent_overprediction,
country_model,PISA,mathematics,ARG,2025,M0A,1,-8.2859,8.2859,8.2859,100.0,0.0,False,within_typical_band,
country_model,PISA,mathematics,ARG,2025,M1,1,-13.0572,13.0572,13.0572,100.0,0.0,False,persistent_overprediction,
country_model,PISA,mathematics,ARG,2025,M2,1,-10.7148,10.7148,10.7148,100.0,0.0,False,persistent_overprediction,
country_model,PISA,mathematics,ARG,2025,M3,1,-0.0878,0.0878,0.0877,100.0,0.0,False,within_typical_band,
country_model,PISA,mathematics,AUS,2025,M0,1,0.1798,0.1798,0.1797,0.0,100.0,False,within_typical_band,
country_model,PISA,mathematics,AUS,2025,M0A,1,4.1179,4.1179,4.1179,0.0,100.0,False,within_typical_band,
country_model,PISA,mathematics,AUS,2025,M1,1,0.6002,0.6002,0.6002,0.0,100.0,False,within_typical_band,
country_model,PISA,mathematics,AUS,2022|2025,M2,2,-8.1848,8.1848,8.2991,100.0,0.0,False,within_typical_band,
country_model,PISA,mathematics,AUS,2025,M3,1,5.3357,5.3357,5.3357,0.0,100.0,False,within_typical_band,
country_model,PISA,mathematics,AUT,2025,M0,1,7.3193,7.3193,7.3193,0.0,100.0,False,within_typical_band,
country_model,PISA,mathematics,AUT,2025,M0A,1,14.5075,14.5075,14.5075,0.0,100.0,False,persistent_underprediction,
country_model,PISA,mathematics,AUT,2025,M1,1,7.4134,7.4134,7.4134,0.0,100.0,False,within_typical_band,
country_model,PISA,mathematics,AUT,2022|2025,M2,2,-9.7742,9.7742,9.7788,100.0,0.0,False,within_typical_band,
country_model,PISA,mathematics,AUT,2025,M3,1,4.8268,4.8268,4.8268,0.0,100.0,False,within_typical_band,
country_model,PISA,mathematics,BEL,2025,M0,1,8.5565,8.5565,8.5565,0.0,100.0,False,within_typical_band,
country_model,PISA,mathematics,BEL,2025,M0A,1,7.8776,7.8776,7.8776,0.0,100.0,False,within_typical_band,
country_model,PISA,mathematics,BEL,2025,M1,1,8.697,8.697,8.697,0.0,100.0,False,within_typical_band,
country_model,PISA,mathematics,BEL,2022|2025,M2,2,-13.6507,13.6507,14.1824,100.0,0.0,False,persistent_overprediction,
country_model,PISA,mathematics,BEL,2025,M3,1,5.183,5.183,5.183,0.0,100.0,False,within_typical_band,
country_model,PISA,mathematics,BGR,2025,M0,1,-6.7173,6.7173,6.7173,100.0,0.0,False,within_typical_band,
country_model,PISA,mathematics,BGR,2025,M0A,1,-5.2879,5.2879,5.2879,100.0,0.0,False,within_typical_band,
country_model,PISA,mathematics,BGR,2025,M1,1,-6.6856,6.6856,6.6856,100.0,0.0,False,within_typical_band,
country_model,PISA,mathematics,BGR,2022|2025,M2,2,-18.0561,18.0561,18.974,100.0,0.0,False,persistent_overprediction,
country_model,PISA,mathematics,BGR,2025,M3,1,-0.0504,0.0504,0.05,100.0,0.0,False,within_typical_band,
country_model,PISA,mathematics,BRA,2025,M0,1,-14.7367,14.7367,14.7367,100.0,0.0,False,persistent_overprediction,
country_model,PISA,mathematics,BRA,2025,M0A,1,0.1572,0.1572,0.1572,0.0,100.0,False,within_typical_band,
country_model,PISA,mathematics,BRA,2025,M1,1,-14.5673,14.5673,14.5673,100.0,0.0,False,persistent_overprediction,
country_model,PISA,mathematics,BRA,2022|2025,M2,2,-0.1508,1.7727,1.7791,50.0,50.0,False,within_typical_band,
country_model,PISA,mathematics,BRA,2025,M3,1,8.7488,8.7488,8.7488,0.0,100.0,False,within_typical_band,
country_model,PISA,mathematics,BRN,2025,M0,1,-6.5104,6.5104,6.5104,100.0,0.0,False,within_typical_band,
country_model,PISA,mathematics,BRN,2025,M0A,1,-2.8902,2.8902,2.8902,100.0,0.0,False,within_typical_band,
country_model,PISA,mathematics,BRN,2025,M1,1,-6.1923,6.1923,6.1923,100.0,0.0,False,within_typical_band,
country_model,PISA,mathematics,BRN,2025,M2,1,-6.9104,6.9104,6.9104,100.0,0.0,False,within_typical_band,
country_model,PISA,mathematics,BRN,2025,M3,1,6.2309,6.2309,6.2309,0.0,100.0,False,within_typical_band,
country_model,PISA,mathematics,CAN,2025,M0,1,1.6552,1.6552,1.6552,0.0,100.0,False,within_typical_band,
country_model,PISA,mathematics,CAN,2025,M0A,1,4.0757,4.0757,4.0757,0.0,100.0,False,within_typical_band,
country_model,PISA,mathematics,CAN,2025,M1,1,1.9358,1.9358,1.9358,0.0,100.0,False,within_typical_band,
country_model,PISA,mathematics,CAN,2022|2025,M2,2,-15.1548,15.1548,15.5639,100.0,0.0,False,persistent_overprediction,
country_model,PISA,mathematics,CAN,2025,M3,1,3.6672,3.6672,3.6672,0.0,100.0,False,within_typical_band,
country_model,PISA,mathematics,CHE,2025,M0,1,14.8959,14.8959,14.8959,0.0,100.0,False,persistent_underprediction,
country_model,PISA,mathematics,CHE,2025,M0A,1,16.3164,16.3164,16.3164,0.0,100.0,False,persistent_underprediction,
country_model,PISA,mathematics,CHE,2025,M1,1,14.9442,14.9442,14.9442,0.0,100.0,False,persistent_underprediction,
country_model,PISA,mathematics,CHE,2022|2025,M2,2,-11.0518,11.0518,11.2702,100.0,0.0,False,persistent_overprediction,
country_model,PISA,mathematics,CHE,2025,M3,1,6.8638,6.8638,6.8638,0.0,100.0,False,within_typical_band,
country_model,PISA,mathematics,CHL,2025,M0,1,-6.1449,6.1449,6.1449,100.0,0.0,False,within_typical_band,
country_model,PISA,mathematics,CHL,2025,M0A,1,-3.455,3.455,3.455,100.0,0.0,False,within_typical_band,
country_model,PISA,mathematics,CHL,2025,M1,1,-5.939,5.939,5.939,100.0,0.0,False,within_typical_band,
country_model,PISA,mathematics,CHL,2022|2025,M2,2,-10.0131,10.0131,10.0592,100.0,0.0,False,persistent_overprediction,
country_model,PISA,mathematics,CHL,2025,M3,1,2.9062,2.9062,2.9062,0.0,100.0,False,within_typical_band,
country_model,PISA,mathematics,COL,2025,M0,1,-1.5487,1.5487,1.5487,100.0,0.0,False,within_typical_band,
country_model,PISA,mathematics,COL,2025,M0A,1,1.0526,1.0526,1.0526,0.0,100.0,False,within_typical_band,
country_model,PISA,mathematics,COL,2025,M1,1,-1.4987,1.4987,1.4987,100.0,0.0,False,within_typical_band,
country_model,PISA,mathematics,COL,2022|2025,M2,2,-4.5575,4.5575,5.1459,100.0,0.0,False,within_typical_band,
country_model,PISA,mathematics,COL,2025,M3,1,8.6601,8.6601,8.6601,0.0,100.0,False,within_typical_band,
country_model,PISA,mathematics,CRI,2025,M0,1,4.4739,4.4739,4.4739,0.0,100.0,False,within_typical_band,
country_model,PISA,mathematics,CRI,2025,M0A,1,8.0723,8.0723,8.0723,0.0,100.0,False,within_typical_band,
country_model,PISA,mathematics,CRI,2025,M1,1,4.3792,4.3792,4.3792,0.0,100.0,False,within_typical_band,
country_model,PISA,mathematics,CRI,2022|2025,M2,2,-6.5811,9.0963,11.2274,50.0,50.0,False,within_typical_band,
country_model,PISA,mathematics,CRI,2025,M3,1,13.4166,13.4166,13.4166,0.0,100.0,False,persistent_underprediction,
country_model,PISA,mathematics,CZE,2025,M0,1,0.8381,0.8381,0.8381,0.0,100.0,False,within_typical_band,
country_model,PISA,mathematics,CZE,2025,M0A,1,2.2645,2.2645,2.2645,0.0,100.0,False,within_typical_band,
country_model,PISA,mathematics,CZE,2025,M1,1,1.1763,1.1763,1.1763,0.0,100.0,False,within_typical_band,
country_model,PISA,mathematics,CZE,2022|2025,M2,2,-7.5887,7.5887,7.9188,100.0,0.0,False,within_typical_band,
country_model,PISA,mathematics,CZE,2025,M3,1,5.0388,5.0388,5.0388,0.0,100.0,False,within_typical_band,
country_model,PISA,mathematics,DEU,2025,M0,1,5.9152,5.9152,5.9152,0.0,100.0,False,within_typical_band,
country_model,PISA,mathematics,DEU,2025,M0A,1,9.1799,9.1799,9.1799,0.0,100.0,False,within_typical_band,
country_model,PISA,mathematics,DEU,2025,M1,1,6.2022,6.2022,6.2022,0.0,100.0,False,within_typical_band,
country_model,PISA,mathematics,DEU,2022|2025,M2,2,-21.0828,21.0828,23.3608,100.0,0.0,False,persistent_overprediction,
country_model,PISA,mathematics,DEU,2025,M3,1,3.3952,3.3952,3.3952,0.0,100.0,False,within_typical_band,
country_model,PISA,mathematics,DNK,2025,M0,1,10.6178,10.6178,10.6178,0.0,100.0,False,persistent_underprediction,
country_model,PISA,mathematics,DNK,2025,M0A,1,1.0188,1.0188,1.0188,0.0,100.0,False,within_typical_band,
country_model,PISA,mathematics,DNK,2025,M1,1,10.4584,10.4584,10.4584,0.0,100.0,False,persistent_underprediction,
country_model,PISA,mathematics,DNK,2022|2025,M2,2,-20.23,20.23,20.2919,100.0,0.0,False,persistent_overprediction,
country_model,PISA,mathematics,DNK,2025,M3,1,-3.6678,3.6678,3.6678,100.0,0.0,False,within_typical_band,
country_model,PISA,mathematics,DOM,2025,M0,1,-8.7715,8.7715,8.7715,100.0,0.0,False,within_typical_band,
country_model,PISA,mathematics,DOM,2025,M0A,1,-1.8485,1.8485,1.8485,100.0,0.0,False,within_typical_band,
country_model,PISA,mathematics,DOM,2025,M1,1,-8.6624,8.6624,8.6624,100.0,0.0,False,within_typical_band,
country_model,PISA,mathematics,DOM,2022|2025,M2,2,5.5638,5.8415,8.0671,50.0,50.0,False,within_typical_band,
country_model,PISA,mathematics,DOM,2025,M3,1,8.8531,8.8531,8.8531,0.0,100.0,False,within_typical_band,
country_model,PISA,mathematics,ESP,2025,M0,1,-6.5709,6.5709,6.5709,100.0,0.0,False,within_typical_band,
country_model,PISA,mathematics,ESP,2025,M0A,1,4.5379,4.5379,4.5379,0.0,100.0,False,within_typical_band,
country_model,PISA,mathematics,ESP,2025,M1,1,-6.0587,6.0587,6.0587,100.0,0.0,False,within_typical_band,
country_model,PISA,mathematics,ESP,2022|2025,M2,2,-14.1972,14.1972,14.2756,100.0,0.0,False,persistent_overprediction,
country_model,PISA,mathematics,ESP,2025,M3,1,-1.341,1.341,1.341,100.0,0.0,False,within_typical_band,
country_model,PISA,mathematics,EST,2025,M0,1,13.9474,13.9474,13.9474,0.0,100.0,False,persistent_underprediction,
country_model,PISA,mathematics,EST,2025,M0A,1,14.9336,14.9336,14.9336,0.0,100.0,False,persistent_underprediction,
country_model,PISA,mathematics,EST,2025,M1,1,14.2141,14.2141,14.2141,0.0,100.0,False,persistent_underprediction,
country_model,PISA,mathematics,EST,2022|2025,M2,2,-5.8167,5.8167,6.9291,100.0,0.0,False,within_typical_band,
country_model,PISA,mathematics,EST,2025,M3,1,13.7323,13.7323,13.7323,0.0,100.0,False,persistent_underprediction,
country_model,PISA,mathematics,FIN,2025,M0,1,-1.1439,1.1439,1.1439,100.0,0.0,False,within_typical_band,
country_model,PISA,mathematics,FIN,2025,M0A,1,3.3149,3.3149,3.3149,0.0,100.0,False,within_typical_band,
country_model,PISA,mathematics,FIN,2025,M1,1,-0.7359,0.7359,0.7359,100.0,0.0,False,within_typical_band,
country_model,PISA,mathematics,FIN,2022|2025,M2,2,-21.1912,21.1912,21.9565,100.0,0.0,False,persistent_overprediction,
country_model,PISA,mathematics,FIN,2025,M3,1,-0.6661,0.6661,0.6661,100.0,0.0,False,within_typical_band,
country_model,PISA,mathematics,FRA,2025,M0,1,-7.6839,7.6839,7.6839,100.0,0.0,False,within_typical_band,
country_model,PISA,mathematics,FRA,2025,M0A,1,-0.9816,0.9816,0.9816,100.0,0.0,False,within_typical_band,
country_model,PISA,mathematics,FRA,2025,M1,1,-7.2825,7.2825,7.2825,100.0,0.0,False,within_typical_band,
country_model,PISA,mathematics,FRA,2022|2025,M2,2,-17.6327,17.6327,17.6838,100.0,0.0,False,persistent_overprediction,
country_model,PISA,mathematics,FRA,2025,M3,1,-1.9078,1.9078,1.9078,100.0,0.0,False,within_typical_band,
country_model,PISA,mathematics,GBR,2025,M0,1,11.4617,11.4617,11.4617,0.0,100.0,False,persistent_underprediction,
country_model,PISA,mathematics,GBR,2025,M0A,1,12.4141,12.4141,12.4141,0.0,100.0,False,persistent_underprediction,
country_model,PISA,mathematics,GBR,2025,M1,1,11.6397,11.6397,11.6397,0.0,100.0,False,persistent_underprediction,
country_model,PISA,mathematics,GBR,2022|2025,M2,2,-2.4524,2.4524,2.6681,100.0,0.0,False,within_typical_band,
country_model,PISA,mathematics,GBR,2025,M3,1,13.5655,13.5655,13.5655,0.0,100.0,False,persistent_underprediction,
country_model,PISA,mathematics,GEO,2025,M0,1,35.8862,35.8862,35.8862,0.0,100.0,False,persistent_underprediction,
country_model,PISA,mathematics,GEO,2025,M0A,1,32.8659,32.8659,32.8659,0.0,100.0,False,persistent_underprediction,
country_model,PISA,mathematics,GEO,2025,M1,1,35.5091,35.5091,35.5091,0.0,100.0,False,persistent_underprediction,
country_model,PISA,mathematics,GEO,2022|2025,M2,2,6.2648,20.0738,21.0286,50.0,50.0,False,within_typical_band,
country_model,PISA,mathematics,GEO,2025,M3,1,37.4521,37.4521,37.4521,0.0,100.0,False,persistent_underprediction,
country_model,PISA,mathematics,GRC,2025,M0,1,0.8752,0.8752,0.8752,0.0,100.0,False,within_typical_band,
country_model,PISA,mathematics,GRC,2025,M0A,1,4.1938,4.1938,4.1938,0.0,100.0,False,within_typical_band,
country_model,PISA,mathematics,GRC,2025,M1,1,0.9779,0.9779,0.9779,0.0,100.0,False,within_typical_band,
country_model,PISA,mathematics,GRC,2022|2025,M2,2,-14.8888,14.8888,17.1915,100.0,0.0,False,persistent_overprediction,
country_model,PISA,mathematics,GRC,2025,M3,1,6.3819,6.3819,6.3819,0.0,100.0,False,within_typical_band,
country_model,PISA,mathematics,GTM,2025,M0,1,-14.5519,14.5519,14.5519,100.0,0.0,False,persistent_overprediction,
country_model,PISA,mathematics,GTM,2025,M0A,1,-11.2542,11.2542,11.2542,100.0,0.0,False,persistent_overprediction,
country_model,PISA,mathematics,GTM,2025,M1,1,-14.3589,14.3589,14.3589,100.0,0.0,False,persistent_overprediction,
country_model,PISA,mathematics,GTM,2025,M2,1,-9.897,9.897,9.897,100.0,0.0,False,within_typical_band,
country_model,PISA,mathematics,GTM,2025,M3,1,-0.5679,0.5679,0.5679,100.0,0.0,False,within_typical_band,
country_model,PISA,mathematics,HKG,2025,M0,1,0.4561,0.4561,0.4561,0.0,100.0,False,within_typical_band,
country_model,PISA,mathematics,HKG,2025,M0A,1,-3.8882,3.8882,3.8882,100.0,0.0,False,within_typical_band,
country_model,PISA,mathematics,HKG,2025,M1,1,0.5918,0.5918,0.5918,0.0,100.0,False,within_typical_band,
country_model,PISA,mathematics,HKG,2022|2025,M2,2,-13.1116,13.1116,14.231,100.0,0.0,False,persistent_overprediction,
country_model,PISA,mathematics,HKG,2025,M3,1,-1.6763,1.6763,1.6763,100.0,0.0,False,within_typical_band,
country_model,PISA,mathematics,HRV,2025,M0,1,6.584,6.584,6.584,0.0,100.0,False,within_typical_band,
country_model,PISA,mathematics,HRV,2025,M0A,1,8.9777,8.9777,8.9777,0.0,100.0,False,within_typical_band,
country_model,PISA,mathematics,HRV,2025,M1,1,6.7651,6.7651,6.7651,0.0,100.0,False,within_typical_band,
country_model,PISA,mathematics,HRV,2022|2025,M2,2,-4.3742,4.3742,5.5644,100.0,0.0,False,within_typical_band,
country_model,PISA,mathematics,HRV,2025,M3,1,6.146,6.146,6.146,0.0,100.0,False,within_typical_band,
country_model,PISA,mathematics,HUN,2025,M0,1,0.603,0.603,0.603,0.0,100.0,False,within_typical_band,
country_model,PISA,mathematics,HUN,2025,M0A,1,4.7024,4.7024,4.7024,0.0,100.0,False,within_typical_band,
country_model,PISA,mathematics,HUN,2025,M1,1,0.9453,0.9453,0.9453,0.0,100.0,False,within_typical_band,
country_model,PISA,mathematics,HUN,2022|2025,M2,2,-8.6712,8.6712,9.8235,100.0,0.0,False,within_typical_band,
country_model,PISA,mathematics,HUN,2025,M3,1,1.0485,1.0485,1.0485,0.0,100.0,False,within_typical_band,
country_model,PISA,mathematics,IDN,2025,M0,1,-4.3123,4.3123,4.3123,100.0,0.0,False,within_typical_band,
country_model,PISA,mathematics,IDN,2025,M0A,1,-0.2856,0.2856,0.2857,100.0,0.0,False,within_typical_band,
country_model,PISA,mathematics,IDN,2025,M1,1,-4.0587,4.0587,4.0587,100.0,0.0,False,within_typical_band,
country_model,PISA,mathematics,IDN,2022|2025,M2,2,-11.1039,11.1039,14.6005,100.0,0.0,False,persistent_overprediction,
country_model,PISA,mathematics,IDN,2025,M3,1,8.5359,8.5359,8.5359,0.0,100.0,False,within_typical_band,
country_model,PISA,mathematics,IRL,2025,M0,1,4.3858,4.3858,4.3858,0.0,100.0,False,within_typical_band,
country_model,PISA,mathematics,IRL,2025,M0A,1,3.8545,3.8545,3.8545,0.0,100.0,False,within_typical_band,
country_model,PISA,mathematics,IRL,2025,M1,1,4.4079,4.4079,4.4079,0.0,100.0,False,within_typical_band,
country_model,PISA,mathematics,IRL,2022|2025,M2,2,-11.9237,11.9237,11.9246,100.0,0.0,False,persistent_overprediction,
country_model,PISA,mathematics,IRL,2025,M3,1,3.2974,3.2974,3.2974,0.0,100.0,False,within_typical_band,
country_model,PISA,mathematics,ISL,2025,M0,1,3.5317,3.5317,3.5317,0.0,100.0,False,within_typical_band,
country_model,PISA,mathematics,ISL,2025,M0A,1,8.4606,8.4606,8.4606,0.0,100.0,False,within_typical_band,
country_model,PISA,mathematics,ISL,2025,M1,1,3.6066,3.6066,3.6066,0.0,100.0,False,within_typical_band,
country_model,PISA,mathematics,ISL,2022|2025,M2,2,-19.1515,19.1515,21.5901,100.0,0.0,False,persistent_overprediction,
country_model,PISA,mathematics,ISL,2025,M3,1,4.6126,4.6126,4.6126,0.0,100.0,False,within_typical_band,
country_model,PISA,mathematics,ISR,2025,M0,1,-13.0407,13.0407,13.0407,100.0,0.0,False,persistent_overprediction,
country_model,PISA,mathematics,ISR,2025,M0A,1,-10.4311,10.4311,10.4311,100.0,0.0,False,persistent_overprediction,
country_model,PISA,mathematics,ISR,2025,M1,1,-13.0739,13.0739,13.0739,100.0,0.0,False,persistent_overprediction,
country_model,PISA,mathematics,ISR,2022|2025,M2,2,-18.1473,18.1473,19.2343,100.0,0.0,False,persistent_overprediction,
country_model,PISA,mathematics,ISR,2025,M3,1,-10.7651,10.7651,10.7651,100.0,0.0,False,persistent_overprediction,
country_model,PISA,mathematics,ITA,2025,M0,1,10.3905,10.3905,10.3905,0.0,100.0,False,persistent_underprediction,
country_model,PISA,mathematics,ITA,2025,M0A,1,10.7895,10.7895,10.7895,0.0,100.0,False,persistent_underprediction,
country_model,PISA,mathematics,ITA,2025,M1,1,10.5309,10.5309,10.5309,0.0,100.0,False,persistent_underprediction,
country_model,PISA,mathematics,ITA,2022|2025,M2,2,-10.9831,10.9831,13.2917,100.0,0.0,False,persistent_overprediction,
country_model,PISA,mathematics,ITA,2025,M3,1,10.7802,10.7802,10.7802,0.0,100.0,False,persistent_underprediction,
country_model,PISA,mathematics,JOR,2025,M0,1,19.3454,19.3454,19.3454,0.0,100.0,False,persistent_underprediction,
country_model,PISA,mathematics,JOR,2025,M0A,1,26.9832,26.9832,26.9832,0.0,100.0,False,persistent_underprediction,
country_model,PISA,mathematics,JOR,2025,M1,1,19.5856,19.5856,19.5856,0.0,100.0,False,persistent_underprediction,
country_model,PISA,mathematics,JOR,2022|2025,M2,2,3.6512,22.6822,22.9741,50.0,50.0,False,within_typical_band,
country_model,PISA,mathematics,JOR,2025,M3,1,36.3255,36.3255,36.3255,0.0,100.0,False,persistent_underprediction,
country_model,PISA,mathematics,JPN,2025,M0,1,16.1488,16.1488,16.1488,0.0,100.0,False,persistent_underprediction,
country_model,PISA,mathematics,JPN,2025,M0A,1,15.3993,15.3993,15.3993,0.0,100.0,False,persistent_underprediction,
country_model,PISA,mathematics,JPN,2025,M1,1,16.2401,16.2401,16.2401,0.0,100.0,False,persistent_underprediction,
country_model,PISA,mathematics,JPN,2022|2025,M2,2,-3.532,6.6715,7.5487,50.0,50.0,False,within_typical_band,
country_model,PISA,mathematics,JPN,2025,M3,1,6.5783,6.5783,6.5783,0.0,100.0,False,within_typical_band,
country_model,PISA,mathematics,KAZ,2025,M0,1,-8.1473,8.1473,8.1473,100.0,0.0,False,within_typical_band,
country_model,PISA,mathematics,KAZ,2025,M0A,1,-3.3684,3.3684,3.3684,100.0,0.0,False,within_typical_band,
country_model,PISA,mathematics,KAZ,2025,M1,1,-8.0462,8.0462,8.0462,100.0,0.0,False,within_typical_band,
country_model,PISA,mathematics,KAZ,2025,M2,1,-11.7242,11.7242,11.7242,100.0,0.0,False,persistent_overprediction,
country_model,PISA,mathematics,KAZ,2025,M3,1,0.7685,0.7685,0.7685,0.0,100.0,False,within_typical_band,
country_model,PISA,mathematics,KHM,2025,M0,1,20.6884,20.6884,20.6884,0.0,100.0,False,persistent_underprediction,
country_model,PISA,mathematics,KHM,2025,M0A,1,22.5456,22.5456,22.5456,0.0,100.0,False,persistent_underprediction,
country_model,PISA,mathematics,KHM,2025,M1,1,20.7949,20.7949,20.7949,0.0,100.0,False,persistent_underprediction,
country_model,PISA,mathematics,KHM,2025,M2,1,29.4457,29.4457,29.4457,0.0,100.0,False,persistent_underprediction,
country_model,PISA,mathematics,KHM,2025,M3,1,38.4709,38.4709,38.4709,0.0,100.0,False,persistent_underprediction,
country_model,PISA,mathematics,KOR,2025,M0,1,19.8242,19.8242,19.8242,0.0,100.0,False,persistent_underprediction,
country_model,PISA,mathematics,KOR,2025,M0A,1,20.423,20.423,20.423,0.0,100.0,False,persistent_underprediction,
country_model,PISA,mathematics,KOR,2025,M1,1,19.7188,19.7188,19.7188,0.0,100.0,False,persistent_underprediction,
country_model,PISA,mathematics,KOR,2022|2025,M2,2,-0.9042,4.1005,4.199,50.0,50.0,False,within_typical_band,
country_model,PISA,mathematics,KOR,2025,M3,1,11.4548,11.4548,11.4548,0.0,100.0,False,persistent_underprediction,
country_model,PISA,mathematics,KSV,2025,M0,1,-10.17,10.17,10.17,100.0,0.0,False,persistent_overprediction,
country_model,PISA,mathematics,KSV,2025,M0A,1,-0.8132,0.8132,0.8132,100.0,0.0,False,within_typical_band,
country_model,PISA,mathematics,KSV,2025,M1,1,-9.971,9.971,9.971,100.0,0.0,False,within_typical_band,
country_model,PISA,mathematics,KSV,2022|2025,M2,2,-5.5473,5.5473,5.641,100.0,0.0,False,within_typical_band,
country_model,PISA,mathematics,KSV,2025,M3,1,5.2253,5.2253,5.2253,0.0,100.0,False,within_typical_band,
country_model,PISA,mathematics,LTU,2025,M0,1,14.3479,14.3479,14.3479,0.0,100.0,False,persistent_underprediction,
country_model,PISA,mathematics,LTU,2025,M0A,1,10.8935,10.8935,10.8935,0.0,100.0,False,persistent_underprediction,
country_model,PISA,mathematics,LTU,2025,M1,1,14.454,14.454,14.454,0.0,100.0,False,persistent_underprediction,
country_model,PISA,mathematics,LTU,2022|2025,M2,2,-3.946,3.946,4.0092,100.0,0.0,False,within_typical_band,
country_model,PISA,mathematics,LTU,2025,M3,1,9.7731,9.7731,9.7731,0.0,100.0,False,within_typical_band,
country_model,PISA,mathematics,LVA,2025,M0,1,-12.9695,12.9695,12.9695,100.0,0.0,False,persistent_overprediction,
country_model,PISA,mathematics,LVA,2025,M0A,1,-10.1975,10.1975,10.1975,100.0,0.0,False,persistent_overprediction,
country_model,PISA,mathematics,LVA,2025,M1,1,-12.6318,12.6318,12.6318,100.0,0.0,False,persistent_overprediction,
country_model,PISA,mathematics,LVA,2022|2025,M2,2,-10.9062,11.7606,16.0392,50.0,50.0,False,persistent_overprediction,
country_model,PISA,mathematics,LVA,2025,M3,1,-7.9263,7.9263,7.9263,100.0,0.0,False,within_typical_band,
country_model,PISA,mathematics,MAC,2025,M0,1,17.9048,17.9048,17.9048,0.0,100.0,False,persistent_underprediction,
country_model,PISA,mathematics,MAC,2025,M0A,1,14.5084,14.5084,14.5084,0.0,100.0,False,persistent_underprediction,
country_model,PISA,mathematics,MAC,2025,M1,1,18.1587,18.1587,18.1587,0.0,100.0,False,persistent_underprediction,
country_model,PISA,mathematics,MAC,2022|2025,M2,2,2.7469,5.3685,6.0304,50.0,50.0,False,within_typical_band,
country_model,PISA,mathematics,MAC,2025,M3,1,14.7967,14.7967,14.7967,0.0,100.0,False,persistent_underprediction,
country_model,PISA,mathematics,MAR,2025,M0,1,-14.8023,14.8023,14.8023,100.0,0.0,False,persistent_overprediction,
country_model,PISA,mathematics,MAR,2025,M0A,1,-11.603,11.603,11.603,100.0,0.0,False,persistent_overprediction,
country_model,PISA,mathematics,MAR,2025,M1,1,-14.5401,14.5401,14.5401,100.0,0.0,False,persistent_overprediction,
country_model,PISA,mathematics,MAR,2025,M2,1,-10.0111,10.0111,10.0111,100.0,0.0,False,persistent_overprediction,
country_model,PISA,mathematics,MAR,2025,M3,1,0.1189,0.1189,0.1187,0.0,100.0,False,within_typical_band,
country_model,PISA,mathematics,MDA,2025,M0,1,2.5305,2.5305,2.5305,0.0,100.0,False,within_typical_band,
country_model,PISA,mathematics,MDA,2025,M0A,1,4.4454,4.4454,4.4454,0.0,100.0,False,within_typical_band,
country_model,PISA,mathematics,MDA,2025,M1,1,2.4733,2.4733,2.4733,0.0,100.0,False,within_typical_band,
country_model,PISA,mathematics,MDA,2022|2025,M2,2,-4.7667,4.7667,4.8176,100.0,0.0,False,within_typical_band,
country_model,PISA,mathematics,MDA,2025,M3,1,7.987,7.987,7.987,0.0,100.0,False,within_typical_band,
country_model,PISA,mathematics,MEX,2025,M0,1,4.7083,4.7083,4.7083,0.0,100.0,False,within_typical_band,
country_model,PISA,mathematics,MEX,2025,M0A,1,-3.3694,3.3694,3.3694,100.0,0.0,False,within_typical_band,
country_model,PISA,mathematics,MEX,2025,M1,1,4.8948,4.8948,4.8948,0.0,100.0,False,within_typical_band,
country_model,PISA,mathematics,MEX,2022|2025,M2,2,-10.2182,10.2182,10.5884,100.0,0.0,False,persistent_overprediction,
country_model,PISA,mathematics,MEX,2025,M3,1,3.8658,3.8658,3.8658,0.0,100.0,False,within_typical_band,
country_model,PISA,mathematics,MKD,2025,M0,1,-7.0431,7.0431,7.0431,100.0,0.0,False,within_typical_band,
country_model,PISA,mathematics,MKD,2025,M0A,1,0.7097,0.7097,0.7097,0.0,100.0,False,within_typical_band,
country_model,PISA,mathematics,MKD,2025,M1,1,-6.9189,6.9189,6.9189,100.0,0.0,False,within_typical_band,
country_model,PISA,mathematics,MKD,2022|2025,M2,2,4.2403,13.0238,13.6967,50.0,50.0,False,within_typical_band,
country_model,PISA,mathematics,MKD,2025,M3,1,2.2737,2.2737,2.2737,0.0,100.0,False,within_typical_band,
country_model,PISA,mathematics,MLT,2025,M0,1,-21.0573,21.0573,21.0573,100.0,0.0,False,persistent_overprediction,
country_model,PISA,mathematics,MLT,2025,M0A,1,-15.8718,15.8718,15.8718,100.0,0.0,False,persistent_overprediction,
country_model,PISA,mathematics,MLT,2025,M1,1,-20.616,20.616,20.616,100.0,0.0,False,persistent_overprediction,
country_model,PISA,mathematics,MLT,2022|2025,M2,2,-19.7811,19.7811,21.0344,100.0,0.0,False,persistent_overprediction,
country_model,PISA,mathematics,MLT,2025,M3,1,-12.8605,12.8605,12.8605,100.0,0.0,False,persistent_overprediction,
country_model,PISA,mathematics,MNE,2025,M0,1,12.5625,12.5625,12.5625,0.0,100.0,False,persistent_underprediction,
country_model,PISA,mathematics,MNE,2025,M0A,1,16.8923,16.8923,16.8923,0.0,100.0,False,persistent_underprediction,
country_model,PISA,mathematics,MNE,2025,M1,1,12.5479,12.5479,12.5479,0.0,100.0,False,persistent_underprediction,
country_model,PISA,mathematics,MNE,2022|2025,M2,2,-3.4381,8.8948,9.5362,50.0,50.0,False,within_typical_band,
country_model,PISA,mathematics,MNE,2025,M3,1,17.177,17.177,17.177,0.0,100.0,False,persistent_underprediction,
country_model,PISA,mathematics,MNG,2025,M0,1,-0.5708,0.5708,0.5708,100.0,0.0,False,within_typical_band,
country_model,PISA,mathematics,MNG,2025,M0A,1,1.7163,1.7163,1.7163,0.0,100.0,False,within_typical_band,
country_model,PISA,mathematics,MNG,2025,M1,1,-0.5986,0.5986,0.5986,100.0,0.0,False,within_typical_band,
country_model,PISA,mathematics,MNG,2025,M2,1,-5.9508,5.9508,5.9508,100.0,0.0,False,within_typical_band,
country_model,PISA,mathematics,MNG,2025,M3,1,6.509,6.509,6.509,0.0,100.0,False,within_typical_band,
country_model,PISA,mathematics,MYS,2025,M0,1,-12.1935,12.1935,12.1935,100.0,0.0,False,persistent_overprediction,
country_model,PISA,mathematics,MYS,2025,M0A,1,-7.072,7.072,7.072,100.0,0.0,False,within_typical_band,
country_model,PISA,mathematics,MYS,2025,M1,1,-11.8999,11.8999,11.8999,100.0,0.0,False,persistent_overprediction,
country_model,PISA,mathematics,MYS,2025,M2,1,-11.2648,11.2648,11.2648,100.0,0.0,False,persistent_overprediction,
country_model,PISA,mathematics,MYS,2025,M3,1,0.5756,0.5756,0.5756,0.0,100.0,False,within_typical_band,
country_model,PISA,mathematics,NLD,2025,M0,1,5.8713,5.8713,5.8713,0.0,100.0,False,within_typical_band,
country_model,PISA,mathematics,NLD,2025,M0A,1,10.1585,10.1585,10.1585,0.0,100.0,False,persistent_underprediction,
country_model,PISA,mathematics,NLD,2025,M1,1,6.1783,6.1783,6.1783,0.0,100.0,False,within_typical_band,
country_model,PISA,mathematics,NLD,2022|2025,M2,2,-14.4913,14.4913,15.3578,100.0,0.0,False,persistent_overprediction,
country_model,PISA,mathematics,NLD,2025,M3,1,5.7057,5.7057,5.7057,0.0,100.0,False,within_typical_band,
country_model,PISA,mathematics,NOR,2025,M0,1,0.1038,0.1038,0.1039,0.0,100.0,False,within_typical_band,
country_model,PISA,mathematics,NOR,2025,M0A,1,3.0913,3.0913,3.0913,0.0,100.0,False,within_typical_band,
country_model,PISA,mathematics,NOR,2025,M1,1,0.2638,0.2638,0.2638,0.0,100.0,False,within_typical_band,
country_model,PISA,mathematics,NOR,2022|2025,M2,2,-24.9748,24.9748,26.3195,100.0,0.0,False,persistent_overprediction,
country_model,PISA,mathematics,NOR,2025,M3,1,-2.5022,2.5022,2.5022,100.0,0.0,False,within_typical_band,
country_model,PISA,mathematics,NZL,2025,M0,1,9.0712,9.0712,9.0712,0.0,100.0,False,within_typical_band,
country_model,PISA,mathematics,NZL,2025,M0A,1,12.2321,12.2321,12.2321,0.0,100.0,False,persistent_underprediction,
country_model,PISA,mathematics,NZL,2025,M1,1,9.4694,9.4694,9.4694,0.0,100.0,False,within_typical_band,
country_model,PISA,mathematics,NZL,2022|2025,M2,2,-7.8021,8.347,11.4256,50.0,50.0,False,within_typical_band,
country_model,PISA,mathematics,NZL,2025,M3,1,15.1263,15.1263,15.1263,0.0,100.0,False,persistent_underprediction,
country_model,PISA,mathematics,PER,2025,M0,1,-5.6688,5.6688,5.6688,100.0,0.0,False,within_typical_band,
country_model,PISA,mathematics,PER,2025,M0A,1,-5.6724,5.6724,5.6724,100.0,0.0,False,within_typical_band,
country_model,PISA,mathematics,PER,2025,M1,1,-5.7017,5.7017,5.7017,100.0,0.0,False,within_typical_band,
country_model,PISA,mathematics,PER,2022|2025,M2,2,-2.0606,6.7358,7.0439,50.0,50.0,False,within_typical_band,
country_model,PISA,mathematics,PER,2025,M3,1,2.3644,2.3644,2.3644,0.0,100.0,False,within_typical_band,
country_model,PISA,mathematics,PHL,2025,M0,1,10.1728,10.1728,10.1728,0.0,100.0,False,persistent_underprediction,
country_model,PISA,mathematics,PHL,2025,M0A,1,12.454,12.454,12.454,0.0,100.0,False,persistent_underprediction,
country_model,PISA,mathematics,PHL,2025,M1,1,10.163,10.163,10.163,0.0,100.0,False,persistent_underprediction,
country_model,PISA,mathematics,PHL,2025,M2,1,15.9112,15.9112,15.9112,0.0,100.0,False,persistent_underprediction,
country_model,PISA,mathematics,PHL,2025,M3,1,25.65,25.65,25.65,0.0,100.0,False,persistent_underprediction,
country_model,PISA,mathematics,POL,2025,M0,1,5.8346,5.8346,5.8346,0.0,100.0,False,within_typical_band,
country_model,PISA,mathematics,POL,2025,M0A,1,6.9147,6.9147,6.9147,0.0,100.0,False,within_typical_band,
country_model,PISA,mathematics,POL,2025,M1,1,6.147,6.147,6.147,0.0,100.0,False,within_typical_band,
country_model,PISA,mathematics,POL,2022|2025,M2,2,-10.1742,10.1742,11.4881,100.0,0.0,False,persistent_overprediction,
country_model,PISA,mathematics,POL,2025,M3,1,10.1272,10.1272,10.1272,0.0,100.0,False,persistent_underprediction,
country_model,PISA,mathematics,PRT,2025,M0,1,2.5919,2.5919,2.5919,0.0,100.0,False,within_typical_band,
country_model,PISA,mathematics,PRT,2025,M0A,1,4.7185,4.7185,4.7185,0.0,100.0,False,within_typical_band,
country_model,PISA,mathematics,PRT,2025,M1,1,2.8464,2.8464,2.8464,0.0,100.0,False,within_typical_band,
country_model,PISA,mathematics,PRT,2022|2025,M2,2,-15.842,15.842,16.3089,100.0,0.0,False,persistent_overprediction,
country_model,PISA,mathematics,PRT,2025,M3,1,2.3349,2.3349,2.3349,0.0,100.0,False,within_typical_band,
country_model,PISA,mathematics,PRY,2025,M0,1,-10.0692,10.0692,10.0692,100.0,0.0,False,persistent_overprediction,
country_model,PISA,mathematics,PRY,2025,M0A,1,-6.4484,6.4484,6.4484,100.0,0.0,False,within_typical_band,
country_model,PISA,mathematics,PRY,2025,M1,1,-9.9768,9.9768,9.9768,100.0,0.0,False,within_typical_band,
country_model,PISA,mathematics,PRY,2025,M2,1,-3.8091,3.8091,3.8091,100.0,0.0,False,within_typical_band,
country_model,PISA,mathematics,PRY,2025,M3,1,5.2606,5.2606,5.2606,0.0,100.0,False,within_typical_band,
country_model,PISA,mathematics,PSE,2025,M0,1,-14.1454,14.1454,14.1454,100.0,0.0,False,persistent_overprediction,
country_model,PISA,mathematics,PSE,2025,M0A,1,-9.718,9.718,9.718,100.0,0.0,False,within_typical_band,
country_model,PISA,mathematics,PSE,2025,M1,1,-14.1585,14.1585,14.1585,100.0,0.0,False,persistent_overprediction,
country_model,PISA,mathematics,PSE,2025,M2,1,-11.4097,11.4097,11.4097,100.0,0.0,False,persistent_overprediction,
country_model,PISA,mathematics,PSE,2025,M3,1,-1.2415,1.2415,1.2415,100.0,0.0,False,within_typical_band,
country_model,PISA,mathematics,QAT,2025,M0,1,3.8357,3.8357,3.8357,0.0,100.0,False,within_typical_band,
country_model,PISA,mathematics,QAT,2025,M0A,1,9.7888,9.7888,9.7888,0.0,100.0,False,within_typical_band,
country_model,PISA,mathematics,QAT,2025,M1,1,3.9663,3.9663,3.9663,0.0,100.0,False,within_typical_band,
country_model,PISA,mathematics,QAT,2022|2025,M2,2,6.8806,6.8806,8.4038,0.0,100.0,False,within_typical_band,
country_model,PISA,mathematics,QAT,2025,M3,1,14.107,14.107,14.107,0.0,100.0,False,persistent_underprediction,
country_model,PISA,mathematics,ROU,2025,M0,1,3.5075,3.5075,3.5075,0.0,100.0,False,within_typical_band,
country_model,PISA,mathematics,ROU,2025,M0A,1,2.0638,2.0638,2.0638,0.0,100.0,False,within_typical_band,
country_model,PISA,mathematics,ROU,2025,M1,1,3.5415,3.5415,3.5415,0.0,100.0,False,within_typical_band,
country_model,PISA,mathematics,ROU,2022|2025,M2,2,-12.415,12.415,12.9775,100.0,0.0,False,persistent_overprediction,
country_model,PISA,mathematics,ROU,2025,M3,1,3.9473,3.9473,3.9473,0.0,100.0,False,within_typical_band,
country_model,PISA,mathematics,SAU,2025,M0,1,8.4708,8.4708,8.4708,0.0,100.0,False,within_typical_band,
country_model,PISA,mathematics,SAU,2025,M0A,1,8.6181,8.6181,8.6181,0.0,100.0,False,within_typical_band,
country_model,PISA,mathematics,SAU,2025,M1,1,8.1261,8.1261,8.1261,0.0,100.0,False,within_typical_band,
country_model,PISA,mathematics,SAU,2025,M2,1,1.1043,1.1043,1.1043,0.0,100.0,False,within_typical_band,
country_model,PISA,mathematics,SAU,2025,M3,1,12.1695,12.1695,12.1695,0.0,100.0,False,persistent_underprediction,
country_model,PISA,mathematics,SGP,2025,M0,1,6.8297,6.8297,6.8297,0.0,100.0,False,within_typical_band,
country_model,PISA,mathematics,SGP,2025,M0A,1,9.9533,9.9533,9.9533,0.0,100.0,False,within_typical_band,
country_model,PISA,mathematics,SGP,2025,M1,1,6.7334,6.7334,6.7334,0.0,100.0,False,within_typical_band,
country_model,PISA,mathematics,SGP,2022|2025,M2,2,-0.6461,11.1202,11.139,50.0,50.0,False,within_typical_band,
country_model,PISA,mathematics,SGP,2025,M3,1,6.5375,6.5375,6.5375,0.0,100.0,False,within_typical_band,
country_model,PISA,mathematics,SLV,2025,M0,1,-4.4232,4.4232,4.4232,100.0,0.0,False,within_typical_band,
country_model,PISA,mathematics,SLV,2025,M0A,1,0.037,0.037,0.0374,0.0,100.0,False,within_typical_band,
country_model,PISA,mathematics,SLV,2025,M1,1,-4.1926,4.1926,4.1926,100.0,0.0,False,within_typical_band,
country_model,PISA,mathematics,SLV,2025,M2,1,2.7807,2.7807,2.7807,0.0,100.0,False,within_typical_band,
country_model,PISA,mathematics,SLV,2025,M3,1,12.0813,12.0813,12.0813,0.0,100.0,False,persistent_underprediction,
country_model,PISA,mathematics,SRB,2025,M0,1,-11.1245,11.1245,11.1245,100.0,0.0,False,persistent_overprediction,
country_model,PISA,mathematics,SRB,2025,M0A,1,-7.7721,7.7721,7.7721,100.0,0.0,False,within_typical_band,
country_model,PISA,mathematics,SRB,2025,M1,1,-11.0347,11.0347,11.0347,100.0,0.0,False,persistent_overprediction,
country_model,PISA,mathematics,SRB,2025,M2,1,-23.1413,23.1413,23.1413,100.0,0.0,False,persistent_overprediction,
country_model,PISA,mathematics,SRB,2025,M3,1,-10.0864,10.0864,10.0864,100.0,0.0,False,persistent_overprediction,
country_model,PISA,mathematics,SVK,2025,M0,1,14.6902,14.6902,14.6902,0.0,100.0,False,persistent_underprediction,
country_model,PISA,mathematics,SVK,2025,M0A,1,16.152,16.152,16.152,0.0,100.0,False,persistent_underprediction,
country_model,PISA,mathematics,SVK,2025,M1,1,14.9365,14.9365,14.9365,0.0,100.0,False,persistent_underprediction,
country_model,PISA,mathematics,SVK,2022|2025,M2,2,-3.0659,8.1696,8.7259,50.0,50.0,False,within_typical_band,
country_model,PISA,mathematics,SVK,2025,M3,1,19.0978,19.0978,19.0978,0.0,100.0,False,persistent_underprediction,
country_model,PISA,mathematics,SVN,2025,M0,1,-7.8477,7.8477,7.8477,100.0,0.0,False,within_typical_band,
country_model,PISA,mathematics,SVN,2025,M0A,1,-6.9961,6.9961,6.9961,100.0,0.0,False,within_typical_band,
country_model,PISA,mathematics,SVN,2025,M1,1,-7.6463,7.6463,7.6463,100.0,0.0,False,within_typical_band,
country_model,PISA,mathematics,SVN,2022|2025,M2,2,-25.042,25.042,25.0444,100.0,0.0,False,persistent_overprediction,
country_model,PISA,mathematics,SVN,2025,M3,1,-9.8996,9.8996,9.8996,100.0,0.0,False,within_typical_band,
country_model,PISA,mathematics,SWE,2025,M0,1,-2.1167,2.1167,2.1167,100.0,0.0,False,within_typical_band,
country_model,PISA,mathematics,SWE,2025,M0A,1,0.9001,0.9001,0.9001,0.0,100.0,False,within_typical_band,
country_model,PISA,mathematics,SWE,2025,M1,1,-1.9487,1.9487,1.9487,100.0,0.0,False,within_typical_band,
country_model,PISA,mathematics,SWE,2022|2025,M2,2,-14.8334,14.8334,15.0739,100.0,0.0,False,persistent_overprediction,
country_model,PISA,mathematics,SWE,2025,M3,1,-2.8287,2.8287,2.8287,100.0,0.0,False,within_typical_band,
country_model,PISA,mathematics,TAP,2025,M0,1,25.9995,25.9995,25.9995,0.0,100.0,False,persistent_underprediction,
country_model,PISA,mathematics,TAP,2025,M0A,1,21.5989,21.5989,21.5989,0.0,100.0,False,persistent_underprediction,
country_model,PISA,mathematics,TAP,2025,M1,1,25.9219,25.9219,25.9219,0.0,100.0,False,persistent_underprediction,
country_model,PISA,mathematics,TAP,2022|2025,M2,2,1.9338,2.8389,3.435,50.0,50.0,False,within_typical_band,
country_model,PISA,mathematics,TAP,2025,M3,1,16.3251,16.3251,16.3251,0.0,100.0,False,persistent_underprediction,
country_model,PISA,mathematics,THA,2025,M0,1,9.7006,9.7006,9.7006,0.0,100.0,False,within_typical_band,
country_model,PISA,mathematics,THA,2025,M0A,1,13.7185,13.7185,13.7185,0.0,100.0,False,persistent_underprediction,
country_model,PISA,mathematics,THA,2025,M1,1,10.0406,10.0406,10.0406,0.0,100.0,False,persistent_underprediction,
country_model,PISA,mathematics,THA,2022|2025,M2,2,-4.3495,17.1689,17.7113,50.0,50.0,False,within_typical_band,
country_model,PISA,mathematics,THA,2025,M3,1,24.0857,24.0857,24.0857,0.0,100.0,False,persistent_underprediction,
country_model,PISA,mathematics,TUR,2025,M0,1,8.0567,8.0567,8.0567,0.0,100.0,False,within_typical_band,
country_model,PISA,mathematics,TUR,2025,M0A,1,15.561,15.561,15.561,0.0,100.0,False,persistent_underprediction,
country_model,PISA,mathematics,TUR,2025,M1,1,8.3543,8.3543,8.3543,0.0,100.0,False,within_typical_band,
country_model,PISA,mathematics,TUR,2022|2025,M2,2,20.5463,20.5463,23.8707,0.0,100.0,False,persistent_underprediction,
country_model,PISA,mathematics,TUR,2025,M3,1,21.9667,21.9667,21.9667,0.0,100.0,False,persistent_underprediction,
country_model,PISA,mathematics,URY,2025,M0,1,0.3317,0.3317,0.3317,0.0,100.0,False,within_typical_band,
country_model,PISA,mathematics,URY,2025,M0A,1,3.3685,3.3685,3.3685,0.0,100.0,False,within_typical_band,
country_model,PISA,mathematics,URY,2025,M1,1,0.5947,0.5947,0.5947,0.0,100.0,False,within_typical_band,
country_model,PISA,mathematics,URY,2022|2025,M2,2,-6.5565,6.5565,7.0996,100.0,0.0,False,within_typical_band,
country_model,PISA,mathematics,URY,2025,M3,1,8.008,8.008,8.008,0.0,100.0,False,within_typical_band,
country_model,PISA,mathematics,USA,2025,M0,1,6.2378,6.2378,6.2378,0.0,100.0,False,within_typical_band,
country_model,PISA,mathematics,USA,2025,M0A,1,8.5462,8.5462,8.5462,0.0,100.0,False,within_typical_band,
country_model,PISA,mathematics,USA,2025,M1,1,6.5676,6.5676,6.5676,0.0,100.0,False,within_typical_band,
country_model,PISA,mathematics,USA,2022|2025,M2,2,-3.3903,3.3903,3.6493,100.0,0.0,False,within_typical_band,
country_model,PISA,mathematics,USA,2025,M3,1,11.9887,11.9887,11.9887,0.0,100.0,False,persistent_underprediction,
country_model,PISA,mathematics,VNM,2025,M0,1,-22.3792,22.3792,22.3792,100.0,0.0,False,persistent_overprediction,
country_model,PISA,mathematics,VNM,2025,M0A,1,-17.3765,17.3765,17.3765,100.0,0.0,False,persistent_overprediction,
country_model,PISA,mathematics,VNM,2025,M1,1,-21.9338,21.9338,21.9338,100.0,0.0,False,persistent_overprediction,
country_model,PISA,mathematics,VNM,2022|2025,M2,2,-25.6662,25.6662,25.672,100.0,0.0,False,persistent_overprediction,
country_model,PISA,mathematics,VNM,2025,M3,1,-12.0117,12.0117,12.0117,100.0,0.0,False,persistent_overprediction,
country_model,PISA,reading,ALB,2025,M0,1,43.5553,43.5553,43.5553,0.0,100.0,False,persistent_underprediction,
country_model,PISA,reading,ALB,2025,M0A,1,41.9734,41.9734,41.9734,0.0,100.0,False,persistent_underprediction,
country_model,PISA,reading,ALB,2025,M1,1,44.249,44.249,44.249,0.0,100.0,False,persistent_underprediction,
country_model,PISA,reading,ALB,2022|2025,M2,2,1.1911,48.0151,48.0299,50.0,50.0,False,within_typical_band,
country_model,PISA,reading,ALB,2025,M3,1,-40.5717,40.5717,40.5717,100.0,0.0,False,persistent_overprediction,
country_model,PISA,reading,ARE,2025,M0,1,12.8425,12.8425,12.8425,0.0,100.0,False,persistent_underprediction,
country_model,PISA,reading,ARE,2025,M0A,1,5.4282,5.4282,5.4282,0.0,100.0,False,within_typical_band,
country_model,PISA,reading,ARE,2025,M1,1,13.9276,13.9276,13.9276,0.0,100.0,False,persistent_underprediction,
country_model,PISA,reading,ARE,2022|2025,M2,2,-0.3657,15.8269,15.8311,50.0,50.0,False,within_typical_band,
country_model,PISA,reading,ARE,2025,M3,1,-15.4019,15.4019,15.4019,100.0,0.0,False,persistent_overprediction,
country_model,PISA,reading,ARG,2025,M0,1,-7.6471,7.6471,7.6471,100.0,0.0,False,within_typical_band,
country_model,PISA,reading,ARG,2025,M0A,1,3.9363,3.9363,3.9363,0.0,100.0,False,within_typical_band,
country_model,PISA,reading,ARG,2025,M1,1,-6.8519,6.8519,6.8519,100.0,0.0,False,within_typical_band,
country_model,PISA,reading,ARG,2025,M2,1,-12.0397,12.0397,12.0397,100.0,0.0,False,persistent_overprediction,
country_model,PISA,reading,ARG,2025,M3,1,-59.5084,59.5084,59.5084,100.0,0.0,False,persistent_overprediction,
country_model,PISA,reading,AUS,2025,M0,1,7.6484,7.6484,7.6484,0.0,100.0,False,within_typical_band,
country_model,PISA,reading,AUS,2025,M0A,1,19.7652,19.7652,19.7652,0.0,100.0,False,persistent_underprediction,
country_model,PISA,reading,AUS,2025,M1,1,9.8186,9.8186,9.8186,0.0,100.0,False,within_typical_band,
country_model,PISA,reading,AUS,2022|2025,M2,2,-6.0187,6.0187,6.1311,100.0,0.0,False,within_typical_band,
country_model,PISA,reading,AUS,2025,M3,1,42.6506,42.6506,42.6506,0.0,100.0,False,persistent_underprediction,
country_model,PISA,reading,AUT,2025,M0,1,6.5209,6.5209,6.5209,0.0,100.0,False,within_typical_band,
country_model,PISA,reading,AUT,2025,M0A,1,14.3538,14.3538,14.3538,0.0,100.0,False,persistent_underprediction,
country_model,PISA,reading,AUT,2025,M1,1,7.8634,7.8634,7.8634,0.0,100.0,False,within_typical_band,
country_model,PISA,reading,AUT,2022|2025,M2,2,-8.827,8.827,9.8482,100.0,0.0,False,within_typical_band,
country_model,PISA,reading,AUT,2025,M3,1,18.999,18.999,18.999,0.0,100.0,False,persistent_underprediction,
country_model,PISA,reading,BEL,2025,M0,1,3.3245,3.3245,3.3245,0.0,100.0,False,within_typical_band,
country_model,PISA,reading,BEL,2025,M0A,1,0.4461,0.4461,0.4461,0.0,100.0,False,within_typical_band,
country_model,PISA,reading,BEL,2025,M1,1,4.4451,4.4451,4.4451,0.0,100.0,False,within_typical_band,
country_model,PISA,reading,BEL,2022|2025,M2,2,-16.0923,16.0923,16.4855,100.0,0.0,False,persistent_overprediction,
country_model,PISA,reading,BEL,2025,M3,1,18.1269,18.1269,18.1269,0.0,100.0,False,persistent_underprediction,
country_model,PISA,reading,BGR,2025,M0,1,-15.3572,15.3572,15.3572,100.0,0.0,False,persistent_overprediction,
country_model,PISA,reading,BGR,2025,M0A,1,-29.1411,29.1411,29.1411,100.0,0.0,False,persistent_overprediction,
country_model,PISA,reading,BGR,2025,M1,1,-17.7938,17.7938,17.7938,100.0,0.0,False,persistent_overprediction,
country_model,PISA,reading,BGR,2022|2025,M2,2,-22.5363,22.5363,23.0581,100.0,0.0,False,persistent_overprediction,
country_model,PISA,reading,BGR,2025,M3,1,-61.5679,61.5679,61.5679,100.0,0.0,False,persistent_overprediction,
country_model,PISA,reading,BRA,2025,M0,1,-3.1736,3.1736,3.1736,100.0,0.0,False,within_typical_band,
country_model,PISA,reading,BRA,2025,M0A,1,22.2873,22.2873,22.2873,0.0,100.0,False,persistent_underprediction,
country_model,PISA,reading,BRA,2025,M1,1,-1.7156,1.7156,1.7156,100.0,0.0,False,within_typical_band,
country_model,PISA,reading,BRA,2022|2025,M2,2,0.3298,2.6785,2.6988,50.0,50.0,False,within_typical_band,
country_model,PISA,reading,BRA,2025,M3,1,-40.2044,40.2044,40.2044,100.0,0.0,False,persistent_overprediction,
country_model,PISA,reading,BRN,2025,M0,1,-11.47,11.47,11.47,100.0,0.0,False,persistent_overprediction,
country_model,PISA,reading,BRN,2025,M0A,1,-17.4355,17.4355,17.4355,100.0,0.0,False,persistent_overprediction,
country_model,PISA,reading,BRN,2025,M1,1,-10.2676,10.2676,10.2676,100.0,0.0,False,persistent_overprediction,
country_model,PISA,reading,BRN,2025,M2,1,-3.551,3.551,3.551,100.0,0.0,False,within_typical_band,
country_model,PISA,reading,BRN,2025,M3,1,-22.5318,22.5318,22.5318,100.0,0.0,False,persistent_overprediction,
country_model,PISA,reading,CAN,2025,M0,1,3.4431,3.4431,3.4431,0.0,100.0,False,within_typical_band,
country_model,PISA,reading,CAN,2025,M0A,1,12.9056,12.9056,12.9056,0.0,100.0,False,persistent_underprediction,
country_model,PISA,reading,CAN,2025,M1,1,4.5783,4.5783,4.5783,0.0,100.0,False,within_typical_band,
country_model,PISA,reading,CAN,2022|2025,M2,2,-18.4211,18.4211,18.4547,100.0,0.0,False,persistent_overprediction,
country_model,PISA,reading,CAN,2025,M3,1,41.6129,41.6129,41.6129,0.0,100.0,False,persistent_underprediction,
country_model,PISA,reading,CHE,2025,M0,1,5.5592,5.5592,5.5592,0.0,100.0,False,within_typical_band,
country_model,PISA,reading,CHE,2025,M0A,1,-1.1639,1.1639,1.1639,100.0,0.0,False,within_typical_band,
country_model,PISA,reading,CHE,2025,M1,1,5.9793,5.9793,5.9793,0.0,100.0,False,within_typical_band,
country_model,PISA,reading,CHE,2022|2025,M2,2,-11.0726,11.0726,11.2903,100.0,0.0,False,persistent_overprediction,
country_model,PISA,reading,CHE,2025,M3,1,21.8402,21.8402,21.8402,0.0,100.0,False,persistent_underprediction,
country_model,PISA,reading,CHL,2025,M0,1,6.1964,6.1964,6.1964,0.0,100.0,False,within_typical_band,
country_model,PISA,reading,CHL,2025,M0A,1,23.6856,23.6856,23.6856,0.0,100.0,False,persistent_underprediction,
country_model,PISA,reading,CHL,2025,M1,1,6.7768,6.7768,6.7768,0.0,100.0,False,within_typical_band,
country_model,PISA,reading,CHL,2022|2025,M2,2,-11.4576,11.4576,11.4902,100.0,0.0,False,persistent_overprediction,
country_model,PISA,reading,CHL,2025,M3,1,-12.5569,12.5569,12.5569,100.0,0.0,False,persistent_overprediction,
country_model,PISA,reading,COL,2025,M0,1,2.278,2.278,2.278,0.0,100.0,False,within_typical_band,
country_model,PISA,reading,COL,2025,M0A,1,11.9556,11.9556,11.9556,0.0,100.0,False,persistent_underprediction,
country_model,PISA,reading,COL,2025,M1,1,3.023,3.023,3.023,0.0,100.0,False,within_typical_band,
country_model,PISA,reading,COL,2022|2025,M2,2,-12.819,12.819,13.2676,100.0,0.0,False,persistent_overprediction,
country_model,PISA,reading,COL,2025,M3,1,-48.9454,48.9454,48.9454,100.0,0.0,False,persistent_overprediction,
country_model,PISA,reading,CRI,2025,M0,1,16.0272,16.0272,16.0272,0.0,100.0,False,persistent_underprediction,
country_model,PISA,reading,CRI,2025,M0A,1,27.8705,27.8705,27.8705,0.0,100.0,False,persistent_underprediction,
country_model,PISA,reading,CRI,2025,M1,1,15.2251,15.2251,15.2251,0.0,100.0,False,persistent_underprediction,
country_model,PISA,reading,CRI,2022|2025,M2,2,-5.7261,6.5283,8.6837,50.0,50.0,False,within_typical_band,
country_model,PISA,reading,CRI,2025,M3,1,-32.1774,32.1774,32.1774,100.0,0.0,False,persistent_overprediction,
country_model,PISA,reading,CZE,2025,M0,1,-7.2975,7.2975,7.2975,100.0,0.0,False,within_typical_band,
country_model,PISA,reading,CZE,2025,M0A,1,-3.4528,3.4528,3.4528,100.0,0.0,False,within_typical_band,
country_model,PISA,reading,CZE,2025,M1,1,-5.847,5.847,5.847,100.0,0.0,False,within_typical_band,
country_model,PISA,reading,CZE,2022|2025,M2,2,-9.4467,10.8003,14.3487,50.0,50.0,False,within_typical_band,
country_model,PISA,reading,CZE,2025,M3,1,20.144,20.144,20.144,0.0,100.0,False,persistent_underprediction,
country_model,PISA,reading,DEU,2025,M0,1,8.1026,8.1026,8.1026,0.0,100.0,False,within_typical_band,
country_model,PISA,reading,DEU,2025,M0A,1,17.5494,17.5494,17.5494,0.0,100.0,False,persistent_underprediction,
country_model,PISA,reading,DEU,2025,M1,1,9.3714,9.3714,9.3714,0.0,100.0,False,within_typical_band,
country_model,PISA,reading,DEU,2022|2025,M2,2,-21.911,21.911,23.1266,100.0,0.0,False,persistent_overprediction,
country_model,PISA,reading,DEU,2025,M3,1,17.0694,17.0694,17.0694,0.0,100.0,False,persistent_underprediction,
country_model,PISA,reading,DNK,2025,M0,1,4.0225,4.0225,4.0225,0.0,100.0,False,within_typical_band,
country_model,PISA,reading,DNK,2025,M0A,1,-3.9115,3.9115,3.9115,100.0,0.0,False,within_typical_band,
country_model,PISA,reading,DNK,2025,M1,1,1.7744,1.7744,1.7744,0.0,100.0,False,within_typical_band,
country_model,PISA,reading,DNK,2022|2025,M2,2,-19.9025,19.9025,21.7974,100.0,0.0,False,persistent_overprediction,
country_model,PISA,reading,DNK,2025,M3,1,11.7968,11.7968,11.7968,0.0,100.0,False,persistent_underprediction,
country_model,PISA,reading,DOM,2025,M0,1,-14.3972,14.3972,14.3972,100.0,0.0,False,persistent_overprediction,
country_model,PISA,reading,DOM,2025,M0A,1,-10.8067,10.8067,10.8067,100.0,0.0,False,persistent_overprediction,
country_model,PISA,reading,DOM,2025,M1,1,-14.394,14.394,14.394,100.0,0.0,False,persistent_overprediction,
country_model,PISA,reading,DOM,2022|2025,M2,2,-6.0978,6.0978,6.1066,100.0,0.0,False,within_typical_band,
country_model,PISA,reading,DOM,2025,M3,1,-102.6706,102.6706,102.6706,100.0,0.0,False,persistent_overprediction,
country_model,PISA,reading,ESP,2025,M0,1,-12.2104,12.2104,12.2104,100.0,0.0,False,persistent_overprediction,
country_model,PISA,reading,ESP,2025,M0A,1,4.8461,4.8461,4.8461,0.0,100.0,False,within_typical_band,
country_model,PISA,reading,ESP,2025,M1,1,-8.7863,8.7863,8.7863,100.0,0.0,False,within_typical_band,
country_model,PISA,reading,ESP,2022|2025,M2,2,-22.1103,22.1103,22.1263,100.0,0.0,False,persistent_overprediction,
country_model,PISA,reading,ESP,2025,M3,1,3.1431,3.1431,3.1431,0.0,100.0,False,within_typical_band,
country_model,PISA,reading,EST,2025,M0,1,9.1709,9.1709,9.1709,0.0,100.0,False,within_typical_band,
country_model,PISA,reading,EST,2025,M0A,1,13.3188,13.3188,13.3188,0.0,100.0,False,persistent_underprediction,
country_model,PISA,reading,EST,2025,M1,1,10.0297,10.0297,10.0297,0.0,100.0,False,persistent_underprediction,
country_model,PISA,reading,EST,2022|2025,M2,2,-9.9493,9.9493,10.1174,100.0,0.0,False,within_typical_band,
country_model,PISA,reading,EST,2025,M3,1,51.0316,51.0316,51.0316,0.0,100.0,False,persistent_underprediction,
country_model,PISA,reading,FIN,2025,M0,1,3.2327,3.2327,3.2327,0.0,100.0,False,within_typical_band,
country_model,PISA,reading,FIN,2025,M0A,1,14.3878,14.3878,14.3878,0.0,100.0,False,persistent_underprediction,
country_model,PISA,reading,FIN,2025,M1,1,4.8886,4.8886,4.8886,0.0,100.0,False,within_typical_band,
country_model,PISA,reading,FIN,2022|2025,M2,2,-26.0637,26.0637,27.9679,100.0,0.0,False,persistent_overprediction,
country_model,PISA,reading,FIN,2025,M3,1,26.0846,26.0846,26.0846,0.0,100.0,False,persistent_underprediction,
country_model,PISA,reading,FRA,2025,M0,1,-7.0233,7.0233,7.0233,100.0,0.0,False,within_typical_band,
country_model,PISA,reading,FRA,2025,M0A,1,1.1559,1.1559,1.1559,0.0,100.0,False,within_typical_band,
country_model,PISA,reading,FRA,2025,M1,1,-5.6151,5.6151,5.6151,100.0,0.0,False,within_typical_band,
country_model,PISA,reading,FRA,2022|2025,M2,2,-21.4858,21.4858,21.8492,100.0,0.0,False,persistent_overprediction,
country_model,PISA,reading,FRA,2025,M3,1,8.1218,8.1218,8.1218,0.0,100.0,False,within_typical_band,
country_model,PISA,reading,GBR,2025,M0,1,18.0041,18.0041,18.0041,0.0,100.0,False,persistent_underprediction,
country_model,PISA,reading,GBR,2025,M0A,1,22.4768,22.4768,22.4768,0.0,100.0,False,persistent_underprediction,
country_model,PISA,reading,GBR,2025,M1,1,18.7506,18.7506,18.7506,0.0,100.0,False,persistent_underprediction,
country_model,PISA,reading,GBR,2022|2025,M2,2,-1.8705,1.8705,2.5255,100.0,0.0,False,within_typical_band,
country_model,PISA,reading,GBR,2025,M3,1,46.0182,46.0182,46.0182,0.0,100.0,False,persistent_underprediction,
country_model,PISA,reading,GEO,2025,M0,1,17.7251,17.7251,17.7251,0.0,100.0,False,persistent_underprediction,
country_model,PISA,reading,GEO,2025,M0A,1,-6.6653,6.6653,6.6653,100.0,0.0,False,within_typical_band,
country_model,PISA,reading,GEO,2025,M1,1,12.3587,12.3587,12.3587,0.0,100.0,False,persistent_underprediction,
country_model,PISA,reading,GEO,2022|2025,M2,2,-8.5548,18.8749,20.7231,50.0,50.0,False,within_typical_band,
country_model,PISA,reading,GEO,2025,M3,1,-64.0341,64.0341,64.0341,100.0,0.0,False,persistent_overprediction,
country_model,PISA,reading,GRC,2025,M0,1,-4.9155,4.9155,4.9155,100.0,0.0,False,within_typical_band,
country_model,PISA,reading,GRC,2025,M0A,1,0.375,0.375,0.375,0.0,100.0,False,within_typical_band,
country_model,PISA,reading,GRC,2025,M1,1,-4.3753,4.3753,4.3753,100.0,0.0,False,within_typical_band,
country_model,PISA,reading,GRC,2022|2025,M2,2,-22.1884,22.1884,23.0959,100.0,0.0,False,persistent_overprediction,
country_model,PISA,reading,GRC,2025,M3,1,-25.5501,25.5501,25.5501,100.0,0.0,False,persistent_overprediction,
country_model,PISA,reading,GTM,2025,M0,1,-32.2932,32.2932,32.2932,100.0,0.0,False,persistent_overprediction,
country_model,PISA,reading,GTM,2025,M0A,1,-20.7751,20.7751,20.7751,100.0,0.0,False,persistent_overprediction,
country_model,PISA,reading,GTM,2025,M1,1,-31.8855,31.8855,31.8855,100.0,0.0,False,persistent_overprediction,
country_model,PISA,reading,GTM,2025,M2,1,-37.0411,37.0411,37.0411,100.0,0.0,False,persistent_overprediction,
country_model,PISA,reading,GTM,2025,M3,1,-111.1319,111.1319,111.1319,100.0,0.0,False,persistent_overprediction,
country_model,PISA,reading,HKG,2025,M0,1,-13.208,13.208,13.208,100.0,0.0,False,persistent_overprediction,
country_model,PISA,reading,HKG,2025,M0A,1,-34.9787,34.9787,34.9787,100.0,0.0,False,persistent_overprediction,
country_model,PISA,reading,HKG,2025,M1,1,-12.6636,12.6636,12.6636,100.0,0.0,False,persistent_overprediction,
country_model,PISA,reading,HKG,2022|2025,M2,2,-23.2773,23.2773,23.569,100.0,0.0,False,persistent_overprediction,
country_model,PISA,reading,HKG,2025,M3,1,31.908,31.908,31.908,0.0,100.0,False,persistent_underprediction,
country_model,PISA,reading,HRV,2025,M0,1,1.0307,1.0307,1.0307,0.0,100.0,False,within_typical_band,
country_model,PISA,reading,HRV,2025,M0A,1,10.9974,10.9974,10.9974,0.0,100.0,False,persistent_underprediction,
country_model,PISA,reading,HRV,2025,M1,1,1.7156,1.7156,1.7156,0.0,100.0,False,within_typical_band,
country_model,PISA,reading,HRV,2022|2025,M2,2,-16.7379,16.7379,17.5794,100.0,0.0,False,persistent_overprediction,
country_model,PISA,reading,HRV,2025,M3,1,5.1746,5.1746,5.1746,0.0,100.0,False,within_typical_band,
country_model,PISA,reading,HUN,2025,M0,1,-7.0708,7.0708,7.0708,100.0,0.0,False,within_typical_band,
country_model,PISA,reading,HUN,2025,M0A,1,2.4458,2.4458,2.4458,0.0,100.0,False,within_typical_band,
country_model,PISA,reading,HUN,2025,M1,1,-3.8496,3.8496,3.8496,100.0,0.0,False,within_typical_band,
country_model,PISA,reading,HUN,2022|2025,M2,2,-8.6085,12.0599,14.8171,50.0,50.0,False,within_typical_band,
country_model,PISA,reading,HUN,2025,M3,1,4.0936,4.0936,4.0936,0.0,100.0,False,within_typical_band,
country_model,PISA,reading,IDN,2025,M0,1,-2.3362,2.3362,2.3362,100.0,0.0,False,within_typical_band,
country_model,PISA,reading,IDN,2025,M0A,1,-7.6988,7.6988,7.6988,100.0,0.0,False,within_typical_band,
country_model,PISA,reading,IDN,2025,M1,1,-2.0086,2.0086,2.0086,100.0,0.0,False,within_typical_band,
country_model,PISA,reading,IDN,2022|2025,M2,2,-16.0271,22.6625,27.7571,50.0,50.0,False,persistent_overprediction,
country_model,PISA,reading,IDN,2025,M3,1,-83.0074,83.0074,83.0074,100.0,0.0,False,persistent_overprediction,
country_model,PISA,reading,IRL,2025,M0,1,15.7153,15.7153,15.7153,0.0,100.0,False,persistent_underprediction,
country_model,PISA,reading,IRL,2025,M0A,1,28.4441,28.4441,28.4441,0.0,100.0,False,persistent_underprediction,
country_model,PISA,reading,IRL,2025,M1,1,16.1193,16.1193,16.1193,0.0,100.0,False,persistent_underprediction,
country_model,PISA,reading,IRL,2022|2025,M2,2,-10.1838,10.1838,11.5171,100.0,0.0,False,persistent_overprediction,
country_model,PISA,reading,IRL,2025,M3,1,52.2345,52.2345,52.2345,0.0,100.0,False,persistent_underprediction,
country_model,PISA,reading,ISL,2025,M0,1,-10.7266,10.7266,10.7266,100.0,0.0,False,persistent_overprediction,
country_model,PISA,reading,ISL,2025,M0A,1,-16.7727,16.7727,16.7727,100.0,0.0,False,persistent_overprediction,
country_model,PISA,reading,ISL,2025,M1,1,-9.7421,9.7421,9.7421,100.0,0.0,False,within_typical_band,
country_model,PISA,reading,ISL,2022|2025,M2,2,-29.6202,29.6202,33.6569,100.0,0.0,False,persistent_overprediction,
country_model,PISA,reading,ISL,2025,M3,1,-25.9276,25.9276,25.9276,100.0,0.0,False,persistent_overprediction,
country_model,PISA,reading,ISR,2025,M0,1,-17.7919,17.7919,17.7919,100.0,0.0,False,persistent_overprediction,
country_model,PISA,reading,ISR,2025,M0A,1,-7.5932,7.5932,7.5932,100.0,0.0,False,within_typical_band,
country_model,PISA,reading,ISR,2025,M1,1,-17.0298,17.0298,17.0298,100.0,0.0,False,persistent_overprediction,
country_model,PISA,reading,ISR,2022|2025,M2,2,-21.5614,21.5614,27.11,100.0,0.0,False,persistent_overprediction,
country_model,PISA,reading,ISR,2025,M3,1,-12.3749,12.3749,12.3749,100.0,0.0,False,persistent_overprediction,
country_model,PISA,reading,ITA,2025,M0,1,12.5718,12.5718,12.5718,0.0,100.0,False,persistent_underprediction,
country_model,PISA,reading,ITA,2025,M0A,1,20.2916,20.2916,20.2916,0.0,100.0,False,persistent_underprediction,
country_model,PISA,reading,ITA,2025,M1,1,14.1024,14.1024,14.1024,0.0,100.0,False,persistent_underprediction,
country_model,PISA,reading,ITA,2022|2025,M2,2,-5.2342,5.2342,5.6303,100.0,0.0,False,within_typical_band,
country_model,PISA,reading,ITA,2025,M3,1,26.0769,26.0769,26.0769,0.0,100.0,False,persistent_underprediction,
country_model,PISA,reading,JOR,2025,M0,1,-0.181,0.181,0.1811,100.0,0.0,False,within_typical_band,
country_model,PISA,reading,JOR,2025,M0A,1,-10.0554,10.0554,10.0554,100.0,0.0,False,persistent_overprediction,
country_model,PISA,reading,JOR,2025,M1,1,0.0799,0.0799,0.08,0.0,100.0,False,within_typical_band,
country_model,PISA,reading,JOR,2022|2025,M2,2,-22.752,43.1844,48.8113,50.0,50.0,False,persistent_overprediction,
country_model,PISA,reading,JOR,2025,M3,1,-85.6145,85.6145,85.6145,100.0,0.0,False,persistent_overprediction,
country_model,PISA,reading,JPN,2025,M0,1,13.7849,13.7849,13.7849,0.0,100.0,False,persistent_underprediction,
country_model,PISA,reading,JPN,2025,M0A,1,7.6158,7.6158,7.6158,0.0,100.0,False,within_typical_band,
country_model,PISA,reading,JPN,2025,M1,1,13.4984,13.4984,13.4984,0.0,100.0,False,persistent_underprediction,
country_model,PISA,reading,JPN,2022|2025,M2,2,-6.622,6.622,9.2917,100.0,0.0,False,within_typical_band,
country_model,PISA,reading,JPN,2025,M3,1,54.5018,54.5018,54.5018,0.0,100.0,False,persistent_underprediction,
country_model,PISA,reading,KAZ,2025,M0,1,-16.103,16.103,16.103,100.0,0.0,False,persistent_overprediction,
country_model,PISA,reading,KAZ,2025,M0A,1,-35.8171,35.8171,35.8171,100.0,0.0,False,persistent_overprediction,
country_model,PISA,reading,KAZ,2025,M1,1,-16.3028,16.3028,16.3028,100.0,0.0,False,persistent_overprediction,
country_model,PISA,reading,KAZ,2025,M2,1,-1.4866,1.4866,1.4866,100.0,0.0,False,within_typical_band,
country_model,PISA,reading,KAZ,2025,M3,1,-63.4146,63.4146,63.4146,100.0,0.0,False,persistent_overprediction,
country_model,PISA,reading,KHM,2025,M0,1,1.4398,1.4398,1.4398,0.0,100.0,False,within_typical_band,
country_model,PISA,reading,KHM,2025,M0A,1,-10.5662,10.5662,10.5662,100.0,0.0,False,persistent_overprediction,
country_model,PISA,reading,KHM,2025,M1,1,1.0161,1.0161,1.0161,0.0,100.0,False,within_typical_band,
country_model,PISA,reading,KHM,2025,M2,1,18.3835,18.3835,18.3835,0.0,100.0,False,persistent_underprediction,
country_model,PISA,reading,KHM,2025,M3,1,-100.9864,100.9864,100.9864,100.0,0.0,False,persistent_overprediction,
country_model,PISA,reading,KOR,2025,M0,1,15.7934,15.7934,15.7934,0.0,100.0,False,persistent_underprediction,
country_model,PISA,reading,KOR,2025,M0A,1,11.9364,11.9364,11.9364,0.0,100.0,False,persistent_underprediction,
country_model,PISA,reading,KOR,2025,M1,1,11.4891,11.4891,11.4891,0.0,100.0,False,persistent_underprediction,
country_model,PISA,reading,KOR,2022|2025,M2,2,-8.4381,8.4381,10.6007,100.0,0.0,False,within_typical_band,
country_model,PISA,reading,KOR,2025,M3,1,52.3479,52.3479,52.3479,0.0,100.0,False,persistent_underprediction,
country_model,PISA,reading,KSV,2025,M0,1,-19.8237,19.8237,19.8237,100.0,0.0,False,persistent_overprediction,
country_model,PISA,reading,KSV,2025,M0A,1,-23.2585,23.2585,23.2585,100.0,0.0,False,persistent_overprediction,
country_model,PISA,reading,KSV,2025,M1,1,-18.7426,18.7426,18.7426,100.0,0.0,False,persistent_overprediction,
country_model,PISA,reading,KSV,2022|2025,M2,2,-3.3308,3.3308,3.6954,100.0,0.0,False,within_typical_band,
country_model,PISA,reading,KSV,2025,M3,1,-107.7483,107.7483,107.7483,100.0,0.0,False,persistent_overprediction,
country_model,PISA,reading,LTU,2025,M0,1,13.2624,13.2624,13.2624,0.0,100.0,False,persistent_underprediction,
country_model,PISA,reading,LTU,2025,M0A,1,7.9778,7.9778,7.9778,0.0,100.0,False,within_typical_band,
country_model,PISA,reading,LTU,2025,M1,1,14.1326,14.1326,14.1326,0.0,100.0,False,persistent_underprediction,
country_model,PISA,reading,LTU,2022|2025,M2,2,-4.1764,4.1764,5.5164,100.0,0.0,False,within_typical_band,
country_model,PISA,reading,LTU,2025,M3,1,15.8411,15.8411,15.8411,0.0,100.0,False,persistent_underprediction,
country_model,PISA,reading,LVA,2025,M0,1,-37.664,37.664,37.664,100.0,0.0,False,persistent_overprediction,
country_model,PISA,reading,LVA,2025,M0A,1,-38.3923,38.3923,38.3923,100.0,0.0,False,persistent_overprediction,
country_model,PISA,reading,LVA,2025,M1,1,-36.4495,36.4495,36.4495,100.0,0.0,False,persistent_overprediction,
country_model,PISA,reading,LVA,2022|2025,M2,2,-29.0397,29.0397,33.0838,100.0,0.0,False,persistent_overprediction,
country_model,PISA,reading,LVA,2025,M3,1,-18.534,18.534,18.534,100.0,0.0,False,persistent_overprediction,
country_model,PISA,reading,MAC,2025,M0,1,-0.7903,0.7903,0.7903,100.0,0.0,False,within_typical_band,
country_model,PISA,reading,MAC,2025,M0A,1,-20.8892,20.8892,20.8892,100.0,0.0,False,persistent_overprediction,
country_model,PISA,reading,MAC,2025,M1,1,-0.1781,0.1781,0.178,100.0,0.0,False,within_typical_band,
country_model,PISA,reading,MAC,2022|2025,M2,2,-3.8184,5.533,6.7227,50.0,50.0,False,within_typical_band,
country_model,PISA,reading,MAC,2025,M3,1,52.8409,52.8409,52.8409,0.0,100.0,False,persistent_underprediction,
country_model,PISA,reading,MAR,2025,M0,1,-39.1162,39.1162,39.1162,100.0,0.0,False,persistent_overprediction,
country_model,PISA,reading,MAR,2025,M0A,1,-54.939,54.939,54.939,100.0,0.0,False,persistent_overprediction,
country_model,PISA,reading,MAR,2025,M1,1,-38.4896,38.4896,38.4896,100.0,0.0,False,persistent_overprediction,
country_model,PISA,reading,MAR,2025,M2,1,-18.2378,18.2378,18.2378,100.0,0.0,False,persistent_overprediction,
country_model,PISA,reading,MAR,2025,M3,1,-127.0856,127.0856,127.0856,100.0,0.0,False,persistent_overprediction,
country_model,PISA,reading,MDA,2025,M0,1,-1.8156,1.8156,1.8156,100.0,0.0,False,within_typical_band,
country_model,PISA,reading,MDA,2025,M0A,1,-5.8718,5.8718,5.8718,100.0,0.0,False,within_typical_band,
country_model,PISA,reading,MDA,2025,M1,1,-2.1342,2.1342,2.1342,100.0,0.0,False,within_typical_band,
country_model,PISA,reading,MDA,2022|2025,M2,2,-6.2641,6.2641,6.3388,100.0,0.0,False,within_typical_band,
country_model,PISA,reading,MDA,2025,M3,1,-44.5116,44.5116,44.5116,100.0,0.0,False,persistent_overprediction,
country_model,PISA,reading,MEX,2025,M0,1,7.1536,7.1536,7.1536,0.0,100.0,False,within_typical_band,
country_model,PISA,reading,MEX,2025,M0A,1,10.3214,10.3214,10.3214,0.0,100.0,False,persistent_underprediction,
country_model,PISA,reading,MEX,2025,M1,1,8.3297,8.3297,8.3297,0.0,100.0,False,within_typical_band,
country_model,PISA,reading,MEX,2022|2025,M2,2,-7.6695,7.6695,7.6735,100.0,0.0,False,within_typical_band,
country_model,PISA,reading,MEX,2025,M3,1,-40.2751,40.2751,40.2751,100.0,0.0,False,persistent_overprediction,
country_model,PISA,reading,MKD,2025,M0,1,-16.6673,16.6673,16.6673,100.0,0.0,False,persistent_overprediction,
country_model,PISA,reading,MKD,2025,M0A,1,-28.0162,28.0162,28.0162,100.0,0.0,False,persistent_overprediction,
country_model,PISA,reading,MKD,2025,M1,1,-15.8438,15.8438,15.8438,100.0,0.0,False,persistent_overprediction,
country_model,PISA,reading,MKD,2022|2025,M2,2,2.8511,3.9295,4.8549,50.0,50.0,False,within_typical_band,
country_model,PISA,reading,MKD,2025,M3,1,-90.769,90.769,90.769,100.0,0.0,False,persistent_overprediction,
country_model,PISA,reading,MLT,2025,M0,1,-35.8851,35.8851,35.8851,100.0,0.0,False,persistent_overprediction,
country_model,PISA,reading,MLT,2025,M0A,1,-40.1226,40.1226,40.1226,100.0,0.0,False,persistent_overprediction,
country_model,PISA,reading,MLT,2025,M1,1,-33.7569,33.7569,33.7569,100.0,0.0,False,persistent_overprediction,
country_model,PISA,reading,MLT,2022|2025,M2,2,-16.0202,16.0202,21.7107,100.0,0.0,False,persistent_overprediction,
country_model,PISA,reading,MLT,2025,M3,1,-33.587,33.587,33.587,100.0,0.0,False,persistent_overprediction,
country_model,PISA,reading,MNE,2025,M0,1,18.9021,18.9021,18.9021,0.0,100.0,False,persistent_underprediction,
country_model,PISA,reading,MNE,2025,M0A,1,20.1858,20.1858,20.1858,0.0,100.0,False,persistent_underprediction,
country_model,PISA,reading,MNE,2025,M1,1,19.4186,19.4186,19.4186,0.0,100.0,False,persistent_underprediction,
country_model,PISA,reading,MNE,2022|2025,M2,2,-4.2566,17.6074,18.1146,50.0,50.0,False,within_typical_band,
country_model,PISA,reading,MNE,2025,M3,1,-29.8414,29.8414,29.8414,100.0,0.0,False,persistent_overprediction,
country_model,PISA,reading,MNG,2025,M0,1,-19.2733,19.2733,19.2733,100.0,0.0,False,persistent_overprediction,
country_model,PISA,reading,MNG,2025,M0A,1,-45.438,45.438,45.438,100.0,0.0,False,persistent_overprediction,
country_model,PISA,reading,MNG,2025,M1,1,-19.9457,19.9457,19.9457,100.0,0.0,False,persistent_overprediction,
country_model,PISA,reading,MNG,2025,M2,1,-4.1672,4.1672,4.1672,100.0,0.0,False,within_typical_band,
country_model,PISA,reading,MNG,2025,M3,1,-73.96,73.96,73.96,100.0,0.0,False,persistent_overprediction,
country_model,PISA,reading,MYS,2025,M0,1,-8.3775,8.3775,8.3775,100.0,0.0,False,within_typical_band,
country_model,PISA,reading,MYS,2025,M0A,1,-18.0637,18.0637,18.0637,100.0,0.0,False,persistent_overprediction,
country_model,PISA,reading,MYS,2025,M1,1,-7.6332,7.6332,7.6332,100.0,0.0,False,within_typical_band,
country_model,PISA,reading,MYS,2025,M2,1,4.6841,4.6841,4.6841,0.0,100.0,False,within_typical_band,
country_model,PISA,reading,MYS,2025,M3,1,-55.4408,55.4408,55.4408,100.0,0.0,False,persistent_overprediction,
country_model,PISA,reading,NLD,2025,M0,1,-16.5456,16.5456,16.5456,100.0,0.0,False,persistent_overprediction,
country_model,PISA,reading,NLD,2025,M0A,1,-25.067,25.067,25.067,100.0,0.0,False,persistent_overprediction,
country_model,PISA,reading,NLD,2025,M1,1,-14.5982,14.5982,14.5982,100.0,0.0,False,persistent_overprediction,
country_model,PISA,reading,NLD,2022|2025,M2,2,-30.8071,30.8071,33.4024,100.0,0.0,False,persistent_overprediction,
country_model,PISA,reading,NLD,2025,M3,1,-6.8678,6.8678,6.8678,100.0,0.0,False,within_typical_band,
country_model,PISA,reading,NOR,2025,M0,1,-1.9154,1.9154,1.9154,100.0,0.0,False,within_typical_band,
country_model,PISA,reading,NOR,2025,M0A,1,7.895,7.895,7.895,0.0,100.0,False,within_typical_band,
country_model,PISA,reading,NOR,2025,M1,1,-0.7953,0.7953,0.7953,100.0,0.0,False,within_typical_band,
country_model,PISA,reading,NOR,2022|2025,M2,2,-30.1949,30.1949,30.8808,100.0,0.0,False,persistent_overprediction,
country_model,PISA,reading,NOR,2025,M3,1,4.5886,4.5886,4.5886,0.0,100.0,False,within_typical_band,
country_model,PISA,reading,NZL,2025,M0,1,15.3318,15.3318,15.3318,0.0,100.0,False,persistent_underprediction,
country_model,PISA,reading,NZL,2025,M0A,1,30.6643,30.6643,30.6643,0.0,100.0,False,persistent_underprediction,
country_model,PISA,reading,NZL,2025,M1,1,16.9863,16.9863,16.9863,0.0,100.0,False,persistent_underprediction,
country_model,PISA,reading,NZL,2022|2025,M2,2,-6.1131,6.1131,6.5331,100.0,0.0,False,within_typical_band,
country_model,PISA,reading,NZL,2025,M3,1,48.8318,48.8318,48.8318,0.0,100.0,False,persistent_underprediction,
country_model,PISA,reading,PER,2025,M0,1,-7.3728,7.3728,7.3728,100.0,0.0,False,within_typical_band,
country_model,PISA,reading,PER,2025,M0A,1,-4.8191,4.8191,4.8191,100.0,0.0,False,within_typical_band,
country_model,PISA,reading,PER,2025,M1,1,-7.9597,7.9597,7.9597,100.0,0.0,False,within_typical_band,
country_model,PISA,reading,PER,2022|2025,M2,2,-3.7021,14.4086,14.8766,50.0,50.0,False,within_typical_band,
country_model,PISA,reading,PER,2025,M3,1,-58.0755,58.0755,58.0755,100.0,0.0,False,persistent_overprediction,
country_model,PISA,reading,PHL,2025,M0,1,6.6864,6.6864,6.6864,0.0,100.0,False,within_typical_band,
country_model,PISA,reading,PHL,2025,M0A,1,-4.4937,4.4937,4.4937,100.0,0.0,False,within_typical_band,
country_model,PISA,reading,PHL,2025,M1,1,6.2578,6.2578,6.2578,0.0,100.0,False,within_typical_band,
country_model,PISA,reading,PHL,2025,M2,1,20.3711,20.3711,20.3711,0.0,100.0,False,persistent_underprediction,
country_model,PISA,reading,PHL,2025,M3,1,-81.2942,81.2942,81.2942,100.0,0.0,False,persistent_overprediction,
country_model,PISA,reading,POL,2025,M0,1,5.1988,5.1988,5.1988,0.0,100.0,False,within_typical_band,
country_model,PISA,reading,POL,2025,M0A,1,7.3654,7.3654,7.3654,0.0,100.0,False,within_typical_band,
country_model,PISA,reading,POL,2025,M1,1,6.4527,6.4527,6.4527,0.0,100.0,False,within_typical_band,
country_model,PISA,reading,POL,2022|2025,M2,2,-12.0799,12.0799,13.0372,100.0,0.0,False,persistent_overprediction,
country_model,PISA,reading,POL,2025,M3,1,33.3247,33.3247,33.3247,0.0,100.0,False,persistent_underprediction,
country_model,PISA,reading,PRT,2025,M0,1,4.6972,4.6972,4.6972,0.0,100.0,False,within_typical_band,
country_model,PISA,reading,PRT,2025,M0A,1,11.6872,11.6872,11.6872,0.0,100.0,False,persistent_underprediction,
country_model,PISA,reading,PRT,2025,M1,1,5.912,5.912,5.912,0.0,100.0,False,within_typical_band,
country_model,PISA,reading,PRT,2022|2025,M2,2,-18.0508,18.0508,18.385,100.0,0.0,False,persistent_overprediction,
country_model,PISA,reading,PRT,2025,M3,1,13.8147,13.8147,13.8147,0.0,100.0,False,persistent_underprediction,
country_model,PISA,reading,PRY,2025,M0,1,-15.3924,15.3924,15.3924,100.0,0.0,False,persistent_overprediction,
country_model,PISA,reading,PRY,2025,M0A,1,-2.5295,2.5295,2.5295,100.0,0.0,False,within_typical_band,
country_model,PISA,reading,PRY,2025,M1,1,-15.4805,15.4805,15.4805,100.0,0.0,False,persistent_overprediction,
country_model,PISA,reading,PRY,2025,M2,1,-20.9399,20.9399,20.9399,100.0,0.0,False,persistent_overprediction,
country_model,PISA,reading,PRY,2025,M3,1,-95.9969,95.9969,95.9969,100.0,0.0,False,persistent_overprediction,
country_model,PISA,reading,PSE,2025,M0,1,-12.6366,12.6366,12.6366,100.0,0.0,False,persistent_overprediction,
country_model,PISA,reading,PSE,2025,M0A,1,-24.9168,24.9168,24.9168,100.0,0.0,False,persistent_overprediction,
country_model,PISA,reading,PSE,2025,M1,1,-13.1857,13.1857,13.1857,100.0,0.0,False,persistent_overprediction,
country_model,PISA,reading,PSE,2025,M2,1,0.7191,0.7191,0.7191,0.0,100.0,False,within_typical_band,
country_model,PISA,reading,PSE,2025,M3,1,-98.3365,98.3365,98.3365,100.0,0.0,False,persistent_overprediction,
country_model,PISA,reading,QAT,2025,M0,1,1.4001,1.4001,1.4001,0.0,100.0,False,within_typical_band,
country_model,PISA,reading,QAT,2025,M0A,1,5.1,5.1,5.1,0.0,100.0,False,within_typical_band,
country_model,PISA,reading,QAT,2025,M1,1,1.6077,1.6077,1.6077,0.0,100.0,False,within_typical_band,
country_model,PISA,reading,QAT,2022|2025,M2,2,8.0706,9.3465,12.3487,50.0,50.0,False,within_typical_band,
country_model,PISA,reading,QAT,2025,M3,1,-30.1843,30.1843,30.1843,100.0,0.0,False,persistent_overprediction,
country_model,PISA,reading,ROU,2025,M0,1,-5.1011,5.1011,5.1011,100.0,0.0,False,within_typical_band,
country_model,PISA,reading,ROU,2025,M0A,1,-6.0985,6.0985,6.0985,100.0,0.0,False,within_typical_band,
country_model,PISA,reading,ROU,2025,M1,1,-2.6289,2.6289,2.6289,100.0,0.0,False,within_typical_band,
country_model,PISA,reading,ROU,2022|2025,M2,2,-10.3335,10.3335,11.574,100.0,0.0,False,persistent_overprediction,
country_model,PISA,reading,ROU,2025,M3,1,-35.2632,35.2632,35.2632,100.0,0.0,False,persistent_overprediction,
country_model,PISA,reading,SAU,2025,M0,1,14.3615,14.3615,14.3615,0.0,100.0,False,persistent_underprediction,
country_model,PISA,reading,SAU,2025,M0A,1,-1.4741,1.4741,1.4741,100.0,0.0,False,within_typical_band,
country_model,PISA,reading,SAU,2025,M1,1,8.8265,8.8265,8.8265,0.0,100.0,False,within_typical_band,
country_model,PISA,reading,SAU,2025,M2,1,4.7331,4.7331,4.7331,0.0,100.0,False,within_typical_band,
country_model,PISA,reading,SAU,2025,M3,1,-60.9286,60.9286,60.9286,100.0,0.0,False,persistent_overprediction,
country_model,PISA,reading,SGP,2025,M0,1,7.8017,7.8017,7.8017,0.0,100.0,False,within_typical_band,
country_model,PISA,reading,SGP,2025,M0A,1,-3.1615,3.1615,3.1615,100.0,0.0,False,within_typical_band,
country_model,PISA,reading,SGP,2025,M1,1,6.3352,6.3352,6.3352,0.0,100.0,False,within_typical_band,
country_model,PISA,reading,SGP,2022|2025,M2,2,-0.1001,7.5532,7.5539,50.0,50.0,False,within_typical_band,
country_model,PISA,reading,SGP,2025,M3,1,86.6873,86.6873,86.6873,0.0,100.0,False,persistent_underprediction,
country_model,PISA,reading,SLV,2025,M0,1,-0.7079,0.7079,0.7079,100.0,0.0,False,within_typical_band,
country_model,PISA,reading,SLV,2025,M0A,1,6.617,6.617,6.617,0.0,100.0,False,within_typical_band,
country_model,PISA,reading,SLV,2025,M1,1,-0.409,0.409,0.409,100.0,0.0,False,within_typical_band,
country_model,PISA,reading,SLV,2025,M2,1,1.5281,1.5281,1.5281,0.0,100.0,False,within_typical_band,
country_model,PISA,reading,SLV,2025,M3,1,-81.781,81.781,81.781,100.0,0.0,False,persistent_overprediction,
country_model,PISA,reading,SRB,2025,M0,1,-12.0245,12.0245,12.0245,100.0,0.0,False,persistent_overprediction,
country_model,PISA,reading,SRB,2025,M0A,1,-8.6571,8.6571,8.6571,100.0,0.0,False,within_typical_band,
country_model,PISA,reading,SRB,2025,M1,1,-11.4707,11.4707,11.4707,100.0,0.0,False,persistent_overprediction,
country_model,PISA,reading,SRB,2025,M2,1,-25.7565,25.7565,25.7565,100.0,0.0,False,persistent_overprediction,
country_model,PISA,reading,SRB,2025,M3,1,-33.6142,33.6142,33.6142,100.0,0.0,False,persistent_overprediction,
country_model,PISA,reading,SVK,2025,M0,1,2.6125,2.6125,2.6125,0.0,100.0,False,within_typical_band,
country_model,PISA,reading,SVK,2025,M0A,1,-3.8306,3.8306,3.8306,100.0,0.0,False,within_typical_band,
country_model,PISA,reading,SVK,2025,M1,1,4.1377,4.1377,4.1377,0.0,100.0,False,within_typical_band,
country_model,PISA,reading,SVK,2022|2025,M2,2,-2.2736,3.3801,4.0736,50.0,50.0,False,within_typical_band,
country_model,PISA,reading,SVK,2025,M3,1,-0.2456,0.2456,0.2456,100.0,0.0,False,within_typical_band,
country_model,PISA,reading,SVN,2025,M0,1,-12.0636,12.0636,12.0636,100.0,0.0,False,persistent_overprediction,
country_model,PISA,reading,SVN,2025,M0A,1,-17.0912,17.0912,17.0912,100.0,0.0,False,persistent_overprediction,
country_model,PISA,reading,SVN,2025,M1,1,-10.9172,10.9172,10.9172,100.0,0.0,False,persistent_overprediction,
country_model,PISA,reading,SVN,2022|2025,M2,2,-30.2341,30.2341,30.9136,100.0,0.0,False,persistent_overprediction,
country_model,PISA,reading,SVN,2025,M3,1,-3.4651,3.4651,3.4651,100.0,0.0,False,within_typical_band,
country_model,PISA,reading,SWE,2025,M0,1,0.3079,0.3079,0.3079,0.0,100.0,False,within_typical_band,
country_model,PISA,reading,SWE,2025,M0A,1,7.9091,7.9091,7.9091,0.0,100.0,False,within_typical_band,
country_model,PISA,reading,SWE,2025,M1,1,1.1965,1.1965,1.1965,0.0,100.0,False,within_typical_band,
country_model,PISA,reading,SWE,2022|2025,M2,2,-16.8597,16.8597,17.2564,100.0,0.0,False,persistent_overprediction,
country_model,PISA,reading,SWE,2025,M3,1,18.2236,18.2236,18.2236,0.0,100.0,False,persistent_underprediction,
country_model,PISA,reading,TAP,2025,M0,1,14.7955,14.7955,14.7955,0.0,100.0,False,persistent_underprediction,
country_model,PISA,reading,TAP,2025,M0A,1,-2.1274,2.1274,2.1274,100.0,0.0,False,within_typical_band,
country_model,PISA,reading,TAP,2025,M1,1,14.1276,14.1276,14.1276,0.0,100.0,False,persistent_underprediction,
country_model,PISA,reading,TAP,2022|2025,M2,2,5.3445,12.7238,13.8006,50.0,50.0,False,within_typical_band,
country_model,PISA,reading,TAP,2025,M3,1,59.5753,59.5753,59.5753,0.0,100.0,False,persistent_underprediction,
country_model,PISA,reading,THA,2025,M0,1,0.1614,0.1614,0.1612,0.0,100.0,False,within_typical_band,
country_model,PISA,reading,THA,2025,M0A,1,-8.8653,8.8653,8.8653,100.0,0.0,False,within_typical_band,
country_model,PISA,reading,THA,2025,M1,1,0.74,0.74,0.74,0.0,100.0,False,within_typical_band,
country_model,PISA,reading,THA,2022|2025,M2,2,-8.6502,21.8168,23.4692,50.0,50.0,False,within_typical_band,
country_model,PISA,reading,THA,2025,M3,1,-56.3831,56.3831,56.3831,100.0,0.0,False,persistent_overprediction,
country_model,PISA,reading,TUR,2025,M0,1,22.7449,22.7449,22.7449,0.0,100.0,False,persistent_underprediction,
country_model,PISA,reading,TUR,2025,M0A,1,27.1165,27.1165,27.1165,0.0,100.0,False,persistent_underprediction,
country_model,PISA,reading,TUR,2025,M1,1,24.5645,24.5645,24.5645,0.0,100.0,False,persistent_underprediction,
country_model,PISA,reading,TUR,2022|2025,M2,2,21.8802,21.8802,22.6536,0.0,100.0,False,persistent_underprediction,
country_model,PISA,reading,TUR,2025,M3,1,23.8828,23.8828,23.8828,0.0,100.0,False,persistent_underprediction,
country_model,PISA,reading,URY,2025,M0,1,6.0671,6.0671,6.0671,0.0,100.0,False,within_typical_band,
country_model,PISA,reading,URY,2025,M0A,1,17.6513,17.6513,17.6513,0.0,100.0,False,persistent_underprediction,
country_model,PISA,reading,URY,2025,M1,1,6.8724,6.8724,6.8724,0.0,100.0,False,within_typical_band,
country_model,PISA,reading,URY,2022|2025,M2,2,-6.6797,6.6797,6.696,100.0,0.0,False,within_typical_band,
country_model,PISA,reading,URY,2025,M3,1,-25.0,25.0,25.0,100.0,0.0,False,persistent_overprediction,
country_model,PISA,reading,USA,2025,M0,1,12.7468,12.7468,12.7468,0.0,100.0,False,persistent_underprediction,
country_model,PISA,reading,USA,2025,M0A,1,34.9169,34.9169,34.9169,0.0,100.0,False,persistent_underprediction,
country_model,PISA,reading,USA,2025,M1,1,13.9771,13.9771,13.9771,0.0,100.0,False,persistent_underprediction,
country_model,PISA,reading,USA,2022|2025,M2,2,-3.7081,10.7106,11.3343,50.0,50.0,False,within_typical_band,
country_model,PISA,reading,USA,2025,M3,1,41.3062,41.3062,41.3062,0.0,100.0,False,persistent_underprediction,
country_model,PISA,reading,VNM,2025,M0,1,-70.0847,70.0847,70.0847,100.0,0.0,False,persistent_overprediction,
country_model,PISA,reading,VNM,2025,M0A,1,-65.2674,65.2674,65.2674,100.0,0.0,False,persistent_overprediction,
country_model,PISA,reading,VNM,2025,M1,1,-65.7633,65.7633,65.7633,100.0,0.0,False,persistent_overprediction,
country_model,PISA,reading,VNM,2022|2025,M2,2,-47.6185,47.6185,52.7665,100.0,0.0,False,persistent_overprediction,
country_model,PISA,reading,VNM,2025,M3,1,-56.676,56.676,56.676,100.0,0.0,False,persistent_overprediction,
country_model,PISA,science,ALB,2025,M0,1,60.8718,60.8718,60.8718,0.0,100.0,False,persistent_underprediction,
country_model,PISA,science,ALB,2025,M0A,1,61.6599,61.6599,61.6599,0.0,100.0,False,persistent_underprediction,
country_model,PISA,science,ALB,2025,M1,1,61.3037,61.3037,61.3037,0.0,100.0,False,persistent_underprediction,
country_model,PISA,science,ALB,2022|2025,M2,2,3.7011,54.9582,55.0827,50.0,50.0,False,within_typical_band,
country_model,PISA,science,ALB,2025,M3,1,-25.383,25.383,25.383,100.0,0.0,False,persistent_overprediction,
country_model,PISA,science,ARE,2025,M0,1,27.8185,27.8185,27.8185,0.0,100.0,False,persistent_underprediction,
country_model,PISA,science,ARE,2025,M0A,1,22.8317,22.8317,22.8317,0.0,100.0,False,persistent_underprediction,
country_model,PISA,science,ARE,2025,M1,1,28.8691,28.8691,28.8691,0.0,100.0,False,persistent_underprediction,
country_model,PISA,science,ARE,2022|2025,M2,2,10.6679,15.4195,18.7501,50.0,50.0,False,persistent_underprediction,
country_model,PISA,science,ARE,2025,M3,1,-1.9431,1.9431,1.9431,100.0,0.0,False,within_typical_band,
country_model,PISA,science,ARG,2025,M0,1,-11.1161,11.1161,11.1161,100.0,0.0,False,persistent_overprediction,
country_model,PISA,science,ARG,2025,M0A,1,0.5284,0.5284,0.5284,0.0,100.0,False,within_typical_band,
country_model,PISA,science,ARG,2025,M1,1,-10.5636,10.5636,10.5636,100.0,0.0,False,persistent_overprediction,
country_model,PISA,science,ARG,2025,M2,1,-13.2574,13.2574,13.2574,100.0,0.0,False,persistent_overprediction,
country_model,PISA,science,ARG,2025,M3,1,-67.0762,67.0762,67.0762,100.0,0.0,False,persistent_overprediction,
country_model,PISA,science,AUS,2025,M0,1,15.9905,15.9905,15.9905,0.0,100.0,False,persistent_underprediction,
country_model,PISA,science,AUS,2025,M0A,1,26.819,26.819,26.819,0.0,100.0,False,persistent_underprediction,
country_model,PISA,science,AUS,2025,M1,1,17.8424,17.8424,17.8424,0.0,100.0,False,persistent_underprediction,
country_model,PISA,science,AUS,2022|2025,M2,2,-0.4438,2.5492,2.5875,50.0,50.0,False,within_typical_band,
country_model,PISA,science,AUS,2025,M3,1,49.0962,49.0962,49.0962,0.0,100.0,False,persistent_underprediction,
country_model,PISA,science,AUT,2025,M0,1,21.7349,21.7349,21.7349,0.0,100.0,False,persistent_underprediction,
country_model,PISA,science,AUT,2025,M0A,1,31.3292,31.3292,31.3292,0.0,100.0,False,persistent_underprediction,
country_model,PISA,science,AUT,2025,M1,1,23.5616,23.5616,23.5616,0.0,100.0,False,persistent_underprediction,
country_model,PISA,science,AUT,2022|2025,M2,2,0.9376,4.7041,4.7966,50.0,50.0,False,within_typical_band,
country_model,PISA,science,AUT,2025,M3,1,36.9026,36.9026,36.9026,0.0,100.0,False,persistent_underprediction,
country_model,PISA,science,BEL,2025,M0,1,14.7933,14.7933,14.7933,0.0,100.0,False,persistent_underprediction,
country_model,PISA,science,BEL,2025,M0A,1,11.3773,11.3773,11.3773,0.0,100.0,False,persistent_underprediction,
country_model,PISA,science,BEL,2025,M1,1,15.6459,15.6459,15.6459,0.0,100.0,False,persistent_underprediction,
country_model,PISA,science,BEL,2022|2025,M2,2,-6.1433,6.1433,8.0993,100.0,0.0,False,within_typical_band,
country_model,PISA,science,BEL,2025,M3,1,29.7031,29.7031,29.7031,0.0,100.0,False,persistent_underprediction,
country_model,PISA,science,BGR,2025,M0,1,6.007,6.007,6.007,0.0,100.0,False,within_typical_band,
country_model,PISA,science,BGR,2025,M0A,1,-3.638,3.638,3.638,100.0,0.0,False,within_typical_band,
country_model,PISA,science,BGR,2025,M1,1,3.7268,3.7268,3.7268,0.0,100.0,False,within_typical_band,
country_model,PISA,science,BGR,2022|2025,M2,2,-12.4892,12.4892,17.5218,100.0,0.0,False,persistent_overprediction,
country_model,PISA,science,BGR,2025,M3,1,-39.2164,39.2164,39.2164,100.0,0.0,False,persistent_overprediction,
country_model,PISA,science,BRA,2025,M0,1,-8.8883,8.8883,8.8883,100.0,0.0,False,within_typical_band,
country_model,PISA,science,BRA,2025,M0A,1,14.5605,14.5605,14.5605,0.0,100.0,False,persistent_underprediction,
country_model,PISA,science,BRA,2025,M1,1,-7.8135,7.8135,7.8135,100.0,0.0,False,within_typical_band,
country_model,PISA,science,BRA,2022|2025,M2,2,3.9292,3.9292,4.2463,0.0,100.0,False,within_typical_band,
country_model,PISA,science,BRA,2025,M3,1,-51.4696,51.4696,51.4696,100.0,0.0,False,persistent_overprediction,
country_model,PISA,science,BRN,2025,M0,1,-8.1647,8.1647,8.1647,100.0,0.0,False,within_typical_band,
country_model,PISA,science,BRN,2025,M0A,1,-13.5775,13.5775,13.5775,100.0,0.0,False,persistent_overprediction,
country_model,PISA,science,BRN,2025,M1,1,-7.4858,7.4858,7.4858,100.0,0.0,False,within_typical_band,
country_model,PISA,science,BRN,2025,M2,1,-6.4012,6.4012,6.4012,100.0,0.0,False,within_typical_band,
country_model,PISA,science,BRN,2025,M3,1,-20.5562,20.5562,20.5562,100.0,0.0,False,persistent_overprediction,
country_model,PISA,science,CAN,2025,M0,1,12.494,12.494,12.494,0.0,100.0,False,persistent_underprediction,
country_model,PISA,science,CAN,2025,M0A,1,21.2563,21.2563,21.2563,0.0,100.0,False,persistent_underprediction,
country_model,PISA,science,CAN,2025,M1,1,13.5569,13.5569,13.5569,0.0,100.0,False,persistent_underprediction,
country_model,PISA,science,CAN,2022|2025,M2,2,-8.825,8.825,9.6334,100.0,0.0,False,within_typical_band,
country_model,PISA,science,CAN,2025,M3,1,50.0447,50.0447,50.0447,0.0,100.0,False,persistent_underprediction,
country_model,PISA,science,CHE,2025,M0,1,21.5274,21.5274,21.5274,0.0,100.0,False,persistent_underprediction,
country_model,PISA,science,CHE,2025,M0A,1,16.3352,16.3352,16.3352,0.0,100.0,False,persistent_underprediction,
country_model,PISA,science,CHE,2025,M1,1,22.1406,22.1406,22.1406,0.0,100.0,False,persistent_underprediction,
country_model,PISA,science,CHE,2022|2025,M2,2,-2.1341,2.1341,2.2966,100.0,0.0,False,within_typical_band,
country_model,PISA,science,CHE,2025,M3,1,41.2275,41.2275,41.2275,0.0,100.0,False,persistent_underprediction,
country_model,PISA,science,CHL,2025,M0,1,5.219,5.219,5.219,0.0,100.0,False,within_typical_band,
country_model,PISA,science,CHL,2025,M0A,1,21.4373,21.4373,21.4373,0.0,100.0,False,persistent_underprediction,
country_model,PISA,science,CHL,2025,M1,1,5.6692,5.6692,5.6692,0.0,100.0,False,within_typical_band,
country_model,PISA,science,CHL,2022|2025,M2,2,-2.2978,2.2978,2.554,100.0,0.0,False,within_typical_band,
country_model,PISA,science,CHL,2025,M3,1,-17.6495,17.6495,17.6495,100.0,0.0,False,persistent_overprediction,
country_model,PISA,science,COL,2025,M0,1,4.9891,4.9891,4.9891,0.0,100.0,False,within_typical_band,
country_model,PISA,science,COL,2025,M0A,1,17.6388,17.6388,17.6388,0.0,100.0,False,persistent_underprediction,
country_model,PISA,science,COL,2025,M1,1,6.4117,6.4117,6.4117,0.0,100.0,False,within_typical_band,
country_model,PISA,science,COL,2022|2025,M2,2,-0.999,3.6092,3.7448,50.0,50.0,False,within_typical_band,
country_model,PISA,science,COL,2025,M3,1,-46.2792,46.2792,46.2792,100.0,0.0,False,persistent_overprediction,
country_model,PISA,science,CRI,2025,M0,1,16.8153,16.8153,16.8153,0.0,100.0,False,persistent_underprediction,
country_model,PISA,science,CRI,2025,M0A,1,29.2451,29.2451,29.2451,0.0,100.0,False,persistent_underprediction,
country_model,PISA,science,CRI,2025,M1,1,16.0621,16.0621,16.0621,0.0,100.0,False,persistent_underprediction,
country_model,PISA,science,CRI,2022|2025,M2,2,2.1808,10.8022,11.0201,50.0,50.0,False,within_typical_band,
country_model,PISA,science,CRI,2025,M3,1,-36.0405,36.0405,36.0405,100.0,0.0,False,persistent_overprediction,
country_model,PISA,science,CZE,2025,M0,1,3.0607,3.0607,3.0607,0.0,100.0,False,within_typical_band,
country_model,PISA,science,CZE,2025,M0A,1,5.9114,5.9114,5.9114,0.0,100.0,False,within_typical_band,
country_model,PISA,science,CZE,2025,M1,1,4.235,4.235,4.235,0.0,100.0,False,within_typical_band,
country_model,PISA,science,CZE,2022|2025,M2,2,-1.2759,6.1879,6.318,50.0,50.0,False,within_typical_band,
country_model,PISA,science,CZE,2025,M3,1,30.2682,30.2682,30.2682,0.0,100.0,False,persistent_underprediction,
country_model,PISA,science,DEU,2025,M0,1,15.9356,15.9356,15.9356,0.0,100.0,False,persistent_underprediction,
country_model,PISA,science,DEU,2025,M0A,1,25.4175,25.4175,25.4175,0.0,100.0,False,persistent_underprediction,
country_model,PISA,science,DEU,2025,M1,1,17.3001,17.3001,17.3001,0.0,100.0,False,persistent_underprediction,
country_model,PISA,science,DEU,2022|2025,M2,2,-11.8096,11.8096,12.7874,100.0,0.0,False,persistent_overprediction,
country_model,PISA,science,DEU,2025,M3,1,25.5113,25.5113,25.5113,0.0,100.0,False,persistent_underprediction,
country_model,PISA,science,DNK,2025,M0,1,10.0811,10.0811,10.0811,0.0,100.0,False,persistent_underprediction,
country_model,PISA,science,DNK,2025,M0A,1,2.2683,2.2683,2.2683,0.0,100.0,False,within_typical_band,
country_model,PISA,science,DNK,2025,M1,1,8.3724,8.3724,8.3724,0.0,100.0,False,within_typical_band,
country_model,PISA,science,DNK,2022|2025,M2,2,-12.1979,12.1979,12.8612,100.0,0.0,False,persistent_overprediction,
country_model,PISA,science,DNK,2025,M3,1,17.5309,17.5309,17.5309,0.0,100.0,False,persistent_underprediction,
country_model,PISA,science,DOM,2025,M0,1,-5.7808,5.7808,5.7808,100.0,0.0,False,within_typical_band,
country_model,PISA,science,DOM,2025,M0A,1,-0.3636,0.3636,0.3636,100.0,0.0,False,within_typical_band,
country_model,PISA,science,DOM,2025,M1,1,-6.0904,6.0904,6.0904,100.0,0.0,False,within_typical_band,
country_model,PISA,science,DOM,2022|2025,M2,2,14.6039,14.6039,20.3579,0.0,100.0,False,persistent_underprediction,
country_model,PISA,science,DOM,2025,M3,1,-99.1635,99.1635,99.1635,100.0,0.0,False,persistent_overprediction,
country_model,PISA,science,ESP,2025,M0,1,7.3717,7.3717,7.3717,0.0,100.0,False,within_typical_band,
country_model,PISA,science,ESP,2025,M0A,1,18.6579,18.6579,18.6579,0.0,100.0,False,persistent_underprediction,
country_model,PISA,science,ESP,2025,M1,1,8.8238,8.8238,8.8238,0.0,100.0,False,within_typical_band,
country_model,PISA,science,ESP,2022|2025,M2,2,-7.8294,7.8294,7.8408,100.0,0.0,False,within_typical_band,
country_model,PISA,science,ESP,2025,M3,1,17.1172,17.1172,17.1172,0.0,100.0,False,persistent_underprediction,
country_model,PISA,science,EST,2025,M0,1,23.6956,23.6956,23.6956,0.0,100.0,False,persistent_underprediction,
country_model,PISA,science,EST,2025,M0A,1,27.7764,27.7764,27.7764,0.0,100.0,False,persistent_underprediction,
country_model,PISA,science,EST,2025,M1,1,24.699,24.699,24.699,0.0,100.0,False,persistent_underprediction,
country_model,PISA,science,EST,2022|2025,M2,2,-3.5383,4.8436,5.9983,50.0,50.0,False,within_typical_band,
country_model,PISA,science,EST,2025,M3,1,67.107,67.107,67.107,0.0,100.0,False,persistent_underprediction,
country_model,PISA,science,FIN,2025,M0,1,21.2783,21.2783,21.2783,0.0,100.0,False,persistent_underprediction,
country_model,PISA,science,FIN,2025,M0A,1,32.809,32.809,32.809,0.0,100.0,False,persistent_underprediction,
country_model,PISA,science,FIN,2025,M1,1,23.075,23.075,23.075,0.0,100.0,False,persistent_underprediction,
country_model,PISA,science,FIN,2022|2025,M2,2,-13.1444,13.1444,14.6895,100.0,0.0,False,persistent_overprediction,
country_model,PISA,science,FIN,2025,M3,1,44.3623,44.3623,44.3623,0.0,100.0,False,persistent_underprediction,
country_model,PISA,science,FRA,2025,M0,1,11.9856,11.9856,11.9856,0.0,100.0,False,persistent_underprediction,
country_model,PISA,science,FRA,2025,M0A,1,16.6021,16.6021,16.6021,0.0,100.0,False,persistent_underprediction,
country_model,PISA,science,FRA,2025,M1,1,12.0933,12.0933,12.0933,0.0,100.0,False,persistent_underprediction,
country_model,PISA,science,FRA,2022|2025,M2,2,-5.7782,5.7782,6.1061,100.0,0.0,False,within_typical_band,
country_model,PISA,science,FRA,2025,M3,1,23.4111,23.4111,23.4111,0.0,100.0,False,persistent_underprediction,
country_model,PISA,science,GBR,2025,M0,1,23.7837,23.7837,23.7837,0.0,100.0,False,persistent_underprediction,
country_model,PISA,science,GBR,2025,M0A,1,27.5601,27.5601,27.5601,0.0,100.0,False,persistent_underprediction,
country_model,PISA,science,GBR,2025,M1,1,24.4066,24.4066,24.4066,0.0,100.0,False,persistent_underprediction,
country_model,PISA,science,GBR,2022|2025,M2,2,1.0672,10.6184,10.6719,50.0,50.0,False,within_typical_band,
country_model,PISA,science,GBR,2025,M3,1,51.3457,51.3457,51.3457,0.0,100.0,False,persistent_underprediction,
country_model,PISA,science,GEO,2025,M0,1,42.4351,42.4351,42.4351,0.0,100.0,False,persistent_underprediction,
country_model,PISA,science,GEO,2025,M0A,1,23.6864,23.6864,23.6864,0.0,100.0,False,persistent_underprediction,
country_model,PISA,science,GEO,2025,M1,1,37.5668,37.5668,37.5668,0.0,100.0,False,persistent_underprediction,
country_model,PISA,science,GEO,2022|2025,M2,2,5.4936,32.5576,33.0178,50.0,50.0,False,within_typical_band,
country_model,PISA,science,GEO,2025,M3,1,-37.8914,37.8914,37.8914,100.0,0.0,False,persistent_overprediction,
country_model,PISA,science,GRC,2025,M0,1,-2.5056,2.5056,2.5056,100.0,0.0,False,within_typical_band,
country_model,PISA,science,GRC,2025,M0A,1,2.7506,2.7506,2.7506,0.0,100.0,False,within_typical_band,
country_model,PISA,science,GRC,2025,M1,1,-2.2301,2.2301,2.2301,100.0,0.0,False,within_typical_band,
country_model,PISA,science,GRC,2022|2025,M2,2,-10.272,10.272,10.9422,100.0,0.0,False,persistent_overprediction,
country_model,PISA,science,GRC,2025,M3,1,-25.7252,25.7252,25.7252,100.0,0.0,False,persistent_overprediction,
country_model,PISA,science,GTM,2025,M0,1,-25.327,25.327,25.327,100.0,0.0,False,persistent_overprediction,
country_model,PISA,science,GTM,2025,M0A,1,-14.2188,14.2188,14.2188,100.0,0.0,False,persistent_overprediction,
country_model,PISA,science,GTM,2025,M1,1,-25.1619,25.1619,25.1619,100.0,0.0,False,persistent_overprediction,
country_model,PISA,science,GTM,2025,M2,1,-21.7288,21.7288,21.7288,100.0,0.0,False,persistent_overprediction,
country_model,PISA,science,GTM,2025,M3,1,-108.7761,108.7761,108.7761,100.0,0.0,False,persistent_overprediction,
country_model,PISA,science,HKG,2025,M0,1,-14.8633,14.8633,14.8633,100.0,0.0,False,persistent_overprediction,
country_model,PISA,science,HKG,2025,M0A,1,-36.4196,36.4196,36.4196,100.0,0.0,False,persistent_overprediction,
country_model,PISA,science,HKG,2025,M1,1,-14.4328,14.4328,14.4328,100.0,0.0,False,persistent_overprediction,
country_model,PISA,science,HKG,2022|2025,M2,2,-13.8254,13.8254,17.6467,100.0,0.0,False,persistent_overprediction,
country_model,PISA,science,HKG,2025,M3,1,35.6166,35.6166,35.6166,0.0,100.0,False,persistent_underprediction,
country_model,PISA,science,HRV,2025,M0,1,12.5232,12.5232,12.5232,0.0,100.0,False,persistent_underprediction,
country_model,PISA,science,HRV,2025,M0A,1,22.3749,22.3749,22.3749,0.0,100.0,False,persistent_underprediction,
country_model,PISA,science,HRV,2025,M1,1,13.3231,13.3231,13.3231,0.0,100.0,False,persistent_underprediction,
country_model,PISA,science,HRV,2022|2025,M2,2,0.4548,6.8214,6.8365,50.0,50.0,False,within_typical_band,
country_model,PISA,science,HRV,2025,M3,1,16.2908,16.2908,16.2908,0.0,100.0,False,persistent_underprediction,
country_model,PISA,science,HUN,2025,M0,1,9.5342,9.5342,9.5342,0.0,100.0,False,within_typical_band,
country_model,PISA,science,HUN,2025,M0A,1,18.3435,18.3435,18.3435,0.0,100.0,False,persistent_underprediction,
country_model,PISA,science,HUN,2025,M1,1,12.4868,12.4868,12.4868,0.0,100.0,False,persistent_underprediction,
country_model,PISA,science,HUN,2022|2025,M2,2,1.5821,7.5605,7.7243,50.0,50.0,False,within_typical_band,
country_model,PISA,science,HUN,2025,M3,1,19.9017,19.9017,19.9017,0.0,100.0,False,persistent_underprediction,
country_model,PISA,science,IDN,2025,M0,1,9.6659,9.6659,9.6659,0.0,100.0,False,within_typical_band,
country_model,PISA,science,IDN,2025,M0A,1,6.6314,6.6314,6.6314,0.0,100.0,False,within_typical_band,
country_model,PISA,science,IDN,2025,M1,1,9.9816,9.9816,9.9816,0.0,100.0,False,within_typical_band,
country_model,PISA,science,IDN,2022|2025,M2,2,-7.213,13.0234,14.8874,50.0,50.0,False,within_typical_band,
country_model,PISA,science,IDN,2025,M3,1,-71.3363,71.3363,71.3363,100.0,0.0,False,persistent_overprediction,
country_model,PISA,science,IRL,2025,M0,1,5.3977,5.3977,5.3977,0.0,100.0,False,within_typical_band,
country_model,PISA,science,IRL,2025,M0A,1,15.8879,15.8879,15.8879,0.0,100.0,False,persistent_underprediction,
country_model,PISA,science,IRL,2025,M1,1,5.6358,5.6358,5.6358,0.0,100.0,False,within_typical_band,
country_model,PISA,science,IRL,2022|2025,M2,2,-1.4892,2.7596,3.1358,50.0,50.0,False,within_typical_band,
country_model,PISA,science,IRL,2025,M3,1,39.5866,39.5866,39.5866,0.0,100.0,False,persistent_underprediction,
country_model,PISA,science,ISL,2025,M0,1,-2.4794,2.4794,2.4794,100.0,0.0,False,within_typical_band,
country_model,PISA,science,ISL,2025,M0A,1,-7.4126,7.4126,7.4126,100.0,0.0,False,within_typical_band,
country_model,PISA,science,ISL,2025,M1,1,-1.9771,1.9771,1.9771,100.0,0.0,False,within_typical_band,
country_model,PISA,science,ISL,2022|2025,M2,2,-15.9249,15.9249,18.9863,100.0,0.0,False,persistent_overprediction,
country_model,PISA,science,ISL,2025,M3,1,-18.6297,18.6297,18.6297,100.0,0.0,False,persistent_overprediction,
country_model,PISA,science,ISR,2025,M0,1,-20.483,20.483,20.483,100.0,0.0,False,persistent_overprediction,
country_model,PISA,science,ISR,2025,M0A,1,-11.2004,11.2004,11.2004,100.0,0.0,False,persistent_overprediction,
country_model,PISA,science,ISR,2025,M1,1,-19.9028,19.9028,19.9028,100.0,0.0,False,persistent_overprediction,
country_model,PISA,science,ISR,2022|2025,M2,2,-12.272,12.272,16.1321,100.0,0.0,False,persistent_overprediction,
country_model,PISA,science,ISR,2025,M3,1,-18.0013,18.0013,18.0013,100.0,0.0,False,persistent_overprediction,
country_model,PISA,science,ITA,2025,M0,1,11.2406,11.2406,11.2406,0.0,100.0,False,persistent_underprediction,
country_model,PISA,science,ITA,2025,M0A,1,17.2555,17.2555,17.2555,0.0,100.0,False,persistent_underprediction,
country_model,PISA,science,ITA,2025,M1,1,12.4516,12.4516,12.4516,0.0,100.0,False,persistent_underprediction,
country_model,PISA,science,ITA,2022|2025,M2,2,1.2176,4.3011,4.4701,50.0,50.0,False,within_typical_band,
country_model,PISA,science,ITA,2025,M3,1,22.972,22.972,22.972,0.0,100.0,False,persistent_underprediction,
country_model,PISA,science,JOR,2025,M0,1,33.6061,33.6061,33.6061,0.0,100.0,False,persistent_underprediction,
country_model,PISA,science,JOR,2025,M0A,1,27.6648,27.6648,27.6648,0.0,100.0,False,persistent_underprediction,
country_model,PISA,science,JOR,2025,M1,1,33.7246,33.7246,33.7246,0.0,100.0,False,persistent_underprediction,
country_model,PISA,science,JOR,2022|2025,M2,2,-0.8669,33.2751,33.2864,50.0,50.0,False,within_typical_band,
country_model,PISA,science,JOR,2025,M3,1,-53.0747,53.0747,53.0747,100.0,0.0,False,persistent_overprediction,
country_model,PISA,science,JPN,2025,M0,1,30.3777,30.3777,30.3777,0.0,100.0,False,persistent_underprediction,
country_model,PISA,science,JPN,2025,M0A,1,26.6092,26.6092,26.6092,0.0,100.0,False,persistent_underprediction,
country_model,PISA,science,JPN,2025,M1,1,30.9416,30.9416,30.9416,0.0,100.0,False,persistent_underprediction,
country_model,PISA,science,JPN,2022|2025,M2,2,-0.4043,8.644,8.6535,50.0,50.0,False,within_typical_band,
country_model,PISA,science,JPN,2025,M3,1,77.5761,77.5761,77.5761,0.0,100.0,False,persistent_underprediction,
country_model,PISA,science,KAZ,2025,M0,1,4.7438,4.7438,4.7438,0.0,100.0,False,within_typical_band,
country_model,PISA,science,KAZ,2025,M0A,1,-10.5752,10.5752,10.5752,100.0,0.0,False,persistent_overprediction,
country_model,PISA,science,KAZ,2025,M1,1,4.6026,4.6026,4.6026,0.0,100.0,False,within_typical_band,
country_model,PISA,science,KAZ,2025,M2,1,-3.6184,3.6184,3.6184,100.0,0.0,False,within_typical_band,
country_model,PISA,science,KAZ,2025,M3,1,-40.4625,40.4625,40.4625,100.0,0.0,False,persistent_overprediction,
country_model,PISA,science,KHM,2025,M0,1,25.6348,25.6348,25.6348,0.0,100.0,False,persistent_underprediction,
country_model,PISA,science,KHM,2025,M0A,1,15.8064,15.8064,15.8064,0.0,100.0,False,persistent_underprediction,
country_model,PISA,science,KHM,2025,M1,1,25.0489,25.0489,25.0489,0.0,100.0,False,persistent_underprediction,
country_model,PISA,science,KHM,2025,M2,1,34.8309,34.8309,34.8309,0.0,100.0,False,persistent_underprediction,
country_model,PISA,science,KHM,2025,M3,1,-78.075,78.075,78.075,100.0,0.0,False,persistent_overprediction,
country_model,PISA,science,KOR,2025,M0,1,28.7007,28.7007,28.7007,0.0,100.0,False,persistent_underprediction,
country_model,PISA,science,KOR,2025,M0A,1,22.8008,22.8008,22.8008,0.0,100.0,False,persistent_underprediction,
country_model,PISA,science,KOR,2025,M1,1,24.6225,24.6225,24.6225,0.0,100.0,False,persistent_underprediction,
country_model,PISA,science,KOR,2022|2025,M2,2,5.1477,6.8648,8.5805,50.0,50.0,False,within_typical_band,
country_model,PISA,science,KOR,2025,M3,1,66.0952,66.0952,66.0952,0.0,100.0,False,persistent_underprediction,
country_model,PISA,science,KSV,2025,M0,1,-10.4382,10.4382,10.4382,100.0,0.0,False,persistent_overprediction,
country_model,PISA,science,KSV,2025,M0A,1,-11.6917,11.6917,11.6917,100.0,0.0,False,persistent_overprediction,
country_model,PISA,science,KSV,2025,M1,1,-10.0842,10.0842,10.0842,100.0,0.0,False,persistent_overprediction,
country_model,PISA,science,KSV,2022|2025,M2,2,-10.7137,10.7137,15.1449,100.0,0.0,False,persistent_overprediction,
country_model,PISA,science,KSV,2025,M3,1,-102.9953,102.9953,102.9953,100.0,0.0,False,persistent_overprediction,
country_model,PISA,science,LTU,2025,M0,1,22.1362,22.1362,22.1362,0.0,100.0,False,persistent_underprediction,
country_model,PISA,science,LTU,2025,M0A,1,20.0952,20.0952,20.0952,0.0,100.0,False,persistent_underprediction,
country_model,PISA,science,LTU,2025,M1,1,23.3745,23.3745,23.3745,0.0,100.0,False,persistent_underprediction,
country_model,PISA,science,LTU,2022|2025,M2,2,6.1651,6.1651,6.8086,0.0,100.0,False,within_typical_band,
country_model,PISA,science,LTU,2025,M3,1,27.7289,27.7289,27.7289,0.0,100.0,False,persistent_underprediction,
country_model,PISA,science,LVA,2025,M0,1,-11.512,11.512,11.512,100.0,0.0,False,persistent_overprediction,
country_model,PISA,science,LVA,2025,M0A,1,-11.7669,11.7669,11.7669,100.0,0.0,False,persistent_overprediction,
country_model,PISA,science,LVA,2025,M1,1,-10.4291,10.4291,10.4291,100.0,0.0,False,persistent_overprediction,
country_model,PISA,science,LVA,2022|2025,M2,2,-10.9288,14.5466,18.1946,50.0,50.0,False,persistent_overprediction,
country_model,PISA,science,LVA,2025,M3,1,8.3573,8.3573,8.3573,0.0,100.0,False,within_typical_band,
country_model,PISA,science,MAC,2025,M0,1,20.0372,20.0372,20.0372,0.0,100.0,False,persistent_underprediction,
country_model,PISA,science,MAC,2025,M0A,1,1.1479,1.1479,1.1479,0.0,100.0,False,within_typical_band,
country_model,PISA,science,MAC,2025,M1,1,20.8859,20.8859,20.8859,0.0,100.0,False,persistent_underprediction,
country_model,PISA,science,MAC,2022|2025,M2,2,6.1321,8.4146,10.4119,50.0,50.0,False,within_typical_band,
country_model,PISA,science,MAC,2025,M3,1,80.8038,80.8038,80.8038,0.0,100.0,False,persistent_underprediction,
country_model,PISA,science,MAR,2025,M0,1,-14.1656,14.1656,14.1656,100.0,0.0,False,persistent_overprediction,
country_model,PISA,science,MAR,2025,M0A,1,-27.7105,27.7105,27.7105,100.0,0.0,False,persistent_overprediction,
country_model,PISA,science,MAR,2025,M1,1,-13.8956,13.8956,13.8956,100.0,0.0,False,persistent_overprediction,
country_model,PISA,science,MAR,2025,M2,1,-7.4183,7.4183,7.4183,100.0,0.0,False,within_typical_band,
country_model,PISA,science,MAR,2025,M3,1,-102.0303,102.0303,102.0303,100.0,0.0,False,persistent_overprediction,
country_model,PISA,science,MDA,2025,M0,1,6.0477,6.0477,6.0477,0.0,100.0,False,within_typical_band,
country_model,PISA,science,MDA,2025,M0A,1,3.0728,3.0728,3.0728,0.0,100.0,False,within_typical_band,
country_model,PISA,science,MDA,2025,M1,1,5.5936,5.5936,5.5936,0.0,100.0,False,within_typical_band,
country_model,PISA,science,MDA,2022|2025,M2,2,-3.0254,8.1134,8.6591,50.0,50.0,False,within_typical_band,
country_model,PISA,science,MDA,2025,M3,1,-38.0631,38.0631,38.0631,100.0,0.0,False,persistent_overprediction,
country_model,PISA,science,MEX,2025,M0,1,10.2285,10.2285,10.2285,0.0,100.0,False,persistent_underprediction,
country_model,PISA,science,MEX,2025,M0A,1,6.7302,6.7302,6.7302,0.0,100.0,False,within_typical_band,
country_model,PISA,science,MEX,2025,M1,1,9.8864,9.8864,9.8864,0.0,100.0,False,within_typical_band,
country_model,PISA,science,MEX,2022|2025,M2,2,-1.0722,4.751,4.8705,50.0,50.0,False,within_typical_band,
country_model,PISA,science,MEX,2025,M3,1,-46.4447,46.4447,46.4447,100.0,0.0,False,persistent_overprediction,
country_model,PISA,science,MKD,2025,M0,1,-5.6154,5.6154,5.6154,100.0,0.0,False,within_typical_band,
country_model,PISA,science,MKD,2025,M0A,1,-14.063,14.063,14.063,100.0,0.0,False,persistent_overprediction,
country_model,PISA,science,MKD,2025,M1,1,-5.3298,5.3298,5.3298,100.0,0.0,False,within_typical_band,
country_model,PISA,science,MKD,2022|2025,M2,2,-2.5922,2.5922,2.8628,100.0,0.0,False,within_typical_band,
country_model,PISA,science,MKD,2025,M3,1,-81.512,81.512,81.512,100.0,0.0,False,persistent_overprediction,
country_model,PISA,science,MLT,2025,M0,1,-9.2702,9.2702,9.2702,100.0,0.0,False,within_typical_band,
country_model,PISA,science,MLT,2025,M0A,1,-13.104,13.104,13.104,100.0,0.0,False,persistent_overprediction,
country_model,PISA,science,MLT,2025,M1,1,-7.7547,7.7547,7.7547,100.0,0.0,False,within_typical_band,
country_model,PISA,science,MLT,2022|2025,M2,2,-6.1275,6.9342,9.2536,50.0,50.0,False,within_typical_band,
country_model,PISA,science,MLT,2025,M3,1,-7.4831,7.4831,7.4831,100.0,0.0,False,within_typical_band,
country_model,PISA,science,MNE,2025,M0,1,27.4896,27.4896,27.4896,0.0,100.0,False,persistent_underprediction,
country_model,PISA,science,MNE,2025,M0A,1,29.0057,29.0057,29.0057,0.0,100.0,False,persistent_underprediction,
country_model,PISA,science,MNE,2025,M1,1,27.489,27.489,27.489,0.0,100.0,False,persistent_underprediction,
country_model,PISA,science,MNE,2022|2025,M2,2,11.9354,20.1188,23.3927,50.0,50.0,False,persistent_underprediction,
country_model,PISA,science,MNE,2025,M3,1,-24.8257,24.8257,24.8257,100.0,0.0,False,persistent_overprediction,
country_model,PISA,science,MNG,2025,M0,1,15.716,15.716,15.716,0.0,100.0,False,persistent_underprediction,
country_model,PISA,science,MNG,2025,M0A,1,-6.1526,6.1526,6.1526,100.0,0.0,False,within_typical_band,
country_model,PISA,science,MNG,2025,M1,1,15.1008,15.1008,15.1008,0.0,100.0,False,persistent_underprediction,
country_model,PISA,science,MNG,2025,M2,1,11.6512,11.6512,11.6512,0.0,100.0,False,persistent_underprediction,
country_model,PISA,science,MNG,2025,M3,1,-35.9764,35.9764,35.9764,100.0,0.0,False,persistent_overprediction,
country_model,PISA,science,MYS,2025,M0,1,6.3222,6.3222,6.3222,0.0,100.0,False,within_typical_band,
country_model,PISA,science,MYS,2025,M0A,1,-0.8628,0.8628,0.8628,100.0,0.0,False,within_typical_band,
country_model,PISA,science,MYS,2025,M1,1,6.8459,6.8459,6.8459,0.0,100.0,False,within_typical_band,
country_model,PISA,science,MYS,2025,M2,1,2.8966,2.8966,2.8966,0.0,100.0,False,within_typical_band,
country_model,PISA,science,MYS,2025,M3,1,-40.8074,40.8074,40.8074,100.0,0.0,False,persistent_overprediction,
country_model,PISA,science,NLD,2025,M0,1,13.8017,13.8017,13.8017,0.0,100.0,False,persistent_underprediction,
country_model,PISA,science,NLD,2025,M0A,1,6.8202,6.8202,6.8202,0.0,100.0,False,within_typical_band,
country_model,PISA,science,NLD,2025,M1,1,15.5087,15.5087,15.5087,0.0,100.0,False,persistent_underprediction,
country_model,PISA,science,NLD,2022|2025,M2,2,-11.5617,11.5617,14.4672,100.0,0.0,False,persistent_overprediction,
country_model,PISA,science,NLD,2025,M3,1,25.4413,25.4413,25.4413,0.0,100.0,False,persistent_underprediction,
country_model,PISA,science,NOR,2025,M0,1,6.755,6.755,6.755,0.0,100.0,False,within_typical_band,
country_model,PISA,science,NOR,2025,M0A,1,15.3225,15.3225,15.3225,0.0,100.0,False,persistent_underprediction,
country_model,PISA,science,NOR,2025,M1,1,7.4492,7.4492,7.4492,0.0,100.0,False,within_typical_band,
country_model,PISA,science,NOR,2022|2025,M2,2,-14.1344,14.1344,15.4025,100.0,0.0,False,persistent_overprediction,
country_model,PISA,science,NOR,2025,M3,1,10.2022,10.2022,10.2022,0.0,100.0,False,persistent_underprediction,
country_model,PISA,science,NZL,2025,M0,1,18.2421,18.2421,18.2421,0.0,100.0,False,persistent_underprediction,
country_model,PISA,science,NZL,2025,M0A,1,31.9284,31.9284,31.9284,0.0,100.0,False,persistent_underprediction,
country_model,PISA,science,NZL,2025,M1,1,19.629,19.629,19.629,0.0,100.0,False,persistent_underprediction,
country_model,PISA,science,NZL,2022|2025,M2,2,-1.9528,7.2214,7.4808,50.0,50.0,False,within_typical_band,
country_model,PISA,science,NZL,2025,M3,1,49.3878,49.3878,49.3878,0.0,100.0,False,persistent_underprediction,
country_model,PISA,science,PER,2025,M0,1,-1.5542,1.5542,1.5542,100.0,0.0,False,within_typical_band,
country_model,PISA,science,PER,2025,M0A,1,1.0955,1.0955,1.0955,0.0,100.0,False,within_typical_band,
country_model,PISA,science,PER,2025,M1,1,-2.1348,2.1348,2.1348,100.0,0.0,False,within_typical_band,
country_model,PISA,science,PER,2022|2025,M2,2,4.4585,6.6357,7.9944,50.0,50.0,False,within_typical_band,
country_model,PISA,science,PER,2025,M3,1,-54.4096,54.4096,54.4096,100.0,0.0,False,persistent_overprediction,
country_model,PISA,science,PHL,2025,M0,1,3.8617,3.8617,3.8617,0.0,100.0,False,within_typical_band,
country_model,PISA,science,PHL,2025,M0A,1,-5.674,5.674,5.674,100.0,0.0,False,within_typical_band,
country_model,PISA,science,PHL,2025,M1,1,3.0532,3.0532,3.0532,0.0,100.0,False,within_typical_band,
country_model,PISA,science,PHL,2025,M2,1,17.1512,17.1512,17.1512,0.0,100.0,False,persistent_underprediction,
country_model,PISA,science,PHL,2025,M3,1,-86.6916,86.6916,86.6916,100.0,0.0,False,persistent_overprediction,
country_model,PISA,science,POL,2025,M0,1,6.8257,6.8257,6.8257,0.0,100.0,False,within_typical_band,
country_model,PISA,science,POL,2025,M0A,1,8.2377,8.2377,8.2377,0.0,100.0,False,within_typical_band,
country_model,PISA,science,POL,2025,M1,1,7.8564,7.8564,7.8564,0.0,100.0,False,within_typical_band,
country_model,PISA,science,POL,2022|2025,M2,2,-3.1842,3.1842,3.3125,100.0,0.0,False,within_typical_band,
country_model,PISA,science,POL,2025,M3,1,35.0569,35.0569,35.0569,0.0,100.0,False,persistent_underprediction,
country_model,PISA,science,PRT,2025,M0,1,12.6674,12.6674,12.6674,0.0,100.0,False,persistent_underprediction,
country_model,PISA,science,PRT,2025,M0A,1,19.0983,19.0983,19.0983,0.0,100.0,False,persistent_underprediction,
country_model,PISA,science,PRT,2025,M1,1,13.7878,13.7878,13.7878,0.0,100.0,False,persistent_underprediction,
country_model,PISA,science,PRT,2022|2025,M2,2,-9.6921,9.6921,11.9758,100.0,0.0,False,within_typical_band,
country_model,PISA,science,PRT,2025,M3,1,21.7059,21.7059,21.7059,0.0,100.0,False,persistent_underprediction,
country_model,PISA,science,PRY,2025,M0,1,-18.4679,18.4679,18.4679,100.0,0.0,False,persistent_overprediction,
country_model,PISA,science,PRY,2025,M0A,1,-5.8253,5.8253,5.8253,100.0,0.0,False,within_typical_band,
country_model,PISA,science,PRY,2025,M1,1,-18.7713,18.7713,18.7713,100.0,0.0,False,persistent_overprediction,
country_model,PISA,science,PRY,2025,M2,1,-13.0837,13.0837,13.0837,100.0,0.0,False,persistent_overprediction,
country_model,PISA,science,PRY,2025,M3,1,-104.766,104.766,104.766,100.0,0.0,False,persistent_overprediction,
country_model,PISA,science,PSE,2025,M0,1,-14.1596,14.1596,14.1596,100.0,0.0,False,persistent_overprediction,
country_model,PISA,science,PSE,2025,M0A,1,-23.2828,23.2828,23.2828,100.0,0.0,False,persistent_overprediction,
country_model,PISA,science,PSE,2025,M1,1,-14.8554,14.8554,14.8554,100.0,0.0,False,persistent_overprediction,
country_model,PISA,science,PSE,2025,M2,1,-10.0756,10.0756,10.0756,100.0,0.0,False,persistent_overprediction,
country_model,PISA,science,PSE,2025,M3,1,-101.2706,101.2706,101.2706,100.0,0.0,False,persistent_overprediction,
country_model,PISA,science,QAT,2025,M0,1,8.745,8.745,8.745,0.0,100.0,False,within_typical_band,
country_model,PISA,science,QAT,2025,M0A,1,14.117,14.117,14.117,0.0,100.0,False,persistent_underprediction,
country_model,PISA,science,QAT,2025,M1,1,8.8384,8.8384,8.8384,0.0,100.0,False,within_typical_band,
country_model,PISA,science,QAT,2022|2025,M2,2,8.3943,8.3943,10.554,0.0,100.0,False,within_typical_band,
country_model,PISA,science,QAT,2025,M3,1,-25.6104,25.6104,25.6104,100.0,0.0,False,persistent_overprediction,
country_model,PISA,science,ROU,2025,M0,1,-4.0922,4.0922,4.0922,100.0,0.0,False,within_typical_band,
country_model,PISA,science,ROU,2025,M0A,1,-4.0801,4.0801,4.0801,100.0,0.0,False,within_typical_band,
country_model,PISA,science,ROU,2025,M1,1,-1.8517,1.8517,1.8517,100.0,0.0,False,within_typical_band,
country_model,PISA,science,ROU,2022|2025,M2,2,-5.0879,5.0879,5.5778,100.0,0.0,False,within_typical_band,
country_model,PISA,science,ROU,2025,M3,1,-35.301,35.301,35.301,100.0,0.0,False,persistent_overprediction,
country_model,PISA,science,SAU,2025,M0,1,28.969,28.969,28.969,0.0,100.0,False,persistent_underprediction,
country_model,PISA,science,SAU,2025,M0A,1,17.636,17.636,17.636,0.0,100.0,False,persistent_underprediction,
country_model,PISA,science,SAU,2025,M1,1,23.9099,23.9099,23.9099,0.0,100.0,False,persistent_underprediction,
country_model,PISA,science,SAU,2025,M2,1,23.0425,23.0425,23.0425,0.0,100.0,False,persistent_underprediction,
country_model,PISA,science,SAU,2025,M3,1,-46.58,46.58,46.58,100.0,0.0,False,persistent_overprediction,
country_model,PISA,science,SGP,2025,M0,1,14.5465,14.5465,14.5465,0.0,100.0,False,persistent_underprediction,
country_model,PISA,science,SGP,2025,M0A,1,4.7444,4.7444,4.7444,0.0,100.0,False,within_typical_band,
country_model,PISA,science,SGP,2025,M1,1,13.7971,13.7971,13.7971,0.0,100.0,False,persistent_underprediction,
country_model,PISA,science,SGP,2022|2025,M2,2,2.138,3.7207,4.2912,50.0,50.0,False,within_typical_band,
country_model,PISA,science,SGP,2025,M3,1,99.8405,99.8405,99.8405,0.0,100.0,False,persistent_underprediction,
country_model,PISA,science,SLV,2025,M0,1,9.682,9.682,9.682,0.0,100.0,False,within_typical_band,
country_model,PISA,science,SLV,2025,M0A,1,17.7456,17.7456,17.7456,0.0,100.0,False,persistent_underprediction,
country_model,PISA,science,SLV,2025,M1,1,9.8132,9.8132,9.8132,0.0,100.0,False,within_typical_band,
country_model,PISA,science,SLV,2025,M2,1,11.5319,11.5319,11.5319,0.0,100.0,False,persistent_underprediction,
country_model,PISA,science,SLV,2025,M3,1,-75.3369,75.3369,75.3369,100.0,0.0,False,persistent_overprediction,
country_model,PISA,science,SRB,2025,M0,1,-8.3962,8.3962,8.3962,100.0,0.0,False,within_typical_band,
country_model,PISA,science,SRB,2025,M0A,1,-4.4928,4.4928,4.4928,100.0,0.0,False,within_typical_band,
country_model,PISA,science,SRB,2025,M1,1,-7.9512,7.9512,7.9512,100.0,0.0,False,within_typical_band,
country_model,PISA,science,SRB,2025,M2,1,-18.4661,18.4661,18.4661,100.0,0.0,False,persistent_overprediction,
country_model,PISA,science,SRB,2025,M3,1,-31.0155,31.0155,31.0155,100.0,0.0,False,persistent_overprediction,
country_model,PISA,science,SVK,2025,M0,1,17.6134,17.6134,17.6134,0.0,100.0,False,persistent_underprediction,
country_model,PISA,science,SVK,2025,M0A,1,11.341,11.341,11.341,0.0,100.0,False,persistent_underprediction,
country_model,PISA,science,SVK,2025,M1,1,18.7396,18.7396,18.7396,0.0,100.0,False,persistent_underprediction,
country_model,PISA,science,SVK,2022|2025,M2,2,7.0486,7.0486,8.9738,0.0,100.0,False,within_typical_band,
country_model,PISA,science,SVK,2025,M3,1,14.862,14.862,14.862,0.0,100.0,False,persistent_underprediction,
country_model,PISA,science,SVN,2025,M0,1,8.0868,8.0868,8.0868,0.0,100.0,False,within_typical_band,
country_model,PISA,science,SVN,2025,M0A,1,10.165,10.165,10.165,0.0,100.0,False,persistent_underprediction,
country_model,PISA,science,SVN,2025,M1,1,11.0023,11.0023,11.0023,0.0,100.0,False,persistent_underprediction,
country_model,PISA,science,SVN,2022|2025,M2,2,-14.5708,14.5708,14.6664,100.0,0.0,False,persistent_overprediction,
country_model,PISA,science,SVN,2025,M3,1,23.7119,23.7119,23.7119,0.0,100.0,False,persistent_underprediction,
country_model,PISA,science,SWE,2025,M0,1,7.8561,7.8561,7.8561,0.0,100.0,False,within_typical_band,
country_model,PISA,science,SWE,2025,M0A,1,15.2946,15.2946,15.2946,0.0,100.0,False,persistent_underprediction,
country_model,PISA,science,SWE,2025,M1,1,8.6782,8.6782,8.6782,0.0,100.0,False,within_typical_band,
country_model,PISA,science,SWE,2022|2025,M2,2,-4.1558,4.2828,5.9677,50.0,50.0,False,within_typical_band,
country_model,PISA,science,SWE,2025,M3,1,25.1006,25.1006,25.1006,0.0,100.0,False,persistent_underprediction,
country_model,PISA,science,TAP,2025,M0,1,28.2392,28.2392,28.2392,0.0,100.0,False,persistent_underprediction,
country_model,PISA,science,TAP,2025,M0A,1,12.8535,12.8535,12.8535,0.0,100.0,False,persistent_underprediction,
country_model,PISA,science,TAP,2025,M1,1,28.1121,28.1121,28.1121,0.0,100.0,False,persistent_underprediction,
country_model,PISA,science,TAP,2022|2025,M2,2,3.6771,3.6771,3.9191,0.0,100.0,False,within_typical_band,
country_model,PISA,science,TAP,2025,M3,1,79.6916,79.6916,79.6916,0.0,100.0,False,persistent_underprediction,
country_model,PISA,science,THA,2025,M0,1,28.2377,28.2377,28.2377,0.0,100.0,False,persistent_underprediction,
country_model,PISA,science,THA,2025,M0A,1,21.7227,21.7227,21.7227,0.0,100.0,False,persistent_underprediction,
country_model,PISA,science,THA,2025,M1,1,28.7621,28.7621,28.7621,0.0,100.0,False,persistent_underprediction,
country_model,PISA,science,THA,2022|2025,M2,2,5.4516,17.5246,18.353,50.0,50.0,False,within_typical_band,
country_model,PISA,science,THA,2025,M3,1,-27.7696,27.7696,27.7696,100.0,0.0,False,persistent_overprediction,
country_model,PISA,science,TUR,2025,M0,1,24.9007,24.9007,24.9007,0.0,100.0,False,persistent_underprediction,
country_model,PISA,science,TUR,2025,M0A,1,35.7503,35.7503,35.7503,0.0,100.0,False,persistent_underprediction,
country_model,PISA,science,TUR,2025,M1,1,27.9655,27.9655,27.9655,0.0,100.0,False,persistent_underprediction,
country_model,PISA,science,TUR,2022|2025,M2,2,34.3898,34.3898,37.9544,0.0,100.0,False,persistent_underprediction,
country_model,PISA,science,TUR,2025,M3,1,34.259,34.259,34.259,0.0,100.0,False,persistent_underprediction,
country_model,PISA,science,URY,2025,M0,1,17.958,17.958,17.958,0.0,100.0,False,persistent_underprediction,
country_model,PISA,science,URY,2025,M0A,1,29.1475,29.1475,29.1475,0.0,100.0,False,persistent_underprediction,
country_model,PISA,science,URY,2025,M1,1,18.6857,18.6857,18.6857,0.0,100.0,False,persistent_underprediction,
country_model,PISA,science,URY,2022|2025,M2,2,4.5932,4.5932,6.4803,0.0,100.0,False,within_typical_band,
country_model,PISA,science,URY,2025,M3,1,-15.4608,15.4608,15.4608,100.0,0.0,False,persistent_overprediction,
country_model,PISA,science,USA,2025,M0,1,16.3702,16.3702,16.3702,0.0,100.0,False,persistent_underprediction,
country_model,PISA,science,USA,2025,M0A,1,36.3027,36.3027,36.3027,0.0,100.0,False,persistent_underprediction,
country_model,PISA,science,USA,2025,M1,1,17.4797,17.4797,17.4797,0.0,100.0,False,persistent_underprediction,
country_model,PISA,science,USA,2022|2025,M2,2,2.6704,2.6704,2.717,0.0,100.0,False,within_typical_band,
country_model,PISA,science,USA,2025,M3,1,41.5731,41.5731,41.5731,0.0,100.0,False,persistent_underprediction,
country_model,PISA,science,UZB,2025,M0,1,76.5571,76.5571,76.5571,0.0,100.0,False,persistent_underprediction,
country_model,PISA,science,UZB,2025,M0A,1,63.8938,63.8938,63.8938,0.0,100.0,False,persistent_underprediction,
country_model,PISA,science,UZB,2025,M1,1,75.69,75.69,75.69,0.0,100.0,False,persistent_underprediction,
country_model,PISA,science,UZB,2025,M2,1,82.7334,82.7334,82.7334,0.0,100.0,False,persistent_underprediction,
country_model,PISA,science,UZB,2025,M3,1,-22.4131,22.4131,22.4131,100.0,0.0,False,persistent_overprediction,
country_model,PISA,science,VNM,2025,M0,1,-14.1785,14.1785,14.1785,100.0,0.0,False,persistent_overprediction,
country_model,PISA,science,VNM,2025,M0A,1,-14.2891,14.2891,14.2891,100.0,0.0,False,persistent_overprediction,
country_model,PISA,science,VNM,2025,M1,1,-11.4516,11.4516,11.4516,100.0,0.0,False,persistent_overprediction,
country_model,PISA,science,VNM,2022|2025,M2,2,-33.6118,33.6118,38.4401,100.0,0.0,False,persistent_overprediction,
country_model,PISA,science,VNM,2025,M3,1,-2.5892,2.5892,2.5892,100.0,0.0,False,within_typical_band,
country_model,TIMSS,mathematics,AAD,2015|2019|2023,M0,3,-9.0255,13.4245,19.728,33.33,66.67,False,within_typical_band,
country_model,TIMSS,mathematics,AAD,2015|2019|2023,M0A,3,-23.0205,24.955,41.1744,66.67,33.33,False,persistent_overprediction,
country_model,TIMSS,mathematics,AAD,2015|2019|2023,M1,3,-9.1908,13.5491,19.9332,33.33,66.67,False,within_typical_band,
country_model,TIMSS,mathematics,AAD,2015|2019|2023,M2,3,1.6753,10.1746,11.5213,66.67,33.33,False,within_typical_band,
country_model,TIMSS,mathematics,AAD,2015|2019|2023,M3,3,-40.8809,40.8809,41.3653,100.0,0.0,False,persistent_overprediction,
country_model,TIMSS,mathematics,ADU,2011|2015|2019,M0,3,15.9895,15.9895,17.1866,0.0,100.0,False,persistent_underprediction,
country_model,TIMSS,mathematics,ADU,2011|2015|2019,M0A,3,14.8371,19.4087,29.822,66.67,33.33,False,persistent_underprediction,
country_model,TIMSS,mathematics,ADU,2011|2015|2019,M1,3,15.9377,15.9377,17.0828,0.0,100.0,False,persistent_underprediction,
country_model,TIMSS,mathematics,ADU,2015|2019,M2,2,29.8101,29.8101,30.1445,0.0,100.0,False,persistent_underprediction,
country_model,TIMSS,mathematics,ADU,2011|2015|2019,M3,3,21.9955,32.0917,35.8721,33.33,66.67,False,persistent_underprediction,
country_model,TIMSS,mathematics,ARE,2015|2019,M0,2,1.664,12.1921,12.3051,50.0,50.0,False,within_typical_band,
country_model,TIMSS,mathematics,ARE,2015|2019,M0A,2,8.2509,8.2509,8.923,0.0,100.0,False,within_typical_band,
country_model,TIMSS,mathematics,ARE,2015|2019,M1,2,1.3243,11.744,11.8184,50.0,50.0,False,within_typical_band,
country_model,TIMSS,mathematics,ARE,2019,M2,1,12.7152,12.7152,12.7152,0.0,100.0,False,persistent_underprediction,
country_model,TIMSS,mathematics,ARE,2015|2019,M3,2,-12.8122,12.8122,14.4719,100.0,0.0,False,persistent_overprediction,
country_model,TIMSS,mathematics,ARM,2011|2015,M0,2,-29.8782,29.8782,30.207,100.0,0.0,False,persistent_overprediction,
country_model,TIMSS,mathematics,ARM,2011|2015,M0A,2,-26.9357,26.9357,26.9629,100.0,0.0,False,persistent_overprediction,
country_model,TIMSS,mathematics,ARM,2011|2015,M1,2,-29.5603,29.5603,29.9576,100.0,0.0,False,persistent_overprediction,
country_model,TIMSS,mathematics,ARM,2015,M2,1,4.8726,4.8726,4.8726,0.0,100.0,False,within_typical_band,
country_model,TIMSS,mathematics,ARM,2011|2015,M3,2,-19.4924,19.4924,20.5886,100.0,0.0,False,persistent_overprediction,
country_model,TIMSS,mathematics,AUS,2011|2015|2019|2023,M0,4,-1.8329,13.3607,14.1214,50.0,50.0,False,within_typical_band,
country_model,TIMSS,mathematics,AUS,2011|2015|2019|2023,M0A,4,5.2316,22.4415,30.4029,75.0,25.0,False,within_typical_band,
country_model,TIMSS,mathematics,AUS,2011|2015|2019|2023,M1,4,-2.0043,13.5046,14.3136,50.0,50.0,False,within_typical_band,
country_model,TIMSS,mathematics,AUS,2015|2019|2023,M2,3,1.3045,7.0119,8.6616,33.33,66.67,False,within_typical_band,
country_model,TIMSS,mathematics,AUS,2011|2015|2019|2023,M3,4,22.2339,22.2339,23.5277,0.0,100.0,False,persistent_underprediction,
country_model,TIMSS,mathematics,AZE,2023,M0,1,-37.3306,37.3306,37.3306,100.0,0.0,False,persistent_overprediction,
country_model,TIMSS,mathematics,AZE,2023,M0A,1,19.469,19.469,19.469,0.0,100.0,False,persistent_underprediction,
country_model,TIMSS,mathematics,AZE,2023,M1,1,-37.6325,37.6325,37.6325,100.0,0.0,False,persistent_overprediction,
country_model,TIMSS,mathematics,AZE,2023,M3,1,-7.5438,7.5438,7.5438,100.0,0.0,False,within_typical_band,
country_model,TIMSS,mathematics,BFL,2003,M0,1,9.2099,9.2099,9.2099,0.0,100.0,False,within_typical_band,
country_model,TIMSS,mathematics,BFL,2003,M0A,1,23.6415,23.6415,23.6415,0.0,100.0,False,persistent_underprediction,
country_model,TIMSS,mathematics,BFL,2003,M1,1,10.9139,10.9139,10.9139,0.0,100.0,False,persistent_underprediction,
country_model,TIMSS,mathematics,BFL,1999|2003,M2,2,-5.8085,15.4402,16.4966,50.0,50.0,False,within_typical_band,
country_model,TIMSS,mathematics,BFL,2003,M3,1,23.6415,23.6415,23.6415,0.0,100.0,False,persistent_underprediction,
country_model,TIMSS,mathematics,BGR,2003,M0,1,-43.0736,43.0736,43.0736,100.0,0.0,False,persistent_overprediction,
country_model,TIMSS,mathematics,BGR,2003,M0A,1,-36.8996,36.8996,36.8996,100.0,0.0,False,persistent_overprediction,
country_model,TIMSS,mathematics,BGR,2003,M1,1,-42.7773,42.7773,42.7773,100.0,0.0,False,persistent_overprediction,
country_model,TIMSS,mathematics,BGR,2003,M2,1,-34.4219,34.4219,34.4219,100.0,0.0,False,persistent_overprediction,
country_model,TIMSS,mathematics,BGR,2003,M3,1,-36.8996,36.8996,36.8996,100.0,0.0,False,persistent_overprediction,
country_model,TIMSS,mathematics,BHR,2007|2011|2015|2019|2023,M0,5,-20.1907,40.0988,43.7039,60.0,40.0,False,persistent_overprediction,
country_model,TIMSS,mathematics,BHR,2007|2011|2015|2019|2023,M0A,5,-49.1096,56.2882,63.5678,80.0,20.0,False,persistent_overprediction,
country_model,TIMSS,mathematics,BHR,2007|2011|2015|2019|2023,M1,5,-21.9632,41.4165,45.1701,60.0,40.0,False,persistent_overprediction,
country_model,TIMSS,mathematics,BHR,2007|2011|2015|2019|2023,M2,5,5.0508,28.1554,34.225,40.0,60.0,False,within_typical_band,
country_model,TIMSS,mathematics,BHR,2007|2011|2015|2019|2023,M3,5,-55.7211,55.7211,66.2948,100.0,0.0,False,persistent_overprediction,
country_model,TIMSS,mathematics,BSQ,2007,M0,1,-1.1337,1.1337,1.1337,100.0,0.0,False,within_typical_band,
country_model,TIMSS,mathematics,BSQ,2007,M0A,1,-2.0064,2.0064,2.0064,100.0,0.0,False,within_typical_band,
country_model,TIMSS,mathematics,BSQ,2007,M1,1,-1.4599,1.4599,1.4599,100.0,0.0,False,within_typical_band,
country_model,TIMSS,mathematics,BSQ,2007,M2,1,11.4974,11.4974,11.4974,0.0,100.0,False,persistent_underprediction,
country_model,TIMSS,mathematics,BSQ,2007,M3,1,-2.0064,2.0064,2.0064,100.0,0.0,False,within_typical_band,
country_model,TIMSS,mathematics,CAB,2011,M0,1,19.7281,19.7281,19.7281,0.0,100.0,False,persistent_underprediction,
country_model,TIMSS,mathematics,CAB,2011,M0A,1,-17.9116,17.9116,17.9116,100.0,0.0,False,persistent_overprediction,
country_model,TIMSS,mathematics,CAB,2011,M1,1,19.7996,19.7996,19.7996,0.0,100.0,False,persistent_underprediction,
country_model,TIMSS,mathematics,CAB,2011,M3,1,12.4319,12.4319,12.4319,0.0,100.0,False,persistent_underprediction,
country_model,TIMSS,mathematics,CAN,2015,M0,1,42.9542,42.9542,42.9542,0.0,100.0,False,persistent_underprediction,
country_model,TIMSS,mathematics,CAN,2015,M0A,1,42.9542,42.9542,42.9542,0.0,100.0,False,persistent_underprediction,
country_model,TIMSS,mathematics,CAN,2015,M1,1,42.9542,42.9542,42.9542,0.0,100.0,False,persistent_underprediction,
country_model,TIMSS,mathematics,CAN,1999,M2,1,24.9784,24.9784,24.9784,0.0,100.0,False,persistent_underprediction,
country_model,TIMSS,mathematics,CAN,2015,M3,1,42.9542,42.9542,42.9542,0.0,100.0,False,persistent_underprediction,
country_model,TIMSS,mathematics,CHL,2019|2023,M0,2,-9.2053,19.0416,21.1499,50.0,50.0,False,within_typical_band,
country_model,TIMSS,mathematics,CHL,2019|2023,M0A,2,-48.696,48.696,50.9502,100.0,0.0,False,persistent_overprediction,
country_model,TIMSS,mathematics,CHL,2019|2023,M1,2,-9.6891,18.7548,21.1097,50.0,50.0,False,within_typical_band,
country_model,TIMSS,mathematics,CHL,2019|2023,M2,2,-5.7288,19.1395,19.9784,50.0,50.0,False,within_typical_band,
country_model,TIMSS,mathematics,CHL,2019|2023,M3,2,-56.4894,56.4894,58.1375,100.0,0.0,False,persistent_overprediction,
country_model,TIMSS,mathematics,COT,2007|2011|2015|2019,M0,4,-0.9397,17.4059,20.7761,75.0,25.0,False,within_typical_band,
country_model,TIMSS,mathematics,COT,2007|2011|2015|2019,M0A,4,1.0631,24.8083,30.7875,75.0,25.0,False,within_typical_band,
country_model,TIMSS,mathematics,COT,2007|2011|2015|2019,M1,4,-1.5383,17.6789,20.8583,75.0,25.0,False,within_typical_band,
country_model,TIMSS,mathematics,COT,2007|2011|2015|2019,M2,4,2.4056,7.059,7.5369,50.0,50.0,False,within_typical_band,
country_model,TIMSS,mathematics,COT,2007|2011|2015|2019,M3,4,30.1332,30.1332,32.7273,0.0,100.0,False,persistent_underprediction,
country_model,TIMSS,mathematics,CQU,2007|2011|2015|2019,M0,4,-4.6436,11.1689,12.2423,75.0,25.0,False,within_typical_band,
country_model,TIMSS,mathematics,CQU,2007|2011|2015|2019,M0A,4,22.1261,22.1261,30.1114,0.0,100.0,False,persistent_underprediction,
country_model,TIMSS,mathematics,CQU,2007|2011|2015|2019,M1,4,-4.2152,10.4589,11.5778,75.0,25.0,False,within_typical_band,
country_model,TIMSS,mathematics,CQU,2007|2011|2015|2019,M2,4,0.1879,7.6703,9.6845,25.0,75.0,False,within_typical_band,
country_model,TIMSS,mathematics,CQU,2007|2011|2015|2019,M3,4,46.4189,46.4189,48.4318,0.0,100.0,False,persistent_underprediction,
country_model,TIMSS,mathematics,CYP,2003|2007|2023,M0,3,-30.7843,30.7843,34.5741,100.0,0.0,False,persistent_overprediction,
country_model,TIMSS,mathematics,CYP,2003|2007|2023,M0A,3,-31.5044,31.5044,37.1836,100.0,0.0,False,persistent_overprediction,
country_model,TIMSS,mathematics,CYP,2003|2007|2023,M1,3,-30.4915,30.4915,34.3582,100.0,0.0,False,persistent_overprediction,
country_model,TIMSS,mathematics,CYP,1999|2003|2007|2023,M2,4,1.682,13.8416,15.8275,50.0,50.0,False,within_typical_band,
country_model,TIMSS,mathematics,CYP,2003|2007|2023,M3,3,-27.0713,32.1223,37.294,66.67,33.33,False,persistent_overprediction,
country_model,TIMSS,mathematics,CZE,2023,M0,1,19.9815,19.9815,19.9815,0.0,100.0,False,persistent_underprediction,
country_model,TIMSS,mathematics,CZE,2023,M0A,1,10.6583,10.6583,10.6583,0.0,100.0,False,persistent_underprediction,
country_model,TIMSS,mathematics,CZE,2023,M1,1,19.91,19.91,19.91,0.0,100.0,False,persistent_underprediction,
country_model,TIMSS,mathematics,CZE,1999,M2,1,-9.228,9.228,9.228,100.0,0.0,False,within_typical_band,
country_model,TIMSS,mathematics,CZE,2023,M3,1,31.9815,31.9815,31.9815,0.0,100.0,False,persistent_underprediction,
country_model,TIMSS,mathematics,EGY,2007,M0,1,-60.829,60.829,60.829,100.0,0.0,False,persistent_overprediction,
country_model,TIMSS,mathematics,EGY,2007,M0A,1,-110.008,110.008,110.008,100.0,0.0,False,persistent_overprediction,
country_model,TIMSS,mathematics,EGY,2007,M1,1,-63.6784,63.6784,63.6784,100.0,0.0,False,persistent_overprediction,
country_model,TIMSS,mathematics,EGY,2007,M2,1,-15.6109,15.6109,15.6109,100.0,0.0,False,persistent_overprediction,
country_model,TIMSS,mathematics,EGY,2007,M3,1,-110.008,110.008,110.008,100.0,0.0,False,persistent_overprediction,
country_model,TIMSS,mathematics,ENG,2003|2023,M0,2,-19.3826,19.3826,19.4057,100.0,0.0,False,persistent_overprediction,
country_model,TIMSS,mathematics,ENG,2003|2023,M0A,2,-1.3284,13.2761,13.3424,50.0,50.0,False,within_typical_band,
country_model,TIMSS,mathematics,ENG,2003|2023,M1,2,-19.7176,19.7176,19.7548,100.0,0.0,False,persistent_overprediction,
country_model,TIMSS,mathematics,ENG,1999|2003|2023,M2,3,6.4191,6.4191,7.8758,0.0,100.0,False,within_typical_band,
country_model,TIMSS,mathematics,ENG,2003|2023,M3,2,11.9827,26.5873,29.1628,50.0,50.0,False,persistent_underprediction,
country_model,TIMSS,mathematics,FIN,2019|2023,M0,2,8.6432,24.9892,26.4417,50.0,50.0,False,within_typical_band,
country_model,TIMSS,mathematics,FIN,2019|2023,M0A,2,-6.933,7.9955,10.5828,50.0,50.0,False,within_typical_band,
country_model,TIMSS,mathematics,FIN,2019|2023,M1,2,7.9297,24.8978,26.1301,50.0,50.0,False,within_typical_band,
country_model,TIMSS,mathematics,FIN,2023,M2,1,-5.2483,5.2483,5.2483,100.0,0.0,False,within_typical_band,
country_model,TIMSS,mathematics,FIN,2019|2023,M3,2,21.5333,21.5333,21.8899,0.0,100.0,False,persistent_underprediction,
country_model,TIMSS,mathematics,FRA,2019|2023,M0,2,-2.8959,10.5415,10.932,50.0,50.0,False,within_typical_band,
country_model,TIMSS,mathematics,FRA,2019|2023,M0A,2,-0.6438,6.5715,6.603,50.0,50.0,False,within_typical_band,
country_model,TIMSS,mathematics,FRA,2019|2023,M1,2,-3.0703,10.3564,10.8019,50.0,50.0,False,within_typical_band,
country_model,TIMSS,mathematics,FRA,2023,M2,1,-4.432,4.432,4.432,100.0,0.0,False,within_typical_band,
country_model,TIMSS,mathematics,FRA,2019|2023,M3,2,-3.995,3.995,5.3289,100.0,0.0,False,within_typical_band,
country_model,TIMSS,mathematics,GEO,2011|2019|2023,M0,3,-5.8607,10.1424,10.9537,66.67,33.33,False,within_typical_band,
country_model,TIMSS,mathematics,GEO,2011|2019|2023,M0A,3,-14.8717,14.8717,20.0225,100.0,0.0,False,persistent_overprediction,
country_model,TIMSS,mathematics,GEO,2011|2019|2023,M1,3,-6.1383,10.0784,10.852,66.67,33.33,False,within_typical_band,
country_model,TIMSS,mathematics,GEO,2011|2023,M2,2,16.015,16.015,16.9355,0.0,100.0,False,persistent_underprediction,
country_model,TIMSS,mathematics,GEO,2011|2019|2023,M3,3,-36.1176,36.1176,40.4816,100.0,0.0,False,persistent_overprediction,
country_model,TIMSS,mathematics,GHA,2007|2011,M0,2,-41.7399,41.7399,42.5733,100.0,0.0,False,persistent_overprediction,
country_model,TIMSS,mathematics,GHA,2007|2011,M0A,2,-169.5585,169.5585,170.9335,100.0,0.0,False,persistent_overprediction,
country_model,TIMSS,mathematics,GHA,2007|2011,M1,2,-43.582,43.582,44.6768,100.0,0.0,False,persistent_overprediction,
country_model,TIMSS,mathematics,GHA,2007|2011,M2,2,27.5632,27.5632,28.2306,0.0,100.0,False,persistent_underprediction,
country_model,TIMSS,mathematics,GHA,2007|2011,M3,2,-176.537,176.537,177.1446,100.0,0.0,False,persistent_overprediction,
country_model,TIMSS,mathematics,HKG,2003|2007|2015|2019|2023,M0,5,2.4825,42.5923,44.0817,60.0,40.0,False,within_typical_band,
country_model,TIMSS,mathematics,HKG,2003|2007|2015|2019|2023,M0A,5,66.0307,66.0307,68.512,0.0,100.0,False,persistent_underprediction,
country_model,TIMSS,mathematics,HKG,2003|2007|2015|2019|2023,M1,5,3.7292,42.0849,43.9302,60.0,40.0,False,within_typical_band,
country_model,TIMSS,mathematics,HKG,2003|2007|2019|2023,M2,4,-7.2798,9.2777,10.8064,75.0,25.0,False,within_typical_band,
country_model,TIMSS,mathematics,HKG,2003|2007|2015|2019|2023,M3,5,87.6126,87.6126,88.7576,0.0,100.0,False,persistent_underprediction,
country_model,TIMSS,mathematics,HUN,2003|2007|2011|2015|2019|2023,M0,6,-10.3228,13.7074,18.6435,50.0,50.0,False,persistent_overprediction,
country_model,TIMSS,mathematics,HUN,2003|2007|2011|2015|2019|2023,M0A,6,-3.8961,12.2245,13.4899,66.67,33.33,False,within_typical_band,
country_model,TIMSS,mathematics,HUN,2003|2007|2011|2015|2019|2023,M1,6,-10.7507,13.9305,19.0924,50.0,50.0,False,persistent_overprediction,
country_model,TIMSS,mathematics,HUN,2003|2007|2011|2015|2019|2023,M2,6,-4.2466,8.7447,9.6657,66.67,33.33,False,within_typical_band,
country_model,TIMSS,mathematics,HUN,2003|2007|2011|2015|2019|2023,M3,6,21.5603,21.5603,23.0335,0.0,100.0,False,persistent_underprediction,
country_model,TIMSS,mathematics,IRL,2015|2023,M0,2,18.4729,18.4729,19.4343,0.0,100.0,False,persistent_underprediction,
country_model,TIMSS,mathematics,IRL,2015|2023,M0A,2,18.242,18.242,18.6681,0.0,100.0,False,persistent_underprediction,
country_model,TIMSS,mathematics,IRL,2015|2023,M1,2,18.282,18.282,19.2457,0.0,100.0,False,persistent_underprediction,
country_model,TIMSS,mathematics,IRL,2015|2023,M3,2,37.312,37.312,37.3583,0.0,100.0,False,persistent_underprediction,
country_model,TIMSS,mathematics,IRN,2011|2015|2019|2023,M0,4,-6.0159,16.5357,19.8306,75.0,25.0,False,within_typical_band,
country_model,TIMSS,mathematics,IRN,2011|2015|2019|2023,M0A,4,-30.2464,30.2464,32.8239,100.0,0.0,False,persistent_overprediction,
country_model,TIMSS,mathematics,IRN,2011|2015|2019|2023,M1,4,-6.9781,16.3518,19.3196,75.0,25.0,False,within_typical_band,
country_model,TIMSS,mathematics,IRN,1999|2011|2015|2019|2023,M2,5,8.8968,18.0354,19.038,20.0,80.0,False,within_typical_band,
country_model,TIMSS,mathematics,IRN,2011|2015|2019|2023,M3,4,-56.5038,56.5038,58.5234,100.0,0.0,False,persistent_overprediction,
country_model,TIMSS,mathematics,ISR,2003|2007|2011|2015|2019,M0,5,-5.3664,20.9015,25.6699,60.0,40.0,False,within_typical_band,
country_model,TIMSS,mathematics,ISR,2003|2007|2011|2015|2019,M0A,5,-0.1017,23.7512,26.3558,60.0,40.0,False,within_typical_band,
country_model,TIMSS,mathematics,ISR,2003|2007|2011|2015|2019,M1,5,-5.37,20.8722,25.4711,60.0,40.0,False,within_typical_band,
country_model,TIMSS,mathematics,ISR,1999|2003|2007|2011|2015|2019,M2,6,0.2188,28.3254,33.9609,50.0,50.0,False,within_typical_band,
country_model,TIMSS,mathematics,ISR,2003|2007|2011|2015|2019,M3,5,5.2043,27.098,27.9324,40.0,60.0,False,within_typical_band,
country_model,TIMSS,mathematics,ITA,2003|2007|2011|2015|2019|2023,M0,6,-12.6324,15.9649,19.0192,83.33,16.67,False,persistent_overprediction,
country_model,TIMSS,mathematics,ITA,2003|2007|2011|2015|2019|2023,M0A,6,-16.4591,18.317,23.7566,66.67,33.33,False,persistent_overprediction,
country_model,TIMSS,mathematics,ITA,2003|2007|2011|2015|2019|2023,M1,6,-12.9845,16.0581,19.362,83.33,16.67,False,persistent_overprediction,
country_model,TIMSS,mathematics,ITA,1999|2003|2007|2011|2015|2019|2023,M2,7,4.0999,6.3728,8.2695,28.57,71.43,False,within_typical_band,
country_model,TIMSS,mathematics,ITA,2003|2007|2011|2015|2019|2023,M3,6,-1.2131,15.5896,17.3994,33.33,66.67,False,within_typical_band,
country_model,TIMSS,mathematics,JOR,2011|2015|2019,M0,3,-38.2662,38.2662,44.6011,100.0,0.0,False,persistent_overprediction,
country_model,TIMSS,mathematics,JOR,2011|2015|2019,M0A,3,-90.8851,90.8851,93.3626,100.0,0.0,False,persistent_overprediction,
country_model,TIMSS,mathematics,JOR,2011|2015|2019,M1,3,-39.9188,39.9188,46.2318,100.0,0.0,False,persistent_overprediction,
country_model,TIMSS,mathematics,JOR,2011|2015|2019,M2,3,-2.2081,25.3526,26.2045,66.67,33.33,False,within_typical_band,
country_model,TIMSS,mathematics,JOR,2011|2015|2019,M3,3,-82.971,82.971,84.2686,100.0,0.0,False,persistent_overprediction,
country_model,TIMSS,mathematics,JPN,2007|2011|2015,M0,3,22.0122,22.0122,22.5579,0.0,100.0,False,persistent_underprediction,
country_model,TIMSS,mathematics,JPN,2007|2011|2015,M0A,3,59.7997,59.7997,63.8235,0.0,100.0,False,persistent_underprediction,
country_model,TIMSS,mathematics,JPN,2007|2011|2015,M1,3,22.022,22.022,22.4351,0.0,100.0,False,persistent_underprediction,
country_model,TIMSS,mathematics,JPN,2011|2015,M2,2,8.3296,8.3296,11.7659,0.0,100.0,False,within_typical_band,
country_model,TIMSS,mathematics,JPN,2007|2011|2015,M3,3,82.8365,82.8365,84.0156,0.0,100.0,False,persistent_underprediction,
country_model,TIMSS,mathematics,KAZ,2011|2015|2019|2023,M0,4,-27.5763,36.8459,39.002,75.0,25.0,False,persistent_overprediction,
country_model,TIMSS,mathematics,KAZ,2011|2015|2019|2023,M0A,4,-23.7055,27.2174,29.684,75.0,25.0,False,persistent_overprediction,
country_model,TIMSS,mathematics,KAZ,2011|2015|2019|2023,M1,4,-27.8483,37.0205,39.1744,75.0,25.0,False,persistent_overprediction,
country_model,TIMSS,mathematics,KAZ,2015|2019|2023,M2,3,-10.9543,38.1906,38.3369,66.67,33.33,False,persistent_overprediction,
country_model,TIMSS,mathematics,KAZ,2011|2015|2019|2023,M3,4,2.3981,21.333,27.2532,50.0,50.0,False,within_typical_band,
country_model,TIMSS,mathematics,KOR,2003|2019|2023,M0,3,40.1503,50.5632,57.097,33.33,66.67,False,persistent_underprediction,
country_model,TIMSS,mathematics,KOR,2003|2019|2023,M0A,3,67.1186,67.1186,67.4434,0.0,100.0,False,persistent_underprediction,
country_model,TIMSS,mathematics,KOR,2003|2019|2023,M1,3,41.126,50.9086,57.6081,33.33,66.67,False,persistent_underprediction,
country_model,TIMSS,mathematics,KOR,2003|2023,M2,2,-3.0152,4.955,5.8003,50.0,50.0,False,within_typical_band,
country_model,TIMSS,mathematics,KOR,2003|2019|2023,M3,3,102.066,102.066,103.804,0.0,100.0,False,persistent_underprediction,
country_model,TIMSS,mathematics,KWT,2015|2023,M0,2,-54.984,54.984,55.0077,100.0,0.0,False,persistent_overprediction,
country_model,TIMSS,mathematics,KWT,2015|2023,M0A,2,-36.8875,36.8875,37.5941,100.0,0.0,False,persistent_overprediction,
country_model,TIMSS,mathematics,KWT,2015|2023,M1,2,-54.6291,54.6291,54.6495,100.0,0.0,False,persistent_overprediction,
country_model,TIMSS,mathematics,KWT,2015|2023,M3,2,-89.7014,89.7014,89.7273,100.0,0.0,False,persistent_overprediction,
country_model,TIMSS,mathematics,LTU,2003|2007|2015|2019|2023,M0,5,-8.9171,12.1074,12.9411,80.0,20.0,False,within_typical_band,
country_model,TIMSS,mathematics,LTU,2003|2007|2015|2019|2023,M0A,5,1.3128,5.8941,7.4238,20.0,80.0,False,within_typical_band,
country_model,TIMSS,mathematics,LTU,2003|2007|2015|2019|2023,M1,5,-9.3215,12.397,13.1908,80.0,20.0,False,within_typical_band,
country_model,TIMSS,mathematics,LTU,1999|2003|2007|2019|2023,M2,5,12.0675,12.7535,17.7829,20.0,80.0,False,persistent_underprediction,
country_model,TIMSS,mathematics,LTU,2003|2007|2015|2019|2023,M3,5,15.9825,20.5638,22.9974,20.0,80.0,False,persistent_underprediction,
country_model,TIMSS,mathematics,LVA,2003,M0,1,-8.8845,8.8845,8.8845,100.0,0.0,False,within_typical_band,
country_model,TIMSS,mathematics,LVA,2003,M0A,1,-4.7409,4.7409,4.7409,100.0,0.0,False,within_typical_band,
country_model,TIMSS,mathematics,LVA,2003,M1,1,-8.5064,8.5064,8.5064,100.0,0.0,False,within_typical_band,
country_model,TIMSS,mathematics,LVA,1999|2003,M2,2,17.9861,17.9861,23.2405,0.0,100.0,False,persistent_underprediction,
country_model,TIMSS,mathematics,LVA,2003,M3,1,-4.7409,4.7409,4.7409,100.0,0.0,False,within_typical_band,
country_model,TIMSS,mathematics,MAR,2003|2007|2011|2015|2019|2023,M0,6,-27.3793,32.3821,44.2354,83.33,16.67,False,persistent_overprediction,
country_model,TIMSS,mathematics,MAR,2003|2007|2011|2015|2019|2023,M0A,6,-45.5703,54.4539,69.9078,83.33,16.67,False,persistent_overprediction,
country_model,TIMSS,mathematics,MAR,2003|2007|2011|2015|2019|2023,M1,6,-28.0808,32.8957,45.305,83.33,16.67,False,persistent_overprediction,
country_model,TIMSS,mathematics,MAR,2003|2007|2011|2015|2019|2023,M2,6,6.8807,15.4472,22.0464,50.0,50.0,False,within_typical_band,
country_model,TIMSS,mathematics,MAR,2003|2007|2011|2015|2019|2023,M3,6,-111.9214,111.9214,112.5139,100.0,0.0,False,persistent_overprediction,
country_model,TIMSS,mathematics,MDA,2003,M0,1,-48.6107,48.6107,48.6107,100.0,0.0,False,persistent_overprediction,
country_model,TIMSS,mathematics,MDA,2003,M0A,1,-53.1734,53.1734,53.1734,100.0,0.0,False,persistent_overprediction,
country_model,TIMSS,mathematics,MDA,2003,M1,1,-48.729,48.729,48.729,100.0,0.0,False,persistent_overprediction,
country_model,TIMSS,mathematics,MDA,2003,M2,1,-9.3358,9.3358,9.3358,100.0,0.0,False,within_typical_band,
country_model,TIMSS,mathematics,MDA,2003,M3,1,-53.1734,53.1734,53.1734,100.0,0.0,False,persistent_overprediction,
country_model,TIMSS,mathematics,MKD,2003,M0,1,-70.1368,70.1368,70.1368,100.0,0.0,False,persistent_overprediction,
country_model,TIMSS,mathematics,MKD,2003,M0A,1,-78.0847,78.0847,78.0847,100.0,0.0,False,persistent_overprediction,
country_model,TIMSS,mathematics,MKD,2003,M1,1,-71.0567,71.0567,71.0567,100.0,0.0,False,persistent_overprediction,
country_model,TIMSS,mathematics,MKD,2003,M2,1,-11.62,11.62,11.62,100.0,0.0,False,persistent_overprediction,
country_model,TIMSS,mathematics,MKD,2003,M3,1,-78.0847,78.0847,78.0847,100.0,0.0,False,persistent_overprediction,
country_model,TIMSS,mathematics,MLT,2015,M0,1,-12.3527,12.3527,12.3527,100.0,0.0,False,persistent_overprediction,
country_model,TIMSS,mathematics,MLT,2015,M0A,1,25.1752,25.1752,25.1752,0.0,100.0,False,persistent_underprediction,
country_model,TIMSS,mathematics,MLT,2015,M1,1,-12.7356,12.7356,12.7356,100.0,0.0,False,persistent_overprediction,
country_model,TIMSS,mathematics,MLT,2015,M3,1,9.2164,9.2164,9.2164,0.0,100.0,False,within_typical_band,
country_model,TIMSS,mathematics,MYS,2003|2007|2011|2015|2019|2023,M0,6,-28.2741,29.9101,37.8893,83.33,16.67,False,persistent_overprediction,
country_model,TIMSS,mathematics,MYS,2003|2007|2011|2015|2019|2023,M0A,6,-27.1542,28.951,37.6772,83.33,16.67,False,persistent_overprediction,
country_model,TIMSS,mathematics,MYS,2003|2007|2011|2015|2019|2023,M1,6,-27.9683,29.7825,37.8083,83.33,16.67,False,persistent_overprediction,
country_model,TIMSS,mathematics,MYS,2003|2007|2011|2015|2019|2023,M2,6,-18.0952,26.5916,30.7799,83.33,16.67,False,persistent_overprediction,
country_model,TIMSS,mathematics,MYS,2003|2007|2011|2015|2019|2023,M3,6,-33.5351,33.5351,41.0212,100.0,0.0,False,persistent_overprediction,
country_model,TIMSS,mathematics,NLD,2003,M0,1,10.6224,10.6224,10.6224,0.0,100.0,False,persistent_underprediction,
country_model,TIMSS,mathematics,NLD,2003,M0A,1,23.2049,23.2049,23.2049,0.0,100.0,False,persistent_underprediction,
country_model,TIMSS,mathematics,NLD,2003,M1,1,11.4879,11.4879,11.4879,0.0,100.0,False,persistent_underprediction,
country_model,TIMSS,mathematics,NLD,2003,M2,1,-3.6023,3.6023,3.6023,100.0,0.0,False,within_typical_band,
country_model,TIMSS,mathematics,NLD,2003,M3,1,23.2049,23.2049,23.2049,0.0,100.0,False,persistent_underprediction,
country_model,TIMSS,mathematics,NOR,2007|2011|2019|2023,M0,4,-5.4527,16.5262,18.7858,75.0,25.0,False,within_typical_band,
country_model,TIMSS,mathematics,NOR,2007|2011|2019|2023,M0A,4,-6.102,12.8891,15.2462,50.0,50.0,False,within_typical_band,
country_model,TIMSS,mathematics,NOR,2007|2011|2019|2023,M1,4,-5.8449,16.2924,18.2941,75.0,25.0,False,within_typical_band,
country_model,TIMSS,mathematics,NOR,2011|2023,M2,2,0.3285,5.0984,5.109,50.0,50.0,False,within_typical_band,
country_model,TIMSS,mathematics,NOR,2007|2011|2019|2023,M3,4,-3.2929,21.4149,22.3232,50.0,50.0,False,within_typical_band,
country_model,TIMSS,mathematics,NZL,2011|2019|2023,M0,3,3.9548,6.949,9.6562,66.67,33.33,False,within_typical_band,
country_model,TIMSS,mathematics,NZL,2011|2019|2023,M0A,3,-10.0878,10.0878,11.3232,100.0,0.0,False,persistent_overprediction,
country_model,TIMSS,mathematics,NZL,2011|2019|2023,M1,3,3.7018,6.799,9.3367,66.67,33.33,False,within_typical_band,
country_model,TIMSS,mathematics,NZL,1999|2023,M2,2,5.554,5.554,5.7959,0.0,100.0,False,within_typical_band,
country_model,TIMSS,mathematics,NZL,2011|2019|2023,M3,3,-2.5441,2.5441,3.0968,100.0,0.0,False,within_typical_band,
country_model,TIMSS,mathematics,OMN,2015|2023,M0,2,-58.8572,58.8572,58.8954,100.0,0.0,False,persistent_overprediction,
country_model,TIMSS,mathematics,OMN,2015|2023,M0A,2,-42.5847,42.5847,43.6612,100.0,0.0,False,persistent_overprediction,
country_model,TIMSS,mathematics,OMN,2015|2023,M1,2,-58.6674,58.6674,58.7035,100.0,0.0,False,persistent_overprediction,
country_model,TIMSS,mathematics,OMN,2015|2023,M3,2,-78.2466,78.2466,78.3011,100.0,0.0,False,persistent_overprediction,
country_model,TIMSS,mathematics,PHL,2003,M0,1,-103.5774,103.5774,103.5774,100.0,0.0,False,persistent_overprediction,
country_model,TIMSS,mathematics,PHL,2003,M0A,1,-135.3783,135.3783,135.3783,100.0,0.0,False,persistent_overprediction,
country_model,TIMSS,mathematics,PHL,2003,M1,1,-106.1051,106.1051,106.1051,100.0,0.0,False,persistent_overprediction,
country_model,TIMSS,mathematics,PHL,2003,M2,1,32.7847,32.7847,32.7847,0.0,100.0,False,persistent_underprediction,
country_model,TIMSS,mathematics,PHL,2003,M3,1,-135.3783,135.3783,135.3783,100.0,0.0,False,persistent_overprediction,
country_model,TIMSS,mathematics,PRT,2019|2023,M0,2,-30.0207,30.0207,35.4044,100.0,0.0,False,persistent_overprediction,
country_model,TIMSS,mathematics,PRT,2019|2023,M0A,2,-11.0651,11.0651,15.3264,100.0,0.0,False,persistent_overprediction,
country_model,TIMSS,mathematics,PRT,2019|2023,M1,2,-30.3493,30.3493,35.7123,100.0,0.0,False,persistent_overprediction,
country_model,TIMSS,mathematics,PRT,2023,M2,1,-25.0666,25.0666,25.0666,100.0,0.0,False,persistent_overprediction,
country_model,TIMSS,mathematics,PRT,2019|2023,M3,2,3.1131,13.8439,14.1896,50.0,50.0,False,within_typical_band,
country_model,TIMSS,mathematics,QAT,2011|2015|2019,M0,3,46.1961,48.1739,72.5312,33.33,66.67,False,persistent_underprediction,
country_model,TIMSS,mathematics,QAT,2011|2015|2019,M0A,3,-14.8291,17.1942,25.6018,66.67,33.33,False,persistent_overprediction,
country_model,TIMSS,mathematics,QAT,2011|2015|2019,M1,3,45.734,47.9091,72.4427,33.33,66.67,False,persistent_underprediction,
country_model,TIMSS,mathematics,QAT,2011|2015|2019,M2,3,47.041,47.041,61.7591,0.0,100.0,False,persistent_underprediction,
country_model,TIMSS,mathematics,QAT,2011|2015|2019,M3,3,-55.3321,55.3321,58.9047,100.0,0.0,False,persistent_overprediction,
country_model,TIMSS,mathematics,ROM,2003|2007|2011,M0,3,-27.6538,27.6538,28.3858,100.0,0.0,False,persistent_overprediction,
country_model,TIMSS,mathematics,ROM,2003|2007|2011,M0A,3,-32.8471,32.8471,33.8169,100.0,0.0,False,persistent_overprediction,
country_model,TIMSS,mathematics,ROM,2003|2007|2011,M1,3,-27.8494,27.8494,28.5728,100.0,0.0,False,persistent_overprediction,
country_model,TIMSS,mathematics,ROM,1999|2003|2007|2011,M2,4,-0.5684,8.0983,9.5354,50.0,50.0,False,within_typical_band,
country_model,TIMSS,mathematics,ROM,2003|2007|2011,M3,3,-37.2648,37.2648,37.3117,100.0,0.0,False,persistent_overprediction,
country_model,TIMSS,mathematics,RUS,2003|2007|2015|2019,M0,4,7.5308,29.0443,30.8299,50.0,50.0,False,within_typical_band,
country_model,TIMSS,mathematics,RUS,2003|2007|2015|2019,M0A,4,15.2529,27.3787,35.6429,50.0,50.0,False,persistent_underprediction,
country_model,TIMSS,mathematics,RUS,2003|2007|2015|2019,M1,4,7.2147,28.8865,30.7474,50.0,50.0,False,within_typical_band,
country_model,TIMSS,mathematics,RUS,1999|2003|2007|2019,M2,4,2.0939,11.0849,12.8906,25.0,75.0,False,within_typical_band,
country_model,TIMSS,mathematics,RUS,2003|2007|2015|2019,M3,4,29.9021,32.4158,40.6392,25.0,75.0,False,persistent_underprediction,
country_model,TIMSS,mathematics,SAU,2011|2015|2019,M0,3,-16.6146,20.7856,24.8511,66.67,33.33,False,persistent_overprediction,
country_model,TIMSS,mathematics,SAU,2011|2015|2019,M0A,3,-90.4787,90.4787,90.7945,100.0,0.0,False,persistent_overprediction,
country_model,TIMSS,mathematics,SAU,2011|2015|2019,M1,3,-18.411,20.0944,25.3056,66.67,33.33,False,persistent_overprediction,
country_model,TIMSS,mathematics,SAU,2011|2015|2019,M2,3,21.4775,38.882,42.8906,33.33,66.67,False,persistent_underprediction,
country_model,TIMSS,mathematics,SAU,2011|2015|2019,M3,3,-101.7684,101.7684,102.3749,100.0,0.0,False,persistent_overprediction,
country_model,TIMSS,mathematics,SCO,2007,M0,1,-18.5387,18.5387,18.5387,100.0,0.0,False,persistent_overprediction,
country_model,TIMSS,mathematics,SCO,2007,M0A,1,-29.1815,29.1815,29.1815,100.0,0.0,False,persistent_overprediction,
country_model,TIMSS,mathematics,SCO,2007,M1,1,-18.7726,18.7726,18.7726,100.0,0.0,False,persistent_overprediction,
country_model,TIMSS,mathematics,SCO,2007,M3,1,-13.1593,13.1593,13.1593,100.0,0.0,False,persistent_overprediction,
country_model,TIMSS,mathematics,SGP,2015|2019|2023,M0,3,39.2562,60.3266,66.7723,33.33,66.67,False,persistent_underprediction,
country_model,TIMSS,mathematics,SGP,2015|2019|2023,M0A,3,103.1375,103.1375,110.1315,0.0,100.0,False,persistent_underprediction,
country_model,TIMSS,mathematics,SGP,2015|2019|2023,M1,3,39.2198,60.2006,66.5591,33.33,66.67,False,persistent_underprediction,
country_model,TIMSS,mathematics,SGP,2019|2023,M2,2,-7.8185,7.8185,10.8816,100.0,0.0,False,within_typical_band,
country_model,TIMSS,mathematics,SGP,2015|2019|2023,M3,3,130.9574,130.9574,131.2249,0.0,100.0,False,persistent_underprediction,
country_model,TIMSS,mathematics,SVK,2003,M0,1,-16.2687,16.2687,16.2687,100.0,0.0,False,persistent_overprediction,
country_model,TIMSS,mathematics,SVK,2003,M0A,1,-5.3281,5.3281,5.3281,100.0,0.0,False,within_typical_band,
country_model,TIMSS,mathematics,SVK,2003,M1,1,-15.4383,15.4383,15.4383,100.0,0.0,False,persistent_overprediction,
country_model,TIMSS,mathematics,SVK,2003,M2,1,-26.2131,26.2131,26.2131,100.0,0.0,False,persistent_overprediction,
country_model,TIMSS,mathematics,SVK,2003,M3,1,-5.3281,5.3281,5.3281,100.0,0.0,False,within_typical_band,
country_model,TIMSS,mathematics,SVN,2003|2015,M0,2,-1.3494,29.0032,29.0346,50.0,50.0,False,within_typical_band,
country_model,TIMSS,mathematics,SVN,2003|2015,M0A,2,-3.5194,16.5932,16.9623,50.0,50.0,False,within_typical_band,
country_model,TIMSS,mathematics,SVN,2003|2015,M1,2,-1.008,28.6212,28.6389,50.0,50.0,False,within_typical_band,
country_model,TIMSS,mathematics,SVN,1999|2003,M2,2,-9.5414,27.6155,29.2174,50.0,50.0,False,within_typical_band,
country_model,TIMSS,mathematics,SVN,2003|2015,M3,2,5.9519,26.0645,26.7354,50.0,50.0,False,within_typical_band,
country_model,TIMSS,mathematics,SWE,2007|2019|2023,M0,3,5.3459,19.9054,24.8289,33.33,66.67,False,within_typical_band,
country_model,TIMSS,mathematics,SWE,2007|2019|2023,M0A,3,1.7716,7.9484,8.1337,33.33,66.67,False,within_typical_band,
country_model,TIMSS,mathematics,SWE,2007|2019|2023,M1,3,4.51,20.1242,24.9484,33.33,66.67,False,within_typical_band,
country_model,TIMSS,mathematics,SWE,2007|2023,M2,2,1.3686,9.127,9.229,50.0,50.0,False,within_typical_band,
country_model,TIMSS,mathematics,SWE,2007|2019|2023,M3,3,15.0314,21.2082,23.053,33.33,66.67,False,persistent_underprediction,
country_model,TIMSS,mathematics,THA,2011|2015,M0,2,-22.2373,22.2373,28.3151,100.0,0.0,False,persistent_overprediction,
country_model,TIMSS,mathematics,THA,2011|2015,M0A,2,-32.9782,32.9782,32.9847,100.0,0.0,False,persistent_overprediction,
country_model,TIMSS,mathematics,THA,2011|2015,M1,2,-23.3044,23.3044,29.5568,100.0,0.0,False,persistent_overprediction,
country_model,TIMSS,mathematics,THA,1999|2011|2015,M2,3,-15.4626,18.3348,22.7197,66.67,33.33,False,persistent_overprediction,
country_model,TIMSS,mathematics,THA,2011|2015,M3,2,-59.2535,59.2535,59.5924,100.0,0.0,False,persistent_overprediction,
country_model,TIMSS,mathematics,TUN,2003|2007|2011,M0,3,-2.6012,59.1996,63.8655,33.33,66.67,False,within_typical_band,
country_model,TIMSS,mathematics,TUN,2003|2007|2011,M0A,3,-20.5366,47.9559,61.7911,33.33,66.67,False,persistent_overprediction,
country_model,TIMSS,mathematics,TUN,2003|2007|2011,M1,3,-2.5724,59.4584,64.1692,33.33,66.67,False,within_typical_band,
country_model,TIMSS,mathematics,TUN,2003|2007|2011,M2,3,-7.7296,17.3342,22.6113,33.33,66.67,False,within_typical_band,
country_model,TIMSS,mathematics,TUN,2003|2007|2011,M3,3,-83.621,83.621,84.8525,100.0,0.0,False,persistent_overprediction,
country_model,TIMSS,mathematics,TUR,2015|2019|2023,M0,3,7.1639,9.3434,14.3454,33.33,66.67,False,within_typical_band,
country_model,TIMSS,mathematics,TUR,2015|2019|2023,M0A,3,11.7393,11.7393,16.1531,0.0,100.0,False,persistent_underprediction,
country_model,TIMSS,mathematics,TUR,2015|2019|2023,M1,3,6.5215,9.3981,13.9785,66.67,33.33,False,within_typical_band,
country_model,TIMSS,mathematics,TUR,2015|2019|2023,M2,3,18.6926,18.6926,21.9299,0.0,100.0,False,persistent_underprediction,
country_model,TIMSS,mathematics,TUR,2015|2019|2023,M3,3,0.966,18.7634,20.5357,33.33,66.67,False,within_typical_band,
country_model,TIMSS,mathematics,TWN,2007|2011|2019|2023,M0,4,31.0437,44.6871,56.7669,50.0,50.0,False,persistent_underprediction,
country_model,TIMSS,mathematics,TWN,2007|2011|2019|2023,M0A,4,79.4875,79.4875,81.3158,0.0,100.0,False,persistent_underprediction,
country_model,TIMSS,mathematics,TWN,2007|2011|2019|2023,M1,4,30.9453,43.5745,55.8864,50.0,50.0,False,persistent_underprediction,
country_model,TIMSS,mathematics,TWN,2011|2023,M2,2,-0.0044,10.9818,10.9818,50.0,50.0,False,within_typical_band,
country_model,TIMSS,mathematics,TWN,2007|2011|2019|2023,M3,4,115.0919,115.0919,115.6575,0.0,100.0,False,persistent_underprediction,
country_model,TIMSS,mathematics,UKR,2011,M0,1,11.6042,11.6042,11.6042,0.0,100.0,False,persistent_underprediction,
country_model,TIMSS,mathematics,UKR,2011,M0A,1,-24.334,24.334,24.334,100.0,0.0,False,persistent_overprediction,
country_model,TIMSS,mathematics,UKR,2011,M1,1,10.7976,10.7976,10.7976,0.0,100.0,False,persistent_underprediction,
country_model,TIMSS,mathematics,UKR,2011,M2,1,17.0238,17.0238,17.0238,0.0,100.0,False,persistent_underprediction,
country_model,TIMSS,mathematics,UKR,2011,M3,1,-13.523,13.523,13.523,100.0,0.0,False,persistent_overprediction,
country_model,TIMSS,mathematics,USA,2019|2023,M0,2,-11.2982,30.5705,32.5915,50.0,50.0,False,persistent_overprediction,
country_model,TIMSS,mathematics,USA,2019|2023,M0A,2,-12.5302,12.5302,16.8504,100.0,0.0,False,persistent_overprediction,
country_model,TIMSS,mathematics,USA,2019|2023,M1,2,-11.4223,30.5605,32.6253,50.0,50.0,False,persistent_overprediction,
country_model,TIMSS,mathematics,USA,2023,M2,1,-28.2939,28.2939,28.2939,100.0,0.0,False,persistent_overprediction,
country_model,TIMSS,mathematics,USA,2019|2023,M3,2,17.2616,17.2616,23.1711,0.0,100.0,False,persistent_underprediction,
country_model,TIMSS,mathematics,ZAF,2015|2019,M0,2,5.9158,30.4213,30.9911,50.0,50.0,False,within_typical_band,
country_model,TIMSS,mathematics,ZAF,2015|2019,M0A,2,-97.7996,97.7996,99.0469,100.0,0.0,False,persistent_overprediction,
country_model,TIMSS,mathematics,ZAF,2015|2019,M1,2,7.0163,30.8156,31.6043,50.0,50.0,False,within_typical_band,
country_model,TIMSS,mathematics,ZAF,2015|2019,M2,2,18.7843,18.7843,18.8592,0.0,100.0,False,persistent_underprediction,
country_model,TIMSS,mathematics,ZAF,2015|2019,M3,2,-103.0281,103.0281,103.4138,100.0,0.0,False,persistent_overprediction,
country_model,TIMSS,science,AAD,2015|2019|2023,M0,3,-22.9909,22.9909,26.8067,100.0,0.0,False,persistent_overprediction,
country_model,TIMSS,science,AAD,2015|2019|2023,M0A,3,-37.0152,37.0152,41.6692,100.0,0.0,False,persistent_overprediction,
country_model,TIMSS,science,AAD,2015|2019|2023,M1,3,-23.3033,23.3033,27.4329,100.0,0.0,False,persistent_overprediction,
country_model,TIMSS,science,AAD,2015|2019|2023,M2,3,-5.9794,21.9498,24.7086,66.67,33.33,False,within_typical_band,
country_model,TIMSS,science,AAD,2015|2019|2023,M3,3,-50.5782,50.5782,52.5772,100.0,0.0,False,persistent_overprediction,
country_model,TIMSS,science,ADU,2011|2015|2019,M0,3,14.9667,16.9603,19.6879,33.33,66.67,False,persistent_underprediction,
country_model,TIMSS,science,ADU,2011|2015|2019,M0A,3,18.8453,21.0416,32.0039,33.33,66.67,False,persistent_underprediction,
country_model,TIMSS,science,ADU,2011|2015|2019,M1,3,14.9277,16.736,19.5285,33.33,66.67,False,persistent_underprediction,
country_model,TIMSS,science,ADU,2015|2019,M2,2,30.5648,30.5648,31.8868,0.0,100.0,False,persistent_underprediction,
country_model,TIMSS,science,ADU,2011|2015|2019,M3,3,27.481,34.3733,39.3354,33.33,66.67,False,persistent_underprediction,
country_model,TIMSS,science,ARE,2015|2019,M0,2,-2.9243,3.5966,4.6354,50.0,50.0,False,within_typical_band,
country_model,TIMSS,science,ARE,2015|2019,M0A,2,8.4556,8.4556,8.4824,0.0,100.0,False,within_typical_band,
country_model,TIMSS,science,ARE,2015|2019,M1,2,-3.4232,3.4232,4.4466,100.0,0.0,False,within_typical_band,
country_model,TIMSS,science,ARE,2019,M2,1,3.698,3.698,3.698,0.0,100.0,False,within_typical_band,
country_model,TIMSS,science,ARE,2015|2019,M3,2,-10.5759,10.5759,10.7366,100.0,0.0,False,persistent_overprediction,
country_model,TIMSS,science,ARM,2011|2015,M0,2,-38.6941,38.6941,44.4665,100.0,0.0,False,persistent_overprediction,
country_model,TIMSS,science,ARM,2011|2015,M0A,2,-52.9613,52.9613,53.4152,100.0,0.0,False,persistent_overprediction,
country_model,TIMSS,science,ARM,2011|2015,M1,2,-38.2609,38.2609,44.3491,100.0,0.0,False,persistent_overprediction,
country_model,TIMSS,science,ARM,2015,M2,1,23.2477,23.2477,23.2477,0.0,100.0,False,persistent_underprediction,
country_model,TIMSS,science,ARM,2011|2015,M3,2,-43.6928,43.6928,46.1289,100.0,0.0,False,persistent_overprediction,
country_model,TIMSS,science,AUS,2011|2015|2019|2023,M0,4,3.5866,15.8503,16.4727,50.0,50.0,False,within_typical_band,
country_model,TIMSS,science,AUS,2011|2015|2019|2023,M0A,4,14.3538,23.8315,31.4459,25.0,75.0,False,persistent_underprediction,
country_model,TIMSS,science,AUS,2011|2015|2019|2023,M1,4,3.3714,16.015,16.6249,50.0,50.0,False,within_typical_band,
country_model,TIMSS,science,AUS,2015|2019|2023,M2,3,0.2952,10.6051,11.3627,66.67,33.33,False,within_typical_band,
country_model,TIMSS,science,AUS,2011|2015|2019|2023,M3,4,28.84,28.84,29.5632,0.0,100.0,False,persistent_underprediction,
country_model,TIMSS,science,AZE,2023,M0,1,-80.7482,80.7482,80.7482,100.0,0.0,False,persistent_overprediction,
country_model,TIMSS,science,AZE,2023,M0A,1,-57.1892,57.1892,57.1892,100.0,0.0,False,persistent_overprediction,
country_model,TIMSS,science,AZE,2023,M1,1,-80.9819,80.9819,80.9819,100.0,0.0,False,persistent_overprediction,
country_model,TIMSS,science,AZE,2023,M3,1,-79.4689,79.4689,79.4689,100.0,0.0,False,persistent_overprediction,
country_model,TIMSS,science,BFL,2003,M0,1,-15.2512,15.2512,15.2512,100.0,0.0,False,persistent_overprediction,
country_model,TIMSS,science,BFL,2003,M0A,1,2.3249,2.3249,2.3249,0.0,100.0,False,within_typical_band,
country_model,TIMSS,science,BFL,2003,M1,1,-14.2493,14.2493,14.2493,100.0,0.0,False,persistent_overprediction,
country_model,TIMSS,science,BFL,1999|2003,M2,2,-4.7671,14.5843,15.3436,50.0,50.0,False,within_typical_band,
country_model,TIMSS,science,BFL,2003,M3,1,2.3249,2.3249,2.3249,0.0,100.0,False,within_typical_band,
country_model,TIMSS,science,BGR,2003,M0,1,-43.9459,43.9459,43.9459,100.0,0.0,False,persistent_overprediction,
country_model,TIMSS,science,BGR,2003,M0A,1,-34.3385,34.3385,34.3385,100.0,0.0,False,persistent_overprediction,
country_model,TIMSS,science,BGR,2003,M1,1,-43.7716,43.7716,43.7716,100.0,0.0,False,persistent_overprediction,
country_model,TIMSS,science,BGR,2003,M2,1,-39.1679,39.1679,39.1679,100.0,0.0,False,persistent_overprediction,
country_model,TIMSS,science,BGR,2003,M3,1,-34.3385,34.3385,34.3385,100.0,0.0,False,persistent_overprediction,
country_model,TIMSS,science,BHR,2007|2011|2015|2019|2023,M0,5,-7.3114,15.8747,21.8143,40.0,60.0,False,within_typical_band,
country_model,TIMSS,science,BHR,2007|2011|2015|2019|2023,M0A,5,-22.059,27.9146,29.1523,80.0,20.0,False,persistent_overprediction,
country_model,TIMSS,science,BHR,2007|2011|2015|2019|2023,M1,5,-8.9614,15.7019,22.1416,40.0,60.0,False,within_typical_band,
country_model,TIMSS,science,BHR,2007|2011|2015|2019|2023,M2,5,2.7146,22.4068,23.8148,40.0,60.0,False,within_typical_band,
country_model,TIMSS,science,BHR,2007|2011|2015|2019|2023,M3,5,-28.5264,28.5264,31.9375,100.0,0.0,False,persistent_overprediction,
country_model,TIMSS,science,BSQ,2007,M0,1,-3.8435,3.8435,3.8435,100.0,0.0,False,within_typical_band,
country_model,TIMSS,science,BSQ,2007,M0A,1,-4.1354,4.1354,4.1354,100.0,0.0,False,within_typical_band,
country_model,TIMSS,science,BSQ,2007,M1,1,-4.0497,4.0497,4.0497,100.0,0.0,False,within_typical_band,
country_model,TIMSS,science,BSQ,2007,M2,1,8.9528,8.9528,8.9528,0.0,100.0,False,within_typical_band,
country_model,TIMSS,science,BSQ,2007,M3,1,-4.1354,4.1354,4.1354,100.0,0.0,False,within_typical_band,
country_model,TIMSS,science,CAB,2011,M0,1,43.5204,43.5204,43.5204,0.0,100.0,False,persistent_underprediction,
country_model,TIMSS,science,CAB,2011,M0A,1,28.8445,28.8445,28.8445,0.0,100.0,False,persistent_underprediction,
country_model,TIMSS,science,CAB,2011,M1,1,43.3525,43.3525,43.3525,0.0,100.0,False,persistent_underprediction,
country_model,TIMSS,science,CAB,2011,M3,1,50.1927,50.1927,50.1927,0.0,100.0,False,persistent_underprediction,
country_model,TIMSS,science,CAN,2015,M0,1,37.0989,37.0989,37.0989,0.0,100.0,False,persistent_underprediction,
country_model,TIMSS,science,CAN,2015,M0A,1,37.0989,37.0989,37.0989,0.0,100.0,False,persistent_underprediction,
country_model,TIMSS,science,CAN,2015,M1,1,37.0989,37.0989,37.0989,0.0,100.0,False,persistent_underprediction,
country_model,TIMSS,science,CAN,1999,M2,1,33.1407,33.1407,33.1407,0.0,100.0,False,persistent_underprediction,
country_model,TIMSS,science,CAN,2015,M3,1,37.0989,37.0989,37.0989,0.0,100.0,False,persistent_underprediction,
country_model,TIMSS,science,CHL,2019|2023,M0,2,-8.0575,8.0575,11.2746,100.0,0.0,False,within_typical_band,
country_model,TIMSS,science,CHL,2019|2023,M0A,2,-23.9791,23.9791,24.7768,100.0,0.0,False,persistent_overprediction,
country_model,TIMSS,science,CHL,2019|2023,M1,2,-8.8922,8.8922,11.5231,100.0,0.0,False,within_typical_band,
country_model,TIMSS,science,CHL,2019|2023,M2,2,0.6204,8.1956,8.2191,50.0,50.0,False,within_typical_band,
country_model,TIMSS,science,CHL,2019|2023,M3,2,-30.9511,30.9511,31.301,100.0,0.0,False,persistent_overprediction,
country_model,TIMSS,science,COT,2007|2011|2015|2019,M0,4,-6.1493,10.3014,11.0507,75.0,25.0,False,within_typical_band,
country_model,TIMSS,science,COT,2007|2011|2015|2019,M0A,4,4.4118,24.3661,26.5683,50.0,50.0,False,within_typical_band,
country_model,TIMSS,science,COT,2007|2011|2015|2019,M1,4,-6.7894,10.3729,11.2525,75.0,25.0,False,within_typical_band,
country_model,TIMSS,science,COT,2007|2011|2015|2019,M2,4,-2.5057,3.7948,4.3902,75.0,25.0,False,within_typical_band,
country_model,TIMSS,science,COT,2007|2011|2015|2019,M3,4,29.6994,29.6994,30.063,0.0,100.0,False,persistent_underprediction,
country_model,TIMSS,science,CQU,2007|2011|2015|2019,M0,4,-8.676,14.0546,18.0342,75.0,25.0,False,within_typical_band,
country_model,TIMSS,science,CQU,2007|2011|2015|2019,M0A,4,7.8112,20.8534,26.0057,50.0,50.0,False,within_typical_band,
country_model,TIMSS,science,CQU,2007|2011|2015|2019,M1,4,-8.3439,13.3247,17.4678,75.0,25.0,False,within_typical_band,
country_model,TIMSS,science,CQU,2007|2011|2015|2019,M2,4,1.7581,13.9703,15.3263,25.0,75.0,False,within_typical_band,
country_model,TIMSS,science,CQU,2007|2011|2015|2019,M3,4,29.718,29.718,34.1819,0.0,100.0,False,persistent_underprediction,
country_model,TIMSS,science,CYP,2003|2007|2023,M0,3,-44.2772,44.2772,47.1788,100.0,0.0,False,persistent_overprediction,
country_model,TIMSS,science,CYP,2003|2007|2023,M0A,3,-53.1567,53.1567,54.9953,100.0,0.0,False,persistent_overprediction,
country_model,TIMSS,science,CYP,2003|2007|2023,M1,3,-44.0171,44.0171,46.9605,100.0,0.0,False,persistent_overprediction,
country_model,TIMSS,science,CYP,1999|2003|2007|2023,M2,4,0.8079,19.8409,21.2005,50.0,50.0,False,within_typical_band,
country_model,TIMSS,science,CYP,2003|2007|2023,M3,3,-49.5004,49.5004,52.8209,100.0,0.0,False,persistent_overprediction,
country_model,TIMSS,science,CZE,2023,M0,1,28.3928,28.3928,28.3928,0.0,100.0,False,persistent_underprediction,
country_model,TIMSS,science,CZE,2023,M0A,1,18.7376,18.7376,18.7376,0.0,100.0,False,persistent_underprediction,
country_model,TIMSS,science,CZE,2023,M1,1,28.1951,28.1951,28.1951,0.0,100.0,False,persistent_underprediction,
country_model,TIMSS,science,CZE,1999,M2,1,1.3665,1.3665,1.3665,0.0,100.0,False,within_typical_band,
country_model,TIMSS,science,CZE,2023,M3,1,36.3246,36.3246,36.3246,0.0,100.0,False,persistent_underprediction,
country_model,TIMSS,science,EGY,2007,M0,1,-47.7168,47.7168,47.7168,100.0,0.0,False,persistent_overprediction,
country_model,TIMSS,science,EGY,2007,M0A,1,-93.5996,93.5996,93.5996,100.0,0.0,False,persistent_overprediction,
country_model,TIMSS,science,EGY,2007,M1,1,-49.5183,49.5183,49.5183,100.0,0.0,False,persistent_overprediction,
country_model,TIMSS,science,EGY,2007,M2,1,-12.875,12.875,12.875,100.0,0.0,False,persistent_overprediction,
country_model,TIMSS,science,EGY,2007,M3,1,-93.5996,93.5996,93.5996,100.0,0.0,False,persistent_overprediction,
country_model,TIMSS,science,ENG,2003|2023,M0,2,7.5232,10.0669,12.5674,50.0,50.0,False,within_typical_band,
country_model,TIMSS,science,ENG,2003|2023,M0A,2,24.6412,24.6412,25.3787,0.0,100.0,False,persistent_underprediction,
country_model,TIMSS,science,ENG,2003|2023,M1,2,7.3019,9.9365,12.3309,50.0,50.0,False,within_typical_band,
country_model,TIMSS,science,ENG,1999|2003|2023,M2,3,11.8384,11.8384,13.9418,0.0,100.0,False,persistent_underprediction,
country_model,TIMSS,science,ENG,2003|2023,M3,2,35.62,35.62,35.9562,0.0,100.0,False,persistent_underprediction,
country_model,TIMSS,science,FIN,2019|2023,M0,2,21.9551,29.7262,36.955,50.0,50.0,False,persistent_underprediction,
country_model,TIMSS,science,FIN,2019|2023,M0A,2,24.2642,24.2642,26.7592,0.0,100.0,False,persistent_underprediction,
country_model,TIMSS,science,FIN,2019|2023,M1,2,20.758,29.3242,35.9278,50.0,50.0,False,persistent_underprediction,
country_model,TIMSS,science,FIN,2023,M2,1,-12.4053,12.4053,12.4053,100.0,0.0,False,persistent_overprediction,
country_model,TIMSS,science,FIN,2019|2023,M3,2,46.8914,46.8914,47.4233,0.0,100.0,False,persistent_underprediction,
country_model,TIMSS,science,FRA,2019|2023,M0,2,-3.7946,8.2066,9.0414,50.0,50.0,False,within_typical_band,
country_model,TIMSS,science,FRA,2019|2023,M0A,2,1.1657,5.5461,5.6673,50.0,50.0,False,within_typical_band,
country_model,TIMSS,science,FRA,2019|2023,M1,2,-4.0552,7.8978,8.8781,50.0,50.0,False,within_typical_band,
country_model,TIMSS,science,FRA,2023,M2,1,-3.4931,3.4931,3.4931,100.0,0.0,False,within_typical_band,
country_model,TIMSS,science,FRA,2019|2023,M3,2,-2.0069,2.6261,3.3052,50.0,50.0,False,within_typical_band,
country_model,TIMSS,science,GEO,2011|2019|2023,M0,3,-26.9819,26.9819,27.9741,100.0,0.0,False,persistent_overprediction,
country_model,TIMSS,science,GEO,2011|2019|2023,M0A,3,-39.1466,39.1466,41.268,100.0,0.0,False,persistent_overprediction,
country_model,TIMSS,science,GEO,2011|2019|2023,M1,3,-27.4718,27.4718,28.547,100.0,0.0,False,persistent_overprediction,
country_model,TIMSS,science,GEO,2011|2023,M2,2,3.1021,4.0683,5.1161,50.0,50.0,False,within_typical_band,
country_model,TIMSS,science,GEO,2011|2019|2023,M3,3,-55.6567,55.6567,57.4361,100.0,0.0,False,persistent_overprediction,
country_model,TIMSS,science,GHA,2007|2011,M0,2,-64.4543,64.4543,64.8076,100.0,0.0,False,persistent_overprediction,
country_model,TIMSS,science,GHA,2007|2011,M0A,2,-185.0776,185.0776,185.5687,100.0,0.0,False,persistent_overprediction,
country_model,TIMSS,science,GHA,2007|2011,M1,2,-66.2597,66.2597,66.5762,100.0,0.0,False,persistent_overprediction,
country_model,TIMSS,science,GHA,2007|2011,M2,2,25.3344,25.3344,33.9591,0.0,100.0,False,persistent_underprediction,
country_model,TIMSS,science,GHA,2007|2011,M3,2,-193.993,193.993,194.047,100.0,0.0,False,persistent_overprediction,
country_model,TIMSS,science,HKG,2003|2007|2015|2019|2023,M0,5,-9.177,37.4279,40.4649,60.0,40.0,False,within_typical_band,
country_model,TIMSS,science,HKG,2003|2007|2015|2019|2023,M0A,5,16.8648,21.1768,26.0296,20.0,80.0,False,persistent_underprediction,
country_model,TIMSS,science,HKG,2003|2007|2015|2019|2023,M1,5,-8.1387,36.7027,39.7274,60.0,40.0,False,within_typical_band,
country_model,TIMSS,science,HKG,2003|2007|2019|2023,M2,4,-4.3501,29.7127,30.5933,50.0,50.0,False,within_typical_band,
country_model,TIMSS,science,HKG,2003|2007|2015|2019|2023,M3,5,35.8555,35.8555,38.5416,0.0,100.0,False,persistent_underprediction,
country_model,TIMSS,science,HUN,2003|2007|2011|2015|2019|2023,M0,6,-3.0387,7.3417,8.4974,50.0,50.0,False,within_typical_band,
country_model,TIMSS,science,HUN,2003|2007|2011|2015|2019|2023,M0A,6,11.3721,11.3721,15.2039,0.0,100.0,False,persistent_underprediction,
country_model,TIMSS,science,HUN,2003|2007|2011|2015|2019|2023,M1,6,-3.516,7.3827,8.8536,50.0,50.0,False,within_typical_band,
country_model,TIMSS,science,HUN,2003|2007|2011|2015|2019|2023,M2,6,-5.1239,6.896,8.6033,66.67,33.33,False,within_typical_band,
country_model,TIMSS,science,HUN,2003|2007|2011|2015|2019|2023,M3,6,33.5655,33.5655,33.8795,0.0,100.0,False,persistent_underprediction,
country_model,TIMSS,science,IRL,2015|2023,M0,2,29.7693,29.7693,30.431,0.0,100.0,False,persistent_underprediction,
country_model,TIMSS,science,IRL,2015|2023,M0A,2,21.3496,21.3496,21.8579,0.0,100.0,False,persistent_underprediction,
country_model,TIMSS,science,IRL,2015|2023,M1,2,29.4708,29.4708,30.1427,0.0,100.0,False,persistent_underprediction,
country_model,TIMSS,science,IRL,2015|2023,M3,2,37.5773,37.5773,37.735,0.0,100.0,False,persistent_underprediction,
country_model,TIMSS,science,IRN,2011|2015|2019|2023,M0,4,-12.3317,25.9517,28.7727,75.0,25.0,False,persistent_overprediction,
country_model,TIMSS,science,IRN,2011|2015|2019|2023,M0A,4,-17.1409,29.4676,33.0948,75.0,25.0,False,persistent_overprediction,
country_model,TIMSS,science,IRN,2011|2015|2019|2023,M1,4,-13.4424,25.7874,28.3902,75.0,25.0,False,persistent_overprediction,
country_model,TIMSS,science,IRN,1999|2011|2015|2019|2023,M2,5,-7.7127,14.4404,17.535,60.0,40.0,False,within_typical_band,
country_model,TIMSS,science,IRN,2011|2015|2019|2023,M3,4,-41.2881,41.2881,45.3853,100.0,0.0,False,persistent_overprediction,
country_model,TIMSS,science,ISR,2003|2007|2011|2015|2019,M0,5,-9.6534,22.7454,24.9161,80.0,20.0,False,within_typical_band,
country_model,TIMSS,science,ISR,2003|2007|2011|2015|2019,M0A,5,-5.8706,23.4429,24.8853,60.0,40.0,False,within_typical_band,
country_model,TIMSS,science,ISR,2003|2007|2011|2015|2019,M1,5,-9.5878,22.5122,24.7119,80.0,20.0,False,within_typical_band,
country_model,TIMSS,science,ISR,1999|2003|2007|2011|2015|2019,M2,6,-0.6279,23.2655,28.444,66.67,33.33,False,within_typical_band,
country_model,TIMSS,science,ISR,2003|2007|2011|2015|2019,M3,5,-0.9673,22.5933,23.4856,40.0,60.0,False,within_typical_band,
country_model,TIMSS,science,ITA,2003|2007|2011|2015|2019|2023,M0,6,-12.7118,12.7118,14.2318,100.0,0.0,False,persistent_overprediction,
country_model,TIMSS,science,ITA,2003|2007|2011|2015|2019|2023,M0A,6,-11.8021,11.8021,16.7595,100.0,0.0,False,persistent_overprediction,
country_model,TIMSS,science,ITA,2003|2007|2011|2015|2019|2023,M1,6,-13.0,13.0,14.4688,100.0,0.0,False,persistent_overprediction,
country_model,TIMSS,science,ITA,1999|2003|2007|2011|2015|2019|2023,M2,7,3.3907,5.7133,7.2945,42.86,57.14,False,within_typical_band,
country_model,TIMSS,science,ITA,2003|2007|2011|2015|2019|2023,M3,6,0.4489,10.1109,11.6011,33.33,66.67,False,within_typical_band,
country_model,TIMSS,science,JOR,2011|2015|2019,M0,3,-23.0455,24.9046,29.6111,66.67,33.33,False,persistent_overprediction,
country_model,TIMSS,science,JOR,2011|2015|2019,M0A,3,-56.6936,56.6936,59.796,100.0,0.0,False,persistent_overprediction,
country_model,TIMSS,science,JOR,2011|2015|2019,M1,3,-25.2696,25.9858,31.5495,66.67,33.33,False,persistent_overprediction,
country_model,TIMSS,science,JOR,2011|2015|2019,M2,3,-9.9038,27.134,27.4476,66.67,33.33,False,within_typical_band,
country_model,TIMSS,science,JOR,2011|2015|2019,M3,3,-48.7926,48.7926,49.9492,100.0,0.0,False,persistent_overprediction,
country_model,TIMSS,science,JPN,2007|2011|2015,M0,3,18.1753,18.1753,19.2744,0.0,100.0,False,persistent_underprediction,
country_model,TIMSS,science,JPN,2007|2011|2015,M0A,3,42.671,42.671,48.1588,0.0,100.0,False,persistent_underprediction,
country_model,TIMSS,science,JPN,2007|2011|2015,M1,3,18.6997,18.6997,19.4763,0.0,100.0,False,persistent_underprediction,
country_model,TIMSS,science,JPN,2011|2015,M2,2,8.5422,8.5422,9.7156,0.0,100.0,False,within_typical_band,
country_model,TIMSS,science,JPN,2007|2011|2015,M3,3,65.373,65.373,66.5344,0.0,100.0,False,persistent_underprediction,
country_model,TIMSS,science,KAZ,2011|2015|2019|2023,M0,4,-26.4489,38.4795,42.3433,75.0,25.0,False,persistent_overprediction,
country_model,TIMSS,science,KAZ,2011|2015|2019|2023,M0A,4,-27.419,31.0797,35.4929,75.0,25.0,False,persistent_overprediction,
country_model,TIMSS,science,KAZ,2011|2015|2019|2023,M1,4,-26.8398,38.727,42.6362,75.0,25.0,False,persistent_overprediction,
country_model,TIMSS,science,KAZ,2015|2019|2023,M2,3,-15.7433,44.1937,44.8908,66.67,33.33,False,persistent_overprediction,
country_model,TIMSS,science,KAZ,2011|2015|2019|2023,M3,4,-5.2829,27.0395,33.0257,75.0,25.0,False,within_typical_band,
country_model,TIMSS,science,KOR,2003|2019|2023,M0,3,14.6398,34.7382,37.0016,33.33,66.67,False,persistent_underprediction,
country_model,TIMSS,science,KOR,2003|2019|2023,M0A,3,28.1785,28.1785,31.0344,0.0,100.0,False,persistent_underprediction,
country_model,TIMSS,science,KOR,2003|2019|2023,M1,3,15.1765,34.4567,36.465,33.33,66.67,False,persistent_underprediction,
country_model,TIMSS,science,KOR,2003|2023,M2,2,-2.5809,12.3377,12.6048,50.0,50.0,False,within_typical_band,
country_model,TIMSS,science,KOR,2003|2019|2023,M3,3,57.0104,57.0104,58.018,0.0,100.0,False,persistent_underprediction,
country_model,TIMSS,science,KWT,2015|2023,M0,2,-57.2872,57.2872,57.4845,100.0,0.0,False,persistent_overprediction,
country_model,TIMSS,science,KWT,2015|2023,M0A,2,-29.3408,29.3408,29.9458,100.0,0.0,False,persistent_overprediction,
country_model,TIMSS,science,KWT,2015|2023,M1,2,-56.629,56.629,56.8161,100.0,0.0,False,persistent_overprediction,
country_model,TIMSS,science,KWT,2015|2023,M3,2,-74.7316,74.7316,74.8183,100.0,0.0,False,persistent_overprediction,
country_model,TIMSS,science,LTU,2003|2007|2015|2019|2023,M0,5,3.8447,9.4127,13.0233,20.0,80.0,False,within_typical_band,
country_model,TIMSS,science,LTU,2003|2007|2015|2019|2023,M0A,5,11.6948,11.6948,12.4743,0.0,100.0,False,persistent_underprediction,
country_model,TIMSS,science,LTU,2003|2007|2015|2019|2023,M1,5,3.5104,9.1929,12.9326,20.0,80.0,False,within_typical_band,
country_model,TIMSS,science,LTU,1999|2003|2007|2019|2023,M2,5,17.7594,21.577,30.0638,40.0,60.0,False,persistent_underprediction,
country_model,TIMSS,science,LTU,2003|2007|2015|2019|2023,M3,5,24.0709,24.0709,26.6328,0.0,100.0,False,persistent_underprediction,
country_model,TIMSS,science,LVA,2003,M0,1,-6.4016,6.4016,6.4016,100.0,0.0,False,within_typical_band,
country_model,TIMSS,science,LVA,2003,M0A,1,-0.8189,0.8189,0.8189,100.0,0.0,False,within_typical_band,
country_model,TIMSS,science,LVA,2003,M1,1,-6.1792,6.1792,6.1792,100.0,0.0,False,within_typical_band,
country_model,TIMSS,science,LVA,1999|2003,M2,2,31.3945,31.3945,38.1782,0.0,100.0,False,persistent_underprediction,
country_model,TIMSS,science,LVA,2003,M3,1,-0.8189,0.8189,0.8189,100.0,0.0,False,within_typical_band,
country_model,TIMSS,science,MAR,2003|2007|2011|2015|2019|2023,M0,6,-35.435,39.687,51.4498,66.67,33.33,False,persistent_overprediction,
country_model,TIMSS,science,MAR,2003|2007|2011|2015|2019|2023,M0A,6,-53.7059,60.182,77.7821,83.33,16.67,False,persistent_overprediction,
country_model,TIMSS,science,MAR,2003|2007|2011|2015|2019|2023,M1,6,-35.9378,40.1959,52.0422,66.67,33.33,False,persistent_overprediction,
country_model,TIMSS,science,MAR,2003|2007|2011|2015|2019|2023,M2,6,0.6907,31.7186,42.6952,33.33,66.67,False,within_typical_band,
country_model,TIMSS,science,MAR,2003|2007|2011|2015|2019|2023,M3,6,-115.1498,115.1498,117.5882,100.0,0.0,False,persistent_overprediction,
country_model,TIMSS,science,MDA,2003,M0,1,-33.1732,33.1732,33.1732,100.0,0.0,False,persistent_overprediction,
country_model,TIMSS,science,MDA,2003,M0A,1,-40.759,40.759,40.759,100.0,0.0,False,persistent_overprediction,
country_model,TIMSS,science,MDA,2003,M1,1,-33.2428,33.2428,33.2428,100.0,0.0,False,persistent_overprediction,
country_model,TIMSS,science,MDA,2003,M2,1,13.2856,13.2856,13.2856,0.0,100.0,False,persistent_underprediction,
country_model,TIMSS,science,MDA,2003,M3,1,-40.759,40.759,40.759,100.0,0.0,False,persistent_overprediction,
country_model,TIMSS,science,MKD,2003,M0,1,-54.0398,54.0398,54.0398,100.0,0.0,False,persistent_overprediction,
country_model,TIMSS,science,MKD,2003,M0A,1,-63.8087,63.8087,63.8087,100.0,0.0,False,persistent_overprediction,
country_model,TIMSS,science,MKD,2003,M1,1,-54.5807,54.5807,54.5807,100.0,0.0,False,persistent_overprediction,
country_model,TIMSS,science,MKD,2003,M2,1,-8.7217,8.7217,8.7217,100.0,0.0,False,within_typical_band,
country_model,TIMSS,science,MKD,2003,M3,1,-63.8087,63.8087,63.8087,100.0,0.0,False,persistent_overprediction,
country_model,TIMSS,science,MLT,2015,M0,1,-6.5876,6.5876,6.5876,100.0,0.0,False,within_typical_band,
country_model,TIMSS,science,MLT,2015,M0A,1,6.3894,6.3894,6.3894,0.0,100.0,False,within_typical_band,
country_model,TIMSS,science,MLT,2015,M1,1,-6.7463,6.7463,6.7463,100.0,0.0,False,within_typical_band,
country_model,TIMSS,science,MLT,2015,M3,1,-7.7123,7.7123,7.7123,100.0,0.0,False,within_typical_band,
country_model,TIMSS,science,MYS,2003|2007|2011|2015|2019|2023,M0,6,-28.5123,32.2409,38.5814,83.33,16.67,False,persistent_overprediction,
country_model,TIMSS,science,MYS,2003|2007|2011|2015|2019|2023,M0A,6,-29.1416,29.1416,37.1895,100.0,0.0,False,persistent_overprediction,
country_model,TIMSS,science,MYS,2003|2007|2011|2015|2019|2023,M1,6,-28.3088,32.1885,38.5429,83.33,16.67,False,persistent_overprediction,
country_model,TIMSS,science,MYS,2003|2007|2011|2015|2019|2023,M2,6,-11.0055,31.7884,34.4072,66.67,33.33,False,persistent_overprediction,
country_model,TIMSS,science,MYS,2003|2007|2011|2015|2019|2023,M3,6,-35.626,35.626,42.8381,100.0,0.0,False,persistent_overprediction,
country_model,TIMSS,science,NLD,2003,M0,1,4.2666,4.2666,4.2666,0.0,100.0,False,within_typical_band,
country_model,TIMSS,science,NLD,2003,M0A,1,22.5835,22.5835,22.5835,0.0,100.0,False,persistent_underprediction,
country_model,TIMSS,science,NLD,2003,M1,1,4.7756,4.7756,4.7756,0.0,100.0,False,within_typical_band,
country_model,TIMSS,science,NLD,2003,M2,1,-8.9842,8.9842,8.9842,100.0,0.0,False,within_typical_band,
country_model,TIMSS,science,NLD,2003,M3,1,22.5835,22.5835,22.5835,0.0,100.0,False,persistent_underprediction,
country_model,TIMSS,science,NOR,2007|2011|2019|2023,M0,4,-5.7104,13.0881,15.8917,50.0,50.0,False,within_typical_band,
country_model,TIMSS,science,NOR,2007|2011|2019|2023,M0A,4,-1.8224,15.2369,18.6244,50.0,50.0,False,within_typical_band,
country_model,TIMSS,science,NOR,2007|2011|2019|2023,M1,4,-6.3208,12.2465,15.4352,50.0,50.0,False,within_typical_band,
country_model,TIMSS,science,NOR,2011|2023,M2,2,-0.751,8.3673,8.4009,50.0,50.0,False,within_typical_band,
country_model,TIMSS,science,NOR,2007|2011|2019|2023,M3,4,-2.5335,6.7493,8.7417,75.0,25.0,False,within_typical_band,
country_model,TIMSS,science,NZL,2011|2019|2023,M0,3,8.8431,10.0858,11.6415,33.33,66.67,False,within_typical_band,
country_model,TIMSS,science,NZL,2011|2019|2023,M0A,3,7.2768,7.2768,7.7427,0.0,100.0,False,within_typical_band,
country_model,TIMSS,science,NZL,2011|2019|2023,M1,3,8.3676,9.772,11.1851,33.33,66.67,False,within_typical_band,
country_model,TIMSS,science,NZL,1999|2023,M2,2,11.2835,11.2835,13.968,0.0,100.0,False,persistent_underprediction,
country_model,TIMSS,science,NZL,2011|2019|2023,M3,3,12.5105,12.5105,12.8555,0.0,100.0,False,persistent_underprediction,
country_model,TIMSS,science,OMN,2015|2023,M0,2,-23.8407,23.8407,23.8729,100.0,0.0,False,persistent_overprediction,
country_model,TIMSS,science,OMN,2015|2023,M0A,2,-3.9645,12.0596,12.6945,50.0,50.0,False,within_typical_band,
country_model,TIMSS,science,OMN,2015|2023,M1,2,-23.4327,23.4327,23.4728,100.0,0.0,False,persistent_overprediction,
country_model,TIMSS,science,OMN,2015|2023,M3,2,-34.7965,34.7965,34.7977,100.0,0.0,False,persistent_overprediction,
country_model,TIMSS,science,PHL,2003,M0,1,-91.1563,91.1563,91.1563,100.0,0.0,False,persistent_overprediction,
country_model,TIMSS,science,PHL,2003,M0A,1,-135.8084,135.8084,135.8084,100.0,0.0,False,persistent_overprediction,
country_model,TIMSS,science,PHL,2003,M1,1,-92.6425,92.6425,92.6425,100.0,0.0,False,persistent_overprediction,
country_model,TIMSS,science,PHL,2003,M2,1,32.1439,32.1439,32.1439,0.0,100.0,False,persistent_underprediction,
country_model,TIMSS,science,PHL,2003,M3,1,-135.8084,135.8084,135.8084,100.0,0.0,False,persistent_overprediction,
country_model,TIMSS,science,PRT,2019|2023,M0,2,1.6865,18.7103,18.7862,50.0,50.0,False,within_typical_band,
country_model,TIMSS,science,PRT,2019|2023,M0A,2,10.0869,10.0869,10.9876,0.0,100.0,False,persistent_underprediction,
country_model,TIMSS,science,PRT,2019|2023,M1,2,1.2733,18.7305,18.7737,50.0,50.0,False,within_typical_band,
country_model,TIMSS,science,PRT,2023,M2,1,-12.5571,12.5571,12.5571,100.0,0.0,False,persistent_overprediction,
country_model,TIMSS,science,PRT,2019|2023,M3,2,21.9106,21.9106,23.0502,0.0,100.0,False,persistent_underprediction,
country_model,TIMSS,science,QAT,2011|2015|2019,M0,3,34.9203,34.9203,44.4526,0.0,100.0,False,persistent_underprediction,
country_model,TIMSS,science,QAT,2011|2015|2019,M0A,3,-9.6863,25.4039,26.342,66.67,33.33,False,within_typical_band,
country_model,TIMSS,science,QAT,2011|2015|2019,M1,3,33.8547,33.8547,43.5625,0.0,100.0,False,persistent_underprediction,
country_model,TIMSS,science,QAT,2011|2015|2019,M2,3,55.329,55.329,63.763,0.0,100.0,False,persistent_underprediction,
country_model,TIMSS,science,QAT,2011|2015|2019,M3,3,-37.8437,37.8437,48.1932,100.0,0.0,False,persistent_overprediction,
country_model,TIMSS,science,ROM,2003|2007|2011,M0,3,-27.7588,27.7588,29.5517,100.0,0.0,False,persistent_overprediction,
country_model,TIMSS,science,ROM,2003|2007|2011,M0A,3,-32.434,32.434,35.0441,100.0,0.0,False,persistent_overprediction,
country_model,TIMSS,science,ROM,2003|2007|2011,M1,3,-27.9119,27.9119,29.6766,100.0,0.0,False,persistent_overprediction,
country_model,TIMSS,science,ROM,1999|2003|2007|2011,M2,4,2.4171,7.3997,9.4318,50.0,50.0,False,within_typical_band,
country_model,TIMSS,science,ROM,2003|2007|2011,M3,3,-38.078,38.078,38.4609,100.0,0.0,False,persistent_overprediction,
country_model,TIMSS,science,RUS,2003|2007|2015|2019,M0,4,11.4132,19.6173,25.6039,50.0,50.0,False,persistent_underprediction,
country_model,TIMSS,science,RUS,2003|2007|2015|2019,M0A,4,20.8552,21.8396,32.4864,25.0,75.0,False,persistent_underprediction,
country_model,TIMSS,science,RUS,2003|2007|2015|2019,M1,4,11.0373,19.3559,25.2897,50.0,50.0,False,persistent_underprediction,
country_model,TIMSS,science,RUS,1999|2003|2007|2019,M2,4,7.8858,16.2741,19.6656,50.0,50.0,False,within_typical_band,
country_model,TIMSS,science,RUS,2003|2007|2015|2019,M3,4,34.27,34.27,40.9286,0.0,100.0,False,persistent_underprediction,
country_model,TIMSS,science,SAU,2011|2015|2019,M0,3,-11.6881,22.0454,30.2226,33.33,66.67,False,persistent_overprediction,
country_model,TIMSS,science,SAU,2011|2015|2019,M0A,3,-58.7644,58.7644,60.5911,100.0,0.0,False,persistent_overprediction,
country_model,TIMSS,science,SAU,2011|2015|2019,M1,3,-14.2361,20.5348,30.519,33.33,66.67,False,persistent_overprediction,
country_model,TIMSS,science,SAU,2011|2015|2019,M2,3,9.4092,36.0308,36.145,33.33,66.67,False,within_typical_band,
country_model,TIMSS,science,SAU,2011|2015|2019,M3,3,-69.769,69.769,71.6234,100.0,0.0,False,persistent_overprediction,
country_model,TIMSS,science,SCO,2007,M0,1,-12.2658,12.2658,12.2658,100.0,0.0,False,persistent_overprediction,
country_model,TIMSS,science,SCO,2007,M0A,1,-21.7656,21.7656,21.7656,100.0,0.0,False,persistent_overprediction,
country_model,TIMSS,science,SCO,2007,M1,1,-12.4137,12.4137,12.4137,100.0,0.0,False,persistent_overprediction,
country_model,TIMSS,science,SCO,2007,M3,1,-6.1099,6.1099,6.1099,100.0,0.0,False,within_typical_band,
country_model,TIMSS,science,SGP,2015|2019|2023,M0,3,45.2827,45.2827,59.3587,0.0,100.0,False,persistent_underprediction,
country_model,TIMSS,science,SGP,2015|2019|2023,M0A,3,90.9999,90.9999,96.7811,0.0,100.0,False,persistent_underprediction,
country_model,TIMSS,science,SGP,2015|2019|2023,M1,3,45.4429,45.4429,59.1894,0.0,100.0,False,persistent_underprediction,
country_model,TIMSS,science,SGP,2019|2023,M2,2,4.7547,7.4908,8.8724,50.0,50.0,False,within_typical_band,
country_model,TIMSS,science,SGP,2015|2019|2023,M3,3,114.2393,114.2393,114.3512,0.0,100.0,False,persistent_underprediction,
country_model,TIMSS,science,SVK,2003,M0,1,-11.9481,11.9481,11.9481,100.0,0.0,False,persistent_overprediction,
country_model,TIMSS,science,SVK,2003,M0A,1,3.6033,3.6033,3.6033,0.0,100.0,False,within_typical_band,
country_model,TIMSS,science,SVK,2003,M1,1,-11.4599,11.4599,11.4599,100.0,0.0,False,persistent_overprediction,
country_model,TIMSS,science,SVK,2003,M2,1,-18.2244,18.2244,18.2244,100.0,0.0,False,persistent_overprediction,
country_model,TIMSS,science,SVK,2003,M3,1,3.6033,3.6033,3.6033,0.0,100.0,False,within_typical_band,
country_model,TIMSS,science,SVN,2003|2015,M0,2,25.1083,32.6073,41.1541,50.0,50.0,False,persistent_underprediction,
country_model,TIMSS,science,SVN,2003|2015,M0A,2,26.3083,26.3083,32.4473,0.0,100.0,False,persistent_underprediction,
country_model,TIMSS,science,SVN,2003|2015,M1,2,25.2359,32.3096,40.9971,50.0,50.0,False,persistent_underprediction,
country_model,TIMSS,science,SVN,1999|2003,M2,2,-3.2324,9.5244,10.058,50.0,50.0,False,within_typical_band,
country_model,TIMSS,science,SVN,2003|2015,M3,2,34.6774,34.6774,44.1719,0.0,100.0,False,persistent_underprediction,
country_model,TIMSS,science,SWE,2007|2019|2023,M0,3,7.262,14.5656,19.4797,66.67,33.33,False,within_typical_band,
country_model,TIMSS,science,SWE,2007|2019|2023,M0A,3,13.6136,13.6136,14.3457,0.0,100.0,False,persistent_underprediction,
country_model,TIMSS,science,SWE,2007|2019|2023,M1,3,6.3622,14.4963,18.821,66.67,33.33,False,within_typical_band,
country_model,TIMSS,science,SWE,2007|2023,M2,2,-6.9708,6.9708,9.5974,100.0,0.0,False,within_typical_band,
country_model,TIMSS,science,SWE,2007|2019|2023,M3,3,23.9816,23.9816,26.275,0.0,100.0,False,persistent_underprediction,
country_model,TIMSS,science,THA,2011|2015,M0,2,-13.9007,13.9007,17.2232,100.0,0.0,False,persistent_overprediction,
country_model,TIMSS,science,THA,2011|2015,M0A,2,-8.2367,8.2367,9.4148,100.0,0.0,False,within_typical_band,
country_model,TIMSS,science,THA,2011|2015,M1,2,-15.0529,15.0529,18.4253,100.0,0.0,False,persistent_overprediction,
country_model,TIMSS,science,THA,1999|2011|2015,M2,3,-9.3497,12.6514,14.0217,66.67,33.33,False,within_typical_band,
country_model,TIMSS,science,THA,2011|2015,M3,2,-38.8727,38.8727,39.2805,100.0,0.0,False,persistent_overprediction,
country_model,TIMSS,science,TUN,2003|2007|2011,M0,3,-12.9658,49.2705,60.0327,33.33,66.67,False,persistent_overprediction,
country_model,TIMSS,science,TUN,2003|2007|2011,M0A,3,-18.509,54.5804,67.4756,33.33,66.67,False,persistent_overprediction,
country_model,TIMSS,science,TUN,2003|2007|2011,M1,3,-12.9965,49.375,60.2731,33.33,66.67,False,persistent_overprediction,
country_model,TIMSS,science,TUN,2003|2007|2011,M2,3,3.0165,24.5503,28.4261,66.67,33.33,False,within_typical_band,
country_model,TIMSS,science,TUN,2003|2007|2011,M3,3,-74.4756,74.4756,78.5155,100.0,0.0,False,persistent_overprediction,
country_model,TIMSS,science,TUR,2015|2019|2023,M0,3,18.5291,18.5291,20.1499,0.0,100.0,False,persistent_underprediction,
country_model,TIMSS,science,TUR,2015|2019|2023,M0A,3,34.8359,34.8359,36.1393,0.0,100.0,False,persistent_underprediction,
country_model,TIMSS,science,TUR,2015|2019|2023,M1,3,17.6679,17.6679,19.2642,0.0,100.0,False,persistent_underprediction,
country_model,TIMSS,science,TUR,2015|2019|2023,M2,3,15.5093,15.5093,16.3518,0.0,100.0,False,persistent_underprediction,
country_model,TIMSS,science,TUR,2015|2019|2023,M3,3,23.3176,23.3176,27.3332,0.0,100.0,False,persistent_underprediction,
country_model,TIMSS,science,TWN,2007|2011|2019|2023,M0,4,22.5187,32.7139,42.7195,50.0,50.0,False,persistent_underprediction,
country_model,TIMSS,science,TWN,2007|2011|2019|2023,M0A,4,45.0787,45.0787,48.671,0.0,100.0,False,persistent_underprediction,
country_model,TIMSS,science,TWN,2007|2011|2019|2023,M1,4,22.638,31.2743,41.5761,50.0,50.0,False,persistent_underprediction,
country_model,TIMSS,science,TWN,2011|2023,M2,2,-1.2486,4.0503,4.2384,50.0,50.0,False,within_typical_band,
country_model,TIMSS,science,TWN,2007|2011|2019|2023,M3,4,74.1535,74.1535,74.9886,0.0,100.0,False,persistent_underprediction,
country_model,TIMSS,science,UKR,2011,M0,1,10.9238,10.9238,10.9238,0.0,100.0,False,persistent_underprediction,
country_model,TIMSS,science,UKR,2011,M0A,1,-10.0208,10.0208,10.0208,100.0,0.0,False,persistent_overprediction,
country_model,TIMSS,science,UKR,2011,M1,1,9.8035,9.8035,9.8035,0.0,100.0,False,within_typical_band,
country_model,TIMSS,science,UKR,2011,M2,1,15.9288,15.9288,15.9288,0.0,100.0,False,persistent_underprediction,
country_model,TIMSS,science,UKR,2011,M3,1,5.582,5.582,5.582,0.0,100.0,False,within_typical_band,
country_model,TIMSS,science,USA,2019|2023,M0,2,4.2165,21.8685,22.2712,50.0,50.0,False,within_typical_band,
country_model,TIMSS,science,USA,2019|2023,M0A,2,4.7654,4.7654,5.8039,0.0,100.0,False,within_typical_band,
country_model,TIMSS,science,USA,2019|2023,M1,2,3.915,21.709,22.0592,50.0,50.0,False,within_typical_band,
country_model,TIMSS,science,USA,2023,M2,1,-11.7954,11.7954,11.7954,100.0,0.0,False,persistent_overprediction,
country_model,TIMSS,science,USA,2019|2023,M3,2,29.3445,29.3445,30.117,0.0,100.0,False,persistent_underprediction,
country_model,TIMSS,science,ZAF,2015|2019,M0,2,-36.6069,36.6069,36.7035,100.0,0.0,False,persistent_overprediction,
country_model,TIMSS,science,ZAF,2015|2019,M0A,2,-120.6363,120.6363,121.2556,100.0,0.0,False,persistent_overprediction,
country_model,TIMSS,science,ZAF,2015|2019,M1,2,-35.8902,35.8902,36.028,100.0,0.0,False,persistent_overprediction,
country_model,TIMSS,science,ZAF,2015|2019,M2,2,19.199,19.199,20.4247,0.0,100.0,False,persistent_underprediction,
country_model,TIMSS,science,ZAF,2015|2019,M3,2,-125.214,125.214,125.3634,100.0,0.0,False,persistent_overprediction,
country_model,TIMSS_G4,mathematics,AAD,2015|2019|2023,M0,3,-18.1898,32.4921,44.8338,33.33,66.67,False,persistent_overprediction,
country_model,TIMSS_G4,mathematics,AAD,2015|2019|2023,M0A,3,-28.852,35.2341,55.6561,33.33,66.67,False,persistent_overprediction,
country_model,TIMSS_G4,mathematics,AAD,2015|2019|2023,M1,3,-18.4433,33.6402,46.0781,33.33,66.67,False,persistent_overprediction,
country_model,TIMSS_G4,mathematics,AAD,2019|2023,M2,2,19.6476,19.6476,19.6828,0.0,100.0,False,persistent_underprediction,
country_model,TIMSS_G4,mathematics,AAD,2015|2019|2023,M3,3,-60.3806,60.3806,61.9866,100.0,0.0,False,persistent_overprediction,
country_model,TIMSS_G4,mathematics,ADU,2011|2019|2023,M0,3,-3.2167,22.9895,28.4107,33.33,66.67,False,within_typical_band,
country_model,TIMSS_G4,mathematics,ADU,2011|2019|2023,M0A,3,11.345,34.7293,35.2797,33.33,66.67,False,persistent_underprediction,
country_model,TIMSS_G4,mathematics,ADU,2011|2019|2023,M1,3,-3.5256,22.9255,28.2331,66.67,33.33,False,within_typical_band,
country_model,TIMSS_G4,mathematics,ADU,2011|2023,M2,2,18.3606,18.3606,19.079,0.0,100.0,False,persistent_underprediction,
country_model,TIMSS_G4,mathematics,ADU,2011|2019|2023,M3,3,18.9977,46.4076,46.7579,33.33,66.67,False,persistent_underprediction,
country_model,TIMSS_G4,mathematics,ALB,2019|2023,M0,2,1.8495,7.4709,7.6964,50.0,50.0,False,within_typical_band,
country_model,TIMSS_G4,mathematics,ALB,2019|2023,M0A,2,3.8868,9.5082,10.272,50.0,50.0,False,within_typical_band,
country_model,TIMSS_G4,mathematics,ALB,2019|2023,M1,2,1.8372,7.4587,7.6816,50.0,50.0,False,within_typical_band,
country_model,TIMSS_G4,mathematics,ALB,2023,M2,1,17.565,17.565,17.565,0.0,100.0,False,persistent_underprediction,
country_model,TIMSS_G4,mathematics,ALB,2019|2023,M3,2,1.8602,7.4816,7.7094,50.0,50.0,False,within_typical_band,
country_model,TIMSS_G4,mathematics,ARE,2019|2023,M0,2,11.6428,11.6428,16.3581,0.0,100.0,False,persistent_underprediction,
country_model,TIMSS_G4,mathematics,ARE,2019|2023,M0A,2,8.8407,8.8407,9.2395,0.0,100.0,False,within_typical_band,
country_model,TIMSS_G4,mathematics,ARE,2019|2023,M1,2,11.3501,11.3501,15.6847,0.0,100.0,False,persistent_underprediction,
country_model,TIMSS_G4,mathematics,ARE,2023,M2,1,9.3586,9.3586,9.3586,0.0,100.0,False,within_typical_band,
country_model,TIMSS_G4,mathematics,ARE,2019|2023,M3,2,-7.5336,7.5336,8.2564,100.0,0.0,False,within_typical_band,
country_model,TIMSS_G4,mathematics,ARM,2007|2011|2019|2023,M0,4,-6.021,22.3879,30.1722,25.0,75.0,False,within_typical_band,
country_model,TIMSS_G4,mathematics,ARM,2007|2011|2019|2023,M0A,4,-0.4602,27.04,32.381,25.0,75.0,False,within_typical_band,
country_model,TIMSS_G4,mathematics,ARM,2007|2011|2019|2023,M1,4,-5.6667,22.7425,30.3338,25.0,75.0,False,within_typical_band,
country_model,TIMSS_G4,mathematics,ARM,2007|2011|2023,M2,3,3.6023,35.0894,38.0326,33.33,66.67,False,within_typical_band,
country_model,TIMSS_G4,mathematics,ARM,2007|2011|2019|2023,M3,4,-16.4265,21.6238,30.2,75.0,25.0,False,persistent_overprediction,
country_model,TIMSS_G4,mathematics,AUS,2007|2011|2019|2023,M0,4,0.9599,12.0541,13.3252,50.0,50.0,False,within_typical_band,
country_model,TIMSS_G4,mathematics,AUS,2007|2011|2019|2023,M0A,4,6.8383,15.0036,22.1505,25.0,75.0,False,within_typical_band,
country_model,TIMSS_G4,mathematics,AUS,2007|2011|2019|2023,M1,4,0.7126,12.162,13.3703,50.0,50.0,False,within_typical_band,
country_model,TIMSS_G4,mathematics,AUS,2003|2007|2011|2023,M2,4,9.7627,9.8281,11.6936,25.0,75.0,False,within_typical_band,
country_model,TIMSS_G4,mathematics,AUS,2007|2011|2019|2023,M3,4,11.114,11.8062,14.3824,25.0,75.0,False,persistent_underprediction,
country_model,TIMSS_G4,mathematics,AUT,2011|2019,M0,2,17.9205,19.7828,26.6928,50.0,50.0,False,persistent_underprediction,
country_model,TIMSS_G4,mathematics,AUT,2011|2019,M0A,2,15.7602,21.943,27.0163,50.0,50.0,False,persistent_underprediction,
country_model,TIMSS_G4,mathematics,AUT,2011|2019,M1,2,17.917,19.7862,26.693,50.0,50.0,False,persistent_underprediction,
country_model,TIMSS_G4,mathematics,AUT,2011,M2,1,2.9223,2.9223,2.9223,0.0,100.0,False,within_typical_band,
country_model,TIMSS_G4,mathematics,AUT,2011|2019,M3,2,18.5095,19.1938,26.6646,50.0,50.0,False,persistent_underprediction,
country_model,TIMSS_G4,mathematics,AZE,2023,M0,1,-16.9154,16.9154,16.9154,100.0,0.0,False,persistent_overprediction,
country_model,TIMSS_G4,mathematics,AZE,2023,M0A,1,32.7172,32.7172,32.7172,0.0,100.0,False,persistent_underprediction,
country_model,TIMSS_G4,mathematics,AZE,2023,M1,1,-17.3406,17.3406,17.3406,100.0,0.0,False,persistent_overprediction,
country_model,TIMSS_G4,mathematics,AZE,2023,M2,1,-21.3895,21.3895,21.3895,100.0,0.0,False,persistent_overprediction,
country_model,TIMSS_G4,mathematics,AZE,2023,M3,1,-8.1756,8.1756,8.1756,100.0,0.0,False,within_typical_band,
country_model,TIMSS_G4,mathematics,BFL,2023,M0,1,2.6275,2.6275,2.6275,0.0,100.0,False,within_typical_band,
country_model,TIMSS_G4,mathematics,BFL,2023,M0A,1,15.8257,15.8257,15.8257,0.0,100.0,False,persistent_underprediction,
country_model,TIMSS_G4,mathematics,BFL,2023,M1,1,2.3112,2.3112,2.3112,0.0,100.0,False,within_typical_band,
country_model,TIMSS_G4,mathematics,BFL,2023,M2,1,-11.6562,11.6562,11.6562,100.0,0.0,False,persistent_overprediction,
country_model,TIMSS_G4,mathematics,BFL,2023,M3,1,18.546,18.546,18.546,0.0,100.0,False,persistent_underprediction,
country_model,TIMSS_G4,mathematics,BHR,2011|2015,M0,2,-41.567,41.567,48.6217,100.0,0.0,False,persistent_overprediction,
country_model,TIMSS_G4,mathematics,BHR,2011|2015,M0A,2,-51.6738,51.6738,52.1428,100.0,0.0,False,persistent_overprediction,
country_model,TIMSS_G4,mathematics,BHR,2011|2015,M1,2,-43.8562,43.8562,50.0082,100.0,0.0,False,persistent_overprediction,
country_model,TIMSS_G4,mathematics,BHR,2015,M2,1,14.996,14.996,14.996,0.0,100.0,False,persistent_underprediction,
country_model,TIMSS_G4,mathematics,BHR,2011|2015,M3,2,-59.5889,59.5889,61.0703,100.0,0.0,False,persistent_overprediction,
country_model,TIMSS_G4,mathematics,CAB,2011,M0,1,-4.0036,4.0036,4.0036,100.0,0.0,False,within_typical_band,
country_model,TIMSS_G4,mathematics,CAB,2011,M0A,1,-10.9095,10.9095,10.9095,100.0,0.0,False,persistent_overprediction,
country_model,TIMSS_G4,mathematics,CAB,2011,M1,1,-4.0128,4.0128,4.0128,100.0,0.0,False,within_typical_band,
country_model,TIMSS_G4,mathematics,CAB,2011,M2,1,1.2297,1.2297,1.2297,0.0,100.0,False,within_typical_band,
country_model,TIMSS_G4,mathematics,CAB,2011,M3,1,-2.4451,2.4451,2.4451,100.0,0.0,False,within_typical_band,
country_model,TIMSS_G4,mathematics,CAN,2015|2019|2023,M0,3,5.4919,9.3442,9.8403,33.33,66.67,False,within_typical_band,
country_model,TIMSS_G4,mathematics,CAN,2015|2019|2023,M0A,3,5.9114,13.9436,14.0677,33.33,66.67,False,within_typical_band,
country_model,TIMSS_G4,mathematics,CAN,2015|2019|2023,M1,3,5.0978,8.9986,9.5343,33.33,66.67,False,within_typical_band,
country_model,TIMSS_G4,mathematics,CAN,2019|2023,M2,2,-3.3745,4.4076,5.5511,50.0,50.0,False,within_typical_band,
country_model,TIMSS_G4,mathematics,CAN,2015|2019|2023,M3,3,8.9405,8.9405,10.3646,0.0,100.0,False,within_typical_band,
country_model,TIMSS_G4,mathematics,CHL,2019|2023,M0,2,-9.3146,9.3146,11.1434,100.0,0.0,False,within_typical_band,
country_model,TIMSS_G4,mathematics,CHL,2019|2023,M0A,2,-41.4751,41.4751,41.5048,100.0,0.0,False,persistent_overprediction,
country_model,TIMSS_G4,mathematics,CHL,2019|2023,M1,2,-10.0087,10.0087,11.715,100.0,0.0,False,persistent_overprediction,
country_model,TIMSS_G4,mathematics,CHL,2019|2023,M2,2,-7.52,9.6106,12.203,50.0,50.0,False,within_typical_band,
country_model,TIMSS_G4,mathematics,CHL,2019|2023,M3,2,-58.4428,58.4428,58.4433,100.0,0.0,False,persistent_overprediction,
country_model,TIMSS_G4,mathematics,COT,2007|2011|2015|2019|2023,M0,5,-12.1686,24.2669,26.1335,60.0,40.0,False,persistent_overprediction,
country_model,TIMSS_G4,mathematics,COT,2007|2011|2015|2019|2023,M0A,5,-5.1426,22.306,23.8461,60.0,40.0,False,within_typical_band,
country_model,TIMSS_G4,mathematics,COT,2007|2011|2015|2019|2023,M1,5,-12.3315,24.0114,25.856,60.0,40.0,False,persistent_overprediction,
country_model,TIMSS_G4,mathematics,COT,2007|2011|2015|2019|2023,M2,5,-1.674,4.3535,5.5032,60.0,40.0,False,within_typical_band,
country_model,TIMSS_G4,mathematics,COT,2007|2011|2015|2019|2023,M3,5,6.2155,8.5486,9.9445,20.0,80.0,False,within_typical_band,
country_model,TIMSS_G4,mathematics,CQU,2007|2011|2015|2019|2023,M0,5,-5.4273,18.8402,22.2485,60.0,40.0,False,within_typical_band,
country_model,TIMSS_G4,mathematics,CQU,2007|2011|2015|2019|2023,M0A,5,13.5061,14.8612,21.5166,40.0,60.0,False,persistent_underprediction,
country_model,TIMSS_G4,mathematics,CQU,2007|2011|2015|2019|2023,M1,5,-5.0321,18.1409,21.765,60.0,40.0,False,within_typical_band,
country_model,TIMSS_G4,mathematics,CQU,2007|2011|2015|2019|2023,M2,5,1.7692,10.2243,11.6698,40.0,60.0,False,within_typical_band,
country_model,TIMSS_G4,mathematics,CQU,2007|2011|2015|2019|2023,M3,5,21.7272,21.7272,25.4796,0.0,100.0,False,persistent_underprediction,
country_model,TIMSS_G4,mathematics,CYP,2023,M0,1,-11.1858,11.1858,11.1858,100.0,0.0,False,persistent_overprediction,
country_model,TIMSS_G4,mathematics,CYP,2023,M0A,1,5.2266,5.2266,5.2266,0.0,100.0,False,within_typical_band,
country_model,TIMSS_G4,mathematics,CYP,2023,M1,1,-9.5443,9.5443,9.5443,100.0,0.0,False,within_typical_band,
country_model,TIMSS_G4,mathematics,CYP,2023,M2,1,-15.7988,15.7988,15.7988,100.0,0.0,False,persistent_overprediction,
country_model,TIMSS_G4,mathematics,CYP,2023,M3,1,14.0543,14.0543,14.0543,0.0,100.0,False,persistent_underprediction,
country_model,TIMSS_G4,mathematics,CZE,2019|2023,M0,2,16.2392,16.2392,16.4153,0.0,100.0,False,persistent_underprediction,
country_model,TIMSS_G4,mathematics,CZE,2019|2023,M0A,2,9.8306,9.8306,9.8374,0.0,100.0,False,within_typical_band,
country_model,TIMSS_G4,mathematics,CZE,2019|2023,M1,2,16.0095,16.0095,16.182,0.0,100.0,False,persistent_underprediction,
country_model,TIMSS_G4,mathematics,CZE,2019|2023,M2,2,1.1465,1.1465,1.3894,0.0,100.0,False,within_typical_band,
country_model,TIMSS_G4,mathematics,CZE,2019|2023,M3,2,28.5256,28.5256,28.5276,0.0,100.0,False,persistent_underprediction,
country_model,TIMSS_G4,mathematics,DEU,2015|2019|2023,M0,3,11.2972,12.3037,15.4724,33.33,66.67,False,persistent_underprediction,
country_model,TIMSS_G4,mathematics,DEU,2015|2019|2023,M0A,3,8.4638,12.0491,14.8795,33.33,66.67,False,within_typical_band,
country_model,TIMSS_G4,mathematics,DEU,2015|2019|2023,M1,3,11.3593,12.155,15.4325,33.33,66.67,False,persistent_underprediction,
country_model,TIMSS_G4,mathematics,DEU,2019|2023,M2,2,1.075,3.438,3.6022,50.0,50.0,False,within_typical_band,
country_model,TIMSS_G4,mathematics,DEU,2015|2019|2023,M3,3,21.8524,21.8524,21.9394,0.0,100.0,False,persistent_underprediction,
country_model,TIMSS_G4,mathematics,DNK,2015|2019,M0,2,41.6502,41.6502,41.6509,0.0,100.0,False,persistent_underprediction,
country_model,TIMSS_G4,mathematics,DNK,2015|2019,M0A,2,36.9505,36.9505,37.2176,0.0,100.0,False,persistent_underprediction,
country_model,TIMSS_G4,mathematics,DNK,2015|2019,M1,2,40.7624,40.7624,40.7674,0.0,100.0,False,persistent_underprediction,
country_model,TIMSS_G4,mathematics,DNK,2019,M2,1,-12.4354,12.4354,12.4354,100.0,0.0,False,persistent_overprediction,
country_model,TIMSS_G4,mathematics,DNK,2015|2019,M3,2,33.99,33.99,34.7886,0.0,100.0,False,persistent_underprediction,
country_model,TIMSS_G4,mathematics,ENG,2003,M2,1,78.1272,78.1272,78.1272,0.0,100.0,False,persistent_underprediction,
country_model,TIMSS_G4,mathematics,ESP,2019|2023,M0,2,-2.6684,4.8205,5.5098,50.0,50.0,False,within_typical_band,
country_model,TIMSS_G4,mathematics,ESP,2019|2023,M0A,2,-10.2856,10.2856,10.8493,100.0,0.0,False,persistent_overprediction,
country_model,TIMSS_G4,mathematics,ESP,2019|2023,M1,2,-2.7576,4.7474,5.4903,50.0,50.0,False,within_typical_band,
country_model,TIMSS_G4,mathematics,ESP,2019|2023,M2,2,-3.3887,3.3887,3.4745,100.0,0.0,False,within_typical_band,
country_model,TIMSS_G4,mathematics,ESP,2019|2023,M3,2,-0.544,3.379,3.4226,50.0,50.0,False,within_typical_band,
country_model,TIMSS_G4,mathematics,FIN,2015|2019|2023,M0,3,16.4217,22.4359,25.7172,33.33,66.67,False,persistent_underprediction,
country_model,TIMSS_G4,mathematics,FIN,2015|2019|2023,M0A,3,9.9297,13.6151,14.7672,33.33,66.67,False,within_typical_band,
country_model,TIMSS_G4,mathematics,FIN,2015|2019|2023,M1,3,15.0455,22.5185,25.2866,33.33,66.67,False,persistent_underprediction,
country_model,TIMSS_G4,mathematics,FIN,2015|2019|2023,M2,3,-5.394,5.394,6.3573,100.0,0.0,False,within_typical_band,
country_model,TIMSS_G4,mathematics,FIN,2015|2019|2023,M3,3,32.6031,32.6031,32.9123,0.0,100.0,False,persistent_underprediction,
country_model,TIMSS_G4,mathematics,FRA,2019|2023,M0,2,-11.9018,11.9018,12.325,100.0,0.0,False,persistent_overprediction,
country_model,TIMSS_G4,mathematics,FRA,2019|2023,M0A,2,-10.6577,10.6577,10.668,100.0,0.0,False,persistent_overprediction,
country_model,TIMSS_G4,mathematics,FRA,2019|2023,M1,2,-12.0028,12.0028,12.3617,100.0,0.0,False,persistent_overprediction,
country_model,TIMSS_G4,mathematics,FRA,2023,M2,1,1.3592,1.3592,1.3592,0.0,100.0,False,within_typical_band,
country_model,TIMSS_G4,mathematics,FRA,2019|2023,M3,2,-17.5203,17.5203,17.5313,100.0,0.0,False,persistent_overprediction,
country_model,TIMSS_G4,mathematics,GEO,2015|2019,M0,2,8.5969,16.6705,18.7567,50.0,50.0,False,within_typical_band,
country_model,TIMSS_G4,mathematics,GEO,2015|2019,M0A,2,-2.4216,31.6815,31.7739,50.0,50.0,False,within_typical_band,
country_model,TIMSS_G4,mathematics,GEO,2015|2019,M1,2,7.1488,16.8783,18.3298,50.0,50.0,False,within_typical_band,
country_model,TIMSS_G4,mathematics,GEO,2019,M2,1,26.5497,26.5497,26.5497,0.0,100.0,False,persistent_underprediction,
country_model,TIMSS_G4,mathematics,GEO,2015|2019,M3,2,-22.0216,22.0216,25.118,100.0,0.0,False,persistent_overprediction,
country_model,TIMSS_G4,mathematics,HKG,2011|2015|2019|2023,M0,4,44.5931,47.6423,65.2855,50.0,50.0,False,persistent_underprediction,
country_model,TIMSS_G4,mathematics,HKG,2011|2015|2019|2023,M0A,4,89.669,89.669,90.614,0.0,100.0,False,persistent_underprediction,
country_model,TIMSS_G4,mathematics,HKG,2011|2015|2019|2023,M1,4,46.0499,47.9094,65.1208,25.0,75.0,False,persistent_underprediction,
country_model,TIMSS_G4,mathematics,HKG,2003|2015|2019|2023,M2,4,9.3325,19.3983,24.274,50.0,50.0,False,within_typical_band,
country_model,TIMSS_G4,mathematics,HKG,2011|2015|2019|2023,M3,4,101.4145,101.4145,101.9303,0.0,100.0,False,persistent_underprediction,
country_model,TIMSS_G4,mathematics,HRV,2015|2019,M0,2,4.9756,4.9756,4.9768,0.0,100.0,False,within_typical_band,
country_model,TIMSS_G4,mathematics,HRV,2015|2019,M0A,2,-2.9695,8.0525,8.5826,50.0,50.0,False,within_typical_band,
country_model,TIMSS_G4,mathematics,HRV,2015|2019,M1,2,5.162,5.162,5.1626,0.0,100.0,False,within_typical_band,
country_model,TIMSS_G4,mathematics,HRV,2019,M2,1,8.72,8.72,8.72,0.0,100.0,False,within_typical_band,
country_model,TIMSS_G4,mathematics,HRV,2015|2019,M3,2,8.2496,8.2496,8.8365,0.0,100.0,False,within_typical_band,
country_model,TIMSS_G4,mathematics,HUN,2007|2011|2015|2019,M0,4,-6.9268,13.4773,20.7654,25.0,75.0,False,within_typical_band,
country_model,TIMSS_G4,mathematics,HUN,2007|2011|2015|2019,M0A,4,-2.4125,11.681,15.5895,25.0,75.0,False,within_typical_band,
country_model,TIMSS_G4,mathematics,HUN,2007|2011|2015|2019,M1,4,-7.2673,13.4206,21.0105,25.0,75.0,False,within_typical_band,
country_model,TIMSS_G4,mathematics,HUN,2007|2011|2015|2019,M2,4,-0.6569,10.3924,12.1069,50.0,50.0,False,within_typical_band,
country_model,TIMSS_G4,mathematics,HUN,2007|2011|2015|2019,M3,4,14.212,18.0755,21.2666,25.0,75.0,False,persistent_underprediction,
country_model,TIMSS_G4,mathematics,IDN,2015,M0,1,-61.5165,61.5165,61.5165,100.0,0.0,False,persistent_overprediction,
country_model,TIMSS_G4,mathematics,IDN,2015,M0A,1,-99.7894,99.7894,99.7894,100.0,0.0,False,persistent_overprediction,
country_model,TIMSS_G4,mathematics,IDN,2015,M1,1,-65.7457,65.7457,65.7457,100.0,0.0,False,persistent_overprediction,
country_model,TIMSS_G4,mathematics,IDN,2015,M3,1,-99.7894,99.7894,99.7894,100.0,0.0,False,persistent_overprediction,
country_model,TIMSS_G4,mathematics,IRL,2015|2019|2023,M0,3,22.1013,22.1013,26.5557,0.0,100.0,False,persistent_underprediction,
country_model,TIMSS_G4,mathematics,IRL,2015|2019|2023,M0A,3,32.5775,32.5775,33.5849,0.0,100.0,False,persistent_underprediction,
country_model,TIMSS_G4,mathematics,IRL,2015|2019|2023,M1,3,21.5931,21.5931,26.17,0.0,100.0,False,persistent_underprediction,
country_model,TIMSS_G4,mathematics,IRL,2015|2019|2023,M2,3,6.125,7.9217,11.6362,33.33,66.67,False,within_typical_band,
country_model,TIMSS_G4,mathematics,IRL,2015|2019|2023,M3,3,47.4803,47.4803,47.5651,0.0,100.0,False,persistent_underprediction,
country_model,TIMSS_G4,mathematics,IRN,2015|2019,M0,2,-34.9061,34.9061,35.7494,100.0,0.0,False,persistent_overprediction,
country_model,TIMSS_G4,mathematics,IRN,2015|2019,M0A,2,-41.964,41.964,44.7496,100.0,0.0,False,persistent_overprediction,
country_model,TIMSS_G4,mathematics,IRN,2015|2019,M1,2,-36.4479,36.4479,37.7552,100.0,0.0,False,persistent_overprediction,
country_model,TIMSS_G4,mathematics,IRN,2019,M2,1,11.5469,11.5469,11.5469,0.0,100.0,False,persistent_underprediction,
country_model,TIMSS_G4,mathematics,IRN,2015|2019,M3,2,-61.184,61.184,61.3552,100.0,0.0,False,persistent_overprediction,
country_model,TIMSS_G4,mathematics,ITA,2007|2011|2015|2019|2023,M0,5,-4.4026,7.2838,9.1719,80.0,20.0,False,within_typical_band,
country_model,TIMSS_G4,mathematics,ITA,2007|2011|2015|2019|2023,M0A,5,-1.128,9.0867,12.0671,40.0,60.0,False,within_typical_band,
country_model,TIMSS_G4,mathematics,ITA,2007|2011|2015|2019|2023,M1,5,-4.4506,7.3642,9.4124,80.0,20.0,False,within_typical_band,
country_model,TIMSS_G4,mathematics,ITA,2007|2011|2015|2019|2023,M2,5,2.065,3.1025,4.0595,40.0,60.0,False,within_typical_band,
country_model,TIMSS_G4,mathematics,ITA,2007|2011|2015|2019|2023,M3,5,4.7281,9.4765,10.5129,40.0,60.0,False,within_typical_band,
country_model,TIMSS_G4,mathematics,JOR,2023,M0,1,-42.7463,42.7463,42.7463,100.0,0.0,False,persistent_overprediction,
country_model,TIMSS_G4,mathematics,JOR,2023,M0A,1,-75.2759,75.2759,75.2759,100.0,0.0,False,persistent_overprediction,
country_model,TIMSS_G4,mathematics,JOR,2023,M1,1,-44.4961,44.4961,44.4961,100.0,0.0,False,persistent_overprediction,
country_model,TIMSS_G4,mathematics,JOR,2023,M3,1,-75.2759,75.2759,75.2759,100.0,0.0,False,persistent_overprediction,
country_model,TIMSS_G4,mathematics,JPN,2015,M0,1,51.5987,51.5987,51.5987,0.0,100.0,False,persistent_underprediction,
country_model,TIMSS_G4,mathematics,JPN,2015,M0A,1,75.9855,75.9855,75.9855,0.0,100.0,False,persistent_underprediction,
country_model,TIMSS_G4,mathematics,JPN,2015,M1,1,54.983,54.983,54.983,0.0,100.0,False,persistent_underprediction,
country_model,TIMSS_G4,mathematics,JPN,2003,M2,1,24.0484,24.0484,24.0484,0.0,100.0,False,persistent_underprediction,
country_model,TIMSS_G4,mathematics,JPN,2015,M3,1,95.5738,95.5738,95.5738,0.0,100.0,False,persistent_underprediction,
country_model,TIMSS_G4,mathematics,KAZ,2011|2015|2019|2023,M0,4,-5.9569,22.0213,23.3847,75.0,25.0,False,within_typical_band,
country_model,TIMSS_G4,mathematics,KAZ,2011|2015|2019|2023,M0A,4,-4.4241,18.3302,19.1664,75.0,25.0,False,within_typical_band,
country_model,TIMSS_G4,mathematics,KAZ,2011|2015|2019|2023,M1,4,-6.0769,21.9,23.1772,75.0,25.0,False,within_typical_band,
country_model,TIMSS_G4,mathematics,KAZ,2011|2015|2019|2023,M2,4,-15.5427,37.2519,38.368,75.0,25.0,False,persistent_overprediction,
country_model,TIMSS_G4,mathematics,KAZ,2011|2015|2019|2023,M3,4,9.14,20.6687,25.839,50.0,50.0,False,within_typical_band,
country_model,TIMSS_G4,mathematics,KOR,2015|2019|2023,M0,3,34.4413,46.8214,51.4634,33.33,66.67,False,persistent_underprediction,
country_model,TIMSS_G4,mathematics,KOR,2015|2019|2023,M0A,3,65.4845,65.4845,72.9812,0.0,100.0,False,persistent_underprediction,
country_model,TIMSS_G4,mathematics,KOR,2015|2019|2023,M1,3,37.5962,47.8521,54.1049,33.33,66.67,False,persistent_underprediction,
country_model,TIMSS_G4,mathematics,KOR,2019|2023,M2,2,-6.8117,6.8117,7.1075,100.0,0.0,False,within_typical_band,
country_model,TIMSS_G4,mathematics,KOR,2015|2019|2023,M3,3,100.8364,100.8364,101.1264,0.0,100.0,False,persistent_underprediction,
country_model,TIMSS_G4,mathematics,KWT,2011|2015|2019|2023,M0,4,-81.3328,84.5965,99.862,75.0,25.0,False,persistent_overprediction,
country_model,TIMSS_G4,mathematics,KWT,2011|2015|2019|2023,M0A,4,-80.8686,80.8686,93.6728,100.0,0.0,False,persistent_overprediction,
country_model,TIMSS_G4,mathematics,KWT,2011|2015|2019|2023,M1,4,-81.2708,84.0847,99.7863,75.0,25.0,False,persistent_overprediction,
country_model,TIMSS_G4,mathematics,KWT,2011|2015|2019|2023,M2,4,16.6102,17.2811,20.8118,25.0,75.0,False,persistent_underprediction,
country_model,TIMSS_G4,mathematics,KWT,2011|2015|2019|2023,M3,4,-137.0028,137.0028,138.5215,100.0,0.0,False,persistent_overprediction,
country_model,TIMSS_G4,mathematics,LTU,2007|2011|2015|2019|2023,M0,5,16.9146,16.9146,18.7221,0.0,100.0,False,persistent_underprediction,
country_model,TIMSS_G4,mathematics,LTU,2007|2011|2015|2019|2023,M0A,5,23.4148,23.4148,24.8761,0.0,100.0,False,persistent_underprediction,
country_model,TIMSS_G4,mathematics,LTU,2007|2011|2015|2019|2023,M1,5,16.4828,16.4828,18.3553,0.0,100.0,False,persistent_underprediction,
country_model,TIMSS_G4,mathematics,LTU,2011|2015|2019|2023,M2,4,7.706,7.706,10.0736,0.0,100.0,False,within_typical_band,
country_model,TIMSS_G4,mathematics,LTU,2007|2011|2015|2019|2023,M3,5,35.202,35.202,38.5415,0.0,100.0,False,persistent_underprediction,
country_model,TIMSS_G4,mathematics,LVA,2007|2019|2023,M0,3,25.1075,25.1075,29.4931,0.0,100.0,False,persistent_underprediction,
country_model,TIMSS_G4,mathematics,LVA,2007|2019|2023,M0A,3,23.8695,23.8695,29.3295,0.0,100.0,False,persistent_underprediction,
country_model,TIMSS_G4,mathematics,LVA,2007|2019|2023,M1,3,25.0267,25.0267,29.4698,0.0,100.0,False,persistent_underprediction,
country_model,TIMSS_G4,mathematics,LVA,2023,M2,1,-11.8329,11.8329,11.8329,100.0,0.0,False,persistent_overprediction,
country_model,TIMSS_G4,mathematics,LVA,2007|2019|2023,M3,3,32.7692,32.7692,34.5435,0.0,100.0,False,persistent_underprediction,
country_model,TIMSS_G4,mathematics,MAR,2011|2015|2019,M0,3,-58.6939,58.6939,95.2177,100.0,0.0,False,persistent_overprediction,
country_model,TIMSS_G4,mathematics,MAR,2011|2015|2019,M0A,3,-66.0337,66.0337,90.9232,100.0,0.0,False,persistent_overprediction,
country_model,TIMSS_G4,mathematics,MAR,2011|2015|2019,M1,3,-59.412,59.412,95.9712,100.0,0.0,False,persistent_overprediction,
country_model,TIMSS_G4,mathematics,MAR,2015|2019,M2,2,24.3971,24.3971,31.8553,0.0,100.0,False,persistent_underprediction,
country_model,TIMSS_G4,mathematics,MAR,2011|2015|2019,M3,3,-136.1436,136.1436,138.8067,100.0,0.0,False,persistent_overprediction,
country_model,TIMSS_G4,mathematics,MKD,2019,M0,1,-27.9188,27.9188,27.9188,100.0,0.0,False,persistent_overprediction,
country_model,TIMSS_G4,mathematics,MKD,2019,M0A,1,-27.9188,27.9188,27.9188,100.0,0.0,False,persistent_overprediction,
country_model,TIMSS_G4,mathematics,MKD,2019,M1,1,-27.9188,27.9188,27.9188,100.0,0.0,False,persistent_overprediction,
country_model,TIMSS_G4,mathematics,MKD,2019,M3,1,-27.9188,27.9188,27.9188,100.0,0.0,False,persistent_overprediction,
country_model,TIMSS_G4,mathematics,MLT,2011|2019,M0,2,-7.6562,7.6562,8.494,100.0,0.0,False,within_typical_band,
country_model,TIMSS_G4,mathematics,MLT,2011|2019,M0A,2,-1.7965,11.4327,11.573,50.0,50.0,False,within_typical_band,
country_model,TIMSS_G4,mathematics,MLT,2011|2019,M1,2,-7.2342,7.2342,8.3868,100.0,0.0,False,within_typical_band,
country_model,TIMSS_G4,mathematics,MLT,2011|2019,M3,2,-1.7965,11.4327,11.573,50.0,50.0,False,within_typical_band,
country_model,TIMSS_G4,mathematics,MNE,2019|2023,M0,2,-27.468,27.468,33.6229,100.0,0.0,False,persistent_overprediction,
country_model,TIMSS_G4,mathematics,MNE,2019|2023,M0A,2,-23.3719,23.487,33.1343,50.0,50.0,False,persistent_overprediction,
country_model,TIMSS_G4,mathematics,MNE,2019|2023,M1,2,-27.3645,27.3645,33.5983,100.0,0.0,False,persistent_overprediction,
country_model,TIMSS_G4,mathematics,MNE,2023,M2,1,24.2928,24.2928,24.2928,0.0,100.0,False,persistent_underprediction,
country_model,TIMSS_G4,mathematics,MNE,2019|2023,M3,2,-36.0134,36.0134,37.611,100.0,0.0,False,persistent_overprediction,
country_model,TIMSS_G4,mathematics,NIR,2015|2019,M0,2,59.7456,59.7456,61.2001,0.0,100.0,False,persistent_underprediction,
country_model,TIMSS_G4,mathematics,NIR,2015|2019,M0A,2,66.3032,66.3032,66.6414,0.0,100.0,False,persistent_underprediction,
country_model,TIMSS_G4,mathematics,NIR,2015|2019,M1,2,59.0514,59.0514,60.6785,0.0,100.0,False,persistent_underprediction,
country_model,TIMSS_G4,mathematics,NIR,2019,M2,1,-4.4615,4.4615,4.4615,100.0,0.0,False,within_typical_band,
country_model,TIMSS_G4,mathematics,NIR,2015|2019,M3,2,69.5847,69.5847,69.6689,0.0,100.0,False,persistent_underprediction,
country_model,TIMSS_G4,mathematics,NLD,2007|2011|2015|2019|2023,M0,5,13.2857,20.8942,21.3109,20.0,80.0,False,persistent_underprediction,
country_model,TIMSS_G4,mathematics,NLD,2007|2011|2015|2019|2023,M0A,5,18.625,18.6836,20.9047,20.0,80.0,False,persistent_underprediction,
country_model,TIMSS_G4,mathematics,NLD,2007|2011|2015|2019|2023,M1,5,13.0207,20.6469,21.0919,20.0,80.0,False,persistent_underprediction,
country_model,TIMSS_G4,mathematics,NLD,2003|2007|2011|2015|2019|2023,M2,6,4.5979,9.817,13.8061,33.33,66.67,False,within_typical_band,
country_model,TIMSS_G4,mathematics,NLD,2007|2011|2015|2019|2023,M3,5,30.3115,30.3115,31.0222,0.0,100.0,False,persistent_underprediction,
country_model,TIMSS_G4,mathematics,NOR,2007|2015|2019|2023,M0,4,19.2571,34.3965,40.0898,50.0,50.0,False,persistent_underprediction,
country_model,TIMSS_G4,mathematics,NOR,2007|2015|2019|2023,M0A,4,18.1224,31.1315,36.1666,25.0,75.0,False,persistent_underprediction,
country_model,TIMSS_G4,mathematics,NOR,2007|2015|2019|2023,M1,4,19.019,33.441,39.1806,50.0,50.0,False,persistent_underprediction,
country_model,TIMSS_G4,mathematics,NOR,2003|2007|2019|2023,M2,4,5.6368,14.8984,16.0507,50.0,50.0,False,within_typical_band,
country_model,TIMSS_G4,mathematics,NOR,2007|2015|2019|2023,M3,4,19.635,41.7502,42.6065,25.0,75.0,False,persistent_underprediction,
country_model,TIMSS_G4,mathematics,NZL,2007|2015|2019|2023,M0,4,-12.1655,16.7297,19.7977,75.0,25.0,False,persistent_overprediction,
country_model,TIMSS_G4,mathematics,NZL,2007|2015|2019|2023,M0A,4,-16.3244,16.3244,21.4809,100.0,0.0,False,persistent_overprediction,
country_model,TIMSS_G4,mathematics,NZL,2007|2015|2019|2023,M1,4,-12.6415,16.7999,19.9536,75.0,25.0,False,persistent_overprediction,
country_model,TIMSS_G4,mathematics,NZL,2003|2007|2019|2023,M2,4,13.733,15.9118,28.1999,50.0,50.0,False,persistent_underprediction,
country_model,TIMSS_G4,mathematics,NZL,2007|2015|2019|2023,M3,4,-14.0187,14.0187,15.5438,100.0,0.0,False,persistent_overprediction,
country_model,TIMSS_G4,mathematics,OMN,2011|2015|2019|2023,M0,4,-55.8015,55.8015,68.4863,100.0,0.0,False,persistent_overprediction,
country_model,TIMSS_G4,mathematics,OMN,2011|2015|2019|2023,M0A,4,-64.3975,64.3975,73.0811,100.0,0.0,False,persistent_overprediction,
country_model,TIMSS_G4,mathematics,OMN,2011|2015|2019|2023,M1,4,-55.8969,55.8969,68.8071,100.0,0.0,False,persistent_overprediction,
country_model,TIMSS_G4,mathematics,OMN,2015|2019|2023,M2,3,12.1683,18.5097,24.2902,33.33,66.67,False,persistent_underprediction,
country_model,TIMSS_G4,mathematics,OMN,2011|2015|2019|2023,M3,4,-86.3881,86.3881,89.2067,100.0,0.0,False,persistent_overprediction,
country_model,TIMSS_G4,mathematics,POL,2019|2023,M0,2,26.6908,26.6908,27.3991,0.0,100.0,False,persistent_underprediction,
country_model,TIMSS_G4,mathematics,POL,2019|2023,M0A,2,22.0284,22.0284,22.0813,0.0,100.0,False,persistent_underprediction,
country_model,TIMSS_G4,mathematics,POL,2019|2023,M1,2,26.6369,26.6369,27.3345,0.0,100.0,False,persistent_underprediction,
country_model,TIMSS_G4,mathematics,POL,2023,M2,1,25.8832,25.8832,25.8832,0.0,100.0,False,persistent_underprediction,
country_model,TIMSS_G4,mathematics,POL,2019|2023,M3,2,32.1414,32.1414,34.1844,0.0,100.0,False,persistent_underprediction,
country_model,TIMSS_G4,mathematics,PRT,2015|2019,M0,2,20.5827,23.3653,31.1382,50.0,50.0,False,persistent_underprediction,
country_model,TIMSS_G4,mathematics,PRT,2015|2019,M0A,2,28.3606,28.3606,32.3619,0.0,100.0,False,persistent_underprediction,
country_model,TIMSS_G4,mathematics,PRT,2015|2019,M1,2,20.5585,23.3895,31.1403,50.0,50.0,False,persistent_underprediction,
country_model,TIMSS_G4,mathematics,PRT,2019,M2,1,-10.8937,10.8937,10.8937,100.0,0.0,False,persistent_overprediction,
country_model,TIMSS_G4,mathematics,PRT,2015|2019,M3,2,37.3078,37.3078,37.8941,0.0,100.0,False,persistent_underprediction,
country_model,TIMSS_G4,mathematics,QAT,2011|2015|2019|2023,M0,4,-19.5456,30.1723,40.492,75.0,25.0,False,persistent_overprediction,
country_model,TIMSS_G4,mathematics,QAT,2011|2015|2019|2023,M0A,4,-32.9588,32.9588,41.3687,100.0,0.0,False,persistent_overprediction,
country_model,TIMSS_G4,mathematics,QAT,2011|2015|2019|2023,M1,4,-21.5512,31.4372,41.631,75.0,25.0,False,persistent_overprediction,
country_model,TIMSS_G4,mathematics,QAT,2011|2015|2019|2023,M2,4,41.9241,41.9241,60.432,0.0,100.0,False,persistent_underprediction,
country_model,TIMSS_G4,mathematics,QAT,2011|2015|2019|2023,M3,4,-60.7383,60.7383,64.4677,100.0,0.0,False,persistent_overprediction,
country_model,TIMSS_G4,mathematics,ROM,2011,M0,1,-22.3028,22.3028,22.3028,100.0,0.0,False,persistent_overprediction,
country_model,TIMSS_G4,mathematics,ROM,2011,M0A,1,-13.1764,13.1764,13.1764,100.0,0.0,False,persistent_overprediction,
country_model,TIMSS_G4,mathematics,ROM,2011,M1,1,-22.718,22.718,22.718,100.0,0.0,False,persistent_overprediction,
country_model,TIMSS_G4,mathematics,ROM,2011,M3,1,-26.7145,26.7145,26.7145,100.0,0.0,False,persistent_overprediction,
country_model,TIMSS_G4,mathematics,RUS,2011|2019,M0,2,48.0694,48.0694,50.6266,0.0,100.0,False,persistent_underprediction,
country_model,TIMSS_G4,mathematics,RUS,2011|2019,M0A,2,56.142,56.142,60.6858,0.0,100.0,False,persistent_underprediction,
country_model,TIMSS_G4,mathematics,RUS,2011|2019,M1,2,47.3097,47.3097,49.6402,0.0,100.0,False,persistent_underprediction,
country_model,TIMSS_G4,mathematics,RUS,2011|2019,M3,2,50.2051,50.2051,53.0383,0.0,100.0,False,persistent_underprediction,
country_model,TIMSS_G4,mathematics,SAU,2011|2019|2023,M0,3,-40.2414,43.2466,55.5888,66.67,33.33,False,persistent_overprediction,
country_model,TIMSS_G4,mathematics,SAU,2011|2019|2023,M0A,3,-69.0053,69.0053,75.0253,100.0,0.0,False,persistent_overprediction,
country_model,TIMSS_G4,mathematics,SAU,2011|2019|2023,M1,3,-41.463,43.3567,56.5646,66.67,33.33,False,persistent_overprediction,
country_model,TIMSS_G4,mathematics,SAU,2023,M2,1,21.4071,21.4071,21.4071,0.0,100.0,False,persistent_underprediction,
country_model,TIMSS_G4,mathematics,SAU,2011|2019|2023,M3,3,-94.3573,94.3573,94.7209,100.0,0.0,False,persistent_overprediction,
country_model,TIMSS_G4,mathematics,SCO,2003,M2,1,30.5169,30.5169,30.5169,0.0,100.0,False,persistent_underprediction,
country_model,TIMSS_G4,mathematics,SGP,2011|2019|2023,M0,3,49.0229,64.8781,71.3191,33.33,66.67,False,persistent_underprediction,
country_model,TIMSS_G4,mathematics,SGP,2011|2019|2023,M0A,3,100.9937,100.9937,108.8299,0.0,100.0,False,persistent_underprediction,
country_model,TIMSS_G4,mathematics,SGP,2011|2019|2023,M1,3,49.3866,64.9092,71.546,33.33,66.67,False,persistent_underprediction,
country_model,TIMSS_G4,mathematics,SGP,2023,M2,1,-13.6098,13.6098,13.6098,100.0,0.0,False,persistent_overprediction,
country_model,TIMSS_G4,mathematics,SGP,2011|2019|2023,M3,3,112.6935,112.6935,113.4463,0.0,100.0,False,persistent_underprediction,
country_model,TIMSS_G4,mathematics,SRB,2015|2019|2023,M0,3,8.0031,10.6523,11.6747,33.33,66.67,False,within_typical_band,
country_model,TIMSS_G4,mathematics,SRB,2015|2019|2023,M0A,3,4.6508,10.9146,11.2443,33.33,66.67,False,within_typical_band,
country_model,TIMSS_G4,mathematics,SRB,2015|2019|2023,M1,3,7.8528,10.5007,11.5036,33.33,66.67,False,within_typical_band,
country_model,TIMSS_G4,mathematics,SRB,2015|2019|2023,M2,3,2.3305,9.0753,10.5357,33.33,66.67,False,within_typical_band,
country_model,TIMSS_G4,mathematics,SRB,2015|2019|2023,M3,3,16.5583,16.5583,17.5715,0.0,100.0,False,persistent_underprediction,
country_model,TIMSS_G4,mathematics,SVK,2007|2011|2015|2019|2023,M0,5,-3.396,10.0792,12.2205,60.0,40.0,False,within_typical_band,
country_model,TIMSS_G4,mathematics,SVK,2007|2011|2015|2019|2023,M0A,5,-8.1873,8.1873,11.07,100.0,0.0,False,within_typical_band,
country_model,TIMSS_G4,mathematics,SVK,2007|2011|2015|2019|2023,M1,5,-3.5198,10.183,12.3175,60.0,40.0,False,within_typical_band,
country_model,TIMSS_G4,mathematics,SVK,2011|2015|2019|2023,M2,4,4.7059,8.9668,9.1644,25.0,75.0,False,within_typical_band,
country_model,TIMSS_G4,mathematics,SVK,2007|2011|2015|2019|2023,M3,5,-0.2087,9.2705,11.8956,40.0,60.0,False,within_typical_band,
country_model,TIMSS_G4,mathematics,SVN,2007|2011|2015,M0,3,2.0084,9.9244,11.099,33.33,66.67,False,within_typical_band,
country_model,TIMSS_G4,mathematics,SVN,2007|2011|2015,M0A,3,1.0286,9.1952,11.2598,66.67,33.33,False,within_typical_band,
country_model,TIMSS_G4,mathematics,SVN,2007|2011|2015,M1,3,1.5595,10.0951,11.2612,33.33,66.67,False,within_typical_band,
country_model,TIMSS_G4,mathematics,SVN,2003|2007|2011|2015,M2,4,6.5622,13.9777,15.1915,25.0,75.0,False,within_typical_band,
country_model,TIMSS_G4,mathematics,SVN,2007|2011|2015,M3,3,3.683,14.0858,16.0367,33.33,66.67,False,within_typical_band,
country_model,TIMSS_G4,mathematics,SWE,2007|2011|2015|2019,M0,4,6.0006,16.7681,19.3532,50.0,50.0,False,within_typical_band,
country_model,TIMSS_G4,mathematics,SWE,2007|2011|2015|2019,M0A,4,-0.8009,11.842,11.9767,50.0,50.0,False,within_typical_band,
country_model,TIMSS_G4,mathematics,SWE,2007|2011|2015|2019,M1,4,5.4369,16.678,19.097,50.0,50.0,False,within_typical_band,
country_model,TIMSS_G4,mathematics,SWE,2011|2015|2019,M2,3,5.4233,5.4233,8.5294,0.0,100.0,False,within_typical_band,
country_model,TIMSS_G4,mathematics,SWE,2007|2011|2015|2019,M3,4,5.1674,15.1325,16.3809,50.0,50.0,False,within_typical_band,
country_model,TIMSS_G4,mathematics,THA,2011,M0,1,-44.5496,44.5496,44.5496,100.0,0.0,False,persistent_overprediction,
country_model,TIMSS_G4,mathematics,THA,2011,M0A,1,-25.0537,25.0537,25.0537,100.0,0.0,False,persistent_overprediction,
country_model,TIMSS_G4,mathematics,THA,2011,M1,1,-45.1695,45.1695,45.1695,100.0,0.0,False,persistent_overprediction,
country_model,TIMSS_G4,mathematics,THA,2011,M3,1,-51.0193,51.0193,51.0193,100.0,0.0,False,persistent_overprediction,
country_model,TIMSS_G4,mathematics,TUN,2007|2011,M0,2,-99.4669,99.4669,105.8106,100.0,0.0,False,persistent_overprediction,
country_model,TIMSS_G4,mathematics,TUN,2007|2011,M0A,2,-91.5328,91.5328,92.409,100.0,0.0,False,persistent_overprediction,
country_model,TIMSS_G4,mathematics,TUN,2007|2011,M1,2,-99.1675,99.1675,105.911,100.0,0.0,False,persistent_overprediction,
country_model,TIMSS_G4,mathematics,TUN,2007|2011,M2,2,10.0223,21.8869,24.0725,50.0,50.0,False,persistent_underprediction,
country_model,TIMSS_G4,mathematics,TUN,2007|2011,M3,2,-169.831,169.831,171.0258,100.0,0.0,False,persistent_overprediction,
country_model,TIMSS_G4,mathematics,TUR,2015|2019|2023,M0,3,34.113,34.113,40.5516,0.0,100.0,False,persistent_underprediction,
country_model,TIMSS_G4,mathematics,TUR,2015|2019|2023,M0A,3,32.0088,32.0088,36.9581,0.0,100.0,False,persistent_underprediction,
country_model,TIMSS_G4,mathematics,TUR,2015|2019|2023,M1,3,32.8058,32.8058,39.356,0.0,100.0,False,persistent_underprediction,
country_model,TIMSS_G4,mathematics,TUR,2019|2023,M2,2,35.0557,35.0557,35.2749,0.0,100.0,False,persistent_underprediction,
country_model,TIMSS_G4,mathematics,TUR,2015|2019|2023,M3,3,19.8038,29.2052,33.206,33.33,66.67,False,persistent_underprediction,
country_model,TIMSS_G4,mathematics,TWN,2007|2011|2015|2019|2023,M0,5,36.8878,41.7226,49.4612,20.0,80.0,False,persistent_underprediction,
country_model,TIMSS_G4,mathematics,TWN,2007|2011|2015|2019|2023,M0A,5,66.2881,66.2881,69.6534,0.0,100.0,False,persistent_underprediction,
country_model,TIMSS_G4,mathematics,TWN,2007|2011|2015|2019|2023,M1,5,38.1213,41.9524,50.0042,20.0,80.0,False,persistent_underprediction,
country_model,TIMSS_G4,mathematics,TWN,2007|2011|2015|2019|2023,M2,5,8.6163,8.6163,9.8064,0.0,100.0,False,within_typical_band,
country_model,TIMSS_G4,mathematics,TWN,2007|2011|2015|2019|2023,M3,5,88.7578,88.7578,90.3675,0.0,100.0,False,persistent_underprediction,
country_model,TIMSS_G4,mathematics,USA,2015|2019,M0,2,14.783,14.783,14.784,0.0,100.0,False,persistent_underprediction,
country_model,TIMSS_G4,mathematics,USA,2015|2019,M0A,2,17.3335,17.3335,20.5834,0.0,100.0,False,persistent_underprediction,
country_model,TIMSS_G4,mathematics,USA,2015|2019,M1,2,14.8537,14.8537,14.856,0.0,100.0,False,persistent_underprediction,
country_model,TIMSS_G4,mathematics,USA,2003|2015|2019,M2,3,9.181,12.9414,19.3268,66.67,33.33,False,within_typical_band,
country_model,TIMSS_G4,mathematics,USA,2015|2019,M3,2,38.6367,38.6367,38.7745,0.0,100.0,False,persistent_underprediction,
country_model,TIMSS_G4,mathematics,XKX,2023,M0,1,-30.1832,30.1832,30.1832,100.0,0.0,False,persistent_overprediction,
country_model,TIMSS_G4,mathematics,XKX,2023,M0A,1,-1.9201,1.9201,1.9201,100.0,0.0,False,within_typical_band,
country_model,TIMSS_G4,mathematics,XKX,2023,M1,1,-30.0419,30.0419,30.0419,100.0,0.0,False,persistent_overprediction,
country_model,TIMSS_G4,mathematics,XKX,2023,M2,1,7.045,7.045,7.045,0.0,100.0,False,within_typical_band,
country_model,TIMSS_G4,mathematics,XKX,2023,M3,1,-50.842,50.842,50.842,100.0,0.0,False,persistent_overprediction,
country_model,TIMSS_G4,mathematics,ZAF,2015|2019|2023,M0,3,-42.5003,42.5003,44.4111,100.0,0.0,False,persistent_overprediction,
country_model,TIMSS_G4,mathematics,ZAF,2015|2019|2023,M0A,3,-90.9932,90.9932,98.0871,100.0,0.0,False,persistent_overprediction,
country_model,TIMSS_G4,mathematics,ZAF,2015|2019|2023,M1,3,-41.9013,41.9013,45.0872,100.0,0.0,False,persistent_overprediction,
country_model,TIMSS_G4,mathematics,ZAF,2019|2023,M2,2,-7.0352,7.0352,8.5518,100.0,0.0,False,within_typical_band,
country_model,TIMSS_G4,mathematics,ZAF,2015|2019|2023,M3,3,-129.3875,129.3875,129.6424,100.0,0.0,False,persistent_overprediction,
country_model,TIMSS_G4,science,AAD,2015|2019|2023,M0,3,-29.2843,38.6753,50.1586,66.67,33.33,False,persistent_overprediction,
country_model,TIMSS_G4,science,AAD,2015|2019|2023,M0A,3,-47.0809,47.0809,71.9378,100.0,0.0,False,persistent_overprediction,
country_model,TIMSS_G4,science,AAD,2015|2019|2023,M1,3,-29.8139,39.8238,51.3401,66.67,33.33,False,persistent_overprediction,
country_model,TIMSS_G4,science,AAD,2019|2023,M2,2,15.7155,15.7155,20.7548,0.0,100.0,False,persistent_underprediction,
country_model,TIMSS_G4,science,AAD,2015|2019|2023,M3,3,-87.8394,87.8394,97.6543,100.0,0.0,False,persistent_overprediction,
country_model,TIMSS_G4,science,ADU,2011|2019|2023,M0,3,3.3998,17.1729,18.5706,33.33,66.67,False,within_typical_band,
country_model,TIMSS_G4,science,ADU,2011|2019|2023,M0A,3,17.0767,32.3954,33.3304,33.33,66.67,False,persistent_underprediction,
country_model,TIMSS_G4,science,ADU,2011|2019|2023,M1,3,3.2088,17.0081,18.4161,33.33,66.67,False,within_typical_band,
country_model,TIMSS_G4,science,ADU,2011|2023,M2,2,10.483,10.483,13.7446,0.0,100.0,False,persistent_underprediction,
country_model,TIMSS_G4,science,ADU,2011|2019|2023,M3,3,17.301,52.0211,52.7598,33.33,66.67,False,persistent_underprediction,
country_model,TIMSS_G4,science,ALB,2019|2023,M0,2,-8.7059,8.7059,8.7752,100.0,0.0,False,within_typical_band,
country_model,TIMSS_G4,science,ALB,2019|2023,M0A,2,-7.1418,7.1418,7.6228,100.0,0.0,False,within_typical_band,
country_model,TIMSS_G4,science,ALB,2019|2023,M1,2,-8.7089,8.7089,8.7778,100.0,0.0,False,within_typical_band,
country_model,TIMSS_G4,science,ALB,2023,M2,1,1.1196,1.1196,1.1196,0.0,100.0,False,within_typical_band,
country_model,TIMSS_G4,science,ALB,2019|2023,M3,2,-9.4162,9.4162,9.4243,100.0,0.0,False,within_typical_band,
country_model,TIMSS_G4,science,ARE,2019|2023,M0,2,2.584,2.584,3.6081,0.0,100.0,False,within_typical_band,
country_model,TIMSS_G4,science,ARE,2019|2023,M0A,2,1.2107,5.6849,5.8124,50.0,50.0,False,within_typical_band,
country_model,TIMSS_G4,science,ARE,2019|2023,M1,2,2.2351,3.0443,3.7768,50.0,50.0,False,within_typical_band,
country_model,TIMSS_G4,science,ARE,2023,M2,1,16.1274,16.1274,16.1274,0.0,100.0,False,persistent_underprediction,
country_model,TIMSS_G4,science,ARE,2019|2023,M3,2,-5.4137,5.4137,5.4637,100.0,0.0,False,within_typical_band,
country_model,TIMSS_G4,science,ARM,2007|2011|2019|2023,M0,4,-39.0486,39.0486,51.4503,100.0,0.0,False,persistent_overprediction,
country_model,TIMSS_G4,science,ARM,2007|2011|2019|2023,M0A,4,-31.8466,38.3535,48.5509,75.0,25.0,False,persistent_overprediction,
country_model,TIMSS_G4,science,ARM,2007|2011|2019|2023,M1,4,-38.8764,38.8764,51.3833,100.0,0.0,False,persistent_overprediction,
country_model,TIMSS_G4,science,ARM,2007|2011|2023,M2,3,-9.862,41.7678,48.4403,66.67,33.33,False,within_typical_band,
country_model,TIMSS_G4,science,ARM,2007|2011|2019|2023,M3,4,-51.7445,51.7445,58.1394,100.0,0.0,False,persistent_overprediction,
country_model,TIMSS_G4,science,AUS,2007|2011|2019|2023,M0,4,5.4263,19.9223,23.5917,50.0,50.0,False,within_typical_band,
country_model,TIMSS_G4,science,AUS,2007|2011|2019|2023,M0A,4,12.3827,30.7758,35.694,50.0,50.0,False,persistent_underprediction,
country_model,TIMSS_G4,science,AUS,2007|2011|2019|2023,M1,4,5.4099,19.8989,23.6008,50.0,50.0,False,within_typical_band,
country_model,TIMSS_G4,science,AUS,2003|2007|2011|2023,M2,4,4.5761,10.4778,11.3215,25.0,75.0,False,within_typical_band,
country_model,TIMSS_G4,science,AUS,2007|2011|2019|2023,M3,4,34.346,34.346,45.9863,0.0,100.0,False,persistent_underprediction,
country_model,TIMSS_G4,science,AUT,2011|2019,M0,2,6.5694,12.5315,14.1491,50.0,50.0,False,within_typical_band,
country_model,TIMSS_G4,science,AUT,2011|2019,M0A,2,5.3904,13.7106,14.7322,50.0,50.0,False,within_typical_band,
country_model,TIMSS_G4,science,AUT,2011|2019,M1,2,6.5678,12.5331,14.1498,50.0,50.0,False,within_typical_band,
country_model,TIMSS_G4,science,AUT,2011,M2,1,5.8754,5.8754,5.8754,0.0,100.0,False,within_typical_band,
country_model,TIMSS_G4,science,AUT,2011|2019,M3,2,18.6405,18.6405,18.6462,0.0,100.0,False,persistent_underprediction,
country_model,TIMSS_G4,science,AZE,2023,M0,1,-67.1488,67.1488,67.1488,100.0,0.0,False,persistent_overprediction,
country_model,TIMSS_G4,science,AZE,2023,M0A,1,-32.1302,32.1302,32.1302,100.0,0.0,False,persistent_overprediction,
country_model,TIMSS_G4,science,AZE,2023,M1,1,-67.244,67.244,67.244,100.0,0.0,False,persistent_overprediction,
country_model,TIMSS_G4,science,AZE,2023,M2,1,-5.132,5.132,5.132,100.0,0.0,False,within_typical_band,
country_model,TIMSS_G4,science,AZE,2023,M3,1,-78.0229,78.0229,78.0229,100.0,0.0,False,persistent_overprediction,
country_model,TIMSS_G4,science,BFL,2023,M0,1,-18.6868,18.6868,18.6868,100.0,0.0,False,persistent_overprediction,
country_model,TIMSS_G4,science,BFL,2023,M0A,1,-14.3209,14.3209,14.3209,100.0,0.0,False,persistent_overprediction,
country_model,TIMSS_G4,science,BFL,2023,M1,1,-18.7463,18.7463,18.7463,100.0,0.0,False,persistent_overprediction,
country_model,TIMSS_G4,science,BFL,2023,M2,1,-12.6594,12.6594,12.6594,100.0,0.0,False,persistent_overprediction,
country_model,TIMSS_G4,science,BFL,2023,M3,1,-11.268,11.268,11.268,100.0,0.0,False,persistent_overprediction,
country_model,TIMSS_G4,science,BHR,2011|2015,M0,2,-31.9651,31.9651,38.4901,100.0,0.0,False,persistent_overprediction,
country_model,TIMSS_G4,science,BHR,2011|2015,M0A,2,-40.9062,40.9062,41.6758,100.0,0.0,False,persistent_overprediction,
country_model,TIMSS_G4,science,BHR,2011|2015,M1,2,-33.1797,33.1797,38.5655,100.0,0.0,False,persistent_overprediction,
country_model,TIMSS_G4,science,BHR,2015,M2,1,9.3964,9.3964,9.3964,0.0,100.0,False,within_typical_band,
country_model,TIMSS_G4,science,BHR,2011|2015,M3,2,-27.5788,46.0331,53.6622,50.0,50.0,False,persistent_overprediction,
country_model,TIMSS_G4,science,CAB,2011,M0,1,-6.7889,6.7889,6.7889,100.0,0.0,False,within_typical_band,
country_model,TIMSS_G4,science,CAB,2011,M0A,1,-12.8634,12.8634,12.8634,100.0,0.0,False,persistent_overprediction,
country_model,TIMSS_G4,science,CAB,2011,M1,1,-6.8153,6.8153,6.8153,100.0,0.0,False,within_typical_band,
country_model,TIMSS_G4,science,CAB,2011,M2,1,-1.3352,1.3352,1.3352,100.0,0.0,False,within_typical_band,
country_model,TIMSS_G4,science,CAB,2011,M3,1,27.9312,27.9312,27.9312,0.0,100.0,False,persistent_underprediction,
country_model,TIMSS_G4,science,CAN,2015|2019|2023,M0,3,11.5315,16.0707,18.2668,33.33,66.67,False,persistent_underprediction,
country_model,TIMSS_G4,science,CAN,2015|2019|2023,M0A,3,15.0667,15.0667,17.6327,0.0,100.0,False,persistent_underprediction,
country_model,TIMSS_G4,science,CAN,2015|2019|2023,M1,3,11.2341,16.3619,18.3809,33.33,66.67,False,persistent_underprediction,
country_model,TIMSS_G4,science,CAN,2019|2023,M2,2,-1.8284,3.3809,3.8436,50.0,50.0,False,within_typical_band,
country_model,TIMSS_G4,science,CAN,2015|2019|2023,M3,3,23.157,23.157,23.3826,0.0,100.0,False,persistent_underprediction,
country_model,TIMSS_G4,science,CHL,2019|2023,M0,2,12.2711,12.2711,12.5098,0.0,100.0,False,persistent_underprediction,
country_model,TIMSS_G4,science,CHL,2019|2023,M0A,2,-8.1849,8.1849,9.7952,100.0,0.0,False,within_typical_band,
country_model,TIMSS_G4,science,CHL,2019|2023,M1,2,11.6016,11.6016,11.9359,0.0,100.0,False,persistent_underprediction,
country_model,TIMSS_G4,science,CHL,2019|2023,M2,2,0.7709,8.7618,8.7956,50.0,50.0,False,within_typical_band,
country_model,TIMSS_G4,science,CHL,2019|2023,M3,2,-21.7987,21.7987,21.8453,100.0,0.0,False,persistent_overprediction,
country_model,TIMSS_G4,science,COT,2007|2011|2015|2019|2023,M0,5,-2.799,7.0059,7.7659,80.0,20.0,False,within_typical_band,
country_model,TIMSS_G4,science,COT,2007|2011|2015|2019|2023,M0A,5,-7.5012,23.3199,27.8373,60.0,40.0,False,within_typical_band,
country_model,TIMSS_G4,science,COT,2007|2011|2015|2019|2023,M1,5,-2.9314,6.7891,7.5016,80.0,20.0,False,within_typical_band,
country_model,TIMSS_G4,science,COT,2007|2011|2015|2019|2023,M2,5,-2.988,4.5652,5.2097,60.0,40.0,False,within_typical_band,
country_model,TIMSS_G4,science,COT,2007|2011|2015|2019|2023,M3,5,21.9409,46.5249,51.159,20.0,80.0,False,persistent_underprediction,
country_model,TIMSS_G4,science,CQU,2007|2011|2015|2019|2023,M0,5,-16.9857,16.9857,20.6142,100.0,0.0,False,persistent_overprediction,
country_model,TIMSS_G4,science,CQU,2007|2011|2015|2019|2023,M0A,5,-11.0716,18.4724,23.8899,80.0,20.0,False,persistent_overprediction,
country_model,TIMSS_G4,science,CQU,2007|2011|2015|2019|2023,M1,5,-16.8693,16.8693,20.4033,100.0,0.0,False,persistent_overprediction,
country_model,TIMSS_G4,science,CQU,2007|2011|2015|2019|2023,M2,5,1.4225,8.5131,10.568,60.0,40.0,False,within_typical_band,
country_model,TIMSS_G4,science,CQU,2007|2011|2015|2019|2023,M3,5,-1.5093,26.339,35.0583,40.0,60.0,False,within_typical_band,
country_model,TIMSS_G4,science,CYP,2023,M0,1,-23.0714,23.0714,23.0714,100.0,0.0,False,persistent_overprediction,
country_model,TIMSS_G4,science,CYP,2023,M0A,1,-22.549,22.549,22.549,100.0,0.0,False,persistent_overprediction,
country_model,TIMSS_G4,science,CYP,2023,M1,1,-22.323,22.323,22.323,100.0,0.0,False,persistent_overprediction,
country_model,TIMSS_G4,science,CYP,2023,M2,1,-24.4355,24.4355,24.4355,100.0,0.0,False,persistent_overprediction,
country_model,TIMSS_G4,science,CYP,2023,M3,1,-12.6419,12.6419,12.6419,100.0,0.0,False,persistent_overprediction,
country_model,TIMSS_G4,science,CZE,2019|2023,M0,2,14.2903,14.2903,14.2991,0.0,100.0,False,persistent_underprediction,
country_model,TIMSS_G4,science,CZE,2019|2023,M0A,2,5.2313,5.2313,5.2314,0.0,100.0,False,within_typical_band,
country_model,TIMSS_G4,science,CZE,2019|2023,M1,2,14.1401,14.1401,14.1451,0.0,100.0,False,persistent_underprediction,
country_model,TIMSS_G4,science,CZE,2019|2023,M2,2,-4.2694,4.2694,4.6472,100.0,0.0,False,within_typical_band,
country_model,TIMSS_G4,science,CZE,2019|2023,M3,2,27.6021,27.6021,27.6369,0.0,100.0,False,persistent_underprediction,
country_model,TIMSS_G4,science,DEU,2015|2019|2023,M0,3,15.0191,15.0191,18.9603,0.0,100.0,False,persistent_underprediction,
country_model,TIMSS_G4,science,DEU,2015|2019|2023,M0A,3,9.4209,11.4924,18.1587,66.67,33.33,False,within_typical_band,
country_model,TIMSS_G4,science,DEU,2015|2019|2023,M1,3,15.1049,15.1049,18.9951,0.0,100.0,False,persistent_underprediction,
country_model,TIMSS_G4,science,DEU,2019|2023,M2,2,-6.4947,6.4947,6.4986,100.0,0.0,False,within_typical_band,
country_model,TIMSS_G4,science,DEU,2015|2019|2023,M3,3,23.3774,23.3774,24.2229,0.0,100.0,False,persistent_underprediction,
country_model,TIMSS_G4,science,DNK,2015|2019,M0,2,22.6617,22.6617,23.7994,0.0,100.0,False,persistent_underprediction,
country_model,TIMSS_G4,science,DNK,2015|2019,M0A,2,20.905,20.905,22.7708,0.0,100.0,False,persistent_underprediction,
country_model,TIMSS_G4,science,DNK,2015|2019,M1,2,21.8985,21.8985,23.3256,0.0,100.0,False,persistent_underprediction,
country_model,TIMSS_G4,science,DNK,2019,M2,1,-6.8002,6.8002,6.8002,100.0,0.0,False,within_typical_band,
country_model,TIMSS_G4,science,DNK,2015|2019,M3,2,25.4372,25.4372,25.8313,0.0,100.0,False,persistent_underprediction,
country_model,TIMSS_G4,science,ENG,2003,M2,1,39.1749,39.1749,39.1749,0.0,100.0,False,persistent_underprediction,
country_model,TIMSS_G4,science,ESP,2019|2023,M0,2,2.9984,3.4932,4.6036,50.0,50.0,False,within_typical_band,
country_model,TIMSS_G4,science,ESP,2019|2023,M0A,2,-3.2856,3.3154,4.6677,50.0,50.0,False,within_typical_band,
country_model,TIMSS_G4,science,ESP,2019|2023,M1,2,2.8804,3.375,4.437,50.0,50.0,False,within_typical_band,
country_model,TIMSS_G4,science,ESP,2019|2023,M2,2,-7.0796,7.0796,7.3516,100.0,0.0,False,within_typical_band,
country_model,TIMSS_G4,science,ESP,2019|2023,M3,2,9.1128,9.1128,10.2534,0.0,100.0,False,within_typical_band,
country_model,TIMSS_G4,science,FIN,2015|2019|2023,M0,3,22.5722,26.5493,30.2816,33.33,66.67,False,persistent_underprediction,
country_model,TIMSS_G4,science,FIN,2015|2019|2023,M0A,3,12.3491,12.3491,14.8433,0.0,100.0,False,persistent_underprediction,
country_model,TIMSS_G4,science,FIN,2015|2019|2023,M1,3,21.6396,26.2305,29.5861,33.33,66.67,False,persistent_underprediction,
country_model,TIMSS_G4,science,FIN,2015|2019|2023,M2,3,-9.3873,9.3873,11.0805,100.0,0.0,False,within_typical_band,
country_model,TIMSS_G4,science,FIN,2015|2019|2023,M3,3,50.5581,50.5581,50.9123,0.0,100.0,False,persistent_underprediction,
country_model,TIMSS_G4,science,FRA,2019|2023,M0,2,-10.6723,10.6723,11.2727,100.0,0.0,False,persistent_overprediction,
country_model,TIMSS_G4,science,FRA,2019|2023,M0A,2,-8.0792,8.0792,9.7811,100.0,0.0,False,within_typical_band,
country_model,TIMSS_G4,science,FRA,2019|2023,M1,2,-10.8076,10.8076,11.4633,100.0,0.0,False,persistent_overprediction,
country_model,TIMSS_G4,science,FRA,2023,M2,1,5.2964,5.2964,5.2964,0.0,100.0,False,within_typical_band,
country_model,TIMSS_G4,science,FRA,2019|2023,M3,2,-13.9703,13.9703,14.1885,100.0,0.0,False,persistent_overprediction,
country_model,TIMSS_G4,science,GEO,2015|2019,M0,2,-18.1927,18.1927,18.2314,100.0,0.0,False,persistent_overprediction,
country_model,TIMSS_G4,science,GEO,2015|2019,M0A,2,-24.9215,24.9215,32.5445,100.0,0.0,False,persistent_overprediction,
country_model,TIMSS_G4,science,GEO,2015|2019,M1,2,-19.4215,19.4215,19.4708,100.0,0.0,False,persistent_overprediction,
country_model,TIMSS_G4,science,GEO,2019,M2,1,10.9231,10.9231,10.9231,0.0,100.0,False,persistent_underprediction,
country_model,TIMSS_G4,science,GEO,2015|2019,M3,2,-41.4849,41.4849,41.7141,100.0,0.0,False,persistent_overprediction,
country_model,TIMSS_G4,science,HKG,2011|2015|2019|2023,M0,4,7.4326,25.4032,27.9097,50.0,50.0,False,within_typical_band,
country_model,TIMSS_G4,science,HKG,2011|2015|2019|2023,M0A,4,23.3917,23.3917,23.9768,0.0,100.0,False,persistent_underprediction,
country_model,TIMSS_G4,science,HKG,2011|2015|2019|2023,M1,4,8.2398,23.8757,26.744,50.0,50.0,False,within_typical_band,
country_model,TIMSS_G4,science,HKG,2003|2015|2019|2023,M2,4,17.2737,28.1833,33.5847,25.0,75.0,False,persistent_underprediction,
country_model,TIMSS_G4,science,HKG,2011|2015|2019|2023,M3,4,49.6936,49.6936,53.1019,0.0,100.0,False,persistent_underprediction,
country_model,TIMSS_G4,science,HRV,2015|2019,M0,2,23.8658,23.8658,26.9316,0.0,100.0,False,persistent_underprediction,
country_model,TIMSS_G4,science,HRV,2015|2019,M0A,2,17.7001,18.6451,25.7086,50.0,50.0,False,persistent_underprediction,
country_model,TIMSS_G4,science,HRV,2015|2019,M1,2,23.9171,23.9171,26.9534,0.0,100.0,False,persistent_underprediction,
country_model,TIMSS_G4,science,HRV,2019,M2,1,-9.8237,9.8237,9.8237,100.0,0.0,False,within_typical_band,
country_model,TIMSS_G4,science,HRV,2015|2019,M3,2,30.3383,30.3383,30.9273,0.0,100.0,False,persistent_underprediction,
country_model,TIMSS_G4,science,HUN,2007|2011|2015|2019,M0,4,0.5828,7.404,9.1051,75.0,25.0,False,within_typical_band,
country_model,TIMSS_G4,science,HUN,2007|2011|2015|2019,M0A,4,-4.8323,7.0593,8.1746,75.0,25.0,False,within_typical_band,
country_model,TIMSS_G4,science,HUN,2007|2011|2015|2019,M1,4,0.4051,7.5268,9.1377,75.0,25.0,False,within_typical_band,
country_model,TIMSS_G4,science,HUN,2007|2011|2015|2019,M2,4,0.2108,6.8342,7.6384,50.0,50.0,False,within_typical_band,
country_model,TIMSS_G4,science,HUN,2007|2011|2015|2019,M3,4,23.541,23.541,25.0748,0.0,100.0,False,persistent_underprediction,
country_model,TIMSS_G4,science,IDN,2015,M0,1,-62.6215,62.6215,62.6215,100.0,0.0,False,persistent_overprediction,
country_model,TIMSS_G4,science,IDN,2015,M0A,1,-100.4303,100.4303,100.4303,100.0,0.0,False,persistent_overprediction,
country_model,TIMSS_G4,science,IDN,2015,M1,1,-66.2621,66.2621,66.2621,100.0,0.0,False,persistent_overprediction,
country_model,TIMSS_G4,science,IDN,2015,M3,1,-100.4303,100.4303,100.4303,100.0,0.0,False,persistent_overprediction,
country_model,TIMSS_G4,science,IRL,2015|2019|2023,M0,3,9.0418,16.8623,17.406,33.33,66.67,False,within_typical_band,
country_model,TIMSS_G4,science,IRL,2015|2019|2023,M0A,3,11.4658,11.4658,12.2544,0.0,100.0,False,persistent_underprediction,
country_model,TIMSS_G4,science,IRL,2015|2019|2023,M1,3,8.8124,16.7646,17.2493,33.33,66.67,False,within_typical_band,
country_model,TIMSS_G4,science,IRL,2015|2019|2023,M2,3,5.2815,5.8852,7.7596,33.33,66.67,False,within_typical_band,
country_model,TIMSS_G4,science,IRL,2015|2019|2023,M3,3,30.9122,30.9122,30.953,0.0,100.0,False,persistent_underprediction,
country_model,TIMSS_G4,science,IRN,2015|2019,M0,2,-31.0472,31.0472,37.9944,100.0,0.0,False,persistent_overprediction,
country_model,TIMSS_G4,science,IRN,2015|2019,M0A,2,-35.6716,35.6716,41.7734,100.0,0.0,False,persistent_overprediction,
country_model,TIMSS_G4,science,IRN,2015|2019,M1,2,-32.3401,32.3401,40.1353,100.0,0.0,False,persistent_overprediction,
country_model,TIMSS_G4,science,IRN,2019,M2,1,19.8188,19.8188,19.8188,0.0,100.0,False,persistent_underprediction,
country_model,TIMSS_G4,science,IRN,2015|2019,M3,2,-44.1438,44.1438,44.195,100.0,0.0,False,persistent_overprediction,
country_model,TIMSS_G4,science,ITA,2007|2011|2015|2019|2023,M0,5,1.1007,3.7809,4.173,40.0,60.0,False,within_typical_band,
country_model,TIMSS_G4,science,ITA,2007|2011|2015|2019|2023,M0A,5,-2.2396,6.8332,8.1909,40.0,60.0,False,within_typical_band,
country_model,TIMSS_G4,science,ITA,2007|2011|2015|2019|2023,M1,5,1.2568,3.7984,4.2122,40.0,60.0,False,within_typical_band,
country_model,TIMSS_G4,science,ITA,2007|2011|2015|2019|2023,M2,5,-1.0176,9.2751,11.1067,60.0,40.0,False,within_typical_band,
country_model,TIMSS_G4,science,ITA,2007|2011|2015|2019|2023,M3,5,27.5232,27.5232,37.5499,0.0,100.0,False,persistent_underprediction,
country_model,TIMSS_G4,science,JOR,2023,M0,1,-52.0809,52.0809,52.0809,100.0,0.0,False,persistent_overprediction,
country_model,TIMSS_G4,science,JOR,2023,M0A,1,-81.9375,81.9375,81.9375,100.0,0.0,False,persistent_overprediction,
country_model,TIMSS_G4,science,JOR,2023,M1,1,-52.7164,52.7164,52.7164,100.0,0.0,False,persistent_overprediction,
country_model,TIMSS_G4,science,JOR,2023,M3,1,-81.9375,81.9375,81.9375,100.0,0.0,False,persistent_overprediction,
country_model,TIMSS_G4,science,JPN,2015,M0,1,25.2506,25.2506,25.2506,0.0,100.0,False,persistent_underprediction,
country_model,TIMSS_G4,science,JPN,2015,M0A,1,27.6137,27.6137,27.6137,0.0,100.0,False,persistent_underprediction,
country_model,TIMSS_G4,science,JPN,2015,M1,1,28.1638,28.1638,28.1638,0.0,100.0,False,persistent_underprediction,
country_model,TIMSS_G4,science,JPN,2003,M2,1,15.9036,15.9036,15.9036,0.0,100.0,False,persistent_underprediction,
country_model,TIMSS_G4,science,JPN,2015,M3,1,1.192,1.192,1.192,0.0,100.0,False,within_typical_band,
country_model,TIMSS_G4,science,KAZ,2011|2015|2019|2023,M0,4,-27.8062,45.0514,46.6727,75.0,25.0,False,persistent_overprediction,
country_model,TIMSS_G4,science,KAZ,2011|2015|2019|2023,M0A,4,-30.4612,34.7585,38.6126,75.0,25.0,False,persistent_overprediction,
country_model,TIMSS_G4,science,KAZ,2011|2015|2019|2023,M1,4,-27.9977,45.0353,46.7777,75.0,25.0,False,persistent_overprediction,
country_model,TIMSS_G4,science,KAZ,2011|2015|2019|2023,M2,4,-16.5751,44.087,45.6257,75.0,25.0,False,persistent_overprediction,
country_model,TIMSS_G4,science,KAZ,2011|2015|2019|2023,M3,4,-24.2278,24.2278,25.2992,100.0,0.0,False,persistent_overprediction,
country_model,TIMSS_G4,science,KOR,2015|2019|2023,M0,3,30.9145,37.7469,42.4936,33.33,66.67,False,persistent_underprediction,
country_model,TIMSS_G4,science,KOR,2015|2019|2023,M0A,3,48.3294,48.3294,57.4856,0.0,100.0,False,persistent_underprediction,
country_model,TIMSS_G4,science,KOR,2015|2019|2023,M1,3,33.2235,39.1684,44.8196,33.33,66.67,False,persistent_underprediction,
country_model,TIMSS_G4,science,KOR,2019|2023,M2,2,-3.0275,3.0275,3.3212,100.0,0.0,False,within_typical_band,
country_model,TIMSS_G4,science,KOR,2015|2019|2023,M3,3,88.0775,88.0775,88.1474,0.0,100.0,False,persistent_underprediction,
country_model,TIMSS_G4,science,KWT,2011|2015|2019|2023,M0,4,-61.5637,64.8282,77.0358,75.0,25.0,False,persistent_overprediction,
country_model,TIMSS_G4,science,KWT,2011|2015|2019|2023,M0A,4,-43.3067,43.3067,49.3257,100.0,0.0,False,persistent_overprediction,
country_model,TIMSS_G4,science,KWT,2011|2015|2019|2023,M1,4,-61.2469,63.9879,76.2378,75.0,25.0,False,persistent_overprediction,
country_model,TIMSS_G4,science,KWT,2011|2015|2019|2023,M2,4,6.2916,21.2495,29.5538,75.0,25.0,False,within_typical_band,
country_model,TIMSS_G4,science,KWT,2011|2015|2019|2023,M3,4,-139.8425,139.8425,141.9346,100.0,0.0,False,persistent_overprediction,
country_model,TIMSS_G4,science,LTU,2007|2011|2015|2019|2023,M0,5,-1.2331,10.6469,13.5386,60.0,40.0,False,within_typical_band,
country_model,TIMSS_G4,science,LTU,2007|2011|2015|2019|2023,M0A,5,3.3879,11.5077,12.2656,40.0,60.0,False,within_typical_band,
country_model,TIMSS_G4,science,LTU,2007|2011|2015|2019|2023,M1,5,-1.3933,10.5519,13.3748,60.0,40.0,False,within_typical_band,
country_model,TIMSS_G4,science,LTU,2011|2015|2019|2023,M2,4,5.6857,6.2513,8.3648,25.0,75.0,False,within_typical_band,
country_model,TIMSS_G4,science,LTU,2007|2011|2015|2019|2023,M3,5,18.6911,20.5833,25.266,20.0,80.0,False,persistent_underprediction,
country_model,TIMSS_G4,science,LVA,2007|2019|2023,M0,3,24.4573,24.4573,28.3125,0.0,100.0,False,persistent_underprediction,
country_model,TIMSS_G4,science,LVA,2007|2019|2023,M0A,3,20.4955,23.1914,28.0224,33.33,66.67,False,persistent_underprediction,
country_model,TIMSS_G4,science,LVA,2007|2019|2023,M1,3,24.4418,24.4418,28.3083,0.0,100.0,False,persistent_underprediction,
country_model,TIMSS_G4,science,LVA,2023,M2,1,-16.3125,16.3125,16.3125,100.0,0.0,False,persistent_overprediction,
country_model,TIMSS_G4,science,LVA,2007|2019|2023,M3,3,30.4833,30.4833,31.682,0.0,100.0,False,persistent_underprediction,
country_model,TIMSS_G4,science,MAR,2011|2015|2019,M0,3,-82.5703,87.4549,132.877,66.67,33.33,False,persistent_overprediction,
country_model,TIMSS_G4,science,MAR,2011|2015|2019,M0A,3,-62.516,90.1192,132.8773,66.67,33.33,False,persistent_overprediction,
country_model,TIMSS_G4,science,MAR,2011|2015|2019,M1,3,-82.6503,87.8664,132.7904,66.67,33.33,False,persistent_overprediction,
country_model,TIMSS_G4,science,MAR,2015|2019,M2,2,55.2056,55.2056,64.4958,0.0,100.0,False,persistent_underprediction,
country_model,TIMSS_G4,science,MAR,2011|2015|2019,M3,3,-88.7262,88.7262,92.0566,100.0,0.0,False,persistent_overprediction,
country_model,TIMSS_G4,science,MKD,2019,M0,1,-73.2441,73.2441,73.2441,100.0,0.0,False,persistent_overprediction,
country_model,TIMSS_G4,science,MKD,2019,M0A,1,-73.2441,73.2441,73.2441,100.0,0.0,False,persistent_overprediction,
country_model,TIMSS_G4,science,MKD,2019,M1,1,-73.2441,73.2441,73.2441,100.0,0.0,False,persistent_overprediction,
country_model,TIMSS_G4,science,MKD,2019,M3,1,-73.2441,73.2441,73.2441,100.0,0.0,False,persistent_overprediction,
country_model,TIMSS_G4,science,MLT,2011|2019,M0,2,-35.705,35.705,48.2419,100.0,0.0,False,persistent_overprediction,
country_model,TIMSS_G4,science,MLT,2011|2019,M0A,2,-35.3697,35.3697,47.7822,100.0,0.0,False,persistent_overprediction,
country_model,TIMSS_G4,science,MLT,2011|2019,M1,2,-35.2623,35.2623,48.3596,100.0,0.0,False,persistent_overprediction,
country_model,TIMSS_G4,science,MLT,2011|2019,M3,2,-35.3697,35.3697,47.7822,100.0,0.0,False,persistent_overprediction,
country_model,TIMSS_G4,science,MNE,2019|2023,M0,2,-34.5305,34.5305,36.3746,100.0,0.0,False,persistent_overprediction,
country_model,TIMSS_G4,science,MNE,2019|2023,M0A,2,-28.2689,28.2689,33.3511,100.0,0.0,False,persistent_overprediction,
country_model,TIMSS_G4,science,MNE,2019|2023,M1,2,-34.5151,34.5151,36.3648,100.0,0.0,False,persistent_overprediction,
country_model,TIMSS_G4,science,MNE,2023,M2,1,7.3575,7.3575,7.3575,0.0,100.0,False,within_typical_band,
country_model,TIMSS_G4,science,MNE,2019|2023,M3,2,-42.4561,42.4561,42.6008,100.0,0.0,False,persistent_overprediction,
country_model,TIMSS_G4,science,NIR,2015|2019,M0,2,14.5308,14.5308,16.6556,0.0,100.0,False,persistent_underprediction,
country_model,TIMSS_G4,science,NIR,2015|2019,M0A,2,14.5485,14.5485,16.6624,0.0,100.0,False,persistent_underprediction,
country_model,TIMSS_G4,science,NIR,2015|2019,M1,2,14.1332,14.1332,16.5119,0.0,100.0,False,persistent_underprediction,
country_model,TIMSS_G4,science,NIR,2019,M2,1,-1.2765,1.2765,1.2765,100.0,0.0,False,within_typical_band,
country_model,TIMSS_G4,science,NIR,2015|2019,M3,2,20.9378,20.9378,21.0094,0.0,100.0,False,persistent_underprediction,
country_model,TIMSS_G4,science,NLD,2007|2011|2015|2019|2023,M0,5,-1.5747,9.0885,9.7789,40.0,60.0,False,within_typical_band,
country_model,TIMSS_G4,science,NLD,2007|2011|2015|2019|2023,M0A,5,-4.8262,7.1902,9.3648,60.0,40.0,False,within_typical_band,
country_model,TIMSS_G4,science,NLD,2007|2011|2015|2019|2023,M1,5,-1.7149,8.9241,9.668,40.0,60.0,False,within_typical_band,
country_model,TIMSS_G4,science,NLD,2003|2007|2011|2015|2019|2023,M2,6,2.3211,7.8034,11.2142,50.0,50.0,False,within_typical_band,
country_model,TIMSS_G4,science,NLD,2007|2011|2015|2019|2023,M3,5,15.3526,15.3526,16.3573,0.0,100.0,False,persistent_underprediction,
country_model,TIMSS_G4,science,NOR,2007|2015|2019|2023,M0,4,12.7588,25.7768,28.8584,25.0,75.0,False,persistent_underprediction,
country_model,TIMSS_G4,science,NOR,2007|2015|2019|2023,M0A,4,12.2052,21.5009,25.3171,25.0,75.0,False,persistent_underprediction,
country_model,TIMSS_G4,science,NOR,2007|2015|2019|2023,M1,4,12.3537,25.3698,28.3035,25.0,75.0,False,persistent_underprediction,
country_model,TIMSS_G4,science,NOR,2003|2007|2019|2023,M2,4,1.9147,5.9386,6.91,25.0,75.0,False,within_typical_band,
country_model,TIMSS_G4,science,NOR,2007|2015|2019|2023,M3,4,17.0311,38.2236,38.4791,25.0,75.0,False,persistent_underprediction,
country_model,TIMSS_G4,science,NZL,2007|2015|2019|2023,M0,4,-1.0904,11.7435,14.707,25.0,75.0,False,within_typical_band,
country_model,TIMSS_G4,science,NZL,2007|2015|2019|2023,M0A,4,-2.2233,14.5685,18.6157,25.0,75.0,False,within_typical_band,
country_model,TIMSS_G4,science,NZL,2007|2015|2019|2023,M1,4,-1.4119,11.423,14.5684,25.0,75.0,False,within_typical_band,
country_model,TIMSS_G4,science,NZL,2003|2007|2019|2023,M2,4,9.5467,18.8321,23.7021,50.0,50.0,False,within_typical_band,
country_model,TIMSS_G4,science,NZL,2007|2015|2019|2023,M3,4,3.5653,11.0003,12.3191,25.0,75.0,False,within_typical_band,
country_model,TIMSS_G4,science,OMN,2011|2015|2019|2023,M0,4,-59.5013,59.5013,79.4364,100.0,0.0,False,persistent_overprediction,
country_model,TIMSS_G4,science,OMN,2011|2015|2019|2023,M0A,4,-47.0836,50.8485,71.4725,75.0,25.0,False,persistent_overprediction,
country_model,TIMSS_G4,science,OMN,2011|2015|2019|2023,M1,4,-59.3631,59.3631,79.1181,100.0,0.0,False,persistent_overprediction,
country_model,TIMSS_G4,science,OMN,2015|2019|2023,M2,3,18.5478,20.0777,31.2707,33.33,66.67,False,persistent_underprediction,
country_model,TIMSS_G4,science,OMN,2011|2015|2019|2023,M3,4,-83.4393,83.4393,88.8538,100.0,0.0,False,persistent_overprediction,
country_model,TIMSS_G4,science,POL,2019|2023,M0,2,35.1043,35.1043,35.2842,0.0,100.0,False,persistent_underprediction,
country_model,TIMSS_G4,science,POL,2019|2023,M0A,2,29.533,29.533,29.6015,0.0,100.0,False,persistent_underprediction,
country_model,TIMSS_G4,science,POL,2019|2023,M1,2,35.0975,35.0975,35.2768,0.0,100.0,False,persistent_underprediction,
country_model,TIMSS_G4,science,POL,2023,M2,1,19.0117,19.0117,19.0117,0.0,100.0,False,persistent_underprediction,
country_model,TIMSS_G4,science,POL,2019|2023,M3,2,40.8824,40.8824,41.935,0.0,100.0,False,persistent_underprediction,
country_model,TIMSS_G4,science,PRT,2015|2019,M0,2,2.4502,8.5092,8.8549,50.0,50.0,False,within_typical_band,
country_model,TIMSS_G4,science,PRT,2015|2019,M0A,2,1.861,9.0984,9.2868,50.0,50.0,False,within_typical_band,
country_model,TIMSS_G4,science,PRT,2015|2019,M1,2,2.6029,8.3565,8.7525,50.0,50.0,False,within_typical_band,
country_model,TIMSS_G4,science,PRT,2019,M2,1,-1.5952,1.5952,1.5952,100.0,0.0,False,within_typical_band,
country_model,TIMSS_G4,science,PRT,2015|2019,M3,2,9.0668,9.0668,9.2622,0.0,100.0,False,within_typical_band,
country_model,TIMSS_G4,science,QAT,2011|2015|2019|2023,M0,4,3.9863,17.6596,22.32,50.0,50.0,False,within_typical_band,
country_model,TIMSS_G4,science,QAT,2011|2015|2019|2023,M0A,4,-0.7679,26.5454,36.588,75.0,25.0,False,within_typical_band,
country_model,TIMSS_G4,science,QAT,2011|2015|2019|2023,M1,4,2.8808,18.0898,22.9631,50.0,50.0,False,within_typical_band,
country_model,TIMSS_G4,science,QAT,2011|2015|2019|2023,M2,4,44.4351,44.4351,55.6192,0.0,100.0,False,persistent_underprediction,
country_model,TIMSS_G4,science,QAT,2011|2015|2019|2023,M3,4,-81.8831,81.8831,94.5767,100.0,0.0,False,persistent_overprediction,
country_model,TIMSS_G4,science,ROM,2011,M0,1,8.1207,8.1207,8.1207,0.0,100.0,False,within_typical_band,
country_model,TIMSS_G4,science,ROM,2011,M0A,1,6.2841,6.2841,6.2841,0.0,100.0,False,within_typical_band,
country_model,TIMSS_G4,science,ROM,2011,M1,1,8.1595,8.1595,8.1595,0.0,100.0,False,within_typical_band,
country_model,TIMSS_G4,science,ROM,2011,M3,1,69.9979,69.9979,69.9979,0.0,100.0,False,persistent_underprediction,
country_model,TIMSS_G4,science,RUS,2011|2019,M0,2,38.1526,38.1526,38.1811,0.0,100.0,False,persistent_underprediction,
country_model,TIMSS_G4,science,RUS,2011|2019,M0A,2,53.692,53.692,55.6596,0.0,100.0,False,persistent_underprediction,
country_model,TIMSS_G4,science,RUS,2011|2019,M1,2,37.5194,37.5194,37.5825,0.0,100.0,False,persistent_underprediction,
country_model,TIMSS_G4,science,RUS,2011|2019,M3,2,45.2043,45.2043,45.6249,0.0,100.0,False,persistent_underprediction,
country_model,TIMSS_G4,science,SAU,2011|2019|2023,M0,3,-34.324,39.8748,51.0319,66.67,33.33,False,persistent_overprediction,
country_model,TIMSS_G4,science,SAU,2011|2019|2023,M0A,3,-56.2476,56.2476,65.3499,100.0,0.0,False,persistent_overprediction,
country_model,TIMSS_G4,science,SAU,2011|2019|2023,M1,3,-34.5183,39.6057,50.7259,66.67,33.33,False,persistent_overprediction,
country_model,TIMSS_G4,science,SAU,2023,M2,1,25.343,25.343,25.343,0.0,100.0,False,persistent_underprediction,
country_model,TIMSS_G4,science,SAU,2011|2019|2023,M3,3,-56.7737,56.7737,63.2819,100.0,0.0,False,persistent_overprediction,
country_model,TIMSS_G4,science,SCO,2003,M2,1,15.739,15.739,15.739,0.0,100.0,False,persistent_underprediction,
country_model,TIMSS_G4,science,SGP,2011|2019|2023,M0,3,31.8632,44.5867,51.0768,33.33,66.67,False,persistent_underprediction,
country_model,TIMSS_G4,science,SGP,2011|2019|2023,M0A,3,75.53,75.53,81.3636,0.0,100.0,False,persistent_underprediction,
country_model,TIMSS_G4,science,SGP,2011|2019|2023,M1,3,31.9783,44.5602,50.9943,33.33,66.67,False,persistent_underprediction,
country_model,TIMSS_G4,science,SGP,2023,M2,1,10.525,10.525,10.525,0.0,100.0,False,persistent_underprediction,
country_model,TIMSS_G4,science,SGP,2011|2019|2023,M3,3,97.3164,97.3164,99.2478,0.0,100.0,False,persistent_underprediction,
country_model,TIMSS_G4,science,SRB,2015|2019|2023,M0,3,9.5735,9.5735,11.9082,0.0,100.0,False,within_typical_band,
country_model,TIMSS_G4,science,SRB,2015|2019|2023,M0A,3,2.4033,6.0949,7.7108,66.67,33.33,False,within_typical_band,
country_model,TIMSS_G4,science,SRB,2015|2019|2023,M1,3,9.4501,9.4501,11.7154,0.0,100.0,False,within_typical_band,
country_model,TIMSS_G4,science,SRB,2015|2019|2023,M2,3,-1.8826,7.8836,7.9264,66.67,33.33,False,within_typical_band,
country_model,TIMSS_G4,science,SRB,2015|2019|2023,M3,3,18.4224,18.4224,19.7203,0.0,100.0,False,persistent_underprediction,
country_model,TIMSS_G4,science,SVK,2007|2011|2015|2019|2023,M0,5,8.5924,9.9872,10.8146,20.0,80.0,False,within_typical_band,
country_model,TIMSS_G4,science,SVK,2007|2011|2015|2019|2023,M0A,5,1.4186,5.3111,5.8252,40.0,60.0,False,within_typical_band,
country_model,TIMSS_G4,science,SVK,2007|2011|2015|2019|2023,M1,5,8.478,9.8819,10.682,20.0,80.0,False,within_typical_band,
country_model,TIMSS_G4,science,SVK,2011|2015|2019|2023,M2,4,-1.2747,5.595,6.6628,50.0,50.0,False,within_typical_band,
country_model,TIMSS_G4,science,SVK,2007|2011|2015|2019|2023,M3,5,17.6763,17.6763,18.5847,0.0,100.0,False,persistent_underprediction,
country_model,TIMSS_G4,science,SVN,2007|2011|2015,M0,3,9.356,17.244,22.5986,33.33,66.67,False,within_typical_band,
country_model,TIMSS_G4,science,SVN,2007|2011|2015,M0A,3,6.1423,15.106,17.9693,33.33,66.67,False,within_typical_band,
country_model,TIMSS_G4,science,SVN,2007|2011|2015,M1,3,9.2354,17.1239,22.404,33.33,66.67,False,within_typical_band,
country_model,TIMSS_G4,science,SVN,2003|2007|2011|2015,M2,4,12.3512,13.753,17.9858,25.0,75.0,False,persistent_underprediction,
country_model,TIMSS_G4,science,SVN,2007|2011|2015,M3,3,17.2971,17.6592,26.5632,33.33,66.67,False,persistent_underprediction,
country_model,TIMSS_G4,science,SWE,2007|2011|2015|2019,M0,4,14.2816,16.2855,20.2682,25.0,75.0,False,persistent_underprediction,
country_model,TIMSS_G4,science,SWE,2007|2011|2015|2019,M0A,4,6.8483,9.6748,10.7067,25.0,75.0,False,within_typical_band,
country_model,TIMSS_G4,science,SWE,2007|2011|2015|2019,M1,4,13.9653,15.9199,19.8568,25.0,75.0,False,persistent_underprediction,
country_model,TIMSS_G4,science,SWE,2011|2015|2019,M2,3,1.6614,8.5942,8.7252,33.33,66.67,False,within_typical_band,
country_model,TIMSS_G4,science,SWE,2007|2011|2015|2019,M3,4,24.9095,24.9095,28.4119,0.0,100.0,False,persistent_underprediction,
country_model,TIMSS_G4,science,THA,2011,M0,1,-9.9806,9.9806,9.9806,100.0,0.0,False,within_typical_band,
country_model,TIMSS_G4,science,THA,2011,M0A,1,-14.4759,14.4759,14.4759,100.0,0.0,False,persistent_overprediction,
country_model,TIMSS_G4,science,THA,2011,M1,1,-9.719,9.719,9.719,100.0,0.0,False,within_typical_band,
country_model,TIMSS_G4,science,THA,2011,M3,1,107.7254,107.7254,107.7254,0.0,100.0,False,persistent_underprediction,
country_model,TIMSS_G4,science,TUN,2007|2011,M0,2,-58.6224,58.6224,78.201,100.0,0.0,False,persistent_overprediction,
country_model,TIMSS_G4,science,TUN,2007|2011,M0A,2,-29.7095,29.7095,39.1577,100.0,0.0,False,persistent_overprediction,
country_model,TIMSS_G4,science,TUN,2007|2011,M1,2,-58.5369,58.5369,78.1871,100.0,0.0,False,persistent_overprediction,
country_model,TIMSS_G4,science,TUN,2007|2011,M2,2,15.8089,15.8089,19.4456,0.0,100.0,False,persistent_underprediction,
country_model,TIMSS_G4,science,TUN,2007|2011,M3,2,-141.7805,141.7805,153.4443,100.0,0.0,False,persistent_overprediction,
country_model,TIMSS_G4,science,TUR,2015|2019|2023,M0,3,37.4127,37.4127,41.4377,0.0,100.0,False,persistent_underprediction,
country_model,TIMSS_G4,science,TUR,2015|2019|2023,M0A,3,49.8493,49.8493,50.746,0.0,100.0,False,persistent_underprediction,
country_model,TIMSS_G4,science,TUR,2015|2019|2023,M1,3,36.51,36.51,40.5819,0.0,100.0,False,persistent_underprediction,
country_model,TIMSS_G4,science,TUR,2019|2023,M2,2,43.3568,43.3568,43.3623,0.0,100.0,False,persistent_underprediction,
country_model,TIMSS_G4,science,TUR,2015|2019|2023,M3,3,70.8414,70.8414,70.8746,0.0,100.0,False,persistent_underprediction,
country_model,TIMSS_G4,science,TWN,2007|2011|2015|2019|2023,M0,5,1.674,13.38,18.7246,60.0,40.0,False,within_typical_band,
country_model,TIMSS_G4,science,TWN,2007|2011|2015|2019|2023,M0A,5,13.1885,17.8705,20.7597,40.0,60.0,False,persistent_underprediction,
country_model,TIMSS_G4,science,TWN,2007|2011|2015|2019|2023,M1,5,2.5495,12.2171,18.0508,40.0,60.0,False,within_typical_band,
country_model,TIMSS_G4,science,TWN,2007|2011|2015|2019|2023,M2,5,4.2504,6.2478,7.6823,20.0,80.0,False,within_typical_band,
country_model,TIMSS_G4,science,TWN,2007|2011|2015|2019|2023,M3,5,62.791,62.791,64.8901,0.0,100.0,False,persistent_underprediction,
country_model,TIMSS_G4,science,USA,2015|2019,M0,2,19.4563,19.4563,19.5179,0.0,100.0,False,persistent_underprediction,
country_model,TIMSS_G4,science,USA,2015|2019,M0A,2,10.6149,10.6149,11.9383,0.0,100.0,False,persistent_underprediction,
country_model,TIMSS_G4,science,USA,2015|2019,M1,2,19.5074,19.5074,19.5761,0.0,100.0,False,persistent_underprediction,
country_model,TIMSS_G4,science,USA,2003|2015|2019,M2,3,5.0586,10.8227,13.5688,33.33,66.67,False,within_typical_band,
country_model,TIMSS_G4,science,USA,2015|2019,M3,2,43.392,43.392,43.729,0.0,100.0,False,persistent_underprediction,
country_model,TIMSS_G4,science,XKX,2023,M0,1,-70.8734,70.8734,70.8734,100.0,0.0,False,persistent_overprediction,
country_model,TIMSS_G4,science,XKX,2023,M0A,1,-41.605,41.605,41.605,100.0,0.0,False,persistent_overprediction,
country_model,TIMSS_G4,science,XKX,2023,M1,1,-70.8633,70.8633,70.8633,100.0,0.0,False,persistent_overprediction,
country_model,TIMSS_G4,science,XKX,2023,M2,1,-9.9423,9.9423,9.9423,100.0,0.0,False,within_typical_band,
country_model,TIMSS_G4,science,XKX,2023,M3,1,-96.5085,96.5085,96.5085,100.0,0.0,False,persistent_overprediction,
country_model,TIMSS_G4,science,ZAF,2019|2023,M0,2,-70.6481,70.6481,71.2685,100.0,0.0,False,persistent_overprediction,
country_model,TIMSS_G4,science,ZAF,2019|2023,M0A,2,-118.9498,118.9498,125.7118,100.0,0.0,False,persistent_overprediction,
country_model,TIMSS_G4,science,ZAF,2019|2023,M1,2,-68.8882,68.8882,69.4458,100.0,0.0,False,persistent_overprediction,
country_model,TIMSS_G4,science,ZAF,2023,M2,1,-16.3156,16.3156,16.3156,100.0,0.0,False,persistent_overprediction,
country_model,TIMSS_G4,science,ZAF,2019|2023,M3,2,-170.9549,170.9549,172.21,100.0,0.0,False,persistent_overprediction,
fold_model,ICCS,civic_knowledge,ALL,2022,M0,9,11.7145,20.6715,25.6402,33.33,66.67,False,fold_summary,validation_design=expanding_window_LOCO
fold_model,ICCS,civic_knowledge,ALL,2022,M1,9,11.6732,20.6474,25.6089,33.33,66.67,False,fold_summary,validation_design=expanding_window_LOCO
fold_model,ICILS,computer_literacy,ALL,2023,M0,10,-2.6602,12.4501,15.9053,50.0,50.0,False,fold_summary,validation_design=pooled_train_holdout_test
fold_model,ICILS,computer_literacy,ALL,2023,M1,10,-0.9758,11.6136,12.8981,50.0,50.0,False,fold_summary,validation_design=pooled_train_holdout_test
fold_model,PIAAC,literacy,ALL,2017,M0,15,2.0929,12.823,15.355,40.0,60.0,True,fold_summary,validation_design=single_transition_LOOCV
fold_model,PIAAC,literacy,ALL,2017,M1,15,2.0901,12.8169,15.3469,40.0,60.0,True,fold_summary,validation_design=single_transition_LOOCV
fold_model,PIAAC,numeracy,ALL,2017,M0,15,-1.2233,11.9962,13.6778,46.67,53.33,True,fold_summary,validation_design=single_transition_LOOCV
fold_model,PIAAC,numeracy,ALL,2017,M1,15,-1.2248,11.9976,13.6795,46.67,53.33,True,fold_summary,validation_design=single_transition_LOOCV
fold_model,PIRLS,reading,ALL,2006,M2,19,4.37,10.3874,15.1519,47.37,52.63,False,fold_summary,validation_design=expanding_window_LOCO
fold_model,PIRLS,reading,ALL,2011,M0,17,7.0401,16.667,29.6732,58.82,41.18,False,fold_summary,validation_design=expanding_window_LOCO
fold_model,PIRLS,reading,ALL,2011,M0A,17,7.0401,16.667,29.6732,58.82,41.18,False,fold_summary,validation_design=expanding_window_LOCO
fold_model,PIRLS,reading,ALL,2011,M1,17,7.0401,16.667,29.6732,58.82,41.18,False,fold_summary,validation_design=expanding_window_LOCO
fold_model,PIRLS,reading,ALL,2011,M2,17,11.8609,15.0949,25.4353,29.41,70.59,False,fold_summary,validation_design=expanding_window_LOCO
fold_model,PIRLS,reading,ALL,2011,M3,17,11.1852,31.4689,38.7684,17.65,82.35,False,fold_summary,validation_design=expanding_window_LOCO
fold_model,PIRLS,reading,ALL,2016,M0,33,-12.8106,22.8681,41.3202,57.58,42.42,False,fold_summary,validation_design=expanding_window_LOCO
fold_model,PIRLS,reading,ALL,2016,M0A,33,-12.8106,22.8681,41.3202,57.58,42.42,False,fold_summary,validation_design=expanding_window_LOCO
fold_model,PIRLS,reading,ALL,2016,M1,33,-12.8106,22.8681,41.3202,57.58,42.42,False,fold_summary,validation_design=expanding_window_LOCO
fold_model,PIRLS,reading,ALL,2016,M2,23,3.1933,8.773,10.2722,43.48,56.52,False,fold_summary,validation_design=expanding_window_LOCO
fold_model,PIRLS,reading,ALL,2016,M3,33,-8.3806,39.5985,54.0052,33.33,66.67,False,fold_summary,validation_design=expanding_window_LOCO
fold_model,PIRLS,reading,ALL,2021,M0,32,-10.0667,15.7919,21.5242,78.12,21.88,False,fold_summary,validation_design=expanding_window_LOCO
fold_model,PIRLS,reading,ALL,2021,M0A,32,-10.923,15.2828,19.8513,75.0,25.0,False,fold_summary,validation_design=expanding_window_LOCO
fold_model,PIRLS,reading,ALL,2021,M1,32,-10.0662,15.4919,20.7659,78.12,21.88,False,fold_summary,validation_design=expanding_window_LOCO
fold_model,PIRLS,reading,ALL,2021,M2,32,-5.6632,14.9345,18.4844,71.88,28.12,False,fold_summary,validation_design=expanding_window_LOCO
fold_model,PIRLS,reading,ALL,2021,M3,32,-13.2247,32.6042,42.2069,59.38,40.62,False,fold_summary,validation_design=expanding_window_LOCO
fold_model,PISA,mathematics,ALL,2022,M2,61,-10.3049,14.0279,16.7395,78.69,21.31,False,fold_summary,validation_design=expanding_window_LOCO
fold_model,PISA,mathematics,ALL,2025,M0,75,2.8979,10.0924,13.9422,38.67,61.33,False,fold_summary,validation_design=expanding_window_LOCO
fold_model,PISA,mathematics,ALL,2025,M0A,75,5.6174,9.7477,14.1208,30.67,69.33,False,fold_summary,validation_design=expanding_window_LOCO
fold_model,PISA,mathematics,ALL,2025,M1,75,3.0553,10.095,13.9229,38.67,61.33,False,fold_summary,validation_design=expanding_window_LOCO
fold_model,PISA,mathematics,ALL,2025,M2,75,-5.1562,11.1529,14.7576,80.0,20.0,False,fold_summary,validation_design=expanding_window_LOCO
fold_model,PISA,mathematics,ALL,2025,M3,75,7.9524,10.088,15.2581,22.67,77.33,False,fold_summary,validation_design=expanding_window_LOCO
fold_model,PISA,reading,ALL,2022,M2,61,-12.9185,16.3514,21.5206,81.97,18.03,False,fold_summary,validation_design=expanding_window_LOCO
fold_model,PISA,reading,ALL,2025,M0,75,-1.7899,11.9824,16.5315,48.0,52.0,False,fold_summary,validation_design=expanding_window_LOCO
fold_model,PISA,reading,ALL,2025,M0A,75,-1.7916,16.0811,20.8942,50.67,49.33,False,fold_summary,validation_design=expanding_window_LOCO
fold_model,PISA,reading,ALL,2025,M1,75,-1.2607,11.6862,16.0747,46.67,53.33,False,fold_summary,validation_design=expanding_window_LOCO
fold_model,PISA,reading,ALL,2025,M2,75,-9.5115,14.7625,18.9281,78.67,21.33,False,fold_summary,validation_design=expanding_window_LOCO
fold_model,PISA,reading,ALL,2025,M3,75,-18.6953,44.0791,53.3678,58.67,41.33,False,fold_summary,validation_design=expanding_window_LOCO
fold_model,PISA,science,ALL,2022,M2,61,-5.7194,12.081,16.8863,65.57,34.43,False,fold_summary,validation_design=expanding_window_LOCO
fold_model,PISA,science,ALL,2025,M0,76,10.3388,15.9035,20.0631,26.32,73.68,False,fold_summary,validation_design=expanding_window_LOCO
fold_model,PISA,science,ALL,2025,M0A,76,10.8513,17.1777,21.0588,27.63,72.37,False,fold_summary,validation_design=expanding_window_LOCO
fold_model,PISA,science,ALL,2025,M1,76,10.7362,16.0037,20.0627,26.32,73.68,False,fold_summary,validation_design=expanding_window_LOCO
fold_model,PISA,science,ALL,2025,M2,76,2.205,11.2579,17.4766,56.58,43.42,False,fold_summary,validation_design=expanding_window_LOCO
fold_model,PISA,science,ALL,2025,M3,76,-8.2462,43.4933,51.3507,53.95,46.05,False,fold_summary,validation_design=expanding_window_LOCO
fold_model,TIMSS,mathematics,ALL,1999,M2,15,8.8743,21.2238,24.2461,20.0,80.0,False,fold_summary,validation_design=expanding_window_LOCO
fold_model,TIMSS,mathematics,ALL,2003,M0,22,-25.1208,37.4612,47.7623,77.27,22.73,False,fold_summary,validation_design=expanding_window_LOCO
fold_model,TIMSS,mathematics,ALL,2003,M0A,22,-23.8692,43.1473,57.9873,77.27,22.73,False,fold_summary,validation_design=expanding_window_LOCO
fold_model,TIMSS,mathematics,ALL,2003,M1,22,-24.9332,38.0171,48.5923,77.27,22.73,False,fold_summary,validation_design=expanding_window_LOCO
fold_model,TIMSS,mathematics,ALL,2003,M2,22,-3.5933,17.2648,22.3409,54.55,45.45,False,fold_summary,validation_design=expanding_window_LOCO
fold_model,TIMSS,mathematics,ALL,2003,M3,22,-23.8692,43.1473,57.9873,77.27,22.73,False,fold_summary,validation_design=expanding_window_LOCO
fold_model,TIMSS,mathematics,ALL,2007,M0,22,-17.1327,30.1182,34.1359,81.82,18.18,False,fold_summary,validation_design=expanding_window_LOCO
fold_model,TIMSS,mathematics,ALL,2007,M0A,22,-26.5353,39.8054,58.0589,72.73,27.27,False,fold_summary,validation_design=expanding_window_LOCO
fold_model,TIMSS,mathematics,ALL,2007,M1,22,-17.8202,30.6123,34.9191,81.82,18.18,False,fold_summary,validation_design=expanding_window_LOCO
fold_model,TIMSS,mathematics,ALL,2007,M2,18,-5.1327,12.8275,16.3378,66.67,33.33,False,fold_summary,validation_design=expanding_window_LOCO
fold_model,TIMSS,mathematics,ALL,2007,M3,22,-22.8553,51.5702,69.8927,63.64,36.36,False,fold_summary,validation_design=expanding_window_LOCO
fold_model,TIMSS,mathematics,ALL,2011,M0,27,-2.3117,24.9166,35.231,55.56,44.44,False,fold_summary,validation_design=expanding_window_LOCO
fold_model,TIMSS,mathematics,ALL,2011,M0A,27,-20.9375,39.344,52.9234,74.07,25.93,False,fold_summary,validation_design=expanding_window_LOCO
fold_model,TIMSS,mathematics,ALL,2011,M1,27,-2.9851,25.0004,35.5689,55.56,44.44,False,fold_summary,validation_design=expanding_window_LOCO
fold_model,TIMSS,mathematics,ALL,2011,M2,21,11.691,21.2203,32.0601,33.33,66.67,False,fold_summary,validation_design=expanding_window_LOCO
fold_model,TIMSS,mathematics,ALL,2011,M3,27,-28.2573,51.7304,66.3434,66.67,33.33,False,fold_summary,validation_design=expanding_window_LOCO
fold_model,TIMSS,mathematics,ALL,2015,M0,32,-0.396,24.9938,33.3233,59.38,40.62,False,fold_summary,validation_design=expanding_window_LOCO
fold_model,TIMSS,mathematics,ALL,2015,M0A,32,-9.9917,36.4211,48.9537,56.25,43.75,False,fold_summary,validation_design=expanding_window_LOCO
fold_model,TIMSS,mathematics,ALL,2015,M1,32,-0.6473,25.0496,33.278,59.38,40.62,False,fold_summary,validation_design=expanding_window_LOCO
fold_model,TIMSS,mathematics,ALL,2015,M2,21,10.8913,16.8388,20.9087,23.81,76.19,False,fold_summary,validation_design=expanding_window_LOCO
fold_model,TIMSS,mathematics,ALL,2015,M3,32,-2.8569,53.3636,64.1267,46.88,53.12,False,fold_summary,validation_design=expanding_window_LOCO
fold_model,TIMSS,mathematics,ALL,2019,M0,34,13.4359,22.8343,30.6246,32.35,67.65,False,fold_summary,validation_design=expanding_window_LOCO
fold_model,TIMSS,mathematics,ALL,2019,M0A,34,14.2058,33.1817,49.3866,35.29,64.71,False,fold_summary,validation_design=expanding_window_LOCO
fold_model,TIMSS,mathematics,ALL,2019,M1,34,13.0553,22.6181,30.3866,32.35,67.65,False,fold_summary,validation_design=expanding_window_LOCO
fold_model,TIMSS,mathematics,ALL,2019,M2,24,7.838,13.356,17.6146,20.83,79.17,False,fold_summary,validation_design=expanding_window_LOCO
fold_model,TIMSS,mathematics,ALL,2019,M3,34,12.1044,45.4441,58.6794,41.18,58.82,False,fold_summary,validation_design=expanding_window_LOCO
fold_model,TIMSS,mathematics,ALL,2023,M0,31,-24.7893,26.9994,32.7314,83.87,16.13,False,fold_summary,validation_design=expanding_window_LOCO
fold_model,TIMSS,mathematics,ALL,2023,M0A,31,-6.3964,28.4146,38.308,61.29,38.71,False,fold_summary,validation_design=expanding_window_LOCO
fold_model,TIMSS,mathematics,ALL,2023,M1,31,-24.7008,26.9072,32.6291,87.1,12.9,False,fold_summary,validation_design=expanding_window_LOCO
fold_model,TIMSS,mathematics,ALL,2023,M2,26,-10.1306,15.4204,20.584,73.08,26.92,False,fold_summary,validation_design=expanding_window_LOCO
fold_model,TIMSS,mathematics,ALL,2023,M3,31,2.2144,44.1544,57.1304,45.16,54.84,False,fold_summary,validation_design=expanding_window_LOCO
fold_model,TIMSS,science,ALL,1999,M2,15,16.5012,23.7247,29.1402,13.33,86.67,False,fold_summary,validation_design=expanding_window_LOCO
fold_model,TIMSS,science,ALL,2003,M0,22,-22.981,30.6627,40.6087,72.73,27.27,False,fold_summary,validation_design=expanding_window_LOCO
fold_model,TIMSS,science,ALL,2003,M0A,22,-21.649,39.0022,54.5606,54.55,45.45,False,fold_summary,validation_design=expanding_window_LOCO
fold_model,TIMSS,science,ALL,2003,M1,22,-22.8707,30.8555,40.9676,72.73,27.27,False,fold_summary,validation_design=expanding_window_LOCO
fold_model,TIMSS,science,ALL,2003,M2,22,2.6393,19.1671,24.4917,54.55,45.45,False,fold_summary,validation_design=expanding_window_LOCO
fold_model,TIMSS,science,ALL,2003,M3,22,-21.649,39.0022,54.5606,54.55,45.45,False,fold_summary,validation_design=expanding_window_LOCO
fold_model,TIMSS,science,ALL,2007,M0,22,-12.5434,23.7994,29.1078,72.73,27.27,False,fold_summary,validation_design=expanding_window_LOCO
fold_model,TIMSS,science,ALL,2007,M0A,22,-22.3067,30.9022,52.0504,72.73,27.27,False,fold_summary,validation_design=expanding_window_LOCO
fold_model,TIMSS,science,ALL,2007,M1,22,-12.9781,23.8001,29.2638,72.73,27.27,False,fold_summary,validation_design=expanding_window_LOCO
fold_model,TIMSS,science,ALL,2007,M2,18,0.4131,17.7153,22.4412,55.56,44.44,False,fold_summary,validation_design=expanding_window_LOCO
fold_model,TIMSS,science,ALL,2007,M3,22,-18.7109,42.2584,60.0397,59.09,40.91,False,fold_summary,validation_design=expanding_window_LOCO
fold_model,TIMSS,science,ALL,2011,M0,27,-5.4404,24.6528,32.5114,59.26,40.74,False,fold_summary,validation_design=expanding_window_LOCO
fold_model,TIMSS,science,ALL,2011,M0A,27,-12.1642,33.4941,48.3201,55.56,44.44,False,fold_summary,validation_design=expanding_window_LOCO
fold_model,TIMSS,science,ALL,2011,M1,27,-6.2499,24.7202,32.7684,59.26,40.74,False,fold_summary,validation_design=expanding_window_LOCO
fold_model,TIMSS,science,ALL,2011,M2,21,4.0343,19.8908,29.925,42.86,57.14,False,fold_summary,validation_design=expanding_window_LOCO
fold_model,TIMSS,science,ALL,2011,M3,27,-21.3578,45.8268,60.4144,59.26,40.74,False,fold_summary,validation_design=expanding_window_LOCO
fold_model,TIMSS,science,ALL,2015,M0,32,2.6844,25.0891,32.6072,50.0,50.0,False,fold_summary,validation_design=expanding_window_LOCO
fold_model,TIMSS,science,ALL,2015,M0A,32,-7.7106,32.1704,42.3401,50.0,50.0,False,fold_summary,validation_design=expanding_window_LOCO
fold_model,TIMSS,science,ALL,2015,M1,32,2.3378,25.0997,32.593,50.0,50.0,False,fold_summary,validation_design=expanding_window_LOCO
fold_model,TIMSS,science,ALL,2015,M2,21,8.7701,18.8958,23.4612,33.33,66.67,False,fold_summary,validation_design=expanding_window_LOCO
fold_model,TIMSS,science,ALL,2015,M3,32,-0.0145,44.9434,54.0316,46.88,53.12,False,fold_summary,validation_design=expanding_window_LOCO
fold_model,TIMSS,science,ALL,2019,M0,34,5.9578,22.6435,29.5793,32.35,67.65,False,fold_summary,validation_design=expanding_window_LOCO
fold_model,TIMSS,science,ALL,2019,M0A,34,10.9556,31.4375,43.1009,32.35,67.65,False,fold_summary,validation_design=expanding_window_LOCO
fold_model,TIMSS,science,ALL,2019,M1,34,5.3039,22.1028,29.165,35.29,64.71,False,fold_summary,validation_design=expanding_window_LOCO
fold_model,TIMSS,science,ALL,2019,M2,24,2.895,15.8862,21.4275,37.5,62.5,False,fold_summary,validation_design=expanding_window_LOCO
fold_model,TIMSS,science,ALL,2019,M3,34,8.1232,40.3609,50.6862,38.24,61.76,False,fold_summary,validation_design=expanding_window_LOCO
fold_model,TIMSS,science,ALL,2023,M0,31,-21.2789,25.2717,33.7948,87.1,12.9,False,fold_summary,validation_design=expanding_window_LOCO
fold_model,TIMSS,science,ALL,2023,M0A,31,-9.6203,28.6214,38.4002,48.39,51.61,False,fold_summary,validation_design=expanding_window_LOCO
fold_model,TIMSS,science,ALL,2023,M1,31,-21.1469,25.0867,33.6295,87.1,12.9,False,fold_summary,validation_design=expanding_window_LOCO
fold_model,TIMSS,science,ALL,2023,M2,26,-9.1887,15.7333,21.4274,73.08,26.92,False,fold_summary,validation_design=expanding_window_LOCO
fold_model,TIMSS,science,ALL,2023,M3,31,-2.5183,44.7477,55.2433,45.16,54.84,False,fold_summary,validation_design=expanding_window_LOCO
fold_model,TIMSS_G4,mathematics,ALL,2003,M2,10,31.4594,34.4256,39.447,10.0,90.0,False,fold_summary,validation_design=expanding_window_LOCO
fold_model,TIMSS_G4,mathematics,ALL,2007,M0,16,-15.793,23.6348,27.0716,75.0,25.0,False,fold_summary,validation_design=expanding_window_LOCO
fold_model,TIMSS_G4,mathematics,ALL,2007,M0A,16,-13.629,23.0408,28.9376,75.0,25.0,False,fold_summary,validation_design=expanding_window_LOCO
fold_model,TIMSS_G4,mathematics,ALL,2007,M1,16,-15.9444,23.6919,27.0186,75.0,25.0,False,fold_summary,validation_design=expanding_window_LOCO
fold_model,TIMSS_G4,mathematics,ALL,2007,M2,12,8.1996,14.3758,18.4141,33.33,66.67,False,fold_summary,validation_design=expanding_window_LOCO
fold_model,TIMSS_G4,mathematics,ALL,2007,M3,16,-15.3186,29.0235,52.6788,68.75,31.25,False,fold_summary,validation_design=expanding_window_LOCO
fold_model,TIMSS_G4,mathematics,ALL,2011,M0,29,-21.3041,47.8117,67.9219,62.07,37.93,False,fold_summary,validation_design=expanding_window_LOCO
fold_model,TIMSS_G4,mathematics,ALL,2011,M0A,29,-18.2614,45.1072,63.5268,62.07,37.93,False,fold_summary,validation_design=expanding_window_LOCO
fold_model,TIMSS_G4,mathematics,ALL,2011,M1,29,-21.582,48.3224,68.6227,62.07,37.93,False,fold_summary,validation_design=expanding_window_LOCO
fold_model,TIMSS_G4,mathematics,ALL,2011,M2,19,9.5369,19.6114,33.4244,15.79,84.21,False,fold_summary,validation_design=expanding_window_LOCO
fold_model,TIMSS_G4,mathematics,ALL,2011,M3,29,-23.486,51.7983,73.6087,62.07,37.93,False,fold_summary,validation_design=expanding_window_LOCO
fold_model,TIMSS_G4,mathematics,ALL,2015,M0,37,6.0676,32.6294,41.8679,40.54,59.46,False,fold_summary,validation_design=expanding_window_LOCO
fold_model,TIMSS_G4,mathematics,ALL,2015,M0A,37,3.5923,43.4091,55.433,37.84,62.16,False,fold_summary,validation_design=expanding_window_LOCO
fold_model,TIMSS_G4,mathematics,ALL,2015,M1,37,5.7591,33.3785,42.7516,40.54,59.46,False,fold_summary,validation_design=expanding_window_LOCO
fold_model,TIMSS_G4,mathematics,ALL,2015,M2,21,10.7084,14.2128,19.4681,28.57,71.43,False,fold_summary,validation_design=expanding_window_LOCO
fold_model,TIMSS_G4,mathematics,ALL,2015,M3,37,6.1279,52.5138,64.5249,32.43,67.57,False,fold_summary,validation_design=expanding_window_LOCO
fold_model,TIMSS_G4,mathematics,ALL,2019,M0,51,13.6599,22.9939,30.3832,31.37,68.63,False,fold_summary,validation_design=expanding_window_LOCO
fold_model,TIMSS_G4,mathematics,ALL,2019,M0A,51,12.3489,31.5501,43.9777,37.25,62.75,False,fold_summary,validation_design=expanding_window_LOCO
fold_model,TIMSS_G4,mathematics,ALL,2019,M1,51,13.2617,22.4556,29.785,31.37,68.63,False,fold_summary,validation_design=expanding_window_LOCO
fold_model,TIMSS_G4,mathematics,ALL,2019,M2,36,1.4444,9.2101,13.1805,50.0,50.0,False,fold_summary,validation_design=expanding_window_LOCO
fold_model,TIMSS_G4,mathematics,ALL,2019,M3,51,7.4485,42.1805,54.6926,33.33,66.67,False,fold_summary,validation_design=expanding_window_LOCO
fold_model,TIMSS_G4,mathematics,ALL,2023,M0,42,-7.2843,17.2442,23.0217,59.52,40.48,False,fold_summary,validation_design=expanding_window_LOCO
fold_model,TIMSS_G4,mathematics,ALL,2023,M0A,42,3.4326,22.2353,30.0699,40.48,59.52,False,fold_summary,validation_design=expanding_window_LOCO
fold_model,TIMSS_G4,mathematics,ALL,2023,M1,42,-7.0487,17.0345,22.7151,59.52,40.48,False,fold_summary,validation_design=expanding_window_LOCO
fold_model,TIMSS_G4,mathematics,ALL,2023,M2,41,1.8646,11.2731,13.6192,46.34,53.66,False,fold_summary,validation_design=expanding_window_LOCO
fold_model,TIMSS_G4,mathematics,ALL,2023,M3,42,4.2999,41.3379,54.4818,38.1,61.9,False,fold_summary,validation_design=expanding_window_LOCO
fold_model,TIMSS_G4,science,ALL,2003,M2,10,22.4043,22.965,28.8311,10.0,90.0,False,fold_summary,validation_design=expanding_window_LOCO
fold_model,TIMSS_G4,science,ALL,2007,M0,16,-9.7956,15.8573,30.1837,62.5,37.5,False,fold_summary,validation_design=expanding_window_LOCO
fold_model,TIMSS_G4,science,ALL,2007,M0A,16,-7.9673,14.6534,19.842,62.5,37.5,False,fold_summary,validation_design=expanding_window_LOCO
fold_model,TIMSS_G4,science,ALL,2007,M1,16,-9.7967,15.8549,30.181,62.5,37.5,False,fold_summary,validation_design=expanding_window_LOCO
fold_model,TIMSS_G4,science,ALL,2007,M2,12,10.2949,13.9433,18.8088,25.0,75.0,False,fold_summary,validation_design=expanding_window_LOCO
fold_model,TIMSS_G4,science,ALL,2007,M3,16,-10.1747,27.2443,53.849,43.75,56.25,False,fold_summary,validation_design=expanding_window_LOCO
fold_model,TIMSS_G4,science,ALL,2011,M0,29,-25.7324,38.9119,63.1027,82.76,17.24,False,fold_summary,validation_design=expanding_window_LOCO
fold_model,TIMSS_G4,science,ALL,2011,M0A,29,-25.4051,38.4054,60.672,82.76,17.24,False,fold_summary,validation_design=expanding_window_LOCO
fold_model,TIMSS_G4,science,ALL,2011,M1,29,-25.6543,38.8047,62.9551,82.76,17.24,False,fold_summary,validation_design=expanding_window_LOCO
fold_model,TIMSS_G4,science,ALL,2011,M2,19,0.6045,16.1782,30.2672,52.63,47.37,False,fold_summary,validation_design=expanding_window_LOCO
fold_model,TIMSS_G4,science,ALL,2011,M3,29,-4.7535,55.0449,70.0967,34.48,65.52,False,fold_summary,validation_design=expanding_window_LOCO
fold_model,TIMSS_G4,science,ALL,2015,M0,36,3.6181,29.554,37.1985,33.33,66.67,False,fold_summary,validation_design=expanding_window_LOCO
fold_model,TIMSS_G4,science,ALL,2015,M0A,36,-0.1097,32.8738,42.8679,36.11,63.89,False,fold_summary,validation_design=expanding_window_LOCO
fold_model,TIMSS_G4,science,ALL,2015,M1,36,3.4574,29.8458,37.6918,30.56,69.44,False,fold_summary,validation_design=expanding_window_LOCO
fold_model,TIMSS_G4,science,ALL,2015,M2,21,14.2656,19.89,29.246,23.81,76.19,False,fold_summary,validation_design=expanding_window_LOCO
fold_model,TIMSS_G4,science,ALL,2015,M3,36,-5.0264,51.1988,64.1058,33.33,66.67,False,fold_summary,validation_design=expanding_window_LOCO
fold_model,TIMSS_G4,science,ALL,2019,M0,51,3.0566,20.794,27.7025,37.25,62.75,False,fold_summary,validation_design=expanding_window_LOCO
fold_model,TIMSS_G4,science,ALL,2019,M0A,51,2.4228,25.0282,39.8674,43.14,56.86,False,fold_summary,validation_design=expanding_window_LOCO
fold_model,TIMSS_G4,science,ALL,2019,M1,51,2.7578,20.5174,27.3854,39.22,60.78,False,fold_summary,validation_design=expanding_window_LOCO
fold_model,TIMSS_G4,science,ALL,2019,M2,35,-0.058,10.9029,17.5168,68.57,31.43,False,fold_summary,validation_design=expanding_window_LOCO
fold_model,TIMSS_G4,science,ALL,2019,M3,51,7.0222,42.1079,51.5527,35.29,64.71,False,fold_summary,validation_design=expanding_window_LOCO
fold_model,TIMSS_G4,science,ALL,2023,M0,42,-9.5716,21.3649,29.8464,57.14,42.86,False,fold_summary,validation_design=expanding_window_LOCO
fold_model,TIMSS_G4,science,ALL,2023,M0A,42,-3.0663,19.103,27.4972,52.38,47.62,False,fold_summary,validation_design=expanding_window_LOCO
fold_model,TIMSS_G4,science,ALL,2023,M1,42,-9.458,21.2061,29.7165,57.14,42.86,False,fold_summary,validation_design=expanding_window_LOCO
fold_model,TIMSS_G4,science,ALL,2023,M2,41,1.5831,11.6193,14.8474,46.34,53.66,False,fold_summary,validation_design=expanding_window_LOCO
fold_model,TIMSS_G4,science,ALL,2023,M3,42,-2.0931,44.4942,58.2773,42.86,57.14,False,fold_summary,validation_design=expanding_window_LOCO
m0_vs_m1,ICCS,civic_knowledge,ALL,2022,DELTA_M1_minus_M0,9,,-0.0241,,,,False,M1_better,ΔMAE=MAE_M1-MAE_M0=-0.0241; MAE_M0=20.6715; MAE_M1=20.6474
m0_vs_m1,ICILS,computer_literacy,ALL,2023,DELTA_M1_minus_M0,10,,-0.8365,,,,False,M1_better,ΔMAE=MAE_M1-MAE_M0=-0.8365; MAE_M0=12.4501; MAE_M1=11.6136
m0_vs_m1,PIAAC,literacy,ALL,2017,DELTA_M1_minus_M0,15,,-0.0061,,,,True,M1_better,ΔMAE=MAE_M1-MAE_M0=-0.0061; MAE_M0=12.8230; MAE_M1=12.8169
m0_vs_m1,PIAAC,numeracy,ALL,2017,DELTA_M1_minus_M0,15,,0.0014,,,,True,M0_better,ΔMAE=MAE_M1-MAE_M0=0.0014; MAE_M0=11.9962; MAE_M1=11.9976
m0_vs_m1,PIRLS,reading,ALL,2011,DELTA_M1_minus_M0,17,,0.0,,,,False,equivalent,ΔMAE=MAE_M1-MAE_M0=0.0000; MAE_M0=16.6670; MAE_M1=16.6670
m0_vs_m1,PIRLS,reading,ALL,2016,DELTA_M1_minus_M0,33,,0.0,,,,False,equivalent,ΔMAE=MAE_M1-MAE_M0=0.0000; MAE_M0=22.8681; MAE_M1=22.8681
m0_vs_m1,PIRLS,reading,ALL,2021,DELTA_M1_minus_M0,32,,-0.3,,,,False,M1_better,ΔMAE=MAE_M1-MAE_M0=-0.3000; MAE_M0=15.7919; MAE_M1=15.4919
m0_vs_m1,PISA,mathematics,ALL,2025,DELTA_M1_minus_M0,75,,0.0026,,,,False,M0_better,ΔMAE=MAE_M1-MAE_M0=0.0026; MAE_M0=10.0924; MAE_M1=10.0950
m0_vs_m1,PISA,reading,ALL,2025,DELTA_M1_minus_M0,75,,-0.2962,,,,False,M1_better,ΔMAE=MAE_M1-MAE_M0=-0.2962; MAE_M0=11.9824; MAE_M1=11.6862
m0_vs_m1,PISA,science,ALL,2025,DELTA_M1_minus_M0,76,,0.1002,,,,False,M0_better,ΔMAE=MAE_M1-MAE_M0=0.1002; MAE_M0=15.9035; MAE_M1=16.0037
m0_vs_m1,TIMSS,mathematics,ALL,2003,DELTA_M1_minus_M0,22,,0.5559,,,,False,M0_better,ΔMAE=MAE_M1-MAE_M0=0.5559; MAE_M0=37.4612; MAE_M1=38.0171
m0_vs_m1,TIMSS,mathematics,ALL,2007,DELTA_M1_minus_M0,22,,0.494,,,,False,M0_better,ΔMAE=MAE_M1-MAE_M0=0.4940; MAE_M0=30.1182; MAE_M1=30.6123
m0_vs_m1,TIMSS,mathematics,ALL,2011,DELTA_M1_minus_M0,27,,0.0838,,,,False,M0_better,ΔMAE=MAE_M1-MAE_M0=0.0838; MAE_M0=24.9166; MAE_M1=25.0004
m0_vs_m1,TIMSS,mathematics,ALL,2015,DELTA_M1_minus_M0,32,,0.0558,,,,False,M0_better,ΔMAE=MAE_M1-MAE_M0=0.0558; MAE_M0=24.9938; MAE_M1=25.0496
m0_vs_m1,TIMSS,mathematics,ALL,2019,DELTA_M1_minus_M0,34,,-0.2162,,,,False,M1_better,ΔMAE=MAE_M1-MAE_M0=-0.2162; MAE_M0=22.8343; MAE_M1=22.6181
m0_vs_m1,TIMSS,mathematics,ALL,2023,DELTA_M1_minus_M0,31,,-0.0922,,,,False,M1_better,ΔMAE=MAE_M1-MAE_M0=-0.0922; MAE_M0=26.9994; MAE_M1=26.9072
m0_vs_m1,TIMSS,science,ALL,2003,DELTA_M1_minus_M0,22,,0.1928,,,,False,M0_better,ΔMAE=MAE_M1-MAE_M0=0.1928; MAE_M0=30.6627; MAE_M1=30.8555
m0_vs_m1,TIMSS,science,ALL,2007,DELTA_M1_minus_M0,22,,0.0008,,,,False,M0_better,ΔMAE=MAE_M1-MAE_M0=0.0008; MAE_M0=23.7994; MAE_M1=23.8001
m0_vs_m1,TIMSS,science,ALL,2011,DELTA_M1_minus_M0,27,,0.0674,,,,False,M0_better,ΔMAE=MAE_M1-MAE_M0=0.0674; MAE_M0=24.6528; MAE_M1=24.7202
m0_vs_m1,TIMSS,science,ALL,2015,DELTA_M1_minus_M0,32,,0.0106,,,,False,M0_better,ΔMAE=MAE_M1-MAE_M0=0.0106; MAE_M0=25.0891; MAE_M1=25.0997
m0_vs_m1,TIMSS,science,ALL,2019,DELTA_M1_minus_M0,34,,-0.5407,,,,False,M1_better,ΔMAE=MAE_M1-MAE_M0=-0.5407; MAE_M0=22.6435; MAE_M1=22.1028
m0_vs_m1,TIMSS,science,ALL,2023,DELTA_M1_minus_M0,31,,-0.185,,,,False,M1_better,ΔMAE=MAE_M1-MAE_M0=-0.1850; MAE_M0=25.2717; MAE_M1=25.0867
m0_vs_m1,TIMSS_G4,mathematics,ALL,2007,DELTA_M1_minus_M0,16,,0.057,,,,False,M0_better,ΔMAE=MAE_M1-MAE_M0=0.0570; MAE_M0=23.6348; MAE_M1=23.6919
m0_vs_m1,TIMSS_G4,mathematics,ALL,2011,DELTA_M1_minus_M0,29,,0.5106,,,,False,M0_better,ΔMAE=MAE_M1-MAE_M0=0.5106; MAE_M0=47.8117; MAE_M1=48.3224
m0_vs_m1,TIMSS_G4,mathematics,ALL,2015,DELTA_M1_minus_M0,37,,0.7491,,,,False,M0_better,ΔMAE=MAE_M1-MAE_M0=0.7491; MAE_M0=32.6294; MAE_M1=33.3785
m0_vs_m1,TIMSS_G4,mathematics,ALL,2019,DELTA_M1_minus_M0,51,,-0.5384,,,,False,M1_better,ΔMAE=MAE_M1-MAE_M0=-0.5384; MAE_M0=22.9939; MAE_M1=22.4556
m0_vs_m1,TIMSS_G4,mathematics,ALL,2023,DELTA_M1_minus_M0,42,,-0.2098,,,,False,M1_better,ΔMAE=MAE_M1-MAE_M0=-0.2098; MAE_M0=17.2442; MAE_M1=17.0345
m0_vs_m1,TIMSS_G4,science,ALL,2007,DELTA_M1_minus_M0,16,,-0.0023,,,,False,M1_better,ΔMAE=MAE_M1-MAE_M0=-0.0023; MAE_M0=15.8573; MAE_M1=15.8549
m0_vs_m1,TIMSS_G4,science,ALL,2011,DELTA_M1_minus_M0,29,,-0.1072,,,,False,M1_better,ΔMAE=MAE_M1-MAE_M0=-0.1072; MAE_M0=38.9119; MAE_M1=38.8047
m0_vs_m1,TIMSS_G4,science,ALL,2015,DELTA_M1_minus_M0,36,,0.2918,,,,False,M0_better,ΔMAE=MAE_M1-MAE_M0=0.2918; MAE_M0=29.5540; MAE_M1=29.8458
m0_vs_m1,TIMSS_G4,science,ALL,2019,DELTA_M1_minus_M0,51,,-0.2766,,,,False,M1_better,ΔMAE=MAE_M1-MAE_M0=-0.2766; MAE_M0=20.7940; MAE_M1=20.5174
m0_vs_m1,TIMSS_G4,science,ALL,2023,DELTA_M1_minus_M0,42,,-0.1587,,,,False,M1_better,ΔMAE=MAE_M1-MAE_M0=-0.1587; MAE_M0=21.3649; MAE_M1=21.2061
