program,cycle,country_iso3,construct,data_type,source_file
PISA,2015,ARE,ESCS,covariate,covariate_estimates.csv
PISA,2015,ARE,HOMEPOS,covariate,covariate_estimates.csv
PISA,2015,ARE,BELONG,covariate,covariate_estimates.csv
PISA,2015,AUS,ESCS,covariate,covariate_estimates.csv
PISA,2015,AUS,HOMEPOS,covariate,covariate_estimates.csv
PISA,2015,AUS,BELONG,covariate,covariate_estimates.csv
PISA,2015,AUT,ESCS,covariate,covariate_estimates.csv
PISA,2015,AUT,HOMEPOS,covariate,covariate_estimates.csv
PISA,2015,AUT,BELONG,covariate,covariate_estimates.csv
PISA,2015,BEL,ESCS,covariate,covariate_estimates.csv
PISA,2015,BEL,HOMEPOS,covariate,covariate_estimates.csv
PISA,2015,BEL,BELONG,covariate,covariate_estimates.csv
PISA,2015,BGR,ESCS,covariate,covariate_estimates.csv
PISA,2015,BGR,HOMEPOS,covariate,covariate_estimates.csv
PISA,2015,BGR,BELONG,covariate,covariate_estimates.csv
PISA,2015,BRA,ESCS,covariate,covariate_estimates.csv
PISA,2015,BRA,HOMEPOS,covariate,covariate_estimates.csv
PISA,2015,BRA,BELONG,covariate,covariate_estimates.csv
PISA,2015,CAN,ESCS,covariate,covariate_estimates.csv
PISA,2015,CAN,HOMEPOS,covariate,covariate_estimates.csv
PISA,2015,CAN,BELONG,covariate,covariate_estimates.csv
PISA,2015,CHE,ESCS,covariate,covariate_estimates.csv
PISA,2015,CHE,HOMEPOS,covariate,covariate_estimates.csv
PISA,2015,CHE,BELONG,covariate,covariate_estimates.csv
PISA,2015,CHL,ESCS,covariate,covariate_estimates.csv
PISA,2015,CHL,HOMEPOS,covariate,covariate_estimates.csv
PISA,2015,CHL,BELONG,covariate,covariate_estimates.csv
PISA,2015,COL,ESCS,covariate,covariate_estimates.csv
PISA,2015,COL,HOMEPOS,covariate,covariate_estimates.csv
PISA,2015,COL,BELONG,covariate,covariate_estimates.csv
PISA,2015,CRI,ESCS,covariate,covariate_estimates.csv
PISA,2015,CRI,HOMEPOS,covariate,covariate_estimates.csv
PISA,2015,CRI,BELONG,covariate,covariate_estimates.csv
PISA,2015,CZE,ESCS,covariate,covariate_estimates.csv
PISA,2015,CZE,HOMEPOS,covariate,covariate_estimates.csv
PISA,2015,CZE,BELONG,covariate,covariate_estimates.csv
PISA,2015,DEU,ESCS,covariate,covariate_estimates.csv
PISA,2015,DEU,HOMEPOS,covariate,covariate_estimates.csv
PISA,2015,DEU,BELONG,covariate,covariate_estimates.csv
PISA,2015,DNK,ESCS,covariate,covariate_estimates.csv
PISA,2015,DNK,HOMEPOS,covariate,covariate_estimates.csv
PISA,2015,DNK,BELONG,covariate,covariate_estimates.csv
PISA,2015,DOM,ESCS,covariate,covariate_estimates.csv
PISA,2015,DOM,HOMEPOS,covariate,covariate_estimates.csv
PISA,2015,DOM,BELONG,covariate,covariate_estimates.csv
PISA,2015,DZA,ESCS,covariate,covariate_estimates.csv
PISA,2015,DZA,HOMEPOS,covariate,covariate_estimates.csv
PISA,2015,DZA,BELONG,covariate,covariate_estimates.csv
PISA,2015,ESP,ESCS,covariate,covariate_estimates.csv
PISA,2015,ESP,HOMEPOS,covariate,covariate_estimates.csv
PISA,2015,ESP,BELONG,covariate,covariate_estimates.csv
PISA,2015,EST,ESCS,covariate,covariate_estimates.csv
PISA,2015,EST,HOMEPOS,covariate,covariate_estimates.csv
PISA,2015,EST,BELONG,covariate,covariate_estimates.csv
PISA,2015,FIN,ESCS,covariate,covariate_estimates.csv
PISA,2015,FIN,HOMEPOS,covariate,covariate_estimates.csv
PISA,2015,FIN,BELONG,covariate,covariate_estimates.csv
PISA,2015,FRA,ESCS,covariate,covariate_estimates.csv
PISA,2015,FRA,HOMEPOS,covariate,covariate_estimates.csv
PISA,2015,FRA,BELONG,covariate,covariate_estimates.csv
PISA,2015,GBR,ESCS,covariate,covariate_estimates.csv
PISA,2015,GBR,HOMEPOS,covariate,covariate_estimates.csv
PISA,2015,GBR,BELONG,covariate,covariate_estimates.csv
PISA,2015,GEO,ESCS,covariate,covariate_estimates.csv
PISA,2015,GEO,HOMEPOS,covariate,covariate_estimates.csv
PISA,2015,GEO,BELONG,covariate,covariate_estimates.csv
PISA,2015,GRC,ESCS,covariate,covariate_estimates.csv
PISA,2015,GRC,HOMEPOS,covariate,covariate_estimates.csv
PISA,2015,GRC,BELONG,covariate,covariate_estimates.csv
PISA,2015,HKG,ESCS,covariate,covariate_estimates.csv
PISA,2015,HKG,HOMEPOS,covariate,covariate_estimates.csv
PISA,2015,HKG,BELONG,covariate,covariate_estimates.csv
PISA,2015,HRV,ESCS,covariate,covariate_estimates.csv
PISA,2015,HRV,HOMEPOS,covariate,covariate_estimates.csv
PISA,2015,HRV,BELONG,covariate,covariate_estimates.csv
PISA,2015,HUN,ESCS,covariate,covariate_estimates.csv
PISA,2015,HUN,HOMEPOS,covariate,covariate_estimates.csv
PISA,2015,HUN,BELONG,covariate,covariate_estimates.csv
PISA,2015,IDN,ESCS,covariate,covariate_estimates.csv
PISA,2015,IDN,HOMEPOS,covariate,covariate_estimates.csv
PISA,2015,IDN,BELONG,covariate,covariate_estimates.csv
PISA,2015,IRL,ESCS,covariate,covariate_estimates.csv
PISA,2015,IRL,HOMEPOS,covariate,covariate_estimates.csv
PISA,2015,IRL,BELONG,covariate,covariate_estimates.csv
PISA,2015,ISL,ESCS,covariate,covariate_estimates.csv
PISA,2015,ISL,HOMEPOS,covariate,covariate_estimates.csv
PISA,2015,ISL,BELONG,covariate,covariate_estimates.csv
PISA,2015,ISR,ESCS,covariate,covariate_estimates.csv
PISA,2015,ISR,HOMEPOS,covariate,covariate_estimates.csv
PISA,2015,ITA,ESCS,covariate,covariate_estimates.csv
PISA,2015,ITA,HOMEPOS,covariate,covariate_estimates.csv
PISA,2015,ITA,BELONG,covariate,covariate_estimates.csv
PISA,2015,JOR,ESCS,covariate,covariate_estimates.csv
PISA,2015,JOR,HOMEPOS,covariate,covariate_estimates.csv
PISA,2015,JOR,BELONG,covariate,covariate_estimates.csv
PISA,2015,JPN,ESCS,covariate,covariate_estimates.csv
PISA,2015,JPN,HOMEPOS,covariate,covariate_estimates.csv
PISA,2015,JPN,BELONG,covariate,covariate_estimates.csv
PISA,2015,KOR,ESCS,covariate,covariate_estimates.csv
PISA,2015,KOR,HOMEPOS,covariate,covariate_estimates.csv
PISA,2015,KOR,BELONG,covariate,covariate_estimates.csv
PISA,2015,KSV,ESCS,covariate,covariate_estimates.csv
PISA,2015,KSV,HOMEPOS,covariate,covariate_estimates.csv
PISA,2015,KSV,BELONG,covariate,covariate_estimates.csv
PISA,2015,LBN,ESCS,covariate,covariate_estimates.csv
PISA,2015,LBN,HOMEPOS,covariate,covariate_estimates.csv
PISA,2015,LBN,BELONG,covariate,covariate_estimates.csv
PISA,2015,LTU,ESCS,covariate,covariate_estimates.csv
PISA,2015,LTU,HOMEPOS,covariate,covariate_estimates.csv
PISA,2015,LTU,BELONG,covariate,covariate_estimates.csv
PISA,2015,LUX,ESCS,covariate,covariate_estimates.csv
PISA,2015,LUX,HOMEPOS,covariate,covariate_estimates.csv
PISA,2015,LUX,BELONG,covariate,covariate_estimates.csv
PISA,2015,LVA,ESCS,covariate,covariate_estimates.csv
PISA,2015,LVA,HOMEPOS,covariate,covariate_estimates.csv
PISA,2015,LVA,BELONG,covariate,covariate_estimates.csv
PISA,2015,MAC,ESCS,covariate,covariate_estimates.csv
PISA,2015,MAC,HOMEPOS,covariate,covariate_estimates.csv
PISA,2015,MAC,BELONG,covariate,covariate_estimates.csv
PISA,2015,MDA,ESCS,covariate,covariate_estimates.csv
PISA,2015,MDA,HOMEPOS,covariate,covariate_estimates.csv
PISA,2015,MDA,BELONG,covariate,covariate_estimates.csv
PISA,2015,MEX,ESCS,covariate,covariate_estimates.csv
PISA,2015,MEX,HOMEPOS,covariate,covariate_estimates.csv
PISA,2015,MEX,BELONG,covariate,covariate_estimates.csv
PISA,2015,MKD,ESCS,covariate,covariate_estimates.csv
PISA,2015,MKD,HOMEPOS,covariate,covariate_estimates.csv
PISA,2015,MKD,BELONG,covariate,covariate_estimates.csv
PISA,2015,MLT,ESCS,covariate,covariate_estimates.csv
PISA,2015,MLT,HOMEPOS,covariate,covariate_estimates.csv
PISA,2015,MLT,BELONG,covariate,covariate_estimates.csv
PISA,2015,MNE,ESCS,covariate,covariate_estimates.csv
PISA,2015,MNE,HOMEPOS,covariate,covariate_estimates.csv
PISA,2015,MNE,BELONG,covariate,covariate_estimates.csv
PISA,2015,NLD,ESCS,covariate,covariate_estimates.csv
PISA,2015,NLD,HOMEPOS,covariate,covariate_estimates.csv
PISA,2015,NLD,BELONG,covariate,covariate_estimates.csv
PISA,2015,NOR,ESCS,covariate,covariate_estimates.csv
PISA,2015,NOR,HOMEPOS,covariate,covariate_estimates.csv
PISA,2015,NOR,BELONG,covariate,covariate_estimates.csv
PISA,2015,NZL,ESCS,covariate,covariate_estimates.csv
PISA,2015,NZL,HOMEPOS,covariate,covariate_estimates.csv
PISA,2015,NZL,BELONG,covariate,covariate_estimates.csv
PISA,2015,PER,ESCS,covariate,covariate_estimates.csv
PISA,2015,PER,HOMEPOS,covariate,covariate_estimates.csv
PISA,2015,PER,BELONG,covariate,covariate_estimates.csv
PISA,2015,POL,ESCS,covariate,covariate_estimates.csv
PISA,2015,POL,HOMEPOS,covariate,covariate_estimates.csv
PISA,2015,POL,BELONG,covariate,covariate_estimates.csv
PISA,2015,PRT,ESCS,covariate,covariate_estimates.csv
PISA,2015,PRT,HOMEPOS,covariate,covariate_estimates.csv
PISA,2015,PRT,BELONG,covariate,covariate_estimates.csv
PISA,2015,QAR,ESCS,covariate,covariate_estimates.csv
PISA,2015,QAR,HOMEPOS,covariate,covariate_estimates.csv
PISA,2015,QAR,BELONG,covariate,covariate_estimates.csv
PISA,2015,QAT,ESCS,covariate,covariate_estimates.csv
PISA,2015,QAT,HOMEPOS,covariate,covariate_estimates.csv
PISA,2015,QAT,BELONG,covariate,covariate_estimates.csv
PISA,2015,QCH,ESCS,covariate,covariate_estimates.csv
PISA,2015,QCH,HOMEPOS,covariate,covariate_estimates.csv
PISA,2015,QCH,BELONG,covariate,covariate_estimates.csv
PISA,2015,QES,ESCS,covariate,covariate_estimates.csv
PISA,2015,QES,HOMEPOS,covariate,covariate_estimates.csv
PISA,2015,QES,BELONG,covariate,covariate_estimates.csv
PISA,2015,QUC,ESCS,covariate,covariate_estimates.csv
PISA,2015,QUC,HOMEPOS,covariate,covariate_estimates.csv
PISA,2015,QUC,BELONG,covariate,covariate_estimates.csv
PISA,2015,QUD,ESCS,covariate,covariate_estimates.csv
PISA,2015,QUD,HOMEPOS,covariate,covariate_estimates.csv
PISA,2015,QUD,BELONG,covariate,covariate_estimates.csv
PISA,2015,QUE,ESCS,covariate,covariate_estimates.csv
PISA,2015,QUE,HOMEPOS,covariate,covariate_estimates.csv
PISA,2015,QUE,BELONG,covariate,covariate_estimates.csv
PISA,2015,ROU,ESCS,covariate,covariate_estimates.csv
PISA,2015,ROU,HOMEPOS,covariate,covariate_estimates.csv
PISA,2015,ROU,BELONG,covariate,covariate_estimates.csv
PISA,2015,RUS,ESCS,covariate,covariate_estimates.csv
PISA,2015,RUS,HOMEPOS,covariate,covariate_estimates.csv
PISA,2015,RUS,BELONG,covariate,covariate_estimates.csv
PISA,2015,SGP,ESCS,covariate,covariate_estimates.csv
PISA,2015,SGP,HOMEPOS,covariate,covariate_estimates.csv
PISA,2015,SGP,BELONG,covariate,covariate_estimates.csv
PISA,2015,SVK,ESCS,covariate,covariate_estimates.csv
PISA,2015,SVK,HOMEPOS,covariate,covariate_estimates.csv
PISA,2015,SVK,BELONG,covariate,covariate_estimates.csv
PISA,2015,SVN,ESCS,covariate,covariate_estimates.csv
PISA,2015,SVN,HOMEPOS,covariate,covariate_estimates.csv
PISA,2015,SVN,BELONG,covariate,covariate_estimates.csv
PISA,2015,SWE,ESCS,covariate,covariate_estimates.csv
PISA,2015,SWE,HOMEPOS,covariate,covariate_estimates.csv
PISA,2015,SWE,BELONG,covariate,covariate_estimates.csv
PISA,2015,TAP,ESCS,covariate,covariate_estimates.csv
PISA,2015,TAP,HOMEPOS,covariate,covariate_estimates.csv
PISA,2015,TAP,BELONG,covariate,covariate_estimates.csv
PISA,2015,THA,ESCS,covariate,covariate_estimates.csv
PISA,2015,THA,HOMEPOS,covariate,covariate_estimates.csv
PISA,2015,THA,BELONG,covariate,covariate_estimates.csv
PISA,2015,TTO,ESCS,covariate,covariate_estimates.csv
PISA,2015,TTO,HOMEPOS,covariate,covariate_estimates.csv
PISA,2015,TTO,BELONG,covariate,covariate_estimates.csv
PISA,2015,TUN,ESCS,covariate,covariate_estimates.csv
PISA,2015,TUN,HOMEPOS,covariate,covariate_estimates.csv
PISA,2015,TUN,BELONG,covariate,covariate_estimates.csv
PISA,2015,TUR,ESCS,covariate,covariate_estimates.csv
PISA,2015,TUR,HOMEPOS,covariate,covariate_estimates.csv
PISA,2015,TUR,BELONG,covariate,covariate_estimates.csv
PISA,2015,URY,ESCS,covariate,covariate_estimates.csv
PISA,2015,URY,HOMEPOS,covariate,covariate_estimates.csv
PISA,2015,URY,BELONG,covariate,covariate_estimates.csv
PISA,2015,USA,ESCS,covariate,covariate_estimates.csv
PISA,2015,USA,HOMEPOS,covariate,covariate_estimates.csv
PISA,2015,USA,BELONG,covariate,covariate_estimates.csv
PISA,2015,VNM,ESCS,covariate,covariate_estimates.csv
PISA,2015,VNM,HOMEPOS,covariate,covariate_estimates.csv
PISA,2015,VNM,BELONG,covariate,covariate_estimates.csv
PISA,2022,ALB,ESCS,covariate,covariate_estimates.csv
PISA,2022,ALB,HOMEPOS,covariate,covariate_estimates.csv
PISA,2022,ALB,BELONG,covariate,covariate_estimates.csv
PISA,2022,ALB,ICTAVHOM,covariate,covariate_estimates.csv
PISA,2022,ALB,ICTAVSCH,covariate,covariate_estimates.csv
PISA,2022,ARE,ESCS,covariate,covariate_estimates.csv
PISA,2022,ARE,HOMEPOS,covariate,covariate_estimates.csv
PISA,2022,ARE,BELONG,covariate,covariate_estimates.csv
PISA,2022,ARG,ESCS,covariate,covariate_estimates.csv
PISA,2022,ARG,HOMEPOS,covariate,covariate_estimates.csv
PISA,2022,ARG,BELONG,covariate,covariate_estimates.csv
PISA,2022,ARG,ICTAVHOM,covariate,covariate_estimates.csv
PISA,2022,ARG,ICTAVSCH,covariate,covariate_estimates.csv
PISA,2022,AUS,ESCS,covariate,covariate_estimates.csv
PISA,2022,AUS,HOMEPOS,covariate,covariate_estimates.csv
PISA,2022,AUS,BELONG,covariate,covariate_estimates.csv
PISA,2022,AUS,ICTAVHOM,covariate,covariate_estimates.csv
PISA,2022,AUS,ICTAVSCH,covariate,covariate_estimates.csv
PISA,2022,AUT,ESCS,covariate,covariate_estimates.csv
PISA,2022,AUT,HOMEPOS,covariate,covariate_estimates.csv
PISA,2022,AUT,BELONG,covariate,covariate_estimates.csv
PISA,2022,AUT,ICTAVHOM,covariate,covariate_estimates.csv
PISA,2022,AUT,ICTAVSCH,covariate,covariate_estimates.csv
PISA,2022,BEL,ESCS,covariate,covariate_estimates.csv
PISA,2022,BEL,HOMEPOS,covariate,covariate_estimates.csv
PISA,2022,BEL,BELONG,covariate,covariate_estimates.csv
PISA,2022,BEL,ICTAVHOM,covariate,covariate_estimates.csv
PISA,2022,BEL,ICTAVSCH,covariate,covariate_estimates.csv
PISA,2022,BGR,ESCS,covariate,covariate_estimates.csv
PISA,2022,BGR,HOMEPOS,covariate,covariate_estimates.csv
PISA,2022,BGR,BELONG,covariate,covariate_estimates.csv
PISA,2022,BGR,ICTAVHOM,covariate,covariate_estimates.csv
PISA,2022,BGR,ICTAVSCH,covariate,covariate_estimates.csv
PISA,2022,BRA,ESCS,covariate,covariate_estimates.csv
PISA,2022,BRA,HOMEPOS,covariate,covariate_estimates.csv
PISA,2022,BRA,BELONG,covariate,covariate_estimates.csv
PISA,2022,BRA,ICTAVHOM,covariate,covariate_estimates.csv
PISA,2022,BRA,ICTAVSCH,covariate,covariate_estimates.csv
PISA,2022,BRN,ESCS,covariate,covariate_estimates.csv
PISA,2022,BRN,HOMEPOS,covariate,covariate_estimates.csv
PISA,2022,BRN,BELONG,covariate,covariate_estimates.csv
PISA,2022,BRN,ICTAVHOM,covariate,covariate_estimates.csv
PISA,2022,BRN,ICTAVSCH,covariate,covariate_estimates.csv
PISA,2022,CAN,ESCS,covariate,covariate_estimates.csv
PISA,2022,CAN,HOMEPOS,covariate,covariate_estimates.csv
PISA,2022,CAN,BELONG,covariate,covariate_estimates.csv
PISA,2022,CHE,ESCS,covariate,covariate_estimates.csv
PISA,2022,CHE,HOMEPOS,covariate,covariate_estimates.csv
PISA,2022,CHE,BELONG,covariate,covariate_estimates.csv
PISA,2022,CHE,ICTAVHOM,covariate,covariate_estimates.csv
PISA,2022,CHE,ICTAVSCH,covariate,covariate_estimates.csv
PISA,2022,CHL,ESCS,covariate,covariate_estimates.csv
PISA,2022,CHL,HOMEPOS,covariate,covariate_estimates.csv
PISA,2022,CHL,BELONG,covariate,covariate_estimates.csv
PISA,2022,CHL,ICTAVHOM,covariate,covariate_estimates.csv
PISA,2022,CHL,ICTAVSCH,covariate,covariate_estimates.csv
PISA,2022,COL,ESCS,covariate,covariate_estimates.csv
PISA,2022,COL,HOMEPOS,covariate,covariate_estimates.csv
PISA,2022,COL,BELONG,covariate,covariate_estimates.csv
PISA,2022,CRI,HOMEPOS,covariate,covariate_estimates.csv
PISA,2022,CRI,BELONG,covariate,covariate_estimates.csv
PISA,2022,CRI,ICTAVHOM,covariate,covariate_estimates.csv
PISA,2022,CRI,ICTAVSCH,covariate,covariate_estimates.csv
PISA,2022,CZE,ESCS,covariate,covariate_estimates.csv
PISA,2022,CZE,HOMEPOS,covariate,covariate_estimates.csv
PISA,2022,CZE,BELONG,covariate,covariate_estimates.csv
PISA,2022,CZE,ICTAVHOM,covariate,covariate_estimates.csv
PISA,2022,CZE,ICTAVSCH,covariate,covariate_estimates.csv
PISA,2022,DEU,ESCS,covariate,covariate_estimates.csv
PISA,2022,DEU,HOMEPOS,covariate,covariate_estimates.csv
PISA,2022,DEU,BELONG,covariate,covariate_estimates.csv
PISA,2022,DEU,ICTAVHOM,covariate,covariate_estimates.csv
PISA,2022,DEU,ICTAVSCH,covariate,covariate_estimates.csv
PISA,2022,DNK,ESCS,covariate,covariate_estimates.csv
PISA,2022,DNK,HOMEPOS,covariate,covariate_estimates.csv
PISA,2022,DNK,BELONG,covariate,covariate_estimates.csv
PISA,2022,DNK,ICTAVHOM,covariate,covariate_estimates.csv
PISA,2022,DNK,ICTAVSCH,covariate,covariate_estimates.csv
PISA,2022,DOM,ESCS,covariate,covariate_estimates.csv
PISA,2022,DOM,HOMEPOS,covariate,covariate_estimates.csv
PISA,2022,DOM,BELONG,covariate,covariate_estimates.csv
PISA,2022,DOM,ICTAVHOM,covariate,covariate_estimates.csv
PISA,2022,DOM,ICTAVSCH,covariate,covariate_estimates.csv
PISA,2022,ESP,ESCS,covariate,covariate_estimates.csv
PISA,2022,ESP,HOMEPOS,covariate,covariate_estimates.csv
PISA,2022,ESP,BELONG,covariate,covariate_estimates.csv
PISA,2022,ESP,ICTAVHOM,covariate,covariate_estimates.csv
PISA,2022,ESP,ICTAVSCH,covariate,covariate_estimates.csv
PISA,2022,EST,ESCS,covariate,covariate_estimates.csv
PISA,2022,EST,HOMEPOS,covariate,covariate_estimates.csv
PISA,2022,EST,BELONG,covariate,covariate_estimates.csv
PISA,2022,EST,ICTAVHOM,covariate,covariate_estimates.csv
PISA,2022,EST,ICTAVSCH,covariate,covariate_estimates.csv
PISA,2022,FIN,ESCS,covariate,covariate_estimates.csv
PISA,2022,FIN,HOMEPOS,covariate,covariate_estimates.csv
PISA,2022,FIN,BELONG,covariate,covariate_estimates.csv
PISA,2022,FIN,ICTAVHOM,covariate,covariate_estimates.csv
PISA,2022,FIN,ICTAVSCH,covariate,covariate_estimates.csv
PISA,2022,FRA,ESCS,covariate,covariate_estimates.csv
PISA,2022,FRA,HOMEPOS,covariate,covariate_estimates.csv
PISA,2022,FRA,BELONG,covariate,covariate_estimates.csv
PISA,2022,GBR,ESCS,covariate,covariate_estimates.csv
PISA,2022,GBR,HOMEPOS,covariate,covariate_estimates.csv
PISA,2022,GBR,BELONG,covariate,covariate_estimates.csv
PISA,2022,GBR,ICTAVHOM,covariate,covariate_estimates.csv
PISA,2022,GBR,ICTAVSCH,covariate,covariate_estimates.csv
PISA,2022,GEO,ESCS,covariate,covariate_estimates.csv
PISA,2022,GEO,HOMEPOS,covariate,covariate_estimates.csv
PISA,2022,GEO,BELONG,covariate,covariate_estimates.csv
PISA,2022,GEO,ICTAVHOM,covariate,covariate_estimates.csv
PISA,2022,GEO,ICTAVSCH,covariate,covariate_estimates.csv
PISA,2022,GRC,ESCS,covariate,covariate_estimates.csv
PISA,2022,GRC,HOMEPOS,covariate,covariate_estimates.csv
PISA,2022,GRC,BELONG,covariate,covariate_estimates.csv
PISA,2022,GRC,ICTAVHOM,covariate,covariate_estimates.csv
PISA,2022,GRC,ICTAVSCH,covariate,covariate_estimates.csv
PISA,2022,GTM,ESCS,covariate,covariate_estimates.csv
PISA,2022,GTM,HOMEPOS,covariate,covariate_estimates.csv
PISA,2022,GTM,BELONG,covariate,covariate_estimates.csv
PISA,2022,HKG,ESCS,covariate,covariate_estimates.csv
PISA,2022,HKG,HOMEPOS,covariate,covariate_estimates.csv
PISA,2022,HKG,BELONG,covariate,covariate_estimates.csv
PISA,2022,HKG,ICTAVHOM,covariate,covariate_estimates.csv
PISA,2022,HKG,ICTAVSCH,covariate,covariate_estimates.csv
PISA,2022,HRV,ESCS,covariate,covariate_estimates.csv
PISA,2022,HRV,HOMEPOS,covariate,covariate_estimates.csv
PISA,2022,HRV,BELONG,covariate,covariate_estimates.csv
PISA,2022,HRV,ICTAVHOM,covariate,covariate_estimates.csv
PISA,2022,HRV,ICTAVSCH,covariate,covariate_estimates.csv
PISA,2022,HUN,ESCS,covariate,covariate_estimates.csv
PISA,2022,HUN,HOMEPOS,covariate,covariate_estimates.csv
PISA,2022,HUN,BELONG,covariate,covariate_estimates.csv
PISA,2022,HUN,ICTAVHOM,covariate,covariate_estimates.csv
PISA,2022,HUN,ICTAVSCH,covariate,covariate_estimates.csv
PISA,2022,IDN,ESCS,covariate,covariate_estimates.csv
PISA,2022,IDN,HOMEPOS,covariate,covariate_estimates.csv
PISA,2022,IDN,BELONG,covariate,covariate_estimates.csv
PISA,2022,IRL,ESCS,covariate,covariate_estimates.csv
PISA,2022,IRL,HOMEPOS,covariate,covariate_estimates.csv
PISA,2022,IRL,BELONG,covariate,covariate_estimates.csv
PISA,2022,IRL,ICTAVHOM,covariate,covariate_estimates.csv
PISA,2022,IRL,ICTAVSCH,covariate,covariate_estimates.csv
PISA,2022,ISL,ESCS,covariate,covariate_estimates.csv
PISA,2022,ISL,HOMEPOS,covariate,covariate_estimates.csv
PISA,2022,ISL,BELONG,covariate,covariate_estimates.csv
PISA,2022,ISL,ICTAVHOM,covariate,covariate_estimates.csv
PISA,2022,ISL,ICTAVSCH,covariate,covariate_estimates.csv
PISA,2022,ISR,ESCS,covariate,covariate_estimates.csv
PISA,2022,ISR,HOMEPOS,covariate,covariate_estimates.csv
PISA,2022,ISR,ICTAVHOM,covariate,covariate_estimates.csv
PISA,2022,ISR,ICTAVSCH,covariate,covariate_estimates.csv
PISA,2022,ITA,ESCS,covariate,covariate_estimates.csv
PISA,2022,ITA,HOMEPOS,covariate,covariate_estimates.csv
PISA,2022,ITA,BELONG,covariate,covariate_estimates.csv
PISA,2022,ITA,ICTAVHOM,covariate,covariate_estimates.csv
PISA,2022,ITA,ICTAVSCH,covariate,covariate_estimates.csv
PISA,2022,JAM,ESCS,covariate,covariate_estimates.csv
PISA,2022,JAM,HOMEPOS,covariate,covariate_estimates.csv
PISA,2022,JAM,BELONG,covariate,covariate_estimates.csv
PISA,2022,JOR,ESCS,covariate,covariate_estimates.csv
PISA,2022,JOR,HOMEPOS,covariate,covariate_estimates.csv
PISA,2022,JOR,BELONG,covariate,covariate_estimates.csv
PISA,2022,JOR,ICTAVHOM,covariate,covariate_estimates.csv
PISA,2022,JOR,ICTAVSCH,covariate,covariate_estimates.csv
PISA,2022,JPN,ESCS,covariate,covariate_estimates.csv
PISA,2022,JPN,HOMEPOS,covariate,covariate_estimates.csv
PISA,2022,JPN,BELONG,covariate,covariate_estimates.csv
PISA,2022,JPN,ICTAVHOM,covariate,covariate_estimates.csv
PISA,2022,JPN,ICTAVSCH,covariate,covariate_estimates.csv
PISA,2022,KAZ,ESCS,covariate,covariate_estimates.csv
PISA,2022,KAZ,HOMEPOS,covariate,covariate_estimates.csv
PISA,2022,KAZ,BELONG,covariate,covariate_estimates.csv
PISA,2022,KAZ,ICTAVHOM,covariate,covariate_estimates.csv
PISA,2022,KAZ,ICTAVSCH,covariate,covariate_estimates.csv
PISA,2022,KHM,ESCS,covariate,covariate_estimates.csv
PISA,2022,KHM,HOMEPOS,covariate,covariate_estimates.csv
PISA,2022,KHM,BELONG,covariate,covariate_estimates.csv
PISA,2022,KOR,ESCS,covariate,covariate_estimates.csv
PISA,2022,KOR,HOMEPOS,covariate,covariate_estimates.csv
PISA,2022,KOR,BELONG,covariate,covariate_estimates.csv
PISA,2022,KOR,ICTAVHOM,covariate,covariate_estimates.csv
PISA,2022,KOR,ICTAVSCH,covariate,covariate_estimates.csv
PISA,2022,KSV,ESCS,covariate,covariate_estimates.csv
PISA,2022,KSV,HOMEPOS,covariate,covariate_estimates.csv
PISA,2022,LTU,ESCS,covariate,covariate_estimates.csv
PISA,2022,LTU,HOMEPOS,covariate,covariate_estimates.csv
PISA,2022,LTU,BELONG,covariate,covariate_estimates.csv
PISA,2022,LTU,ICTAVHOM,covariate,covariate_estimates.csv
PISA,2022,LTU,ICTAVSCH,covariate,covariate_estimates.csv
PISA,2022,LVA,ESCS,covariate,covariate_estimates.csv
PISA,2022,LVA,HOMEPOS,covariate,covariate_estimates.csv
PISA,2022,LVA,BELONG,covariate,covariate_estimates.csv
PISA,2022,LVA,ICTAVHOM,covariate,covariate_estimates.csv
PISA,2022,LVA,ICTAVSCH,covariate,covariate_estimates.csv
PISA,2022,MAC,ESCS,covariate,covariate_estimates.csv
PISA,2022,MAC,HOMEPOS,covariate,covariate_estimates.csv
PISA,2022,MAC,BELONG,covariate,covariate_estimates.csv
PISA,2022,MAC,ICTAVHOM,covariate,covariate_estimates.csv
PISA,2022,MAC,ICTAVSCH,covariate,covariate_estimates.csv
PISA,2022,MAR,ESCS,covariate,covariate_estimates.csv
PISA,2022,MAR,HOMEPOS,covariate,covariate_estimates.csv
PISA,2022,MAR,BELONG,covariate,covariate_estimates.csv
PISA,2022,MAR,ICTAVHOM,covariate,covariate_estimates.csv
PISA,2022,MAR,ICTAVSCH,covariate,covariate_estimates.csv
PISA,2022,MDA,ESCS,covariate,covariate_estimates.csv
PISA,2022,MDA,HOMEPOS,covariate,covariate_estimates.csv
PISA,2022,MDA,BELONG,covariate,covariate_estimates.csv
PISA,2022,MEX,ESCS,covariate,covariate_estimates.csv
PISA,2022,MEX,HOMEPOS,covariate,covariate_estimates.csv
PISA,2022,MEX,BELONG,covariate,covariate_estimates.csv
PISA,2022,MKD,ESCS,covariate,covariate_estimates.csv
PISA,2022,MKD,HOMEPOS,covariate,covariate_estimates.csv
PISA,2022,MKD,BELONG,covariate,covariate_estimates.csv
PISA,2022,MLT,ESCS,covariate,covariate_estimates.csv
PISA,2022,MLT,HOMEPOS,covariate,covariate_estimates.csv
PISA,2022,MLT,BELONG,covariate,covariate_estimates.csv
PISA,2022,MLT,ICTAVHOM,covariate,covariate_estimates.csv
PISA,2022,MLT,ICTAVSCH,covariate,covariate_estimates.csv
PISA,2022,MNE,ESCS,covariate,covariate_estimates.csv
PISA,2022,MNE,HOMEPOS,covariate,covariate_estimates.csv
PISA,2022,MNE,BELONG,covariate,covariate_estimates.csv
PISA,2022,MNG,ESCS,covariate,covariate_estimates.csv
PISA,2022,MNG,HOMEPOS,covariate,covariate_estimates.csv
PISA,2022,MNG,BELONG,covariate,covariate_estimates.csv
PISA,2022,MYS,ESCS,covariate,covariate_estimates.csv
PISA,2022,MYS,HOMEPOS,covariate,covariate_estimates.csv
PISA,2022,MYS,BELONG,covariate,covariate_estimates.csv
PISA,2022,MYS,ICTAVHOM,covariate,covariate_estimates.csv
PISA,2022,MYS,ICTAVSCH,covariate,covariate_estimates.csv
PISA,2022,NLD,ESCS,covariate,covariate_estimates.csv
PISA,2022,NLD,HOMEPOS,covariate,covariate_estimates.csv
PISA,2022,NLD,BELONG,covariate,covariate_estimates.csv
PISA,2022,NOR,ESCS,covariate,covariate_estimates.csv
PISA,2022,NOR,HOMEPOS,covariate,covariate_estimates.csv
PISA,2022,NOR,BELONG,covariate,covariate_estimates.csv
PISA,2022,NZL,ESCS,covariate,covariate_estimates.csv
PISA,2022,NZL,HOMEPOS,covariate,covariate_estimates.csv
PISA,2022,NZL,BELONG,covariate,covariate_estimates.csv
PISA,2022,PAN,ESCS,covariate,covariate_estimates.csv
PISA,2022,PAN,HOMEPOS,covariate,covariate_estimates.csv
PISA,2022,PAN,BELONG,covariate,covariate_estimates.csv
PISA,2022,PAN,ICTAVHOM,covariate,covariate_estimates.csv
PISA,2022,PAN,ICTAVSCH,covariate,covariate_estimates.csv
PISA,2022,PER,ESCS,covariate,covariate_estimates.csv
PISA,2022,PER,HOMEPOS,covariate,covariate_estimates.csv
PISA,2022,PER,BELONG,covariate,covariate_estimates.csv
PISA,2022,PHL,ESCS,covariate,covariate_estimates.csv
PISA,2022,PHL,HOMEPOS,covariate,covariate_estimates.csv
PISA,2022,PHL,BELONG,covariate,covariate_estimates.csv
PISA,2022,POL,ESCS,covariate,covariate_estimates.csv
PISA,2022,POL,HOMEPOS,covariate,covariate_estimates.csv
PISA,2022,POL,BELONG,covariate,covariate_estimates.csv
PISA,2022,POL,ICTAVHOM,covariate,covariate_estimates.csv
PISA,2022,POL,ICTAVSCH,covariate,covariate_estimates.csv
PISA,2022,PRT,ESCS,covariate,covariate_estimates.csv
PISA,2022,PRT,HOMEPOS,covariate,covariate_estimates.csv
PISA,2022,PRT,BELONG,covariate,covariate_estimates.csv
PISA,2022,PRY,ESCS,covariate,covariate_estimates.csv
PISA,2022,PRY,HOMEPOS,covariate,covariate_estimates.csv
PISA,2022,PRY,BELONG,covariate,covariate_estimates.csv
PISA,2022,PSE,ESCS,covariate,covariate_estimates.csv
PISA,2022,PSE,HOMEPOS,covariate,covariate_estimates.csv
PISA,2022,PSE,BELONG,covariate,covariate_estimates.csv
PISA,2022,QAT,ESCS,covariate,covariate_estimates.csv
PISA,2022,QAT,HOMEPOS,covariate,covariate_estimates.csv
PISA,2022,QAT,BELONG,covariate,covariate_estimates.csv
PISA,2022,QAZ,ESCS,covariate,covariate_estimates.csv
PISA,2022,QAZ,HOMEPOS,covariate,covariate_estimates.csv
PISA,2022,QAZ,BELONG,covariate,covariate_estimates.csv
PISA,2022,QUR,ESCS,covariate,covariate_estimates.csv
PISA,2022,QUR,HOMEPOS,covariate,covariate_estimates.csv
PISA,2022,QUR,BELONG,covariate,covariate_estimates.csv
PISA,2022,QUR,ICTAVHOM,covariate,covariate_estimates.csv
PISA,2022,QUR,ICTAVSCH,covariate,covariate_estimates.csv
PISA,2022,ROU,ESCS,covariate,covariate_estimates.csv
PISA,2022,ROU,HOMEPOS,covariate,covariate_estimates.csv
PISA,2022,ROU,BELONG,covariate,covariate_estimates.csv
PISA,2022,ROU,ICTAVHOM,covariate,covariate_estimates.csv
PISA,2022,ROU,ICTAVSCH,covariate,covariate_estimates.csv
PISA,2022,SAU,ESCS,covariate,covariate_estimates.csv
PISA,2022,SAU,HOMEPOS,covariate,covariate_estimates.csv
PISA,2022,SAU,BELONG,covariate,covariate_estimates.csv
PISA,2022,SAU,ICTAVHOM,covariate,covariate_estimates.csv
PISA,2022,SAU,ICTAVSCH,covariate,covariate_estimates.csv
PISA,2022,SGP,ESCS,covariate,covariate_estimates.csv
PISA,2022,SGP,HOMEPOS,covariate,covariate_estimates.csv
PISA,2022,SGP,BELONG,covariate,covariate_estimates.csv
PISA,2022,SGP,ICTAVHOM,covariate,covariate_estimates.csv
PISA,2022,SGP,ICTAVSCH,covariate,covariate_estimates.csv
PISA,2022,SLV,ESCS,covariate,covariate_estimates.csv
PISA,2022,SLV,HOMEPOS,covariate,covariate_estimates.csv
PISA,2022,SLV,BELONG,covariate,covariate_estimates.csv
PISA,2022,SRB,ESCS,covariate,covariate_estimates.csv
PISA,2022,SRB,HOMEPOS,covariate,covariate_estimates.csv
PISA,2022,SRB,BELONG,covariate,covariate_estimates.csv
PISA,2022,SVK,ESCS,covariate,covariate_estimates.csv
PISA,2022,SVK,HOMEPOS,covariate,covariate_estimates.csv
PISA,2022,SVK,BELONG,covariate,covariate_estimates.csv
PISA,2022,SVK,ICTAVHOM,covariate,covariate_estimates.csv
PISA,2022,SVK,ICTAVSCH,covariate,covariate_estimates.csv
PISA,2022,SVN,ESCS,covariate,covariate_estimates.csv
PISA,2022,SVN,HOMEPOS,covariate,covariate_estimates.csv
PISA,2022,SVN,BELONG,covariate,covariate_estimates.csv
PISA,2022,SVN,ICTAVHOM,covariate,covariate_estimates.csv
PISA,2022,SVN,ICTAVSCH,covariate,covariate_estimates.csv
PISA,2022,SWE,ESCS,covariate,covariate_estimates.csv
PISA,2022,SWE,HOMEPOS,covariate,covariate_estimates.csv
PISA,2022,SWE,BELONG,covariate,covariate_estimates.csv
PISA,2022,SWE,ICTAVHOM,covariate,covariate_estimates.csv
PISA,2022,SWE,ICTAVSCH,covariate,covariate_estimates.csv
PISA,2022,TAP,ESCS,covariate,covariate_estimates.csv
PISA,2022,TAP,HOMEPOS,covariate,covariate_estimates.csv
PISA,2022,TAP,BELONG,covariate,covariate_estimates.csv
PISA,2022,TAP,ICTAVHOM,covariate,covariate_estimates.csv
PISA,2022,TAP,ICTAVSCH,covariate,covariate_estimates.csv
PISA,2022,THA,ESCS,covariate,covariate_estimates.csv
PISA,2022,THA,HOMEPOS,covariate,covariate_estimates.csv
PISA,2022,THA,BELONG,covariate,covariate_estimates.csv
PISA,2022,THA,ICTAVHOM,covariate,covariate_estimates.csv
PISA,2022,THA,ICTAVSCH,covariate,covariate_estimates.csv
PISA,2022,TUR,ESCS,covariate,covariate_estimates.csv
PISA,2022,TUR,HOMEPOS,covariate,covariate_estimates.csv
PISA,2022,TUR,BELONG,covariate,covariate_estimates.csv
PISA,2022,TUR,ICTAVHOM,covariate,covariate_estimates.csv
PISA,2022,TUR,ICTAVSCH,covariate,covariate_estimates.csv
PISA,2022,URY,ESCS,covariate,covariate_estimates.csv
PISA,2022,URY,HOMEPOS,covariate,covariate_estimates.csv
PISA,2022,URY,BELONG,covariate,covariate_estimates.csv
PISA,2022,URY,ICTAVHOM,covariate,covariate_estimates.csv
PISA,2022,URY,ICTAVSCH,covariate,covariate_estimates.csv
PISA,2022,USA,ESCS,covariate,covariate_estimates.csv
PISA,2022,USA,HOMEPOS,covariate,covariate_estimates.csv
PISA,2022,USA,BELONG,covariate,covariate_estimates.csv
PISA,2022,USA,ICTAVHOM,covariate,covariate_estimates.csv
PISA,2022,USA,ICTAVSCH,covariate,covariate_estimates.csv
PISA,2022,UZB,ESCS,covariate,covariate_estimates.csv
PISA,2022,UZB,HOMEPOS,covariate,covariate_estimates.csv
PISA,2022,UZB,BELONG,covariate,covariate_estimates.csv
PISA,2022,VNM,ESCS,covariate,covariate_estimates.csv
PISA,2022,VNM,HOMEPOS,covariate,covariate_estimates.csv
PISA,2022,VNM,BELONG,covariate,covariate_estimates.csv
PISA,2025,ALB,ESCS,covariate,covariate_estimates.csv
PISA,2025,ALB,HOMEPOS,covariate,covariate_estimates.csv
PISA,2025,ALB,BELONG,covariate,covariate_estimates.csv
PISA,2025,ARE,ESCS,covariate,covariate_estimates.csv
PISA,2025,ARE,HOMEPOS,covariate,covariate_estimates.csv
PISA,2025,ARE,BELONG,covariate,covariate_estimates.csv
PISA,2025,ARE,ICTAVSCH,covariate,covariate_estimates.csv
PISA,2025,ARG,ESCS,covariate,covariate_estimates.csv
PISA,2025,ARG,HOMEPOS,covariate,covariate_estimates.csv
PISA,2025,ARG,BELONG,covariate,covariate_estimates.csv
PISA,2025,ARG,ICTAVSCH,covariate,covariate_estimates.csv
PISA,2025,ARM,ESCS,covariate,covariate_estimates.csv
PISA,2025,ARM,HOMEPOS,covariate,covariate_estimates.csv
PISA,2025,ARM,BELONG,covariate,covariate_estimates.csv
PISA,2025,AUS,ESCS,covariate,covariate_estimates.csv
PISA,2025,AUS,HOMEPOS,covariate,covariate_estimates.csv
PISA,2025,AUS,BELONG,covariate,covariate_estimates.csv
PISA,2025,AUS,ICTAVSCH,covariate,covariate_estimates.csv
PISA,2025,AUT,ESCS,covariate,covariate_estimates.csv
PISA,2025,AUT,HOMEPOS,covariate,covariate_estimates.csv
PISA,2025,AUT,BELONG,covariate,covariate_estimates.csv
PISA,2025,AUT,ICTAVSCH,covariate,covariate_estimates.csv
PISA,2025,AZE,ESCS,covariate,covariate_estimates.csv
PISA,2025,AZE,HOMEPOS,covariate,covariate_estimates.csv
PISA,2025,AZE,BELONG,covariate,covariate_estimates.csv
PISA,2025,BEL,ESCS,covariate,covariate_estimates.csv
PISA,2025,BEL,HOMEPOS,covariate,covariate_estimates.csv
PISA,2025,BEL,BELONG,covariate,covariate_estimates.csv
PISA,2025,BEL,ICTAVSCH,covariate,covariate_estimates.csv
PISA,2025,BGR,ESCS,covariate,covariate_estimates.csv
PISA,2025,BGR,HOMEPOS,covariate,covariate_estimates.csv
PISA,2025,BGR,BELONG,covariate,covariate_estimates.csv
PISA,2025,BGR,ICTAVSCH,covariate,covariate_estimates.csv
PISA,2025,BRA,ESCS,covariate,covariate_estimates.csv
PISA,2025,BRA,HOMEPOS,covariate,covariate_estimates.csv
PISA,2025,BRA,BELONG,covariate,covariate_estimates.csv
PISA,2025,BRN,ESCS,covariate,covariate_estimates.csv
PISA,2025,BRN,HOMEPOS,covariate,covariate_estimates.csv
PISA,2025,BRN,BELONG,covariate,covariate_estimates.csv
PISA,2025,BRN,ICTAVSCH,covariate,covariate_estimates.csv
PISA,2025,CAN,ESCS,covariate,covariate_estimates.csv
PISA,2025,CAN,HOMEPOS,covariate,covariate_estimates.csv
PISA,2025,CAN,BELONG,covariate,covariate_estimates.csv
PISA,2025,CHE,ESCS,covariate,covariate_estimates.csv
PISA,2025,CHE,HOMEPOS,covariate,covariate_estimates.csv
PISA,2025,CHE,BELONG,covariate,covariate_estimates.csv
PISA,2025,CHE,ICTAVSCH,covariate,covariate_estimates.csv
PISA,2025,CHL,ESCS,covariate,covariate_estimates.csv
PISA,2025,CHL,HOMEPOS,covariate,covariate_estimates.csv
PISA,2025,CHL,BELONG,covariate,covariate_estimates.csv
PISA,2025,COL,ESCS,covariate,covariate_estimates.csv
PISA,2025,COL,HOMEPOS,covariate,covariate_estimates.csv
PISA,2025,COL,BELONG,covariate,covariate_estimates.csv
PISA,2025,CRI,BELONG,covariate,covariate_estimates.csv
PISA,2025,CZE,ESCS,covariate,covariate_estimates.csv
PISA,2025,CZE,HOMEPOS,covariate,covariate_estimates.csv
PISA,2025,CZE,BELONG,covariate,covariate_estimates.csv
PISA,2025,DEU,ESCS,covariate,covariate_estimates.csv
PISA,2025,DEU,HOMEPOS,covariate,covariate_estimates.csv
PISA,2025,DEU,BELONG,covariate,covariate_estimates.csv
PISA,2025,DEU,ICTAVSCH,covariate,covariate_estimates.csv
PISA,2025,DNK,ESCS,covariate,covariate_estimates.csv
PISA,2025,DNK,HOMEPOS,covariate,covariate_estimates.csv
PISA,2025,DNK,BELONG,covariate,covariate_estimates.csv
PISA,2025,DOM,ESCS,covariate,covariate_estimates.csv
PISA,2025,DOM,HOMEPOS,covariate,covariate_estimates.csv
PISA,2025,DOM,BELONG,covariate,covariate_estimates.csv
PISA,2025,DOM,ICTAVSCH,covariate,covariate_estimates.csv
PISA,2025,ECU,ESCS,covariate,covariate_estimates.csv
PISA,2025,ECU,HOMEPOS,covariate,covariate_estimates.csv
PISA,2025,ECU,BELONG,covariate,covariate_estimates.csv
PISA,2025,ESP,ESCS,covariate,covariate_estimates.csv
PISA,2025,ESP,HOMEPOS,covariate,covariate_estimates.csv
PISA,2025,ESP,BELONG,covariate,covariate_estimates.csv
PISA,2025,ESP,ICTAVSCH,covariate,covariate_estimates.csv
PISA,2025,EST,ESCS,covariate,covariate_estimates.csv
PISA,2025,EST,HOMEPOS,covariate,covariate_estimates.csv
PISA,2025,EST,BELONG,covariate,covariate_estimates.csv
PISA,2025,EST,ICTAVSCH,covariate,covariate_estimates.csv
PISA,2025,FIN,ESCS,covariate,covariate_estimates.csv
PISA,2025,FIN,HOMEPOS,covariate,covariate_estimates.csv
PISA,2025,FIN,BELONG,covariate,covariate_estimates.csv
PISA,2025,FIN,ICTAVSCH,covariate,covariate_estimates.csv
PISA,2025,FRA,ESCS,covariate,covariate_estimates.csv
PISA,2025,FRA,HOMEPOS,covariate,covariate_estimates.csv
PISA,2025,FRA,BELONG,covariate,covariate_estimates.csv
PISA,2025,GBR,ESCS,covariate,covariate_estimates.csv
PISA,2025,GBR,HOMEPOS,covariate,covariate_estimates.csv
PISA,2025,GBR,BELONG,covariate,covariate_estimates.csv
PISA,2025,GBR,ICTAVSCH,covariate,covariate_estimates.csv
PISA,2025,GEO,ESCS,covariate,covariate_estimates.csv
PISA,2025,GEO,HOMEPOS,covariate,covariate_estimates.csv
PISA,2025,GEO,BELONG,covariate,covariate_estimates.csv
PISA,2025,GEO,ICTAVSCH,covariate,covariate_estimates.csv
PISA,2025,GRC,ESCS,covariate,covariate_estimates.csv
PISA,2025,GRC,HOMEPOS,covariate,covariate_estimates.csv
PISA,2025,GRC,BELONG,covariate,covariate_estimates.csv
PISA,2025,GRC,ICTAVSCH,covariate,covariate_estimates.csv
PISA,2025,GTM,ESCS,covariate,covariate_estimates.csv
PISA,2025,GTM,HOMEPOS,covariate,covariate_estimates.csv
PISA,2025,HKG,ESCS,covariate,covariate_estimates.csv
PISA,2025,HKG,HOMEPOS,covariate,covariate_estimates.csv
PISA,2025,HKG,BELONG,covariate,covariate_estimates.csv
PISA,2025,HKG,ICTAVSCH,covariate,covariate_estimates.csv
PISA,2025,HRV,ESCS,covariate,covariate_estimates.csv
PISA,2025,HRV,HOMEPOS,covariate,covariate_estimates.csv
PISA,2025,HRV,BELONG,covariate,covariate_estimates.csv
PISA,2025,HUN,ESCS,covariate,covariate_estimates.csv
PISA,2025,HUN,HOMEPOS,covariate,covariate_estimates.csv
PISA,2025,HUN,BELONG,covariate,covariate_estimates.csv
PISA,2025,HUN,ICTAVSCH,covariate,covariate_estimates.csv
PISA,2025,IDN,ESCS,covariate,covariate_estimates.csv
PISA,2025,IDN,HOMEPOS,covariate,covariate_estimates.csv
PISA,2025,IDN,BELONG,covariate,covariate_estimates.csv
PISA,2025,IRL,ESCS,covariate,covariate_estimates.csv
PISA,2025,IRL,HOMEPOS,covariate,covariate_estimates.csv
PISA,2025,IRL,BELONG,covariate,covariate_estimates.csv
PISA,2025,IRL,ICTAVSCH,covariate,covariate_estimates.csv
PISA,2025,ISL,ESCS,covariate,covariate_estimates.csv
PISA,2025,ISL,HOMEPOS,covariate,covariate_estimates.csv
PISA,2025,ISL,BELONG,covariate,covariate_estimates.csv
PISA,2025,ISL,ICTAVSCH,covariate,covariate_estimates.csv
PISA,2025,ISR,ESCS,covariate,covariate_estimates.csv
PISA,2025,ISR,HOMEPOS,covariate,covariate_estimates.csv
PISA,2025,ISR,BELONG,covariate,covariate_estimates.csv
PISA,2025,ISR,ICTAVSCH,covariate,covariate_estimates.csv
PISA,2025,ITA,ESCS,covariate,covariate_estimates.csv
PISA,2025,ITA,HOMEPOS,covariate,covariate_estimates.csv
PISA,2025,ITA,BELONG,covariate,covariate_estimates.csv
PISA,2025,ITA,ICTAVSCH,covariate,covariate_estimates.csv
PISA,2025,JOR,ESCS,covariate,covariate_estimates.csv
PISA,2025,JOR,HOMEPOS,covariate,covariate_estimates.csv
PISA,2025,JOR,BELONG,covariate,covariate_estimates.csv
PISA,2025,JOR,ICTAVSCH,covariate,covariate_estimates.csv
PISA,2025,JPN,ESCS,covariate,covariate_estimates.csv
PISA,2025,JPN,HOMEPOS,covariate,covariate_estimates.csv
PISA,2025,JPN,BELONG,covariate,covariate_estimates.csv
PISA,2025,JPN,ICTAVSCH,covariate,covariate_estimates.csv
PISA,2025,KAZ,ESCS,covariate,covariate_estimates.csv
PISA,2025,KAZ,HOMEPOS,covariate,covariate_estimates.csv
PISA,2025,KAZ,BELONG,covariate,covariate_estimates.csv
PISA,2025,KEN,ESCS,covariate,covariate_estimates.csv
PISA,2025,KEN,HOMEPOS,covariate,covariate_estimates.csv
PISA,2025,KEN,BELONG,covariate,covariate_estimates.csv
PISA,2025,KGZ,ESCS,covariate,covariate_estimates.csv
PISA,2025,KGZ,HOMEPOS,covariate,covariate_estimates.csv
PISA,2025,KGZ,BELONG,covariate,covariate_estimates.csv
PISA,2025,KHM,ESCS,covariate,covariate_estimates.csv
PISA,2025,KHM,HOMEPOS,covariate,covariate_estimates.csv
PISA,2025,KOR,ESCS,covariate,covariate_estimates.csv
PISA,2025,KOR,HOMEPOS,covariate,covariate_estimates.csv
PISA,2025,KOR,BELONG,covariate,covariate_estimates.csv
PISA,2025,KOR,ICTAVSCH,covariate,covariate_estimates.csv
PISA,2025,KSV,ESCS,covariate,covariate_estimates.csv
PISA,2025,KSV,HOMEPOS,covariate,covariate_estimates.csv
PISA,2025,KSV,BELONG,covariate,covariate_estimates.csv
PISA,2025,LBN,ESCS,covariate,covariate_estimates.csv
PISA,2025,LBN,HOMEPOS,covariate,covariate_estimates.csv
PISA,2025,LBN,ICTAVSCH,covariate,covariate_estimates.csv
PISA,2025,LTU,ESCS,covariate,covariate_estimates.csv
PISA,2025,LTU,HOMEPOS,covariate,covariate_estimates.csv
PISA,2025,LTU,BELONG,covariate,covariate_estimates.csv
PISA,2025,LUX,ESCS,covariate,covariate_estimates.csv
PISA,2025,LUX,HOMEPOS,covariate,covariate_estimates.csv
PISA,2025,LUX,BELONG,covariate,covariate_estimates.csv
PISA,2025,LUX,ICTAVSCH,covariate,covariate_estimates.csv
PISA,2025,LVA,ESCS,covariate,covariate_estimates.csv
PISA,2025,LVA,HOMEPOS,covariate,covariate_estimates.csv
PISA,2025,LVA,BELONG,covariate,covariate_estimates.csv
PISA,2025,MAC,ESCS,covariate,covariate_estimates.csv
PISA,2025,MAC,HOMEPOS,covariate,covariate_estimates.csv
PISA,2025,MAC,BELONG,covariate,covariate_estimates.csv
PISA,2025,MAC,ICTAVSCH,covariate,covariate_estimates.csv
PISA,2025,MAR,ESCS,covariate,covariate_estimates.csv
PISA,2025,MAR,HOMEPOS,covariate,covariate_estimates.csv
PISA,2025,MAR,BELONG,covariate,covariate_estimates.csv
PISA,2025,MAR,ICTAVSCH,covariate,covariate_estimates.csv
PISA,2025,MDA,ESCS,covariate,covariate_estimates.csv
PISA,2025,MDA,HOMEPOS,covariate,covariate_estimates.csv
PISA,2025,MDA,BELONG,covariate,covariate_estimates.csv
PISA,2025,MEX,ESCS,covariate,covariate_estimates.csv
PISA,2025,MEX,HOMEPOS,covariate,covariate_estimates.csv
PISA,2025,MEX,BELONG,covariate,covariate_estimates.csv
PISA,2025,MKD,ESCS,covariate,covariate_estimates.csv
PISA,2025,MKD,HOMEPOS,covariate,covariate_estimates.csv
PISA,2025,MKD,BELONG,covariate,covariate_estimates.csv
PISA,2025,MLT,ESCS,covariate,covariate_estimates.csv
PISA,2025,MLT,HOMEPOS,covariate,covariate_estimates.csv
PISA,2025,MLT,BELONG,covariate,covariate_estimates.csv
PISA,2025,MNE,ESCS,covariate,covariate_estimates.csv
PISA,2025,MNE,HOMEPOS,covariate,covariate_estimates.csv
PISA,2025,MNE,BELONG,covariate,covariate_estimates.csv
PISA,2025,MNG,ESCS,covariate,covariate_estimates.csv
PISA,2025,MNG,HOMEPOS,covariate,covariate_estimates.csv
PISA,2025,MNG,BELONG,covariate,covariate_estimates.csv
PISA,2025,MNG,ICTAVSCH,covariate,covariate_estimates.csv
PISA,2025,MUS,ESCS,covariate,covariate_estimates.csv
PISA,2025,MUS,HOMEPOS,covariate,covariate_estimates.csv
PISA,2025,MUS,BELONG,covariate,covariate_estimates.csv
PISA,2025,MYS,ESCS,covariate,covariate_estimates.csv
PISA,2025,MYS,HOMEPOS,covariate,covariate_estimates.csv
PISA,2025,MYS,BELONG,covariate,covariate_estimates.csv
PISA,2025,MYS,ICTAVSCH,covariate,covariate_estimates.csv
PISA,2025,NLD,ESCS,covariate,covariate_estimates.csv
PISA,2025,NLD,HOMEPOS,covariate,covariate_estimates.csv
PISA,2025,NLD,BELONG,covariate,covariate_estimates.csv
PISA,2025,NLD,ICTAVSCH,covariate,covariate_estimates.csv
PISA,2025,NOR,ESCS,covariate,covariate_estimates.csv
PISA,2025,NOR,HOMEPOS,covariate,covariate_estimates.csv
PISA,2025,NOR,BELONG,covariate,covariate_estimates.csv
PISA,2025,NZL,ESCS,covariate,covariate_estimates.csv
PISA,2025,NZL,HOMEPOS,covariate,covariate_estimates.csv
PISA,2025,NZL,BELONG,covariate,covariate_estimates.csv
PISA,2025,NZL,ICTAVSCH,covariate,covariate_estimates.csv
PISA,2025,PER,ESCS,covariate,covariate_estimates.csv
PISA,2025,PER,HOMEPOS,covariate,covariate_estimates.csv
PISA,2025,PER,BELONG,covariate,covariate_estimates.csv
PISA,2025,PHL,ESCS,covariate,covariate_estimates.csv
PISA,2025,PHL,HOMEPOS,covariate,covariate_estimates.csv
PISA,2025,PHL,BELONG,covariate,covariate_estimates.csv
PISA,2025,POL,ESCS,covariate,covariate_estimates.csv
PISA,2025,POL,HOMEPOS,covariate,covariate_estimates.csv
PISA,2025,POL,BELONG,covariate,covariate_estimates.csv
PISA,2025,POL,ICTAVSCH,covariate,covariate_estimates.csv
PISA,2025,PRT,ESCS,covariate,covariate_estimates.csv
PISA,2025,PRT,HOMEPOS,covariate,covariate_estimates.csv
PISA,2025,PRT,BELONG,covariate,covariate_estimates.csv
PISA,2025,PRY,ESCS,covariate,covariate_estimates.csv
PISA,2025,PRY,HOMEPOS,covariate,covariate_estimates.csv
PISA,2025,PRY,BELONG,covariate,covariate_estimates.csv
PISA,2025,PSE,ESCS,covariate,covariate_estimates.csv
PISA,2025,PSE,HOMEPOS,covariate,covariate_estimates.csv
PISA,2025,PSE,BELONG,covariate,covariate_estimates.csv
PISA,2025,QAT,ESCS,covariate,covariate_estimates.csv
PISA,2025,QAT,HOMEPOS,covariate,covariate_estimates.csv
PISA,2025,QAT,BELONG,covariate,covariate_estimates.csv
PISA,2025,QAT,ICTAVSCH,covariate,covariate_estimates.csv
PISA,2025,QCI,ESCS,covariate,covariate_estimates.csv
PISA,2025,QCI,HOMEPOS,covariate,covariate_estimates.csv
PISA,2025,QCI,BELONG,covariate,covariate_estimates.csv
PISA,2025,QCI,ICTAVSCH,covariate,covariate_estimates.csv
PISA,2025,QKI,ESCS,covariate,covariate_estimates.csv
PISA,2025,QKI,HOMEPOS,covariate,covariate_estimates.csv
PISA,2025,QTJ,ESCS,covariate,covariate_estimates.csv
PISA,2025,QTJ,HOMEPOS,covariate,covariate_estimates.csv
PISA,2025,QTJ,BELONG,covariate,covariate_estimates.csv
PISA,2025,QUA,ESCS,covariate,covariate_estimates.csv
PISA,2025,QUA,HOMEPOS,covariate,covariate_estimates.csv
PISA,2025,QUA,BELONG,covariate,covariate_estimates.csv
PISA,2025,QUA,ICTAVSCH,covariate,covariate_estimates.csv
PISA,2025,ROU,ESCS,covariate,covariate_estimates.csv
PISA,2025,ROU,HOMEPOS,covariate,covariate_estimates.csv
PISA,2025,ROU,BELONG,covariate,covariate_estimates.csv
PISA,2025,ROU,ICTAVSCH,covariate,covariate_estimates.csv
PISA,2025,RWA,ESCS,covariate,covariate_estimates.csv
PISA,2025,RWA,HOMEPOS,covariate,covariate_estimates.csv
PISA,2025,SAU,ESCS,covariate,covariate_estimates.csv
PISA,2025,SAU,HOMEPOS,covariate,covariate_estimates.csv
PISA,2025,SAU,BELONG,covariate,covariate_estimates.csv
PISA,2025,SGP,ESCS,covariate,covariate_estimates.csv
PISA,2025,SGP,HOMEPOS,covariate,covariate_estimates.csv
PISA,2025,SGP,BELONG,covariate,covariate_estimates.csv
PISA,2025,SGP,ICTAVSCH,covariate,covariate_estimates.csv
PISA,2025,SLV,BELONG,covariate,covariate_estimates.csv
PISA,2025,SRB,ESCS,covariate,covariate_estimates.csv
PISA,2025,SRB,HOMEPOS,covariate,covariate_estimates.csv
PISA,2025,SRB,BELONG,covariate,covariate_estimates.csv
PISA,2025,SVK,ESCS,covariate,covariate_estimates.csv
PISA,2025,SVK,HOMEPOS,covariate,covariate_estimates.csv
PISA,2025,SVK,BELONG,covariate,covariate_estimates.csv
PISA,2025,SVN,ESCS,covariate,covariate_estimates.csv
PISA,2025,SVN,HOMEPOS,covariate,covariate_estimates.csv
PISA,2025,SVN,BELONG,covariate,covariate_estimates.csv
PISA,2025,SVN,ICTAVSCH,covariate,covariate_estimates.csv
PISA,2025,SWE,ESCS,covariate,covariate_estimates.csv
PISA,2025,SWE,HOMEPOS,covariate,covariate_estimates.csv
PISA,2025,SWE,BELONG,covariate,covariate_estimates.csv
PISA,2025,TAP,ESCS,covariate,covariate_estimates.csv
PISA,2025,TAP,HOMEPOS,covariate,covariate_estimates.csv
PISA,2025,TAP,BELONG,covariate,covariate_estimates.csv
PISA,2025,TAP,ICTAVSCH,covariate,covariate_estimates.csv
PISA,2025,THA,ESCS,covariate,covariate_estimates.csv
PISA,2025,THA,HOMEPOS,covariate,covariate_estimates.csv
PISA,2025,THA,BELONG,covariate,covariate_estimates.csv
PISA,2025,TUR,ESCS,covariate,covariate_estimates.csv
PISA,2025,TUR,HOMEPOS,covariate,covariate_estimates.csv
PISA,2025,TUR,BELONG,covariate,covariate_estimates.csv
PISA,2025,TUR,ICTAVSCH,covariate,covariate_estimates.csv
PISA,2025,URY,ESCS,covariate,covariate_estimates.csv
PISA,2025,URY,HOMEPOS,covariate,covariate_estimates.csv
PISA,2025,URY,BELONG,covariate,covariate_estimates.csv
PISA,2025,URY,ICTAVSCH,covariate,covariate_estimates.csv
PISA,2025,USA,ESCS,covariate,covariate_estimates.csv
PISA,2025,USA,HOMEPOS,covariate,covariate_estimates.csv
PISA,2025,USA,BELONG,covariate,covariate_estimates.csv
PISA,2025,USA,ICTAVSCH,covariate,covariate_estimates.csv
PISA,2025,UZB,ESCS,covariate,covariate_estimates.csv
PISA,2025,UZB,HOMEPOS,covariate,covariate_estimates.csv
PISA,2025,UZB,BELONG,covariate,covariate_estimates.csv
PISA,2025,VNM,ESCS,covariate,covariate_estimates.csv
PISA,2025,VNM,HOMEPOS,covariate,covariate_estimates.csv
PISA,2025,VNM,BELONG,covariate,covariate_estimates.csv
PISA,2025,ZMB,ESCS,covariate,covariate_estimates.csv
PISA,2025,ZMB,HOMEPOS,covariate,covariate_estimates.csv
TIMSS,2023,AAD,BSDGEDUP,covariate,covariate_estimates.csv
TIMSS,2023,ASH,BSDGEDUP,covariate,covariate_estimates.csv
TIMSS,2023,AUS,BSDGEDUP,covariate,covariate_estimates.csv
TIMSS,2023,AZE,BSDGEDUP,covariate,covariate_estimates.csv
TIMSS,2023,BHR,BSDGEDUP,covariate,covariate_estimates.csv
TIMSS,2023,BRA,BSDGEDUP,covariate,covariate_estimates.csv
TIMSS,2023,CHL,BSDGEDUP,covariate,covariate_estimates.csv
TIMSS,2023,CIV,BSDGEDUP,covariate,covariate_estimates.csv
TIMSS,2023,CYP,BSDGEDUP,covariate,covariate_estimates.csv
TIMSS,2023,CZE,BSDGEDUP,covariate,covariate_estimates.csv
TIMSS,2023,ENG,BSDGEDUP,covariate,covariate_estimates.csv
TIMSS,2023,FIN,BSDGEDUP,covariate,covariate_estimates.csv
TIMSS,2023,FRA,BSDGEDUP,covariate,covariate_estimates.csv
TIMSS,2023,GEO,BSDGEDUP,covariate,covariate_estimates.csv
TIMSS,2023,HKG,BSDGEDUP,covariate,covariate_estimates.csv
TIMSS,2023,HUN,BSDGEDUP,covariate,covariate_estimates.csv
TIMSS,2023,IRL,BSDGEDUP,covariate,covariate_estimates.csv
TIMSS,2023,IRN,BSDGEDUP,covariate,covariate_estimates.csv
TIMSS,2023,ITA,BSDGEDUP,covariate,covariate_estimates.csv
TIMSS,2023,JPN,BSDGEDUP,covariate,covariate_estimates.csv
TIMSS,2023,KAZ,BSDGEDUP,covariate,covariate_estimates.csv
TIMSS,2023,KOR,BSDGEDUP,covariate,covariate_estimates.csv
TIMSS,2023,KWT,BSDGEDUP,covariate,covariate_estimates.csv
TIMSS,2023,LTU,BSDGEDUP,covariate,covariate_estimates.csv
TIMSS,2023,MAR,BSDGEDUP,covariate,covariate_estimates.csv
TIMSS,2023,MYS,BSDGEDUP,covariate,covariate_estimates.csv
TIMSS,2023,NOR,BSDGEDUP,covariate,covariate_estimates.csv
TIMSS,2023,NZL,BSDGEDUP,covariate,covariate_estimates.csv
TIMSS,2023,OMN,BSDGEDUP,covariate,covariate_estimates.csv
TIMSS,2023,PRT,BSDGEDUP,covariate,covariate_estimates.csv
TIMSS,2023,PSE,BSDGEDUP,covariate,covariate_estimates.csv
TIMSS,2023,ROM,BSDGEDUP,covariate,covariate_estimates.csv
TIMSS,2023,SGP,BSDGEDUP,covariate,covariate_estimates.csv
TIMSS,2023,SWE,BSDGEDUP,covariate,covariate_estimates.csv
TIMSS,2023,TUR,BSDGEDUP,covariate,covariate_estimates.csv
TIMSS,2023,TWN,BSDGEDUP,covariate,covariate_estimates.csv
TIMSS,2023,USA,BSDGEDUP,covariate,covariate_estimates.csv
TIMSS,2023,UZB,BSDGEDUP,covariate,covariate_estimates.csv
TIMSS,2019,AAD,ITSEX,covariate,covariate_estimates.csv
TIMSS,2019,AAD,BSDGEDUP,covariate,covariate_estimates.csv
TIMSS,2019,AAD,ITSEX,covariate,covariate_estimates.csv
TIMSS,2019,AAD,BSDGEDUP,covariate,covariate_estimates.csv
TIMSS,2019,ADU,ITSEX,covariate,covariate_estimates.csv
TIMSS,2019,ADU,BSDGEDUP,covariate,covariate_estimates.csv
TIMSS,2019,ARE,ITSEX,covariate,covariate_estimates.csv
TIMSS,2019,ARE,BSDGEDUP,covariate,covariate_estimates.csv
TIMSS,2019,ARE,ITSEX,covariate,covariate_estimates.csv
TIMSS,2019,ARE,BSDGEDUP,covariate,covariate_estimates.csv
TIMSS,2019,AUS,ITSEX,covariate,covariate_estimates.csv
TIMSS,2019,AUS,BSDGEDUP,covariate,covariate_estimates.csv
TIMSS,2019,BHR,ITSEX,covariate,covariate_estimates.csv
TIMSS,2019,BHR,BSDGEDUP,covariate,covariate_estimates.csv
TIMSS,2019,CHL,ITSEX,covariate,covariate_estimates.csv
TIMSS,2019,CHL,BSDGEDUP,covariate,covariate_estimates.csv
TIMSS,2019,CHL,ITSEX,covariate,covariate_estimates.csv
TIMSS,2019,CHL,BSDGEDUP,covariate,covariate_estimates.csv
TIMSS,2019,COT,ITSEX,covariate,covariate_estimates.csv
TIMSS,2019,COT,BSDGEDUP,covariate,covariate_estimates.csv
TIMSS,2019,COT,ITSEX,covariate,covariate_estimates.csv
TIMSS,2019,COT,BSDGEDUP,covariate,covariate_estimates.csv
TIMSS,2019,CQU,ITSEX,covariate,covariate_estimates.csv
TIMSS,2019,CQU,BSDGEDUP,covariate,covariate_estimates.csv
TIMSS,2019,CYP,ITSEX,covariate,covariate_estimates.csv
TIMSS,2019,CYP,BSDGEDUP,covariate,covariate_estimates.csv
TIMSS,2019,EGY,ITSEX,covariate,covariate_estimates.csv
TIMSS,2019,EGY,BSDGEDUP,covariate,covariate_estimates.csv
TIMSS,2019,ENG,ITSEX,covariate,covariate_estimates.csv
TIMSS,2019,ENG,BSDGEDUP,covariate,covariate_estimates.csv
TIMSS,2019,ENG,ITSEX,covariate,covariate_estimates.csv
TIMSS,2019,ENG,BSDGEDUP,covariate,covariate_estimates.csv
TIMSS,2019,FIN,ITSEX,covariate,covariate_estimates.csv
TIMSS,2019,FIN,BSDGEDUP,covariate,covariate_estimates.csv
TIMSS,2019,FRA,ITSEX,covariate,covariate_estimates.csv
TIMSS,2019,FRA,BSDGEDUP,covariate,covariate_estimates.csv
TIMSS,2019,FRA,ITSEX,covariate,covariate_estimates.csv
TIMSS,2019,FRA,BSDGEDUP,covariate,covariate_estimates.csv
TIMSS,2019,GEO,ITSEX,covariate,covariate_estimates.csv
TIMSS,2019,GEO,BSDGEDUP,covariate,covariate_estimates.csv
TIMSS,2019,GEO,ITSEX,covariate,covariate_estimates.csv
TIMSS,2019,GEO,BSDGEDUP,covariate,covariate_estimates.csv
TIMSS,2019,HKG,ITSEX,covariate,covariate_estimates.csv
TIMSS,2019,HKG,BSDGEDUP,covariate,covariate_estimates.csv
TIMSS,2019,HUN,ITSEX,covariate,covariate_estimates.csv
TIMSS,2019,HUN,BSDGEDUP,covariate,covariate_estimates.csv
TIMSS,2019,HUN,ITSEX,covariate,covariate_estimates.csv
TIMSS,2019,HUN,BSDGEDUP,covariate,covariate_estimates.csv
TIMSS,2019,HUN,ITSEX,covariate,covariate_estimates.csv
TIMSS,2019,HUN,BSDGEDUP,covariate,covariate_estimates.csv
TIMSS,2019,IRN,ITSEX,covariate,covariate_estimates.csv
TIMSS,2019,IRN,BSDGEDUP,covariate,covariate_estimates.csv
TIMSS,2019,ISR,ITSEX,covariate,covariate_estimates.csv
TIMSS,2019,ISR,BSDGEDUP,covariate,covariate_estimates.csv
TIMSS,2019,ISR,ITSEX,covariate,covariate_estimates.csv
TIMSS,2019,ISR,BSDGEDUP,covariate,covariate_estimates.csv
TIMSS,2019,ITA,ITSEX,covariate,covariate_estimates.csv
TIMSS,2019,ITA,BSDGEDUP,covariate,covariate_estimates.csv
TIMSS,2019,ITA,ITSEX,covariate,covariate_estimates.csv
TIMSS,2019,ITA,BSDGEDUP,covariate,covariate_estimates.csv
TIMSS,2019,ITA,ITSEX,covariate,covariate_estimates.csv
TIMSS,2019,ITA,BSDGEDUP,covariate,covariate_estimates.csv
TIMSS,2019,JOR,ITSEX,covariate,covariate_estimates.csv
TIMSS,2019,JOR,BSDGEDUP,covariate,covariate_estimates.csv
TIMSS,2019,KAZ,ITSEX,covariate,covariate_estimates.csv
TIMSS,2019,KAZ,BSDGEDUP,covariate,covariate_estimates.csv
TIMSS,2019,KOR,ITSEX,covariate,covariate_estimates.csv
TIMSS,2019,KOR,BSDGEDUP,covariate,covariate_estimates.csv
TIMSS,2019,LTU,ITSEX,covariate,covariate_estimates.csv
TIMSS,2019,LTU,BSDGEDUP,covariate,covariate_estimates.csv
TIMSS,2019,LTU,ITSEX,covariate,covariate_estimates.csv
TIMSS,2019,LTU,BSDGEDUP,covariate,covariate_estimates.csv
TIMSS,2019,MAR,ITSEX,covariate,covariate_estimates.csv
TIMSS,2019,MAR,BSDGEDUP,covariate,covariate_estimates.csv
TIMSS,2019,MYS,ITSEX,covariate,covariate_estimates.csv
TIMSS,2019,MYS,BSDGEDUP,covariate,covariate_estimates.csv
TIMSS,2019,MYS,ITSEX,covariate,covariate_estimates.csv
TIMSS,2019,MYS,BSDGEDUP,covariate,covariate_estimates.csv
TIMSS,2019,NOR,ITSEX,covariate,covariate_estimates.csv
TIMSS,2019,NOR,BSDGEDUP,covariate,covariate_estimates.csv
TIMSS,2019,NOR,ITSEX,covariate,covariate_estimates.csv
TIMSS,2019,NOR,BSDGEDUP,covariate,covariate_estimates.csv
TIMSS,2019,NOR,ITSEX,covariate,covariate_estimates.csv
TIMSS,2019,NOR,BSDGEDUP,covariate,covariate_estimates.csv
TIMSS,2019,NZL,ITSEX,covariate,covariate_estimates.csv
TIMSS,2019,NZL,BSDGEDUP,covariate,covariate_estimates.csv
TIMSS,2019,PRT,ITSEX,covariate,covariate_estimates.csv
TIMSS,2019,PRT,BSDGEDUP,covariate,covariate_estimates.csv
TIMSS,2019,PRT,ITSEX,covariate,covariate_estimates.csv
TIMSS,2019,PRT,BSDGEDUP,covariate,covariate_estimates.csv
TIMSS,2019,QAT,ITSEX,covariate,covariate_estimates.csv
TIMSS,2019,QAT,BSDGEDUP,covariate,covariate_estimates.csv
TIMSS,2019,QAT,ITSEX,covariate,covariate_estimates.csv
TIMSS,2019,QAT,BSDGEDUP,covariate,covariate_estimates.csv
TIMSS,2019,RMO,ITSEX,covariate,covariate_estimates.csv
TIMSS,2019,RMO,BSDGEDUP,covariate,covariate_estimates.csv
TIMSS,2019,RMO,ITSEX,covariate,covariate_estimates.csv
TIMSS,2019,RMO,BSDGEDUP,covariate,covariate_estimates.csv
TIMSS,2019,RUS,ITSEX,covariate,covariate_estimates.csv
TIMSS,2019,RUS,BSDGEDUP,covariate,covariate_estimates.csv
TIMSS,2019,RUS,ITSEX,covariate,covariate_estimates.csv
TIMSS,2019,RUS,BSDGEDUP,covariate,covariate_estimates.csv
TIMSS,2019,RUS,ITSEX,covariate,covariate_estimates.csv
TIMSS,2019,RUS,BSDGEDUP,covariate,covariate_estimates.csv
TIMSS,2019,SAU,ITSEX,covariate,covariate_estimates.csv
TIMSS,2019,SAU,BSDGEDUP,covariate,covariate_estimates.csv
TIMSS,2019,SGP,ITSEX,covariate,covariate_estimates.csv
TIMSS,2019,SGP,BSDGEDUP,covariate,covariate_estimates.csv
TIMSS,2019,SGP,ITSEX,covariate,covariate_estimates.csv
TIMSS,2019,SGP,BSDGEDUP,covariate,covariate_estimates.csv
TIMSS,2019,SGP,ITSEX,covariate,covariate_estimates.csv
TIMSS,2019,SGP,BSDGEDUP,covariate,covariate_estimates.csv
TIMSS,2019,SWE,ITSEX,covariate,covariate_estimates.csv
TIMSS,2019,SWE,BSDGEDUP,covariate,covariate_estimates.csv
TIMSS,2019,SWE,ITSEX,covariate,covariate_estimates.csv
TIMSS,2019,SWE,BSDGEDUP,covariate,covariate_estimates.csv
TIMSS,2019,SWE,ITSEX,covariate,covariate_estimates.csv
TIMSS,2019,SWE,BSDGEDUP,covariate,covariate_estimates.csv
TIMSS,2019,TUR,ITSEX,covariate,covariate_estimates.csv
TIMSS,2019,TUR,BSDGEDUP,covariate,covariate_estimates.csv
TIMSS,2019,TUR,ITSEX,covariate,covariate_estimates.csv
TIMSS,2019,TUR,BSDGEDUP,covariate,covariate_estimates.csv
TIMSS,2019,TWN,ITSEX,covariate,covariate_estimates.csv
TIMSS,2019,TWN,BSDGEDUP,covariate,covariate_estimates.csv
TIMSS,2019,TWN,ITSEX,covariate,covariate_estimates.csv
TIMSS,2019,TWN,BSDGEDUP,covariate,covariate_estimates.csv
TIMSS,2019,TWN,ITSEX,covariate,covariate_estimates.csv
TIMSS,2019,TWN,BSDGEDUP,covariate,covariate_estimates.csv
TIMSS,2019,USA,ITSEX,covariate,covariate_estimates.csv
TIMSS,2019,USA,BSDGEDUP,covariate,covariate_estimates.csv
TIMSS,2019,ZAF,ITSEX,covariate,covariate_estimates.csv
TIMSS,2019,ZAF,BSDGEDUP,covariate,covariate_estimates.csv
TIMSS,2015,AAD,ITSEX,covariate,covariate_estimates.csv
TIMSS,2015,AAD,BSDGEDUP,covariate,covariate_estimates.csv
TIMSS,2015,ABA,ITSEX,covariate,covariate_estimates.csv
TIMSS,2015,ABA,BSDGEDUP,covariate,covariate_estimates.csv
TIMSS,2015,ADU,ITSEX,covariate,covariate_estimates.csv
TIMSS,2015,ADU,BSDGEDUP,covariate,covariate_estimates.csv
TIMSS,2015,ARE,ITSEX,covariate,covariate_estimates.csv
TIMSS,2015,ARE,BSDGEDUP,covariate,covariate_estimates.csv
TIMSS,2015,ARM,ITSEX,covariate,covariate_estimates.csv
TIMSS,2015,ARM,BSDGEDUP,covariate,covariate_estimates.csv
TIMSS,2015,AUS,ITSEX,covariate,covariate_estimates.csv
TIMSS,2015,AUS,BSDGEDUP,covariate,covariate_estimates.csv
TIMSS,2015,BHR,ITSEX,covariate,covariate_estimates.csv
TIMSS,2015,BHR,BSDGEDUP,covariate,covariate_estimates.csv
TIMSS,2015,CAN,ITSEX,covariate,covariate_estimates.csv
TIMSS,2015,CAN,BSDGEDUP,covariate,covariate_estimates.csv
TIMSS,2015,CHL,ITSEX,covariate,covariate_estimates.csv
TIMSS,2015,CHL,BSDGEDUP,covariate,covariate_estimates.csv
TIMSS,2015,COT,ITSEX,covariate,covariate_estimates.csv
TIMSS,2015,COT,BSDGEDUP,covariate,covariate_estimates.csv
TIMSS,2015,CQU,ITSEX,covariate,covariate_estimates.csv
TIMSS,2015,CQU,BSDGEDUP,covariate,covariate_estimates.csv
TIMSS,2015,HKG,ITSEX,covariate,covariate_estimates.csv
TIMSS,2015,HKG,BSDGEDUP,covariate,covariate_estimates.csv
TIMSS,2015,HUN,ITSEX,covariate,covariate_estimates.csv
TIMSS,2015,HUN,BSDGEDUP,covariate,covariate_estimates.csv
TIMSS,2015,IRL,ITSEX,covariate,covariate_estimates.csv
TIMSS,2015,IRL,BSDGEDUP,covariate,covariate_estimates.csv
TIMSS,2015,IRN,ITSEX,covariate,covariate_estimates.csv
TIMSS,2015,IRN,BSDGEDUP,covariate,covariate_estimates.csv
TIMSS,2015,ISR,ITSEX,covariate,covariate_estimates.csv
TIMSS,2015,ISR,BSDGEDUP,covariate,covariate_estimates.csv
TIMSS,2015,ITA,ITSEX,covariate,covariate_estimates.csv
TIMSS,2015,ITA,BSDGEDUP,covariate,covariate_estimates.csv
TIMSS,2015,JOR,ITSEX,covariate,covariate_estimates.csv
TIMSS,2015,JOR,BSDGEDUP,covariate,covariate_estimates.csv
TIMSS,2015,JPN,ITSEX,covariate,covariate_estimates.csv
TIMSS,2015,JPN,BSDGEDUP,covariate,covariate_estimates.csv
TIMSS,2015,KAZ,ITSEX,covariate,covariate_estimates.csv
TIMSS,2015,KAZ,BSDGEDUP,covariate,covariate_estimates.csv
TIMSS,2015,KWT,ITSEX,covariate,covariate_estimates.csv
TIMSS,2015,KWT,BSDGEDUP,covariate,covariate_estimates.csv
TIMSS,2015,LBN,ITSEX,covariate,covariate_estimates.csv
TIMSS,2015,LBN,BSDGEDUP,covariate,covariate_estimates.csv
TIMSS,2015,LTU,ITSEX,covariate,covariate_estimates.csv
TIMSS,2015,LTU,BSDGEDUP,covariate,covariate_estimates.csv
TIMSS,2015,MAR,ITSEX,covariate,covariate_estimates.csv
TIMSS,2015,MAR,BSDGEDUP,covariate,covariate_estimates.csv
TIMSS,2015,MLT,ITSEX,covariate,covariate_estimates.csv
TIMSS,2015,MLT,BSDGEDUP,covariate,covariate_estimates.csv
TIMSS,2015,MYS,ITSEX,covariate,covariate_estimates.csv
TIMSS,2015,MYS,BSDGEDUP,covariate,covariate_estimates.csv
TIMSS,2015,OMN,ITSEX,covariate,covariate_estimates.csv
TIMSS,2015,OMN,BSDGEDUP,covariate,covariate_estimates.csv
TIMSS,2015,QAT,ITSEX,covariate,covariate_estimates.csv
TIMSS,2015,QAT,BSDGEDUP,covariate,covariate_estimates.csv
TIMSS,2015,RUS,ITSEX,covariate,covariate_estimates.csv
TIMSS,2015,RUS,BSDGEDUP,covariate,covariate_estimates.csv
TIMSS,2015,SAU,ITSEX,covariate,covariate_estimates.csv
TIMSS,2015,SAU,BSDGEDUP,covariate,covariate_estimates.csv
TIMSS,2015,SGP,ITSEX,covariate,covariate_estimates.csv
TIMSS,2015,SGP,BSDGEDUP,covariate,covariate_estimates.csv
TIMSS,2015,SVN,ITSEX,covariate,covariate_estimates.csv
TIMSS,2015,SVN,BSDGEDUP,covariate,covariate_estimates.csv
TIMSS,2015,THA,ITSEX,covariate,covariate_estimates.csv
TIMSS,2015,THA,BSDGEDUP,covariate,covariate_estimates.csv
TIMSS,2015,TUR,ITSEX,covariate,covariate_estimates.csv
TIMSS,2015,TUR,BSDGEDUP,covariate,covariate_estimates.csv
TIMSS,2015,ZAF,ITSEX,covariate,covariate_estimates.csv
TIMSS,2015,ZAF,BSDGEDUP,covariate,covariate_estimates.csv
TIMSS,2011,AAD,ITSEX,covariate,covariate_estimates.csv
TIMSS,2011,AAD,BSDGEDUP,covariate,covariate_estimates.csv
TIMSS,2011,ADU,ITSEX,covariate,covariate_estimates.csv
TIMSS,2011,ADU,BSDGEDUP,covariate,covariate_estimates.csv
TIMSS,2011,ARM,ITSEX,covariate,covariate_estimates.csv
TIMSS,2011,ARM,BSDGEDUP,covariate,covariate_estimates.csv
TIMSS,2011,AUS,ITSEX,covariate,covariate_estimates.csv
TIMSS,2011,AUS,BSDGEDUP,covariate,covariate_estimates.csv
TIMSS,2011,BHR,ITSEX,covariate,covariate_estimates.csv
TIMSS,2011,BHR,BSDGEDUP,covariate,covariate_estimates.csv
TIMSS,2011,CAB,ITSEX,covariate,covariate_estimates.csv
TIMSS,2011,CAB,BSDGEDUP,covariate,covariate_estimates.csv
TIMSS,2011,COT,ITSEX,covariate,covariate_estimates.csv
TIMSS,2011,COT,BSDGEDUP,covariate,covariate_estimates.csv
TIMSS,2011,CQU,ITSEX,covariate,covariate_estimates.csv
TIMSS,2011,CQU,BSDGEDUP,covariate,covariate_estimates.csv
TIMSS,2011,ENG,ITSEX,covariate,covariate_estimates.csv
TIMSS,2011,ENG,BSDGEDUP,covariate,covariate_estimates.csv
TIMSS,2011,GEO,ITSEX,covariate,covariate_estimates.csv
TIMSS,2011,GEO,BSDGEDUP,covariate,covariate_estimates.csv
TIMSS,2011,GHA,ITSEX,covariate,covariate_estimates.csv
TIMSS,2011,GHA,BSDGEDUP,covariate,covariate_estimates.csv
TIMSS,2011,HND,ITSEX,covariate,covariate_estimates.csv
TIMSS,2011,HND,BSDGEDUP,covariate,covariate_estimates.csv
TIMSS,2011,HUN,ITSEX,covariate,covariate_estimates.csv
TIMSS,2011,HUN,BSDGEDUP,covariate,covariate_estimates.csv
TIMSS,2011,IDN,ITSEX,covariate,covariate_estimates.csv
TIMSS,2011,IDN,BSDGEDUP,covariate,covariate_estimates.csv
TIMSS,2011,IRN,ITSEX,covariate,covariate_estimates.csv
TIMSS,2011,IRN,BSDGEDUP,covariate,covariate_estimates.csv
TIMSS,2011,ISR,ITSEX,covariate,covariate_estimates.csv
TIMSS,2011,ISR,BSDGEDUP,covariate,covariate_estimates.csv
TIMSS,2011,ITA,ITSEX,covariate,covariate_estimates.csv
TIMSS,2011,ITA,BSDGEDUP,covariate,covariate_estimates.csv
TIMSS,2011,JOR,ITSEX,covariate,covariate_estimates.csv
TIMSS,2011,JOR,BSDGEDUP,covariate,covariate_estimates.csv
TIMSS,2011,JPN,ITSEX,covariate,covariate_estimates.csv
TIMSS,2011,JPN,BSDGEDUP,covariate,covariate_estimates.csv
TIMSS,2011,KAZ,ITSEX,covariate,covariate_estimates.csv
TIMSS,2011,KAZ,BSDGEDUP,covariate,covariate_estimates.csv
TIMSS,2011,KOR,ITSEX,covariate,covariate_estimates.csv
TIMSS,2011,KOR,BSDGEDUP,covariate,covariate_estimates.csv
TIMSS,2011,MAR,ITSEX,covariate,covariate_estimates.csv
TIMSS,2011,MAR,BSDGEDUP,covariate,covariate_estimates.csv
TIMSS,2011,MYS,ITSEX,covariate,covariate_estimates.csv
TIMSS,2011,MYS,BSDGEDUP,covariate,covariate_estimates.csv
TIMSS,2011,NOR,ITSEX,covariate,covariate_estimates.csv
TIMSS,2011,NOR,BSDGEDUP,covariate,covariate_estimates.csv
TIMSS,2011,NZL,ITSEX,covariate,covariate_estimates.csv
TIMSS,2011,NZL,BSDGEDUP,covariate,covariate_estimates.csv
TIMSS,2011,PSE,ITSEX,covariate,covariate_estimates.csv
TIMSS,2011,PSE,BSDGEDUP,covariate,covariate_estimates.csv
TIMSS,2011,QAT,ITSEX,covariate,covariate_estimates.csv
TIMSS,2011,QAT,BSDGEDUP,covariate,covariate_estimates.csv
TIMSS,2011,ROM,ITSEX,covariate,covariate_estimates.csv
TIMSS,2011,ROM,BSDGEDUP,covariate,covariate_estimates.csv
TIMSS,2011,SAU,ITSEX,covariate,covariate_estimates.csv
TIMSS,2011,SAU,BSDGEDUP,covariate,covariate_estimates.csv
TIMSS,2011,SYR,ITSEX,covariate,covariate_estimates.csv
TIMSS,2011,SYR,BSDGEDUP,covariate,covariate_estimates.csv
TIMSS,2011,THA,ITSEX,covariate,covariate_estimates.csv
TIMSS,2011,THA,BSDGEDUP,covariate,covariate_estimates.csv
TIMSS,2011,TUN,ITSEX,covariate,covariate_estimates.csv
TIMSS,2011,TUN,BSDGEDUP,covariate,covariate_estimates.csv
TIMSS,2011,TUR,ITSEX,covariate,covariate_estimates.csv
TIMSS,2011,TUR,BSDGEDUP,covariate,covariate_estimates.csv
TIMSS,2011,TWN,ITSEX,covariate,covariate_estimates.csv
TIMSS,2011,TWN,BSDGEDUP,covariate,covariate_estimates.csv
TIMSS,2011,UKR,ITSEX,covariate,covariate_estimates.csv
TIMSS,2011,UKR,BSDGEDUP,covariate,covariate_estimates.csv
TIMSS,2011,USA,ITSEX,covariate,covariate_estimates.csv
TIMSS,2011,USA,BSDGEDUP,covariate,covariate_estimates.csv
TIMSS,2011,ZAF,ITSEX,covariate,covariate_estimates.csv
TIMSS,2011,ZAF,BSDGEDUP,covariate,covariate_estimates.csv
TIMSS,2007,BHR,ITSEX,covariate,covariate_estimates.csv
TIMSS,2007,BHR,BSDGEDUP,covariate,covariate_estimates.csv
TIMSS,2007,BIH,ITSEX,covariate,covariate_estimates.csv
TIMSS,2007,BIH,BSDGEDUP,covariate,covariate_estimates.csv
TIMSS,2007,BSQ,ITSEX,covariate,covariate_estimates.csv
TIMSS,2007,CBC,ITSEX,covariate,covariate_estimates.csv
TIMSS,2007,CBC,BSDGEDUP,covariate,covariate_estimates.csv
TIMSS,2007,COL,ITSEX,covariate,covariate_estimates.csv
TIMSS,2007,COL,BSDGEDUP,covariate,covariate_estimates.csv
TIMSS,2007,COT,ITSEX,covariate,covariate_estimates.csv
TIMSS,2007,COT,BSDGEDUP,covariate,covariate_estimates.csv
TIMSS,2007,CQU,ITSEX,covariate,covariate_estimates.csv
TIMSS,2007,CQU,BSDGEDUP,covariate,covariate_estimates.csv
TIMSS,2007,CYP,ITSEX,covariate,covariate_estimates.csv
TIMSS,2007,CYP,BSDGEDUP,covariate,covariate_estimates.csv
TIMSS,2007,DZA,ITSEX,covariate,covariate_estimates.csv
TIMSS,2007,DZA,BSDGEDUP,covariate,covariate_estimates.csv
TIMSS,2007,EGY,ITSEX,covariate,covariate_estimates.csv
TIMSS,2007,EGY,BSDGEDUP,covariate,covariate_estimates.csv
TIMSS,2007,GEO,ITSEX,covariate,covariate_estimates.csv
TIMSS,2007,GEO,BSDGEDUP,covariate,covariate_estimates.csv
TIMSS,2007,GHA,ITSEX,covariate,covariate_estimates.csv
TIMSS,2007,GHA,BSDGEDUP,covariate,covariate_estimates.csv
TIMSS,2007,HKG,ITSEX,covariate,covariate_estimates.csv
TIMSS,2007,HKG,BSDGEDUP,covariate,covariate_estimates.csv
TIMSS,2007,HUN,ITSEX,covariate,covariate_estimates.csv
TIMSS,2007,HUN,BSDGEDUP,covariate,covariate_estimates.csv
TIMSS,2007,IRN,ITSEX,covariate,covariate_estimates.csv
TIMSS,2007,IRN,BSDGEDUP,covariate,covariate_estimates.csv
TIMSS,2007,ISR,ITSEX,covariate,covariate_estimates.csv
TIMSS,2007,ISR,BSDGEDUP,covariate,covariate_estimates.csv
TIMSS,2007,ITA,ITSEX,covariate,covariate_estimates.csv
TIMSS,2007,ITA,BSDGEDUP,covariate,covariate_estimates.csv
TIMSS,2007,JOR,ITSEX,covariate,covariate_estimates.csv
TIMSS,2007,JOR,BSDGEDUP,covariate,covariate_estimates.csv
TIMSS,2007,JPN,ITSEX,covariate,covariate_estimates.csv
TIMSS,2007,JPN,BSDGEDUP,covariate,covariate_estimates.csv
TIMSS,2007,KWT,ITSEX,covariate,covariate_estimates.csv
TIMSS,2007,KWT,BSDGEDUP,covariate,covariate_estimates.csv
TIMSS,2007,LTU,ITSEX,covariate,covariate_estimates.csv
TIMSS,2007,LTU,BSDGEDUP,covariate,covariate_estimates.csv
TIMSS,2007,MAR,ITSEX,covariate,covariate_estimates.csv
TIMSS,2007,MAR,BSDGEDUP,covariate,covariate_estimates.csv
TIMSS,2007,MLT,ITSEX,covariate,covariate_estimates.csv
TIMSS,2007,MLT,BSDGEDUP,covariate,covariate_estimates.csv
TIMSS,2007,MNG,ITSEX,covariate,covariate_estimates.csv
TIMSS,2007,MNG,BSDGEDUP,covariate,covariate_estimates.csv
TIMSS,2007,MYS,ITSEX,covariate,covariate_estimates.csv
TIMSS,2007,MYS,BSDGEDUP,covariate,covariate_estimates.csv
TIMSS,2007,NOR,ITSEX,covariate,covariate_estimates.csv
TIMSS,2007,NOR,BSDGEDUP,covariate,covariate_estimates.csv
TIMSS,2007,OMN,ITSEX,covariate,covariate_estimates.csv
TIMSS,2007,OMN,BSDGEDUP,covariate,covariate_estimates.csv
TIMSS,2007,QAT,ITSEX,covariate,covariate_estimates.csv
TIMSS,2007,QAT,BSDGEDUP,covariate,covariate_estimates.csv
TIMSS,2007,ROM,ITSEX,covariate,covariate_estimates.csv
TIMSS,2007,ROM,BSDGEDUP,covariate,covariate_estimates.csv
TIMSS,2007,RUS,ITSEX,covariate,covariate_estimates.csv
TIMSS,2007,RUS,BSDGEDUP,covariate,covariate_estimates.csv
TIMSS,2007,SAU,ITSEX,covariate,covariate_estimates.csv
TIMSS,2007,SAU,BSDGEDUP,covariate,covariate_estimates.csv
TIMSS,2007,SCG,ITSEX,covariate,covariate_estimates.csv
TIMSS,2007,SCG,BSDGEDUP,covariate,covariate_estimates.csv
TIMSS,2007,SCO,ITSEX,covariate,covariate_estimates.csv
TIMSS,2007,SGP,ITSEX,covariate,covariate_estimates.csv
TIMSS,2007,SGP,BSDGEDUP,covariate,covariate_estimates.csv
TIMSS,2007,SLV,ITSEX,covariate,covariate_estimates.csv
TIMSS,2007,SLV,BSDGEDUP,covariate,covariate_estimates.csv
TIMSS,2007,SWE,ITSEX,covariate,covariate_estimates.csv
TIMSS,2007,SWE,BSDGEDUP,covariate,covariate_estimates.csv
TIMSS,2007,THA,ITSEX,covariate,covariate_estimates.csv
TIMSS,2007,THA,BSDGEDUP,covariate,covariate_estimates.csv
TIMSS,2007,TUN,ITSEX,covariate,covariate_estimates.csv
TIMSS,2007,TUN,BSDGEDUP,covariate,covariate_estimates.csv
TIMSS,2007,TWN,ITSEX,covariate,covariate_estimates.csv
TIMSS,2007,TWN,BSDGEDUP,covariate,covariate_estimates.csv
TIMSS,2007,UKR,ITSEX,covariate,covariate_estimates.csv
TIMSS,2007,UKR,BSDGEDUP,covariate,covariate_estimates.csv
TIMSS,2003,ARM,ITSEX,covariate,covariate_estimates.csv
TIMSS,2003,ARM,BSDGEDUP,covariate,covariate_estimates.csv
TIMSS,2003,BFL,ITSEX,covariate,covariate_estimates.csv
TIMSS,2003,BFL,BSDGEDUP,covariate,covariate_estimates.csv
TIMSS,2003,BGR,ITSEX,covariate,covariate_estimates.csv
TIMSS,2003,BGR,BSDGEDUP,covariate,covariate_estimates.csv
TIMSS,2003,BHR,ITSEX,covariate,covariate_estimates.csv
TIMSS,2003,BHR,BSDGEDUP,covariate,covariate_estimates.csv
TIMSS,2003,BSQ,ITSEX,covariate,covariate_estimates.csv
TIMSS,2003,BSQ,BSDGEDUP,covariate,covariate_estimates.csv
TIMSS,2003,CHL,ITSEX,covariate,covariate_estimates.csv
TIMSS,2003,CHL,BSDGEDUP,covariate,covariate_estimates.csv
TIMSS,2003,COT,ITSEX,covariate,covariate_estimates.csv
TIMSS,2003,COT,BSDGEDUP,covariate,covariate_estimates.csv
TIMSS,2003,CQU,ITSEX,covariate,covariate_estimates.csv
TIMSS,2003,CQU,BSDGEDUP,covariate,covariate_estimates.csv
TIMSS,2003,CYP,ITSEX,covariate,covariate_estimates.csv
TIMSS,2003,CYP,BSDGEDUP,covariate,covariate_estimates.csv
TIMSS,2003,EGY,ITSEX,covariate,covariate_estimates.csv
TIMSS,2003,EGY,BSDGEDUP,covariate,covariate_estimates.csv
TIMSS,2003,ENG,ITSEX,covariate,covariate_estimates.csv
TIMSS,2003,ENG,BSDGEDUP,covariate,covariate_estimates.csv
TIMSS,2003,EST,ITSEX,covariate,covariate_estimates.csv
TIMSS,2003,EST,BSDGEDUP,covariate,covariate_estimates.csv
TIMSS,2003,GHA,ITSEX,covariate,covariate_estimates.csv
TIMSS,2003,GHA,BSDGEDUP,covariate,covariate_estimates.csv
TIMSS,2003,HKG,ITSEX,covariate,covariate_estimates.csv
TIMSS,2003,HKG,BSDGEDUP,covariate,covariate_estimates.csv
TIMSS,2003,HUN,ITSEX,covariate,covariate_estimates.csv
TIMSS,2003,HUN,BSDGEDUP,covariate,covariate_estimates.csv
TIMSS,2003,ISR,ITSEX,covariate,covariate_estimates.csv
TIMSS,2003,ISR,BSDGEDUP,covariate,covariate_estimates.csv
TIMSS,2003,ITA,ITSEX,covariate,covariate_estimates.csv
TIMSS,2003,ITA,BSDGEDUP,covariate,covariate_estimates.csv
TIMSS,2003,KOR,ITSEX,covariate,covariate_estimates.csv
TIMSS,2003,KOR,BSDGEDUP,covariate,covariate_estimates.csv
TIMSS,2003,LBN,ITSEX,covariate,covariate_estimates.csv
TIMSS,2003,LBN,BSDGEDUP,covariate,covariate_estimates.csv
TIMSS,2003,LTU,ITSEX,covariate,covariate_estimates.csv
TIMSS,2003,LTU,BSDGEDUP,covariate,covariate_estimates.csv
TIMSS,2003,LVA,ITSEX,covariate,covariate_estimates.csv
TIMSS,2003,LVA,BSDGEDUP,covariate,covariate_estimates.csv
TIMSS,2003,MAR,ITSEX,covariate,covariate_estimates.csv
TIMSS,2003,MAR,BSDGEDUP,covariate,covariate_estimates.csv
TIMSS,2003,MDA,ITSEX,covariate,covariate_estimates.csv
TIMSS,2003,MDA,BSDGEDUP,covariate,covariate_estimates.csv
TIMSS,2003,MKD,ITSEX,covariate,covariate_estimates.csv
TIMSS,2003,MKD,BSDGEDUP,covariate,covariate_estimates.csv
TIMSS,2003,MYS,ITSEX,covariate,covariate_estimates.csv
TIMSS,2003,MYS,BSDGEDUP,covariate,covariate_estimates.csv
TIMSS,2003,NLD,ITSEX,covariate,covariate_estimates.csv
TIMSS,2003,NLD,BSDGEDUP,covariate,covariate_estimates.csv
TIMSS,2003,PHL,ITSEX,covariate,covariate_estimates.csv
TIMSS,2003,PHL,BSDGEDUP,covariate,covariate_estimates.csv
TIMSS,2003,PSE,ITSEX,covariate,covariate_estimates.csv
TIMSS,2003,PSE,BSDGEDUP,covariate,covariate_estimates.csv
TIMSS,2003,ROM,ITSEX,covariate,covariate_estimates.csv
TIMSS,2003,ROM,BSDGEDUP,covariate,covariate_estimates.csv
TIMSS,2003,RUS,ITSEX,covariate,covariate_estimates.csv
TIMSS,2003,RUS,BSDGEDUP,covariate,covariate_estimates.csv
TIMSS,2003,SVK,ITSEX,covariate,covariate_estimates.csv
TIMSS,2003,SVK,BSDGEDUP,covariate,covariate_estimates.csv
TIMSS,2003,SVN,ITSEX,covariate,covariate_estimates.csv
TIMSS,2003,SVN,BSDGEDUP,covariate,covariate_estimates.csv
TIMSS,2003,SWE,ITSEX,covariate,covariate_estimates.csv
TIMSS,2003,SWE,BSDGEDUP,covariate,covariate_estimates.csv
TIMSS,2003,SYR,ITSEX,covariate,covariate_estimates.csv
TIMSS,2003,SYR,BSDGEDUP,covariate,covariate_estimates.csv
TIMSS,2003,TUN,ITSEX,covariate,covariate_estimates.csv
TIMSS,2003,TUN,BSDGEDUP,covariate,covariate_estimates.csv
TIMSS,2003,ZAF,ITSEX,covariate,covariate_estimates.csv
TIMSS,2003,ZAF,BSDGEDUP,covariate,covariate_estimates.csv
TIMSS_G4,2023,AAD,ASDHEDUP,covariate,covariate_estimates.csv
TIMSS_G4,2023,ADU,ASDHEDUP,covariate,covariate_estimates.csv
TIMSS_G4,2023,ALB,ASDHEDUP,covariate,covariate_estimates.csv
TIMSS_G4,2023,ARE,ASDHEDUP,covariate,covariate_estimates.csv
TIMSS_G4,2023,ARM,ASDHEDUP,covariate,covariate_estimates.csv
TIMSS_G4,2023,ASH,ASDHEDUP,covariate,covariate_estimates.csv
TIMSS_G4,2023,AZE,ASDHEDUP,covariate,covariate_estimates.csv
TIMSS_G4,2023,BFL,ASDHEDUP,covariate,covariate_estimates.csv
TIMSS_G4,2023,BFR,ASDHEDUP,covariate,covariate_estimates.csv
TIMSS_G4,2023,BGR,ASDHEDUP,covariate,covariate_estimates.csv
TIMSS_G4,2023,BHR,ASDHEDUP,covariate,covariate_estimates.csv
TIMSS_G4,2023,BIH,ASDHEDUP,covariate,covariate_estimates.csv
TIMSS_G4,2023,COT,ASDHEDUP,covariate,covariate_estimates.csv
TIMSS_G4,2023,CQU,ASDHEDUP,covariate,covariate_estimates.csv
TIMSS_G4,2023,CYP,ASDHEDUP,covariate,covariate_estimates.csv
TIMSS_G4,2023,CZE,ASDHEDUP,covariate,covariate_estimates.csv
TIMSS_G4,2023,DEU,ASDHEDUP,covariate,covariate_estimates.csv
TIMSS_G4,2023,DNK,ASDHEDUP,covariate,covariate_estimates.csv
TIMSS_G4,2023,ESP,ASDHEDUP,covariate,covariate_estimates.csv
TIMSS_G4,2023,FIN,ASDHEDUP,covariate,covariate_estimates.csv
TIMSS_G4,2023,FRA,ASDHEDUP,covariate,covariate_estimates.csv
TIMSS_G4,2023,GEO,ASDHEDUP,covariate,covariate_estimates.csv
TIMSS_G4,2023,HKG,ASDHEDUP,covariate,covariate_estimates.csv
TIMSS_G4,2023,HUN,ASDHEDUP,covariate,covariate_estimates.csv
TIMSS_G4,2023,IRL,ASDHEDUP,covariate,covariate_estimates.csv
TIMSS_G4,2023,IRN,ASDHEDUP,covariate,covariate_estimates.csv
TIMSS_G4,2023,ITA,ASDHEDUP,covariate,covariate_estimates.csv
TIMSS_G4,2023,JOR,ASDHEDUP,covariate,covariate_estimates.csv
TIMSS_G4,2023,JPN,ASDHEDUP,covariate,covariate_estimates.csv
TIMSS_G4,2023,KAZ,ASDHEDUP,covariate,covariate_estimates.csv
TIMSS_G4,2023,KOR,ASDHEDUP,covariate,covariate_estimates.csv
TIMSS_G4,2023,KWT,ASDHEDUP,covariate,covariate_estimates.csv
TIMSS_G4,2023,LTU,ASDHEDUP,covariate,covariate_estimates.csv
TIMSS_G4,2023,LVA,ASDHEDUP,covariate,covariate_estimates.csv
TIMSS_G4,2023,MAC,ASDHEDUP,covariate,covariate_estimates.csv
TIMSS_G4,2023,MAR,ASDHEDUP,covariate,covariate_estimates.csv
TIMSS_G4,2023,MKD,ASDHEDUP,covariate,covariate_estimates.csv
TIMSS_G4,2023,MNE,ASDHEDUP,covariate,covariate_estimates.csv
TIMSS_G4,2023,NOR,ASDHEDUP,covariate,covariate_estimates.csv
TIMSS_G4,2023,NZL,ASDHEDUP,covariate,covariate_estimates.csv
TIMSS_G4,2023,POL,ASDHEDUP,covariate,covariate_estimates.csv
TIMSS_G4,2023,QAT,ASDHEDUP,covariate,covariate_estimates.csv
TIMSS_G4,2023,ROM,ASDHEDUP,covariate,covariate_estimates.csv
TIMSS_G4,2023,SAU,ASDHEDUP,covariate,covariate_estimates.csv
TIMSS_G4,2023,SGP,ASDHEDUP,covariate,covariate_estimates.csv
TIMSS_G4,2023,SRB,ASDHEDUP,covariate,covariate_estimates.csv
TIMSS_G4,2023,SVK,ASDHEDUP,covariate,covariate_estimates.csv
TIMSS_G4,2023,SVN,ASDHEDUP,covariate,covariate_estimates.csv
TIMSS_G4,2023,SWE,ASDHEDUP,covariate,covariate_estimates.csv
TIMSS_G4,2023,TUR,ASDHEDUP,covariate,covariate_estimates.csv
TIMSS_G4,2023,TWN,ASDHEDUP,covariate,covariate_estimates.csv
TIMSS_G4,2023,ZAF,ASDHEDUP,covariate,covariate_estimates.csv
TIMSS_G4,2019,AAD,ASDHEDUP,covariate,covariate_estimates.csv
TIMSS_G4,2019,ADU,ASDHEDUP,covariate,covariate_estimates.csv
TIMSS_G4,2019,ARE,ASDHEDUP,covariate,covariate_estimates.csv
TIMSS_G4,2019,ARE,ASDHEDUP,covariate,covariate_estimates.csv
TIMSS_G4,2019,ARM,ASDHEDUP,covariate,covariate_estimates.csv
TIMSS_G4,2019,AUT,ASDHEDUP,covariate,covariate_estimates.csv
TIMSS_G4,2019,AUT,ASDHEDUP,covariate,covariate_estimates.csv
TIMSS_G4,2019,AZE,ASDHEDUP,covariate,covariate_estimates.csv
TIMSS_G4,2019,BFL,ASDHEDUP,covariate,covariate_estimates.csv
TIMSS_G4,2019,BIH,ASDHEDUP,covariate,covariate_estimates.csv
TIMSS_G4,2019,CAN,ASDHEDUP,covariate,covariate_estimates.csv
TIMSS_G4,2019,CAN,ASDHEDUP,covariate,covariate_estimates.csv
TIMSS_G4,2019,CHL,ASDHEDUP,covariate,covariate_estimates.csv
TIMSS_G4,2019,CHL,ASDHEDUP,covariate,covariate_estimates.csv
TIMSS_G4,2019,CHL,ASDHEDUP,covariate,covariate_estimates.csv
TIMSS_G4,2019,COT,ASDHEDUP,covariate,covariate_estimates.csv
TIMSS_G4,2019,CQU,ASDHEDUP,covariate,covariate_estimates.csv
TIMSS_G4,2019,CQU,ASDHEDUP,covariate,covariate_estimates.csv
TIMSS_G4,2019,CYP,ASDHEDUP,covariate,covariate_estimates.csv
TIMSS_G4,2019,CZE,ASDHEDUP,covariate,covariate_estimates.csv
TIMSS_G4,2019,CZE,ASDHEDUP,covariate,covariate_estimates.csv
TIMSS_G4,2019,CZE,ASDHEDUP,covariate,covariate_estimates.csv
TIMSS_G4,2019,DEU,ASDHEDUP,covariate,covariate_estimates.csv
TIMSS_G4,2019,DNK,ASDHEDUP,covariate,covariate_estimates.csv
TIMSS_G4,2019,DNK,ASDHEDUP,covariate,covariate_estimates.csv
TIMSS_G4,2019,DNK,ASDHEDUP,covariate,covariate_estimates.csv
TIMSS_G4,2019,EMA,ASDHEDUP,covariate,covariate_estimates.csv
TIMSS_G4,2019,EMA,ASDHEDUP,covariate,covariate_estimates.csv
TIMSS_G4,2019,ESP,ASDHEDUP,covariate,covariate_estimates.csv
TIMSS_G4,2019,FIN,ASDHEDUP,covariate,covariate_estimates.csv
TIMSS_G4,2019,FIN,ASDHEDUP,covariate,covariate_estimates.csv
TIMSS_G4,2019,FIN,ASDHEDUP,covariate,covariate_estimates.csv
TIMSS_G4,2019,FRA,ASDHEDUP,covariate,covariate_estimates.csv
TIMSS_G4,2019,GEO,ASDHEDUP,covariate,covariate_estimates.csv
TIMSS_G4,2019,GEO,ASDHEDUP,covariate,covariate_estimates.csv
TIMSS_G4,2019,GEO,ASDHEDUP,covariate,covariate_estimates.csv
TIMSS_G4,2019,HKG,ASDHEDUP,covariate,covariate_estimates.csv
TIMSS_G4,2019,HKG,ASDHEDUP,covariate,covariate_estimates.csv
TIMSS_G4,2019,HKG,ASDHEDUP,covariate,covariate_estimates.csv
TIMSS_G4,2019,HRV,ASDHEDUP,covariate,covariate_estimates.csv
TIMSS_G4,2019,HRV,ASDHEDUP,covariate,covariate_estimates.csv
TIMSS_G4,2019,HUN,ASDHEDUP,covariate,covariate_estimates.csv
TIMSS_G4,2019,HUN,ASDHEDUP,covariate,covariate_estimates.csv
TIMSS_G4,2019,IRL,ASDHEDUP,covariate,covariate_estimates.csv
TIMSS_G4,2019,IRN,ASDHEDUP,covariate,covariate_estimates.csv
TIMSS_G4,2019,ITA,ASDHEDUP,covariate,covariate_estimates.csv
TIMSS_G4,2019,ITA,ASDHEDUP,covariate,covariate_estimates.csv
TIMSS_G4,2019,JPN,ASDHEDUP,covariate,covariate_estimates.csv
TIMSS_G4,2019,KAZ,ASDHEDUP,covariate,covariate_estimates.csv
TIMSS_G4,2019,KOR,ASDHEDUP,covariate,covariate_estimates.csv
TIMSS_G4,2019,KOR,ASDHEDUP,covariate,covariate_estimates.csv
TIMSS_G4,2019,KOR,ASDHEDUP,covariate,covariate_estimates.csv
TIMSS_G4,2019,KWT,ASDHEDUP,covariate,covariate_estimates.csv
TIMSS_G4,2019,LTU,ASDHEDUP,covariate,covariate_estimates.csv
TIMSS_G4,2019,LTU,ASDHEDUP,covariate,covariate_estimates.csv
TIMSS_G4,2019,LVA,ASDHEDUP,covariate,covariate_estimates.csv
TIMSS_G4,2019,MKD,ASDHEDUP,covariate,covariate_estimates.csv
TIMSS_G4,2019,MLT,ASDHEDUP,covariate,covariate_estimates.csv
TIMSS_G4,2019,MLT,ASDHEDUP,covariate,covariate_estimates.csv
TIMSS_G4,2019,MNE,ASDHEDUP,covariate,covariate_estimates.csv
TIMSS_G4,2019,NIR,ASDHEDUP,covariate,covariate_estimates.csv
TIMSS_G4,2019,NOR,ASDHEDUP,covariate,covariate_estimates.csv
TIMSS_G4,2019,NOR,ASDHEDUP,covariate,covariate_estimates.csv
TIMSS_G4,2019,NOR,ASDHEDUP,covariate,covariate_estimates.csv
TIMSS_G4,2019,NZL,ASDHEDUP,covariate,covariate_estimates.csv
TIMSS_G4,2019,OMN,ASDHEDUP,covariate,covariate_estimates.csv
TIMSS_G4,2019,PAK,ASDHEDUP,covariate,covariate_estimates.csv
TIMSS_G4,2019,POL,ASDHEDUP,covariate,covariate_estimates.csv
TIMSS_G4,2019,PRT,ASDHEDUP,covariate,covariate_estimates.csv
TIMSS_G4,2019,PRT,ASDHEDUP,covariate,covariate_estimates.csv
TIMSS_G4,2019,QAT,ASDHEDUP,covariate,covariate_estimates.csv
TIMSS_G4,2019,QAT,ASDHEDUP,covariate,covariate_estimates.csv
TIMSS_G4,2019,RMO,ASDHEDUP,covariate,covariate_estimates.csv
TIMSS_G4,2019,RUS,ASDHEDUP,covariate,covariate_estimates.csv
TIMSS_G4,2019,RUS,ASDHEDUP,covariate,covariate_estimates.csv
TIMSS_G4,2019,SGP,ASDHEDUP,covariate,covariate_estimates.csv
TIMSS_G4,2019,SGP,ASDHEDUP,covariate,covariate_estimates.csv
TIMSS_G4,2019,SVK,ASDHEDUP,covariate,covariate_estimates.csv
TIMSS_G4,2019,SWE,ASDHEDUP,covariate,covariate_estimates.csv
TIMSS_G4,2019,SWE,ASDHEDUP,covariate,covariate_estimates.csv
TIMSS_G4,2019,SWE,ASDHEDUP,covariate,covariate_estimates.csv
TIMSS_G4,2019,TWN,ASDHEDUP,covariate,covariate_estimates.csv
TIMSS_G4,2019,TWN,ASDHEDUP,covariate,covariate_estimates.csv
TIMSS_G4,2019,TWN,ASDHEDUP,covariate,covariate_estimates.csv
TIMSS_G4,2019,XKX,ASDHEDUP,covariate,covariate_estimates.csv
TIMSS_G4,2015,AAD,ASDHEDUP,covariate,covariate_estimates.csv
TIMSS_G4,2015,ABA,ASDHEDUP,covariate,covariate_estimates.csv
TIMSS_G4,2015,ARE,ASDHEDUP,covariate,covariate_estimates.csv
TIMSS_G4,2015,ARM,ASDHEDUP,covariate,covariate_estimates.csv
TIMSS_G4,2015,BFL,ASDHEDUP,covariate,covariate_estimates.csv
TIMSS_G4,2015,BGR,ASDHEDUP,covariate,covariate_estimates.csv
TIMSS_G4,2015,BHR,ASDHEDUP,covariate,covariate_estimates.csv
TIMSS_G4,2015,CAN,ASDHEDUP,covariate,covariate_estimates.csv
TIMSS_G4,2015,CHL,ASDHEDUP,covariate,covariate_estimates.csv
TIMSS_G4,2015,COT,ASDHEDUP,covariate,covariate_estimates.csv
TIMSS_G4,2015,CQU,ASDHEDUP,covariate,covariate_estimates.csv
TIMSS_G4,2015,CZE,ASDHEDUP,covariate,covariate_estimates.csv
TIMSS_G4,2015,DEU,ASDHEDUP,covariate,covariate_estimates.csv
TIMSS_G4,2015,DNK,ASDHEDUP,covariate,covariate_estimates.csv
TIMSS_G4,2015,ESP,ASDHEDUP,covariate,covariate_estimates.csv
TIMSS_G4,2015,FIN,ASDHEDUP,covariate,covariate_estimates.csv
TIMSS_G4,2015,FRA,ASDHEDUP,covariate,covariate_estimates.csv
TIMSS_G4,2015,GEO,ASDHEDUP,covariate,covariate_estimates.csv
TIMSS_G4,2015,HKG,ASDHEDUP,covariate,covariate_estimates.csv
TIMSS_G4,2015,HUN,ASDHEDUP,covariate,covariate_estimates.csv
TIMSS_G4,2015,IDN,ASDHEDUP,covariate,covariate_estimates.csv
TIMSS_G4,2015,IDN,ASDHEDUP,covariate,covariate_estimates.csv
TIMSS_G4,2015,IRN,ASDHEDUP,covariate,covariate_estimates.csv
TIMSS_G4,2015,JOR,ASDHEDUP,covariate,covariate_estimates.csv
TIMSS_G4,2015,JPN,ASDHEDUP,covariate,covariate_estimates.csv
TIMSS_G4,2015,KAZ,ASDHEDUP,covariate,covariate_estimates.csv
TIMSS_G4,2015,KWT,ASDHEDUP,covariate,covariate_estimates.csv
TIMSS_G4,2015,KWT,ASDHEDUP,covariate,covariate_estimates.csv
TIMSS_G4,2015,NIR,ASDHEDUP,covariate,covariate_estimates.csv
TIMSS_G4,2015,NOR,ASDHEDUP,covariate,covariate_estimates.csv
TIMSS_G4,2015,NZL,ASDHEDUP,covariate,covariate_estimates.csv
TIMSS_G4,2015,OMN,ASDHEDUP,covariate,covariate_estimates.csv
TIMSS_G4,2015,PRT,ASDHEDUP,covariate,covariate_estimates.csv
TIMSS_G4,2015,QAT,ASDHEDUP,covariate,covariate_estimates.csv
TIMSS_G4,2015,RUS,ASDHEDUP,covariate,covariate_estimates.csv
TIMSS_G4,2015,SAU,ASDHEDUP,covariate,covariate_estimates.csv
TIMSS_G4,2015,SGP,ASDHEDUP,covariate,covariate_estimates.csv
TIMSS_G4,2015,SRB,ASDHEDUP,covariate,covariate_estimates.csv
TIMSS_G4,2015,SVK,ASDHEDUP,covariate,covariate_estimates.csv
TIMSS_G4,2015,SVN,ASDHEDUP,covariate,covariate_estimates.csv
TIMSS_G4,2015,SWE,ASDHEDUP,covariate,covariate_estimates.csv
TIMSS_G4,2015,TUR,ASDHEDUP,covariate,covariate_estimates.csv
TIMSS_G4,2015,TWN,ASDHEDUP,covariate,covariate_estimates.csv
TIMSS_G4,2015,ZAF,ASDHEDUP,covariate,covariate_estimates.csv
TIMSS_G4,2011,ADU,ASDHEDUP,covariate,covariate_estimates.csv
TIMSS_G4,2011,AUS,ASDHEDUP,covariate,covariate_estimates.csv
TIMSS_G4,2011,AUT,ASDHEDUP,covariate,covariate_estimates.csv
TIMSS_G4,2011,AZE,ASDHEDUP,covariate,covariate_estimates.csv
TIMSS_G4,2011,CQU,ASDHEDUP,covariate,covariate_estimates.csv
TIMSS_G4,2011,DEU,ASDHEDUP,covariate,covariate_estimates.csv
TIMSS_G4,2011,ESP,ASDHEDUP,covariate,covariate_estimates.csv
TIMSS_G4,2011,FIN,ASDHEDUP,covariate,covariate_estimates.csv
TIMSS_G4,2011,HKG,ASDHEDUP,covariate,covariate_estimates.csv
TIMSS_G4,2011,HUN,ASDHEDUP,covariate,covariate_estimates.csv
TIMSS_G4,2011,IRL,ASDHEDUP,covariate,covariate_estimates.csv
TIMSS_G4,2011,IRN,ASDHEDUP,covariate,covariate_estimates.csv
TIMSS_G4,2011,LTU,ASDHEDUP,covariate,covariate_estimates.csv
TIMSS_G4,2011,MAR,ASDHEDUP,covariate,covariate_estimates.csv
TIMSS_G4,2011,NIR,ASDHEDUP,covariate,covariate_estimates.csv
TIMSS_G4,2011,OMN,ASDHEDUP,covariate,covariate_estimates.csv
TIMSS_G4,2011,RUS,ASDHEDUP,covariate,covariate_estimates.csv
TIMSS_G4,2011,SAU,ASDHEDUP,covariate,covariate_estimates.csv
TIMSS_G4,2011,SGP,ASDHEDUP,covariate,covariate_estimates.csv
TIMSS_G4,2011,SVK,ASDHEDUP,covariate,covariate_estimates.csv
TIMSS_G4,2011,SVN,ASDHEDUP,covariate,covariate_estimates.csv
TIMSS_G4,2011,SWE,ASDHEDUP,covariate,covariate_estimates.csv
TIMSS_G4,2011,TWN,ASDHEDUP,covariate,covariate_estimates.csv
PIRLS,2021,AAD,ASDHEDUP,covariate,covariate_estimates.csv
PIRLS,2021,AAD,ASDHELA,covariate,covariate_estimates.csv
PIRLS,2021,ALB,ASDHEDUP,covariate,covariate_estimates.csv
PIRLS,2021,ALB,ASDHELA,covariate,covariate_estimates.csv
PIRLS,2021,ARE,ASDHEDUP,covariate,covariate_estimates.csv
PIRLS,2021,ARE,ASDHELA,covariate,covariate_estimates.csv
PIRLS,2021,AZE,ASDHEDUP,covariate,covariate_estimates.csv
PIRLS,2021,AZE,ASDHELA,covariate,covariate_estimates.csv
PIRLS,2021,BFL,ASDHEDUP,covariate,covariate_estimates.csv
PIRLS,2021,BFL,ASDHELA,covariate,covariate_estimates.csv
PIRLS,2021,BFR,ASDHEDUP,covariate,covariate_estimates.csv
PIRLS,2021,BFR,ASDHELA,covariate,covariate_estimates.csv
PIRLS,2021,BRA,ASDHEDUP,covariate,covariate_estimates.csv
PIRLS,2021,BRA,ASDHELA,covariate,covariate_estimates.csv
PIRLS,2021,CAB,ASDHEDUP,covariate,covariate_estimates.csv
PIRLS,2021,CAB,ASDHELA,covariate,covariate_estimates.csv
PIRLS,2021,CBC,ASDHEDUP,covariate,covariate_estimates.csv
PIRLS,2021,CBC,ASDHELA,covariate,covariate_estimates.csv
PIRLS,2021,CNL,ASDHEDUP,covariate,covariate_estimates.csv
PIRLS,2021,CNL,ASDHELA,covariate,covariate_estimates.csv
PIRLS,2021,CQU,ASDHEDUP,covariate,covariate_estimates.csv
PIRLS,2021,CQU,ASDHELA,covariate,covariate_estimates.csv
PIRLS,2021,CYP,ASDHEDUP,covariate,covariate_estimates.csv
PIRLS,2021,CYP,ASDHELA,covariate,covariate_estimates.csv
PIRLS,2021,DEU,ASDHEDUP,covariate,covariate_estimates.csv
PIRLS,2021,DEU,ASDHELA,covariate,covariate_estimates.csv
PIRLS,2021,DNK,ASDHEDUP,covariate,covariate_estimates.csv
PIRLS,2021,DNK,ASDHELA,covariate,covariate_estimates.csv
PIRLS,2021,DNK,ASDHEDUP,covariate,covariate_estimates.csv
PIRLS,2021,DNK,ASDHELA,covariate,covariate_estimates.csv
PIRLS,2021,EGY,ASDHEDUP,covariate,covariate_estimates.csv
PIRLS,2021,EGY,ASDHELA,covariate,covariate_estimates.csv
PIRLS,2021,ESP,ASDHEDUP,covariate,covariate_estimates.csv
PIRLS,2021,ESP,ASDHELA,covariate,covariate_estimates.csv
PIRLS,2021,FIN,ASDHEDUP,covariate,covariate_estimates.csv
PIRLS,2021,FIN,ASDHELA,covariate,covariate_estimates.csv
PIRLS,2021,FIN,ASDHEDUP,covariate,covariate_estimates.csv
PIRLS,2021,FIN,ASDHELA,covariate,covariate_estimates.csv
PIRLS,2021,FRA,ASDHEDUP,covariate,covariate_estimates.csv
PIRLS,2021,FRA,ASDHELA,covariate,covariate_estimates.csv
PIRLS,2021,GEO,ASDHEDUP,covariate,covariate_estimates.csv
PIRLS,2021,GEO,ASDHELA,covariate,covariate_estimates.csv
PIRLS,2021,HKG,ASDHEDUP,covariate,covariate_estimates.csv
PIRLS,2021,HKG,ASDHELA,covariate,covariate_estimates.csv
PIRLS,2021,HRV,ASDHEDUP,covariate,covariate_estimates.csv
PIRLS,2021,HRV,ASDHELA,covariate,covariate_estimates.csv
PIRLS,2021,HRV,ASDHEDUP,covariate,covariate_estimates.csv
PIRLS,2021,HRV,ASDHELA,covariate,covariate_estimates.csv
PIRLS,2021,IRL,ASDHEDUP,covariate,covariate_estimates.csv
PIRLS,2021,IRL,ASDHELA,covariate,covariate_estimates.csv
PIRLS,2021,IRN,ASDHEDUP,covariate,covariate_estimates.csv
PIRLS,2021,IRN,ASDHELA,covariate,covariate_estimates.csv
PIRLS,2021,ISR,ASDHEDUP,covariate,covariate_estimates.csv
PIRLS,2021,ISR,ASDHELA,covariate,covariate_estimates.csv
PIRLS,2021,ITA,ASDHEDUP,covariate,covariate_estimates.csv
PIRLS,2021,ITA,ASDHELA,covariate,covariate_estimates.csv
PIRLS,2021,JOR,ASDHEDUP,covariate,covariate_estimates.csv
PIRLS,2021,JOR,ASDHELA,covariate,covariate_estimates.csv
PIRLS,2021,KAZ,ASDHEDUP,covariate,covariate_estimates.csv
PIRLS,2021,KAZ,ASDHELA,covariate,covariate_estimates.csv
PIRLS,2021,KAZ,ASDHEDUP,covariate,covariate_estimates.csv
PIRLS,2021,KAZ,ASDHELA,covariate,covariate_estimates.csv
PIRLS,2021,LTU,ASDHEDUP,covariate,covariate_estimates.csv
PIRLS,2021,LTU,ASDHELA,covariate,covariate_estimates.csv
PIRLS,2021,MAR,ASDHEDUP,covariate,covariate_estimates.csv
PIRLS,2021,MAR,ASDHELA,covariate,covariate_estimates.csv
PIRLS,2021,MKD,ASDHEDUP,covariate,covariate_estimates.csv
PIRLS,2021,MKD,ASDHELA,covariate,covariate_estimates.csv
PIRLS,2021,MLT,ASDHEDUP,covariate,covariate_estimates.csv
PIRLS,2021,MLT,ASDHELA,covariate,covariate_estimates.csv
PIRLS,2021,MNE,ASDHEDUP,covariate,covariate_estimates.csv
PIRLS,2021,MNE,ASDHELA,covariate,covariate_estimates.csv
PIRLS,2021,NIR,ASDHEDUP,covariate,covariate_estimates.csv
PIRLS,2021,NIR,ASDHELA,covariate,covariate_estimates.csv
PIRLS,2021,NLD,ASDHEDUP,covariate,covariate_estimates.csv
PIRLS,2021,NLD,ASDHELA,covariate,covariate_estimates.csv
PIRLS,2021,NOR,ASDHEDUP,covariate,covariate_estimates.csv
PIRLS,2021,NOR,ASDHELA,covariate,covariate_estimates.csv
PIRLS,2021,OMN,ASDHEDUP,covariate,covariate_estimates.csv
PIRLS,2021,OMN,ASDHELA,covariate,covariate_estimates.csv
PIRLS,2021,PRT,ASDHEDUP,covariate,covariate_estimates.csv
PIRLS,2021,PRT,ASDHELA,covariate,covariate_estimates.csv
PIRLS,2021,QAT,ASDHEDUP,covariate,covariate_estimates.csv
PIRLS,2021,QAT,ASDHELA,covariate,covariate_estimates.csv
PIRLS,2021,QAT,ASDHEDUP,covariate,covariate_estimates.csv
PIRLS,2021,QAT,ASDHELA,covariate,covariate_estimates.csv
PIRLS,2021,RMO,ASDHEDUP,covariate,covariate_estimates.csv
PIRLS,2021,RMO,ASDHELA,covariate,covariate_estimates.csv
PIRLS,2021,RMO,ASDHEDUP,covariate,covariate_estimates.csv
PIRLS,2021,RMO,ASDHELA,covariate,covariate_estimates.csv
PIRLS,2021,RUS,ASDHEDUP,covariate,covariate_estimates.csv
PIRLS,2021,RUS,ASDHELA,covariate,covariate_estimates.csv
PIRLS,2021,SAU,ASDHEDUP,covariate,covariate_estimates.csv
PIRLS,2021,SAU,ASDHELA,covariate,covariate_estimates.csv
PIRLS,2021,SAU,ASDHEDUP,covariate,covariate_estimates.csv
PIRLS,2021,SAU,ASDHELA,covariate,covariate_estimates.csv
PIRLS,2021,SGP,ASDHEDUP,covariate,covariate_estimates.csv
PIRLS,2021,SGP,ASDHELA,covariate,covariate_estimates.csv
PIRLS,2021,SGP,ASDHEDUP,covariate,covariate_estimates.csv
PIRLS,2021,SGP,ASDHELA,covariate,covariate_estimates.csv
PIRLS,2021,SRB,ASDHEDUP,covariate,covariate_estimates.csv
PIRLS,2021,SRB,ASDHELA,covariate,covariate_estimates.csv
PIRLS,2021,SVK,ASDHEDUP,covariate,covariate_estimates.csv
PIRLS,2021,SVK,ASDHELA,covariate,covariate_estimates.csv
PIRLS,2021,SVN,ASDHEDUP,covariate,covariate_estimates.csv
PIRLS,2021,SVN,ASDHELA,covariate,covariate_estimates.csv
PIRLS,2021,SWE,ASDHEDUP,covariate,covariate_estimates.csv
PIRLS,2021,SWE,ASDHELA,covariate,covariate_estimates.csv
PIRLS,2021,SWE,ASDHEDUP,covariate,covariate_estimates.csv
PIRLS,2021,SWE,ASDHELA,covariate,covariate_estimates.csv
PIRLS,2021,TUR,ASDHEDUP,covariate,covariate_estimates.csv
PIRLS,2021,TUR,ASDHELA,covariate,covariate_estimates.csv
PIRLS,2021,TWN,ASDHEDUP,covariate,covariate_estimates.csv
PIRLS,2021,TWN,ASDHELA,covariate,covariate_estimates.csv
PIRLS,2021,TWN,ASDHEDUP,covariate,covariate_estimates.csv
PIRLS,2021,TWN,ASDHELA,covariate,covariate_estimates.csv
PIRLS,2021,UZB,ASDHEDUP,covariate,covariate_estimates.csv
PIRLS,2021,UZB,ASDHELA,covariate,covariate_estimates.csv
PIRLS,2021,XKX,ASDHEDUP,covariate,covariate_estimates.csv
PIRLS,2021,XKX,ASDHELA,covariate,covariate_estimates.csv
PIRLS,2016,AAD,ASDHEDUP,covariate,covariate_estimates.csv
PIRLS,2016,AAD,ASDHELA,covariate,covariate_estimates.csv
PIRLS,2016,ADU,ASDHEDUP,covariate,covariate_estimates.csv
PIRLS,2016,ADU,ASDHELA,covariate,covariate_estimates.csv
PIRLS,2016,ARE,ASDHEDUP,covariate,covariate_estimates.csv
PIRLS,2016,ARE,ASDHELA,covariate,covariate_estimates.csv
PIRLS,2016,AUT,ASDHEDUP,covariate,covariate_estimates.csv
PIRLS,2016,AUT,ASDHELA,covariate,covariate_estimates.csv
PIRLS,2016,BFL,ASDHEDUP,covariate,covariate_estimates.csv
PIRLS,2016,BFL,ASDHELA,covariate,covariate_estimates.csv
PIRLS,2016,BFR,ASDHEDUP,covariate,covariate_estimates.csv
PIRLS,2016,BFR,ASDHELA,covariate,covariate_estimates.csv
PIRLS,2016,BGR,ASDHEDUP,covariate,covariate_estimates.csv
PIRLS,2016,BGR,ASDHELA,covariate,covariate_estimates.csv
PIRLS,2016,BHR,ASDHEDUP,covariate,covariate_estimates.csv
PIRLS,2016,BHR,ASDHELA,covariate,covariate_estimates.csv
PIRLS,2016,CAN,ASDHEDUP,covariate,covariate_estimates.csv
PIRLS,2016,CAN,ASDHELA,covariate,covariate_estimates.csv
PIRLS,2016,CQU,ASDHEDUP,covariate,covariate_estimates.csv
PIRLS,2016,CQU,ASDHELA,covariate,covariate_estimates.csv
PIRLS,2016,CZE,ASDHEDUP,covariate,covariate_estimates.csv
PIRLS,2016,CZE,ASDHELA,covariate,covariate_estimates.csv
PIRLS,2016,DEU,ASDHEDUP,covariate,covariate_estimates.csv
PIRLS,2016,DEU,ASDHELA,covariate,covariate_estimates.csv
PIRLS,2016,DNK,ASDHEDUP,covariate,covariate_estimates.csv
PIRLS,2016,DNK,ASDHELA,covariate,covariate_estimates.csv
PIRLS,2016,EAN,ASDHEDUP,covariate,covariate_estimates.csv
PIRLS,2016,EAN,ASDHELA,covariate,covariate_estimates.csv
PIRLS,2016,ESP,ASDHEDUP,covariate,covariate_estimates.csv
PIRLS,2016,ESP,ASDHELA,covariate,covariate_estimates.csv
PIRLS,2016,FIN,ASDHEDUP,covariate,covariate_estimates.csv
PIRLS,2016,FIN,ASDHELA,covariate,covariate_estimates.csv
PIRLS,2016,GEO,ASDHEDUP,covariate,covariate_estimates.csv
PIRLS,2016,GEO,ASDHELA,covariate,covariate_estimates.csv
PIRLS,2016,HKG,ASDHEDUP,covariate,covariate_estimates.csv
PIRLS,2016,HKG,ASDHELA,covariate,covariate_estimates.csv
PIRLS,2016,HUN,ASDHEDUP,covariate,covariate_estimates.csv
PIRLS,2016,HUN,ASDHELA,covariate,covariate_estimates.csv
PIRLS,2016,IRL,ASDHEDUP,covariate,covariate_estimates.csv
PIRLS,2016,IRL,ASDHELA,covariate,covariate_estimates.csv
PIRLS,2016,IRN,ASDHEDUP,covariate,covariate_estimates.csv
PIRLS,2016,IRN,ASDHELA,covariate,covariate_estimates.csv
PIRLS,2016,KAZ,ASDHEDUP,covariate,covariate_estimates.csv
PIRLS,2016,KAZ,ASDHELA,covariate,covariate_estimates.csv
PIRLS,2016,LTU,ASDHEDUP,covariate,covariate_estimates.csv
PIRLS,2016,LTU,ASDHELA,covariate,covariate_estimates.csv
PIRLS,2016,MAC,ASDHEDUP,covariate,covariate_estimates.csv
PIRLS,2016,MAC,ASDHELA,covariate,covariate_estimates.csv
PIRLS,2016,MAR,ASDHEDUP,covariate,covariate_estimates.csv
PIRLS,2016,MAR,ASDHELA,covariate,covariate_estimates.csv
PIRLS,2016,MLT,ASDHEDUP,covariate,covariate_estimates.csv
PIRLS,2016,MLT,ASDHELA,covariate,covariate_estimates.csv
PIRLS,2016,NIR,ASDHEDUP,covariate,covariate_estimates.csv
PIRLS,2016,NIR,ASDHELA,covariate,covariate_estimates.csv
PIRLS,2016,NLD,ASDHEDUP,covariate,covariate_estimates.csv
PIRLS,2016,NLD,ASDHELA,covariate,covariate_estimates.csv
PIRLS,2016,NOR,ASDHEDUP,covariate,covariate_estimates.csv
PIRLS,2016,NOR,ASDHELA,covariate,covariate_estimates.csv
PIRLS,2016,NZL,ASDHEDUP,covariate,covariate_estimates.csv
PIRLS,2016,NZL,ASDHELA,covariate,covariate_estimates.csv
PIRLS,2016,OMN,ASDHEDUP,covariate,covariate_estimates.csv
PIRLS,2016,OMN,ASDHELA,covariate,covariate_estimates.csv
PIRLS,2016,POL,ASDHEDUP,covariate,covariate_estimates.csv
PIRLS,2016,POL,ASDHELA,covariate,covariate_estimates.csv
PIRLS,2016,PRT,ASDHEDUP,covariate,covariate_estimates.csv
PIRLS,2016,PRT,ASDHELA,covariate,covariate_estimates.csv
PIRLS,2016,QAT,ASDHEDUP,covariate,covariate_estimates.csv
PIRLS,2016,QAT,ASDHELA,covariate,covariate_estimates.csv
PIRLS,2016,RUS,ASDHEDUP,covariate,covariate_estimates.csv
PIRLS,2016,RUS,ASDHELA,covariate,covariate_estimates.csv
PIRLS,2016,SAU,ASDHEDUP,covariate,covariate_estimates.csv
PIRLS,2016,SAU,ASDHELA,covariate,covariate_estimates.csv
PIRLS,2016,SGP,ASDHEDUP,covariate,covariate_estimates.csv
PIRLS,2016,SGP,ASDHELA,covariate,covariate_estimates.csv
PIRLS,2016,SVN,ASDHEDUP,covariate,covariate_estimates.csv
PIRLS,2016,SVN,ASDHELA,covariate,covariate_estimates.csv
PIRLS,2016,TTO,ASDHEDUP,covariate,covariate_estimates.csv
PIRLS,2016,TTO,ASDHELA,covariate,covariate_estimates.csv
PIRLS,2016,TWN,ASDHEDUP,covariate,covariate_estimates.csv
PIRLS,2016,TWN,ASDHELA,covariate,covariate_estimates.csv
PIRLS,2011,AAD,ASDHEDUP,covariate,covariate_estimates.csv
PIRLS,2011,AAD,ASDHELA,covariate,covariate_estimates.csv
PIRLS,2011,ADU,ASDHEDUP,covariate,covariate_estimates.csv
PIRLS,2011,ADU,ASDHELA,covariate,covariate_estimates.csv
PIRLS,2011,ARE,ASDHEDUP,covariate,covariate_estimates.csv
PIRLS,2011,ARE,ASDHELA,covariate,covariate_estimates.csv
PIRLS,2011,AUS,ASDHEDUP,covariate,covariate_estimates.csv
PIRLS,2011,AUS,ASDHELA,covariate,covariate_estimates.csv
PIRLS,2011,AUT,ASDHEDUP,covariate,covariate_estimates.csv
PIRLS,2011,AUT,ASDHELA,covariate,covariate_estimates.csv
PIRLS,2011,AZE,ASDHEDUP,covariate,covariate_estimates.csv
PIRLS,2011,AZE,ASDHELA,covariate,covariate_estimates.csv
PIRLS,2011,BGR,ASDHEDUP,covariate,covariate_estimates.csv
PIRLS,2011,BGR,ASDHELA,covariate,covariate_estimates.csv
PIRLS,2011,BWA,ASDHEDUP,covariate,covariate_estimates.csv
PIRLS,2011,BWA,ASDHELA,covariate,covariate_estimates.csv
PIRLS,2011,BWA,ASDHEDUP,covariate,covariate_estimates.csv
PIRLS,2011,BWA,ASDHELA,covariate,covariate_estimates.csv
PIRLS,2011,CAB,ASDHEDUP,covariate,covariate_estimates.csv
PIRLS,2011,CAB,ASDHELA,covariate,covariate_estimates.csv
PIRLS,2011,CAN,ASDHEDUP,covariate,covariate_estimates.csv
PIRLS,2011,CAN,ASDHELA,covariate,covariate_estimates.csv
PIRLS,2011,COL,ASDHEDUP,covariate,covariate_estimates.csv
PIRLS,2011,COL,ASDHELA,covariate,covariate_estimates.csv
PIRLS,2011,COL,ASDHEDUP,covariate,covariate_estimates.csv
PIRLS,2011,COL,ASDHELA,covariate,covariate_estimates.csv
PIRLS,2011,COT,ASDHEDUP,covariate,covariate_estimates.csv
PIRLS,2011,COT,ASDHELA,covariate,covariate_estimates.csv
PIRLS,2011,CQU,ASDHEDUP,covariate,covariate_estimates.csv
PIRLS,2011,CQU,ASDHELA,covariate,covariate_estimates.csv
PIRLS,2011,DEU,ASDHEDUP,covariate,covariate_estimates.csv
PIRLS,2011,DEU,ASDHELA,covariate,covariate_estimates.csv
PIRLS,2011,EAN,ASDHEDUP,covariate,covariate_estimates.csv
PIRLS,2011,EAN,ASDHELA,covariate,covariate_estimates.csv
PIRLS,2011,FIN,ASDHEDUP,covariate,covariate_estimates.csv
PIRLS,2011,FIN,ASDHELA,covariate,covariate_estimates.csv
PIRLS,2011,FRA,ASDHEDUP,covariate,covariate_estimates.csv
PIRLS,2011,FRA,ASDHELA,covariate,covariate_estimates.csv
PIRLS,2011,GEO,ASDHEDUP,covariate,covariate_estimates.csv
PIRLS,2011,GEO,ASDHELA,covariate,covariate_estimates.csv
PIRLS,2011,HKG,ASDHEDUP,covariate,covariate_estimates.csv
PIRLS,2011,HKG,ASDHELA,covariate,covariate_estimates.csv
PIRLS,2011,HND,ASDHEDUP,covariate,covariate_estimates.csv
PIRLS,2011,HND,ASDHELA,covariate,covariate_estimates.csv
PIRLS,2011,HUN,ASDHEDUP,covariate,covariate_estimates.csv
PIRLS,2011,HUN,ASDHELA,covariate,covariate_estimates.csv
PIRLS,2011,IRL,ASDHEDUP,covariate,covariate_estimates.csv
PIRLS,2011,IRL,ASDHELA,covariate,covariate_estimates.csv
PIRLS,2011,IRN,ASDHEDUP,covariate,covariate_estimates.csv
PIRLS,2011,IRN,ASDHELA,covariate,covariate_estimates.csv
PIRLS,2011,ISR,ASDHEDUP,covariate,covariate_estimates.csv
PIRLS,2011,ISR,ASDHELA,covariate,covariate_estimates.csv
PIRLS,2011,LTU,ASDHEDUP,covariate,covariate_estimates.csv
PIRLS,2011,LTU,ASDHELA,covariate,covariate_estimates.csv
PIRLS,2011,MAR,ASDHEDUP,covariate,covariate_estimates.csv
PIRLS,2011,MAR,ASDHELA,covariate,covariate_estimates.csv
PIRLS,2011,MLN,ASDHEDUP,covariate,covariate_estimates.csv
PIRLS,2011,MLN,ASDHELA,covariate,covariate_estimates.csv
PIRLS,2011,NIR,ASDHEDUP,covariate,covariate_estimates.csv
PIRLS,2011,NIR,ASDHELA,covariate,covariate_estimates.csv
PIRLS,2011,NZL,ASDHEDUP,covariate,covariate_estimates.csv
PIRLS,2011,NZL,ASDHELA,covariate,covariate_estimates.csv
PIRLS,2011,OMN,ASDHEDUP,covariate,covariate_estimates.csv
PIRLS,2011,OMN,ASDHELA,covariate,covariate_estimates.csv
PIRLS,2011,POL,ASDHEDUP,covariate,covariate_estimates.csv
PIRLS,2011,POL,ASDHELA,covariate,covariate_estimates.csv
PIRLS,2011,PRT,ASDHEDUP,covariate,covariate_estimates.csv
PIRLS,2011,PRT,ASDHELA,covariate,covariate_estimates.csv
PIRLS,2011,QAT,ASDHEDUP,covariate,covariate_estimates.csv
PIRLS,2011,QAT,ASDHELA,covariate,covariate_estimates.csv
PIRLS,2011,ROM,ASDHEDUP,covariate,covariate_estimates.csv
PIRLS,2011,ROM,ASDHELA,covariate,covariate_estimates.csv
PIRLS,2011,SVK,ASDHEDUP,covariate,covariate_estimates.csv
PIRLS,2011,SVK,ASDHELA,covariate,covariate_estimates.csv
PIRLS,2011,SVN,ASDHEDUP,covariate,covariate_estimates.csv
PIRLS,2011,SVN,ASDHELA,covariate,covariate_estimates.csv
PIRLS,2011,SWE,ASDHEDUP,covariate,covariate_estimates.csv
PIRLS,2011,SWE,ASDHELA,covariate,covariate_estimates.csv
PIRLS,2011,TTO,ASDHEDUP,covariate,covariate_estimates.csv
PIRLS,2011,TTO,ASDHELA,covariate,covariate_estimates.csv
PIRLS,2011,TWN,ASDHEDUP,covariate,covariate_estimates.csv
PIRLS,2011,TWN,ASDHELA,covariate,covariate_estimates.csv
PIRLS,2011,ZAF,ASDHEDUP,covariate,covariate_estimates.csv
PIRLS,2011,ZAF,ASDHELA,covariate,covariate_estimates.csv
PIRLS,2011,ZAF,ASDHEDUP,covariate,covariate_estimates.csv
PIRLS,2011,ZAF,ASDHELA,covariate,covariate_estimates.csv
PISA,2003,AUS,ESCS,covariate,covariate_estimates.csv
PISA,2003,AUS,HOMEPOS,covariate,covariate_estimates.csv
PISA,2003,AUS,BELONG,covariate,covariate_estimates.csv
PISA,2003,AUT,ESCS,covariate,covariate_estimates.csv
PISA,2003,AUT,HOMEPOS,covariate,covariate_estimates.csv
PISA,2003,AUT,BELONG,covariate,covariate_estimates.csv
PISA,2003,BEL,ESCS,covariate,covariate_estimates.csv
PISA,2003,BEL,HOMEPOS,covariate,covariate_estimates.csv
PISA,2003,BEL,BELONG,covariate,covariate_estimates.csv
PISA,2003,BRA,ESCS,covariate,covariate_estimates.csv
PISA,2003,BRA,HOMEPOS,covariate,covariate_estimates.csv
PISA,2003,BRA,BELONG,covariate,covariate_estimates.csv
PISA,2003,CAN,ESCS,covariate,covariate_estimates.csv
PISA,2003,CAN,HOMEPOS,covariate,covariate_estimates.csv
PISA,2003,CAN,BELONG,covariate,covariate_estimates.csv
PISA,2003,CZE,ESCS,covariate,covariate_estimates.csv
PISA,2003,CZE,HOMEPOS,covariate,covariate_estimates.csv
PISA,2003,CZE,BELONG,covariate,covariate_estimates.csv
PISA,2003,DNK,ESCS,covariate,covariate_estimates.csv
PISA,2003,DNK,HOMEPOS,covariate,covariate_estimates.csv
PISA,2003,DNK,BELONG,covariate,covariate_estimates.csv
PISA,2003,FIN,ESCS,covariate,covariate_estimates.csv
PISA,2003,FIN,HOMEPOS,covariate,covariate_estimates.csv
PISA,2003,FIN,BELONG,covariate,covariate_estimates.csv
PISA,2003,FRA,ESCS,covariate,covariate_estimates.csv
PISA,2003,FRA,HOMEPOS,covariate,covariate_estimates.csv
PISA,2003,FRA,BELONG,covariate,covariate_estimates.csv
PISA,2003,DEU,ESCS,covariate,covariate_estimates.csv
PISA,2003,DEU,HOMEPOS,covariate,covariate_estimates.csv
PISA,2003,DEU,BELONG,covariate,covariate_estimates.csv
PISA,2003,GRC,ESCS,covariate,covariate_estimates.csv
PISA,2003,GRC,HOMEPOS,covariate,covariate_estimates.csv
PISA,2003,GRC,BELONG,covariate,covariate_estimates.csv
PISA,2003,HKG,ESCS,covariate,covariate_estimates.csv
PISA,2003,HKG,HOMEPOS,covariate,covariate_estimates.csv
PISA,2003,HKG,BELONG,covariate,covariate_estimates.csv
PISA,2003,HUN,ESCS,covariate,covariate_estimates.csv
PISA,2003,HUN,HOMEPOS,covariate,covariate_estimates.csv
PISA,2003,HUN,BELONG,covariate,covariate_estimates.csv
PISA,2003,ISL,ESCS,covariate,covariate_estimates.csv
PISA,2003,ISL,HOMEPOS,covariate,covariate_estimates.csv
PISA,2003,ISL,BELONG,covariate,covariate_estimates.csv
PISA,2003,IDN,ESCS,covariate,covariate_estimates.csv
PISA,2003,IDN,HOMEPOS,covariate,covariate_estimates.csv
PISA,2003,IDN,BELONG,covariate,covariate_estimates.csv
PISA,2003,IRL,ESCS,covariate,covariate_estimates.csv
PISA,2003,IRL,HOMEPOS,covariate,covariate_estimates.csv
PISA,2003,IRL,BELONG,covariate,covariate_estimates.csv
PISA,2003,ITA,ESCS,covariate,covariate_estimates.csv
PISA,2003,ITA,HOMEPOS,covariate,covariate_estimates.csv
PISA,2003,ITA,BELONG,covariate,covariate_estimates.csv
PISA,2003,JPN,ESCS,covariate,covariate_estimates.csv
PISA,2003,JPN,HOMEPOS,covariate,covariate_estimates.csv
PISA,2003,JPN,BELONG,covariate,covariate_estimates.csv
PISA,2003,KOR,ESCS,covariate,covariate_estimates.csv
PISA,2003,KOR,HOMEPOS,covariate,covariate_estimates.csv
PISA,2003,KOR,BELONG,covariate,covariate_estimates.csv
PISA,2003,LVA,ESCS,covariate,covariate_estimates.csv
PISA,2003,LVA,HOMEPOS,covariate,covariate_estimates.csv
PISA,2003,LVA,BELONG,covariate,covariate_estimates.csv
PISA,2003,LIE,ESCS,covariate,covariate_estimates.csv
PISA,2003,LIE,HOMEPOS,covariate,covariate_estimates.csv
PISA,2003,LIE,BELONG,covariate,covariate_estimates.csv
PISA,2003,LUX,ESCS,covariate,covariate_estimates.csv
PISA,2003,LUX,HOMEPOS,covariate,covariate_estimates.csv
PISA,2003,LUX,BELONG,covariate,covariate_estimates.csv
PISA,2003,MAC,ESCS,covariate,covariate_estimates.csv
PISA,2003,MAC,HOMEPOS,covariate,covariate_estimates.csv
PISA,2003,MAC,BELONG,covariate,covariate_estimates.csv
PISA,2003,MEX,ESCS,covariate,covariate_estimates.csv
PISA,2003,MEX,HOMEPOS,covariate,covariate_estimates.csv
PISA,2003,MEX,BELONG,covariate,covariate_estimates.csv
PISA,2003,NLD,ESCS,covariate,covariate_estimates.csv
PISA,2003,NLD,HOMEPOS,covariate,covariate_estimates.csv
PISA,2003,NLD,BELONG,covariate,covariate_estimates.csv
PISA,2003,NZL,ESCS,covariate,covariate_estimates.csv
PISA,2003,NZL,HOMEPOS,covariate,covariate_estimates.csv
PISA,2003,NZL,BELONG,covariate,covariate_estimates.csv
PISA,2003,NOR,ESCS,covariate,covariate_estimates.csv
PISA,2003,NOR,HOMEPOS,covariate,covariate_estimates.csv
PISA,2003,NOR,BELONG,covariate,covariate_estimates.csv
PISA,2003,POL,ESCS,covariate,covariate_estimates.csv
PISA,2003,POL,HOMEPOS,covariate,covariate_estimates.csv
PISA,2003,POL,BELONG,covariate,covariate_estimates.csv
PISA,2003,PRT,ESCS,covariate,covariate_estimates.csv
PISA,2003,PRT,HOMEPOS,covariate,covariate_estimates.csv
PISA,2003,PRT,BELONG,covariate,covariate_estimates.csv
PISA,2003,RUS,ESCS,covariate,covariate_estimates.csv
PISA,2003,RUS,HOMEPOS,covariate,covariate_estimates.csv
PISA,2003,RUS,BELONG,covariate,covariate_estimates.csv
PISA,2003,SVK,ESCS,covariate,covariate_estimates.csv
PISA,2003,SVK,HOMEPOS,covariate,covariate_estimates.csv
PISA,2003,SVK,BELONG,covariate,covariate_estimates.csv
PISA,2003,ESP,ESCS,covariate,covariate_estimates.csv
PISA,2003,ESP,HOMEPOS,covariate,covariate_estimates.csv
PISA,2003,ESP,BELONG,covariate,covariate_estimates.csv
PISA,2003,SWE,ESCS,covariate,covariate_estimates.csv
PISA,2003,SWE,HOMEPOS,covariate,covariate_estimates.csv
PISA,2003,SWE,BELONG,covariate,covariate_estimates.csv
PISA,2003,CHE,ESCS,covariate,covariate_estimates.csv
PISA,2003,CHE,HOMEPOS,covariate,covariate_estimates.csv
PISA,2003,CHE,BELONG,covariate,covariate_estimates.csv
PISA,2003,THA,ESCS,covariate,covariate_estimates.csv
PISA,2003,THA,HOMEPOS,covariate,covariate_estimates.csv
PISA,2003,THA,BELONG,covariate,covariate_estimates.csv
PISA,2003,TUN,ESCS,covariate,covariate_estimates.csv
PISA,2003,TUN,HOMEPOS,covariate,covariate_estimates.csv
PISA,2003,TUN,BELONG,covariate,covariate_estimates.csv
PISA,2003,TUR,ESCS,covariate,covariate_estimates.csv
PISA,2003,TUR,HOMEPOS,covariate,covariate_estimates.csv
PISA,2003,TUR,BELONG,covariate,covariate_estimates.csv
PISA,2003,GBR,ESCS,covariate,covariate_estimates.csv
PISA,2003,GBR,HOMEPOS,covariate,covariate_estimates.csv
PISA,2003,GBR,BELONG,covariate,covariate_estimates.csv
PISA,2003,USA,ESCS,covariate,covariate_estimates.csv
PISA,2003,USA,HOMEPOS,covariate,covariate_estimates.csv
PISA,2003,URY,ESCS,covariate,covariate_estimates.csv
PISA,2003,URY,HOMEPOS,covariate,covariate_estimates.csv
PISA,2003,URY,BELONG,covariate,covariate_estimates.csv
PISA,2003,YUG,ESCS,covariate,covariate_estimates.csv
PISA,2003,YUG,HOMEPOS,covariate,covariate_estimates.csv
PISA,2003,YUG,BELONG,covariate,covariate_estimates.csv
PISA,2009,ALB,ESCS,covariate,covariate_estimates.csv
PISA,2009,ALB,HOMEPOS,covariate,covariate_estimates.csv
PISA,2009,AZE,ESCS,covariate,covariate_estimates.csv
PISA,2009,AZE,HOMEPOS,covariate,covariate_estimates.csv
PISA,2009,ARG,ESCS,covariate,covariate_estimates.csv
PISA,2009,ARG,HOMEPOS,covariate,covariate_estimates.csv
PISA,2009,AUS,ESCS,covariate,covariate_estimates.csv
PISA,2009,AUS,HOMEPOS,covariate,covariate_estimates.csv
PISA,2009,AUT,ESCS,covariate,covariate_estimates.csv
PISA,2009,AUT,HOMEPOS,covariate,covariate_estimates.csv
PISA,2009,BEL,ESCS,covariate,covariate_estimates.csv
PISA,2009,BEL,HOMEPOS,covariate,covariate_estimates.csv
PISA,2009,BRA,ESCS,covariate,covariate_estimates.csv
PISA,2009,BRA,HOMEPOS,covariate,covariate_estimates.csv
PISA,2009,BGR,ESCS,covariate,covariate_estimates.csv
PISA,2009,BGR,HOMEPOS,covariate,covariate_estimates.csv
PISA,2009,CAN,ESCS,covariate,covariate_estimates.csv
PISA,2009,CAN,HOMEPOS,covariate,covariate_estimates.csv
PISA,2009,CHL,ESCS,covariate,covariate_estimates.csv
PISA,2009,CHL,HOMEPOS,covariate,covariate_estimates.csv
PISA,2009,QCN,ESCS,covariate,covariate_estimates.csv
PISA,2009,QCN,HOMEPOS,covariate,covariate_estimates.csv
PISA,2009,TAP,ESCS,covariate,covariate_estimates.csv
PISA,2009,TAP,HOMEPOS,covariate,covariate_estimates.csv
PISA,2009,COL,ESCS,covariate,covariate_estimates.csv
PISA,2009,COL,HOMEPOS,covariate,covariate_estimates.csv
PISA,2009,HRV,ESCS,covariate,covariate_estimates.csv
PISA,2009,HRV,HOMEPOS,covariate,covariate_estimates.csv
PISA,2009,CZE,ESCS,covariate,covariate_estimates.csv
PISA,2009,CZE,HOMEPOS,covariate,covariate_estimates.csv
PISA,2009,DNK,ESCS,covariate,covariate_estimates.csv
PISA,2009,DNK,HOMEPOS,covariate,covariate_estimates.csv
PISA,2009,EST,ESCS,covariate,covariate_estimates.csv
PISA,2009,EST,HOMEPOS,covariate,covariate_estimates.csv
PISA,2009,FIN,ESCS,covariate,covariate_estimates.csv
PISA,2009,FIN,HOMEPOS,covariate,covariate_estimates.csv
PISA,2009,FRA,ESCS,covariate,covariate_estimates.csv
PISA,2009,FRA,HOMEPOS,covariate,covariate_estimates.csv
PISA,2009,DEU,ESCS,covariate,covariate_estimates.csv
PISA,2009,DEU,HOMEPOS,covariate,covariate_estimates.csv
PISA,2009,GRC,ESCS,covariate,covariate_estimates.csv
PISA,2009,GRC,HOMEPOS,covariate,covariate_estimates.csv
PISA,2009,HKG,ESCS,covariate,covariate_estimates.csv
PISA,2009,HKG,HOMEPOS,covariate,covariate_estimates.csv
PISA,2009,HUN,ESCS,covariate,covariate_estimates.csv
PISA,2009,HUN,HOMEPOS,covariate,covariate_estimates.csv
PISA,2009,ISL,ESCS,covariate,covariate_estimates.csv
PISA,2009,ISL,HOMEPOS,covariate,covariate_estimates.csv
PISA,2009,IDN,ESCS,covariate,covariate_estimates.csv
PISA,2009,IDN,HOMEPOS,covariate,covariate_estimates.csv
PISA,2009,IRL,ESCS,covariate,covariate_estimates.csv
PISA,2009,IRL,HOMEPOS,covariate,covariate_estimates.csv
PISA,2009,ISR,ESCS,covariate,covariate_estimates.csv
PISA,2009,ISR,HOMEPOS,covariate,covariate_estimates.csv
PISA,2009,ITA,ESCS,covariate,covariate_estimates.csv
PISA,2009,ITA,HOMEPOS,covariate,covariate_estimates.csv
PISA,2009,JPN,ESCS,covariate,covariate_estimates.csv
PISA,2009,JPN,HOMEPOS,covariate,covariate_estimates.csv
PISA,2009,KAZ,ESCS,covariate,covariate_estimates.csv
PISA,2009,KAZ,HOMEPOS,covariate,covariate_estimates.csv
PISA,2009,JOR,ESCS,covariate,covariate_estimates.csv
PISA,2009,JOR,HOMEPOS,covariate,covariate_estimates.csv
PISA,2009,KOR,ESCS,covariate,covariate_estimates.csv
PISA,2009,KOR,HOMEPOS,covariate,covariate_estimates.csv
PISA,2009,KGZ,ESCS,covariate,covariate_estimates.csv
PISA,2009,KGZ,HOMEPOS,covariate,covariate_estimates.csv
PISA,2009,LVA,ESCS,covariate,covariate_estimates.csv
PISA,2009,LVA,HOMEPOS,covariate,covariate_estimates.csv
PISA,2009,LIE,ESCS,covariate,covariate_estimates.csv
PISA,2009,LIE,HOMEPOS,covariate,covariate_estimates.csv
PISA,2009,LTU,ESCS,covariate,covariate_estimates.csv
PISA,2009,LTU,HOMEPOS,covariate,covariate_estimates.csv
PISA,2009,LUX,ESCS,covariate,covariate_estimates.csv
PISA,2009,LUX,HOMEPOS,covariate,covariate_estimates.csv
PISA,2009,MAC,ESCS,covariate,covariate_estimates.csv
PISA,2009,MAC,HOMEPOS,covariate,covariate_estimates.csv
PISA,2009,MEX,ESCS,covariate,covariate_estimates.csv
PISA,2009,MEX,HOMEPOS,covariate,covariate_estimates.csv
PISA,2009,MNE,ESCS,covariate,covariate_estimates.csv
PISA,2009,MNE,HOMEPOS,covariate,covariate_estimates.csv
PISA,2009,NLD,ESCS,covariate,covariate_estimates.csv
PISA,2009,NLD,HOMEPOS,covariate,covariate_estimates.csv
PISA,2009,NZL,ESCS,covariate,covariate_estimates.csv
PISA,2009,NZL,HOMEPOS,covariate,covariate_estimates.csv
PISA,2009,NOR,ESCS,covariate,covariate_estimates.csv
PISA,2009,NOR,HOMEPOS,covariate,covariate_estimates.csv
PISA,2009,PAN,ESCS,covariate,covariate_estimates.csv
PISA,2009,PAN,HOMEPOS,covariate,covariate_estimates.csv
PISA,2009,PER,ESCS,covariate,covariate_estimates.csv
PISA,2009,PER,HOMEPOS,covariate,covariate_estimates.csv
PISA,2009,POL,ESCS,covariate,covariate_estimates.csv
PISA,2009,POL,HOMEPOS,covariate,covariate_estimates.csv
PISA,2009,PRT,ESCS,covariate,covariate_estimates.csv
PISA,2009,PRT,HOMEPOS,covariate,covariate_estimates.csv
PISA,2009,QAT,ESCS,covariate,covariate_estimates.csv
PISA,2009,QAT,HOMEPOS,covariate,covariate_estimates.csv
PISA,2009,ROU,ESCS,covariate,covariate_estimates.csv
PISA,2009,ROU,HOMEPOS,covariate,covariate_estimates.csv
PISA,2009,RUS,ESCS,covariate,covariate_estimates.csv
PISA,2009,RUS,HOMEPOS,covariate,covariate_estimates.csv
PISA,2009,SRB,ESCS,covariate,covariate_estimates.csv
PISA,2009,SRB,HOMEPOS,covariate,covariate_estimates.csv
PISA,2009,SGP,ESCS,covariate,covariate_estimates.csv
PISA,2009,SGP,HOMEPOS,covariate,covariate_estimates.csv
PISA,2009,SVK,ESCS,covariate,covariate_estimates.csv
PISA,2009,SVK,HOMEPOS,covariate,covariate_estimates.csv
PISA,2009,SVN,ESCS,covariate,covariate_estimates.csv
PISA,2009,SVN,HOMEPOS,covariate,covariate_estimates.csv
PISA,2009,ESP,ESCS,covariate,covariate_estimates.csv
PISA,2009,ESP,HOMEPOS,covariate,covariate_estimates.csv
PISA,2009,SWE,ESCS,covariate,covariate_estimates.csv
PISA,2009,SWE,HOMEPOS,covariate,covariate_estimates.csv
PISA,2009,CHE,ESCS,covariate,covariate_estimates.csv
PISA,2009,CHE,HOMEPOS,covariate,covariate_estimates.csv
PISA,2009,THA,ESCS,covariate,covariate_estimates.csv
PISA,2009,THA,HOMEPOS,covariate,covariate_estimates.csv
PISA,2009,TTO,ESCS,covariate,covariate_estimates.csv
PISA,2009,TTO,HOMEPOS,covariate,covariate_estimates.csv
PISA,2009,TUN,ESCS,covariate,covariate_estimates.csv
PISA,2009,TUN,HOMEPOS,covariate,covariate_estimates.csv
PISA,2009,TUR,ESCS,covariate,covariate_estimates.csv
PISA,2009,TUR,HOMEPOS,covariate,covariate_estimates.csv
PISA,2009,GBR,ESCS,covariate,covariate_estimates.csv
PISA,2009,GBR,HOMEPOS,covariate,covariate_estimates.csv
PISA,2009,USA,ESCS,covariate,covariate_estimates.csv
PISA,2009,USA,HOMEPOS,covariate,covariate_estimates.csv
PISA,2009,URY,ESCS,covariate,covariate_estimates.csv
PISA,2009,URY,HOMEPOS,covariate,covariate_estimates.csv
PISA,2009,CRI,ESCS,covariate,covariate_estimates.csv
PISA,2009,CRI,HOMEPOS,covariate,covariate_estimates.csv
PISA,2009,GEO,ESCS,covariate,covariate_estimates.csv
PISA,2009,GEO,HOMEPOS,covariate,covariate_estimates.csv
PISA,2009,MDA,ESCS,covariate,covariate_estimates.csv
PISA,2009,MDA,HOMEPOS,covariate,covariate_estimates.csv
PISA,2009,MLT,ESCS,covariate,covariate_estimates.csv
PISA,2009,MLT,HOMEPOS,covariate,covariate_estimates.csv
PISA,2009,MUS,ESCS,covariate,covariate_estimates.csv
PISA,2009,MUS,HOMEPOS,covariate,covariate_estimates.csv
PISA,2009,MYS,ESCS,covariate,covariate_estimates.csv
PISA,2009,MYS,HOMEPOS,covariate,covariate_estimates.csv
PISA,2009,QHP,ESCS,covariate,covariate_estimates.csv
PISA,2009,QHP,HOMEPOS,covariate,covariate_estimates.csv
PISA,2009,QTN,ESCS,covariate,covariate_estimates.csv
PISA,2009,QTN,HOMEPOS,covariate,covariate_estimates.csv
PISA,2009,QVE,ESCS,covariate,covariate_estimates.csv
PISA,2009,QVE,HOMEPOS,covariate,covariate_estimates.csv
PISA,2009,ARE,ESCS,covariate,covariate_estimates.csv
PISA,2009,ARE,HOMEPOS,covariate,covariate_estimates.csv
TALIS,2013,BGR,self_efficacy_cls_mgmt,covariate,talis_covariate_estimates.csv
TALIS,2013,BGR,self_efficacy_instruction,covariate,talis_covariate_estimates.csv
TALIS,2013,BGR,self_efficacy_engagement,covariate,talis_covariate_estimates.csv
TALIS,2013,BGR,disciplinary_climate,covariate,talis_covariate_estimates.csv
TALIS,2013,BGR,prof_collaboration,covariate,talis_covariate_estimates.csv
TALIS,2013,BGR,job_sat_environment,covariate,talis_covariate_estimates.csv
TALIS,2013,BGR,job_sat_profession,covariate,talis_covariate_estimates.csv
TALIS,2013,BGR,effective_pd,covariate,talis_covariate_estimates.csv
TALIS,2013,BRA,self_efficacy_cls_mgmt,covariate,talis_covariate_estimates.csv
TALIS,2013,BRA,self_efficacy_instruction,covariate,talis_covariate_estimates.csv
TALIS,2013,BRA,self_efficacy_engagement,covariate,talis_covariate_estimates.csv
TALIS,2013,BRA,disciplinary_climate,covariate,talis_covariate_estimates.csv
TALIS,2013,BRA,prof_collaboration,covariate,talis_covariate_estimates.csv
TALIS,2013,BRA,job_sat_environment,covariate,talis_covariate_estimates.csv
TALIS,2013,BRA,job_sat_profession,covariate,talis_covariate_estimates.csv
TALIS,2013,BRA,effective_pd,covariate,talis_covariate_estimates.csv
TALIS,2013,CHL,self_efficacy_cls_mgmt,covariate,talis_covariate_estimates.csv
TALIS,2013,CHL,self_efficacy_instruction,covariate,talis_covariate_estimates.csv
TALIS,2013,CHL,self_efficacy_engagement,covariate,talis_covariate_estimates.csv
TALIS,2013,CHL,disciplinary_climate,covariate,talis_covariate_estimates.csv
TALIS,2013,CHL,prof_collaboration,covariate,talis_covariate_estimates.csv
TALIS,2013,CHL,job_sat_environment,covariate,talis_covariate_estimates.csv
TALIS,2013,CHL,job_sat_profession,covariate,talis_covariate_estimates.csv
TALIS,2013,CHL,effective_pd,covariate,talis_covariate_estimates.csv
TALIS,2013,CZE,self_efficacy_cls_mgmt,covariate,talis_covariate_estimates.csv
TALIS,2013,CZE,self_efficacy_instruction,covariate,talis_covariate_estimates.csv
TALIS,2013,CZE,self_efficacy_engagement,covariate,talis_covariate_estimates.csv
TALIS,2013,CZE,disciplinary_climate,covariate,talis_covariate_estimates.csv
TALIS,2013,CZE,prof_collaboration,covariate,talis_covariate_estimates.csv
TALIS,2013,CZE,job_sat_environment,covariate,talis_covariate_estimates.csv
TALIS,2013,CZE,job_sat_profession,covariate,talis_covariate_estimates.csv
TALIS,2013,CZE,effective_pd,covariate,talis_covariate_estimates.csv
TALIS,2013,ESP,self_efficacy_cls_mgmt,covariate,talis_covariate_estimates.csv
TALIS,2013,ESP,self_efficacy_instruction,covariate,talis_covariate_estimates.csv
TALIS,2013,ESP,self_efficacy_engagement,covariate,talis_covariate_estimates.csv
TALIS,2013,ESP,disciplinary_climate,covariate,talis_covariate_estimates.csv
TALIS,2013,ESP,prof_collaboration,covariate,talis_covariate_estimates.csv
TALIS,2013,ESP,job_sat_environment,covariate,talis_covariate_estimates.csv
TALIS,2013,ESP,job_sat_profession,covariate,talis_covariate_estimates.csv
TALIS,2013,ESP,effective_pd,covariate,talis_covariate_estimates.csv
TALIS,2013,EST,self_efficacy_cls_mgmt,covariate,talis_covariate_estimates.csv
TALIS,2013,EST,self_efficacy_instruction,covariate,talis_covariate_estimates.csv
TALIS,2013,EST,self_efficacy_engagement,covariate,talis_covariate_estimates.csv
TALIS,2013,EST,disciplinary_climate,covariate,talis_covariate_estimates.csv
TALIS,2013,EST,prof_collaboration,covariate,talis_covariate_estimates.csv
TALIS,2013,EST,job_sat_environment,covariate,talis_covariate_estimates.csv
TALIS,2013,EST,job_sat_profession,covariate,talis_covariate_estimates.csv
TALIS,2013,EST,effective_pd,covariate,talis_covariate_estimates.csv
TALIS,2013,FIN,self_efficacy_cls_mgmt,covariate,talis_covariate_estimates.csv
TALIS,2013,FIN,self_efficacy_instruction,covariate,talis_covariate_estimates.csv
TALIS,2013,FIN,self_efficacy_engagement,covariate,talis_covariate_estimates.csv
TALIS,2013,FIN,disciplinary_climate,covariate,talis_covariate_estimates.csv
TALIS,2013,FIN,prof_collaboration,covariate,talis_covariate_estimates.csv
TALIS,2013,FIN,job_sat_environment,covariate,talis_covariate_estimates.csv
TALIS,2013,FIN,job_sat_profession,covariate,talis_covariate_estimates.csv
TALIS,2013,FIN,effective_pd,covariate,talis_covariate_estimates.csv
TALIS,2013,FRA,self_efficacy_cls_mgmt,covariate,talis_covariate_estimates.csv
TALIS,2013,FRA,self_efficacy_instruction,covariate,talis_covariate_estimates.csv
TALIS,2013,FRA,self_efficacy_engagement,covariate,talis_covariate_estimates.csv
TALIS,2013,FRA,disciplinary_climate,covariate,talis_covariate_estimates.csv
TALIS,2013,FRA,prof_collaboration,covariate,talis_covariate_estimates.csv
TALIS,2013,FRA,job_sat_environment,covariate,talis_covariate_estimates.csv
TALIS,2013,FRA,job_sat_profession,covariate,talis_covariate_estimates.csv
TALIS,2013,FRA,effective_pd,covariate,talis_covariate_estimates.csv
TALIS,2013,ISR,self_efficacy_cls_mgmt,covariate,talis_covariate_estimates.csv
TALIS,2013,ISR,self_efficacy_instruction,covariate,talis_covariate_estimates.csv
TALIS,2013,ISR,self_efficacy_engagement,covariate,talis_covariate_estimates.csv
TALIS,2013,ISR,disciplinary_climate,covariate,talis_covariate_estimates.csv
TALIS,2013,ISR,prof_collaboration,covariate,talis_covariate_estimates.csv
TALIS,2013,ISR,job_sat_environment,covariate,talis_covariate_estimates.csv
TALIS,2013,ISR,job_sat_profession,covariate,talis_covariate_estimates.csv
TALIS,2013,ISR,effective_pd,covariate,talis_covariate_estimates.csv
TALIS,2013,ITA,self_efficacy_cls_mgmt,covariate,talis_covariate_estimates.csv
TALIS,2013,ITA,self_efficacy_instruction,covariate,talis_covariate_estimates.csv
TALIS,2013,ITA,self_efficacy_engagement,covariate,talis_covariate_estimates.csv
TALIS,2013,ITA,disciplinary_climate,covariate,talis_covariate_estimates.csv
TALIS,2013,ITA,prof_collaboration,covariate,talis_covariate_estimates.csv
TALIS,2013,ITA,job_sat_environment,covariate,talis_covariate_estimates.csv
TALIS,2013,ITA,job_sat_profession,covariate,talis_covariate_estimates.csv
TALIS,2013,ITA,effective_pd,covariate,talis_covariate_estimates.csv
TALIS,2013,KOR,self_efficacy_cls_mgmt,covariate,talis_covariate_estimates.csv
TALIS,2013,KOR,self_efficacy_instruction,covariate,talis_covariate_estimates.csv
TALIS,2013,KOR,self_efficacy_engagement,covariate,talis_covariate_estimates.csv
TALIS,2013,KOR,disciplinary_climate,covariate,talis_covariate_estimates.csv
TALIS,2013,KOR,prof_collaboration,covariate,talis_covariate_estimates.csv
TALIS,2013,KOR,job_sat_environment,covariate,talis_covariate_estimates.csv
TALIS,2013,KOR,job_sat_profession,covariate,talis_covariate_estimates.csv
TALIS,2013,KOR,effective_pd,covariate,talis_covariate_estimates.csv
TALIS,2013,LVA,self_efficacy_cls_mgmt,covariate,talis_covariate_estimates.csv
TALIS,2013,LVA,self_efficacy_instruction,covariate,talis_covariate_estimates.csv
TALIS,2013,LVA,self_efficacy_engagement,covariate,talis_covariate_estimates.csv
TALIS,2013,LVA,disciplinary_climate,covariate,talis_covariate_estimates.csv
TALIS,2013,LVA,prof_collaboration,covariate,talis_covariate_estimates.csv
TALIS,2013,LVA,job_sat_environment,covariate,talis_covariate_estimates.csv
TALIS,2013,LVA,job_sat_profession,covariate,talis_covariate_estimates.csv
TALIS,2013,LVA,effective_pd,covariate,talis_covariate_estimates.csv
TALIS,2013,MEX,self_efficacy_cls_mgmt,covariate,talis_covariate_estimates.csv
TALIS,2013,MEX,self_efficacy_instruction,covariate,talis_covariate_estimates.csv
TALIS,2013,MEX,self_efficacy_engagement,covariate,talis_covariate_estimates.csv
TALIS,2013,MEX,disciplinary_climate,covariate,talis_covariate_estimates.csv
TALIS,2013,MEX,prof_collaboration,covariate,talis_covariate_estimates.csv
TALIS,2013,MEX,job_sat_environment,covariate,talis_covariate_estimates.csv
TALIS,2013,MEX,job_sat_profession,covariate,talis_covariate_estimates.csv
TALIS,2013,MEX,effective_pd,covariate,talis_covariate_estimates.csv
TALIS,2013,NLD,self_efficacy_cls_mgmt,covariate,talis_covariate_estimates.csv
TALIS,2013,NLD,self_efficacy_instruction,covariate,talis_covariate_estimates.csv
TALIS,2013,NLD,self_efficacy_engagement,covariate,talis_covariate_estimates.csv
TALIS,2013,NLD,disciplinary_climate,covariate,talis_covariate_estimates.csv
TALIS,2013,NLD,prof_collaboration,covariate,talis_covariate_estimates.csv
TALIS,2013,NLD,job_sat_environment,covariate,talis_covariate_estimates.csv
TALIS,2013,NLD,job_sat_profession,covariate,talis_covariate_estimates.csv
TALIS,2013,NLD,effective_pd,covariate,talis_covariate_estimates.csv
TALIS,2013,NOR,self_efficacy_cls_mgmt,covariate,talis_covariate_estimates.csv
TALIS,2013,NOR,self_efficacy_instruction,covariate,talis_covariate_estimates.csv
TALIS,2013,NOR,self_efficacy_engagement,covariate,talis_covariate_estimates.csv
TALIS,2013,NOR,disciplinary_climate,covariate,talis_covariate_estimates.csv
TALIS,2013,NOR,prof_collaboration,covariate,talis_covariate_estimates.csv
TALIS,2013,NOR,job_sat_environment,covariate,talis_covariate_estimates.csv
TALIS,2013,NOR,job_sat_profession,covariate,talis_covariate_estimates.csv
TALIS,2013,NOR,effective_pd,covariate,talis_covariate_estimates.csv
TALIS,2013,NZL,self_efficacy_cls_mgmt,covariate,talis_covariate_estimates.csv
TALIS,2013,NZL,self_efficacy_instruction,covariate,talis_covariate_estimates.csv
TALIS,2013,NZL,self_efficacy_engagement,covariate,talis_covariate_estimates.csv
TALIS,2013,NZL,disciplinary_climate,covariate,talis_covariate_estimates.csv
TALIS,2013,NZL,prof_collaboration,covariate,talis_covariate_estimates.csv
TALIS,2013,NZL,job_sat_environment,covariate,talis_covariate_estimates.csv
TALIS,2013,NZL,job_sat_profession,covariate,talis_covariate_estimates.csv
TALIS,2013,NZL,effective_pd,covariate,talis_covariate_estimates.csv
TALIS,2013,PRT,self_efficacy_cls_mgmt,covariate,talis_covariate_estimates.csv
TALIS,2013,PRT,self_efficacy_instruction,covariate,talis_covariate_estimates.csv
TALIS,2013,PRT,self_efficacy_engagement,covariate,talis_covariate_estimates.csv
TALIS,2013,PRT,disciplinary_climate,covariate,talis_covariate_estimates.csv
TALIS,2013,PRT,prof_collaboration,covariate,talis_covariate_estimates.csv
TALIS,2013,PRT,job_sat_environment,covariate,talis_covariate_estimates.csv
TALIS,2013,PRT,job_sat_profession,covariate,talis_covariate_estimates.csv
TALIS,2013,PRT,effective_pd,covariate,talis_covariate_estimates.csv
TALIS,2013,RUS,self_efficacy_cls_mgmt,covariate,talis_covariate_estimates.csv
TALIS,2013,RUS,self_efficacy_instruction,covariate,talis_covariate_estimates.csv
TALIS,2013,RUS,self_efficacy_engagement,covariate,talis_covariate_estimates.csv
TALIS,2013,RUS,disciplinary_climate,covariate,talis_covariate_estimates.csv
TALIS,2013,RUS,prof_collaboration,covariate,talis_covariate_estimates.csv
TALIS,2013,RUS,job_sat_environment,covariate,talis_covariate_estimates.csv
TALIS,2013,RUS,job_sat_profession,covariate,talis_covariate_estimates.csv
TALIS,2013,RUS,effective_pd,covariate,talis_covariate_estimates.csv
TALIS,2013,SGP,self_efficacy_cls_mgmt,covariate,talis_covariate_estimates.csv
TALIS,2013,SGP,self_efficacy_instruction,covariate,talis_covariate_estimates.csv
TALIS,2013,SGP,self_efficacy_engagement,covariate,talis_covariate_estimates.csv
TALIS,2013,SGP,disciplinary_climate,covariate,talis_covariate_estimates.csv
TALIS,2013,SGP,prof_collaboration,covariate,talis_covariate_estimates.csv
TALIS,2013,SGP,job_sat_environment,covariate,talis_covariate_estimates.csv
TALIS,2013,SGP,job_sat_profession,covariate,talis_covariate_estimates.csv
TALIS,2013,SGP,effective_pd,covariate,talis_covariate_estimates.csv
TALIS,2013,SRB,self_efficacy_cls_mgmt,covariate,talis_covariate_estimates.csv
TALIS,2013,SRB,self_efficacy_instruction,covariate,talis_covariate_estimates.csv
TALIS,2013,SRB,self_efficacy_engagement,covariate,talis_covariate_estimates.csv
TALIS,2013,SRB,disciplinary_climate,covariate,talis_covariate_estimates.csv
TALIS,2013,SRB,prof_collaboration,covariate,talis_covariate_estimates.csv
TALIS,2013,SRB,job_sat_environment,covariate,talis_covariate_estimates.csv
TALIS,2013,SRB,job_sat_profession,covariate,talis_covariate_estimates.csv
TALIS,2013,SRB,effective_pd,covariate,talis_covariate_estimates.csv
TALIS,2013,SVK,self_efficacy_cls_mgmt,covariate,talis_covariate_estimates.csv
TALIS,2013,SVK,self_efficacy_instruction,covariate,talis_covariate_estimates.csv
TALIS,2013,SVK,self_efficacy_engagement,covariate,talis_covariate_estimates.csv
TALIS,2013,SVK,disciplinary_climate,covariate,talis_covariate_estimates.csv
TALIS,2013,SVK,prof_collaboration,covariate,talis_covariate_estimates.csv
TALIS,2013,SVK,job_sat_environment,covariate,talis_covariate_estimates.csv
TALIS,2013,SVK,job_sat_profession,covariate,talis_covariate_estimates.csv
TALIS,2013,SVK,effective_pd,covariate,talis_covariate_estimates.csv
TALIS,2013,SWE,self_efficacy_cls_mgmt,covariate,talis_covariate_estimates.csv
TALIS,2013,SWE,self_efficacy_instruction,covariate,talis_covariate_estimates.csv
TALIS,2013,SWE,self_efficacy_engagement,covariate,talis_covariate_estimates.csv
TALIS,2013,SWE,disciplinary_climate,covariate,talis_covariate_estimates.csv
TALIS,2013,SWE,prof_collaboration,covariate,talis_covariate_estimates.csv
TALIS,2013,SWE,job_sat_environment,covariate,talis_covariate_estimates.csv
TALIS,2013,SWE,job_sat_profession,covariate,talis_covariate_estimates.csv
TALIS,2013,SWE,effective_pd,covariate,talis_covariate_estimates.csv
TALIS,2013,USA,self_efficacy_cls_mgmt,covariate,talis_covariate_estimates.csv
TALIS,2013,USA,self_efficacy_instruction,covariate,talis_covariate_estimates.csv
TALIS,2013,USA,self_efficacy_engagement,covariate,talis_covariate_estimates.csv
TALIS,2013,USA,disciplinary_climate,covariate,talis_covariate_estimates.csv
TALIS,2013,USA,prof_collaboration,covariate,talis_covariate_estimates.csv
TALIS,2013,USA,job_sat_environment,covariate,talis_covariate_estimates.csv
TALIS,2013,USA,job_sat_profession,covariate,talis_covariate_estimates.csv
TALIS,2013,USA,effective_pd,covariate,talis_covariate_estimates.csv
TALIS,2018,ARE,self_efficacy_cls_mgmt,covariate,talis_covariate_estimates.csv
TALIS,2018,ARE,self_efficacy_instruction,covariate,talis_covariate_estimates.csv
TALIS,2018,ARE,self_efficacy_engagement,covariate,talis_covariate_estimates.csv
TALIS,2018,ARE,disciplinary_climate,covariate,talis_covariate_estimates.csv
TALIS,2018,ARE,prof_collaboration,covariate,talis_covariate_estimates.csv
TALIS,2018,ARE,job_sat_environment,covariate,talis_covariate_estimates.csv
TALIS,2018,ARE,job_sat_profession,covariate,talis_covariate_estimates.csv
TALIS,2018,ARE,effective_pd,covariate,talis_covariate_estimates.csv
TALIS,2018,AUS,self_efficacy_cls_mgmt,covariate,talis_covariate_estimates.csv
TALIS,2018,AUS,self_efficacy_instruction,covariate,talis_covariate_estimates.csv
TALIS,2018,AUS,self_efficacy_engagement,covariate,talis_covariate_estimates.csv
TALIS,2018,AUS,disciplinary_climate,covariate,talis_covariate_estimates.csv
TALIS,2018,AUS,prof_collaboration,covariate,talis_covariate_estimates.csv
TALIS,2018,AUS,job_sat_environment,covariate,talis_covariate_estimates.csv
TALIS,2018,AUS,job_sat_profession,covariate,talis_covariate_estimates.csv
TALIS,2018,AUS,effective_pd,covariate,talis_covariate_estimates.csv
TALIS,2018,AUT,self_efficacy_cls_mgmt,covariate,talis_covariate_estimates.csv
TALIS,2018,AUT,self_efficacy_instruction,covariate,talis_covariate_estimates.csv
TALIS,2018,AUT,self_efficacy_engagement,covariate,talis_covariate_estimates.csv
TALIS,2018,AUT,disciplinary_climate,covariate,talis_covariate_estimates.csv
TALIS,2018,AUT,prof_collaboration,covariate,talis_covariate_estimates.csv
TALIS,2018,AUT,job_sat_environment,covariate,talis_covariate_estimates.csv
TALIS,2018,AUT,job_sat_profession,covariate,talis_covariate_estimates.csv
TALIS,2018,AUT,effective_pd,covariate,talis_covariate_estimates.csv
TALIS,2018,BEL,self_efficacy_cls_mgmt,covariate,talis_covariate_estimates.csv
TALIS,2018,BEL,self_efficacy_instruction,covariate,talis_covariate_estimates.csv
TALIS,2018,BEL,self_efficacy_engagement,covariate,talis_covariate_estimates.csv
TALIS,2018,BEL,disciplinary_climate,covariate,talis_covariate_estimates.csv
TALIS,2018,BEL,prof_collaboration,covariate,talis_covariate_estimates.csv
TALIS,2018,BEL,job_sat_environment,covariate,talis_covariate_estimates.csv
TALIS,2018,BEL,job_sat_profession,covariate,talis_covariate_estimates.csv
TALIS,2018,BEL,effective_pd,covariate,talis_covariate_estimates.csv
TALIS,2018,BGR,self_efficacy_cls_mgmt,covariate,talis_covariate_estimates.csv
TALIS,2018,BGR,self_efficacy_instruction,covariate,talis_covariate_estimates.csv
TALIS,2018,BGR,self_efficacy_engagement,covariate,talis_covariate_estimates.csv
TALIS,2018,BGR,disciplinary_climate,covariate,talis_covariate_estimates.csv
TALIS,2018,BGR,prof_collaboration,covariate,talis_covariate_estimates.csv
TALIS,2018,BGR,job_sat_environment,covariate,talis_covariate_estimates.csv
TALIS,2018,BGR,job_sat_profession,covariate,talis_covariate_estimates.csv
TALIS,2018,BGR,effective_pd,covariate,talis_covariate_estimates.csv
TALIS,2018,BRA,self_efficacy_cls_mgmt,covariate,talis_covariate_estimates.csv
TALIS,2018,BRA,self_efficacy_instruction,covariate,talis_covariate_estimates.csv
TALIS,2018,BRA,self_efficacy_engagement,covariate,talis_covariate_estimates.csv
TALIS,2018,BRA,disciplinary_climate,covariate,talis_covariate_estimates.csv
TALIS,2018,BRA,prof_collaboration,covariate,talis_covariate_estimates.csv
TALIS,2018,BRA,job_sat_environment,covariate,talis_covariate_estimates.csv
TALIS,2018,BRA,job_sat_profession,covariate,talis_covariate_estimates.csv
TALIS,2018,BRA,effective_pd,covariate,talis_covariate_estimates.csv
TALIS,2018,COL,self_efficacy_cls_mgmt,covariate,talis_covariate_estimates.csv
TALIS,2018,COL,self_efficacy_instruction,covariate,talis_covariate_estimates.csv
TALIS,2018,COL,self_efficacy_engagement,covariate,talis_covariate_estimates.csv
TALIS,2018,COL,disciplinary_climate,covariate,talis_covariate_estimates.csv
TALIS,2018,COL,prof_collaboration,covariate,talis_covariate_estimates.csv
TALIS,2018,COL,job_sat_environment,covariate,talis_covariate_estimates.csv
TALIS,2018,COL,job_sat_profession,covariate,talis_covariate_estimates.csv
TALIS,2018,COL,effective_pd,covariate,talis_covariate_estimates.csv
TALIS,2018,CYP,self_efficacy_cls_mgmt,covariate,talis_covariate_estimates.csv
TALIS,2018,CYP,self_efficacy_instruction,covariate,talis_covariate_estimates.csv
TALIS,2018,CYP,self_efficacy_engagement,covariate,talis_covariate_estimates.csv
TALIS,2018,CYP,disciplinary_climate,covariate,talis_covariate_estimates.csv
TALIS,2018,CYP,prof_collaboration,covariate,talis_covariate_estimates.csv
TALIS,2018,CYP,job_sat_environment,covariate,talis_covariate_estimates.csv
TALIS,2018,CYP,job_sat_profession,covariate,talis_covariate_estimates.csv
TALIS,2018,CYP,effective_pd,covariate,talis_covariate_estimates.csv
TALIS,2018,DNK,self_efficacy_cls_mgmt,covariate,talis_covariate_estimates.csv
TALIS,2018,DNK,self_efficacy_instruction,covariate,talis_covariate_estimates.csv
TALIS,2018,DNK,self_efficacy_engagement,covariate,talis_covariate_estimates.csv
TALIS,2018,DNK,disciplinary_climate,covariate,talis_covariate_estimates.csv
TALIS,2018,DNK,prof_collaboration,covariate,talis_covariate_estimates.csv
TALIS,2018,DNK,job_sat_environment,covariate,talis_covariate_estimates.csv
TALIS,2018,DNK,job_sat_profession,covariate,talis_covariate_estimates.csv
TALIS,2018,DNK,effective_pd,covariate,talis_covariate_estimates.csv
TALIS,2018,ESP,self_efficacy_cls_mgmt,covariate,talis_covariate_estimates.csv
TALIS,2018,ESP,self_efficacy_instruction,covariate,talis_covariate_estimates.csv
TALIS,2018,ESP,self_efficacy_engagement,covariate,talis_covariate_estimates.csv
TALIS,2018,ESP,disciplinary_climate,covariate,talis_covariate_estimates.csv
TALIS,2018,ESP,prof_collaboration,covariate,talis_covariate_estimates.csv
TALIS,2018,ESP,job_sat_environment,covariate,talis_covariate_estimates.csv
TALIS,2018,ESP,job_sat_profession,covariate,talis_covariate_estimates.csv
TALIS,2018,ESP,effective_pd,covariate,talis_covariate_estimates.csv
TALIS,2018,FIN,self_efficacy_cls_mgmt,covariate,talis_covariate_estimates.csv
TALIS,2018,FIN,self_efficacy_instruction,covariate,talis_covariate_estimates.csv
TALIS,2018,FIN,self_efficacy_engagement,covariate,talis_covariate_estimates.csv
TALIS,2018,FIN,disciplinary_climate,covariate,talis_covariate_estimates.csv
TALIS,2018,FIN,prof_collaboration,covariate,talis_covariate_estimates.csv
TALIS,2018,FIN,job_sat_environment,covariate,talis_covariate_estimates.csv
TALIS,2018,FIN,job_sat_profession,covariate,talis_covariate_estimates.csv
TALIS,2018,FIN,effective_pd,covariate,talis_covariate_estimates.csv
TALIS,2018,FRA,self_efficacy_cls_mgmt,covariate,talis_covariate_estimates.csv
TALIS,2018,FRA,self_efficacy_instruction,covariate,talis_covariate_estimates.csv
TALIS,2018,FRA,self_efficacy_engagement,covariate,talis_covariate_estimates.csv
TALIS,2018,FRA,disciplinary_climate,covariate,talis_covariate_estimates.csv
TALIS,2018,FRA,job_sat_environment,covariate,talis_covariate_estimates.csv
TALIS,2018,FRA,job_sat_profession,covariate,talis_covariate_estimates.csv
TALIS,2018,FRA,effective_pd,covariate,talis_covariate_estimates.csv
TALIS,2018,GEO,self_efficacy_cls_mgmt,covariate,talis_covariate_estimates.csv
TALIS,2018,GEO,self_efficacy_instruction,covariate,talis_covariate_estimates.csv
TALIS,2018,GEO,self_efficacy_engagement,covariate,talis_covariate_estimates.csv
TALIS,2018,GEO,disciplinary_climate,covariate,talis_covariate_estimates.csv
TALIS,2018,GEO,prof_collaboration,covariate,talis_covariate_estimates.csv
TALIS,2018,GEO,job_sat_environment,covariate,talis_covariate_estimates.csv
TALIS,2018,GEO,job_sat_profession,covariate,talis_covariate_estimates.csv
TALIS,2018,GEO,effective_pd,covariate,talis_covariate_estimates.csv
TALIS,2018,HUN,self_efficacy_cls_mgmt,covariate,talis_covariate_estimates.csv
TALIS,2018,HUN,self_efficacy_instruction,covariate,talis_covariate_estimates.csv
TALIS,2018,HUN,self_efficacy_engagement,covariate,talis_covariate_estimates.csv
TALIS,2018,HUN,disciplinary_climate,covariate,talis_covariate_estimates.csv
TALIS,2018,HUN,prof_collaboration,covariate,talis_covariate_estimates.csv
TALIS,2018,HUN,job_sat_environment,covariate,talis_covariate_estimates.csv
TALIS,2018,HUN,job_sat_profession,covariate,talis_covariate_estimates.csv
TALIS,2018,ISR,self_efficacy_cls_mgmt,covariate,talis_covariate_estimates.csv
TALIS,2018,ISR,self_efficacy_instruction,covariate,talis_covariate_estimates.csv
TALIS,2018,ISR,self_efficacy_engagement,covariate,talis_covariate_estimates.csv
TALIS,2018,ISR,disciplinary_climate,covariate,talis_covariate_estimates.csv
TALIS,2018,ISR,prof_collaboration,covariate,talis_covariate_estimates.csv
TALIS,2018,ISR,job_sat_environment,covariate,talis_covariate_estimates.csv
TALIS,2018,ISR,job_sat_profession,covariate,talis_covariate_estimates.csv
TALIS,2018,ISR,effective_pd,covariate,talis_covariate_estimates.csv
TALIS,2018,ITA,self_efficacy_cls_mgmt,covariate,talis_covariate_estimates.csv
TALIS,2018,ITA,self_efficacy_instruction,covariate,talis_covariate_estimates.csv
TALIS,2018,ITA,self_efficacy_engagement,covariate,talis_covariate_estimates.csv
TALIS,2018,ITA,disciplinary_climate,covariate,talis_covariate_estimates.csv
TALIS,2018,ITA,prof_collaboration,covariate,talis_covariate_estimates.csv
TALIS,2018,ITA,job_sat_environment,covariate,talis_covariate_estimates.csv
TALIS,2018,ITA,job_sat_profession,covariate,talis_covariate_estimates.csv
TALIS,2018,ITA,effective_pd,covariate,talis_covariate_estimates.csv
TALIS,2018,KOR,self_efficacy_cls_mgmt,covariate,talis_covariate_estimates.csv
TALIS,2018,KOR,self_efficacy_instruction,covariate,talis_covariate_estimates.csv
TALIS,2018,KOR,self_efficacy_engagement,covariate,talis_covariate_estimates.csv
TALIS,2018,KOR,disciplinary_climate,covariate,talis_covariate_estimates.csv
TALIS,2018,KOR,prof_collaboration,covariate,talis_covariate_estimates.csv
TALIS,2018,KOR,job_sat_environment,covariate,talis_covariate_estimates.csv
TALIS,2018,KOR,job_sat_profession,covariate,talis_covariate_estimates.csv
TALIS,2018,KOR,effective_pd,covariate,talis_covariate_estimates.csv
TALIS,2018,LTU,self_efficacy_cls_mgmt,covariate,talis_covariate_estimates.csv
TALIS,2018,LTU,self_efficacy_instruction,covariate,talis_covariate_estimates.csv
TALIS,2018,LTU,self_efficacy_engagement,covariate,talis_covariate_estimates.csv
TALIS,2018,LTU,disciplinary_climate,covariate,talis_covariate_estimates.csv
TALIS,2018,LTU,prof_collaboration,covariate,talis_covariate_estimates.csv
TALIS,2018,LTU,job_sat_environment,covariate,talis_covariate_estimates.csv
TALIS,2018,LTU,job_sat_profession,covariate,talis_covariate_estimates.csv
TALIS,2018,LTU,effective_pd,covariate,talis_covariate_estimates.csv
TALIS,2018,MEX,self_efficacy_cls_mgmt,covariate,talis_covariate_estimates.csv
TALIS,2018,MEX,self_efficacy_instruction,covariate,talis_covariate_estimates.csv
TALIS,2018,MEX,self_efficacy_engagement,covariate,talis_covariate_estimates.csv
TALIS,2018,MEX,disciplinary_climate,covariate,talis_covariate_estimates.csv
TALIS,2018,MEX,prof_collaboration,covariate,talis_covariate_estimates.csv
TALIS,2018,MEX,job_sat_environment,covariate,talis_covariate_estimates.csv
TALIS,2018,MEX,job_sat_profession,covariate,talis_covariate_estimates.csv
TALIS,2018,MEX,effective_pd,covariate,talis_covariate_estimates.csv
TALIS,2018,NLD,self_efficacy_cls_mgmt,covariate,talis_covariate_estimates.csv
TALIS,2018,NLD,self_efficacy_instruction,covariate,talis_covariate_estimates.csv
TALIS,2018,NLD,self_efficacy_engagement,covariate,talis_covariate_estimates.csv
TALIS,2018,NLD,disciplinary_climate,covariate,talis_covariate_estimates.csv
TALIS,2018,NLD,prof_collaboration,covariate,talis_covariate_estimates.csv
TALIS,2018,NLD,job_sat_environment,covariate,talis_covariate_estimates.csv
TALIS,2018,NLD,job_sat_profession,covariate,talis_covariate_estimates.csv
TALIS,2018,NLD,effective_pd,covariate,talis_covariate_estimates.csv
TALIS,2018,NOR,self_efficacy_cls_mgmt,covariate,talis_covariate_estimates.csv
TALIS,2018,NOR,self_efficacy_instruction,covariate,talis_covariate_estimates.csv
TALIS,2018,NOR,self_efficacy_engagement,covariate,talis_covariate_estimates.csv
TALIS,2018,NOR,disciplinary_climate,covariate,talis_covariate_estimates.csv
TALIS,2018,NOR,prof_collaboration,covariate,talis_covariate_estimates.csv
TALIS,2018,NOR,job_sat_environment,covariate,talis_covariate_estimates.csv
TALIS,2018,NOR,job_sat_profession,covariate,talis_covariate_estimates.csv
TALIS,2018,NOR,effective_pd,covariate,talis_covariate_estimates.csv
TALIS,2018,ROU,self_efficacy_cls_mgmt,covariate,talis_covariate_estimates.csv
TALIS,2018,ROU,self_efficacy_instruction,covariate,talis_covariate_estimates.csv
TALIS,2018,ROU,self_efficacy_engagement,covariate,talis_covariate_estimates.csv
TALIS,2018,ROU,disciplinary_climate,covariate,talis_covariate_estimates.csv
TALIS,2018,ROU,prof_collaboration,covariate,talis_covariate_estimates.csv
TALIS,2018,ROU,job_sat_environment,covariate,talis_covariate_estimates.csv
TALIS,2018,ROU,job_sat_profession,covariate,talis_covariate_estimates.csv
TALIS,2018,ROU,effective_pd,covariate,talis_covariate_estimates.csv
TALIS,2018,RUS,disciplinary_climate,covariate,talis_covariate_estimates.csv
TALIS,2018,RUS,prof_collaboration,covariate,talis_covariate_estimates.csv
TALIS,2018,RUS,job_sat_environment,covariate,talis_covariate_estimates.csv
TALIS,2018,RUS,job_sat_profession,covariate,talis_covariate_estimates.csv
TALIS,2018,RUS,effective_pd,covariate,talis_covariate_estimates.csv
TALIS,2018,SAU,self_efficacy_cls_mgmt,covariate,talis_covariate_estimates.csv
TALIS,2018,SAU,self_efficacy_instruction,covariate,talis_covariate_estimates.csv
TALIS,2018,SAU,self_efficacy_engagement,covariate,talis_covariate_estimates.csv
TALIS,2018,SAU,disciplinary_climate,covariate,talis_covariate_estimates.csv
TALIS,2018,SAU,prof_collaboration,covariate,talis_covariate_estimates.csv
TALIS,2018,SAU,job_sat_environment,covariate,talis_covariate_estimates.csv
TALIS,2018,SAU,job_sat_profession,covariate,talis_covariate_estimates.csv
TALIS,2018,SAU,effective_pd,covariate,talis_covariate_estimates.csv
TALIS,2018,SGP,self_efficacy_cls_mgmt,covariate,talis_covariate_estimates.csv
TALIS,2018,SGP,self_efficacy_instruction,covariate,talis_covariate_estimates.csv
TALIS,2018,SGP,self_efficacy_engagement,covariate,talis_covariate_estimates.csv
TALIS,2018,SGP,disciplinary_climate,covariate,talis_covariate_estimates.csv
TALIS,2018,SGP,prof_collaboration,covariate,talis_covariate_estimates.csv
TALIS,2018,SGP,job_sat_environment,covariate,talis_covariate_estimates.csv
TALIS,2018,SGP,job_sat_profession,covariate,talis_covariate_estimates.csv
TALIS,2018,SGP,effective_pd,covariate,talis_covariate_estimates.csv
TALIS,2018,SVK,self_efficacy_cls_mgmt,covariate,talis_covariate_estimates.csv
TALIS,2018,SVK,self_efficacy_instruction,covariate,talis_covariate_estimates.csv
TALIS,2018,SVK,self_efficacy_engagement,covariate,talis_covariate_estimates.csv
TALIS,2018,SVK,disciplinary_climate,covariate,talis_covariate_estimates.csv
TALIS,2018,SVK,prof_collaboration,covariate,talis_covariate_estimates.csv
TALIS,2018,SVK,job_sat_environment,covariate,talis_covariate_estimates.csv
TALIS,2018,SVK,job_sat_profession,covariate,talis_covariate_estimates.csv
TALIS,2018,SVK,effective_pd,covariate,talis_covariate_estimates.csv
TALIS,2018,SVN,self_efficacy_cls_mgmt,covariate,talis_covariate_estimates.csv
TALIS,2018,SVN,self_efficacy_instruction,covariate,talis_covariate_estimates.csv
TALIS,2018,SVN,self_efficacy_engagement,covariate,talis_covariate_estimates.csv
TALIS,2018,SVN,disciplinary_climate,covariate,talis_covariate_estimates.csv
TALIS,2018,SVN,prof_collaboration,covariate,talis_covariate_estimates.csv
TALIS,2018,SVN,job_sat_environment,covariate,talis_covariate_estimates.csv
TALIS,2018,SVN,job_sat_profession,covariate,talis_covariate_estimates.csv
TALIS,2018,SVN,effective_pd,covariate,talis_covariate_estimates.csv
TALIS,2018,TUR,self_efficacy_cls_mgmt,covariate,talis_covariate_estimates.csv
TALIS,2018,TUR,self_efficacy_instruction,covariate,talis_covariate_estimates.csv
TALIS,2018,TUR,self_efficacy_engagement,covariate,talis_covariate_estimates.csv
TALIS,2018,TUR,disciplinary_climate,covariate,talis_covariate_estimates.csv
TALIS,2018,TUR,prof_collaboration,covariate,talis_covariate_estimates.csv
TALIS,2018,TUR,job_sat_environment,covariate,talis_covariate_estimates.csv
TALIS,2018,TUR,job_sat_profession,covariate,talis_covariate_estimates.csv
TALIS,2018,TUR,effective_pd,covariate,talis_covariate_estimates.csv
TALIS,2018,VNM,self_efficacy_cls_mgmt,covariate,talis_covariate_estimates.csv
TALIS,2018,VNM,self_efficacy_instruction,covariate,talis_covariate_estimates.csv
TALIS,2018,VNM,self_efficacy_engagement,covariate,talis_covariate_estimates.csv
TALIS,2018,VNM,disciplinary_climate,covariate,talis_covariate_estimates.csv
TALIS,2018,VNM,prof_collaboration,covariate,talis_covariate_estimates.csv
TALIS,2018,VNM,job_sat_environment,covariate,talis_covariate_estimates.csv
TALIS,2018,VNM,job_sat_profession,covariate,talis_covariate_estimates.csv
TALIS,2018,VNM,effective_pd,covariate,talis_covariate_estimates.csv
TALIS,2018,ZAF,self_efficacy_cls_mgmt,covariate,talis_covariate_estimates.csv
TALIS,2018,ZAF,self_efficacy_instruction,covariate,talis_covariate_estimates.csv
TALIS,2018,ZAF,self_efficacy_engagement,covariate,talis_covariate_estimates.csv
TALIS,2018,ZAF,disciplinary_climate,covariate,talis_covariate_estimates.csv
TALIS,2018,ZAF,prof_collaboration,covariate,talis_covariate_estimates.csv
TALIS,2018,ZAF,job_sat_environment,covariate,talis_covariate_estimates.csv
TALIS,2018,ZAF,job_sat_profession,covariate,talis_covariate_estimates.csv
TALIS,2018,ZAF,effective_pd,covariate,talis_covariate_estimates.csv
ICILS,2013,CHE,CIL,outcome,BSGCHEI1.sav
ICILS,2013,CHE,S_HISCED,covariate,BSGCHEI1.sav
ICILS,2013,CHE,S_HISEI,covariate,BSGCHEI1.sav
ICILS,2013,CHE,S_HOMLIT,covariate,BSGCHEI1.sav
ICILS,2013,CHE,S_NISB,covariate,BSGCHEI1.sav
ICILS,2013,CHE,S_BASEFF,covariate,BSGCHEI1.sav
ICILS,2013,CHE,S_ADVEFF,covariate,BSGCHEI1.sav
ICILS,2013,CHL,CIL,outcome,BSGCHLI1.sav
ICILS,2013,CHL,S_HISCED,covariate,BSGCHLI1.sav
ICILS,2013,CHL,S_HISEI,covariate,BSGCHLI1.sav
ICILS,2013,CHL,S_HOMLIT,covariate,BSGCHLI1.sav
ICILS,2013,CHL,S_NISB,covariate,BSGCHLI1.sav
ICILS,2013,CHL,S_BASEFF,covariate,BSGCHLI1.sav
ICILS,2013,CHL,S_ADVEFF,covariate,BSGCHLI1.sav
ICILS,2013,CZE,CIL,outcome,BSGCZEI1.sav
ICILS,2013,CZE,S_HISCED,covariate,BSGCZEI1.sav
ICILS,2013,CZE,S_HISEI,covariate,BSGCZEI1.sav
ICILS,2013,CZE,S_HOMLIT,covariate,BSGCZEI1.sav
ICILS,2013,CZE,S_NISB,covariate,BSGCZEI1.sav
ICILS,2013,CZE,S_BASEFF,covariate,BSGCZEI1.sav
ICILS,2013,CZE,S_ADVEFF,covariate,BSGCZEI1.sav
ICILS,2013,DEU,CIL,outcome,BSGDEUI1.sav
ICILS,2013,DEU,S_HISCED,covariate,BSGDEUI1.sav
ICILS,2013,DEU,S_HISEI,covariate,BSGDEUI1.sav
ICILS,2013,DEU,S_HOMLIT,covariate,BSGDEUI1.sav
ICILS,2013,DEU,S_NISB,covariate,BSGDEUI1.sav
ICILS,2013,DEU,S_BASEFF,covariate,BSGDEUI1.sav
ICILS,2013,DEU,S_ADVEFF,covariate,BSGDEUI1.sav
ICILS,2013,DNK,CIL,outcome,BSGDNKI1.sav
ICILS,2013,DNK,S_HISCED,covariate,BSGDNKI1.sav
ICILS,2013,DNK,S_HISEI,covariate,BSGDNKI1.sav
ICILS,2013,DNK,S_HOMLIT,covariate,BSGDNKI1.sav
ICILS,2013,DNK,S_NISB,covariate,BSGDNKI1.sav
ICILS,2013,DNK,S_BASEFF,covariate,BSGDNKI1.sav
ICILS,2013,DNK,S_ADVEFF,covariate,BSGDNKI1.sav
ICILS,2013,HRV,CIL,outcome,BSGHRVI1.sav
ICILS,2013,HRV,S_HISCED,covariate,BSGHRVI1.sav
ICILS,2013,HRV,S_HISEI,covariate,BSGHRVI1.sav
ICILS,2013,HRV,S_HOMLIT,covariate,BSGHRVI1.sav
ICILS,2013,HRV,S_NISB,covariate,BSGHRVI1.sav
ICILS,2013,HRV,S_BASEFF,covariate,BSGHRVI1.sav
ICILS,2013,HRV,S_ADVEFF,covariate,BSGHRVI1.sav
ICILS,2013,KOR,CIL,outcome,BSGKORI1.sav
ICILS,2013,KOR,S_HISCED,covariate,BSGKORI1.sav
ICILS,2013,KOR,S_HISEI,covariate,BSGKORI1.sav
ICILS,2013,KOR,S_HOMLIT,covariate,BSGKORI1.sav
ICILS,2013,KOR,S_NISB,covariate,BSGKORI1.sav
ICILS,2013,KOR,S_BASEFF,covariate,BSGKORI1.sav
ICILS,2013,KOR,S_ADVEFF,covariate,BSGKORI1.sav
ICILS,2013,NLD,CIL,outcome,BSGNLDI1.sav
ICILS,2013,NLD,S_HISCED,covariate,BSGNLDI1.sav
ICILS,2013,NLD,S_HISEI,covariate,BSGNLDI1.sav
ICILS,2013,NLD,S_HOMLIT,covariate,BSGNLDI1.sav
ICILS,2013,NLD,S_NISB,covariate,BSGNLDI1.sav
ICILS,2013,NLD,S_BASEFF,covariate,BSGNLDI1.sav
ICILS,2013,NLD,S_ADVEFF,covariate,BSGNLDI1.sav
ICILS,2013,NOR,CIL,outcome,BSGNORI1.sav
ICILS,2013,NOR,S_HISCED,covariate,BSGNORI1.sav
ICILS,2013,NOR,S_HISEI,covariate,BSGNORI1.sav
ICILS,2013,NOR,S_HOMLIT,covariate,BSGNORI1.sav
ICILS,2013,NOR,S_NISB,covariate,BSGNORI1.sav
ICILS,2013,NOR,S_BASEFF,covariate,BSGNORI1.sav
ICILS,2013,NOR,S_ADVEFF,covariate,BSGNORI1.sav
ICILS,2013,POL,CIL,outcome,BSGPOLI1.sav
ICILS,2013,POL,S_HISCED,covariate,BSGPOLI1.sav
ICILS,2013,POL,S_HISEI,covariate,BSGPOLI1.sav
ICILS,2013,POL,S_HOMLIT,covariate,BSGPOLI1.sav
ICILS,2013,POL,S_NISB,covariate,BSGPOLI1.sav
ICILS,2013,POL,S_BASEFF,covariate,BSGPOLI1.sav
ICILS,2013,POL,S_ADVEFF,covariate,BSGPOLI1.sav
ICILS,2013,RUS,CIL,outcome,BSGRUSI1.sav
ICILS,2013,RUS,S_HISCED,covariate,BSGRUSI1.sav
ICILS,2013,RUS,S_HISEI,covariate,BSGRUSI1.sav
ICILS,2013,RUS,S_HOMLIT,covariate,BSGRUSI1.sav
ICILS,2013,RUS,S_NISB,covariate,BSGRUSI1.sav
ICILS,2013,RUS,S_BASEFF,covariate,BSGRUSI1.sav
ICILS,2013,RUS,S_ADVEFF,covariate,BSGRUSI1.sav
ICILS,2013,SVK,CIL,outcome,BSGSVKI1.sav
ICILS,2013,SVK,S_HISCED,covariate,BSGSVKI1.sav
ICILS,2013,SVK,S_HISEI,covariate,BSGSVKI1.sav
ICILS,2013,SVK,S_HOMLIT,covariate,BSGSVKI1.sav
ICILS,2013,SVK,S_NISB,covariate,BSGSVKI1.sav
ICILS,2013,SVK,S_BASEFF,covariate,BSGSVKI1.sav
ICILS,2013,SVK,S_ADVEFF,covariate,BSGSVKI1.sav
ICILS,2013,SVN,CIL,outcome,BSGSVNI1.sav
ICILS,2013,SVN,S_HISCED,covariate,BSGSVNI1.sav
ICILS,2013,SVN,S_HISEI,covariate,BSGSVNI1.sav
ICILS,2013,SVN,S_HOMLIT,covariate,BSGSVNI1.sav
ICILS,2013,SVN,S_NISB,covariate,BSGSVNI1.sav
ICILS,2013,SVN,S_BASEFF,covariate,BSGSVNI1.sav
ICILS,2013,SVN,S_ADVEFF,covariate,BSGSVNI1.sav
ICILS,2013,THA,CIL,outcome,BSGTHAI1.sav
ICILS,2013,THA,S_HISCED,covariate,BSGTHAI1.sav
ICILS,2013,THA,S_HISEI,covariate,BSGTHAI1.sav
ICILS,2013,THA,S_HOMLIT,covariate,BSGTHAI1.sav
ICILS,2013,THA,S_NISB,covariate,BSGTHAI1.sav
ICILS,2013,THA,S_BASEFF,covariate,BSGTHAI1.sav
ICILS,2013,THA,S_ADVEFF,covariate,BSGTHAI1.sav
ICILS,2018,DEU,CIL,outcome,BSGDEUI2.sav
ICILS,2018,DEU,CT,outcome,BSGDEUI2.sav
ICILS,2018,DEU,S_HISCED,covariate,BSGDEUI2.sav
ICILS,2018,DEU,S_HISEI,covariate,BSGDEUI2.sav
ICILS,2018,DEU,S_HOMLIT,covariate,BSGDEUI2.sav
ICILS,2018,DEU,S_NISB,covariate,BSGDEUI2.sav
ICILS,2018,DEU,S_GENEFF,covariate,BSGDEUI2.sav
ICILS,2018,DEU,S_SPECEFF,covariate,BSGDEUI2.sav
ICILS,2018,DEU,S_ICTPOS,covariate,BSGDEUI2.sav
ICILS,2018,DEU,S_ICTNEG,covariate,BSGDEUI2.sav
ICILS,2018,FIN,CIL,outcome,BSGFINI2.sav
ICILS,2018,FIN,CT,outcome,BSGFINI2.sav
ICILS,2018,FIN,S_HISCED,covariate,BSGFINI2.sav
ICILS,2018,FIN,S_HISEI,covariate,BSGFINI2.sav
ICILS,2018,FIN,S_HOMLIT,covariate,BSGFINI2.sav
ICILS,2018,FIN,S_NISB,covariate,BSGFINI2.sav
ICILS,2018,FIN,S_GENEFF,covariate,BSGFINI2.sav
ICILS,2018,FIN,S_SPECEFF,covariate,BSGFINI2.sav
ICILS,2018,FIN,S_ICTPOS,covariate,BSGFINI2.sav
ICILS,2018,FIN,S_ICTNEG,covariate,BSGFINI2.sav
ICILS,2018,FRA,CIL,outcome,BSGFRAI2.sav
ICILS,2018,FRA,CT,outcome,BSGFRAI2.sav
ICILS,2018,FRA,S_HISCED,covariate,BSGFRAI2.sav
ICILS,2018,FRA,S_HISEI,covariate,BSGFRAI2.sav
ICILS,2018,FRA,S_HOMLIT,covariate,BSGFRAI2.sav
ICILS,2018,FRA,S_NISB,covariate,BSGFRAI2.sav
ICILS,2018,FRA,S_GENEFF,covariate,BSGFRAI2.sav
ICILS,2018,FRA,S_SPECEFF,covariate,BSGFRAI2.sav
ICILS,2018,FRA,S_ICTPOS,covariate,BSGFRAI2.sav
ICILS,2018,FRA,S_ICTNEG,covariate,BSGFRAI2.sav
ICILS,2018,ITA,CIL,outcome,BSGITAI2.sav
ICILS,2018,ITA,CT,outcome,BSGITAI2.sav
ICILS,2018,ITA,S_HISCED,covariate,BSGITAI2.sav
ICILS,2018,ITA,S_HISEI,covariate,BSGITAI2.sav
ICILS,2018,ITA,S_HOMLIT,covariate,BSGITAI2.sav
ICILS,2018,ITA,S_NISB,covariate,BSGITAI2.sav
ICILS,2018,ITA,S_GENEFF,covariate,BSGITAI2.sav
ICILS,2018,ITA,S_SPECEFF,covariate,BSGITAI2.sav
ICILS,2018,ITA,S_ICTPOS,covariate,BSGITAI2.sav
ICILS,2018,ITA,S_ICTNEG,covariate,BSGITAI2.sav
ICILS,2018,KAZ,CIL,outcome,BSGKAZI2.sav
ICILS,2018,KAZ,CT,outcome,BSGKAZI2.sav
ICILS,2018,KAZ,S_HISCED,covariate,BSGKAZI2.sav
ICILS,2018,KAZ,S_HISEI,covariate,BSGKAZI2.sav
ICILS,2018,KAZ,S_HOMLIT,covariate,BSGKAZI2.sav
ICILS,2018,KAZ,S_NISB,covariate,BSGKAZI2.sav
ICILS,2018,KAZ,S_GENEFF,covariate,BSGKAZI2.sav
ICILS,2018,KAZ,S_SPECEFF,covariate,BSGKAZI2.sav
ICILS,2018,KAZ,S_ICTPOS,covariate,BSGKAZI2.sav
ICILS,2018,KAZ,S_ICTNEG,covariate,BSGKAZI2.sav
ICILS,2018,KOR,CIL,outcome,BSGKORI2.sav
ICILS,2018,KOR,CT,outcome,BSGKORI2.sav
ICILS,2018,KOR,S_HISCED,covariate,BSGKORI2.sav
ICILS,2018,KOR,S_HISEI,covariate,BSGKORI2.sav
ICILS,2018,KOR,S_HOMLIT,covariate,BSGKORI2.sav
ICILS,2018,KOR,S_NISB,covariate,BSGKORI2.sav
ICILS,2018,KOR,S_GENEFF,covariate,BSGKORI2.sav
ICILS,2018,KOR,S_SPECEFF,covariate,BSGKORI2.sav
ICILS,2018,KOR,S_ICTPOS,covariate,BSGKORI2.sav
ICILS,2018,KOR,S_ICTNEG,covariate,BSGKORI2.sav
ICILS,2018,LUX,CIL,outcome,BSGLUXI2.sav
ICILS,2018,LUX,CT,outcome,BSGLUXI2.sav
ICILS,2018,LUX,S_HISCED,covariate,BSGLUXI2.sav
ICILS,2018,LUX,S_HISEI,covariate,BSGLUXI2.sav
ICILS,2018,LUX,S_HOMLIT,covariate,BSGLUXI2.sav
ICILS,2018,LUX,S_NISB,covariate,BSGLUXI2.sav
ICILS,2018,LUX,S_GENEFF,covariate,BSGLUXI2.sav
ICILS,2018,LUX,S_SPECEFF,covariate,BSGLUXI2.sav
ICILS,2018,LUX,S_ICTPOS,covariate,BSGLUXI2.sav
ICILS,2018,LUX,S_ICTNEG,covariate,BSGLUXI2.sav
ICILS,2018,PRT,CIL,outcome,BSGPRTI2.sav
ICILS,2018,PRT,CT,outcome,BSGPRTI2.sav
ICILS,2018,PRT,S_HISCED,covariate,BSGPRTI2.sav
ICILS,2018,PRT,S_HISEI,covariate,BSGPRTI2.sav
ICILS,2018,PRT,S_HOMLIT,covariate,BSGPRTI2.sav
ICILS,2018,PRT,S_NISB,covariate,BSGPRTI2.sav
ICILS,2018,PRT,S_GENEFF,covariate,BSGPRTI2.sav
ICILS,2018,PRT,S_SPECEFF,covariate,BSGPRTI2.sav
ICILS,2018,PRT,S_ICTPOS,covariate,BSGPRTI2.sav
ICILS,2018,PRT,S_ICTNEG,covariate,BSGPRTI2.sav
ICILS,2018,URY,CIL,outcome,BSGURYI2.sav
ICILS,2018,URY,CT,outcome,BSGURYI2.sav
ICILS,2018,URY,S_HISCED,covariate,BSGURYI2.sav
ICILS,2018,URY,S_HISEI,covariate,BSGURYI2.sav
ICILS,2018,URY,S_HOMLIT,covariate,BSGURYI2.sav
ICILS,2018,URY,S_NISB,covariate,BSGURYI2.sav
ICILS,2018,URY,S_GENEFF,covariate,BSGURYI2.sav
ICILS,2018,URY,S_SPECEFF,covariate,BSGURYI2.sav
ICILS,2018,URY,S_ICTPOS,covariate,BSGURYI2.sav
ICILS,2018,URY,S_ICTNEG,covariate,BSGURYI2.sav
ICILS,2018,USA,CIL,outcome,BSGUSAI2.sav
ICILS,2018,USA,CT,outcome,BSGUSAI2.sav
ICILS,2018,USA,S_HISCED,covariate,BSGUSAI2.sav
ICILS,2018,USA,S_HISEI,covariate,BSGUSAI2.sav
ICILS,2018,USA,S_HOMLIT,covariate,BSGUSAI2.sav
ICILS,2018,USA,S_NISB,covariate,BSGUSAI2.sav
ICILS,2018,USA,S_GENEFF,covariate,BSGUSAI2.sav
ICILS,2018,USA,S_SPECEFF,covariate,BSGUSAI2.sav
ICILS,2018,USA,S_ICTPOS,covariate,BSGUSAI2.sav
ICILS,2018,USA,S_ICTNEG,covariate,BSGUSAI2.sav
ICILS,2023,AZE,CIL,outcome,BSGAZEI3.sav
ICILS,2023,AZE,CT,outcome,BSGAZEI3.sav
ICILS,2023,AZE,S_HISCED,covariate,BSGAZEI3.sav
ICILS,2023,AZE,S_HISEI,covariate,BSGAZEI3.sav
ICILS,2023,AZE,S_HOMLIT,covariate,BSGAZEI3.sav
ICILS,2023,AZE,S_GENEFF,covariate,BSGAZEI3.sav
ICILS,2023,AZE,S_SPECEFF,covariate,BSGAZEI3.sav
ICILS,2023,AZE,S_ICTPOSG,covariate,BSGAZEI3.sav
ICILS,2023,AZE,S_ICTNEG,covariate,BSGAZEI3.sav
ICILS,2023,BIH,CIL,outcome,BSGBIHI3.sav
ICILS,2023,BIH,CT,outcome,BSGBIHI3.sav
ICILS,2023,BIH,S_HISCED,covariate,BSGBIHI3.sav
ICILS,2023,BIH,S_HISEI,covariate,BSGBIHI3.sav
ICILS,2023,BIH,S_HOMLIT,covariate,BSGBIHI3.sav
ICILS,2023,BIH,S_GENEFF,covariate,BSGBIHI3.sav
ICILS,2023,BIH,S_SPECEFF,covariate,BSGBIHI3.sav
ICILS,2023,BIH,S_ICTPOSG,covariate,BSGBIHI3.sav
ICILS,2023,BIH,S_ICTNEG,covariate,BSGBIHI3.sav
ICILS,2023,CYP,CIL,outcome,BSGCYPI3.sav
ICILS,2023,CYP,CT,outcome,BSGCYPI3.sav
ICILS,2023,CYP,S_HISCED,covariate,BSGCYPI3.sav
ICILS,2023,CYP,S_HISEI,covariate,BSGCYPI3.sav
ICILS,2023,CYP,S_HOMLIT,covariate,BSGCYPI3.sav
ICILS,2023,CYP,S_GENEFF,covariate,BSGCYPI3.sav
ICILS,2023,CYP,S_SPECEFF,covariate,BSGCYPI3.sav
ICILS,2023,CYP,S_ICTPOSG,covariate,BSGCYPI3.sav
ICILS,2023,CYP,S_ICTNEG,covariate,BSGCYPI3.sav
ICILS,2023,CZE,CIL,outcome,BSGCZEI3.sav
ICILS,2023,CZE,CT,outcome,BSGCZEI3.sav
ICILS,2023,CZE,S_HISCED,covariate,BSGCZEI3.sav
ICILS,2023,CZE,S_HISEI,covariate,BSGCZEI3.sav
ICILS,2023,CZE,S_HOMLIT,covariate,BSGCZEI3.sav
ICILS,2023,CZE,S_GENEFF,covariate,BSGCZEI3.sav
ICILS,2023,CZE,S_SPECEFF,covariate,BSGCZEI3.sav
ICILS,2023,CZE,S_ICTPOSG,covariate,BSGCZEI3.sav
ICILS,2023,CZE,S_ICTNEG,covariate,BSGCZEI3.sav
ICILS,2023,DEU,CIL,outcome,BSGDEUI3.sav
ICILS,2023,DEU,CT,outcome,BSGDEUI3.sav
ICILS,2023,DEU,S_HISCED,covariate,BSGDEUI3.sav
ICILS,2023,DEU,S_HISEI,covariate,BSGDEUI3.sav
ICILS,2023,DEU,S_HOMLIT,covariate,BSGDEUI3.sav
ICILS,2023,DEU,S_GENEFF,covariate,BSGDEUI3.sav
ICILS,2023,DEU,S_SPECEFF,covariate,BSGDEUI3.sav
ICILS,2023,DEU,S_ICTPOSG,covariate,BSGDEUI3.sav
ICILS,2023,DEU,S_ICTNEG,covariate,BSGDEUI3.sav
ICILS,2023,FIN,CIL,outcome,BSGFINI3.sav
ICILS,2023,FIN,CT,outcome,BSGFINI3.sav
ICILS,2023,FIN,S_HISCED,covariate,BSGFINI3.sav
ICILS,2023,FIN,S_HISEI,covariate,BSGFINI3.sav
ICILS,2023,FIN,S_HOMLIT,covariate,BSGFINI3.sav
ICILS,2023,FIN,S_GENEFF,covariate,BSGFINI3.sav
ICILS,2023,FIN,S_SPECEFF,covariate,BSGFINI3.sav
ICILS,2023,FIN,S_ICTPOSG,covariate,BSGFINI3.sav
ICILS,2023,FIN,S_ICTNEG,covariate,BSGFINI3.sav
ICILS,2023,FRA,CIL,outcome,BSGFRAI3.sav
ICILS,2023,FRA,CT,outcome,BSGFRAI3.sav
ICILS,2023,FRA,S_HISCED,covariate,BSGFRAI3.sav
ICILS,2023,FRA,S_HISEI,covariate,BSGFRAI3.sav
ICILS,2023,FRA,S_HOMLIT,covariate,BSGFRAI3.sav
ICILS,2023,FRA,S_GENEFF,covariate,BSGFRAI3.sav
ICILS,2023,FRA,S_SPECEFF,covariate,BSGFRAI3.sav
ICILS,2023,FRA,S_ICTPOSG,covariate,BSGFRAI3.sav
ICILS,2023,FRA,S_ICTNEG,covariate,BSGFRAI3.sav
ICILS,2023,GRC,CIL,outcome,BSGGRCI3.sav
ICILS,2023,GRC,CT,outcome,BSGGRCI3.sav
ICILS,2023,GRC,S_HISCED,covariate,BSGGRCI3.sav
ICILS,2023,GRC,S_HISEI,covariate,BSGGRCI3.sav
ICILS,2023,GRC,S_HOMLIT,covariate,BSGGRCI3.sav
ICILS,2023,GRC,S_GENEFF,covariate,BSGGRCI3.sav
ICILS,2023,GRC,S_SPECEFF,covariate,BSGGRCI3.sav
ICILS,2023,GRC,S_ICTPOSG,covariate,BSGGRCI3.sav
ICILS,2023,GRC,S_ICTNEG,covariate,BSGGRCI3.sav
ICILS,2023,HRV,CIL,outcome,BSGHRVI3.sav
ICILS,2023,HRV,CT,outcome,BSGHRVI3.sav
ICILS,2023,HRV,S_HISCED,covariate,BSGHRVI3.sav
ICILS,2023,HRV,S_HISEI,covariate,BSGHRVI3.sav
ICILS,2023,HRV,S_HOMLIT,covariate,BSGHRVI3.sav
ICILS,2023,HRV,S_GENEFF,covariate,BSGHRVI3.sav
ICILS,2023,HRV,S_SPECEFF,covariate,BSGHRVI3.sav
ICILS,2023,HRV,S_ICTPOSG,covariate,BSGHRVI3.sav
ICILS,2023,HRV,S_ICTNEG,covariate,BSGHRVI3.sav
ICILS,2023,HUN,CIL,outcome,BSGHUNI3.sav
ICILS,2023,HUN,CT,outcome,BSGHUNI3.sav
ICILS,2023,HUN,S_HISCED,covariate,BSGHUNI3.sav
ICILS,2023,HUN,S_HISEI,covariate,BSGHUNI3.sav
ICILS,2023,HUN,S_HOMLIT,covariate,BSGHUNI3.sav
ICILS,2023,HUN,S_GENEFF,covariate,BSGHUNI3.sav
ICILS,2023,HUN,S_SPECEFF,covariate,BSGHUNI3.sav
ICILS,2023,HUN,S_ICTPOSG,covariate,BSGHUNI3.sav
ICILS,2023,HUN,S_ICTNEG,covariate,BSGHUNI3.sav
ICILS,2023,ITA,CIL,outcome,BSGITAI3.sav
ICILS,2023,ITA,CT,outcome,BSGITAI3.sav
ICILS,2023,ITA,S_HISCED,covariate,BSGITAI3.sav
ICILS,2023,ITA,S_HISEI,covariate,BSGITAI3.sav
ICILS,2023,ITA,S_HOMLIT,covariate,BSGITAI3.sav
ICILS,2023,ITA,S_GENEFF,covariate,BSGITAI3.sav
ICILS,2023,ITA,S_SPECEFF,covariate,BSGITAI3.sav
ICILS,2023,ITA,S_ICTPOSG,covariate,BSGITAI3.sav
ICILS,2023,ITA,S_ICTNEG,covariate,BSGITAI3.sav
ICILS,2023,KAZ,CIL,outcome,BSGKAZI3.sav
ICILS,2023,KAZ,CT,outcome,BSGKAZI3.sav
ICILS,2023,KAZ,S_HISCED,covariate,BSGKAZI3.sav
ICILS,2023,KAZ,S_HISEI,covariate,BSGKAZI3.sav
ICILS,2023,KAZ,S_HOMLIT,covariate,BSGKAZI3.sav
ICILS,2023,KAZ,S_GENEFF,covariate,BSGKAZI3.sav
ICILS,2023,KAZ,S_SPECEFF,covariate,BSGKAZI3.sav
ICILS,2023,KAZ,S_ICTPOSG,covariate,BSGKAZI3.sav
ICILS,2023,KAZ,S_ICTNEG,covariate,BSGKAZI3.sav
ICILS,2023,KOR,CIL,outcome,BSGKORI3.sav
ICILS,2023,KOR,CT,outcome,BSGKORI3.sav
ICILS,2023,KOR,S_HISCED,covariate,BSGKORI3.sav
ICILS,2023,KOR,S_HISEI,covariate,BSGKORI3.sav
ICILS,2023,KOR,S_HOMLIT,covariate,BSGKORI3.sav
ICILS,2023,KOR,S_GENEFF,covariate,BSGKORI3.sav
ICILS,2023,KOR,S_SPECEFF,covariate,BSGKORI3.sav
ICILS,2023,KOR,S_ICTPOSG,covariate,BSGKORI3.sav
ICILS,2023,KOR,S_ICTNEG,covariate,BSGKORI3.sav
ICILS,2023,LUX,CIL,outcome,BSGLUXI3.sav
ICILS,2023,LUX,CT,outcome,BSGLUXI3.sav
ICILS,2023,LUX,S_HISCED,covariate,BSGLUXI3.sav
ICILS,2023,LUX,S_HISEI,covariate,BSGLUXI3.sav
ICILS,2023,LUX,S_HOMLIT,covariate,BSGLUXI3.sav
ICILS,2023,LUX,S_GENEFF,covariate,BSGLUXI3.sav
ICILS,2023,LUX,S_SPECEFF,covariate,BSGLUXI3.sav
ICILS,2023,LUX,S_ICTPOSG,covariate,BSGLUXI3.sav
ICILS,2023,LUX,S_ICTNEG,covariate,BSGLUXI3.sav
ICILS,2023,LVA,CIL,outcome,BSGLVAI3.sav
ICILS,2023,LVA,CT,outcome,BSGLVAI3.sav
ICILS,2023,LVA,S_HISCED,covariate,BSGLVAI3.sav
ICILS,2023,LVA,S_HISEI,covariate,BSGLVAI3.sav
ICILS,2023,LVA,S_HOMLIT,covariate,BSGLVAI3.sav
ICILS,2023,LVA,S_GENEFF,covariate,BSGLVAI3.sav
ICILS,2023,LVA,S_SPECEFF,covariate,BSGLVAI3.sav
ICILS,2023,LVA,S_ICTPOSG,covariate,BSGLVAI3.sav
ICILS,2023,LVA,S_ICTNEG,covariate,BSGLVAI3.sav
ICILS,2023,MLT,CIL,outcome,BSGMLTI3.sav
ICILS,2023,MLT,CT,outcome,BSGMLTI3.sav
ICILS,2023,MLT,S_HISCED,covariate,BSGMLTI3.sav
ICILS,2023,MLT,S_HISEI,covariate,BSGMLTI3.sav
ICILS,2023,MLT,S_HOMLIT,covariate,BSGMLTI3.sav
ICILS,2023,MLT,S_GENEFF,covariate,BSGMLTI3.sav
ICILS,2023,MLT,S_SPECEFF,covariate,BSGMLTI3.sav
ICILS,2023,MLT,S_ICTPOSG,covariate,BSGMLTI3.sav
ICILS,2023,MLT,S_ICTNEG,covariate,BSGMLTI3.sav
ICILS,2023,NLD,CIL,outcome,BSGNLDI3.sav
ICILS,2023,NLD,CT,outcome,BSGNLDI3.sav
ICILS,2023,NLD,S_HISCED,covariate,BSGNLDI3.sav
ICILS,2023,NLD,S_HISEI,covariate,BSGNLDI3.sav
ICILS,2023,NLD,S_HOMLIT,covariate,BSGNLDI3.sav
ICILS,2023,NLD,S_GENEFF,covariate,BSGNLDI3.sav
ICILS,2023,NLD,S_SPECEFF,covariate,BSGNLDI3.sav
ICILS,2023,NLD,S_ICTPOSG,covariate,BSGNLDI3.sav
ICILS,2023,NLD,S_ICTNEG,covariate,BSGNLDI3.sav
ICILS,2023,OMN,CIL,outcome,BSGOMNI3.sav
ICILS,2023,OMN,CT,outcome,BSGOMNI3.sav
ICILS,2023,OMN,S_HISCED,covariate,BSGOMNI3.sav
ICILS,2023,OMN,S_HISEI,covariate,BSGOMNI3.sav
ICILS,2023,OMN,S_HOMLIT,covariate,BSGOMNI3.sav
ICILS,2023,OMN,S_GENEFF,covariate,BSGOMNI3.sav
ICILS,2023,OMN,S_SPECEFF,covariate,BSGOMNI3.sav
ICILS,2023,OMN,S_ICTPOSG,covariate,BSGOMNI3.sav
ICILS,2023,OMN,S_ICTNEG,covariate,BSGOMNI3.sav
ICILS,2023,PRT,CIL,outcome,BSGPRTI3.sav
ICILS,2023,PRT,CT,outcome,BSGPRTI3.sav
ICILS,2023,PRT,S_HISCED,covariate,BSGPRTI3.sav
ICILS,2023,PRT,S_HISEI,covariate,BSGPRTI3.sav
ICILS,2023,PRT,S_HOMLIT,covariate,BSGPRTI3.sav
ICILS,2023,PRT,S_GENEFF,covariate,BSGPRTI3.sav
ICILS,2023,PRT,S_SPECEFF,covariate,BSGPRTI3.sav
ICILS,2023,PRT,S_ICTPOSG,covariate,BSGPRTI3.sav
ICILS,2023,PRT,S_ICTNEG,covariate,BSGPRTI3.sav
ICILS,2023,SVK,CIL,outcome,BSGSVKI3.sav
ICILS,2023,SVK,CT,outcome,BSGSVKI3.sav
ICILS,2023,SVK,S_HISCED,covariate,BSGSVKI3.sav
ICILS,2023,SVK,S_HISEI,covariate,BSGSVKI3.sav
ICILS,2023,SVK,S_HOMLIT,covariate,BSGSVKI3.sav
ICILS,2023,SVK,S_GENEFF,covariate,BSGSVKI3.sav
ICILS,2023,SVK,S_SPECEFF,covariate,BSGSVKI3.sav
ICILS,2023,SVK,S_ICTPOSG,covariate,BSGSVKI3.sav
ICILS,2023,SVK,S_ICTNEG,covariate,BSGSVKI3.sav
ICILS,2023,SVN,CIL,outcome,BSGSVNI3.sav
ICILS,2023,SVN,CT,outcome,BSGSVNI3.sav
ICILS,2023,SVN,S_HISCED,covariate,BSGSVNI3.sav
ICILS,2023,SVN,S_HISEI,covariate,BSGSVNI3.sav
ICILS,2023,SVN,S_HOMLIT,covariate,BSGSVNI3.sav
ICILS,2023,SVN,S_GENEFF,covariate,BSGSVNI3.sav
ICILS,2023,SVN,S_SPECEFF,covariate,BSGSVNI3.sav
ICILS,2023,SVN,S_ICTPOSG,covariate,BSGSVNI3.sav
ICILS,2023,SVN,S_ICTNEG,covariate,BSGSVNI3.sav
ICILS,2023,SWE,CIL,outcome,BSGSWEI3.sav
ICILS,2023,SWE,CT,outcome,BSGSWEI3.sav
ICILS,2023,SWE,S_HISCED,covariate,BSGSWEI3.sav
ICILS,2023,SWE,S_HISEI,covariate,BSGSWEI3.sav
ICILS,2023,SWE,S_HOMLIT,covariate,BSGSWEI3.sav
ICILS,2023,SWE,S_GENEFF,covariate,BSGSWEI3.sav
ICILS,2023,SWE,S_SPECEFF,covariate,BSGSWEI3.sav
ICILS,2023,SWE,S_ICTPOSG,covariate,BSGSWEI3.sav
ICILS,2023,SWE,S_ICTNEG,covariate,BSGSWEI3.sav
ICILS,2023,USA,CIL,outcome,BSGUSAI3.sav
ICILS,2023,USA,CT,outcome,BSGUSAI3.sav
ICILS,2023,USA,S_HISCED,covariate,BSGUSAI3.sav
ICILS,2023,USA,S_HISEI,covariate,BSGUSAI3.sav
ICILS,2023,USA,S_HOMLIT,covariate,BSGUSAI3.sav
ICILS,2023,USA,S_GENEFF,covariate,BSGUSAI3.sav
ICILS,2023,USA,S_SPECEFF,covariate,BSGUSAI3.sav
ICILS,2023,USA,S_ICTPOSG,covariate,BSGUSAI3.sav
ICILS,2023,USA,S_ICTNEG,covariate,BSGUSAI3.sav
PIAAC,2012,BEL,PVLIT,outcome,prgbelp1.csv
PIAAC,2012,BEL,PVNUM,outcome,prgbelp1.csv
PIAAC,2012,BEL,PVPSL,outcome,prgbelp1.csv
PIAAC,2012,BEL,YRSQUAL,covariate,prgbelp1.csv
PIAAC,2012,CAN,PVLIT,outcome,prgcanp1.csv
PIAAC,2012,CAN,PVNUM,outcome,prgcanp1.csv
PIAAC,2012,CAN,PVPSL,outcome,prgcanp1.csv
PIAAC,2012,CAN,YRSQUAL,covariate,prgcanp1.csv
PIAAC,2012,CHL,PVLIT,outcome,prgchlp1.csv
PIAAC,2012,CHL,PVNUM,outcome,prgchlp1.csv
PIAAC,2012,CHL,PVPSL,outcome,prgchlp1.csv
PIAAC,2012,CHL,YRSQUAL,covariate,prgchlp1.csv
PIAAC,2012,CZE,PVLIT,outcome,prgczep1.csv
PIAAC,2012,CZE,PVNUM,outcome,prgczep1.csv
PIAAC,2012,CZE,PVPSL,outcome,prgczep1.csv
PIAAC,2012,CZE,YRSQUAL,covariate,prgczep1.csv
PIAAC,2012,DNK,PVLIT,outcome,prgdnkp1.csv
PIAAC,2012,DNK,PVNUM,outcome,prgdnkp1.csv
PIAAC,2012,DNK,PVPSL,outcome,prgdnkp1.csv
PIAAC,2012,DNK,YRSQUAL,covariate,prgdnkp1.csv
PIAAC,2012,ESP,PVLIT,outcome,prgespp1.csv
PIAAC,2012,ESP,PVNUM,outcome,prgespp1.csv
PIAAC,2012,ESP,PVPSL,outcome,prgespp1.csv
PIAAC,2012,ESP,YRSQUAL,covariate,prgespp1.csv
PIAAC,2012,EST,PVLIT,outcome,prgestp1.csv
PIAAC,2012,EST,PVNUM,outcome,prgestp1.csv
PIAAC,2012,EST,PVPSL,outcome,prgestp1.csv
PIAAC,2012,EST,YRSQUAL,covariate,prgestp1.csv
PIAAC,2012,FIN,PVLIT,outcome,prgfinp1.csv
PIAAC,2012,FIN,PVNUM,outcome,prgfinp1.csv
PIAAC,2012,FIN,PVPSL,outcome,prgfinp1.csv
PIAAC,2012,FIN,YRSQUAL,covariate,prgfinp1.csv
PIAAC,2012,FRA,PVLIT,outcome,prgfrap1.csv
PIAAC,2012,FRA,PVNUM,outcome,prgfrap1.csv
PIAAC,2012,FRA,PVPSL,outcome,prgfrap1.csv
PIAAC,2012,FRA,YRSQUAL,covariate,prgfrap1.csv
PIAAC,2012,GBR,PVLIT,outcome,prggbrp1.csv
PIAAC,2012,GBR,PVNUM,outcome,prggbrp1.csv
PIAAC,2012,GBR,PVPSL,outcome,prggbrp1.csv
PIAAC,2012,GBR,YRSQUAL,covariate,prggbrp1.csv
PIAAC,2012,GRC,PVLIT,outcome,prggrcp1.csv
PIAAC,2012,GRC,PVNUM,outcome,prggrcp1.csv
PIAAC,2012,GRC,PVPSL,outcome,prggrcp1.csv
PIAAC,2012,GRC,YRSQUAL,covariate,prggrcp1.csv
PIAAC,2012,IRL,PVLIT,outcome,prgirlp1.csv
PIAAC,2012,IRL,PVNUM,outcome,prgirlp1.csv
PIAAC,2012,IRL,PVPSL,outcome,prgirlp1.csv
PIAAC,2012,IRL,YRSQUAL,covariate,prgirlp1.csv
PIAAC,2012,JPN,PVLIT,outcome,prgjpnp1.csv
PIAAC,2012,JPN,PVNUM,outcome,prgjpnp1.csv
PIAAC,2012,JPN,PVPSL,outcome,prgjpnp1.csv
PIAAC,2012,JPN,YRSQUAL,covariate,prgjpnp1.csv
PIAAC,2012,KAZ,PVLIT,outcome,prgkazp1.csv
PIAAC,2012,KAZ,PVNUM,outcome,prgkazp1.csv
PIAAC,2012,KAZ,PVPSL,outcome,prgkazp1.csv
PIAAC,2012,KAZ,YRSQUAL,covariate,prgkazp1.csv
PIAAC,2012,LTU,PVLIT,outcome,prgltup1.csv
PIAAC,2012,LTU,PVNUM,outcome,prgltup1.csv
PIAAC,2012,LTU,PVPSL,outcome,prgltup1.csv
PIAAC,2012,LTU,YRSQUAL,covariate,prgltup1.csv
PIAAC,2012,MEX,PVLIT,outcome,prgmexp1.csv
PIAAC,2012,MEX,PVNUM,outcome,prgmexp1.csv
PIAAC,2012,MEX,PVPSL,outcome,prgmexp1.csv
PIAAC,2012,MEX,YRSQUAL,covariate,prgmexp1.csv
PIAAC,2012,NOR,PVLIT,outcome,prgnorp1.csv
PIAAC,2012,NOR,PVNUM,outcome,prgnorp1.csv
PIAAC,2012,NOR,PVPSL,outcome,prgnorp1.csv
PIAAC,2012,NOR,YRSQUAL,covariate,prgnorp1.csv
PIAAC,2012,NZL,PVLIT,outcome,prgnzlp1.csv
PIAAC,2012,NZL,PVNUM,outcome,prgnzlp1.csv
PIAAC,2012,NZL,PVPSL,outcome,prgnzlp1.csv
PIAAC,2012,NZL,YRSQUAL,covariate,prgnzlp1.csv
PIAAC,2012,PER,PVLIT,outcome,prgperp1.csv
PIAAC,2012,PER,PVNUM,outcome,prgperp1.csv
PIAAC,2012,PER,PVPSL,outcome,prgperp1.csv
PIAAC,2012,PER,YRSQUAL,covariate,prgperp1.csv
PIAAC,2012,POL,PVLIT,outcome,prgpolp1.csv
PIAAC,2012,POL,PVNUM,outcome,prgpolp1.csv
PIAAC,2012,POL,PVPSL,outcome,prgpolp1.csv
PIAAC,2012,POL,YRSQUAL,covariate,prgpolp1.csv
PIAAC,2012,RUS,PVLIT,outcome,prgrusp1.csv
PIAAC,2012,RUS,PVNUM,outcome,prgrusp1.csv
PIAAC,2012,RUS,PVPSL,outcome,prgrusp1.csv
PIAAC,2012,RUS,YRSQUAL,covariate,prgrusp1.csv
PIAAC,2012,SGP,PVLIT,outcome,prgsgpp1.csv
PIAAC,2012,SGP,PVNUM,outcome,prgsgpp1.csv
PIAAC,2012,SGP,PVPSL,outcome,prgsgpp1.csv
PIAAC,2012,SGP,YRSQUAL,covariate,prgsgpp1.csv
PIAAC,2012,SVK,PVLIT,outcome,prgsvkp1.csv
PIAAC,2012,SVK,PVNUM,outcome,prgsvkp1.csv
PIAAC,2012,SVK,PVPSL,outcome,prgsvkp1.csv
PIAAC,2012,SVK,YRSQUAL,covariate,prgsvkp1.csv
PIAAC,2012,SWE,PVLIT,outcome,prgswep1.csv
PIAAC,2012,SWE,PVNUM,outcome,prgswep1.csv
PIAAC,2012,SWE,PVPSL,outcome,prgswep1.csv
PIAAC,2012,SWE,YRSQUAL,covariate,prgswep1.csv
PIAAC,2012,TUR,PVLIT,outcome,prgturp1.csv
PIAAC,2012,TUR,PVNUM,outcome,prgturp1.csv
PIAAC,2012,TUR,PVPSL,outcome,prgturp1.csv
PIAAC,2012,TUR,YRSQUAL,covariate,prgturp1.csv
PIAAC,2012,USA,PVLIT,outcome,prgusap1_2012.csv
PIAAC,2012,USA,PVNUM,outcome,prgusap1_2012.csv
PIAAC,2012,USA,PVPSL,outcome,prgusap1_2012.csv
PIAAC,2012,USA,YRSQUAL,covariate,prgusap1_2012.csv
PIAAC,2022,AUT,PVLIT,outcome,prgautp2.csv
PIAAC,2022,AUT,PVNUM,outcome,prgautp2.csv
PIAAC,2022,AUT,PVAPS,outcome,prgautp2.csv
PIAAC,2022,AUT,YRSQUAL,covariate,prgautp2.csv
PIAAC,2022,CAN,PVLIT,outcome,prgcanp2.csv
PIAAC,2022,CAN,PVNUM,outcome,prgcanp2.csv
PIAAC,2022,CAN,PVAPS,outcome,prgcanp2.csv
PIAAC,2022,CAN,YRSQUAL,covariate,prgcanp2.csv
PIAAC,2022,CHE,PVLIT,outcome,prgchep2.csv
PIAAC,2022,CHE,PVNUM,outcome,prgchep2.csv
PIAAC,2022,CHE,PVAPS,outcome,prgchep2.csv
PIAAC,2022,CHE,YRSQUAL,covariate,prgchep2.csv
PIAAC,2022,CHL,PVLIT,outcome,prgchlp2.csv
PIAAC,2022,CHL,PVNUM,outcome,prgchlp2.csv
PIAAC,2022,CHL,PVAPS,outcome,prgchlp2.csv
PIAAC,2022,CHL,YRSQUAL,covariate,prgchlp2.csv
PIAAC,2022,CZE,PVLIT,outcome,prgczep2.csv
PIAAC,2022,CZE,PVNUM,outcome,prgczep2.csv
PIAAC,2022,CZE,PVAPS,outcome,prgczep2.csv
PIAAC,2022,CZE,YRSQUAL,covariate,prgczep2.csv
PIAAC,2022,DEU,PVLIT,outcome,prgdeup2.csv
PIAAC,2022,DEU,PVNUM,outcome,prgdeup2.csv
PIAAC,2022,DEU,PVAPS,outcome,prgdeup2.csv
PIAAC,2022,DEU,YRSQUAL,covariate,prgdeup2.csv
PIAAC,2022,FIN,PVLIT,outcome,prgfinp2.csv
PIAAC,2022,FIN,PVNUM,outcome,prgfinp2.csv
PIAAC,2022,FIN,PVAPS,outcome,prgfinp2.csv
PIAAC,2022,FIN,YRSQUAL,covariate,prgfinp2.csv
PIAAC,2022,FRA,PVLIT,outcome,prgfrap2.csv
PIAAC,2022,FRA,PVNUM,outcome,prgfrap2.csv
PIAAC,2022,FRA,PVAPS,outcome,prgfrap2.csv
PIAAC,2022,FRA,YRSQUAL,covariate,prgfrap2.csv
PIAAC,2022,GBR,PVLIT,outcome,prggbrp2.csv
PIAAC,2022,GBR,PVNUM,outcome,prggbrp2.csv
PIAAC,2022,GBR,PVAPS,outcome,prggbrp2.csv
PIAAC,2022,GBR,YRSQUAL,covariate,prggbrp2.csv
PIAAC,2022,HUN,PVLIT,outcome,prghunp2.csv
PIAAC,2022,HUN,PVNUM,outcome,prghunp2.csv
PIAAC,2022,HUN,PVAPS,outcome,prghunp2.csv
PIAAC,2022,HUN,YRSQUAL,covariate,prghunp2.csv
PIAAC,2022,IRL,PVLIT,outcome,prgirlp2.csv
PIAAC,2022,IRL,PVNUM,outcome,prgirlp2.csv
PIAAC,2022,IRL,PVAPS,outcome,prgirlp2.csv
PIAAC,2022,IRL,YRSQUAL,covariate,prgirlp2.csv
PIAAC,2022,JPN,PVLIT,outcome,prgjpnp2.csv
PIAAC,2022,JPN,PVNUM,outcome,prgjpnp2.csv
PIAAC,2022,JPN,PVAPS,outcome,prgjpnp2.csv
PIAAC,2022,JPN,YRSQUAL,covariate,prgjpnp2.csv
PIAAC,2022,LTU,PVLIT,outcome,prgltup2.csv
PIAAC,2022,LTU,PVNUM,outcome,prgltup2.csv
PIAAC,2022,LTU,PVAPS,outcome,prgltup2.csv
PIAAC,2022,LTU,YRSQUAL,covariate,prgltup2.csv
PIAAC,2022,NOR,PVLIT,outcome,prgnorp2.csv
PIAAC,2022,NOR,PVNUM,outcome,prgnorp2.csv
PIAAC,2022,NOR,PVAPS,outcome,prgnorp2.csv
PIAAC,2022,NOR,YRSQUAL,covariate,prgnorp2.csv
PIAAC,2022,NZL,PVLIT,outcome,prgnzlp2.csv
PIAAC,2022,NZL,PVNUM,outcome,prgnzlp2.csv
PIAAC,2022,NZL,PVAPS,outcome,prgnzlp2.csv
PIAAC,2022,NZL,YRSQUAL,covariate,prgnzlp2.csv
PIAAC,2022,POL,PVLIT,outcome,prgpolp2.csv
PIAAC,2022,POL,PVNUM,outcome,prgpolp2.csv
PIAAC,2022,POL,PVAPS,outcome,prgpolp2.csv
PIAAC,2022,POL,YRSQUAL,covariate,prgpolp2.csv
PIAAC,2022,PRT,PVLIT,outcome,prgprtp2.csv
PIAAC,2022,PRT,PVNUM,outcome,prgprtp2.csv
PIAAC,2022,PRT,PVAPS,outcome,prgprtp2.csv
PIAAC,2022,PRT,YRSQUAL,covariate,prgprtp2.csv
PIAAC,2022,SGP,PVLIT,outcome,prgsgpp2.csv
PIAAC,2022,SGP,PVNUM,outcome,prgsgpp2.csv
PIAAC,2022,SGP,PVAPS,outcome,prgsgpp2.csv
PIAAC,2022,SGP,YRSQUAL,covariate,prgsgpp2.csv
PIAAC,2022,SVK,PVLIT,outcome,prgsvkp2.csv
PIAAC,2022,SVK,PVNUM,outcome,prgsvkp2.csv
PIAAC,2022,SVK,PVAPS,outcome,prgsvkp2.csv
PIAAC,2022,SVK,YRSQUAL,covariate,prgsvkp2.csv
PIAAC,2022,SWE,PVLIT,outcome,prgswep2.csv
PIAAC,2022,SWE,PVNUM,outcome,prgswep2.csv
PIAAC,2022,SWE,PVAPS,outcome,prgswep2.csv
PIAAC,2022,SWE,YRSQUAL,covariate,prgswep2.csv
PIAAC,2022,USA,PVLIT,outcome,prgusap2.csv
PIAAC,2022,USA,PVNUM,outcome,prgusap2.csv
PIAAC,2022,USA,PVAPS,outcome,prgusap2.csv
PIAAC,2022,USA,YRSQUAL,covariate,prgusap2.csv
