program,cycle,country_iso3,domain,y_true,se_true,y_M0,y_M1,y_M2,resid_M0,resid_M1,resid_M2,n_train,n_test
PIRLS,2006,CQU,reading,532.9081,2.7079,,,537.2443,,,-4.3361999999999625,0,19
PIRLS,2006,DEU,reading,547.5908,2.168,,,539.0901,,,8.500699999999938,0,19
PIRLS,2006,FRA,reading,521.5935,2.0379,,,525.1702,,,-3.5767000000000735,0,19
PIRLS,2006,HKG,reading,563.9113,2.4158,,,527.8711,,,36.04020000000003,0,19
PIRLS,2006,ISL,reading,510.5973,1.2964,,,512.4169,,,-1.8196000000000367,0,19
PIRLS,2006,ISR,reading,512.4622,3.2821,,,508.9392,,,3.5230000000000246,0,19
PIRLS,2006,ITA,reading,551.4682,2.94,,,540.7288,,,10.739400000000046,0,19
PIRLS,2006,LTU,reading,537.0325,1.6809,,,543.3865,,,-6.353999999999928,0,19
PIRLS,2006,LVA,reading,540.9115,2.3492,,,544.607,,,-3.6954999999999245,0,19
PIRLS,2006,MAR,reading,322.5801,6.1754,,,349.5113,,,-26.93119999999999,0,19
PIRLS,2006,MDA,reading,499.8838,2.943,,,491.7428,,,8.14100000000002,0,19
PIRLS,2006,MKD,reading,442.3955,4.055,,,441.5864,,,0.8091000000000008,0,19
PIRLS,2006,NLD,reading,547.1517,1.5273,,,554.2088,,,-7.057099999999991,0,19
PIRLS,2006,NOR,reading,498.008,2.5944,,,499.1794,,,-1.1714000000000055,0,19
PIRLS,2006,NZL,reading,531.7151,2.1203,,,528.8238,,,2.891300000000001,0,19
PIRLS,2006,RUS,reading,564.7436,3.3787,,,527.9335,,,36.810100000000034,0,19
PIRLS,2006,SVK,reading,530.8146,2.7857,,,518.0873,,,12.727300000000014,0,19
PIRLS,2006,SVN,reading,521.5314,2.1305,,,501.5179,,,20.013499999999965,0,19
PIRLS,2006,USA,reading,539.9249,3.4415,,,542.149,,,-2.2241000000000213,0,19
PIRLS,2011,AUT,reading,528.8756,1.9481,545.835,545.835,538.2962,-16.959400000000073,-16.959400000000073,-9.420600000000036,19,17
PIRLS,2011,CQU,reading,537.6108,2.1567,539.7895,539.7895,532.9081,-2.1786999999999352,-2.1786999999999352,4.70270000000005,19,17
PIRLS,2011,DEU,reading,541.0117,2.2542,556.2637,556.2637,547.5908,-15.251999999999953,-15.251999999999953,-6.579099999999926,19,17
PIRLS,2011,FRA,reading,520.0006,2.6661,527.0943,527.0943,521.5935,-7.0937000000000126,-7.0937000000000126,-1.592899999999986,19,17
PIRLS,2011,GEO,reading,487.7557,3.0776,470.143,470.143,470.8356,17.612700000000018,17.612700000000018,16.92009999999999,19,17
PIRLS,2011,HKG,reading,570.5426,2.2642,574.5756,574.5756,563.9113,-4.0330000000000155,-4.0330000000000155,6.63130000000001,19,17
PIRLS,2011,ISR,reading,540.9207,2.6956,516.8488,516.8488,512.4622,24.071900000000028,24.071900000000028,28.458499999999958,19,17
PIRLS,2011,KWT,reading,419.071,5.1922,312.46,312.46,330.3003,106.61100000000005,106.61100000000005,88.77070000000003,19,17
PIRLS,2011,LTU,reading,528.2289,1.9834,544.4171,544.4171,537.0325,-16.18820000000005,-16.18820000000005,-8.803600000000074,19,17
PIRLS,2011,NLD,reading,546.0583,2.0143,555.771,555.771,547.1517,-9.712699999999927,-9.712699999999927,-1.0933999999999742,19,17
PIRLS,2011,POL,reading,525.5726,2.1048,524.6211,524.6211,519.3893,0.95150000000001,0.95150000000001,6.183299999999917,19,17
PIRLS,2011,RUS,reading,568.4185,2.7278,575.5094,575.5094,564.7436,-7.090900000000033,-7.090900000000033,3.6748999999999796,19,17
PIRLS,2011,SGP,reading,567.2845,3.2885,568.2491,568.2491,558.2728,-0.9646000000000186,-0.9646000000000186,9.011700000000019,19,17
PIRLS,2011,SVK,reading,535.0846,2.7378,537.4405,537.4405,530.8146,-2.3559000000000196,-2.3559000000000196,4.269999999999982,19,17
PIRLS,2011,SVN,reading,530.3203,1.9783,527.0246,527.0246,521.5314,3.2957000000000107,3.2957000000000107,8.788900000000012,19,17
PIRLS,2011,TTO,reading,470.85,3.7958,430.5943,430.5943,435.5877,40.25570000000005,40.25570000000005,35.26230000000004,19,17
PIRLS,2011,USA,reading,556.3746,1.5689,547.6624,547.6624,539.9249,8.712199999999939,8.712199999999939,16.449700000000007,19,17
PIRLS,2016,AAD,reading,414.3079,4.7116,448.0142,448.0142,424.2648,-33.7063,-33.7063,-9.956899999999962,36,33
PIRLS,2016,ADU,reading,514.992,1.8998,521.9779,521.9779,,-6.985900000000015,-6.985900000000015,,36,33
PIRLS,2016,ARE,reading,450.1036,3.2335,459.8151,459.8151,438.5933,-9.711500000000001,-9.711500000000001,11.510299999999972,36,33
PIRLS,2016,AUS,reading,544.3601,2.5329,532.9329,532.9329,527.372,11.42719999999997,11.42719999999997,16.98810000000003,36,33
PIRLS,2016,AUT,reading,540.7961,2.3805,534.1713,534.1713,528.8756,6.62480000000005,6.62480000000005,11.920500000000061,36,33
PIRLS,2016,AZE,reading,472.2769,4.177,479.3429,479.3429,462.3037,-7.065999999999974,-7.065999999999974,9.97320000000002,36,33
PIRLS,2016,BFL,reading,525.0589,1.9371,521.9779,521.9779,,3.0810000000000173,3.0810000000000173,,36,33
PIRLS,2016,BGR,reading,551.5391,4.2437,536.6057,536.6057,531.8315,14.933400000000006,14.933400000000006,19.707599999999957,36,33
PIRLS,2016,BHR,reading,445.9995,2.3245,521.9779,521.9779,,-75.97839999999997,-75.97839999999997,,36,33
PIRLS,2016,COT,reading,543.5816,3.2056,553.0871,553.0871,551.843,-9.505499999999984,-9.505499999999984,-8.26139999999998,36,33
PIRLS,2016,CQU,reading,547.4221,2.8424,541.3656,541.3656,537.6108,6.056500000000028,6.056500000000028,9.81129999999996,36,33
PIRLS,2016,DEU,reading,537.3254,3.1704,544.1665,544.1665,541.0117,-6.841100000000097,-6.841100000000097,-3.686300000000074,36,33
PIRLS,2016,DNK,reading,547.4924,2.1138,554.8584,554.8584,553.9936,-7.3659999999999854,-7.3659999999999854,-6.50120000000004,36,33
PIRLS,2016,EAN,reading,524.584,2.0845,522.6583,522.6583,514.8967,1.9256999999998925,1.9256999999998925,9.687299999999937,36,33
PIRLS,2016,FIN,reading,566.007,1.844,566.2873,566.2873,567.8705,-0.2803000000000111,-0.2803000000000111,-1.8635000000000446,36,33
PIRLS,2016,FRA,reading,511.244,2.1762,526.8619,526.8619,520.0006,-15.617899999999963,-15.617899999999963,-8.756599999999935,36,33
PIRLS,2016,GEO,reading,488.3194,2.8077,500.3051,500.3051,487.7557,-11.985700000000008,-11.985700000000008,0.563699999999983,36,33
PIRLS,2016,IRL,reading,566.5963,2.4778,552.8906,552.8906,551.6044,13.705700000000093,13.705700000000093,14.991899999999987,36,33
PIRLS,2016,IRN,reading,431.057,3.8807,521.9779,521.9779,,-90.92089999999996,-90.92089999999996,,36,33
PIRLS,2016,ISR,reading,530.2877,2.5405,544.0916,544.0916,540.9207,-13.803899999999999,-13.803899999999999,-10.633000000000038,36,33
PIRLS,2016,ITA,reading,548.0069,2.1828,521.9779,521.9779,,26.028999999999996,26.028999999999996,,36,33
PIRLS,2016,KAZ,reading,536.0463,2.4831,521.9779,521.9779,,14.068399999999997,14.068399999999997,,36,33
PIRLS,2016,MAR,reading,349.255,4.266,521.9779,521.9779,,-172.72289999999998,-172.72289999999998,,36,33
PIRLS,2016,NIR,reading,564.6207,2.2141,558.5301,558.5301,558.4518,6.090600000000109,6.090600000000109,6.168900000000008,36,33
PIRLS,2016,NLD,reading,544.8837,1.6741,548.3229,548.3229,546.0583,-3.439200000000028,-3.439200000000028,-1.174600000000055,36,33
PIRLS,2016,NOR,reading,558.9496,2.2583,521.9779,521.9779,,36.971700000000055,36.971700000000055,,36,33
PIRLS,2016,NZL,reading,522.5312,2.1774,521.9779,521.9779,,0.5533000000000357,0.5533000000000357,,36,33
PIRLS,2016,PRT,reading,527.7969,2.2798,544.0223,544.0223,540.8366,-16.225399999999922,-16.225399999999922,-13.039699999999925,36,33
PIRLS,2016,QAT,reading,442.2461,1.8478,521.9779,521.9779,,-79.73179999999996,-79.73179999999996,,36,33
PIRLS,2016,RUS,reading,580.7725,2.2013,566.7387,566.7387,568.4185,14.033800000000042,14.033800000000042,12.354000000000042,36,33
PIRLS,2016,SAU,reading,430.2995,4.192,452.6142,452.6142,429.8501,-22.31469999999996,-22.31469999999996,0.44940000000002556,36,33
PIRLS,2016,SVK,reading,534.7911,3.1175,539.285,539.285,535.0846,-4.49389999999994,-4.49389999999994,-0.29349999999999454,36,33
PIRLS,2016,SWE,reading,555.1602,2.3968,544.7127,544.7127,541.6749,10.447499999999991,10.447499999999991,13.485300000000052,36,33
PIRLS,2021,AAD,reading,439.5624,3.5283,445.2574,447.413,414.3079,-5.694999999999993,-7.850599999999986,25.254500000000007,69,32
PIRLS,2021,ADU,reading,551.8599,1.5005,516.5599,516.5544,514.992,35.30000000000007,35.30550000000005,36.86790000000008,69,32
PIRLS,2021,AUS,reading,540.1345,2.2101,536.3993,536.4716,544.3601,3.7351999999999634,3.662900000000036,-4.225599999999986,69,32
PIRLS,2021,AUT,reading,529.763,2.1715,533.9917,534.0545,540.7961,-4.2287000000000035,-4.291499999999928,-11.03309999999999,69,32
PIRLS,2021,AZE,reading,440.2748,3.5924,487.7041,487.5853,472.2769,-47.429299999999955,-47.31049999999999,-32.002099999999984,69,32
PIRLS,2021,BFL,reading,506.6666,2.1044,515.9113,519.2588,525.0589,-9.244699999999966,-12.592199999999934,-18.392299999999977,69,32
PIRLS,2021,BFR,reading,494.2658,2.6576,502.4738,504.3391,497.4955,-8.20799999999997,-10.07329999999996,-3.22969999999998,69,32
PIRLS,2021,BGR,reading,539.8938,3.0126,541.249,541.3404,551.5391,-1.355199999999968,-1.4465999999999894,-11.645299999999907,69,32
PIRLS,2021,BHR,reading,458.3948,2.87,469.9526,469.7641,445.9995,-11.557800000000043,-11.36930000000001,12.395299999999963,69,32
PIRLS,2021,CQU,reading,551.0024,2.7305,553.9617,554.3389,547.4221,-2.9592999999999847,-3.336500000000001,3.5802999999999656,69,32
PIRLS,2021,CZE,reading,542.5968,1.9974,535.7157,535.7854,543.3482,6.88110000000006,6.811400000000049,-0.7513999999999896,69,32
PIRLS,2021,DEU,reading,523.9744,2.1253,537.7623,537.497,537.3254,-13.787900000000036,-13.522600000000011,-13.350999999999999,69,32
PIRLS,2021,DNK,reading,539.235,2.2305,547.3564,548.7159,547.4924,-8.121399999999994,-9.48090000000002,-8.257399999999961,69,32
PIRLS,2021,ESP,reading,516.9008,2.3796,546.4981,543.7831,527.7396,-29.59730000000002,-26.882299999999987,-10.838799999999992,69,32
PIRLS,2021,FIN,reading,549.3,2.403,554.8578,556.622,566.007,-5.557800000000043,-7.322000000000003,-16.706999999999994,69,32
PIRLS,2021,FRA,reading,513.7371,2.5442,514.028,514.0125,511.244,-0.2908999999999651,-0.27539999999999054,2.4931000000000267,69,32
PIRLS,2021,GEO,reading,494.0261,2.6006,523.1692,520.5854,488.3194,-29.14310000000006,-26.559300000000064,5.706700000000012,69,32
PIRLS,2021,IRN,reading,412.7746,4.8786,432.2316,433.937,431.057,-19.456999999999994,-21.16239999999999,-18.282399999999996,69,32
PIRLS,2021,ISR,reading,509.3351,2.447,526.8928,526.9278,530.2877,-17.557699999999954,-17.592700000000036,-20.95259999999996,69,32
PIRLS,2021,ITA,reading,541.0125,1.8871,538.8628,538.9449,548.0069,2.1497000000000526,2.067600000000084,-6.994399999999928,69,32
PIRLS,2021,KAZ,reading,504.4283,2.3465,569.1457,565.1841,536.0463,-64.71740000000005,-60.755799999999965,-31.617999999999995,69,32
PIRLS,2021,LVA,reading,527.6827,2.6074,545.4453,545.5532,557.7509,-17.76260000000002,-17.870499999999993,-30.068200000000047,69,32
PIRLS,2021,NIR,reading,565.9341,2.5103,588.9402,584.473,564.6207,-23.00610000000006,-18.538900000000012,1.3133999999998878,69,32
PIRLS,2021,NLD,reading,527.2375,2.5164,550.9804,551.1412,544.8837,-23.742900000000077,-23.90370000000007,-17.64620000000002,69,32
PIRLS,2021,NOR,reading,531.1567,2.1537,558.6756,559.6469,558.9496,-27.51890000000003,-28.49019999999996,-27.79290000000003,69,32
PIRLS,2021,NZL,reading,519.0023,2.5368,521.6529,521.6674,522.5312,-2.650600000000054,-2.665100000000052,-3.5289000000000215,69,32
PIRLS,2021,PRT,reading,519.7634,2.2639,523.8004,523.0956,527.7969,-4.036999999999921,-3.3321999999999434,-8.033500000000004,69,32
PIRLS,2021,QAT,reading,484.7257,3.748,466.6413,468.9726,442.2461,18.084400000000016,15.753100000000018,42.479600000000005,69,32
PIRLS,2021,RMO,reading,603.0469,2.122,582.1495,582.4015,612.0839,20.89740000000006,20.645399999999995,-9.03699999999992,69,32
PIRLS,2021,RUS,reading,570.9169,2.5169,603.1719,599.2647,580.7725,-32.254999999999995,-28.347799999999893,-9.855599999999981,69,32
PIRLS,2021,SAU,reading,448.5494,3.5966,443.9952,445.9837,430.2995,4.55419999999998,2.5656999999999925,18.24989999999997,69,32
PIRLS,2021,SWE,reading,539.8389,2.3577,543.6952,543.7962,555.1602,-3.856300000000033,-3.957300000000032,-15.321300000000065,69,32
PISA,2022,ALB,mathematics,368.2217,2.0863,,,413.157,,,-44.935299999999984,0,66
PISA,2022,ARE,mathematics,431.1105,0.9493,,,427.4827,,,3.6277999999999793,0,66
PISA,2022,AUS,mathematics,487.0843,1.7796,,,493.8962,,,-6.811900000000037,0,66
PISA,2022,AUT,mathematics,487.2675,2.3378,,,496.7423,,,-9.474800000000016,0,66
PISA,2022,BEL,mathematics,489.4868,2.2029,,,506.9844,,,-17.497599999999977,0,66
PISA,2022,BGR,mathematics,417.3039,3.3027,,,441.1899,,,-23.886000000000024,0,66
PISA,2022,BRA,mathematics,378.6914,1.5814,,,377.0695,,,1.6218999999999824,0,66
PISA,2022,CAN,mathematics,496.9479,1.5618,,,515.6474,,,-18.699499999999944,0,66
PISA,2022,CHE,mathematics,507.9906,2.1437,,,521.2506,,,-13.259999999999991,0,66
PISA,2022,CHL,mathematics,411.6966,2.0779,,,422.6714,,,-10.974800000000016,0,66
PISA,2022,COL,mathematics,382.6968,3.031,,,389.6438,,,-6.947000000000003,0,66
PISA,2022,CRI,mathematics,384.576,1.8877,,,400.2534,,,-15.677399999999977,0,66
PISA,2022,CZE,mathematics,486.9992,2.0936,,,492.3254,,,-5.3262000000000285,0,66
PISA,2022,DEU,mathematics,474.8265,3.0648,,,505.9713,,,-31.144799999999975,0,66
PISA,2022,DNK,mathematics,489.2739,1.9488,,,511.0876,,,-21.813699999999983,0,66
PISA,2022,DOM,mathematics,339.1072,1.6234,,,327.702,,,11.40519999999998,0,66
PISA,2022,ESP,mathematics,473.1402,1.5044,,,485.8432,,,-12.703000000000031,0,66
PISA,2022,EST,mathematics,509.947,1.9845,,,519.5291,,,-9.582099999999969,0,66
PISA,2022,FIN,mathematics,484.1392,1.8572,,,511.0769,,,-26.937700000000007,0,66
PISA,2022,FRA,mathematics,473.9444,2.489,,,492.9204,,,-18.976,0,66
PISA,2022,GBR,mathematics,488.9751,2.218,,,492.4785,,,-3.503399999999999,0,66
PISA,2022,GEO,mathematics,390.0242,2.3736,,,403.8332,,,-13.808999999999969,0,66
PISA,2022,GRC,mathematics,430.1463,2.335,,,453.6299,,,-23.483600000000024,0,66
PISA,2022,HKG,mathematics,540.3518,2.9875,,,547.931,,,-7.579200000000014,0,66
PISA,2022,HRV,mathematics,463.1052,2.3789,,,464.0401,,,-0.9348999999999705,0,66
PISA,2022,HUN,mathematics,472.7761,2.5141,,,476.8309,,,-4.0548,0,66
PISA,2022,IDN,mathematics,365.5253,2.3511,,,386.1096,,,-20.584299999999985,0,66
PISA,2022,IRL,mathematics,491.6483,2.0223,,,503.722,,,-12.073699999999974,0,66
PISA,2022,ISL,mathematics,458.914,1.581,,,488.0332,,,-29.119200000000035,0,66
PISA,2022,ISR,mathematics,457.8967,3.2691,,,469.6695,,,-11.772800000000018,0,66
PISA,2022,ITA,mathematics,471.2595,3.0934,,,489.7287,,,-18.4692,0,66
PISA,2022,JOR,mathematics,361.228,2.0331,,,380.259,,,-19.031000000000006,0,66
PISA,2022,JPN,mathematics,535.5793,2.9338,,,532.4399,,,3.1394000000000233,0,66
PISA,2022,KAZ,mathematics,425.4391,1.6882,,,,,,,0,66
PISA,2022,KOR,mathematics,527.3025,3.8628,,,524.1062,,,3.1963000000000648,0,66
PISA,2022,KSV,mathematics,354.9624,1.0184,,,361.534,,,-6.5715999999999894,0,66
PISA,2022,LTU,mathematics,475.1468,1.8418,,,478.3834,,,-3.23660000000001,0,66
PISA,2022,LVA,mathematics,483.1595,2.0319,,,482.3051,,,0.8543999999999983,0,66
PISA,2022,MAC,mathematics,551.9232,1.0981,,,543.8078,,,8.115399999999909,0,66
PISA,2022,MAR,mathematics,364.7662,3.3503,,,,,,,0,66
PISA,2022,MDA,mathematics,414.1981,2.3074,,,419.6635,,,-5.465399999999988,0,66
PISA,2022,MEX,mathematics,395.0299,2.2706,,,408.0235,,,-12.993600000000015,0,66
PISA,2022,MKD,mathematics,388.5755,0.869,,,371.3114,,,17.264099999999985,0,66
PISA,2022,MLT,mathematics,466.0161,1.579,,,478.6448,,,-12.62869999999998,0,66
PISA,2022,MNE,mathematics,405.6012,1.116,,,417.9341,,,-12.332899999999995,0,66
PISA,2022,MYS,mathematics,408.6874,2.3965,,,,,,,0,66
PISA,2022,NLD,mathematics,492.6756,3.766,,,512.2528,,,-19.577200000000005,0,66
PISA,2022,NOR,mathematics,468.4499,2.0624,,,501.7298,,,-33.2799,0,66
PISA,2022,NZL,mathematics,479.0742,1.987,,,495.2233,,,-16.149099999999976,0,66
PISA,2022,PER,mathematics,391.2358,2.341,,,386.5606,,,4.675199999999961,0,66
PISA,2022,POL,mathematics,488.9601,2.2749,,,504.4693,,,-15.509199999999964,0,66
PISA,2022,PRT,mathematics,471.9105,2.3506,,,491.627,,,-19.716499999999996,0,66
PISA,2022,QAT,mathematics,414.1062,1.1391,,,402.4006,,,11.705600000000004,0,66
PISA,2022,ROU,mathematics,427.76,3.9984,,,443.9543,,,-16.1943,0,66
PISA,2022,SAU,mathematics,388.7816,1.7582,,,,,,,0,66
PISA,2022,SGP,mathematics,574.6638,1.2328,,,564.1897,,,10.474100000000021,0,66
PISA,2022,SRB,mathematics,439.8767,2.9741,,,,,,,0,66
PISA,2022,SVK,mathematics,463.9946,2.8929,,,475.2301,,,-11.235500000000002,0,66
PISA,2022,SVN,mathematics,484.529,1.2441,,,509.9196,,,-25.390600000000006,0,66
PISA,2022,SWE,mathematics,481.7661,2.0631,,,493.9181,,,-12.151999999999987,0,66
PISA,2022,TAP,mathematics,547.0942,3.7776,,,542.3215,,,4.772699999999986,0,66
PISA,2022,THA,mathematics,393.9454,2.676,,,415.4638,,,-21.518399999999986,0,66
PISA,2022,TUR,mathematics,453.1518,1.5882,,,420.454,,,32.69779999999997,0,66
PISA,2022,URY,mathematics,408.7121,2.0239,,,417.9919,,,-9.279799999999966,0,66
PISA,2022,USA,mathematics,464.888,4.0067,,,469.6285,,,-4.740499999999997,0,66
PISA,2022,VNM,mathematics,469.4024,3.926,,,494.5183,,,-25.11590000000001,0,66
PISA,2025,ALB,mathematics,432.8172,2.8951,366.2679,366.1098,368.2217,66.54930000000002,66.7074,64.59550000000002,66,75
PISA,2025,ARE,mathematics,452.5887,2.1588,423.9423,423.873,431.1105,28.64640000000003,28.715700000000027,21.478200000000015,66,75
PISA,2025,ARG,mathematics,366.8142,2.6635,380.1472,379.8714,377.529,-13.33299999999997,-13.057199999999966,-10.714799999999968,66,75
PISA,2025,AUS,mathematics,477.5267,1.9152,477.3469,476.9265,487.0843,0.17980000000000018,0.6002000000000294,-9.55759999999998,66,75
PISA,2025,AUT,mathematics,477.1939,2.5758,469.8746,469.7805,487.2675,7.319299999999998,7.413399999999967,-10.073599999999999,66,75
PISA,2025,BEL,mathematics,479.6829,2.8092,471.1264,470.9859,489.4868,8.556500000000028,8.697000000000003,-9.803899999999999,66,75
PISA,2025,BGR,mathematics,405.0776,4.034,411.7949,411.7632,417.3039,-6.717299999999966,-6.685599999999965,-12.22629999999998,66,75
PISA,2025,BRA,mathematics,376.7679,1.748,391.5046,391.3352,378.6914,-14.736699999999985,-14.567299999999989,-1.92349999999999,66,75
PISA,2025,BRN,mathematics,435.1827,0.8529,441.6931,441.375,442.0931,-6.510400000000004,-6.192299999999989,-6.9103999999999814,66,75
PISA,2025,CAN,mathematics,485.3377,1.9128,483.6825,483.4019,496.9479,1.6551999999999794,1.935799999999972,-11.61020000000002,66,75
PISA,2025,CHE,mathematics,499.147,2.5929,484.2511,484.2028,507.9906,14.895899999999983,14.944199999999967,-8.84359999999998,66,75
PISA,2025,CHL,mathematics,402.6452,2.1761,408.7901,408.5842,411.6966,-6.144900000000007,-5.939000000000021,-9.051400000000001,66,75
PISA,2025,COL,mathematics,380.5287,2.7814,382.0774,382.0274,382.6968,-1.5486999999999966,-1.4986999999999853,-2.1680999999999813,66,75
PISA,2025,CRI,mathematics,387.0912,2.251,382.6173,382.712,384.576,4.473900000000015,4.379200000000026,2.515199999999993,66,75
PISA,2025,CZE,mathematics,477.148,2.5986,476.3099,475.9717,486.9992,0.8380999999999972,1.176300000000026,-9.851199999999949,66,75
PISA,2025,DEU,mathematics,463.8057,3.0462,457.8905,457.6035,474.8265,5.915200000000027,6.202200000000005,-11.020800000000008,66,75
PISA,2025,DNK,mathematics,470.6275,2.1088,460.0097,460.1691,489.2739,10.617799999999988,10.458399999999983,-18.64640000000003,66,75
PISA,2025,DOM,mathematics,338.8295,1.6928,347.601,347.4919,339.1072,-8.771500000000003,-8.662399999999991,-0.27769999999998163,66,75
PISA,2025,ESP,mathematics,457.4489,1.6868,464.0198,463.5076,473.1402,-6.570899999999995,-6.058700000000044,-15.691300000000012,66,75
PISA,2025,EST,mathematics,507.8957,2.2875,493.9483,493.6816,509.947,13.94739999999996,14.214099999999974,-2.051300000000026,66,75
PISA,2025,FIN,mathematics,468.6945,2.2007,469.8384,469.4304,484.1392,-1.1438999999999737,-0.7359000000000151,-15.444700000000012,66,75
PISA,2025,FRA,mathematics,457.655,2.9951,465.3389,464.9375,473.9444,-7.683900000000051,-7.282500000000027,-16.2894,66,75
PISA,2025,GBR,mathematics,487.5737,2.1993,476.112,475.934,488.9751,11.46169999999995,11.639699999999948,-1.4014000000000237,66,75
PISA,2025,GEO,mathematics,416.3627,2.9375,380.4765,380.8536,390.0242,35.88620000000003,35.509100000000046,26.33850000000001,66,75
PISA,2025,GRC,mathematics,423.8522,2.9244,422.977,422.8743,430.1463,0.8752000000000066,0.9778999999999769,-6.2941000000000145,66,75
PISA,2025,GTM,mathematics,334.3025,1.9334,348.8544,348.6614,344.1995,-14.55189999999999,-14.358900000000006,-9.896999999999991,66,75
PISA,2025,HKG,mathematics,521.7078,2.91,521.2517,521.116,540.3518,0.4560999999999922,0.5918000000000347,-18.644000000000005,66,75
PISA,2025,HRV,mathematics,455.2917,1.8155,448.7077,448.5266,463.1052,6.584000000000003,6.765100000000018,-7.813500000000033,66,75
PISA,2025,HUN,mathematics,459.4885,2.5084,458.8855,458.5432,472.7761,0.6030000000000086,0.9452999999999747,-13.287599999999998,66,75
PISA,2025,IDN,mathematics,363.9017,2.1008,368.214,367.9604,365.5253,-4.312299999999993,-4.0586999999999875,-1.6236000000000104,66,75
PISA,2025,IRL,mathematics,479.8747,1.8344,475.4889,475.4668,491.6483,4.3858000000000175,4.407900000000041,-11.773599999999988,66,75
PISA,2025,ISL,mathematics,449.7303,1.4679,446.1986,446.1237,458.914,3.5317000000000007,3.6066000000000145,-9.183699999999988,66,75
PISA,2025,ISR,mathematics,433.3749,3.1041,446.4156,446.4488,457.8967,-13.040699999999958,-13.07389999999998,-24.521799999999985,66,75
PISA,2025,ITA,mathematics,467.7626,2.8457,457.3721,457.2317,471.2595,10.390500000000031,10.530900000000031,-3.4968999999999824,66,75
PISA,2025,JOR,mathematics,387.5613,2.1912,368.2159,367.9757,361.228,19.34540000000004,19.5856,26.33330000000001,66,75
PISA,2025,JPN,mathematics,525.3758,4.2041,509.227,509.1357,535.5793,16.14880000000005,16.24010000000004,-10.203499999999963,66,75
PISA,2025,KAZ,mathematics,413.7149,1.7478,421.8622,421.7611,425.4391,-8.147299999999973,-8.046199999999999,-11.724199999999996,66,75
PISA,2025,KHM,mathematics,365.8417,1.6687,345.1533,345.0468,336.396,20.6884,20.794899999999984,29.445699999999988,66,75
PISA,2025,KOR,mathematics,522.2978,3.9581,502.4736,502.579,527.3025,19.824200000000076,19.718800000000044,-5.004699999999957,66,75
PISA,2025,KSV,mathematics,350.4395,1.3285,360.6095,360.4105,354.9624,-10.170000000000016,-9.971000000000004,-4.522899999999993,66,75
PISA,2025,LTU,mathematics,470.4915,1.8743,456.1436,456.0375,475.1468,14.347899999999981,14.45399999999995,-4.655300000000011,66,75
PISA,2025,LVA,mathematics,460.4927,1.7023,473.4622,473.1245,483.1595,-12.969499999999982,-12.631799999999998,-22.666799999999967,66,75
PISA,2025,MAC,mathematics,549.3016,1.1472,531.3968,531.1429,551.9232,17.904800000000023,18.158699999999953,-2.621599999999944,66,75
PISA,2025,MAR,mathematics,354.7551,2.9552,369.5574,369.2952,364.7662,-14.802299999999946,-14.540099999999995,-10.011099999999999,66,75
PISA,2025,MDA,mathematics,410.1301,2.557,407.5996,407.6568,414.1981,2.5305000000000177,2.4733000000000516,-4.067999999999984,66,75
PISA,2025,MEX,mathematics,387.5872,1.8582,382.8789,382.6924,395.0299,4.708300000000008,4.894799999999975,-7.442700000000002,66,75
PISA,2025,MKD,mathematics,379.792,0.9708,386.8351,386.7109,388.5755,-7.043100000000038,-6.918900000000008,-8.783500000000004,66,75
PISA,2025,MLT,mathematics,439.0827,1.7834,460.14,459.6987,466.0161,-21.057299999999998,-20.615999999999985,-26.933400000000006,66,75
PISA,2025,MNE,mathematics,411.058,1.1169,398.4955,398.5101,405.6012,12.5625,12.54789999999997,5.456799999999987,66,75
PISA,2025,MNG,mathematics,418.6423,2.2945,419.2131,419.2409,424.5931,-0.5708000000000197,-0.5986000000000331,-5.950800000000015,66,75
PISA,2025,MYS,mathematics,397.4226,2.1981,409.6161,409.3225,408.6874,-12.193500000000029,-11.899900000000002,-11.264800000000037,66,75
PISA,2025,NLD,mathematics,483.2703,2.8883,477.399,477.092,492.6756,5.871300000000019,6.178300000000036,-9.405299999999954,66,75
PISA,2025,NOR,mathematics,451.7801,2.0202,451.6763,451.5163,468.4499,0.10379999999997835,0.26380000000000337,-16.66980000000001,66,75
PISA,2025,NZL,mathematics,479.6191,2.1652,470.5479,470.1497,479.0742,9.071199999999976,9.469400000000007,0.5448999999999842,66,75
PISA,2025,PER,mathematics,382.4394,2.4483,388.1082,388.1411,391.2358,-5.668800000000033,-5.701700000000017,-8.796400000000006,66,75
PISA,2025,PHL,mathematics,370.6309,1.6985,360.4581,360.4679,354.7197,10.172799999999995,10.163000000000011,15.911200000000008,66,75
PISA,2025,POL,mathematics,484.1209,2.7584,478.2863,477.9739,488.9601,5.834600000000023,6.146999999999991,-4.839200000000005,66,75
PISA,2025,PRT,mathematics,459.943,3.4548,457.3511,457.0966,471.9105,2.5919000000000096,2.84639999999996,-11.96750000000003,66,75
PISA,2025,PRY,mathematics,333.7307,1.5878,343.7999,343.7075,337.5398,-10.069199999999967,-9.976799999999969,-3.809100000000001,66,75
PISA,2025,PSE,mathematics,354.337,1.7755,368.4824,368.4955,365.7467,-14.145399999999995,-14.158500000000004,-11.409699999999987,66,75
PISA,2025,QAT,mathematics,416.1618,1.3472,412.3261,412.1955,414.1062,3.835700000000031,3.9663000000000466,2.0556000000000267,66,75
PISA,2025,ROU,mathematics,419.1242,4.5329,415.6167,415.5827,427.76,3.507499999999993,3.541499999999985,-8.635800000000017,66,75
PISA,2025,SAU,mathematics,389.8859,2.4,381.4151,381.7598,388.7816,8.470799999999997,8.126100000000008,1.1042999999999665,66,75
PISA,2025,SGP,mathematics,562.8975,1.5715,556.0678,556.1641,574.6638,6.8297000000000025,6.733400000000074,-11.766300000000001,66,75
PISA,2025,SLV,mathematics,346.2498,1.8016,350.673,350.4424,343.4691,-4.4232000000000085,-4.192600000000027,2.7806999999999675,66,75
PISA,2025,SRB,mathematics,416.7354,2.9969,427.8599,427.7701,439.8767,-11.124499999999955,-11.034699999999987,-23.1413,66,75
PISA,2025,SVK,mathematics,469.0983,2.4458,454.4081,454.1618,463.9946,14.690200000000004,14.936499999999967,5.1037000000000035,66,75
PISA,2025,SVN,mathematics,459.8356,1.1858,467.6833,467.4819,484.529,-7.847699999999975,-7.6462999999999965,-24.693399999999997,66,75
PISA,2025,SWE,mathematics,464.2512,2.5087,466.3679,466.1999,481.7661,-2.116700000000037,-1.9487000000000307,-17.51490000000001,66,75
PISA,2025,TAP,mathematics,546.1891,3.1154,520.1896,520.2672,547.0942,25.999500000000012,25.92190000000005,-0.9050999999999476,66,75
PISA,2025,THA,mathematics,406.7648,2.8783,397.0642,396.7242,393.9454,9.700599999999952,10.040599999999984,12.819399999999973,66,75
PISA,2025,TUR,mathematics,461.5466,2.3974,453.4899,453.1923,453.1518,8.056700000000035,8.354300000000023,8.394800000000032,66,75
PISA,2025,URY,mathematics,404.8788,1.9452,404.5471,404.2841,408.7121,0.3317000000000121,0.5946999999999889,-3.8333000000000084,66,75
PISA,2025,USA,mathematics,462.8478,5.3968,456.61,456.2802,464.888,6.237799999999993,6.567600000000027,-2.0401999999999703,66,75
PISA,2025,VNM,mathematics,443.186,4.2426,465.5652,465.1198,469.4024,-22.379200000000026,-21.93380000000002,-26.21640000000002,66,75
PISA,2022,ALB,reading,358.4348,1.9347,,,405.2588,,,-46.82400000000001,0,66
PISA,2022,ARE,reading,417.3497,1.3356,,,433.5423,,,-16.192600000000027,0,66
PISA,2022,AUS,reading,498.0509,2.0136,,,502.9006,,,-4.849699999999984,0,66
PISA,2022,AUT,reading,480.4058,2.6683,,,484.8656,,,-4.459799999999973,0,66
PISA,2022,BEL,reading,478.8527,2.5236,,,498.5242,,,-19.67149999999998,0,66
PISA,2022,BGR,reading,404.3037,3.3958,,,431.7175,,,-27.41379999999998,0,66
PISA,2022,BRA,reading,410.357,2.088,,,407.3486,,,3.0084000000000515,0,66
PISA,2022,CAN,reading,507.1329,1.9656,,,526.6678,,,-19.53490000000005,0,66
PISA,2022,CHE,reading,483.3317,2.2583,,,492.1982,,,-8.866499999999974,0,66
PISA,2022,CHL,reading,447.979,2.6326,,,458.5709,,,-10.59190000000001,0,66
PISA,2022,COL,reading,408.665,3.751,,,424.9052,,,-16.24019999999996,0,66
PISA,2022,CRI,reading,415.2331,2.6597,,,427.4875,,,-12.254400000000032,0,66
PISA,2022,CZE,reading,488.6037,2.2462,,,487.2501,,,1.3536000000000286,0,66
PISA,2022,DEU,reading,479.794,3.6091,,,509.1041,,,-29.310100000000034,0,66
PISA,2022,DNK,reading,488.801,2.5783,,,499.8146,,,-11.013599999999997,0,66
PISA,2022,DOM,reading,351.3123,2.4408,,,357.7377,,,-6.425400000000025,0,66
PISA,2022,ESP,reading,474.3071,1.6536,,,495.5764,,,-21.269299999999987,0,66
PISA,2022,EST,reading,511.0303,2.3606,,,519.1429,,,-8.112600000000043,0,66
PISA,2022,FIN,reading,490.2177,2.2554,,,526.4247,,,-36.20700000000005,0,66
PISA,2022,FRA,reading,473.8522,3.0745,,,499.3061,,,-25.453900000000033,0,66
PISA,2022,GBR,reading,494.4046,2.3713,,,497.9719,,,-3.567299999999989,0,66
PISA,2022,GEO,reading,373.8584,2.2879,,,401.2881,,,-27.42969999999997,0,66
PISA,2022,GRC,reading,438.4406,2.8336,,,467.0395,,,-28.598899999999958,0,66
PISA,2022,HKG,reading,499.7013,2.8485,,,526.6753,,,-26.97399999999999,0,66
PISA,2022,HRV,reading,475.4989,2.4424,,,486.8632,,,-11.364300000000014,0,66
PISA,2022,HUN,reading,472.9747,2.828,,,469.5233,,,3.4513999999999783,0,66
PISA,2022,IDN,reading,358.5699,2.9066,,,397.2595,,,-38.689599999999984,0,66
PISA,2022,IRL,reading,516.01,2.3326,,,520.8148,,,-4.8048,0,66
PISA,2022,ISL,reading,435.923,2.0676,,,481.5255,,,-45.60250000000002,0,66
PISA,2022,ISR,reading,473.8327,3.4873,,,478.9606,,,-5.127900000000011,0,66
PISA,2022,ITA,reading,481.5983,2.6802,,,484.758,,,-3.1596999999999866,0,66
PISA,2022,JOR,reading,342.1658,2.4013,,,408.1022,,,-65.93639999999999,0,66
PISA,2022,JPN,reading,515.8546,3.1769,,,515.9585,,,-0.10389999999995325,0,66
PISA,2022,KAZ,reading,386.2847,1.6634,,,,,,,0,66
PISA,2022,KOR,reading,515.4154,3.6323,,,517.4367,,,-2.0212999999999965,0,66
PISA,2022,KSV,reading,342.1944,1.0595,,,347.1259,,,-4.931500000000028,0,66
PISA,2022,LTU,reading,471.8342,2.2097,,,472.4066,,,-0.572400000000016,0,66
PISA,2022,LVA,reading,474.5687,2.46,,,487.7581,,,-13.189400000000035,0,66
PISA,2022,MAC,reading,510.4051,1.346,,,508.6905,,,1.7146000000000186,0,66
PISA,2022,MAR,reading,339.3649,3.9738,,,,,,,0,66
PISA,2022,MDA,reading,410.9354,2.5107,,,416.2293,,,-5.293900000000008,0,66
PISA,2022,MEX,reading,415.359,2.924,,,423.2765,,,-7.917500000000018,0,66
PISA,2022,MKD,reading,358.5221,0.8145,,,351.7415,,,6.7806000000000495,0,66
PISA,2022,MLT,reading,445.2988,1.9032,,,446.6661,,,-1.3672999999999433,0,66
PISA,2022,MNE,reading,405.0205,1.35,,,426.8845,,,-21.863999999999976,0,66
PISA,2022,MYS,reading,388.0878,2.7478,,,,,,,0,66
PISA,2022,NLD,reading,459.2429,4.2822,,,502.9591,,,-43.71619999999996,0,66
PISA,2022,NOR,reading,476.5239,2.542,,,513.1912,,,-36.667299999999955,0,66
PISA,2022,NZL,reading,500.853,2.1174,,,509.2707,,,-8.417699999999968,0,66
PISA,2022,PER,reading,408.2479,2.7278,,,397.5414,,,10.706500000000005,0,66
PISA,2022,POL,reading,488.7136,2.7401,,,505.6971,,,-16.983499999999992,0,66
PISA,2022,PRT,reading,476.5886,2.6632,,,498.1289,,,-21.540300000000002,0,66
PISA,2022,QAT,reading,419.3043,1.4479,,,401.8873,,,17.41700000000003,0,66
PISA,2022,ROU,reading,428.496,3.98,,,433.6166,,,-5.1206000000000245,0,66
PISA,2022,SAU,reading,382.551,1.9893,,,,,,,0,66
PISA,2022,SGP,reading,542.5533,1.8722,,,535.1002,,,7.453100000000063,0,66
PISA,2022,SRB,reading,440.355,2.7859,,,,,,,0,66
PISA,2022,SVK,reading,446.8606,3.1031,,,452.5143,,,-5.653700000000015,0,66
PISA,2022,SVN,reading,468.536,1.6444,,,505.2159,,,-36.679899999999975,0,66
PISA,2022,SWE,reading,486.9752,2.4899,,,500.1556,,,-13.18040000000002,0,66
PISA,2022,TAP,reading,515.1673,3.2513,,,497.0991,,,18.068199999999933,0,66
PISA,2022,THA,reading,378.663,2.8203,,,409.1301,,,-30.467100000000016,0,66
PISA,2022,TUR,reading,456.084,1.8522,,,428.3351,,,27.748899999999992,0,66
PISA,2022,URY,reading,430.3597,2.4051,,,436.5721,,,-6.212400000000002,0,66
PISA,2022,USA,reading,503.9376,4.3262,,,496.9351,,,7.002499999999998,0,66
PISA,2022,VNM,reading,461.888,3.9364,,,486.7738,,,-24.885800000000017,0,66
PISA,2025,ALB,reading,407.641,2.5698,364.0857,363.392,358.4348,43.555300000000045,44.249000000000024,49.206200000000024,66,75
PISA,2025,ARE,reading,432.8108,1.6169,419.9683,418.8832,417.3497,12.842499999999973,13.927599999999984,15.461099999999988,66,75
PISA,2025,ARG,reading,388.7043,2.6915,396.3514,395.5562,400.744,-7.647100000000023,-6.8519000000000005,-12.039700000000039,66,75
PISA,2025,AUS,reading,490.8633,1.8518,483.2149,481.0447,498.0509,7.648399999999981,9.818600000000004,-7.187600000000032,66,75
PISA,2025,AUT,reading,467.2117,2.5548,460.6908,459.3483,480.4058,6.520899999999983,7.863400000000013,-13.194099999999992,66,75
PISA,2025,BEL,reading,466.3396,3.0333,463.0151,461.8945,478.8527,3.3245000000000005,4.445100000000025,-12.513100000000009,66,75
PISA,2025,BGR,reading,386.6448,3.9461,402.002,404.4386,404.3037,-15.357200000000034,-17.793800000000033,-17.658900000000017,66,75
PISA,2025,BRA,reading,408.0083,2.0145,411.1819,409.7239,410.357,-3.173599999999965,-1.715599999999995,-2.348700000000008,66,75
PISA,2025,BRN,reading,425.6809,0.92,437.1509,435.9485,429.2319,-11.46999999999997,-10.267600000000016,-3.5509999999999877,66,75
PISA,2025,CAN,reading,489.8256,1.7808,486.3825,485.2473,507.1329,3.4431000000000154,4.578300000000013,-17.307299999999998,66,75
PISA,2025,CHE,reading,470.0529,2.9209,464.4937,464.0736,483.3317,5.559200000000033,5.979300000000023,-13.27879999999999,66,75
PISA,2025,CHL,reading,435.6558,2.7595,429.4594,428.879,447.979,6.196399999999983,6.77679999999998,-12.323199999999986,66,75
PISA,2025,COL,reading,399.2673,3.3084,396.9893,396.2443,408.665,2.277999999999963,3.0229999999999677,-9.397700000000043,66,75
PISA,2025,CRI,reading,416.0353,2.7556,400.0081,400.8102,415.2331,16.027199999999993,15.225099999999998,0.8022000000000276,66,75
PISA,2025,CZE,reading,468.3567,2.676,475.6542,474.2037,488.6037,-7.297500000000014,-5.847000000000037,-20.247000000000014,66,75
PISA,2025,DEU,reading,465.2821,3.5622,457.1795,455.9107,479.794,8.102599999999995,9.371399999999994,-14.511899999999969,66,75
PISA,2025,DNK,reading,460.0095,2.373,455.987,458.2351,488.801,4.0224999999999795,1.7744000000000142,-28.791499999999985,66,75
PISA,2025,DOM,reading,345.5421,2.5101,359.9393,359.9361,351.3123,-14.397199999999998,-14.394000000000005,-5.7701999999999884,66,75
PISA,2025,ESP,reading,451.3558,1.938,463.5662,460.1421,474.3071,-12.210399999999993,-8.78630000000004,-22.951300000000003,66,75
PISA,2025,EST,reading,499.2443,2.5339,490.0734,489.2146,511.0303,9.170900000000017,10.029699999999991,-11.786000000000001,66,75
PISA,2025,FIN,reading,474.2973,2.1202,471.0646,469.4087,490.2177,3.2327000000000226,4.888599999999997,-15.920399999999972,66,75
PISA,2025,FRA,reading,456.3345,3.2442,463.3578,461.9496,473.8522,-7.023300000000006,-5.615099999999984,-17.51769999999999,66,75
PISA,2025,GBR,reading,494.2309,2.0214,476.2268,475.4803,494.4046,18.004099999999994,18.75060000000002,-0.17369999999999663,66,75
PISA,2025,GEO,reading,384.1786,2.4848,366.4535,371.8199,373.8584,17.725099999999998,12.358699999999999,10.3202,66,75
PISA,2025,GRC,reading,422.6626,3.1907,427.5781,427.0379,438.4406,-4.915500000000009,-4.3752999999999815,-15.77800000000002,66,75
PISA,2025,GTM,reading,337.0808,2.4981,369.374,368.9663,374.1219,-32.29320000000001,-31.88549999999998,-37.04109999999997,66,75
PISA,2025,HKG,reading,480.1207,3.1987,493.3287,492.7843,499.7013,-13.208000000000027,-12.663599999999974,-19.580600000000004,66,75
PISA,2025,HRV,reading,453.3873,1.7813,452.3566,451.6717,475.4989,1.0306999999999675,1.715599999999995,-22.11160000000001,66,75
PISA,2025,HUN,reading,452.3063,2.3375,459.3771,456.1559,472.9747,-7.070799999999963,-3.8495999999999526,-20.668399999999963,66,75
PISA,2025,IDN,reading,365.2053,2.4528,367.5415,367.2139,358.5699,-2.3361999999999625,-2.0086000000000013,6.635400000000004,66,75
PISA,2025,IRL,reading,500.4472,2.0345,484.7319,484.3279,516.01,15.715300000000013,16.11930000000001,-15.562799999999982,66,75
PISA,2025,ISL,reading,422.2851,1.6164,433.0117,432.0272,435.923,-10.726600000000019,-9.742099999999994,-13.637900000000002,66,75
PISA,2025,ISR,reading,435.8378,3.5238,453.6297,452.8676,473.8327,-17.7919,-17.029799999999966,-37.99489999999997,66,75
PISA,2025,ITA,reading,474.2896,2.5983,461.7178,460.1872,481.5983,12.571799999999996,14.102399999999989,-7.3086999999999875,66,75
PISA,2025,JOR,reading,362.5982,2.0884,362.7792,362.5183,342.1658,-0.18099999999998317,0.07990000000000919,20.43240000000003,66,75
PISA,2025,JPN,reading,502.7145,3.7778,488.9296,489.2161,515.8546,13.784899999999993,13.498400000000004,-13.140100000000018,66,75
PISA,2025,KAZ,reading,384.7981,1.5188,400.9011,401.1009,386.2847,-16.10300000000001,-16.302800000000047,-1.48660000000001,66,75
PISA,2025,KHM,reading,347.2263,1.5005,345.7865,346.2102,328.8428,1.439799999999991,1.0160999999999945,18.38349999999997,66,75
PISA,2025,KOR,reading,500.5606,3.4458,484.7672,489.0715,515.4154,15.79340000000002,11.489100000000008,-14.854799999999955,66,75
PISA,2025,KSV,reading,340.4644,1.2916,360.2881,359.207,342.1944,-19.823699999999974,-18.74259999999998,-1.7299999999999613,66,75
PISA,2025,LTU,reading,464.0538,1.9142,450.7914,449.9212,471.8342,13.262400000000014,14.132600000000025,-7.780399999999986,66,75
PISA,2025,LVA,reading,429.6787,2.0282,467.3427,466.1282,474.5687,-37.66399999999999,-36.4495,-44.889999999999986,66,75
PISA,2025,MAC,reading,501.0536,1.1555,501.8439,501.2317,510.4051,-0.790300000000002,-0.17809999999997217,-9.351499999999987,66,75
PISA,2025,MAR,reading,321.1271,3.4833,360.2433,359.6167,339.3649,-39.11619999999999,-38.489599999999996,-18.237799999999993,66,75
PISA,2025,MDA,reading,403.7011,2.898,405.5167,405.8353,410.9354,-1.8156000000000176,-2.134200000000021,-7.234300000000019,66,75
PISA,2025,MEX,reading,407.9376,2.1598,400.784,399.6079,415.359,7.153599999999983,8.329700000000003,-7.4214000000000055,66,75
PISA,2025,MKD,reading,357.4437,0.9933,374.111,373.2875,358.5221,-16.66730000000001,-15.843800000000044,-1.0784000000000447,66,75
PISA,2025,MLT,reading,414.6257,1.6079,450.5108,448.3826,445.2988,-35.88510000000002,-33.75690000000003,-30.673100000000034,66,75
PISA,2025,MNE,reading,418.3713,1.2157,399.4692,398.9527,405.0205,18.90210000000002,19.418600000000026,13.350799999999992,66,75
PISA,2025,MNG,reading,374.2527,1.7494,393.526,394.1984,378.4199,-19.273300000000006,-19.945699999999988,-4.16719999999998,66,75
PISA,2025,MYS,reading,392.7719,2.1576,401.1494,400.4051,388.0878,-8.377499999999998,-7.633199999999988,4.684100000000001,66,75
PISA,2025,NLD,reading,441.3449,2.8949,457.8905,455.9431,459.2429,-16.54559999999998,-14.59820000000002,-17.898000000000025,66,75
PISA,2025,NOR,reading,452.8013,2.0869,454.7167,453.5966,476.5239,-1.915399999999977,-0.7952999999999975,-23.7226,66,75
PISA,2025,NZL,reading,497.0445,2.4204,481.7127,480.0582,500.853,15.331800000000044,16.98630000000003,-3.808499999999981,66,75
PISA,2025,PER,reading,390.1372,2.9089,397.51,398.0969,408.2479,-7.372799999999984,-7.959699999999998,-18.11070000000001,66,75
PISA,2025,PHL,reading,366.9185,2.371,360.2321,360.6607,346.5474,6.686399999999992,6.257799999999975,20.371100000000013,66,75
PISA,2025,POL,reading,481.5374,2.8471,476.3386,475.0847,488.7136,5.198800000000006,6.452699999999993,-7.176199999999994,66,75
PISA,2025,PRT,reading,462.0274,3.2281,457.3302,456.1154,476.5886,4.697200000000009,5.911999999999978,-14.561199999999985,66,75
PISA,2025,PRY,reading,352.2158,2.0279,367.6082,367.6963,373.1557,-15.39240000000001,-15.480500000000006,-20.939900000000023,66,75
PISA,2025,PSE,reading,349.8762,1.8665,362.5128,363.0619,349.1571,-12.636600000000044,-13.185699999999997,0.719099999999969,66,75
PISA,2025,QAT,reading,418.0284,1.3535,416.6283,416.4207,419.3043,1.4000999999999522,1.6076999999999657,-1.2759000000000356,66,75
PISA,2025,ROU,reading,412.9495,3.9783,418.0506,415.5784,428.496,-5.101099999999974,-2.6288999999999874,-15.54649999999998,66,75
PISA,2025,SAU,reading,387.2841,2.381,372.9226,378.4576,382.551,14.361500000000035,8.82650000000001,4.733100000000036,66,75
PISA,2025,SGP,reading,534.9,1.9405,527.0983,528.5648,542.5533,7.8016999999999825,6.335199999999986,-7.653300000000058,66,75
PISA,2025,SLV,reading,366.4317,2.283,367.1396,366.8407,364.9036,-0.7078999999999951,-0.40900000000004866,1.528099999999995,66,75
PISA,2025,SRB,reading,414.5985,3.3727,426.623,426.0692,440.355,-12.024499999999989,-11.470700000000022,-25.756500000000017,66,75
PISA,2025,SVK,reading,447.9671,2.5611,445.3546,443.8294,446.8606,2.6125000000000114,4.137699999999995,1.1065000000000396,66,75
PISA,2025,SVN,reading,444.7476,1.294,456.8112,455.6648,468.536,-12.063600000000008,-10.917200000000037,-23.788400000000024,66,75
PISA,2025,SWE,reading,466.4363,3.1495,466.1284,465.2398,486.9752,0.3079000000000178,1.1965000000000146,-20.538899999999956,66,75
PISA,2025,TAP,reading,507.788,2.945,492.9925,493.6604,515.1673,14.795500000000004,14.12760000000003,-7.379299999999944,66,75
PISA,2025,THA,reading,391.8296,3.0112,391.6682,391.0896,378.663,0.16140000000001464,0.7400000000000091,13.166600000000017,66,75
PISA,2025,TUR,reading,472.0955,2.3062,449.3506,447.531,456.084,22.74490000000003,24.56450000000001,16.011500000000012,66,75
PISA,2025,URY,reading,423.2127,2.0477,417.1456,416.3403,430.3597,6.067099999999982,6.8723999999999705,-7.146999999999991,66,75
PISA,2025,USA,reading,489.5189,5.8368,476.7721,475.5418,503.9376,12.74679999999995,13.97709999999995,-14.418700000000001,66,75
PISA,2025,VNM,reading,391.5367,3.6586,461.6214,457.3,461.888,-70.0847,-65.76330000000002,-70.35129999999998,66,75
PISA,2022,ALB,science,375.9678,2.2162,,,427.225,,,-51.25720000000001,0,66
PISA,2022,ARE,science,431.9795,1.3103,,,436.7311,,,-4.751600000000053,0,66
PISA,2022,AUS,science,507.0009,1.9331,,,509.9939,,,-2.992999999999995,0,66
PISA,2022,AUT,science,491.271,2.6501,,,495.0375,,,-3.7665000000000077,0,66
PISA,2022,BEL,science,490.5783,2.4819,,,501.9997,,,-11.421400000000006,0,66
PISA,2022,BGR,science,420.9932,3.1742,,,445.772,,,-24.77879999999999,0,66
PISA,2022,BRA,science,403.0012,1.9328,,,400.6821,,,2.3190999999999917,0,66
PISA,2022,CAN,science,515.0167,1.929,,,527.7047,,,-12.687999999999988,0,66
PISA,2022,CHE,science,502.5232,2.1859,,,505.5058,,,-2.9826000000000477,0,66
PISA,2022,CHL,science,443.5434,2.4686,,,446.9561,,,-3.4126999999999725,0,66
PISA,2022,COL,science,411.1207,3.2841,,,415.7288,,,-4.608099999999979,0,66
PISA,2022,CRI,science,410.9866,2.418,,,419.608,,,-8.621399999999994,0,66
PISA,2022,CZE,science,497.742,2.3043,,,492.83,,,4.912000000000035,0,66
PISA,2022,DEU,science,492.4267,3.4831,,,509.1406,,,-16.713900000000024,0,66
PISA,2022,DNK,science,493.8157,2.4975,,,501.9369,,,-8.121199999999988,0,66
PISA,2022,DOM,science,360.4261,2.0445,,,331.6388,,,28.787300000000016,0,66
PISA,2022,ESP,science,484.5336,1.6011,,,492.7861,,,-8.252499999999998,0,66
PISA,2022,EST,science,525.8118,2.0654,,,534.1937,,,-8.381900000000087,0,66
PISA,2022,FIN,science,510.9589,2.5008,,,530.6612,,,-19.70229999999998,0,66
PISA,2022,FRA,science,487.2253,2.7296,,,494.9776,,,-7.752299999999991,0,66
PISA,2022,GBR,science,499.6702,2.3765,,,509.2215,,,-9.55129999999997,0,66
PISA,2022,GEO,science,384.0675,2.3083,,,411.1315,,,-27.06400000000002,0,66
PISA,2022,GRC,science,440.7861,2.7672,,,454.8288,,,-14.042700000000025,0,66
PISA,2022,HKG,science,520.4187,2.7928,,,523.2774,,,-2.858699999999999,0,66
PISA,2022,HRV,science,482.6674,2.3975,,,475.3912,,,7.27619999999996,0,66
PISA,2022,HUN,science,485.8902,2.7087,,,476.7475,,,9.14269999999999,0,66
PISA,2022,IDN,science,382.8634,2.5613,,,403.0997,,,-20.23629999999997,0,66
PISA,2022,IRL,science,503.8455,2.257,,,502.5751,,,1.270399999999995,0,66
PISA,2022,ISL,science,446.9671,1.7614,,,473.2301,,,-26.262999999999977,0,66
PISA,2022,ISR,science,464.7518,3.3848,,,466.5528,,,-1.8009999999999877,0,66
PISA,2022,ITA,science,477.4634,3.1775,,,480.5468,,,-3.08340000000004,0,66
PISA,2022,JOR,science,374.5271,2.3513,,,408.6691,,,-34.141999999999996,0,66
PISA,2022,JPN,science,546.6345,2.804,,,538.3948,,,8.23969999999997,0,66
PISA,2022,KAZ,science,423.166,1.72,,,,,,,0,66
PISA,2022,KOR,science,527.8224,3.5796,,,515.8099,,,12.012500000000045,0,66
PISA,2022,KSV,science,357.0241,1.2598,,,378.4422,,,-21.418100000000038,0,66
PISA,2022,LTU,science,484.4634,2.3332,,,475.4089,,,9.054499999999962,0,66
PISA,2022,LVA,science,493.8428,2.298,,,490.225,,,3.6177999999999884,0,66
PISA,2022,MAC,science,543.0963,1.1144,,,528.5496,,,14.546699999999987,0,66
PISA,2022,MAR,science,365.3981,3.3834,,,,,,,0,66
PISA,2022,MDA,science,416.859,2.3877,,,427.9978,,,-11.138800000000003,0,66
PISA,2022,MEX,science,409.8866,2.4156,,,415.7099,,,-5.8233000000000175,0,66
PISA,2022,MKD,science,379.8751,0.9291,,,383.6824,,,-3.807299999999998,0,66
PISA,2022,MLT,science,465.5887,1.6973,,,464.782,,,0.8067000000000348,0,66
PISA,2022,MNE,science,403.1302,1.2053,,,411.3136,,,-8.183400000000006,0,66
PISA,2022,MYS,science,416.3061,2.3484,,,,,,,0,66
PISA,2022,NLD,science,488.3168,4.0732,,,508.5748,,,-20.25799999999998,0,66
PISA,2022,NOR,science,478.2265,2.3725,,,498.4811,,,-20.25460000000004,0,66
PISA,2022,NZL,science,504.1293,2.242,,,513.3035,,,-9.174199999999985,0,66
PISA,2022,PER,science,407.7778,2.6445,,,396.6836,,,11.0942,0,66
PISA,2022,POL,science,499.1644,2.5451,,,501.4353,,,-2.2708999999999833,0,66
PISA,2022,PRT,science,484.3735,2.559,,,501.1001,,,-16.72660000000002,0,66
PISA,2022,QAT,science,432.4025,1.4797,,,417.6111,,,14.791399999999953,0,66
PISA,2022,ROU,science,427.5111,3.8674,,,434.8849,,,-7.373800000000017,0,66
PISA,2022,SAU,science,390.3876,1.9558,,,,,,,0,66
PISA,2022,SGP,science,561.4333,1.3273,,,555.5747,,,5.858600000000024,0,66
PISA,2022,SRB,science,447.4607,2.8913,,,,,,,0,66
PISA,2022,SVK,science,462.2695,3.0302,,,460.7749,,,1.4945999999999913,0,66
PISA,2022,SVN,science,499.9649,1.4459,,,512.8636,,,-12.89870000000002,0,66
PISA,2022,SWE,science,493.5493,2.3504,,,493.4224,,,0.12690000000003465,0,66
PISA,2022,TAP,science,537.3804,3.3131,,,532.3475,,,5.032900000000041,0,66
PISA,2022,THA,science,409.2643,2.7834,,,421.3373,,,-12.073000000000036,0,66
PISA,2022,TUR,science,475.9378,1.9281,,,425.4895,,,50.44829999999996,0,66
PISA,2022,URY,science,435.3848,2.4777,,,435.363,,,0.02179999999998472,0,66
PISA,2022,USA,science,499.4141,4.3186,,,496.2424,,,3.171700000000044,0,66
PISA,2022,VNM,science,472.381,3.5881,,,524.6445,,,-52.26350000000002,0,66
PISA,2025,ALB,science,434.6271,2.7101,373.7553,373.3234,375.9678,60.87180000000001,61.30369999999999,58.65929999999997,66,76
PISA,2025,ARE,science,458.067,1.9744,430.2485,429.1979,431.9795,27.81850000000003,28.869100000000003,26.087500000000034,66,76
PISA,2025,ARG,science,392.9339,2.9888,404.05,403.4975,406.1913,-11.116100000000017,-10.563600000000008,-13.257400000000018,66,76
PISA,2025,AUS,science,509.1063,1.8853,493.1158,491.2639,507.0009,15.990499999999997,17.842399999999998,2.1053999999999746,66,76
PISA,2025,AUT,science,496.9127,2.7242,475.1778,473.3511,491.271,21.734899999999982,23.5616,5.6416999999999575,66,76
PISA,2025,BEL,science,489.7132,2.8547,474.9199,474.0673,490.5783,14.793299999999988,15.645899999999983,-0.8651000000000408,66,76
PISA,2025,BGR,science,420.7937,4.0533,414.7867,417.0669,420.9932,6.007000000000005,3.7268000000000256,-0.19950000000000045,66,76
PISA,2025,BRA,science,408.5405,1.9332,417.4288,416.354,403.0012,-8.888300000000015,-7.813499999999976,5.539300000000026,66,76
PISA,2025,BRN,science,439.4539,0.8199,447.6186,446.9397,445.8551,-8.164700000000039,-7.48580000000004,-6.401200000000017,66,76
PISA,2025,CAN,science,510.0548,1.7891,497.5608,496.4979,515.0167,12.494000000000028,13.556899999999985,-4.961900000000014,66,76
PISA,2025,CHE,science,501.2376,2.5913,479.7102,479.097,502.5232,21.5274,22.140600000000006,-1.285599999999988,66,76
PISA,2025,CHL,science,442.3606,2.4952,437.1416,436.6914,443.5434,5.218999999999994,5.669199999999989,-1.182800000000043,66,76
PISA,2025,COL,science,413.7309,3.2937,408.7418,407.3192,411.1207,4.989100000000008,6.411699999999996,2.6102000000000203,66,76
PISA,2025,CRI,science,423.9696,2.5697,407.1543,407.9075,410.9866,16.815300000000036,16.062099999999987,12.983000000000004,66,76
PISA,2025,CZE,science,490.2783,2.5861,487.2176,486.0433,497.742,3.060699999999997,4.235000000000014,-7.463700000000017,66,76
PISA,2025,DEU,science,485.5214,3.5211,469.5858,468.2213,492.4267,15.935600000000022,17.300100000000043,-6.905299999999954,66,76
PISA,2025,DNK,science,477.541,2.3903,467.4599,469.1686,493.8157,10.081099999999992,8.37239999999997,-16.274699999999996,66,76
PISA,2025,DOM,science,360.8466,2.3225,366.6274,366.937,360.4261,-5.780799999999999,-6.090399999999988,0.4205000000000041,66,76
PISA,2025,ESP,science,477.1273,1.9043,469.7556,468.3035,484.5336,7.371699999999976,8.823800000000006,-7.4062999999999874,66,76
PISA,2025,EST,science,527.1171,2.3344,503.4215,502.4181,525.8118,23.69560000000007,24.69900000000007,1.305300000000102,66,76
PISA,2025,FIN,science,504.3724,2.2606,483.0941,481.2974,510.9589,21.2783,23.075000000000045,-6.586500000000001,66,76
PISA,2025,FRA,science,483.4212,3.2059,471.4356,471.3279,487.2253,11.985599999999977,12.0933,-3.8041000000000054,66,76
PISA,2025,GBR,science,511.3558,2.1021,487.5721,486.9492,499.6702,23.78370000000001,24.40659999999997,11.685599999999965,66,76
PISA,2025,GEO,science,422.1187,2.652,379.6836,384.5519,384.0675,42.43509999999998,37.5668,38.051199999999994,66,76
PISA,2025,GRC,science,434.2849,2.9384,436.7905,436.515,440.7861,-2.5056000000000154,-2.230099999999993,-6.501199999999983,66,76
PISA,2025,GTM,science,351.234,2.5259,376.561,376.3959,372.9628,-25.326999999999998,-25.161900000000003,-21.728800000000035,66,76
PISA,2025,HKG,science,495.6267,3.047,510.49,510.0595,520.4187,-14.863299999999981,-14.432799999999986,-24.791999999999916,66,76
PISA,2025,HRV,science,476.3009,1.7672,463.7777,462.9778,482.6674,12.523200000000031,13.32310000000001,-6.366499999999974,66,76
PISA,2025,HUN,science,479.9118,2.444,470.3776,467.425,485.8902,9.534200000000055,12.486800000000017,-5.978399999999965,66,76
PISA,2025,IDN,science,388.6738,2.3186,379.0079,378.6922,382.8634,9.665900000000022,9.981600000000014,5.8104000000000156,66,76
PISA,2025,IRL,science,499.5967,2.1707,494.199,493.9609,503.8455,5.397699999999986,5.6358000000000175,-4.248800000000017,66,76
PISA,2025,ISL,science,441.3804,1.6497,443.8598,443.3575,446.9671,-2.4793999999999983,-1.9771000000000072,-5.5867000000000075,66,76
PISA,2025,ISR,science,442.0088,3.3513,462.4918,461.9116,464.7518,-20.483000000000004,-19.902800000000013,-22.742999999999995,66,76
PISA,2025,ITA,science,482.9821,2.4788,471.7415,470.5305,477.4634,11.240600000000029,12.451599999999985,5.518700000000024,66,76
PISA,2025,JOR,science,406.9354,2.4789,373.3293,373.2108,374.5271,33.606100000000026,33.72460000000001,32.4083,66,76
PISA,2025,JPN,science,537.5862,3.8059,507.2085,506.6446,546.6345,30.377699999999948,30.941599999999937,-9.04830000000004,66,76
PISA,2025,KAZ,science,419.5476,1.5943,414.8038,414.945,423.166,4.743799999999965,4.602599999999995,-3.6184000000000083,66,76
PISA,2025,KHM,science,381.9351,1.6906,356.3003,356.8862,347.1042,25.634799999999984,25.048900000000003,34.830899999999986,66,76
PISA,2025,KOR,science,526.1053,3.3696,497.4046,501.4828,527.8224,28.70070000000004,24.62250000000006,-1.7170999999999594,66,76
PISA,2025,KSV,science,357.0148,1.299,367.453,367.099,357.0241,-10.438199999999995,-10.08420000000001,-0.00929999999999609,66,76
PISA,2025,LTU,science,487.739,1.7808,465.6028,464.3645,484.4634,22.136199999999974,23.374499999999955,3.275599999999997,66,76
PISA,2025,LVA,science,468.3674,2.054,479.8794,478.7965,493.8428,-11.512,-10.429100000000005,-25.475400000000036,66,76
PISA,2025,MAC,science,540.8139,1.1274,520.7767,519.928,543.0963,20.037199999999984,20.885899999999992,-2.2824000000000524,66,76
PISA,2025,MAR,science,357.9798,3.3258,372.1454,371.8754,365.3981,-14.165599999999984,-13.895600000000002,-7.418299999999988,66,76
PISA,2025,MDA,science,421.947,2.8449,415.8993,416.3534,416.859,6.04770000000002,5.593599999999981,5.088000000000022,66,76
PISA,2025,MEX,science,413.5654,2.0014,403.3369,403.679,409.8866,10.228499999999997,9.886400000000037,3.678800000000024,66,76
PISA,2025,MKD,science,378.4981,1.039,384.1135,383.8279,379.8751,-5.6153999999999655,-5.3297999999999774,-1.3769999999999527,66,76
PISA,2025,MLT,science,452.527,1.5469,461.7972,460.2817,465.5887,-9.270199999999988,-7.754700000000014,-13.06170000000003,66,76
PISA,2025,MNE,science,435.1844,1.3123,407.6948,407.6954,403.1302,27.489599999999996,27.488999999999976,32.05419999999998,66,76
PISA,2025,MNG,science,424.0337,2.1289,408.3177,408.9329,412.3825,15.716000000000008,15.100799999999992,11.651200000000017,66,76
PISA,2025,MYS,science,419.2027,2.1592,412.8805,412.3568,416.3061,6.322200000000009,6.845899999999972,2.896599999999978,66,76
PISA,2025,NLD,science,485.4514,2.8215,471.6497,469.9427,488.3168,13.801699999999983,15.508699999999976,-2.8654000000000224,66,76
PISA,2025,NOR,science,470.2123,2.0225,463.4573,462.7631,478.2265,6.755000000000052,7.449200000000019,-8.01419999999996,66,76
PISA,2025,NZL,science,509.3979,2.311,491.1558,489.7689,504.1293,18.242099999999994,19.62900000000002,5.268599999999992,66,76
PISA,2025,PER,science,405.6005,2.5294,407.1547,407.7353,407.7778,-1.5541999999999803,-2.1347999999999843,-2.1773000000000025,66,76
PISA,2025,PHL,science,373.3185,2.287,369.4568,370.2653,356.1673,3.861699999999985,3.053199999999947,17.15119999999996,66,76
PISA,2025,POL,science,495.067,2.7425,488.2413,487.2106,499.1644,6.8256999999999834,7.856400000000008,-4.097399999999993,66,76
PISA,2025,PRT,science,481.716,3.5177,469.0486,467.9282,484.3735,12.667399999999986,13.787800000000004,-2.6574999999999704,66,76
PISA,2025,PRY,science,355.2441,1.9713,373.712,374.0154,368.3278,-18.467899999999986,-18.771299999999997,-13.083700000000022,66,76
PISA,2025,PSE,science,358.7395,1.9473,372.8991,373.5949,368.8151,-14.159599999999955,-14.855399999999975,-10.075599999999952,66,76
PISA,2025,QAT,science,434.3997,1.3403,425.6547,425.5613,432.4025,8.745000000000005,8.838399999999979,1.9972000000000207,66,76
PISA,2025,ROU,science,424.7091,4.1502,428.8013,426.5608,427.5111,-4.092200000000048,-1.851699999999994,-2.802000000000021,66,76
PISA,2025,SAU,science,413.4301,2.6455,384.4611,389.5202,390.3876,28.968999999999994,23.909899999999993,23.04249999999996,66,76
PISA,2025,SGP,science,559.8506,1.7129,545.3041,546.0535,561.4333,14.546500000000037,13.7971,-1.5827000000000453,66,76
PISA,2025,SLV,science,384.6732,2.1761,374.9912,374.86,373.1413,9.682000000000016,9.813199999999995,11.531900000000007,66,76
PISA,2025,SRB,science,428.9946,2.9288,437.3908,436.9458,447.4607,-8.396200000000022,-7.9512000000000285,-18.466099999999983,66,76
PISA,2025,SVK,science,474.8721,2.5046,457.2587,456.1325,462.2695,17.613400000000013,18.739599999999996,12.602599999999995,66,76
PISA,2025,SVN,science,483.722,1.2774,475.6352,472.7197,499.9649,8.086799999999982,11.002299999999991,-16.24290000000002,66,76
PISA,2025,SWE,science,485.1107,2.9939,477.2546,476.4325,493.5493,7.856100000000026,8.678200000000004,-8.438600000000008,66,76
PISA,2025,TAP,science,539.7017,3.008,511.4625,511.5896,537.3804,28.239199999999983,28.11209999999994,2.321299999999951,66,76
PISA,2025,THA,science,432.2405,3.1886,404.0028,403.4784,409.2643,28.237700000000018,28.762099999999975,22.976200000000006,66,76
PISA,2025,TUR,science,494.2691,2.305,469.3684,466.3036,475.9378,24.900699999999972,27.965499999999963,18.3313,66,76
PISA,2025,URY,science,444.5493,1.8163,426.5913,425.8636,435.3848,17.958000000000027,18.685699999999997,9.164500000000032,66,76
PISA,2025,USA,science,501.5832,5.8165,485.213,484.1035,499.4141,16.370199999999954,17.47969999999998,2.1690999999999576,66,76
PISA,2025,UZB,science,437.597,2.726,361.0399,361.907,354.8636,76.55709999999999,75.69,82.73339999999996,66,76
PISA,2025,VNM,science,457.4209,3.9283,471.5994,468.8725,472.381,-14.178499999999985,-11.451599999999985,-14.960099999999954,66,76
TIMSS,1999,AUS,mathematics,525.0803,4.7291,,,,,,,0,20
TIMSS,1999,BFL,mathematics,557.9584,3.4925,,,548.3267,,,9.631700000000023,0,20
TIMSS,1999,CAN,mathematics,530.7527,2.3427,,,505.7743,,,24.978400000000022,0,20
TIMSS,1999,CYP,mathematics,476.3821,1.856,,,451.446,,,24.936099999999954,0,20
TIMSS,1999,CZE,mathematics,519.874,4.144,,,529.102,,,-9.227999999999952,0,20
TIMSS,1999,ENG,mathematics,496.33,4.2384,,,483.5895,,,12.740499999999997,0,20
TIMSS,1999,HKG,mathematics,582.0556,4.2839,,,,,,,0,20
TIMSS,1999,IRN,mathematics,422.1482,3.4175,,,397.6076,,,24.540599999999984,0,20
TIMSS,1999,ISR,mathematics,466.336,4.2778,,,513.3149,,,-46.97889999999995,0,20
TIMSS,1999,ITA,mathematics,479.4788,3.8793,,,471.8647,,,7.614099999999951,0,20
TIMSS,1999,KOR,mathematics,587.1518,2.047,,,,,,,0,20
TIMSS,1999,LTU,mathematics,481.5673,4.2619,,,447.7643,,,33.803,0,20
TIMSS,1999,LVA,mathematics,505.0591,3.4676,,,472.355,,,32.70409999999998,0,20
TIMSS,1999,NLD,mathematics,539.8754,7.2731,,,,,,,0,20
TIMSS,1999,NZL,mathematics,490.9674,5.3025,,,483.7564,,,7.211000000000013,0,20
TIMSS,1999,ROM,mathematics,472.4399,5.6448,,,460.2217,,,12.218200000000024,0,20
TIMSS,1999,RUS,mathematics,526.0227,5.8005,,,508.739,,,17.28370000000001,0,20
TIMSS,1999,SGP,mathematics,604.3935,6.3137,,,,,,,0,20
TIMSS,1999,SVN,mathematics,530.1125,2.923,,,512.0384,,,18.07409999999993,0,20
TIMSS,1999,THA,mathematics,467.3774,5.074,,,503.7922,,,-36.41479999999996,0,20
TIMSS,2003,BFL,mathematics,536.7097,2.8186,527.4998,525.7958,557.9584,9.209899999999948,10.913900000000012,-21.248699999999985,20,22
TIMSS,2003,BGR,mathematics,476.1686,4.3427,519.2422,518.9459,510.5905,-43.0736,-42.777300000000025,-34.421899999999994,20,22
TIMSS,2003,CYP,mathematics,459.3659,1.7099,509.637,509.5162,476.3821,-50.27109999999999,-50.150300000000016,-17.01619999999997,20,22
TIMSS,2003,ENG,mathematics,498.4637,4.633,518.7947,519.3929,496.33,-20.331000000000017,-20.929200000000037,2.133700000000033,20,22
TIMSS,2003,HKG,mathematics,586.0515,3.3611,530.5922,527.9161,582.0556,55.459299999999985,58.135400000000004,3.995900000000006,20,22
TIMSS,2003,HUN,mathematics,529.2745,3.283,525.0527,524.6281,531.6012,4.22180000000003,4.646399999999971,-2.32669999999996,20,22
TIMSS,2003,ISR,mathematics,495.6478,3.4023,508.7958,509.1837,466.336,-13.147999999999968,-13.53589999999997,29.311800000000005,20,22
TIMSS,2003,ITA,mathematics,483.5993,3.1808,512.7274,513.1036,479.4788,-29.12809999999996,-29.5043,4.12050000000005,20,22
TIMSS,2003,KOR,mathematics,589.0916,2.2224,532.8606,530.3518,587.1518,56.230999999999995,58.739799999999946,1.939799999999991,20,22
TIMSS,2003,LTU,mathematics,501.6151,2.4927,512.6226,512.8285,481.5673,-11.00750000000005,-11.213399999999979,20.047799999999995,20,22
TIMSS,2003,LVA,mathematics,508.3273,3.0814,517.2118,516.8337,505.0591,-8.88450000000006,-8.506400000000042,3.268199999999979,20,22
TIMSS,2003,MAR,mathematics,386.5391,2.4996,478.2651,480.6809,336.5966,-91.726,-94.14179999999999,49.942499999999995,20,22
TIMSS,2003,MDA,mathematics,459.8948,3.9799,508.5055,508.6238,469.2306,-48.61070000000001,-48.72900000000004,-9.335800000000006,20,22
TIMSS,2003,MKD,mathematics,434.9835,3.5574,505.1203,506.0402,446.6035,-70.1368,-71.05670000000003,-11.620000000000005,20,22
TIMSS,2003,MYS,mathematics,508.3358,4.1385,518.4642,517.3818,519.2561,-10.1284,-9.045999999999992,-10.92029999999994,20,22
TIMSS,2003,NLD,mathematics,536.2731,3.8056,525.6507,524.7852,539.8754,10.62239999999997,11.487899999999968,-3.602300000000014,20,22
TIMSS,2003,PHL,mathematics,377.6899,5.2156,481.2673,483.795,344.9052,-103.57739999999995,-106.1051,32.78470000000004,20,22
TIMSS,2003,ROM,mathematics,475.2816,4.8648,509.9902,510.2268,472.4399,-34.70859999999999,-34.9452,2.841700000000003,20,22
TIMSS,2003,RUS,mathematics,508.0408,3.8444,522.3892,521.7398,526.0227,-14.34839999999997,-13.698999999999955,-17.981899999999996,20,22
TIMSS,2003,SVK,mathematics,507.7401,3.3771,524.0088,523.1784,533.9532,-16.268699999999967,-15.438300000000027,-26.213100000000054,20,22
TIMSS,2003,SVN,mathematics,492.9556,2.1847,523.3082,522.5848,530.1125,-30.352600000000052,-29.62919999999997,-37.15689999999995,20,22
TIMSS,2003,TUN,mathematics,410.3295,2.2119,503.0308,503.3757,447.9252,-92.7013,-93.0462,-37.59570000000002,20,22
TIMSS,2007,BHR,mathematics,398.0714,1.6454,453.6694,458.0366,401.1962,-55.59800000000001,-59.96520000000004,-3.1247999999999934,42,22
TIMSS,2007,BSQ,mathematics,498.5589,3.113,499.6926,500.0188,487.0615,-1.133700000000033,-1.4599000000000046,11.49739999999997,42,22
TIMSS,2007,COT,mathematics,517.2319,3.6127,540.7996,541.7422,520.9319,-23.56770000000006,-24.51030000000003,-3.7000000000000455,42,22
TIMSS,2007,CQU,mathematics,528.1098,3.4621,544.8686,543.5588,543.0746,-16.758800000000065,-15.44900000000007,-14.964800000000082,42,22
TIMSS,2007,CYP,mathematics,465.4771,1.7193,477.2043,476.8507,459.3659,-11.727199999999982,-11.37360000000001,6.111199999999997,42,22
TIMSS,2007,EGY,mathematics,390.5573,3.6163,451.3863,454.2357,406.1682,-60.82900000000001,-63.67840000000001,-15.610900000000015,42,22
TIMSS,2007,GHA,mathematics,309.3695,4.499,359.4918,362.7816,275.7042,-50.122299999999996,-53.41210000000001,33.6653,42,22
TIMSS,2007,HKG,mathematics,572.4867,5.9035,602.9296,600.5788,586.0515,-30.44290000000001,-28.09209999999996,-13.564799999999991,42,22
TIMSS,2007,HUN,mathematics,516.8952,3.4634,554.4925,555.5055,529.2745,-37.597299999999905,-38.61029999999994,-12.379299999999944,42,22
TIMSS,2007,ISR,mathematics,463.2513,3.9936,502.9129,502.4764,495.6478,-39.661599999999964,-39.2251,-32.3965,42,22
TIMSS,2007,ITA,mathematics,479.6261,3.0765,510.8086,512.0076,483.5993,-31.182500000000005,-32.38150000000002,-3.97320000000002,42,22
TIMSS,2007,JPN,mathematics,569.8098,2.4333,543.5695,544.8554,,26.240300000000047,24.954399999999964,,42,22
TIMSS,2007,LTU,mathematics,505.8179,2.4556,512.9359,513.9893,501.6151,-7.117999999999938,-8.171399999999949,4.202800000000025,42,22
TIMSS,2007,MAR,mathematics,380.7835,3.1753,365.7751,366.3389,386.5391,15.008399999999995,14.44459999999998,-5.755600000000015,42,22
TIMSS,2007,MYS,mathematics,473.8857,5.1342,513.3612,513.2741,508.3358,-39.47550000000007,-39.38839999999999,-34.45010000000002,42,22
TIMSS,2007,NOR,mathematics,469.2158,2.0028,485.6583,485.2725,,-16.442499999999995,-16.056699999999978,,42,22
TIMSS,2007,ROM,mathematics,461.3179,4.1519,490.3644,490.4629,475.2816,-29.04649999999998,-29.144999999999982,-13.963700000000017,42,22
TIMSS,2007,RUS,mathematics,511.7337,3.9729,540.4123,541.3783,508.0408,-28.67859999999996,-29.64459999999997,3.6929000000000087,42,22
TIMSS,2007,SCO,mathematics,487.406,3.7392,505.9447,506.1786,,-18.538700000000006,-18.77260000000001,,42,22
TIMSS,2007,SWE,mathematics,491.3001,2.2689,513.1393,514.7214,499.0584,-21.839200000000062,-23.42130000000003,-7.75830000000002,42,22
TIMSS,2007,TUN,mathematics,420.4132,2.4805,373.5446,372.5068,410.3295,46.868600000000015,47.90640000000002,10.083700000000022,42,22
TIMSS,2007,TWN,mathematics,598.3012,4.584,543.5771,544.8944,,54.72410000000002,53.406799999999976,,42,22
TIMSS,2011,ADU,mathematics,477.5646,2.2005,468.3946,468.0965,,9.169999999999959,9.468099999999993,,64,27
TIMSS,2011,ARM,mathematics,466.588,2.7861,500.9112,501.011,,-34.323199999999986,-34.423,,64,27
TIMSS,2011,AUS,mathematics,504.8024,5.1592,498.5519,498.6345,,6.250499999999988,6.167899999999975,,64,27
TIMSS,2011,BHR,mathematics,409.2168,1.8968,438.1341,441.5215,398.0714,-28.91730000000001,-32.304700000000025,11.145399999999995,64,27
TIMSS,2011,CAB,mathematics,505.1407,2.6468,485.4126,485.3411,,19.728099999999984,19.799599999999998,,64,27
TIMSS,2011,COT,mathematics,511.6252,2.4369,518.6803,519.0895,517.2319,-7.055099999999982,-7.464300000000037,-5.606699999999989,64,27
TIMSS,2011,CQU,mathematics,531.5639,2.4153,534.6484,533.771,528.1098,-3.084500000000048,-2.2070999999999685,3.4541000000000395,64,27
TIMSS,2011,GEO,mathematics,431.1388,3.7402,424.7163,425.2287,409.6166,6.422500000000014,5.9101,21.522199999999998,64,27
TIMSS,2011,GHA,mathematics,330.8306,4.3731,364.1881,364.5824,309.3695,-33.357500000000016,-33.7518,21.461099999999988,64,27
TIMSS,2011,HUN,mathematics,504.8063,3.5352,517.5522,518.3924,516.8952,-12.74589999999995,-13.58609999999993,-12.088900000000024,64,27
TIMSS,2011,IRN,mathematics,414.9606,4.2987,393.9211,396.2132,403.3795,21.039499999999975,18.747400000000027,11.581099999999992,64,27
TIMSS,2011,ISR,mathematics,515.8438,4.1332,478.6874,479.0581,463.2513,37.15639999999996,36.78569999999996,52.59249999999997,64,27
TIMSS,2011,ITA,mathematics,498.376,2.3363,488.3786,489.1551,479.6261,9.99739999999997,9.220899999999972,18.74989999999997,64,27
TIMSS,2011,JOR,mathematics,405.8822,3.8611,456.8424,459.3848,426.8926,-50.960199999999986,-53.50259999999997,-21.010400000000004,64,27
TIMSS,2011,JPN,mathematics,569.8295,2.6165,554.735,553.8667,569.8098,15.094500000000039,15.962800000000016,0.019700000000057116,64,27
TIMSS,2011,KAZ,mathematics,486.9523,4.151,521.396,521.7551,,-34.44369999999998,-34.80279999999999,,64,27
TIMSS,2011,MAR,mathematics,371.1454,2.0425,420.799,422.2792,380.7835,-49.65359999999998,-51.13380000000001,-9.638100000000009,64,27
TIMSS,2011,MYS,mathematics,439.8237,5.4704,486.0202,486.0778,473.8857,-46.196500000000015,-46.25410000000005,-34.06200000000001,64,27
TIMSS,2011,NOR,mathematics,474.6427,2.4602,476.7334,477.6578,469.2158,-2.0907000000000266,-3.015100000000018,5.426899999999989,64,27
TIMSS,2011,NZL,mathematics,487.7788,5.3964,488.9932,488.9547,,-1.214400000000012,-1.1759000000000128,,64,27
TIMSS,2011,QAT,mathematics,409.5958,3.0777,285.1778,285.197,306.7909,124.418,124.3988,102.80489999999998,64,27
TIMSS,2011,ROM,mathematics,457.9483,4.0579,477.1546,477.4062,461.3179,-19.2063,-19.457899999999995,-3.3695999999999913,64,27
TIMSS,2011,SAU,mathematics,393.8235,4.6895,387.567,391.2985,329.3372,6.256500000000017,2.525000000000034,64.48630000000003,64,27
TIMSS,2011,THA,mathematics,427.1091,4.3748,466.8749,468.5934,441.3904,-39.76580000000001,-41.48429999999996,-14.281299999999987,64,27
TIMSS,2011,TUN,mathematics,424.7365,2.8305,386.7075,387.3138,420.4132,38.028999999999996,37.42269999999996,4.323299999999961,64,27
TIMSS,2011,TWN,mathematics,609.2786,3.2289,613.8451,612.5202,598.3012,-4.566500000000019,-3.241600000000062,10.977399999999989,64,27
TIMSS,2011,UKR,mathematics,479.1858,3.9166,467.5816,468.3882,462.162,11.604199999999992,10.797599999999989,17.023799999999994,64,27
TIMSS,2015,AAD,mathematics,441.6732,4.697,475.3482,475.783,448.7581,-33.67500000000001,-34.10980000000001,-7.084900000000005,91,32
TIMSS,2015,ADU,mathematics,511.8523,2.0828,497.4225,497.7118,477.5646,14.4298,14.140500000000031,34.28770000000003,91,32
TIMSS,2015,ARE,mathematics,464.7833,2.0017,475.3113,475.2029,,-10.52800000000002,-10.419600000000003,,91,32
TIMSS,2015,ARM,mathematics,471.4606,3.1771,496.8938,496.1583,466.588,-25.4332,-24.697699999999998,4.872599999999977,91,32
TIMSS,2015,AUS,mathematics,504.9582,3.1088,522.8432,523.39,504.8024,-17.885000000000048,-18.43180000000001,0.15579999999999927,91,32
TIMSS,2015,BHR,mathematics,453.9526,1.4372,428.4771,429.6332,409.2168,25.47550000000001,24.31940000000003,44.73580000000004,91,32
TIMSS,2015,CAN,mathematics,527.2789,2.1541,484.3247,484.3247,,42.954200000000014,42.954200000000014,,91,32
TIMSS,2015,COT,mathematics,522.3017,2.851,528.3701,528.7615,511.6252,-6.068399999999997,-6.459799999999973,10.676499999999976,91,32
TIMSS,2015,CQU,mathematics,543.3564,3.8553,555.1382,555.0485,531.5639,-11.781799999999976,-11.692099999999982,11.792500000000018,91,32
TIMSS,2015,HKG,mathematics,594.2529,4.6177,537.0252,537.8531,,57.22769999999991,56.399799999999914,,91,32
TIMSS,2015,HUN,mathematics,514.4144,3.7781,512.1934,512.6481,504.8063,2.2210000000000036,1.766300000000001,9.608099999999979,91,32
TIMSS,2015,IRL,mathematics,523.4944,2.7324,498.9846,499.1986,,24.50980000000004,24.295800000000042,,91,32
TIMSS,2015,IRN,mathematics,436.3492,4.6428,441.3829,443.1724,414.9606,-5.03370000000001,-6.823199999999986,21.388599999999997,91,32
TIMSS,2015,ISR,mathematics,510.8994,4.101,523.7595,523.7439,515.8438,-12.860099999999989,-12.844500000000039,-4.944399999999973,91,32
TIMSS,2015,ITA,mathematics,494.3942,2.5248,504.3826,504.3212,498.376,-9.988400000000013,-9.926999999999964,-3.9817999999999643,91,32
TIMSS,2015,JOR,mathematics,385.5515,3.2304,443.289,444.7055,405.8822,-57.73750000000001,-59.153999999999996,-20.330700000000036,91,32
TIMSS,2015,JPN,mathematics,586.469,2.2699,561.7673,561.3202,569.8295,24.701700000000073,25.14880000000005,16.639499999999998,91,32
TIMSS,2015,KAZ,mathematics,527.8068,5.2798,509.2676,509.4625,486.9523,18.539199999999937,18.344299999999976,40.85449999999997,91,32
TIMSS,2015,KWT,mathematics,392.4707,4.6459,449.0716,448.5926,,-56.60089999999997,-56.12189999999998,,91,32
TIMSS,2015,LTU,mathematics,511.3132,2.7651,503.3375,503.6246,,7.9757000000000176,7.688600000000008,,91,32
TIMSS,2015,MAR,mathematics,384.3871,2.2531,395.2455,395.239,371.1454,-10.858400000000017,-10.8519,13.24169999999998,91,32
TIMSS,2015,MLT,mathematics,493.5411,0.9899,505.8938,506.2767,,-12.352700000000027,-12.735600000000034,,91,32
TIMSS,2015,MYS,mathematics,465.3131,3.568,460.4051,459.8707,439.8237,4.9080000000000155,5.4424000000000206,25.489400000000046,91,32
TIMSS,2015,OMN,mathematics,403.1564,2.4278,464.1357,463.8823,,-60.97929999999997,-60.72589999999997,,91,32
TIMSS,2015,QAT,mathematics,437.1088,2.9918,440.0755,440.3715,409.5958,-2.966700000000003,-3.262700000000052,27.512999999999977,91,32
TIMSS,2015,RUS,mathematics,537.9962,4.6586,494.417,494.5273,,43.57920000000007,43.46890000000002,,91,32
TIMSS,2015,SAU,mathematics,367.7167,4.5884,406.7205,407.703,393.8235,-39.00380000000001,-39.98629999999997,-26.10680000000002,91,32
TIMSS,2015,SGP,mathematics,620.956,3.1976,521.5666,522.1013,,99.38940000000002,98.85469999999998,,91,32
TIMSS,2015,SVN,mathematics,516.3411,2.0864,488.6873,488.7279,,27.65379999999999,27.613200000000006,,91,32
TIMSS,2015,THA,mathematics,431.4174,4.7645,436.1263,436.542,427.1091,-4.708900000000028,-5.124599999999987,4.308299999999974,91,32
TIMSS,2015,TUR,mathematics,457.6286,4.7423,460.8979,461.6112,452.4902,-3.269299999999987,-3.982599999999991,5.13839999999999,91,32
TIMSS,2015,ZAF,mathematics,372.3729,4.5283,396.8783,396.1722,351.9087,-24.50540000000001,-23.79929999999996,20.464200000000005,91,32
TIMSS,2019,AAD,mathematics,436.0092,2.9405,430.2798,430.8499,441.6732,5.729399999999998,5.15930000000003,-5.663999999999987,123,34
TIMSS,2019,ADU,mathematics,537.1847,1.9526,512.8161,512.9801,511.8523,24.368600000000015,24.204600000000028,25.332400000000007,123,34
TIMSS,2019,ARE,mathematics,477.4985,4.3129,463.6424,464.4302,464.7833,13.85609999999997,13.068299999999965,12.715199999999982,123,34
TIMSS,2019,AUS,mathematics,517.277,3.7711,500.4719,500.4443,504.9582,16.80510000000004,16.832700000000045,12.318800000000067,123,34
TIMSS,2019,BHR,mathematics,481.0869,1.7021,456.7922,456.7732,453.9526,24.294700000000034,24.31370000000004,27.134299999999996,123,34
TIMSS,2019,CHL,mathematics,440.8369,2.7616,431.0006,431.7713,427.4262,9.836299999999994,9.065600000000018,13.41070000000002,123,34
TIMSS,2019,COT,mathematics,530.5544,4.2634,497.622,498.2731,522.3017,32.93239999999997,32.28129999999999,8.252700000000004,123,34
TIMSS,2019,CQU,mathematics,543.826,3.6064,530.7754,531.3385,543.3564,13.050600000000031,12.487500000000068,0.469600000000014,123,34
TIMSS,2019,FIN,mathematics,509.0496,2.5533,475.4173,476.2221,,33.63229999999999,32.827499999999986,,123,34
TIMSS,2019,FRA,mathematics,483.1132,2.3984,475.4676,475.8271,,7.645600000000002,7.286100000000033,,123,34
TIMSS,2019,GEO,mathematics,456.2468,4.1998,464.3381,465.054,,-8.09129999999999,-8.807199999999966,,123,34
TIMSS,2019,HKG,mathematics,578.3119,4.0617,613.5856,613.0021,594.2529,-35.27369999999996,-34.690200000000004,-15.940999999999917,123,34
TIMSS,2019,HUN,mathematics,518.3008,2.9219,514.59,515.1742,514.4144,3.7107999999999493,3.1265999999999394,3.8863999999999805,123,34
TIMSS,2019,IRN,mathematics,446.1695,3.7263,453.9114,453.8098,436.3492,-7.741899999999987,-7.640299999999968,9.820300000000032,123,34
TIMSS,2019,ISR,mathematics,514.6275,4.0692,512.946,512.6579,510.8994,1.6815000000000282,1.969600000000014,3.7281000000000404,123,34
TIMSS,2019,ITA,mathematics,496.6127,2.2301,500.4957,500.4343,494.3942,-3.8829999999999814,-3.8215999999999894,2.218500000000006,123,34
TIMSS,2019,JOR,mathematics,420.2682,4.2625,426.369,427.368,385.5515,-6.100800000000049,-7.099800000000016,34.7167,123,34
TIMSS,2019,KAZ,mathematics,487.5616,3.2978,527.733,528.5301,527.8068,-40.17139999999995,-40.96849999999995,-40.245199999999954,123,34
TIMSS,2019,KOR,mathematics,603.9645,2.7273,524.1253,524.6524,,79.8392,79.3121000000001,,123,34
TIMSS,2019,LTU,mathematics,515.312,3.0878,530.4074,530.6521,511.3132,-15.09540000000004,-15.340100000000007,3.998800000000017,123,34
TIMSS,2019,MAR,mathematics,388.1867,2.2825,392.9749,392.8607,384.3871,-4.7882000000000176,-4.674000000000035,3.799599999999998,123,34
TIMSS,2019,MYS,mathematics,461.1974,3.1534,471.4743,471.4248,465.3131,-10.276900000000012,-10.227399999999989,-4.115700000000004,123,34
TIMSS,2019,NOR,mathematics,505.3992,1.8747,483.2522,484.504,,22.14699999999999,20.89519999999999,,123,34
TIMSS,2019,NZL,mathematics,481.5925,3.3648,465.2367,465.8413,,16.355799999999988,15.751199999999983,,123,34
TIMSS,2019,PRT,mathematics,500.5385,3.1521,511.7915,512.0654,,-11.252999999999986,-11.526899999999955,,123,34
TIMSS,2019,QAT,mathematics,447.914,3.852,430.7769,431.8481,437.1088,17.137099999999975,16.0659,10.805200000000013,123,34
TIMSS,2019,RUS,mathematics,543.3773,4.4015,513.8063,514.6439,537.9962,29.571000000000026,28.73339999999996,5.381099999999947,123,34
TIMSS,2019,SAU,mathematics,393.7697,2.5438,410.8662,411.5415,367.7167,-17.096499999999992,-17.771799999999985,26.052999999999997,123,34
TIMSS,2019,SGP,mathematics,620.706,3.8919,570.7213,570.4302,620.956,49.984699999999975,50.275800000000004,-0.25,123,34
TIMSS,2019,SWE,mathematics,506.8241,2.4732,469.7867,470.5157,,37.03739999999999,36.308400000000006,,123,34
TIMSS,2019,TUR,mathematics,490.8104,4.5287,466.1798,466.931,457.6286,24.630600000000015,23.879400000000032,33.18180000000001,123,34
TIMSS,2019,TWN,mathematics,613.4161,2.3407,516.6786,517.7834,,96.73750000000007,95.6327,,123,34
TIMSS,2019,USA,mathematics,516.3007,4.6965,497.0284,497.1625,,19.27230000000003,19.138199999999983,,123,34
TIMSS,2019,ZAF,mathematics,389.4772,2.266,353.1401,351.6453,372.3729,36.337099999999964,37.83189999999996,17.104299999999967,123,34
TIMSS,2023,AAD,mathematics,453.784,2.7897,452.9149,452.4058,436.0092,0.8691000000000031,1.3781999999999925,17.77479999999997,157,31
TIMSS,2023,AUS,mathematics,508.7158,3.481,521.2179,521.3016,517.277,-12.502099999999984,-12.585800000000006,-8.561200000000042,157,31
TIMSS,2023,AZE,mathematics,478.659,3.7346,515.9896,516.2915,,-37.330600000000004,-37.63250000000005,,157,31
TIMSS,2023,BHR,mathematics,426.45,2.4361,492.6586,492.6293,481.0869,-66.20859999999999,-66.17930000000001,-54.636900000000026,157,31
TIMSS,2023,CHL,mathematics,415.9687,3.2082,444.2156,444.4126,440.8369,-28.246899999999982,-28.443899999999985,-24.8682,157,31
TIMSS,2023,CYP,mathematics,493.7793,2.6802,524.1339,523.73,501.0823,-30.35460000000006,-29.95070000000004,-7.302999999999997,157,31
TIMSS,2023,CZE,mathematics,518.1843,2.2719,498.2028,498.2743,,19.981499999999983,19.910000000000025,,157,31
TIMSS,2023,ENG,mathematics,524.7728,4.5371,543.2069,543.2789,520.3898,-18.434100000000058,-18.50610000000006,4.3829999999999245,157,31
TIMSS,2023,FIN,mathematics,503.8013,2.5538,520.1473,520.7695,509.0496,-16.345999999999947,-16.968199999999968,-5.248299999999972,157,31
TIMSS,2023,FRA,mathematics,478.6812,3.1388,492.1186,492.1079,483.1132,-13.437400000000025,-13.426699999999983,-4.432000000000016,157,31
TIMSS,2023,GEO,mathematics,466.7546,3.2168,482.668,482.2724,456.2468,-15.913400000000024,-15.517800000000022,10.507799999999975,157,31
TIMSS,2023,HKG,mathematics,574.7027,5.0347,609.2606,607.8098,578.3119,-34.557899999999904,-33.107099999999946,-3.609199999999987,157,31
TIMSS,2023,HUN,mathematics,506.1218,3.7469,527.8692,527.9691,518.3008,-21.74739999999997,-21.84730000000002,-12.178999999999974,157,31
TIMSS,2023,IRL,mathematics,521.6572,2.7193,509.2212,509.3891,,12.435999999999979,12.268100000000004,,157,31
TIMSS,2023,IRN,mathematics,423.3231,3.5642,455.6506,455.5193,446.1695,-32.327499999999986,-32.196199999999976,-22.846400000000017,157,31
TIMSS,2023,ITA,mathematics,500.5642,3.0043,512.174,512.0574,496.6127,-11.60979999999995,-11.493200000000002,3.95150000000001,157,31
TIMSS,2023,KAZ,mathematics,454.0894,3.534,508.3186,508.0557,487.5616,-54.22919999999999,-53.96629999999999,-33.47219999999999,157,31
TIMSS,2023,KOR,mathematics,595.9943,3.0492,611.6136,610.6681,603.9645,-15.619300000000067,-14.673800000000028,-7.970200000000091,157,31
TIMSS,2023,KWT,mathematics,398.6539,5.2145,452.0209,451.7903,,-53.36699999999996,-53.13639999999998,,157,31
TIMSS,2023,LTU,mathematics,513.597,3.1456,532.9373,533.1683,515.312,-19.34030000000007,-19.571300000000065,-1.7150000000000318,157,31
TIMSS,2023,MAR,mathematics,377.8809,3.0039,400.1388,400.0089,388.1867,-22.257900000000006,-22.127999999999986,-10.305799999999977,157,31
TIMSS,2023,MYS,mathematics,410.6851,3.4839,479.1606,479.0216,461.1974,-68.47550000000001,-68.3365,-50.51230000000004,157,31
TIMSS,2023,NOR,mathematics,500.6292,2.2503,526.0538,525.832,505.3992,-25.424599999999998,-25.202799999999968,-4.769999999999982,157,31
TIMSS,2023,NZL,mathematics,485.4895,4.0653,488.7664,488.9593,481.5925,-3.276899999999955,-3.469799999999964,3.897000000000048,157,31
TIMSS,2023,OMN,mathematics,410.8779,2.7091,467.613,467.4868,,-56.73509999999999,-56.608900000000006,,157,31
TIMSS,2023,PRT,mathematics,475.4719,2.6857,524.2603,524.6437,500.5385,-48.788400000000024,-49.17179999999996,-25.066599999999994,157,31
TIMSS,2023,SGP,mathematics,605.3191,6.0519,636.9247,636.7903,620.706,-31.60559999999998,-31.471199999999953,-15.386899999999969,157,31
TIMSS,2023,SWE,mathematics,517.3197,2.4038,516.4802,516.6768,506.8241,0.8395000000000437,0.6429000000000542,10.495600000000024,157,31
TIMSS,2023,TUR,mathematics,508.568,4.2811,508.4377,508.9004,490.8104,0.130299999999977,-0.3324000000000069,17.757599999999968,157,31
TIMSS,2023,TWN,mathematics,602.4299,3.0763,625.1502,624.4468,613.4161,-22.720300000000066,-22.016900000000078,-10.986200000000053,157,31
TIMSS,2023,USA,mathematics,488.0068,4.1885,529.8755,529.9895,516.3007,-41.86869999999999,-41.98270000000002,-28.293900000000008,157,31
TIMSS,1999,AUS,science,540.2582,4.5311,,,,,,,0,20
TIMSS,1999,BFL,science,534.8579,2.9423,,,525.0407,,,9.817199999999957,0,20
TIMSS,1999,CAN,science,533.082,2.1937,,,499.9413,,,33.14069999999998,0,20
TIMSS,1999,CYP,science,460.2383,2.3172,,,429.0906,,,31.147699999999986,0,20
TIMSS,1999,CZE,science,539.4169,4.1587,,,538.0504,,,1.3665000000000873,0,20
TIMSS,1999,ENG,science,538.4682,4.7724,,,516.3168,,,22.15140000000008,0,20
TIMSS,1999,HKG,science,529.5473,3.4967,,,,,,,0,20
TIMSS,1999,IRN,science,448.0025,3.791,,,446.6397,,,1.362799999999993,0,20
TIMSS,1999,ISR,science,468.0621,5.3033,,,508.9575,,,-40.895399999999995,0,20
TIMSS,1999,ITA,science,493.2808,3.9902,,,476.9163,,,16.36450000000002,0,20
TIMSS,1999,KOR,science,548.6424,2.6807,,,,,,,0,20
TIMSS,1999,LTU,science,488.1521,4.1192,,,429.947,,,58.205100000000016,0,20
TIMSS,1999,LVA,science,502.6928,4.8333,,,449.5737,,,53.1191,0,20
TIMSS,1999,NLD,science,544.7493,7.0452,,,,,,,0,20
TIMSS,1999,NZL,science,509.6338,5.1268,,,490.1169,,,19.51690000000002,0,20
TIMSS,1999,ROM,science,471.8655,5.7346,,,455.026,,,16.839499999999987,0,20
TIMSS,1999,RUS,science,529.22,6.4476,,,496.849,,,32.37100000000004,0,20
TIMSS,1999,SGP,science,567.8942,8.0299,,,,,,,0,20
TIMSS,1999,SVN,science,533.2546,3.3047,,,526.9626,,,6.29200000000003,0,20
TIMSS,1999,THA,science,482.314,3.9146,,,495.5945,,,-13.280499999999961,0,20
TIMSS,2003,BFL,science,515.5065,2.4615,530.7577,529.7558,534.8579,-15.25120000000004,-14.249300000000062,-19.351400000000012,20,22
TIMSS,2003,BGR,science,478.8431,5.1653,522.789,522.6147,518.011,-43.945899999999995,-43.77159999999998,-39.167899999999975,20,22
TIMSS,2003,CYP,science,441.4736,2.0895,506.4647,506.3936,460.2383,-64.99110000000002,-64.92000000000002,-18.764700000000005,20,22
TIMSS,2003,ENG,science,543.8965,4.0403,526.3064,526.6581,538.4682,17.590099999999893,17.238399999999956,5.428299999999922,20,22
TIMSS,2003,HKG,science,556.0891,3.0414,531.5947,530.0211,529.5473,24.49440000000004,26.067999999999984,26.54180000000008,20,22
TIMSS,2003,HUN,science,542.7608,2.8135,532.5572,532.3075,552.3812,10.203600000000051,10.453300000000013,-9.620400000000018,20,22
TIMSS,2003,ISR,science,488.2002,3.1419,507.4158,507.6439,468.0621,-19.215599999999995,-19.44369999999998,20.13810000000001,20,22
TIMSS,2003,ITA,science,490.8905,3.1106,514.3881,514.6093,493.2808,-23.497600000000034,-23.718799999999987,-2.3903000000000247,20,22
TIMSS,2003,KOR,science,558.3992,1.5802,536.4573,534.9821,548.6424,21.94189999999992,23.417100000000005,9.756799999999998,20,22
TIMSS,2003,LTU,science,519.3805,2.1903,513.3787,513.4998,488.1521,6.001800000000003,5.880699999999933,31.228399999999965,20,22
TIMSS,2003,LVA,science,512.3627,2.6627,518.7643,518.5419,502.6928,-6.40160000000003,-6.179200000000037,9.669900000000041,20,22
TIMSS,2003,MAR,science,396.4738,2.6986,462.6222,464.0427,322.8162,-66.14840000000004,-67.56890000000004,73.6576,20,22
TIMSS,2003,MDA,science,472.4226,3.4574,505.5958,505.6654,459.137,-33.17320000000001,-33.24279999999999,13.285599999999988,20,22
TIMSS,2003,MKD,science,449.3729,3.5692,503.4127,503.9536,458.0946,-54.03979999999996,-54.58069999999998,-8.721699999999998,20,22
TIMSS,2003,MYS,science,510.4518,3.6436,517.6043,516.9679,492.4313,-7.152499999999975,-6.5160999999999945,18.02049999999997,20,22
TIMSS,2003,NLD,science,535.7651,3.1065,531.4985,530.9895,544.7493,4.266599999999926,4.77559999999994,-8.984199999999987,20,22
TIMSS,2003,PHL,science,377.3732,5.7673,468.5295,470.0157,345.2293,-91.15629999999999,-92.64249999999998,32.143899999999974,20,22
TIMSS,2003,ROM,science,469.6042,4.8906,508.821,508.9602,471.8655,-39.216800000000035,-39.355999999999995,-2.2613000000000056,20,22
TIMSS,2003,RUS,science,513.6214,3.6345,526.7109,526.329,529.22,-13.089500000000044,-12.707599999999957,-15.598600000000033,20,22
TIMSS,2003,SVK,science,516.7849,3.1639,528.733,528.2448,535.0093,-11.948099999999954,-11.459900000000061,-18.22440000000006,20,22
TIMSS,2003,SVN,science,520.4978,1.8506,527.9968,527.5715,533.2546,-7.499000000000024,-7.073700000000031,-12.756799999999998,20,22
TIMSS,2003,TUN,science,403.5475,2.1384,496.9019,497.1047,429.5117,-93.3544,-93.55719999999997,-25.964200000000005,20,22
TIMSS,2007,BHR,science,467.4476,1.7125,461.216,463.9771,438.2555,6.2316000000000145,3.4705000000000155,29.19210000000004,42,22
TIMSS,2007,BSQ,science,497.7063,2.9951,501.5498,501.756,488.7535,-3.843500000000006,-4.049699999999973,8.952800000000025,42,22
TIMSS,2007,COT,science,526.1282,3.6355,542.7542,543.3501,532.9198,-16.625999999999976,-17.221900000000005,-6.791600000000017,42,22
TIMSS,2007,CQU,science,506.5887,3.0403,539.6215,538.7934,531.0131,-33.03279999999995,-32.2047,-24.42439999999999,42,22
TIMSS,2007,CYP,science,451.6235,2.1544,476.8114,476.5878,441.4736,-25.187900000000013,-24.964300000000037,10.149900000000002,42,22
TIMSS,2007,EGY,science,408.2421,3.5686,455.9589,457.7604,421.1171,-47.716800000000035,-49.51830000000001,-12.875,42,22
TIMSS,2007,GHA,science,303.2725,5.3978,360.9688,363.0487,255.3242,-57.69630000000001,-59.77620000000002,47.94829999999999,42,22
TIMSS,2007,HKG,science,530.2093,4.9562,577.6867,576.2004,556.0891,-47.47739999999999,-45.99109999999996,-25.879800000000046,42,22
TIMSS,2007,HUN,science,539.0342,2.9138,549.3107,549.9512,542.7608,-10.276499999999942,-10.916999999999916,-3.726599999999962,42,22
TIMSS,2007,ISR,science,467.9215,4.2714,503.4626,503.1867,488.2002,-35.54110000000003,-35.26519999999999,-20.278700000000015,42,22
TIMSS,2007,ITA,science,495.1468,2.9254,511.9771,512.7351,490.8905,-16.830300000000022,-17.588300000000004,4.25630000000001,42,22
TIMSS,2007,JPN,science,553.8151,1.8296,526.6499,527.4629,,27.165200000000027,26.35220000000004,,42,22
TIMSS,2007,LTU,science,518.5589,2.5725,516.7377,517.4036,519.3805,1.8211999999999762,1.155300000000011,-0.8215999999999894,42,22
TIMSS,2007,MAR,science,401.8307,3.0325,391.0269,391.3833,396.4738,10.803799999999967,10.44739999999996,5.356899999999996,42,22
TIMSS,2007,MYS,science,470.8015,5.9863,515.0197,514.9646,510.4518,-44.21819999999997,-44.16310000000004,-39.650300000000016,42,22
TIMSS,2007,NOR,science,486.7578,2.2426,495.7449,495.5009,,-8.987099999999998,-8.743100000000027,,42,22
TIMSS,2007,ROM,science,461.9004,3.6989,491.3912,491.4535,469.6042,-29.490800000000036,-29.55310000000003,-7.703800000000001,42,22
TIMSS,2007,RUS,science,529.5702,3.7135,532.889,533.4997,513.6214,-3.31880000000001,-3.929499999999962,15.948800000000006,42,22
TIMSS,2007,SCO,science,495.7318,3.3992,507.9976,508.1455,,-12.265799999999956,-12.413700000000006,,42,22
TIMSS,2007,SWE,science,510.6904,2.5305,517.9516,518.9518,524.258,-7.261199999999974,-8.261400000000037,-13.567600000000027,42,22
TIMSS,2007,TUN,science,444.8976,2.0653,400.1482,399.4921,403.5475,44.74940000000004,45.40550000000002,41.3501,42,22
TIMSS,2007,TWN,science,561.0029,3.6498,527.9586,528.7914,,33.04429999999991,32.2115,,42,22
TIMSS,2011,ADU,science,485.0713,2.5748,488.0618,487.7838,,-2.9904999999999973,-2.7124999999999773,,64,27
TIMSS,2011,ARM,science,436.9247,3.0928,497.5285,497.6121,,-60.603800000000035,-60.687400000000025,,64,27
TIMSS,2011,AUS,science,519.2655,4.7233,502.6449,502.8666,,16.620599999999968,16.39889999999997,,64,27
TIMSS,2011,BHR,science,452.4249,1.93,465.5729,469.328,467.4476,-13.148000000000025,-16.903099999999995,-15.022700000000043,64,27
TIMSS,2011,CAB,science,545.6025,2.4183,502.0821,502.25,,43.52039999999994,43.352499999999964,,64,27
TIMSS,2011,COT,science,521.2937,2.4379,527.124,527.3687,526.1282,-5.830300000000079,-6.0750000000000455,-4.834500000000048,64,27
TIMSS,2011,CQU,science,519.9151,2.5771,523.2301,522.1527,506.5887,-3.314999999999941,-2.2375999999999294,13.326400000000035,64,27
TIMSS,2011,GEO,science,419.9363,2.9818,441.3074,442.2217,420.9025,-21.371099999999956,-22.28539999999998,-0.966199999999958,64,27
TIMSS,2011,GHA,science,305.993,5.336,377.2052,378.7363,303.2725,-71.2122,-72.74330000000003,2.7205000000000155,64,27
TIMSS,2011,HUN,science,522.3938,3.12,533.8616,534.674,539.0342,-11.467799999999897,-12.280199999999923,-16.6404,64,27
TIMSS,2011,IRN,science,474.3855,3.994,447.1455,449.6954,458.9289,27.239999999999952,24.690099999999973,15.45659999999998,64,27
TIMSS,2011,ISR,science,515.6962,3.9875,482.9663,483.3852,467.9215,32.72989999999999,32.31099999999998,47.774699999999996,64,27
TIMSS,2011,ITA,science,501.1109,2.3787,504.1919,505.0605,495.1468,-3.0809999999999604,-3.9495999999999754,5.96410000000003,64,27
TIMSS,2011,JOR,science,449.0001,4.0566,480.7162,483.6048,481.7211,-31.71610000000004,-34.60470000000004,-32.721000000000004,64,27
TIMSS,2011,JPN,science,557.7287,2.3878,545.109,543.5948,553.8151,12.619699999999966,14.13390000000004,3.913599999999974,64,27
TIMSS,2011,KAZ,science,489.9106,4.187,507.7483,508.1802,,-17.837699999999984,-18.269600000000025,,64,27
TIMSS,2011,MAR,science,375.8871,2.1928,432.9434,434.8445,401.8307,-57.05630000000002,-58.95740000000001,-25.943600000000004,64,27
TIMSS,2011,MYS,science,426.4937,6.1781,486.0218,485.9995,470.8015,-59.528099999999995,-59.50580000000002,-44.307799999999986,64,27
TIMSS,2011,NOR,science,494.374,2.6123,488.0055,488.7847,486.7578,6.36850000000004,5.589300000000037,7.616200000000049,64,27
TIMSS,2011,NZL,science,512.0371,4.6086,497.7821,497.8385,,14.254999999999995,14.198599999999999,,64,27
TIMSS,2011,QAT,science,418.6641,3.2477,346.488,347.5067,318.8538,72.17610000000002,71.1574,99.81030000000004,64,27
TIMSS,2011,ROM,science,464.6945,3.5446,479.2634,479.5211,461.9004,-14.568899999999985,-14.826599999999985,2.7941000000000145,64,27
TIMSS,2011,SAU,science,436.3522,3.7845,423.1461,427.8003,403.2452,13.206099999999992,8.55189999999999,33.10699999999997,64,27
TIMSS,2011,THA,science,450.8923,3.9598,474.962,476.5708,470.6135,-24.06970000000001,-25.678500000000042,-19.72120000000001,64,27
TIMSS,2011,TUN,science,438.5611,2.3814,428.8534,429.3989,444.8976,9.707699999999988,9.162199999999984,-6.336500000000001,64,27
TIMSS,2011,TWN,science,563.8045,2.3432,572.2658,570.1852,561.0029,-8.461300000000051,-6.380700000000047,2.8016000000000076,64,27
TIMSS,2011,UKR,science,500.9918,3.4634,490.068,491.1883,485.063,10.923800000000028,9.803499999999985,15.928800000000024,64,27
TIMSS,2015,AAD,science,454.2489,5.5932,484.6032,485.3465,461.4093,-30.354300000000023,-31.0976,-7.1603999999999814,91,32
TIMSS,2015,ADU,science,524.7226,1.9942,502.6675,503.0739,485.0713,22.05510000000004,21.648700000000076,39.65130000000005,91,32
TIMSS,2015,ARE,science,476.6461,2.2833,483.167,482.9073,,-6.520899999999983,-6.261200000000031,,91,32
TIMSS,2015,ARM,science,460.1724,3.2795,476.9567,476.0068,436.9247,-16.78430000000003,-15.834400000000016,23.24770000000001,91,32
TIMSS,2015,AUS,science,511.9865,2.6758,526.814,527.4861,519.2655,-14.827499999999986,-15.499599999999987,-7.278999999999996,91,32
TIMSS,2015,BHR,science,465.8525,2.1808,462.9486,464.6828,452.4249,2.9039000000000215,1.1697000000000344,13.42760000000004,91,32
TIMSS,2015,CAN,science,526.1718,2.1832,489.0729,489.0729,,37.09889999999996,37.09889999999996,,91,32
TIMSS,2015,COT,science,523.872,2.5075,534.317,534.8998,521.2937,-10.44500000000005,-11.02780000000007,2.578300000000013,91,32
TIMSS,2015,CQU,science,529.7164,4.3749,538.8298,538.6114,519.9151,-9.113399999999956,-8.894999999999982,9.80129999999997,91,32
TIMSS,2015,HKG,science,545.7604,3.9228,499.6274,500.4185,,46.13299999999998,45.34190000000001,,91,32
TIMSS,2015,HUN,science,527.2598,3.3789,525.7469,526.3901,522.3938,1.5129000000000588,0.8697000000000799,4.8659999999999854,91,32
TIMSS,2015,IRL,science,530.0969,2.8236,494.0162,494.2972,,36.08069999999998,35.79970000000003,,91,32
TIMSS,2015,IRN,science,456.4247,4.0095,470.4221,472.7615,474.3855,-13.997400000000027,-16.33680000000004,-17.960800000000006,91,32
TIMSS,2015,ISR,science,506.7307,3.9045,525.1483,525.048,515.6962,-18.417599999999936,-18.31729999999999,-8.965499999999963,91,32
TIMSS,2015,ITA,science,498.9258,2.4183,511.896,511.9029,501.1109,-12.970200000000034,-12.977100000000007,-2.185100000000034,91,32
TIMSS,2015,JOR,science,426.1643,3.3663,466.3733,468.4428,449.0001,-40.208999999999946,-42.27849999999995,-22.83579999999995,91,32
TIMSS,2015,JPN,science,570.8995,1.7951,556.1585,555.2864,557.7287,14.740999999999985,15.613100000000031,13.170799999999986,91,32
TIMSS,2015,KAZ,science,532.5861,4.4452,508.525,508.8118,489.9106,24.06110000000001,23.774299999999982,42.6755,91,32
TIMSS,2015,KWT,science,410.7408,5.1587,472.7865,471.9776,,-62.04570000000001,-61.23680000000002,,91,32
TIMSS,2015,LTU,science,519.1053,2.7769,494.3131,494.6419,,24.792200000000037,24.463400000000036,,91,32
TIMSS,2015,MAR,science,393.2525,2.5204,391.3003,390.9256,375.8871,1.9522000000000048,2.3269000000000233,17.365400000000022,91,32
TIMSS,2015,MLT,science,481.3606,1.6157,487.9482,488.1069,,-6.587600000000009,-6.746300000000019,,91,32
TIMSS,2015,MYS,science,470.8221,4.1314,459.6364,459.1832,426.4937,11.185699999999997,11.638899999999978,44.32839999999999,91,32
TIMSS,2015,OMN,science,454.5604,2.6529,477.1627,476.6211,,-22.602299999999957,-22.060699999999997,,91,32
TIMSS,2015,QAT,science,456.5158,3.0405,449.9143,450.4613,418.6641,6.601499999999987,6.054500000000019,37.851699999999994,91,32
TIMSS,2015,RUS,science,544.1158,4.2103,497.0524,497.3846,,47.06340000000006,46.73120000000006,,91,32
TIMSS,2015,SAU,science,396.4198,4.479,447.02,448.5762,436.3522,-50.60019999999997,-52.15639999999996,-39.93239999999997,91,32
TIMSS,2015,SGP,science,596.6444,3.1807,502.7418,503.4891,,93.9026,93.15530000000001,,91,32
TIMSS,2015,SVN,science,551.1115,2.4004,493.3959,493.566,,57.715599999999995,57.545500000000004,,91,32
TIMSS,2015,THA,science,455.8449,4.2388,459.5765,460.2722,450.8923,-3.7316000000000145,-4.4273000000000025,4.952600000000018,91,32
TIMSS,2015,TUR,science,493.3961,4.0184,476.8198,477.6285,482.9884,16.576300000000003,15.767600000000016,10.407699999999977,91,32
TIMSS,2015,ZAF,science,357.7418,5.6351,397.0097,396.7796,331.574,-39.2679,-39.037800000000004,26.1678,91,32
TIMSS,2019,AAD,science,419.5156,3.6148,454.4569,455.3143,454.2489,-34.94130000000001,-35.7987,-34.733299999999986,123,34
TIMSS,2019,ADU,science,546.2008,1.9703,520.3654,520.3539,524.7226,25.835399999999936,25.846900000000005,21.4781999999999,123,34
TIMSS,2019,ARE,science,480.3441,5.0306,479.6717,480.9293,476.6461,0.6724000000000387,-0.5851999999999862,3.698000000000036,123,34
TIMSS,2019,AUS,science,528.337,3.1876,506.0836,505.9631,511.9865,22.2534,22.373899999999992,16.35050000000001,123,34
TIMSS,2019,BHR,science,486.0362,1.9181,473.7635,473.8251,465.8525,12.272699999999986,12.211099999999988,20.183699999999988,123,34
TIMSS,2019,CHL,science,462.7852,2.8127,462.9566,464.3486,453.9692,-0.17140000000000555,-1.5634000000000015,8.815999999999974,123,34
TIMSS,2019,COT,science,522.8972,2.9469,514.5929,515.7302,523.872,8.304300000000012,7.16700000000003,-0.9747999999999593,123,34
TIMSS,2019,CQU,science,538.0454,3.5962,527.2882,528.0839,529.7164,10.757200000000012,9.961500000000001,8.32899999999995,123,34
TIMSS,2019,FIN,science,543.0428,3.0037,491.3615,492.9606,,51.68130000000008,50.08220000000006,,123,34
TIMSS,2019,FRA,science,489.6883,2.6377,485.2763,485.8457,,4.412000000000035,3.8426000000000045,,123,34
TIMSS,2019,GEO,science,440.6152,4.4047,478.0303,479.057,,-37.415099999999995,-38.4418,,123,34
TIMSS,2019,HKG,science,503.5145,5.2097,558.3025,557.2503,545.7604,-54.78800000000001,-53.73580000000004,-42.245900000000006,123,34
TIMSS,2019,HUN,science,527.7099,2.7388,526.5174,527.4328,527.2598,1.1924999999999955,0.27709999999990487,0.4500999999999067,123,34
TIMSS,2019,IRN,science,449.4148,3.5656,466.2766,466.0211,456.4247,-16.86179999999996,-16.606299999999976,-7.009899999999959,123,34
TIMSS,2019,ISR,science,505.19,4.1502,513.0127,512.4138,506.7307,-7.8226999999999975,-7.22380000000004,-1.5407000000000153,123,34
TIMSS,2019,ITA,science,495.372,2.4112,506.7862,506.8036,498.9258,-11.414199999999994,-11.431600000000003,-3.553799999999967,123,34
TIMSS,2019,JOR,science,452.0096,4.668,449.221,450.9353,426.1643,2.788599999999974,1.0742999999999938,25.845299999999952,123,34
TIMSS,2019,KAZ,science,478.0713,3.0637,534.6072,535.7773,532.5861,-56.53590000000003,-57.70599999999996,-54.51479999999998,123,34
TIMSS,2019,KOR,science,560.3149,2.0492,508.1898,509.2822,,52.125099999999975,51.03269999999998,,123,34
TIMSS,2019,LTU,science,528.0128,2.7172,527.4845,527.754,519.1053,0.5282999999999447,0.25879999999995107,8.907499999999914,123,34
TIMSS,2019,MAR,science,394.1003,2.6566,407.0208,406.9257,393.2525,-12.920500000000004,-12.825400000000002,0.8478000000000065,123,34
TIMSS,2019,MYS,science,460.6795,3.4677,477.5207,477.6013,470.8221,-16.841199999999958,-16.921799999999962,-10.142599999999959,123,34
TIMSS,2019,NOR,science,497.5008,2.5879,489.1138,491.2387,,8.387,6.262100000000032,,123,34
TIMSS,2019,NZL,science,498.8757,3.4888,484.7373,485.8648,,14.13839999999999,13.010899999999992,,123,34
TIMSS,2019,PRT,science,518.1378,2.8414,497.7409,498.134,,20.39689999999996,20.003799999999956,,123,34
TIMSS,2019,QAT,science,484.8407,3.424,458.8573,460.4884,456.5158,25.983400000000017,24.352300000000014,28.324900000000014,123,34
TIMSS,2019,RUS,science,542.9377,3.8378,527.94,528.8824,544.1158,14.997699999999895,14.055299999999988,-1.1781000000000859,123,34
TIMSS,2019,SAU,science,431.4727,2.604,429.1429,430.5766,396.4198,2.3297999999999774,0.8960999999999899,35.052899999999966,123,34
TIMSS,2019,SGP,science,608.8899,3.6206,567.0252,566.0867,596.6444,41.86469999999997,42.80320000000006,12.245499999999993,123,34
TIMSS,2019,SWE,science,521.6837,3.0205,488.9423,490.396,,32.741400000000056,31.28770000000003,,123,34
TIMSS,2019,TUR,science,516.0107,3.991,486.9566,488.134,493.3961,29.054100000000062,27.876700000000028,22.614600000000053,123,34
TIMSS,2019,TWN,science,577.1273,1.8168,499.7064,501.5141,,77.42090000000002,75.6132,,123,34
TIMSS,2019,USA,science,525.1909,4.4537,499.106,499.5668,,26.08490000000006,25.624100000000055,,123,34
TIMSS,2019,ZAF,science,369.9721,3.099,403.918,402.7147,357.7418,-33.945899999999995,-32.74259999999998,12.2303,123,34
TIMSS,2023,AAD,science,443.4712,3.7559,447.1484,446.4847,419.5156,-3.6771999999999707,-3.013499999999965,23.955600000000004,157,31
TIMSS,2023,AUS,science,520.1512,3.1624,529.8511,529.9388,528.337,-9.699899999999957,-9.787599999999998,-8.185799999999972,157,31
TIMSS,2023,AZE,science,411.3594,2.9818,492.1076,492.3413,,-80.7482,-80.9819,,157,31
TIMSS,2023,BHR,science,451.8284,2.6433,496.6455,496.5835,486.0362,-44.81710000000004,-44.75510000000003,-34.20780000000002,157,31
TIMSS,2023,CHL,science,455.21,2.6707,471.1537,471.4309,462.7852,-15.943700000000035,-16.22090000000003,-7.575199999999995,157,31
TIMSS,2023,CYP,science,464.2534,2.9796,506.9059,506.4204,483.5546,-42.652499999999975,-42.16699999999997,-19.301199999999994,157,31
TIMSS,2023,CZE,science,527.1529,2.0271,498.7601,498.9578,,28.392800000000022,28.195100000000025,,157,31
TIMSS,2023,ENG,science,531.3535,4.3371,533.8971,533.9881,523.4179,-2.5435999999999694,-2.6345999999999776,7.935600000000022,157,31
TIMSS,2023,FIN,science,530.6375,3.1588,538.4086,539.2037,543.0428,-7.771099999999933,-8.56619999999998,-12.405300000000011,157,31
TIMSS,2023,FRA,science,486.1952,3.1686,498.1964,498.1482,489.6883,-12.001199999999983,-11.952999999999975,-3.4931000000000267,157,31
TIMSS,2023,GEO,science,447.7856,2.9192,469.945,469.4739,440.6152,-22.159400000000005,-21.688300000000027,7.170399999999972,157,31
TIMSS,2023,HKG,science,527.698,4.7263,541.9449,540.0746,503.5145,-14.246899999999982,-12.376600000000053,24.18349999999998,157,31
TIMSS,2023,HUN,science,521.6376,3.2764,531.0343,531.1363,527.7099,-9.39670000000001,-9.498699999999985,-6.072299999999927,157,31
TIMSS,2023,IRL,science,524.9589,3.5359,501.5009,501.8169,,23.45799999999997,23.141999999999996,,157,31
TIMSS,2023,IRN,science,419.0028,3.5543,464.7106,464.5193,449.4148,-45.70780000000002,-45.51650000000001,-30.412000000000035,157,31
TIMSS,2023,ITA,science,500.651,3.1985,509.1282,508.9856,495.372,-8.477199999999982,-8.334599999999966,5.278999999999996,157,31
TIMSS,2023,KAZ,science,442.6806,3.0023,498.1638,497.8387,478.0713,-55.483199999999954,-55.15809999999999,-35.39069999999998,157,31
TIMSS,2023,KOR,science,545.3962,2.2499,575.5438,574.3165,560.3149,-30.14760000000001,-28.920299999999997,-14.918699999999944,157,31
TIMSS,2023,KWT,science,419.6972,5.7882,472.2259,471.7183,,-52.528700000000015,-52.02109999999999,,157,31
TIMSS,2023,LTU,science,519.2904,2.9962,533.2102,533.4968,528.0128,-13.91980000000001,-14.20640000000003,-8.722399999999993,157,31
TIMSS,2023,MAR,science,326.9602,3.3882,416.2013,416.0094,394.1003,-89.24110000000002,-89.04920000000004,-67.14010000000002,157,31
TIMSS,2023,MYS,science,426.3985,3.7049,480.9181,480.7836,460.6795,-54.51959999999997,-54.385099999999966,-34.281000000000006,157,31
TIMSS,2023,NOR,science,488.3825,2.6221,516.9923,516.7741,497.5008,-28.609800000000007,-28.391599999999983,-9.118300000000033,157,31
TIMSS,2023,NZL,science,501.9258,3.9864,503.7898,504.0324,498.8757,-1.8640000000000327,-2.1066000000000145,3.0500999999999863,157,31
TIMSS,2023,OMN,science,455.7478,2.6095,480.827,480.5525,,-25.079200000000014,-24.804700000000025,,157,31
TIMSS,2023,PRT,science,505.5807,2.3765,522.6045,523.0379,518.1378,-17.02380000000005,-17.457200000000057,-12.557099999999991,157,31
TIMSS,2023,SGP,science,606.1538,5.6833,606.073,605.7836,608.8899,0.08080000000006748,0.37020000000006803,-2.736099999999965,157,31
TIMSS,2023,SWE,science,521.3098,2.9384,525.0041,525.2495,521.6837,-3.6942999999999984,-3.939700000000016,-0.37390000000004875,157,31
TIMSS,2023,TUR,science,529.5164,3.5699,519.5594,520.1569,516.0107,9.956999999999994,9.359500000000025,13.505699999999933,157,31
TIMSS,2023,TWN,science,571.8284,2.3976,583.7576,582.7202,577.1273,-11.929200000000037,-10.89179999999999,-5.298900000000003,157,31
TIMSS,2023,USA,science,513.3955,3.8658,531.0475,531.1895,525.1909,-17.652000000000044,-17.793999999999983,-11.795400000000086,157,31
TIMSS_G4,2003,AUS,mathematics,498.6633,3.8727,,,485.9045,,,12.758800000000008,0,13
TIMSS_G4,2003,BFL,mathematics,550.6008,1.7946,,,,,,,0,13
TIMSS_G4,2003,ENG,mathematics,531.1823,3.7051,,,453.0551,,,78.12720000000007,0,13
TIMSS_G4,2003,HKG,mathematics,574.7823,3.121,,,530.2315,,,44.55079999999998,0,13
TIMSS_G4,2003,ITA,mathematics,502.7621,3.6533,,,,,,,0,13
TIMSS_G4,2003,JPN,mathematics,564.5561,1.5661,,,540.5077,,,24.048400000000015,0,13
TIMSS_G4,2003,NLD,mathematics,540.3734,2.1677,,,509.5365,,,30.836899999999957,0,13
TIMSS_G4,2003,NOR,mathematics,451.3425,2.1918,,,432.1461,,,19.196399999999983,0,13
TIMSS_G4,2003,NZL,mathematics,493.4637,2.1501,,,437.2578,,,56.20590000000004,0,13
TIMSS_G4,2003,RUS,mathematics,531.6823,4.7559,,,,,,,0,13
TIMSS_G4,2003,SCO,mathematics,490.3209,3.1027,,,459.804,,,30.51690000000002,0,13
TIMSS_G4,2003,SVN,mathematics,478.795,2.5255,,,493.626,,,-14.83099999999996,0,13
TIMSS_G4,2003,USA,mathematics,518.2842,2.4017,,,485.1006,,,33.18360000000007,0,13
TIMSS_G4,2007,ARM,mathematics,499.5128,4.2645,482.562,481.6427,455.9249,16.950800000000015,17.870100000000036,43.58790000000005,13,16
TIMSS_G4,2007,AUS,mathematics,516.0625,3.4526,529.5166,529.8643,498.6633,-13.45410000000004,-13.801799999999957,17.399200000000008,13,16
TIMSS_G4,2007,COT,mathematics,511.6142,2.9617,544.8717,545.4721,511.1842,-33.25750000000005,-33.85789999999997,0.4300000000000068,13,16
TIMSS_G4,2007,CQU,mathematics,519.1031,3.0137,536.3337,535.3487,505.8475,-17.23059999999998,-16.245599999999968,13.255600000000015,13,16
TIMSS_G4,2007,HUN,mathematics,509.7197,3.5059,550.5281,551.0954,528.5023,-40.808400000000006,-41.37570000000005,-18.782600000000002,13,16
TIMSS_G4,2007,ITA,mathematics,506.7498,3.0929,523.9705,524.8302,502.7621,-17.220700000000022,-18.080399999999997,3.987700000000018,13,16
TIMSS_G4,2007,LTU,mathematics,529.7988,2.3855,518.1836,518.7117,,11.615200000000073,11.087100000000078,,13,16
TIMSS_G4,2007,LVA,mathematics,537.2002,2.3245,518.7696,518.7178,,18.430600000000027,18.482399999999984,,13,16
TIMSS_G4,2007,NLD,mathematics,534.9518,2.112,553.9731,554.0173,540.3734,-19.021299999999997,-19.06549999999993,-5.4215999999998985,13,16
TIMSS_G4,2007,NOR,mathematics,473.2164,2.5868,498.6668,498.1337,451.3425,-25.450400000000002,-24.917299999999955,21.87390000000005,13,16
TIMSS_G4,2007,NZL,mathematics,492.4753,2.3758,527.4675,527.7591,493.4637,-34.99219999999997,-35.283799999999985,-0.9884000000000128,13,16
TIMSS_G4,2007,SVK,mathematics,495.9748,4.496,519.0998,519.2249,,-23.124999999999943,-23.25010000000003,,13,16
TIMSS_G4,2007,SVN,mathematics,501.8426,1.8079,513.7167,514.646,478.795,-11.874099999999942,-12.803399999999954,23.04759999999999,13,16
TIMSS_G4,2007,SWE,mathematics,502.574,2.5661,518.1812,519.0032,,-15.607199999999978,-16.42919999999998,,13,16
TIMSS_G4,2007,TUN,mathematics,327.4354,4.4988,390.8162,389.4148,339.3,-63.380799999999965,-61.9794,-11.864599999999996,13,16
TIMSS_G4,2007,TWN,mathematics,575.8192,1.7635,560.0808,561.2789,563.9486,15.73840000000007,14.540300000000002,11.870599999999968,13,16
TIMSS_G4,2011,ADU,mathematics,467.8804,1.6934,507.1897,507.179,444.3338,-39.30930000000001,-39.298599999999965,23.546600000000012,29,29
TIMSS_G4,2011,ARM,mathematics,452.2821,3.5744,509.0998,509.1005,499.5128,-56.8177,-56.8184,-47.23070000000001,29,29
TIMSS_G4,2011,AUS,mathematics,515.9317,2.959,510.4747,510.4835,516.0625,5.456999999999994,5.448199999999986,-0.130800000000022,29,29
TIMSS_G4,2011,AUT,mathematics,508.3109,2.598,510.1731,510.1801,505.3886,-1.862199999999973,-1.869199999999978,2.922300000000007,29,29
TIMSS_G4,2011,BHR,mathematics,436.0368,3.2463,502.8279,503.9232,,-66.79109999999997,-67.88639999999998,,29,29
TIMSS_G4,2011,CAB,mathematics,506.5501,2.4702,510.5537,510.5629,505.3204,-4.003600000000006,-4.012800000000027,1.2296999999999798,29,29
TIMSS_G4,2011,COT,mathematics,517.8829,3.0418,510.1436,509.988,511.6142,7.739299999999957,7.89489999999995,6.268699999999967,29,29
TIMSS_G4,2011,CQU,mathematics,532.7976,2.4665,510.509,510.2358,519.1031,22.288599999999974,22.561800000000005,13.694499999999948,29,29
TIMSS_G4,2011,HKG,mathematics,601.6088,3.3788,511.6728,510.9248,,89.93599999999998,90.68399999999997,,29,29
TIMSS_G4,2011,HUN,mathematics,515.3955,3.3946,511.6059,511.4646,509.7197,3.7895999999999503,3.9308999999999514,5.675799999999981,29,29
TIMSS_G4,2011,ITA,mathematics,507.821,2.6495,507.8345,508.0725,506.7498,-0.013499999999964984,-0.25149999999996453,1.071200000000033,29,29
TIMSS_G4,2011,KAZ,mathematics,501.0016,4.5331,511.4131,511.4274,549.3478,-10.41149999999999,-10.425799999999981,-48.34620000000001,29,29
TIMSS_G4,2011,KWT,mathematics,341.7575,3.5555,494.6343,496.1625,315.5353,-152.8768,-154.40500000000003,26.222199999999987,29,29
TIMSS_G4,2011,LTU,mathematics,533.6899,2.4219,510.9408,510.9148,529.7988,22.74909999999994,22.775099999999952,3.8910999999999376,29,29
TIMSS_G4,2011,MAR,mathematics,334.5938,3.9573,499.3018,500.558,,-164.70800000000003,-165.9642,,29,29
TIMSS_G4,2011,MLT,mathematics,495.766,1.37,507.1005,507.2433,,-11.334499999999991,-11.477299999999957,,29,29
TIMSS_G4,2011,NLD,mathematics,540.0542,1.6301,510.8427,510.8536,534.9518,29.211500000000058,29.200600000000065,5.102399999999989,29,29
TIMSS_G4,2011,OMN,mathematics,384.8565,2.8775,502.7803,504.1526,,-117.92380000000003,-119.29610000000002,,29,29
TIMSS_G4,2011,QAT,mathematics,412.9159,3.4474,488.3819,490.3754,296.2682,-75.46599999999995,-77.45949999999999,116.64770000000004,29,29
TIMSS_G4,2011,ROM,mathematics,482.2807,5.7733,504.5835,504.9987,,-22.30279999999999,-22.71799999999996,,29,29
TIMSS_G4,2011,RUS,mathematics,542.0973,3.6994,509.9147,509.8191,,32.182600000000036,32.27820000000003,,29,29
TIMSS_G4,2011,SAU,mathematics,410.2095,5.2088,499.3631,501.1822,,-89.15359999999998,-90.97270000000003,,29,29
TIMSS_G4,2011,SGP,mathematics,605.786,3.2268,513.3424,512.3862,,92.44359999999995,93.39979999999991,,29,29
TIMSS_G4,2011,SVK,mathematics,506.7691,3.7471,509.9438,509.9494,495.9748,-3.17470000000003,-3.180300000000045,10.794299999999964,29,29
TIMSS_G4,2011,SVN,mathematics,513.0257,2.1303,509.9232,509.9287,501.8426,3.1025000000000205,3.097000000000037,11.183100000000024,29,29
TIMSS_G4,2011,SWE,mathematics,503.9378,2.0873,509.8655,509.9908,502.574,-5.927700000000016,-6.052999999999997,1.3637999999999693,29,29
TIMSS_G4,2011,THA,mathematics,457.9759,4.7398,502.5255,503.1454,,-44.5496,-45.16949999999997,,29,29
TIMSS_G4,2011,TUN,mathematics,359.3446,3.8585,494.8977,495.7002,327.4354,-135.55309999999997,-136.35559999999998,31.9092,29,29
TIMSS_G4,2011,TWN,mathematics,591.2061,1.9802,515.7451,514.7416,575.8192,75.46100000000001,76.46450000000004,15.386899999999969,29,29
TIMSS_G4,2015,AAD,mathematics,419.2901,4.6894,495.313,497.4154,,-76.02289999999999,-78.12529999999998,,58,37
TIMSS_G4,2015,BHR,mathematics,451.0328,1.6363,467.3757,470.8589,436.0368,-16.342899999999986,-19.826099999999997,14.995999999999981,58,37
TIMSS_G4,2015,CAN,mathematics,510.5564,2.3421,497.2522,497.2522,,13.30419999999998,13.30419999999998,,58,37
TIMSS_G4,2015,COT,mathematics,512.4599,2.3354,535.4562,535.6851,517.8829,-22.99630000000002,-23.225200000000086,-5.423000000000002,58,37
TIMSS_G4,2015,CQU,mathematics,535.8314,3.9775,540.0657,539.0327,532.7976,-4.234299999999962,-3.2012999999999465,3.033800000000042,58,37
TIMSS_G4,2015,DEU,mathematics,521.634,2.0368,497.2522,497.2522,,24.3818,24.3818,,58,37
TIMSS_G4,2015,DNK,mathematics,538.6533,2.7298,497.2522,497.2522,,41.40109999999993,41.40109999999993,,58,37
TIMSS_G4,2015,FIN,mathematics,535.288,2.0214,516.2466,517.2428,545.4379,19.041400000000067,18.045200000000023,-10.149900000000002,58,37
TIMSS_G4,2015,GEO,mathematics,463.1491,3.6209,471.2227,472.8786,,-8.073599999999999,-9.72950000000003,,58,37
TIMSS_G4,2015,HKG,mathematics,614.5197,2.8671,519.9848,521.1914,601.6088,94.5349,93.3282999999999,12.91089999999997,58,37
TIMSS_G4,2015,HRV,mathematics,502.3352,1.7526,497.2522,497.2522,,5.08299999999997,5.08299999999997,,58,37
TIMSS_G4,2015,HUN,mathematics,529.1908,3.1508,523.5942,523.7214,515.3955,5.596599999999967,5.4693999999999505,13.795299999999997,58,37
TIMSS_G4,2015,IDN,mathematics,397.4628,3.7117,458.9793,463.2085,,-61.51650000000001,-65.7457,,58,37
TIMSS_G4,2015,IRL,mathematics,547.3368,2.1426,506.6496,507.1467,527.3953,40.68720000000002,40.19010000000003,19.94150000000002,58,37
TIMSS_G4,2015,IRN,mathematics,431.4881,3.2416,474.1131,477.7853,,-42.625,-46.29720000000003,,58,37
TIMSS_G4,2015,ITA,mathematics,506.8483,2.552,512.3928,512.157,507.821,-5.544499999999971,-5.308700000000044,-0.9727000000000317,58,37
TIMSS_G4,2015,JPN,mathematics,592.826,1.9503,541.2273,537.843,,51.59870000000001,54.98300000000006,,58,37
TIMSS_G4,2015,KAZ,mathematics,544.42,4.499,512.2913,512.7737,501.0016,32.12869999999998,31.646299999999997,43.41839999999996,58,37
TIMSS_G4,2015,KOR,mathematics,608.0351,2.213,537.8273,531.0794,,70.20780000000002,76.95570000000009,,58,37
TIMSS_G4,2015,KWT,mathematics,353.0642,4.6298,457.6967,455.6176,341.7575,-104.6325,-102.55339999999995,11.306700000000035,58,37
TIMSS_G4,2015,LTU,mathematics,535.3409,2.4709,507.3924,507.9297,533.6899,27.948500000000024,27.411200000000008,1.6510000000000673,58,37
TIMSS_G4,2015,MAR,mathematics,379.4736,3.8445,386.8655,388.0577,334.5938,-7.391900000000021,-8.584100000000035,44.87979999999999,58,37
TIMSS_G4,2015,NIR,mathematics,570.261,2.9443,497.2522,497.2522,,73.00879999999995,73.00879999999995,,58,37
TIMSS_G4,2015,NLD,mathematics,529.8187,1.7057,510.4471,511.1434,540.0542,19.371600000000058,18.67530000000005,-10.235500000000002,58,37
TIMSS_G4,2015,NOR,mathematics,549.0799,2.4761,495.8142,496.4025,,53.265699999999924,52.67739999999998,,58,37
TIMSS_G4,2015,NZL,mathematics,490.5609,2.342,502.2216,502.3762,,-11.66070000000002,-11.81529999999998,,58,37
TIMSS_G4,2015,OMN,mathematics,425.4828,2.4953,467.8637,466.3211,384.8565,-42.3809,-40.838300000000004,40.626300000000015,58,37
TIMSS_G4,2015,PRT,mathematics,541.2002,2.2337,497.2522,497.2522,,43.94799999999998,43.94799999999998,,58,37
TIMSS_G4,2015,QAT,mathematics,438.9958,3.4304,458.8648,461.4716,412.9159,-19.869000000000028,-22.47580000000005,26.079899999999952,58,37
TIMSS_G4,2015,SRB,mathematics,517.9984,3.5363,504.8944,505.2975,515.9359,13.103999999999928,12.700899999999933,2.0625,58,37
TIMSS_G4,2015,SVK,mathematics,498.2473,2.4767,505.6356,506.0738,506.7691,-7.388300000000015,-7.82650000000001,-8.521799999999985,58,37
TIMSS_G4,2015,SVN,mathematics,519.8749,1.8871,505.0782,505.4899,513.0257,14.796700000000044,14.385000000000048,6.849199999999996,58,37
TIMSS_G4,2015,SWE,mathematics,518.6467,2.8105,505.4342,505.8611,503.9378,13.212500000000034,12.785599999999988,14.708900000000028,58,37
TIMSS_G4,2015,TUR,mathematics,483.1501,3.0612,474.2161,475.1894,,8.934000000000026,7.960700000000031,,58,37
TIMSS_G4,2015,TWN,mathematics,596.619,1.8657,561.2333,556.0299,591.2061,35.38570000000004,40.58910000000003,5.412900000000036,58,37
TIMSS_G4,2015,USA,mathematics,539.1556,2.2569,524.2024,524.0404,540.6493,14.953200000000038,15.115200000000073,-1.4936999999999898,58,37
TIMSS_G4,2015,ZAF,mathematics,375.7376,3.4999,436.4514,441.1453,,-60.71379999999999,-65.40770000000003,,58,37
TIMSS_G4,2019,AAD,mathematics,440.1146,2.2424,426.1788,426.9584,419.2901,13.935799999999972,13.156200000000013,20.8245,95,51
TIMSS_G4,2019,ADU,mathematics,543.4064,1.5913,513.8043,514.3066,,29.60209999999995,29.09979999999996,,95,51
TIMSS_G4,2019,ALB,mathematics,494.0175,3.377,499.6389,499.6389,,-5.621399999999994,-5.621399999999994,,95,51
TIMSS_G4,2019,ARE,mathematics,488.7269,4.1848,465.5935,466.5516,,23.133399999999995,22.175299999999993,,95,51
TIMSS_G4,2019,ARM,mathematics,498.1854,2.5376,491.104,490.4658,,7.081400000000031,7.719600000000014,,95,51
TIMSS_G4,2019,AUS,mathematics,515.8801,2.776,495.3091,495.5792,,20.57099999999997,20.300899999999956,,95,51
TIMSS_G4,2019,AUT,mathematics,537.3422,1.648,499.6389,499.6389,,37.70330000000007,37.70330000000007,,95,51
TIMSS_G4,2019,CAN,mathematics,511.5895,1.7202,502.6396,503.7491,510.5564,8.949900000000014,7.840399999999988,1.0330999999999904,95,51
TIMSS_G4,2019,CHL,mathematics,441.4517,2.7182,444.6496,445.372,458.5823,-3.197900000000004,-3.9202999999999975,-17.13059999999996,95,51
TIMSS_G4,2019,COT,mathematics,511.8805,3.2657,489.374,490.5757,512.4599,22.50649999999996,21.3048,-0.5793999999999642,95,51
TIMSS_G4,2019,CQU,mathematics,531.7841,2.2312,520.5405,521.5739,535.8314,11.243600000000015,10.210199999999986,-4.047300000000064,95,51
TIMSS_G4,2019,CZE,mathematics,528.4997,2.9488,509.8627,510.1335,528.138,18.636999999999944,18.366199999999935,0.36169999999992797,95,51
TIMSS_G4,2019,DEU,mathematics,519.271,4.2115,520.7808,520.4646,521.634,-1.509800000000041,-1.1936000000000604,-2.3630000000000564,95,51
TIMSS_G4,2019,DNK,mathematics,526.2179,1.7189,484.3186,486.0942,538.6533,41.89929999999998,40.123699999999985,-12.435399999999959,95,51
TIMSS_G4,2019,ESP,mathematics,502.4739,2.6363,500.3218,500.4841,505.0949,2.1521000000000186,1.9898000000000025,-2.620999999999981,95,51
TIMSS_G4,2019,FIN,mathematics,532.3972,2.0619,493.1522,494.0964,535.288,39.245000000000005,38.30079999999998,-2.890800000000013,95,51
TIMSS_G4,2019,FRA,mathematics,482.7399,2.5308,491.4398,491.7857,,-8.699900000000014,-9.045800000000042,,95,51
TIMSS_G4,2019,GEO,mathematics,489.6988,3.7241,464.4314,465.6718,463.1491,25.26740000000001,24.026999999999987,26.54970000000003,95,51
TIMSS_G4,2019,HKG,mathematics,603.2682,3.3324,607.8773,606.9872,614.5197,-4.609100000000012,-3.719000000000051,-11.251499999999965,95,51
TIMSS_G4,2019,HRV,mathematics,511.0552,3.4111,506.1869,505.8143,502.3352,4.868300000000033,5.2409000000000106,8.720000000000027,95,51
TIMSS_G4,2019,HUN,mathematics,525.8749,2.7526,522.1601,522.9687,529.1908,3.7147999999999683,2.9062000000000126,-3.3158999999999423,95,51
TIMSS_G4,2019,IRL,mathematics,548.4654,2.4843,543.783,544.4487,547.3368,4.68240000000003,4.016700000000014,1.1286000000000058,95,51
TIMSS_G4,2019,IRN,mathematics,443.035,3.856,470.2222,469.6335,431.4881,-27.18719999999996,-26.5985,11.54690000000005,95,51
TIMSS_G4,2019,ITA,mathematics,514.708,2.3777,507.5051,507.4241,506.8483,7.202899999999943,7.28389999999996,7.859699999999975,95,51
TIMSS_G4,2019,KAZ,mathematics,512.0887,2.5001,532.6764,533.8162,544.42,-20.587699999999927,-21.727499999999964,-32.33129999999994,95,51
TIMSS_G4,2019,KOR,mathematics,599.1942,2.1858,547.5079,547.9774,608.0351,51.686300000000074,51.216800000000035,-8.840900000000033,95,51
TIMSS_G4,2019,KWT,mathematics,383.3179,4.7417,376.7905,377.6901,353.0642,6.5274,5.627800000000036,30.25369999999998,95,51
TIMSS_G4,2019,LTU,mathematics,542.1313,2.7658,536.9709,537.397,535.3409,5.1603999999999814,4.734299999999962,6.790399999999977,95,51
TIMSS_G4,2019,LVA,mathematics,546.1333,2.587,499.6389,499.6389,,46.494399999999985,46.494399999999985,,95,51
TIMSS_G4,2019,MAR,mathematics,383.388,4.2978,387.3698,387.0758,379.4736,-3.981800000000021,-3.6878000000000384,3.9144000000000005,95,51
TIMSS_G4,2019,MKD,mathematics,471.7201,5.2972,499.6389,499.6389,,-27.918799999999976,-27.918799999999976,,95,51
TIMSS_G4,2019,MLT,mathematics,509.2751,1.3891,513.253,512.2663,,-3.9779000000000337,-2.991199999999992,,95,51
TIMSS_G4,2019,MNE,mathematics,452.78,1.9532,499.6389,499.6389,,-46.858900000000006,-46.858900000000006,,95,51
TIMSS_G4,2019,NIR,mathematics,565.7995,2.7477,519.3171,520.7054,570.261,46.482399999999984,45.09409999999991,-4.461500000000001,95,51
TIMSS_G4,2019,NLD,mathematics,535.1827,1.8093,516.115,516.4023,529.8187,19.067699999999945,18.780399999999986,5.363999999999919,95,51
TIMSS_G4,2019,NOR,mathematics,542.2656,2.0628,488.224,490.0231,549.0799,54.04159999999996,52.24249999999995,-6.814300000000003,95,51
TIMSS_G4,2019,NZL,mathematics,487.1918,2.6063,478.0634,478.875,490.5609,9.1284,8.3168,-3.369100000000003,95,51
TIMSS_G4,2019,OMN,mathematics,430.8736,3.7303,439.0749,439.9598,425.4828,-8.201300000000003,-9.086199999999963,5.390800000000013,95,51
TIMSS_G4,2019,POL,mathematics,520.1396,2.6771,499.6389,499.6389,,20.500699999999995,20.500699999999995,,95,51
TIMSS_G4,2019,PRT,mathematics,530.3065,2.4121,533.0891,533.1376,541.2002,-2.782600000000002,-2.831099999999992,-10.893699999999967,95,51
TIMSS_G4,2019,QAT,mathematics,449.2973,3.7203,428.0439,429.5252,438.9958,21.2534,19.772100000000023,10.301500000000033,95,51
TIMSS_G4,2019,RUS,mathematics,566.947,3.3396,502.9908,504.6058,,63.956200000000024,62.341200000000015,,95,51
TIMSS_G4,2019,SAU,mathematics,398.0931,3.5524,434.1715,434.35,,-36.07839999999999,-36.25690000000003,,95,51
TIMSS_G4,2019,SGP,mathematics,628.3895,3.4498,549.9815,550.3457,,78.40800000000002,78.04380000000003,,95,51
TIMSS_G4,2019,SRB,mathematics,507.8811,3.1893,511.8548,511.853,517.9984,-3.973700000000008,-3.971900000000005,-10.117299999999943,95,51
TIMSS_G4,2019,SVK,mathematics,508.7407,2.6451,498.4251,498.422,498.2473,10.315600000000018,10.318699999999978,10.493400000000008,95,51
TIMSS_G4,2019,SWE,mathematics,518.844,3.0535,486.5191,487.3996,518.6467,32.32490000000007,31.44440000000003,0.1973000000000411,95,51
TIMSS_G4,2019,TUR,mathematics,522.1314,4.4458,459.7566,461.2172,483.1501,62.37479999999999,60.914199999999994,38.981299999999976,95,51
TIMSS_G4,2019,TWN,mathematics,598.6887,1.8543,528.7477,530.0983,596.619,69.94100000000003,68.59040000000005,2.0697000000000116,95,51
TIMSS_G4,2019,USA,mathematics,535.0088,2.5721,520.3959,520.4167,539.1556,14.612899999999968,14.59209999999996,-4.146800000000098,95,51
TIMSS_G4,2019,ZAF,mathematics,373.5645,3.5653,406.3967,402.5792,375.7376,-32.8322,-29.014700000000005,-2.1730999999999767,95,51
TIMSS_G4,2023,AAD,mathematics,458.5853,1.9377,451.0677,448.9462,440.1146,7.517600000000016,9.639100000000042,18.470700000000022,146,42
TIMSS_G4,2023,ADU,mathematics,556.5811,1.5509,556.5239,556.9591,543.4064,0.05719999999996617,-0.37800000000004275,13.17470000000003,146,42
TIMSS_G4,2023,ALB,mathematics,511.5825,4.922,502.2621,502.2866,494.0175,9.320400000000006,9.29589999999996,17.564999999999998,146,42
TIMSS_G4,2023,ARE,mathematics,498.0855,1.2389,497.9334,497.5606,488.7269,0.15210000000001855,0.5249000000000024,9.358600000000024,146,42
TIMSS_G4,2023,ARM,mathematics,512.6351,2.7716,503.9336,504.0733,498.1854,8.701499999999953,8.561799999999948,14.44969999999995,146,42
TIMSS_G4,2023,AUS,mathematics,524.9035,2.5936,533.6377,534.0005,515.8801,-8.734199999999987,-9.09699999999998,9.023400000000038,146,42
TIMSS_G4,2023,AZE,mathematics,494.0651,3.465,510.9805,511.4057,515.4546,-16.915400000000034,-17.34060000000005,-21.389500000000055,146,42
TIMSS_G4,2023,BFL,mathematics,520.7867,2.4257,518.1592,518.4755,532.4429,2.627499999999941,2.3111999999999853,-11.656200000000013,146,42
TIMSS_G4,2023,CAN,mathematics,503.8073,2.0052,509.5858,509.6585,511.5895,-5.778500000000008,-5.851200000000006,-7.782199999999989,146,42
TIMSS_G4,2023,CHL,mathematics,443.5424,2.8045,458.9736,459.6394,441.4517,-15.43119999999999,-16.097000000000037,2.09069999999997,146,42
TIMSS_G4,2023,COT,mathematics,502.814,3.396,537.6488,536.588,511.8805,-34.83480000000003,-33.773999999999944,-9.066499999999962,146,42
TIMSS_G4,2023,CQU,mathematics,514.6937,2.7079,553.8977,553.1791,531.7841,-39.20399999999995,-38.48539999999991,-17.09039999999993,146,42
TIMSS_G4,2023,CYP,mathematics,516.295,2.467,527.4808,525.8393,532.0938,-11.185800000000086,-9.544300000000021,-15.798800000000028,146,42
TIMSS_G4,2023,CZE,mathematics,530.4311,2.1676,516.5897,516.7783,528.4997,13.841400000000021,13.65280000000007,1.9314000000000533,146,42
TIMSS_G4,2023,DEU,mathematics,523.784,2.1492,512.7644,512.8943,519.271,11.019599999999969,10.889699999999948,4.513000000000034,146,42
TIMSS_G4,2023,ESP,mathematics,498.3176,2.1191,505.8065,505.8227,502.4739,-7.488900000000001,-7.50509999999997,-4.1562999999999874,146,42
TIMSS_G4,2023,FIN,mathematics,529.2559,2.5049,538.2773,540.4653,532.3972,-9.021399999999971,-11.20939999999996,-3.141300000000001,146,42
TIMSS_G4,2023,FRA,mathematics,484.0991,2.8954,499.2029,499.0589,482.7399,-15.103799999999978,-14.959799999999973,1.359200000000044,146,42
TIMSS_G4,2023,HKG,mathematics,594.3881,4.0305,595.8774,590.4817,603.2682,-1.4892999999999574,3.9063999999999623,-8.88009999999997,146,42
TIMSS_G4,2023,IRL,mathematics,545.7704,2.9115,524.836,525.1979,548.4654,20.934399999999982,20.57249999999999,-2.69500000000005,146,42
TIMSS_G4,2023,ITA,mathematics,513.087,2.7741,519.5243,518.9833,514.708,-6.43730000000005,-5.8962999999999965,-1.620999999999981,146,42
TIMSS_G4,2023,JOR,mathematics,426.9648,5.314,469.7111,471.4609,,-42.74629999999996,-44.496099999999956,,146,42
TIMSS_G4,2023,KAZ,mathematics,487.1769,3.6026,512.1341,510.9774,512.0887,-24.9572,-23.8005,-24.911800000000028,146,42
TIMSS_G4,2023,KOR,mathematics,594.4118,2.6474,612.9819,609.7957,599.1942,-18.570100000000025,-15.38390000000004,-4.782400000000052,146,42
TIMSS_G4,2023,KWT,mathematics,381.9761,4.4091,456.3253,455.7289,383.3179,-74.34920000000005,-73.75280000000004,-1.3418000000000347,146,42
TIMSS_G4,2023,LTU,mathematics,560.6228,2.8976,543.523,544.2166,542.1313,17.09979999999996,16.406200000000013,18.491499999999974,146,42
TIMSS_G4,2023,LVA,mathematics,534.3004,2.7999,523.9029,524.197,546.1333,10.397499999999923,10.103399999999965,-11.832899999999995,146,42
TIMSS_G4,2023,MNE,mathematics,477.0728,2.0503,485.15,484.943,452.78,-8.077200000000005,-7.870200000000011,24.2928,146,42
TIMSS_G4,2023,NLD,mathematics,537.124,1.9813,519.3249,519.6111,535.1827,17.799100000000067,17.51290000000006,1.9413000000000693,146,42
TIMSS_G4,2023,NOR,mathematics,530.5566,2.0108,535.385,534.4834,542.2656,-4.828399999999988,-3.9267999999999574,-11.708999999999946,146,42
TIMSS_G4,2023,NZL,mathematics,490.2756,2.6338,501.4131,502.0595,487.1918,-11.137499999999989,-11.783900000000017,3.0837999999999965,146,42
TIMSS_G4,2023,OMN,mathematics,421.3615,4.0308,476.0614,475.7286,430.8736,-54.699900000000014,-54.36709999999999,-9.512100000000032,146,42
TIMSS_G4,2023,POL,mathematics,546.0228,2.0331,513.142,513.2497,520.1396,32.88079999999991,32.7731,25.883199999999988,146,42
TIMSS_G4,2023,QAT,mathematics,463.9648,3.4806,468.0655,470.0062,449.2973,-4.100699999999961,-6.041399999999953,14.667500000000018,146,42
TIMSS_G4,2023,SAU,mathematics,419.5002,4.1645,414.9923,416.6596,398.0931,4.5079000000000065,2.840599999999995,21.407100000000014,146,42
TIMSS_G4,2023,SGP,mathematics,614.7797,2.8989,638.5625,638.0636,628.3895,-23.782799999999952,-23.283899999999903,-13.60979999999995,146,42
TIMSS_G4,2023,SRB,mathematics,522.9273,3.3035,508.0482,508.098,507.8811,14.879099999999937,14.829299999999932,15.046199999999942,146,42
TIMSS_G4,2023,SVK,mathematics,514.7984,3.0667,508.4058,508.4591,508.7407,6.392600000000016,6.339300000000037,6.057700000000011,146,42
TIMSS_G4,2023,TUR,mathematics,553.2616,4.1025,522.2315,523.719,522.1314,31.03010000000006,29.542599999999993,31.13020000000006,146,42
TIMSS_G4,2023,TWN,mathematics,607.03,1.7404,619.1171,616.6079,598.6887,-12.087100000000078,-9.5779,8.341299999999933,146,42
TIMSS_G4,2023,XKX,mathematics,451.3987,3.4316,481.5819,481.4406,444.3537,-30.1832,-30.0419,7.045000000000016,146,42
TIMSS_G4,2023,ZAF,mathematics,361.6672,3.5246,395.622,392.9488,373.5645,-33.954800000000034,-31.281600000000026,-11.89730000000003,146,42
TIMSS_G4,2003,AUS,science,520.6911,4.257,,,514.2141,,,6.476999999999975,0,13
TIMSS_G4,2003,BFL,science,518.3421,1.8879,,,,,,,0,13
TIMSS_G4,2003,ENG,science,540.2402,3.5135,,,501.0653,,,39.17489999999998,0,13
TIMSS_G4,2003,HKG,science,542.4826,2.9888,,,483.6712,,,58.81140000000005,0,13
TIMSS_G4,2003,ITA,science,515.6404,3.7953,,,,,,,0,13
TIMSS_G4,2003,JPN,science,543.4686,1.5417,,,527.565,,,15.903599999999983,0,13
TIMSS_G4,2003,NLD,science,525.1246,2.0342,,,502.9933,,,22.13130000000001,0,13
TIMSS_G4,2003,NOR,science,466.3464,2.6005,,,461.7301,,,4.616300000000024,0,13
TIMSS_G4,2003,NZL,science,519.6712,2.3936,,,477.4337,,,42.23750000000001,0,13
TIMSS_G4,2003,RUS,science,526.1874,5.3097,,,,,,,0,13
TIMSS_G4,2003,SCO,science,501.9748,2.8775,,,486.2358,,,15.739000000000033,0,13
TIMSS_G4,2003,SVN,science,490.3647,2.615,,,493.1684,,,-2.803699999999992,0,13
TIMSS_G4,2003,USA,science,535.6305,2.5029,,,513.8748,,,21.755699999999933,0,13
TIMSS_G4,2007,ARM,science,484.3868,6.125,492.7443,492.7378,436.5281,-8.357500000000016,-8.350999999999999,47.8587,13,16
TIMSS_G4,2007,AUS,science,527.3967,3.3021,530.9029,530.9053,520.6911,-3.5062000000000353,-3.5086000000000013,6.705600000000004,13,16
TIMSS_G4,2007,COT,science,535.8687,3.8014,539.758,539.7623,540.205,-3.8893000000000484,-3.893599999999992,-4.336300000000051,13,16
TIMSS_G4,2007,CQU,science,517.1224,2.8111,523.4324,523.4255,500.3921,-6.310000000000059,-6.303100000000086,16.730299999999943,13,16
TIMSS_G4,2007,HUN,science,536.2259,3.395,537.9627,537.9666,529.7275,-1.7368000000000166,-1.740699999999947,6.498400000000061,13,16
TIMSS_G4,2007,ITA,science,535.2168,3.2477,529.9321,529.9381,515.6404,5.2847000000000435,5.278700000000072,19.576400000000035,13,16
TIMSS_G4,2007,LTU,science,514.2051,2.3508,518.6146,518.6183,,-4.40949999999998,-4.413199999999961,,13,16
TIMSS_G4,2007,LVA,science,541.8951,2.2792,518.8082,518.8079,,23.0868999999999,23.08719999999994,,13,16
TIMSS_G4,2007,NLD,science,523.1763,2.5572,538.1067,538.107,525.1246,-14.930400000000077,-14.930700000000002,-1.9483000000000175,13,16
TIMSS_G4,2007,NOR,science,476.5508,3.5085,502.5867,502.583,466.3464,-26.035900000000026,-26.032200000000046,10.204399999999964,13,16
TIMSS_G4,2007,NZL,science,504.0658,2.6791,529.7337,529.7357,519.6712,-25.667899999999975,-25.669899999999927,-15.605399999999975,13,16
TIMSS_G4,2007,SVK,science,525.6914,4.8065,518.6911,518.692,,7.000300000000038,6.999400000000037,,13,16
TIMSS_G4,2007,SVN,science,518.3925,1.9267,515.7065,515.713,490.3647,2.6860000000000355,2.6795000000000755,28.027800000000013,13,16
TIMSS_G4,2007,SWE,science,524.8102,2.8673,518.4829,518.4887,,6.327300000000037,6.3215000000000146,,13,16
TIMSS_G4,2007,TUN,science,318.4744,5.8706,428.854,428.8442,313.9885,-110.37959999999998,-110.3698,4.485900000000015,13,16
TIMSS_G4,2007,TWN,science,556.6963,2.0183,552.5879,552.5963,551.3547,4.1083999999999605,4.099999999999909,5.341599999999971,13,16
TIMSS_G4,2011,ADU,science,461.2419,2.4549,481.9015,481.9409,459.6483,-20.65960000000001,-20.699000000000012,1.5935999999999808,29,29
TIMSS_G4,2011,ARM,science,416.0832,3.7788,510.3251,510.2844,484.3868,-94.24190000000004,-94.20120000000003,-68.30360000000002,29,29
TIMSS_G4,2011,AUS,science,515.5933,2.8895,541.0791,541.0627,527.3967,-25.48580000000004,-25.46939999999995,-11.80340000000001,29,29
TIMSS_G4,2011,AUT,science,531.5022,2.8653,537.4643,537.4675,525.6268,-5.962099999999964,-5.9652999999999565,5.875400000000013,29,29
TIMSS_G4,2011,BHR,science,449.4156,3.5386,502.8218,502.2525,,-53.40620000000001,-52.836900000000014,,29,29
TIMSS_G4,2011,CAB,science,541.2533,2.5148,548.0422,548.0686,542.5885,-6.788900000000012,-6.815299999999979,-1.3351999999999862,29,29
TIMSS_G4,2011,COT,science,527.5905,3.0675,529.8071,529.7993,535.8687,-2.2165999999999713,-2.2087999999999965,-8.27819999999997,29,29
TIMSS_G4,2011,CQU,science,516.4002,2.713,527.3124,527.48,517.1224,-10.912199999999984,-11.079799999999977,-0.7221999999999298,29,29
TIMSS_G4,2011,HKG,science,534.9477,3.6627,506.4165,506.8186,,28.53120000000007,28.12910000000005,,29,29
TIMSS_G4,2011,HUN,science,534.3866,3.6767,541.4739,541.3921,536.2259,-7.087299999999914,-7.005499999999984,-1.8392999999999802,29,29
TIMSS_G4,2011,ITA,science,523.8551,2.6696,529.699,529.6048,535.2168,-5.843899999999962,-5.749699999999962,-11.361700000000042,29,29
TIMSS_G4,2011,KAZ,science,494.5325,5.0957,552.2981,552.2206,532.8304,-57.76559999999995,-57.68809999999996,-38.29790000000003,29,29
TIMSS_G4,2011,KWT,science,347.1358,4.7832,395.8937,395.4622,348.1511,-48.75790000000001,-48.32639999999998,-1.015299999999968,29,29
TIMSS_G4,2011,LTU,science,514.6282,2.3594,535.8918,535.7855,514.2051,-21.263599999999997,-21.157299999999964,0.4230999999999767,29,29
TIMSS_G4,2011,MAR,science,263.6544,4.3758,492.1511,491.862,,-228.49669999999998,-228.2076,,29,29
TIMSS_G4,2011,MLT,science,445.8257,1.9405,513.9719,514.1821,,-68.14620000000002,-68.35640000000001,,29,29
TIMSS_G4,2011,NLD,science,531.1561,2.2364,542.8839,542.8229,523.1763,-11.727800000000002,-11.666799999999967,7.979800000000068,29,29
TIMSS_G4,2011,OMN,science,377.0061,4.3134,525.3616,524.894,,-148.35549999999995,-147.8879,,29,29
TIMSS_G4,2011,QAT,science,394.1559,4.3267,357.731,357.5356,294.3956,36.42489999999998,36.620299999999986,99.76029999999997,29,29
TIMSS_G4,2011,ROM,science,505.3852,5.8637,497.2645,497.2257,,8.1207,8.15949999999998,,29,29
TIMSS_G4,2011,RUS,science,552.3455,3.4352,512.7183,512.65,,39.627200000000016,39.69550000000004,,29,29
TIMSS_G4,2011,SAU,science,429.3868,5.4553,512.8729,512.1823,,-83.48609999999996,-82.79550000000006,,29,29
TIMSS_G4,2011,SGP,science,583.3389,3.4139,504.9408,505.2632,,78.39809999999994,78.07569999999998,,29,29
TIMSS_G4,2011,SVK,science,531.8046,3.7483,535.2915,535.3142,525.6914,-3.4868999999999915,-3.5095999999999776,6.113200000000006,29,29
TIMSS_G4,2011,SVN,science,520.2802,2.5772,532.1122,532.1129,518.3925,-11.831999999999994,-11.832699999999932,1.8876999999999953,29,29
TIMSS_G4,2011,SWE,science,533.4812,2.7761,537.4891,537.3905,524.8102,-4.007900000000063,-3.90930000000003,8.670999999999935,29,29
TIMSS_G4,2011,THA,science,471.5708,5.798,481.5514,481.2898,,-9.980599999999981,-9.718999999999994,,29,29
TIMSS_G4,2011,TUN,science,345.6063,5.132,352.4715,352.3102,318.4744,-6.865200000000016,-6.703900000000033,27.131899999999973,29,29
TIMSS_G4,2011,TWN,science,551.7028,2.2109,552.2683,552.5668,556.6963,-0.5654999999999291,-0.863999999999919,-4.993499999999926,29,29
TIMSS_G4,2015,AAD,science,414.7105,5.5764,498.4934,500.3033,,-83.78289999999998,-85.59279999999995,,58,36
TIMSS_G4,2015,BHR,science,458.812,2.5517,469.336,472.3344,449.4156,-10.524000000000001,-13.522400000000005,9.396400000000028,58,36
TIMSS_G4,2015,CAN,science,524.7821,2.6473,497.0967,497.0967,,27.685400000000016,27.685400000000016,,58,36
TIMSS_G4,2015,COT,science,530.3701,2.5455,540.4397,540.6367,527.5905,-10.069600000000037,-10.26660000000004,2.7795999999999594,58,36
TIMSS_G4,2015,CQU,science,524.5089,4.0915,543.9006,543.0114,516.4002,-19.391700000000014,-18.50249999999994,8.108699999999999,58,36
TIMSS_G4,2015,DEU,science,528.4667,2.3909,497.0967,497.0967,,31.369999999999948,31.369999999999948,,58,36
TIMSS_G4,2015,DNK,science,527.029,2.0752,497.0967,497.0967,,29.932299999999998,29.932299999999998,,58,36
TIMSS_G4,2015,FIN,science,553.8131,2.3134,517.6064,518.4639,570.2206,36.206699999999955,35.349199999999996,-16.407500000000027,58,36
TIMSS_G4,2015,GEO,science,451.2453,3.743,470.6255,472.0509,,-19.380200000000002,-20.805600000000027,,58,36
TIMSS_G4,2015,HKG,science,556.5472,2.9347,519.4066,520.4453,534.9477,37.14059999999995,36.1019,21.59949999999992,58,36
TIMSS_G4,2015,HRV,science,533.4419,2.0539,497.0967,497.0967,,36.345200000000034,36.345200000000034,,58,36
TIMSS_G4,2015,HUN,science,541.9782,3.342,526.0048,526.1143,534.3866,15.97339999999997,15.863900000000058,7.591599999999971,58,36
TIMSS_G4,2015,IDN,science,396.6664,4.8358,459.2879,462.9285,,-62.62149999999997,-66.26209999999998,,58,36
TIMSS_G4,2015,IRL,science,528.8759,2.3549,506.5848,507.0127,516.0549,22.29110000000003,21.863200000000006,12.821000000000026,58,36
TIMSS_G4,2015,IRN,science,421.0092,4.0212,473.9572,477.1182,,-52.94799999999998,-56.10899999999998,,58,36
TIMSS_G4,2015,ITA,science,516.475,2.6223,513.4144,513.2113,523.8551,3.060600000000022,3.2636999999999716,-7.38009999999997,58,36
TIMSS_G4,2015,JPN,science,569.0127,1.774,543.7621,540.8489,,25.250599999999963,28.163800000000037,,58,36
TIMSS_G4,2015,KAZ,science,549.5563,4.4055,515.0659,515.4811,494.5325,34.49039999999991,34.075199999999995,55.02379999999994,58,36
TIMSS_G4,2015,KOR,science,589.3195,1.9815,535.7747,529.9659,,53.544799999999896,59.353599999999915,,58,36
TIMSS_G4,2015,KWT,science,337.2129,6.2187,455.1135,453.3238,347.1358,-117.9006,-116.11090000000002,-9.922900000000027,58,36
TIMSS_G4,2015,LTU,science,527.6665,2.5086,507.1893,507.6519,514.6282,20.47720000000004,20.01460000000003,13.03830000000005,58,36
TIMSS_G4,2015,MAR,science,352.2073,4.664,378.7484,379.7747,263.6544,-26.54110000000003,-27.56740000000002,88.55289999999997,58,36
TIMSS_G4,2015,NIR,science,519.7678,2.2322,497.0967,497.0967,,22.671099999999967,22.671099999999967,,58,36
TIMSS_G4,2015,NLD,science,517.1205,2.6523,510.6659,511.2654,531.1561,6.454599999999971,5.855099999999993,-14.035600000000045,58,36
TIMSS_G4,2015,NOR,science,537.5982,2.648,495.9426,496.449,,41.65559999999999,41.14920000000001,,58,36
TIMSS_G4,2015,NZL,science,505.517,2.6589,502.4426,502.5756,,3.0743999999999687,2.9413999999999874,,58,36
TIMSS_G4,2015,OMN,science,430.9741,3.1159,465.573,464.2452,377.0061,-34.59889999999996,-33.27109999999999,53.96800000000002,58,36
TIMSS_G4,2015,PRT,science,508.0561,2.2006,497.0967,497.0967,,10.959400000000016,10.959400000000016,,58,36
TIMSS_G4,2015,QAT,science,436.2582,4.0663,460.9967,463.2407,394.1559,-24.738499999999988,-26.982500000000016,42.102300000000014,58,36
TIMSS_G4,2015,SRB,science,524.5091,3.6881,504.9829,505.3299,515.5076,19.526200000000017,19.17919999999998,9.001499999999965,58,36
TIMSS_G4,2015,SVK,science,520.4948,2.6233,506.3698,506.747,531.8046,14.125000000000057,13.74780000000004,-11.309799999999996,58,36
TIMSS_G4,2015,SVN,science,542.5731,2.4405,505.3592,505.7136,520.2802,37.21389999999997,36.85949999999997,22.292899999999918,58,36
TIMSS_G4,2015,SWE,science,540.1936,3.5691,506.2629,506.6304,533.4812,33.930699999999945,33.56319999999994,6.712400000000002,58,36
TIMSS_G4,2015,TUR,science,483.3988,3.3174,470.6856,471.5234,,12.713199999999972,11.875400000000013,,58,36
TIMSS_G4,2015,TWN,science,555.2816,1.7889,559.6316,555.1524,551.7028,-4.350000000000023,0.12920000000008258,3.578800000000001,58,36
TIMSS_G4,2015,USA,science,545.9069,2.2125,524.9012,524.7617,543.8407,21.005699999999933,21.14519999999993,2.0661999999999807,58,36
TIMSS_G4,2019,AAD,science,416.8693,2.7838,435.0257,435.733,414.7105,-18.156399999999962,-18.863699999999994,2.158799999999985,94,51
TIMSS_G4,2019,ADU,science,543.0198,1.7035,519.4773,519.8198,,23.542500000000018,23.200000000000045,,94,51
TIMSS_G4,2019,ALB,science,489.4802,3.5271,499.2868,499.2868,,-9.806600000000003,-9.806600000000003,,94,51
TIMSS_G4,2019,ARE,science,478.8223,4.6611,478.7564,479.6315,,0.06589999999999918,-0.8092000000000326,,94,51
TIMSS_G4,2019,ARM,science,466.4317,3.4341,483.2062,482.5317,,-16.774500000000046,-16.100000000000023,,94,51
TIMSS_G4,2019,AUS,science,532.5749,2.425,495.4078,495.3096,,37.16709999999995,37.26529999999997,,94,51
TIMSS_G4,2019,AUT,science,518.3878,2.2271,499.2868,499.2868,,19.100999999999942,19.100999999999942,,94,51
TIMSS_G4,2019,CAN,science,519.5728,2.0721,526.3817,527.2645,524.7821,-6.808899999999994,-7.691699999999969,-5.209299999999985,94,51
TIMSS_G4,2019,CHL,science,469.7196,2.5665,459.8808,460.9227,477.7105,9.838799999999992,8.796899999999994,-7.9909000000000106,94,51
TIMSS_G4,2019,COT,science,524.1015,3.1133,513.5844,514.4574,530.3701,10.517100000000028,9.64409999999998,-6.268599999999992,94,51
TIMSS_G4,2019,CQU,science,521.8234,2.4713,531.4438,531.8694,524.5089,-9.620400000000018,-10.04600000000005,-2.6855000000000473,94,51
TIMSS_G4,2019,CZE,science,528.2753,3.6598,513.4847,513.7557,534.3801,14.79060000000004,14.519599999999969,-6.104799999999955,94,51
TIMSS_G4,2019,DEU,science,522.1972,4.7341,514.7467,514.4695,528.4667,7.45049999999992,7.727699999999913,-6.269499999999994,94,51
TIMSS_G4,2019,DNK,science,520.2288,2.2397,504.8378,506.3642,527.029,15.390999999999963,13.864599999999996,-6.800200000000018,94,51
TIMSS_G4,2019,ESP,science,513.0994,2.4304,506.6078,506.844,518.1979,6.4915999999999485,6.255399999999952,-5.098500000000058,94,51
TIMSS_G4,2019,FIN,science,551.8116,2.4113,514.3361,515.3557,553.8131,37.47550000000001,36.45590000000004,-2.0014999999999645,94,51
TIMSS_G4,2019,FRA,science,482.8377,2.7311,497.1398,497.4667,,-14.302099999999996,-14.629000000000019,,94,51
TIMSS_G4,2019,GEO,science,462.1684,3.8874,479.1735,480.2058,451.2453,-17.00509999999997,-18.03739999999999,10.923100000000034,94,51
TIMSS_G4,2019,HKG,science,534.7279,3.229,564.4557,562.1409,556.5472,-29.727800000000002,-27.41300000000001,-21.8193,94,51
TIMSS_G4,2019,HRV,science,523.6182,3.4607,512.2318,512.1291,533.4419,11.38639999999998,11.489100000000008,-9.82370000000003,94,51
TIMSS_G4,2019,HUN,science,530.5706,2.9736,535.3889,536.0679,541.9782,-4.818300000000022,-5.497299999999996,-11.407600000000002,94,51
TIMSS_G4,2019,IRL,science,527.9704,3.1632,539.7012,539.8987,528.8759,-11.730799999999931,-11.928299999999922,-0.9054999999999609,94,51
TIMSS_G4,2019,IRN,science,440.828,4.1188,449.9743,449.3992,421.0092,-9.146300000000053,-8.571200000000033,19.818799999999953,94,51
TIMSS_G4,2019,ITA,science,509.485,2.9353,505.6263,505.3896,516.475,3.858699999999999,4.095400000000041,-6.990000000000009,94,51
TIMSS_G4,2019,KAZ,science,494.1548,3.0658,550.7656,551.7274,549.5563,-56.61079999999993,-57.572599999999966,-55.40149999999994,94,51
TIMSS_G4,2019,KOR,science,587.6576,2.0997,538.2102,538.4234,589.3195,49.447400000000016,49.23419999999999,-1.661899999999946,94,51
TIMSS_G4,2019,KWT,science,392.2951,6.1033,385.7661,386.8131,337.2129,6.528999999999996,5.481999999999971,55.0822,94,51
TIMSS_G4,2019,LTU,science,538.0792,2.5174,535.0219,535.1973,527.6665,3.0573000000000548,2.8818999999999733,10.412699999999973,94,51
TIMSS_G4,2019,LVA,science,541.8577,2.3847,499.2868,499.2868,,42.570899999999995,42.570899999999995,,94,51
TIMSS_G4,2019,MAR,science,374.0657,5.8267,366.7388,366.2415,352.2073,7.326899999999966,7.824200000000019,21.858400000000017,94,51
TIMSS_G4,2019,MKD,science,426.0427,6.2361,499.2868,499.2868,,-73.2441,-73.2441,,94,51
TIMSS_G4,2019,MLT,science,496.0437,1.1624,499.3076,498.2119,,-3.2638999999999783,-2.168200000000013,,94,51
TIMSS_G4,2019,MNE,science,453.3214,2.4917,499.2868,499.2868,,-45.965400000000045,-45.965400000000045,,94,51
TIMSS_G4,2019,NIR,science,518.4913,2.3011,512.1007,512.896,519.7678,6.390600000000063,5.595300000000066,-1.2764999999999418,94,51
TIMSS_G4,2019,NLD,science,516.6572,2.2637,510.4912,510.6026,517.1205,6.165999999999997,6.0545999999999935,-0.4633000000000038,94,51
TIMSS_G4,2019,NOR,science,538.484,1.9822,508.7133,510.2613,537.5982,29.770700000000033,28.22270000000003,0.8858000000000175,94,51
TIMSS_G4,2019,NZL,science,502.5515,2.3033,497.3533,498.223,505.517,5.198199999999986,4.328499999999963,-2.96550000000002,94,51
TIMSS_G4,2019,OMN,science,434.9443,4.0683,446.3629,447.6566,430.9741,-11.418600000000026,-12.712300000000027,3.970199999999977,94,51
TIMSS_G4,2019,POL,science,530.8328,2.5871,499.2868,499.2868,,31.545999999999992,31.545999999999992,,94,51
TIMSS_G4,2019,PRT,science,506.4609,2.3389,512.5199,512.2145,508.0561,-6.059000000000026,-5.753600000000063,-1.595200000000034,94,51
TIMSS_G4,2019,QAT,science,455.8791,4.6579,449.0122,450.5583,436.2582,6.866899999999987,5.32080000000002,19.620900000000006,94,51
TIMSS_G4,2019,RUS,science,567.2547,3.0171,530.5767,531.9114,,36.678,35.3433,,94,51
TIMSS_G4,2019,SAU,science,402.2369,4.0697,430.049,430.6273,,-27.812099999999987,-28.3904,,94,51
TIMSS_G4,2019,SGP,science,596.8263,3.1599,560.5495,560.0943,,36.27679999999998,36.73199999999997,,94,51
TIMSS_G4,2019,SRB,science,516.9075,3.5003,511.3414,511.3591,524.5091,5.566100000000006,5.548400000000015,-7.601599999999962,94,51
TIMSS_G4,2019,SVK,science,518.0652,2.7835,506.7176,506.8831,520.4948,11.3476,11.182099999999991,-2.4296000000000504,94,51
TIMSS_G4,2019,SWE,science,529.7944,3.3407,508.9182,509.9087,540.1936,20.876199999999983,19.885699999999986,-10.39919999999995,94,51
TIMSS_G4,2019,TUR,science,526.0656,4.2192,472.0007,473.2732,483.3988,54.06490000000002,52.79240000000004,42.66680000000002,94,51
TIMSS_G4,2019,TWN,science,557.6698,1.756,524.1431,524.9825,555.2816,33.526700000000005,32.68730000000005,2.3881999999999834,94,51
TIMSS_G4,2019,USA,science,537.2607,2.7041,519.3538,519.391,545.9069,17.906900000000064,17.86970000000008,-8.646199999999908,94,51
TIMSS_G4,2019,ZAF,science,324.2336,4.9319,404.2648,401.9046,,-80.03119999999996,-77.67099999999999,,94,51
TIMSS_G4,2023,AAD,science,446.1415,2.6301,432.055,431.1266,416.8693,14.086500000000001,15.014900000000011,29.272199999999998,145,42
TIMSS_G4,2023,ADU,science,562.3922,1.7897,555.0757,555.2669,543.0198,7.316500000000019,7.125300000000038,19.37239999999997,145,42
TIMSS_G4,2023,ALB,science,490.5998,4.4935,498.205,498.211,489.4802,-7.605199999999968,-7.611199999999997,1.1195999999999913,145,42
TIMSS_G4,2023,ARE,science,494.9497,1.825,489.8475,489.6702,478.8223,5.102199999999982,5.2794999999999845,16.127400000000023,145,42
TIMSS_G4,2023,ARM,science,457.2906,2.6915,494.1111,494.1438,466.4317,-36.82050000000004,-36.853200000000015,-9.141099999999994,145,42
TIMSS_G4,2023,AUS,science,549.5002,2.2909,535.9702,536.1481,532.5749,13.529999999999973,13.35209999999995,16.925299999999993,145,42
TIMSS_G4,2023,AZE,science,421.6027,3.2655,488.7515,488.8467,426.7347,-67.1488,-67.24399999999997,-5.131999999999948,145,42
TIMSS_G4,2023,BFL,science,488.3576,2.6214,507.0444,507.1039,501.017,-18.686800000000005,-18.74630000000002,-12.659400000000005,145,42
TIMSS_G4,2023,CAN,science,521.1253,2.0448,507.4074,507.4166,519.5728,13.717900000000043,13.708700000000022,1.552500000000009,145,42
TIMSS_G4,2023,CHL,science,479.2523,2.6715,464.5489,464.8459,469.7196,14.703399999999988,14.40640000000002,9.532699999999977,145,42
TIMSS_G4,2023,COT,science,525.2649,3.2495,533.6017,533.1971,524.1015,-8.33680000000004,-7.932199999999966,1.1634000000000242,145,42
TIMSS_G4,2023,CQU,science,507.5048,2.7284,546.199,545.9198,521.8234,-38.69419999999997,-38.41500000000002,-14.318600000000004,145,42
TIMSS_G4,2023,CYP,science,486.9837,3.0814,510.0551,509.3067,511.4192,-23.071399999999983,-22.32299999999998,-24.43549999999999,145,42
TIMSS_G4,2023,CZE,science,525.8413,2.3387,512.0513,512.0808,528.2753,13.790000000000077,13.760500000000093,-2.433999999999969,145,42
TIMSS_G4,2023,DEU,science,515.4773,2.827,509.2406,509.2602,522.1972,6.236700000000042,6.217100000000016,-6.719899999999939,145,42
TIMSS_G4,2023,ESP,science,504.0387,2.0939,504.5335,504.5332,513.0994,-0.4947999999999979,-0.49450000000001637,-9.06069999999994,145,42
TIMSS_G4,2023,FIN,science,542.0588,2.9452,548.0244,548.9451,551.8116,-5.965599999999995,-6.886300000000006,-9.75279999999998,145,42
TIMSS_G4,2023,FRA,science,488.1341,2.9948,495.1765,495.1204,482.8377,-7.0423999999999864,-6.986300000000028,5.2964000000000055,145,42
TIMSS_G4,2023,HKG,science,545.231,3.8475,551.4444,549.0897,534.7279,-6.213399999999979,-3.858699999999999,10.503100000000018,145,42
TIMSS_G4,2023,IRL,science,531.8995,3.1927,515.3344,515.3971,527.9704,16.56510000000003,16.502399999999966,3.9290999999999485,145,42
TIMSS_G4,2023,ITA,science,510.5523,2.4719,511.4089,511.1566,509.485,-0.8566000000000145,-0.6043000000000234,1.0672999999999888,145,42
TIMSS_G4,2023,JOR,science,417.6881,4.9095,469.769,470.4045,,-52.080899999999986,-52.716399999999965,,145,42
TIMSS_G4,2023,KAZ,science,466.53,3.4832,497.8687,497.3354,494.1548,-31.338700000000017,-30.80540000000002,-27.62480000000005,145,42
TIMSS_G4,2023,KOR,science,583.2645,2.5267,593.5131,592.1819,587.6576,-10.24860000000001,-8.917400000000043,-4.393100000000004,145,42
TIMSS_G4,2023,KWT,science,373.3174,5.4728,459.4426,459.3497,392.2951,-86.1252,-86.03229999999996,-18.97769999999997,145,42
TIMSS_G4,2023,LTU,science,536.948,2.8936,540.9748,541.2405,538.0792,-4.02679999999998,-4.292500000000018,-1.1312000000000353,145,42
TIMSS_G4,2023,LVA,science,525.5452,3.0104,517.8311,517.878,541.8577,7.71410000000003,7.66719999999998,-16.3125,145,42
TIMSS_G4,2023,MNE,science,460.6789,2.0243,483.7745,483.7437,453.3214,-23.09559999999999,-23.06479999999999,7.357500000000016,145,42
TIMSS_G4,2023,NLD,science,516.9196,2.9171,510.7557,510.8062,516.6572,6.1638999999999555,6.113399999999956,0.2623999999999569,145,42
TIMSS_G4,2023,NOR,science,530.4362,2.5669,524.7912,524.3609,538.484,5.644999999999982,6.07529999999997,-8.047800000000052,145,42
TIMSS_G4,2023,NZL,science,517.0717,2.8464,504.0381,504.3194,502.5515,13.033599999999979,12.752299999999991,14.520199999999988,145,42
TIMSS_G4,2023,OMN,science,432.6494,4.2297,476.2816,476.2304,434.9443,-43.63220000000001,-43.58099999999996,-2.294899999999984,145,42
TIMSS_G4,2023,POL,science,549.8445,2.2279,511.1818,511.1954,530.8328,38.66270000000003,38.64910000000003,19.01170000000002,145,42
TIMSS_G4,2023,QAT,science,472.1361,3.602,474.7441,475.5715,455.8791,-2.608000000000004,-3.4354000000000156,16.257000000000005,145,42
TIMSS_G4,2023,SAU,science,427.5799,4.0095,419.2537,419.9488,402.2369,8.326200000000028,7.6311000000000035,25.343000000000018,145,42
TIMSS_G4,2023,SGP,science,607.3513,2.7596,626.4366,626.2242,596.8263,-19.08529999999996,-18.87289999999996,10.525000000000091,145,42
TIMSS_G4,2023,SRB,science,509.8597,3.1889,506.2316,506.237,516.9075,3.628099999999961,3.622699999999952,-7.047800000000052,145,42
TIMSS_G4,2023,SVK,science,520.5926,3.3094,506.6164,506.6222,518.0652,13.976199999999949,13.970399999999927,2.5273999999999432,145,42
TIMSS_G4,2023,TUR,science,570.1124,3.4223,524.6523,525.2503,526.0656,45.46010000000001,44.86209999999994,44.04679999999996,145,42
TIMSS_G4,2023,TWN,science,572.6067,1.7406,596.9562,595.9116,557.6698,-24.34949999999992,-23.304899999999975,14.936900000000037,145,42
TIMSS_G4,2023,XKX,science,403.1171,3.6412,473.9905,473.9804,413.0594,-70.8734,-70.86329999999998,-9.942299999999989,145,42
TIMSS_G4,2023,ZAF,science,307.918,4.7045,369.183,368.0234,324.2336,-61.264999999999986,-60.105399999999975,-16.315600000000018,145,42
