program,cycle,country_iso3,variable,construct,construct_label,mean,n,weight_used,source,target_program,target_cycle,lag_years
TALIS,2013,BGR,SECLSS,self_efficacy_cls_mgmt,Self-Efficacy: Classroom Management,13.2708,2953,TCHWGT,BTGBGRT2.sav,PISA,2015,2
TALIS,2013,BGR,SECLSS,self_efficacy_cls_mgmt,Self-Efficacy: Classroom Management,13.2708,2953,TCHWGT,BTGBGRT2.sav,TIMSS,2015,2
TALIS,2013,BGR,SEINSS,self_efficacy_instruction,Self-Efficacy: Instruction,12.4627,2953,TCHWGT,BTGBGRT2.sav,PISA,2015,2
TALIS,2013,BGR,SEINSS,self_efficacy_instruction,Self-Efficacy: Instruction,12.4627,2953,TCHWGT,BTGBGRT2.sav,TIMSS,2015,2
TALIS,2013,BGR,SEENGS,self_efficacy_engagement,Self-Efficacy: Student Engagement,12.1775,2953,TCHWGT,BTGBGRT2.sav,PISA,2015,2
TALIS,2013,BGR,SEENGS,self_efficacy_engagement,Self-Efficacy: Student Engagement,12.1775,2953,TCHWGT,BTGBGRT2.sav,TIMSS,2015,2
TALIS,2013,BGR,TCDISCS,disciplinary_climate,Disciplinary Climate,11.4594,2917,TCHWGT,BTGBGRT2.sav,PISA,2015,2
TALIS,2013,BGR,TCDISCS,disciplinary_climate,Disciplinary Climate,11.4594,2917,TCHWGT,BTGBGRT2.sav,TIMSS,2015,2
TALIS,2013,BGR,TCCOLLS,prof_collaboration,Professional Collaboration,8.0896,2952,TCHWGT,BTGBGRT2.sav,PISA,2015,2
TALIS,2013,BGR,TCCOLLS,prof_collaboration,Professional Collaboration,8.0896,2952,TCHWGT,BTGBGRT2.sav,TIMSS,2015,2
TALIS,2013,BGR,TJSENVS,job_sat_environment,Job Satisfaction: Work Environment,12.3021,2948,TCHWGT,BTGBGRT2.sav,PISA,2015,2
TALIS,2013,BGR,TJSENVS,job_sat_environment,Job Satisfaction: Work Environment,12.3021,2948,TCHWGT,BTGBGRT2.sav,TIMSS,2015,2
TALIS,2013,BGR,TJSPROS,job_sat_profession,Job Satisfaction: Profession,11.088,2948,TCHWGT,BTGBGRT2.sav,PISA,2015,2
TALIS,2013,BGR,TJSPROS,job_sat_profession,Job Satisfaction: Profession,11.088,2948,TCHWGT,BTGBGRT2.sav,TIMSS,2015,2
TALIS,2013,BGR,TEFFPROS,effective_pd,Effective Professional Development,7.7992,2110,TCHWGT,BTGBGRT2.sav,PISA,2015,2
TALIS,2013,BGR,TEFFPROS,effective_pd,Effective Professional Development,7.7992,2110,TCHWGT,BTGBGRT2.sav,TIMSS,2015,2
TALIS,2013,BRA,SECLSS,self_efficacy_cls_mgmt,Self-Efficacy: Classroom Management,13.0159,13334,TCHWGT,BTGBRAT2.sav,PISA,2015,2
TALIS,2013,BRA,SECLSS,self_efficacy_cls_mgmt,Self-Efficacy: Classroom Management,13.0159,13334,TCHWGT,BTGBRAT2.sav,TIMSS,2015,2
TALIS,2013,BRA,SEINSS,self_efficacy_instruction,Self-Efficacy: Instruction,13.1184,13334,TCHWGT,BTGBRAT2.sav,PISA,2015,2
TALIS,2013,BRA,SEINSS,self_efficacy_instruction,Self-Efficacy: Instruction,13.1184,13334,TCHWGT,BTGBRAT2.sav,TIMSS,2015,2
TALIS,2013,BRA,SEENGS,self_efficacy_engagement,Self-Efficacy: Student Engagement,13.1432,13334,TCHWGT,BTGBRAT2.sav,PISA,2015,2
TALIS,2013,BRA,SEENGS,self_efficacy_engagement,Self-Efficacy: Student Engagement,13.1432,13334,TCHWGT,BTGBRAT2.sav,TIMSS,2015,2
TALIS,2013,BRA,TCDISCS,disciplinary_climate,Disciplinary Climate,9.6795,11304,TCHWGT,BTGBRAT2.sav,PISA,2015,2
TALIS,2013,BRA,TCDISCS,disciplinary_climate,Disciplinary Climate,9.6795,11304,TCHWGT,BTGBRAT2.sav,TIMSS,2015,2
TALIS,2013,BRA,TCCOLLS,prof_collaboration,Professional Collaboration,7.9871,13306,TCHWGT,BTGBRAT2.sav,PISA,2015,2
TALIS,2013,BRA,TCCOLLS,prof_collaboration,Professional Collaboration,7.9871,13306,TCHWGT,BTGBRAT2.sav,TIMSS,2015,2
TALIS,2013,BRA,TJSENVS,job_sat_environment,Job Satisfaction: Work Environment,12.5049,13258,TCHWGT,BTGBRAT2.sav,PISA,2015,2
TALIS,2013,BRA,TJSENVS,job_sat_environment,Job Satisfaction: Work Environment,12.5049,13258,TCHWGT,BTGBRAT2.sav,TIMSS,2015,2
TALIS,2013,BRA,TJSPROS,job_sat_profession,Job Satisfaction: Profession,11.3222,13258,TCHWGT,BTGBRAT2.sav,PISA,2015,2
TALIS,2013,BRA,TJSPROS,job_sat_profession,Job Satisfaction: Profession,11.3222,13258,TCHWGT,BTGBRAT2.sav,TIMSS,2015,2
TALIS,2013,BRA,TEFFPROS,effective_pd,Effective Professional Development,8.9156,9804,TCHWGT,BTGBRAT2.sav,PISA,2015,2
TALIS,2013,BRA,TEFFPROS,effective_pd,Effective Professional Development,8.9156,9804,TCHWGT,BTGBRAT2.sav,TIMSS,2015,2
TALIS,2013,CHL,SECLSS,self_efficacy_cls_mgmt,Self-Efficacy: Classroom Management,13.1884,1543,TCHWGT,BTGCHLT2.sav,PISA,2015,2
TALIS,2013,CHL,SECLSS,self_efficacy_cls_mgmt,Self-Efficacy: Classroom Management,13.1884,1543,TCHWGT,BTGCHLT2.sav,TIMSS,2015,2
TALIS,2013,CHL,SEINSS,self_efficacy_instruction,Self-Efficacy: Instruction,13.0365,1543,TCHWGT,BTGCHLT2.sav,PISA,2015,2
TALIS,2013,CHL,SEINSS,self_efficacy_instruction,Self-Efficacy: Instruction,13.0365,1543,TCHWGT,BTGCHLT2.sav,TIMSS,2015,2
TALIS,2013,CHL,SEENGS,self_efficacy_engagement,Self-Efficacy: Student Engagement,12.7166,1543,TCHWGT,BTGCHLT2.sav,PISA,2015,2
TALIS,2013,CHL,SEENGS,self_efficacy_engagement,Self-Efficacy: Student Engagement,12.7166,1543,TCHWGT,BTGCHLT2.sav,TIMSS,2015,2
TALIS,2013,CHL,TCDISCS,disciplinary_climate,Disciplinary Climate,10.2104,1180,TCHWGT,BTGCHLT2.sav,PISA,2015,2
TALIS,2013,CHL,TCDISCS,disciplinary_climate,Disciplinary Climate,10.2104,1180,TCHWGT,BTGCHLT2.sav,TIMSS,2015,2
TALIS,2013,CHL,TCCOLLS,prof_collaboration,Professional Collaboration,8.842,1533,TCHWGT,BTGCHLT2.sav,PISA,2015,2
TALIS,2013,CHL,TCCOLLS,prof_collaboration,Professional Collaboration,8.842,1533,TCHWGT,BTGCHLT2.sav,TIMSS,2015,2
TALIS,2013,CHL,TJSENVS,job_sat_environment,Job Satisfaction: Work Environment,12.4178,1541,TCHWGT,BTGCHLT2.sav,PISA,2015,2
TALIS,2013,CHL,TJSENVS,job_sat_environment,Job Satisfaction: Work Environment,12.4178,1541,TCHWGT,BTGCHLT2.sav,TIMSS,2015,2
TALIS,2013,CHL,TJSPROS,job_sat_profession,Job Satisfaction: Profession,12.122,1541,TCHWGT,BTGCHLT2.sav,PISA,2015,2
TALIS,2013,CHL,TJSPROS,job_sat_profession,Job Satisfaction: Profession,12.122,1541,TCHWGT,BTGCHLT2.sav,TIMSS,2015,2
TALIS,2013,CHL,TEFFPROS,effective_pd,Effective Professional Development,8.835,952,TCHWGT,BTGCHLT2.sav,PISA,2015,2
TALIS,2013,CHL,TEFFPROS,effective_pd,Effective Professional Development,8.835,952,TCHWGT,BTGCHLT2.sav,TIMSS,2015,2
TALIS,2013,CZE,SECLSS,self_efficacy_cls_mgmt,Self-Efficacy: Classroom Management,11.7226,3204,TCHWGT,BTGCZET2.sav,PISA,2015,2
TALIS,2013,CZE,SECLSS,self_efficacy_cls_mgmt,Self-Efficacy: Classroom Management,11.7226,3204,TCHWGT,BTGCZET2.sav,TIMSS,2015,2
TALIS,2013,CZE,SEINSS,self_efficacy_instruction,Self-Efficacy: Instruction,11.0463,3204,TCHWGT,BTGCZET2.sav,PISA,2015,2
TALIS,2013,CZE,SEINSS,self_efficacy_instruction,Self-Efficacy: Instruction,11.0463,3204,TCHWGT,BTGCZET2.sav,TIMSS,2015,2
TALIS,2013,CZE,SEENGS,self_efficacy_engagement,Self-Efficacy: Student Engagement,9.5235,3204,TCHWGT,BTGCZET2.sav,PISA,2015,2
TALIS,2013,CZE,SEENGS,self_efficacy_engagement,Self-Efficacy: Student Engagement,9.5235,3204,TCHWGT,BTGCZET2.sav,TIMSS,2015,2
TALIS,2013,CZE,TCDISCS,disciplinary_climate,Disciplinary Climate,11.4308,3027,TCHWGT,BTGCZET2.sav,PISA,2015,2
TALIS,2013,CZE,TCDISCS,disciplinary_climate,Disciplinary Climate,11.4308,3027,TCHWGT,BTGCZET2.sav,TIMSS,2015,2
TALIS,2013,CZE,TCCOLLS,prof_collaboration,Professional Collaboration,8.7672,3202,TCHWGT,BTGCZET2.sav,PISA,2015,2
TALIS,2013,CZE,TCCOLLS,prof_collaboration,Professional Collaboration,8.7672,3202,TCHWGT,BTGCZET2.sav,TIMSS,2015,2
TALIS,2013,CZE,TJSENVS,job_sat_environment,Job Satisfaction: Work Environment,11.6935,3199,TCHWGT,BTGCZET2.sav,PISA,2015,2
TALIS,2013,CZE,TJSENVS,job_sat_environment,Job Satisfaction: Work Environment,11.6935,3199,TCHWGT,BTGCZET2.sav,TIMSS,2015,2
TALIS,2013,CZE,TJSPROS,job_sat_profession,Job Satisfaction: Profession,11.3675,3199,TCHWGT,BTGCZET2.sav,PISA,2015,2
TALIS,2013,CZE,TJSPROS,job_sat_profession,Job Satisfaction: Profession,11.3675,3199,TCHWGT,BTGCZET2.sav,TIMSS,2015,2
TALIS,2013,CZE,TEFFPROS,effective_pd,Effective Professional Development,7.9535,2590,TCHWGT,BTGCZET2.sav,PISA,2015,2
TALIS,2013,CZE,TEFFPROS,effective_pd,Effective Professional Development,7.9535,2590,TCHWGT,BTGCZET2.sav,TIMSS,2015,2
TALIS,2013,ESP,SECLSS,self_efficacy_cls_mgmt,Self-Efficacy: Classroom Management,12.0667,3257,TCHWGT,BTGESPT2.sav,PISA,2015,2
TALIS,2013,ESP,SECLSS,self_efficacy_cls_mgmt,Self-Efficacy: Classroom Management,12.0667,3257,TCHWGT,BTGESPT2.sav,TIMSS,2015,2
TALIS,2013,ESP,SEINSS,self_efficacy_instruction,Self-Efficacy: Instruction,12.5885,3257,TCHWGT,BTGESPT2.sav,PISA,2015,2
TALIS,2013,ESP,SEINSS,self_efficacy_instruction,Self-Efficacy: Instruction,12.5885,3257,TCHWGT,BTGESPT2.sav,TIMSS,2015,2
TALIS,2013,ESP,SEENGS,self_efficacy_engagement,Self-Efficacy: Student Engagement,11.1547,3257,TCHWGT,BTGESPT2.sav,PISA,2015,2
TALIS,2013,ESP,SEENGS,self_efficacy_engagement,Self-Efficacy: Student Engagement,11.1547,3257,TCHWGT,BTGESPT2.sav,TIMSS,2015,2
TALIS,2013,ESP,TCDISCS,disciplinary_climate,Disciplinary Climate,10.2563,2905,TCHWGT,BTGESPT2.sav,PISA,2015,2
TALIS,2013,ESP,TCDISCS,disciplinary_climate,Disciplinary Climate,10.2563,2905,TCHWGT,BTGESPT2.sav,TIMSS,2015,2
TALIS,2013,ESP,TCCOLLS,prof_collaboration,Professional Collaboration,6.4332,3259,TCHWGT,BTGESPT2.sav,PISA,2015,2
TALIS,2013,ESP,TCCOLLS,prof_collaboration,Professional Collaboration,6.4332,3259,TCHWGT,BTGESPT2.sav,TIMSS,2015,2
TALIS,2013,ESP,TJSENVS,job_sat_environment,Job Satisfaction: Work Environment,12.2843,3249,TCHWGT,BTGESPT2.sav,PISA,2015,2
TALIS,2013,ESP,TJSENVS,job_sat_environment,Job Satisfaction: Work Environment,12.2843,3249,TCHWGT,BTGESPT2.sav,TIMSS,2015,2
TALIS,2013,ESP,TJSPROS,job_sat_profession,Job Satisfaction: Profession,12.5737,3249,TCHWGT,BTGESPT2.sav,PISA,2015,2
TALIS,2013,ESP,TJSPROS,job_sat_profession,Job Satisfaction: Profession,12.5737,3249,TCHWGT,BTGESPT2.sav,TIMSS,2015,2
TALIS,2013,ESP,TEFFPROS,effective_pd,Effective Professional Development,8.934,2677,TCHWGT,BTGESPT2.sav,PISA,2015,2
TALIS,2013,ESP,TEFFPROS,effective_pd,Effective Professional Development,8.934,2677,TCHWGT,BTGESPT2.sav,TIMSS,2015,2
TALIS,2013,EST,SECLSS,self_efficacy_cls_mgmt,Self-Efficacy: Classroom Management,11.9399,3057,TCHWGT,BTGESTT2.sav,PISA,2015,2
TALIS,2013,EST,SECLSS,self_efficacy_cls_mgmt,Self-Efficacy: Classroom Management,11.9399,3057,TCHWGT,BTGESTT2.sav,TIMSS,2015,2
TALIS,2013,EST,SEINSS,self_efficacy_instruction,Self-Efficacy: Instruction,11.132,3057,TCHWGT,BTGESTT2.sav,PISA,2015,2
TALIS,2013,EST,SEINSS,self_efficacy_instruction,Self-Efficacy: Instruction,11.132,3057,TCHWGT,BTGESTT2.sav,TIMSS,2015,2
TALIS,2013,EST,SEENGS,self_efficacy_engagement,Self-Efficacy: Student Engagement,11.7663,3057,TCHWGT,BTGESTT2.sav,PISA,2015,2
TALIS,2013,EST,SEENGS,self_efficacy_engagement,Self-Efficacy: Student Engagement,11.7663,3057,TCHWGT,BTGESTT2.sav,TIMSS,2015,2
TALIS,2013,EST,TCDISCS,disciplinary_climate,Disciplinary Climate,11.5441,2633,TCHWGT,BTGESTT2.sav,PISA,2015,2
TALIS,2013,EST,TCDISCS,disciplinary_climate,Disciplinary Climate,11.5441,2633,TCHWGT,BTGESTT2.sav,TIMSS,2015,2
TALIS,2013,EST,TCCOLLS,prof_collaboration,Professional Collaboration,8.9508,3058,TCHWGT,BTGESTT2.sav,PISA,2015,2
TALIS,2013,EST,TCCOLLS,prof_collaboration,Professional Collaboration,8.9508,3058,TCHWGT,BTGESTT2.sav,TIMSS,2015,2
TALIS,2013,EST,TJSENVS,job_sat_environment,Job Satisfaction: Work Environment,11.3307,3056,TCHWGT,BTGESTT2.sav,PISA,2015,2
TALIS,2013,EST,TJSENVS,job_sat_environment,Job Satisfaction: Work Environment,11.3307,3056,TCHWGT,BTGESTT2.sav,TIMSS,2015,2
TALIS,2013,EST,TJSPROS,job_sat_profession,Job Satisfaction: Profession,11.1706,3056,TCHWGT,BTGESTT2.sav,PISA,2015,2
TALIS,2013,EST,TJSPROS,job_sat_profession,Job Satisfaction: Profession,11.1706,3056,TCHWGT,BTGESTT2.sav,TIMSS,2015,2
TALIS,2013,EST,TEFFPROS,effective_pd,Effective Professional Development,8.852,2746,TCHWGT,BTGESTT2.sav,PISA,2015,2
TALIS,2013,EST,TEFFPROS,effective_pd,Effective Professional Development,8.852,2746,TCHWGT,BTGESTT2.sav,TIMSS,2015,2
TALIS,2013,FIN,SECLSS,self_efficacy_cls_mgmt,Self-Efficacy: Classroom Management,12.4175,2689,TCHWGT,BTGFINT2.sav,PISA,2015,2
TALIS,2013,FIN,SECLSS,self_efficacy_cls_mgmt,Self-Efficacy: Classroom Management,12.4175,2689,TCHWGT,BTGFINT2.sav,TIMSS,2015,2
TALIS,2013,FIN,SEINSS,self_efficacy_instruction,Self-Efficacy: Instruction,11.6226,2689,TCHWGT,BTGFINT2.sav,PISA,2015,2
TALIS,2013,FIN,SEINSS,self_efficacy_instruction,Self-Efficacy: Instruction,11.6226,2689,TCHWGT,BTGFINT2.sav,TIMSS,2015,2
TALIS,2013,FIN,SEENGS,self_efficacy_engagement,Self-Efficacy: Student Engagement,11.6457,2689,TCHWGT,BTGFINT2.sav,PISA,2015,2
TALIS,2013,FIN,SEENGS,self_efficacy_engagement,Self-Efficacy: Student Engagement,11.6457,2689,TCHWGT,BTGFINT2.sav,TIMSS,2015,2
TALIS,2013,FIN,TCDISCS,disciplinary_climate,Disciplinary Climate,10.9116,2305,TCHWGT,BTGFINT2.sav,PISA,2015,2
TALIS,2013,FIN,TCDISCS,disciplinary_climate,Disciplinary Climate,10.9116,2305,TCHWGT,BTGFINT2.sav,TIMSS,2015,2
TALIS,2013,FIN,TCCOLLS,prof_collaboration,Professional Collaboration,7.0038,2692,TCHWGT,BTGFINT2.sav,PISA,2015,2
TALIS,2013,FIN,TCCOLLS,prof_collaboration,Professional Collaboration,7.0038,2692,TCHWGT,BTGFINT2.sav,TIMSS,2015,2
TALIS,2013,FIN,TJSENVS,job_sat_environment,Job Satisfaction: Work Environment,12.2483,2684,TCHWGT,BTGFINT2.sav,PISA,2015,2
TALIS,2013,FIN,TJSENVS,job_sat_environment,Job Satisfaction: Work Environment,12.2483,2684,TCHWGT,BTGFINT2.sav,TIMSS,2015,2
TALIS,2013,FIN,TJSPROS,job_sat_profession,Job Satisfaction: Profession,12.495,2684,TCHWGT,BTGFINT2.sav,PISA,2015,2
TALIS,2013,FIN,TJSPROS,job_sat_profession,Job Satisfaction: Profession,12.495,2684,TCHWGT,BTGFINT2.sav,TIMSS,2015,2
TALIS,2013,FIN,TEFFPROS,effective_pd,Effective Professional Development,8.4307,2043,TCHWGT,BTGFINT2.sav,PISA,2015,2
TALIS,2013,FIN,TEFFPROS,effective_pd,Effective Professional Development,8.4307,2043,TCHWGT,BTGFINT2.sav,TIMSS,2015,2
TALIS,2013,FRA,SECLSS,self_efficacy_cls_mgmt,Self-Efficacy: Classroom Management,13.5413,2808,TCHWGT,BTGFRAT2.sav,PISA,2015,2
TALIS,2013,FRA,SECLSS,self_efficacy_cls_mgmt,Self-Efficacy: Classroom Management,13.5413,2808,TCHWGT,BTGFRAT2.sav,TIMSS,2015,2
TALIS,2013,FRA,SEINSS,self_efficacy_instruction,Self-Efficacy: Instruction,12.8947,2808,TCHWGT,BTGFRAT2.sav,PISA,2015,2
TALIS,2013,FRA,SEINSS,self_efficacy_instruction,Self-Efficacy: Instruction,12.8947,2808,TCHWGT,BTGFRAT2.sav,TIMSS,2015,2
TALIS,2013,FRA,SEENGS,self_efficacy_engagement,Self-Efficacy: Student Engagement,12.05,2808,TCHWGT,BTGFRAT2.sav,PISA,2015,2
TALIS,2013,FRA,SEENGS,self_efficacy_engagement,Self-Efficacy: Student Engagement,12.05,2808,TCHWGT,BTGFRAT2.sav,TIMSS,2015,2
TALIS,2013,FRA,TCDISCS,disciplinary_climate,Disciplinary Climate,10.7538,2589,TCHWGT,BTGFRAT2.sav,PISA,2015,2
TALIS,2013,FRA,TCDISCS,disciplinary_climate,Disciplinary Climate,10.7538,2589,TCHWGT,BTGFRAT2.sav,TIMSS,2015,2
TALIS,2013,FRA,TCCOLLS,prof_collaboration,Professional Collaboration,6.425,2830,TCHWGT,BTGFRAT2.sav,PISA,2015,2
TALIS,2013,FRA,TCCOLLS,prof_collaboration,Professional Collaboration,6.425,2830,TCHWGT,BTGFRAT2.sav,TIMSS,2015,2
TALIS,2013,FRA,TJSENVS,job_sat_environment,Job Satisfaction: Work Environment,12.035,2815,TCHWGT,BTGFRAT2.sav,PISA,2015,2
TALIS,2013,FRA,TJSENVS,job_sat_environment,Job Satisfaction: Work Environment,12.035,2815,TCHWGT,BTGFRAT2.sav,TIMSS,2015,2
TALIS,2013,FRA,TJSPROS,job_sat_profession,Job Satisfaction: Profession,11.9916,2815,TCHWGT,BTGFRAT2.sav,PISA,2015,2
TALIS,2013,FRA,TJSPROS,job_sat_profession,Job Satisfaction: Profession,11.9916,2815,TCHWGT,BTGFRAT2.sav,TIMSS,2015,2
TALIS,2013,FRA,TEFFPROS,effective_pd,Effective Professional Development,8.5335,1970,TCHWGT,BTGFRAT2.sav,PISA,2015,2
TALIS,2013,FRA,TEFFPROS,effective_pd,Effective Professional Development,8.5335,1970,TCHWGT,BTGFRAT2.sav,TIMSS,2015,2
TALIS,2013,ISR,SECLSS,self_efficacy_cls_mgmt,Self-Efficacy: Classroom Management,12.5443,3229,TCHWGT,BTGISRT2.sav,PISA,2015,2
TALIS,2013,ISR,SECLSS,self_efficacy_cls_mgmt,Self-Efficacy: Classroom Management,12.5443,3229,TCHWGT,BTGISRT2.sav,TIMSS,2015,2
TALIS,2013,ISR,SEINSS,self_efficacy_instruction,Self-Efficacy: Instruction,12.4257,3229,TCHWGT,BTGISRT2.sav,PISA,2015,2
TALIS,2013,ISR,SEINSS,self_efficacy_instruction,Self-Efficacy: Instruction,12.4257,3229,TCHWGT,BTGISRT2.sav,TIMSS,2015,2
TALIS,2013,ISR,SEENGS,self_efficacy_engagement,Self-Efficacy: Student Engagement,12.3599,3229,TCHWGT,BTGISRT2.sav,PISA,2015,2
TALIS,2013,ISR,SEENGS,self_efficacy_engagement,Self-Efficacy: Student Engagement,12.3599,3229,TCHWGT,BTGISRT2.sav,TIMSS,2015,2
TALIS,2013,ISR,TCDISCS,disciplinary_climate,Disciplinary Climate,11.2287,2661,TCHWGT,BTGISRT2.sav,PISA,2015,2
TALIS,2013,ISR,TCDISCS,disciplinary_climate,Disciplinary Climate,11.2287,2661,TCHWGT,BTGISRT2.sav,TIMSS,2015,2
TALIS,2013,ISR,TCCOLLS,prof_collaboration,Professional Collaboration,8.5114,3242,TCHWGT,BTGISRT2.sav,PISA,2015,2
TALIS,2013,ISR,TCCOLLS,prof_collaboration,Professional Collaboration,8.5114,3242,TCHWGT,BTGISRT2.sav,TIMSS,2015,2
TALIS,2013,ISR,TJSENVS,job_sat_environment,Job Satisfaction: Work Environment,12.6968,3225,TCHWGT,BTGISRT2.sav,PISA,2015,2
TALIS,2013,ISR,TJSENVS,job_sat_environment,Job Satisfaction: Work Environment,12.6968,3225,TCHWGT,BTGISRT2.sav,TIMSS,2015,2
TALIS,2013,ISR,TJSPROS,job_sat_profession,Job Satisfaction: Profession,12.3366,3225,TCHWGT,BTGISRT2.sav,PISA,2015,2
TALIS,2013,ISR,TJSPROS,job_sat_profession,Job Satisfaction: Profession,12.3366,3225,TCHWGT,BTGISRT2.sav,TIMSS,2015,2
TALIS,2013,ISR,TEFFPROS,effective_pd,Effective Professional Development,8.6028,2794,TCHWGT,BTGISRT2.sav,PISA,2015,2
TALIS,2013,ISR,TEFFPROS,effective_pd,Effective Professional Development,8.6028,2794,TCHWGT,BTGISRT2.sav,TIMSS,2015,2
TALIS,2013,ITA,SECLSS,self_efficacy_cls_mgmt,Self-Efficacy: Classroom Management,13.2181,3270,TCHWGT,BTGITAT2.sav,PISA,2015,2
TALIS,2013,ITA,SECLSS,self_efficacy_cls_mgmt,Self-Efficacy: Classroom Management,13.2181,3270,TCHWGT,BTGITAT2.sav,TIMSS,2015,2
TALIS,2013,ITA,SEINSS,self_efficacy_instruction,Self-Efficacy: Instruction,13.1019,3270,TCHWGT,BTGITAT2.sav,PISA,2015,2
TALIS,2013,ITA,SEINSS,self_efficacy_instruction,Self-Efficacy: Instruction,13.1019,3270,TCHWGT,BTGITAT2.sav,TIMSS,2015,2
TALIS,2013,ITA,SEENGS,self_efficacy_engagement,Self-Efficacy: Student Engagement,12.8865,3270,TCHWGT,BTGITAT2.sav,PISA,2015,2
TALIS,2013,ITA,SEENGS,self_efficacy_engagement,Self-Efficacy: Student Engagement,12.8865,3270,TCHWGT,BTGITAT2.sav,TIMSS,2015,2
TALIS,2013,ITA,TCDISCS,disciplinary_climate,Disciplinary Climate,11.5415,2663,TCHWGT,BTGITAT2.sav,PISA,2015,2
TALIS,2013,ITA,TCDISCS,disciplinary_climate,Disciplinary Climate,11.5415,2663,TCHWGT,BTGITAT2.sav,TIMSS,2015,2
TALIS,2013,ITA,TCCOLLS,prof_collaboration,Professional Collaboration,8.7028,3279,TCHWGT,BTGITAT2.sav,PISA,2015,2
TALIS,2013,ITA,TCCOLLS,prof_collaboration,Professional Collaboration,8.7028,3279,TCHWGT,BTGITAT2.sav,TIMSS,2015,2
TALIS,2013,ITA,TJSENVS,job_sat_environment,Job Satisfaction: Work Environment,12.0827,3271,TCHWGT,BTGITAT2.sav,PISA,2015,2
TALIS,2013,ITA,TJSENVS,job_sat_environment,Job Satisfaction: Work Environment,12.0827,3271,TCHWGT,BTGITAT2.sav,TIMSS,2015,2
TALIS,2013,ITA,TJSPROS,job_sat_profession,Job Satisfaction: Profession,12.2217,3271,TCHWGT,BTGITAT2.sav,PISA,2015,2
TALIS,2013,ITA,TJSPROS,job_sat_profession,Job Satisfaction: Profession,12.2217,3271,TCHWGT,BTGITAT2.sav,TIMSS,2015,2
TALIS,2013,ITA,TEFFPROS,effective_pd,Effective Professional Development,8.6028,2357,TCHWGT,BTGITAT2.sav,PISA,2015,2
TALIS,2013,ITA,TEFFPROS,effective_pd,Effective Professional Development,8.6028,2357,TCHWGT,BTGITAT2.sav,TIMSS,2015,2
TALIS,2013,KOR,SECLSS,self_efficacy_cls_mgmt,Self-Efficacy: Classroom Management,11.4217,2825,TCHWGT,BTGKORT2.sav,PISA,2015,2
TALIS,2013,KOR,SECLSS,self_efficacy_cls_mgmt,Self-Efficacy: Classroom Management,11.4217,2825,TCHWGT,BTGKORT2.sav,TIMSS,2015,2
TALIS,2013,KOR,SEINSS,self_efficacy_instruction,Self-Efficacy: Instruction,10.9662,2825,TCHWGT,BTGKORT2.sav,PISA,2015,2
TALIS,2013,KOR,SEINSS,self_efficacy_instruction,Self-Efficacy: Instruction,10.9662,2825,TCHWGT,BTGKORT2.sav,TIMSS,2015,2
TALIS,2013,KOR,SEENGS,self_efficacy_engagement,Self-Efficacy: Student Engagement,11.0391,2825,TCHWGT,BTGKORT2.sav,PISA,2015,2
TALIS,2013,KOR,SEENGS,self_efficacy_engagement,Self-Efficacy: Student Engagement,11.0391,2825,TCHWGT,BTGKORT2.sav,TIMSS,2015,2
TALIS,2013,KOR,TCDISCS,disciplinary_climate,Disciplinary Climate,10.8344,2369,TCHWGT,BTGKORT2.sav,PISA,2015,2
TALIS,2013,KOR,TCDISCS,disciplinary_climate,Disciplinary Climate,10.8344,2369,TCHWGT,BTGKORT2.sav,TIMSS,2015,2
TALIS,2013,KOR,TCCOLLS,prof_collaboration,Professional Collaboration,7.4756,2823,TCHWGT,BTGKORT2.sav,PISA,2015,2
TALIS,2013,KOR,TCCOLLS,prof_collaboration,Professional Collaboration,7.4756,2823,TCHWGT,BTGKORT2.sav,TIMSS,2015,2
TALIS,2013,KOR,TJSENVS,job_sat_environment,Job Satisfaction: Work Environment,10.7942,2819,TCHWGT,BTGKORT2.sav,PISA,2015,2
TALIS,2013,KOR,TJSENVS,job_sat_environment,Job Satisfaction: Work Environment,10.7942,2819,TCHWGT,BTGKORT2.sav,TIMSS,2015,2
TALIS,2013,KOR,TJSPROS,job_sat_profession,Job Satisfaction: Profession,11.0893,2819,TCHWGT,BTGKORT2.sav,PISA,2015,2
TALIS,2013,KOR,TJSPROS,job_sat_profession,Job Satisfaction: Profession,11.0893,2819,TCHWGT,BTGKORT2.sav,TIMSS,2015,2
TALIS,2013,KOR,TEFFPROS,effective_pd,Effective Professional Development,8.0427,2554,TCHWGT,BTGKORT2.sav,PISA,2015,2
TALIS,2013,KOR,TEFFPROS,effective_pd,Effective Professional Development,8.0427,2554,TCHWGT,BTGKORT2.sav,TIMSS,2015,2
TALIS,2013,LVA,SECLSS,self_efficacy_cls_mgmt,Self-Efficacy: Classroom Management,12.514,2084,TCHWGT,BTGLVAT2.sav,PISA,2015,2
TALIS,2013,LVA,SECLSS,self_efficacy_cls_mgmt,Self-Efficacy: Classroom Management,12.514,2084,TCHWGT,BTGLVAT2.sav,TIMSS,2015,2
TALIS,2013,LVA,SEINSS,self_efficacy_instruction,Self-Efficacy: Instruction,12.1291,2084,TCHWGT,BTGLVAT2.sav,PISA,2015,2
TALIS,2013,LVA,SEINSS,self_efficacy_instruction,Self-Efficacy: Instruction,12.1291,2084,TCHWGT,BTGLVAT2.sav,TIMSS,2015,2
TALIS,2013,LVA,SEENGS,self_efficacy_engagement,Self-Efficacy: Student Engagement,11.5688,2084,TCHWGT,BTGLVAT2.sav,PISA,2015,2
TALIS,2013,LVA,SEENGS,self_efficacy_engagement,Self-Efficacy: Student Engagement,11.5688,2084,TCHWGT,BTGLVAT2.sav,TIMSS,2015,2
TALIS,2013,LVA,TCDISCS,disciplinary_climate,Disciplinary Climate,11.1041,1924,TCHWGT,BTGLVAT2.sav,PISA,2015,2
TALIS,2013,LVA,TCDISCS,disciplinary_climate,Disciplinary Climate,11.1041,1924,TCHWGT,BTGLVAT2.sav,TIMSS,2015,2
TALIS,2013,LVA,TCCOLLS,prof_collaboration,Professional Collaboration,8.8682,2083,TCHWGT,BTGLVAT2.sav,PISA,2015,2
TALIS,2013,LVA,TCCOLLS,prof_collaboration,Professional Collaboration,8.8682,2083,TCHWGT,BTGLVAT2.sav,TIMSS,2015,2
TALIS,2013,LVA,TJSENVS,job_sat_environment,Job Satisfaction: Work Environment,11.9239,2088,TCHWGT,BTGLVAT2.sav,PISA,2015,2
TALIS,2013,LVA,TJSENVS,job_sat_environment,Job Satisfaction: Work Environment,11.9239,2088,TCHWGT,BTGLVAT2.sav,TIMSS,2015,2
TALIS,2013,LVA,TJSPROS,job_sat_profession,Job Satisfaction: Profession,11.0051,2088,TCHWGT,BTGLVAT2.sav,PISA,2015,2
TALIS,2013,LVA,TJSPROS,job_sat_profession,Job Satisfaction: Profession,11.0051,2088,TCHWGT,BTGLVAT2.sav,TIMSS,2015,2
TALIS,2013,LVA,TEFFPROS,effective_pd,Effective Professional Development,9.3997,1964,TCHWGT,BTGLVAT2.sav,PISA,2015,2
TALIS,2013,LVA,TEFFPROS,effective_pd,Effective Professional Development,9.3997,1964,TCHWGT,BTGLVAT2.sav,TIMSS,2015,2
TALIS,2013,MEX,SECLSS,self_efficacy_cls_mgmt,Self-Efficacy: Classroom Management,12.5241,3112,TCHWGT,BTGMEXT2.sav,PISA,2015,2
TALIS,2013,MEX,SECLSS,self_efficacy_cls_mgmt,Self-Efficacy: Classroom Management,12.5241,3112,TCHWGT,BTGMEXT2.sav,TIMSS,2015,2
TALIS,2013,MEX,SEINSS,self_efficacy_instruction,Self-Efficacy: Instruction,12.6918,3112,TCHWGT,BTGMEXT2.sav,PISA,2015,2
TALIS,2013,MEX,SEINSS,self_efficacy_instruction,Self-Efficacy: Instruction,12.6918,3112,TCHWGT,BTGMEXT2.sav,TIMSS,2015,2
TALIS,2013,MEX,SEENGS,self_efficacy_engagement,Self-Efficacy: Student Engagement,12.6974,3112,TCHWGT,BTGMEXT2.sav,PISA,2015,2
TALIS,2013,MEX,SEENGS,self_efficacy_engagement,Self-Efficacy: Student Engagement,12.6974,3112,TCHWGT,BTGMEXT2.sav,TIMSS,2015,2
TALIS,2013,MEX,TCDISCS,disciplinary_climate,Disciplinary Climate,11.4875,2749,TCHWGT,BTGMEXT2.sav,PISA,2015,2
TALIS,2013,MEX,TCDISCS,disciplinary_climate,Disciplinary Climate,11.4875,2749,TCHWGT,BTGMEXT2.sav,TIMSS,2015,2
TALIS,2013,MEX,TCCOLLS,prof_collaboration,Professional Collaboration,9.9696,3109,TCHWGT,BTGMEXT2.sav,PISA,2015,2
TALIS,2013,MEX,TCCOLLS,prof_collaboration,Professional Collaboration,9.9696,3109,TCHWGT,BTGMEXT2.sav,TIMSS,2015,2
TALIS,2013,MEX,TJSENVS,job_sat_environment,Job Satisfaction: Work Environment,13.1891,3098,TCHWGT,BTGMEXT2.sav,PISA,2015,2
TALIS,2013,MEX,TJSENVS,job_sat_environment,Job Satisfaction: Work Environment,13.1891,3098,TCHWGT,BTGMEXT2.sav,TIMSS,2015,2
TALIS,2013,MEX,TJSPROS,job_sat_profession,Job Satisfaction: Profession,13.4603,3098,TCHWGT,BTGMEXT2.sav,PISA,2015,2
TALIS,2013,MEX,TJSPROS,job_sat_profession,Job Satisfaction: Profession,13.4603,3098,TCHWGT,BTGMEXT2.sav,TIMSS,2015,2
TALIS,2013,MEX,TEFFPROS,effective_pd,Effective Professional Development,9.304,2532,TCHWGT,BTGMEXT2.sav,PISA,2015,2
TALIS,2013,MEX,TEFFPROS,effective_pd,Effective Professional Development,9.304,2532,TCHWGT,BTGMEXT2.sav,TIMSS,2015,2
TALIS,2013,NLD,SECLSS,self_efficacy_cls_mgmt,Self-Efficacy: Classroom Management,12.7159,1788,TCHWGT,BTGNLDT2.sav,PISA,2015,2
TALIS,2013,NLD,SECLSS,self_efficacy_cls_mgmt,Self-Efficacy: Classroom Management,12.7159,1788,TCHWGT,BTGNLDT2.sav,TIMSS,2015,2
TALIS,2013,NLD,SEINSS,self_efficacy_instruction,Self-Efficacy: Instruction,11.6889,1788,TCHWGT,BTGNLDT2.sav,PISA,2015,2
TALIS,2013,NLD,SEINSS,self_efficacy_instruction,Self-Efficacy: Instruction,11.6889,1788,TCHWGT,BTGNLDT2.sav,TIMSS,2015,2
TALIS,2013,NLD,SEENGS,self_efficacy_engagement,Self-Efficacy: Student Engagement,11.3198,1788,TCHWGT,BTGNLDT2.sav,PISA,2015,2
TALIS,2013,NLD,SEENGS,self_efficacy_engagement,Self-Efficacy: Student Engagement,11.3198,1788,TCHWGT,BTGNLDT2.sav,TIMSS,2015,2
TALIS,2013,NLD,TCDISCS,disciplinary_climate,Disciplinary Climate,10.724,1508,TCHWGT,BTGNLDT2.sav,PISA,2015,2
TALIS,2013,NLD,TCDISCS,disciplinary_climate,Disciplinary Climate,10.724,1508,TCHWGT,BTGNLDT2.sav,TIMSS,2015,2
TALIS,2013,NLD,TCCOLLS,prof_collaboration,Professional Collaboration,8.5939,1792,TCHWGT,BTGNLDT2.sav,PISA,2015,2
TALIS,2013,NLD,TCCOLLS,prof_collaboration,Professional Collaboration,8.5939,1792,TCHWGT,BTGNLDT2.sav,TIMSS,2015,2
TALIS,2013,NLD,TJSENVS,job_sat_environment,Job Satisfaction: Work Environment,12.1909,1778,TCHWGT,BTGNLDT2.sav,PISA,2015,2
TALIS,2013,NLD,TJSENVS,job_sat_environment,Job Satisfaction: Work Environment,12.1909,1778,TCHWGT,BTGNLDT2.sav,TIMSS,2015,2
TALIS,2013,NLD,TJSPROS,job_sat_profession,Job Satisfaction: Profession,12.25,1778,TCHWGT,BTGNLDT2.sav,PISA,2015,2
TALIS,2013,NLD,TJSPROS,job_sat_profession,Job Satisfaction: Profession,12.25,1778,TCHWGT,BTGNLDT2.sav,TIMSS,2015,2
TALIS,2013,NLD,TEFFPROS,effective_pd,Effective Professional Development,9.2492,1607,TCHWGT,BTGNLDT2.sav,PISA,2015,2
TALIS,2013,NLD,TEFFPROS,effective_pd,Effective Professional Development,9.2492,1607,TCHWGT,BTGNLDT2.sav,TIMSS,2015,2
TALIS,2013,NOR,SECLSS,self_efficacy_cls_mgmt,Self-Efficacy: Classroom Management,12.1775,2790,TCHWGT,BTGNORT2.sav,PISA,2015,2
TALIS,2013,NOR,SECLSS,self_efficacy_cls_mgmt,Self-Efficacy: Classroom Management,12.1775,2790,TCHWGT,BTGNORT2.sav,TIMSS,2015,2
TALIS,2013,NOR,SEINSS,self_efficacy_instruction,Self-Efficacy: Instruction,11.316,2790,TCHWGT,BTGNORT2.sav,PISA,2015,2
TALIS,2013,NOR,SEINSS,self_efficacy_instruction,Self-Efficacy: Instruction,11.316,2790,TCHWGT,BTGNORT2.sav,TIMSS,2015,2
TALIS,2013,NOR,SEENGS,self_efficacy_engagement,Self-Efficacy: Student Engagement,10.4371,2790,TCHWGT,BTGNORT2.sav,PISA,2015,2
TALIS,2013,NOR,SEENGS,self_efficacy_engagement,Self-Efficacy: Student Engagement,10.4371,2790,TCHWGT,BTGNORT2.sav,TIMSS,2015,2
TALIS,2013,NOR,TCDISCS,disciplinary_climate,Disciplinary Climate,11.079,2312,TCHWGT,BTGNORT2.sav,PISA,2015,2
TALIS,2013,NOR,TCDISCS,disciplinary_climate,Disciplinary Climate,11.079,2312,TCHWGT,BTGNORT2.sav,TIMSS,2015,2
TALIS,2013,NOR,TCCOLLS,prof_collaboration,Professional Collaboration,8.3106,2788,TCHWGT,BTGNORT2.sav,PISA,2015,2
TALIS,2013,NOR,TCCOLLS,prof_collaboration,Professional Collaboration,8.3106,2788,TCHWGT,BTGNORT2.sav,TIMSS,2015,2
TALIS,2013,NOR,TJSENVS,job_sat_environment,Job Satisfaction: Work Environment,12.6652,2774,TCHWGT,BTGNORT2.sav,PISA,2015,2
TALIS,2013,NOR,TJSENVS,job_sat_environment,Job Satisfaction: Work Environment,12.6652,2774,TCHWGT,BTGNORT2.sav,TIMSS,2015,2
TALIS,2013,NOR,TJSPROS,job_sat_profession,Job Satisfaction: Profession,11.7781,2774,TCHWGT,BTGNORT2.sav,PISA,2015,2
TALIS,2013,NOR,TJSPROS,job_sat_profession,Job Satisfaction: Profession,11.7781,2774,TCHWGT,BTGNORT2.sav,TIMSS,2015,2
TALIS,2013,NOR,TEFFPROS,effective_pd,Effective Professional Development,7.6328,2346,TCHWGT,BTGNORT2.sav,PISA,2015,2
TALIS,2013,NOR,TEFFPROS,effective_pd,Effective Professional Development,7.6328,2346,TCHWGT,BTGNORT2.sav,TIMSS,2015,2
TALIS,2013,NZL,SECLSS,self_efficacy_cls_mgmt,Self-Efficacy: Classroom Management,13.0726,2822,TCHWGT,BTGNZLT2.sav,PISA,2015,2
TALIS,2013,NZL,SECLSS,self_efficacy_cls_mgmt,Self-Efficacy: Classroom Management,13.0726,2822,TCHWGT,BTGNZLT2.sav,TIMSS,2015,2
TALIS,2013,NZL,SEINSS,self_efficacy_instruction,Self-Efficacy: Instruction,12.6746,2822,TCHWGT,BTGNZLT2.sav,PISA,2015,2
TALIS,2013,NZL,SEINSS,self_efficacy_instruction,Self-Efficacy: Instruction,12.6746,2822,TCHWGT,BTGNZLT2.sav,TIMSS,2015,2
TALIS,2013,NZL,SEENGS,self_efficacy_engagement,Self-Efficacy: Student Engagement,12.362,2822,TCHWGT,BTGNZLT2.sav,PISA,2015,2
TALIS,2013,NZL,SEENGS,self_efficacy_engagement,Self-Efficacy: Student Engagement,12.362,2822,TCHWGT,BTGNZLT2.sav,TIMSS,2015,2
TALIS,2013,NZL,TCDISCS,disciplinary_climate,Disciplinary Climate,11.497,2633,TCHWGT,BTGNZLT2.sav,PISA,2015,2
TALIS,2013,NZL,TCDISCS,disciplinary_climate,Disciplinary Climate,11.497,2633,TCHWGT,BTGNZLT2.sav,TIMSS,2015,2
TALIS,2013,NZL,TCCOLLS,prof_collaboration,Professional Collaboration,9.8154,2819,TCHWGT,BTGNZLT2.sav,PISA,2015,2
TALIS,2013,NZL,TCCOLLS,prof_collaboration,Professional Collaboration,9.8154,2819,TCHWGT,BTGNZLT2.sav,TIMSS,2015,2
TALIS,2013,NZL,TJSENVS,job_sat_environment,Job Satisfaction: Work Environment,12.3073,2823,TCHWGT,BTGNZLT2.sav,PISA,2015,2
TALIS,2013,NZL,TJSENVS,job_sat_environment,Job Satisfaction: Work Environment,12.3073,2823,TCHWGT,BTGNZLT2.sav,TIMSS,2015,2
TALIS,2013,NZL,TJSPROS,job_sat_profession,Job Satisfaction: Profession,12.2809,2823,TCHWGT,BTGNZLT2.sav,PISA,2015,2
TALIS,2013,NZL,TJSPROS,job_sat_profession,Job Satisfaction: Profession,12.2809,2823,TCHWGT,BTGNZLT2.sav,TIMSS,2015,2
TALIS,2013,NZL,TEFFPROS,effective_pd,Effective Professional Development,9.3599,2548,TCHWGT,BTGNZLT2.sav,PISA,2015,2
TALIS,2013,NZL,TEFFPROS,effective_pd,Effective Professional Development,9.3599,2548,TCHWGT,BTGNZLT2.sav,TIMSS,2015,2
TALIS,2013,PRT,SECLSS,self_efficacy_cls_mgmt,Self-Efficacy: Classroom Management,13.5229,3581,TCHWGT,BTGPRTT2.sav,PISA,2015,2
TALIS,2013,PRT,SECLSS,self_efficacy_cls_mgmt,Self-Efficacy: Classroom Management,13.5229,3581,TCHWGT,BTGPRTT2.sav,TIMSS,2015,2
TALIS,2013,PRT,SEINSS,self_efficacy_instruction,Self-Efficacy: Instruction,14.1975,3581,TCHWGT,BTGPRTT2.sav,PISA,2015,2
TALIS,2013,PRT,SEINSS,self_efficacy_instruction,Self-Efficacy: Instruction,14.1975,3581,TCHWGT,BTGPRTT2.sav,TIMSS,2015,2
TALIS,2013,PRT,SEENGS,self_efficacy_engagement,Self-Efficacy: Student Engagement,13.6115,3581,TCHWGT,BTGPRTT2.sav,PISA,2015,2
TALIS,2013,PRT,SEENGS,self_efficacy_engagement,Self-Efficacy: Student Engagement,13.6115,3581,TCHWGT,BTGPRTT2.sav,TIMSS,2015,2
TALIS,2013,PRT,TCDISCS,disciplinary_climate,Disciplinary Climate,10.5547,3429,TCHWGT,BTGPRTT2.sav,PISA,2015,2
TALIS,2013,PRT,TCDISCS,disciplinary_climate,Disciplinary Climate,10.5547,3429,TCHWGT,BTGPRTT2.sav,TIMSS,2015,2
TALIS,2013,PRT,TCCOLLS,prof_collaboration,Professional Collaboration,7.7856,3594,TCHWGT,BTGPRTT2.sav,PISA,2015,2
TALIS,2013,PRT,TCCOLLS,prof_collaboration,Professional Collaboration,7.7856,3594,TCHWGT,BTGPRTT2.sav,TIMSS,2015,2
TALIS,2013,PRT,TJSENVS,job_sat_environment,Job Satisfaction: Work Environment,12.4532,3583,TCHWGT,BTGPRTT2.sav,PISA,2015,2
TALIS,2013,PRT,TJSENVS,job_sat_environment,Job Satisfaction: Work Environment,12.4532,3583,TCHWGT,BTGPRTT2.sav,TIMSS,2015,2
TALIS,2013,PRT,TJSPROS,job_sat_profession,Job Satisfaction: Profession,11.2521,3583,TCHWGT,BTGPRTT2.sav,PISA,2015,2
TALIS,2013,PRT,TJSPROS,job_sat_profession,Job Satisfaction: Profession,11.2521,3583,TCHWGT,BTGPRTT2.sav,TIMSS,2015,2
TALIS,2013,PRT,TEFFPROS,effective_pd,Effective Professional Development,9.0479,2728,TCHWGT,BTGPRTT2.sav,PISA,2015,2
TALIS,2013,PRT,TEFFPROS,effective_pd,Effective Professional Development,9.0479,2728,TCHWGT,BTGPRTT2.sav,TIMSS,2015,2
TALIS,2013,RUS,SECLSS,self_efficacy_cls_mgmt,Self-Efficacy: Classroom Management,13.5213,3893,TCHWGT,BTGRUST2.sav,PISA,2015,2
TALIS,2013,RUS,SECLSS,self_efficacy_cls_mgmt,Self-Efficacy: Classroom Management,13.5213,3893,TCHWGT,BTGRUST2.sav,TIMSS,2015,2
TALIS,2013,RUS,SEINSS,self_efficacy_instruction,Self-Efficacy: Instruction,13.6045,3893,TCHWGT,BTGRUST2.sav,PISA,2015,2
TALIS,2013,RUS,SEINSS,self_efficacy_instruction,Self-Efficacy: Instruction,13.6045,3893,TCHWGT,BTGRUST2.sav,TIMSS,2015,2
TALIS,2013,RUS,SEENGS,self_efficacy_engagement,Self-Efficacy: Student Engagement,12.6974,3893,TCHWGT,BTGRUST2.sav,PISA,2015,2
TALIS,2013,RUS,SEENGS,self_efficacy_engagement,Self-Efficacy: Student Engagement,12.6974,3893,TCHWGT,BTGRUST2.sav,TIMSS,2015,2
TALIS,2013,RUS,TCDISCS,disciplinary_climate,Disciplinary Climate,11.8336,3369,TCHWGT,BTGRUST2.sav,PISA,2015,2
TALIS,2013,RUS,TCDISCS,disciplinary_climate,Disciplinary Climate,11.8336,3369,TCHWGT,BTGRUST2.sav,TIMSS,2015,2
TALIS,2013,RUS,TCCOLLS,prof_collaboration,Professional Collaboration,9.1175,3897,TCHWGT,BTGRUST2.sav,PISA,2015,2
TALIS,2013,RUS,TCCOLLS,prof_collaboration,Professional Collaboration,9.1175,3897,TCHWGT,BTGRUST2.sav,TIMSS,2015,2
TALIS,2013,RUS,TJSENVS,job_sat_environment,Job Satisfaction: Work Environment,12.0241,3883,TCHWGT,BTGRUST2.sav,PISA,2015,2
TALIS,2013,RUS,TJSENVS,job_sat_environment,Job Satisfaction: Work Environment,12.0241,3883,TCHWGT,BTGRUST2.sav,TIMSS,2015,2
TALIS,2013,RUS,TJSPROS,job_sat_profession,Job Satisfaction: Profession,11.7239,3883,TCHWGT,BTGRUST2.sav,PISA,2015,2
TALIS,2013,RUS,TJSPROS,job_sat_profession,Job Satisfaction: Profession,11.7239,3883,TCHWGT,BTGRUST2.sav,TIMSS,2015,2
TALIS,2013,RUS,TEFFPROS,effective_pd,Effective Professional Development,9.3378,3677,TCHWGT,BTGRUST2.sav,PISA,2015,2
TALIS,2013,RUS,TEFFPROS,effective_pd,Effective Professional Development,9.3378,3677,TCHWGT,BTGRUST2.sav,TIMSS,2015,2
TALIS,2013,SGP,SECLSS,self_efficacy_cls_mgmt,Self-Efficacy: Classroom Management,12.2948,3095,TCHWGT,BTGSGPT2.sav,PISA,2015,2
TALIS,2013,SGP,SECLSS,self_efficacy_cls_mgmt,Self-Efficacy: Classroom Management,12.2948,3095,TCHWGT,BTGSGPT2.sav,TIMSS,2015,2
TALIS,2013,SGP,SEINSS,self_efficacy_instruction,Self-Efficacy: Instruction,11.8615,3095,TCHWGT,BTGSGPT2.sav,PISA,2015,2
TALIS,2013,SGP,SEINSS,self_efficacy_instruction,Self-Efficacy: Instruction,11.8615,3095,TCHWGT,BTGSGPT2.sav,TIMSS,2015,2
TALIS,2013,SGP,SEENGS,self_efficacy_engagement,Self-Efficacy: Student Engagement,12.0046,3095,TCHWGT,BTGSGPT2.sav,PISA,2015,2
TALIS,2013,SGP,SEENGS,self_efficacy_engagement,Self-Efficacy: Student Engagement,12.0046,3095,TCHWGT,BTGSGPT2.sav,TIMSS,2015,2
TALIS,2013,SGP,TCDISCS,disciplinary_climate,Disciplinary Climate,10.4757,2884,TCHWGT,BTGSGPT2.sav,PISA,2015,2
TALIS,2013,SGP,TCDISCS,disciplinary_climate,Disciplinary Climate,10.4757,2884,TCHWGT,BTGSGPT2.sav,TIMSS,2015,2
TALIS,2013,SGP,TCCOLLS,prof_collaboration,Professional Collaboration,9.8056,3098,TCHWGT,BTGSGPT2.sav,PISA,2015,2
TALIS,2013,SGP,TCCOLLS,prof_collaboration,Professional Collaboration,9.8056,3098,TCHWGT,BTGSGPT2.sav,TIMSS,2015,2
TALIS,2013,SGP,TJSENVS,job_sat_environment,Job Satisfaction: Work Environment,11.1393,3095,TCHWGT,BTGSGPT2.sav,PISA,2015,2
TALIS,2013,SGP,TJSENVS,job_sat_environment,Job Satisfaction: Work Environment,11.1393,3095,TCHWGT,BTGSGPT2.sav,TIMSS,2015,2
TALIS,2013,SGP,TJSPROS,job_sat_profession,Job Satisfaction: Profession,11.4666,3095,TCHWGT,BTGSGPT2.sav,PISA,2015,2
TALIS,2013,SGP,TJSPROS,job_sat_profession,Job Satisfaction: Profession,11.4666,3095,TCHWGT,BTGSGPT2.sav,TIMSS,2015,2
TALIS,2013,SGP,TEFFPROS,effective_pd,Effective Professional Development,9.1502,3017,TCHWGT,BTGSGPT2.sav,PISA,2015,2
TALIS,2013,SGP,TEFFPROS,effective_pd,Effective Professional Development,9.1502,3017,TCHWGT,BTGSGPT2.sav,TIMSS,2015,2
TALIS,2013,SRB,SECLSS,self_efficacy_cls_mgmt,Self-Efficacy: Classroom Management,12.7692,3819,TCHWGT,BTGSRBT2.sav,PISA,2015,2
TALIS,2013,SRB,SECLSS,self_efficacy_cls_mgmt,Self-Efficacy: Classroom Management,12.7692,3819,TCHWGT,BTGSRBT2.sav,TIMSS,2015,2
TALIS,2013,SRB,SEINSS,self_efficacy_instruction,Self-Efficacy: Instruction,12.3865,3819,TCHWGT,BTGSRBT2.sav,PISA,2015,2
TALIS,2013,SRB,SEINSS,self_efficacy_instruction,Self-Efficacy: Instruction,12.3865,3819,TCHWGT,BTGSRBT2.sav,TIMSS,2015,2
TALIS,2013,SRB,SEENGS,self_efficacy_engagement,Self-Efficacy: Student Engagement,11.5177,3819,TCHWGT,BTGSRBT2.sav,PISA,2015,2
TALIS,2013,SRB,SEENGS,self_efficacy_engagement,Self-Efficacy: Student Engagement,11.5177,3819,TCHWGT,BTGSRBT2.sav,TIMSS,2015,2
TALIS,2013,SRB,TCDISCS,disciplinary_climate,Disciplinary Climate,11.6843,3550,TCHWGT,BTGSRBT2.sav,PISA,2015,2
TALIS,2013,SRB,TCDISCS,disciplinary_climate,Disciplinary Climate,11.6843,3550,TCHWGT,BTGSRBT2.sav,TIMSS,2015,2
TALIS,2013,SRB,TCCOLLS,prof_collaboration,Professional Collaboration,8.8837,3819,TCHWGT,BTGSRBT2.sav,PISA,2015,2
TALIS,2013,SRB,TCCOLLS,prof_collaboration,Professional Collaboration,8.8837,3819,TCHWGT,BTGSRBT2.sav,TIMSS,2015,2
TALIS,2013,SRB,TJSENVS,job_sat_environment,Job Satisfaction: Work Environment,11.9858,3818,TCHWGT,BTGSRBT2.sav,PISA,2015,2
TALIS,2013,SRB,TJSENVS,job_sat_environment,Job Satisfaction: Work Environment,11.9858,3818,TCHWGT,BTGSRBT2.sav,TIMSS,2015,2
TALIS,2013,SRB,TJSPROS,job_sat_profession,Job Satisfaction: Profession,12.1284,3818,TCHWGT,BTGSRBT2.sav,PISA,2015,2
TALIS,2013,SRB,TJSPROS,job_sat_profession,Job Satisfaction: Profession,12.1284,3818,TCHWGT,BTGSRBT2.sav,TIMSS,2015,2
TALIS,2013,SRB,TEFFPROS,effective_pd,Effective Professional Development,8.4775,2902,TCHWGT,BTGSRBT2.sav,PISA,2015,2
TALIS,2013,SRB,TEFFPROS,effective_pd,Effective Professional Development,8.4775,2902,TCHWGT,BTGSRBT2.sav,TIMSS,2015,2
TALIS,2013,SVK,SECLSS,self_efficacy_cls_mgmt,Self-Efficacy: Classroom Management,13.1822,3454,TCHWGT,BTGSVKT2.sav,PISA,2015,2
TALIS,2013,SVK,SECLSS,self_efficacy_cls_mgmt,Self-Efficacy: Classroom Management,13.1822,3454,TCHWGT,BTGSVKT2.sav,TIMSS,2015,2
TALIS,2013,SVK,SEINSS,self_efficacy_instruction,Self-Efficacy: Instruction,12.5852,3454,TCHWGT,BTGSVKT2.sav,PISA,2015,2
TALIS,2013,SVK,SEINSS,self_efficacy_instruction,Self-Efficacy: Instruction,12.5852,3454,TCHWGT,BTGSVKT2.sav,TIMSS,2015,2
TALIS,2013,SVK,SEENGS,self_efficacy_engagement,Self-Efficacy: Student Engagement,12.4494,3454,TCHWGT,BTGSVKT2.sav,PISA,2015,2
TALIS,2013,SVK,SEENGS,self_efficacy_engagement,Self-Efficacy: Student Engagement,12.4494,3454,TCHWGT,BTGSVKT2.sav,TIMSS,2015,2
TALIS,2013,SVK,TCDISCS,disciplinary_climate,Disciplinary Climate,10.715,3031,TCHWGT,BTGSVKT2.sav,PISA,2015,2
TALIS,2013,SVK,TCDISCS,disciplinary_climate,Disciplinary Climate,10.715,3031,TCHWGT,BTGSVKT2.sav,TIMSS,2015,2
TALIS,2013,SVK,TCCOLLS,prof_collaboration,Professional Collaboration,9.4437,3461,TCHWGT,BTGSVKT2.sav,PISA,2015,2
TALIS,2013,SVK,TCCOLLS,prof_collaboration,Professional Collaboration,9.4437,3461,TCHWGT,BTGSVKT2.sav,TIMSS,2015,2
TALIS,2013,SVK,TJSENVS,job_sat_environment,Job Satisfaction: Work Environment,11.6365,3454,TCHWGT,BTGSVKT2.sav,PISA,2015,2
TALIS,2013,SVK,TJSENVS,job_sat_environment,Job Satisfaction: Work Environment,11.6365,3454,TCHWGT,BTGSVKT2.sav,TIMSS,2015,2
TALIS,2013,SVK,TJSPROS,job_sat_profession,Job Satisfaction: Profession,10.8109,3454,TCHWGT,BTGSVKT2.sav,PISA,2015,2
TALIS,2013,SVK,TJSPROS,job_sat_profession,Job Satisfaction: Profession,10.8109,3454,TCHWGT,BTGSVKT2.sav,TIMSS,2015,2
TALIS,2013,SVK,TEFFPROS,effective_pd,Effective Professional Development,8.1371,2453,TCHWGT,BTGSVKT2.sav,PISA,2015,2
TALIS,2013,SVK,TEFFPROS,effective_pd,Effective Professional Development,8.1371,2453,TCHWGT,BTGSVKT2.sav,TIMSS,2015,2
TALIS,2013,SWE,SECLSS,self_efficacy_cls_mgmt,Self-Efficacy: Classroom Management,12.5574,3160,TCHWGT,BTGSWET2.sav,PISA,2015,2
TALIS,2013,SWE,SECLSS,self_efficacy_cls_mgmt,Self-Efficacy: Classroom Management,12.5574,3160,TCHWGT,BTGSWET2.sav,TIMSS,2015,2
TALIS,2013,SWE,SEINSS,self_efficacy_instruction,Self-Efficacy: Instruction,12.3454,3160,TCHWGT,BTGSWET2.sav,PISA,2015,2
TALIS,2013,SWE,SEINSS,self_efficacy_instruction,Self-Efficacy: Instruction,12.3454,3160,TCHWGT,BTGSWET2.sav,TIMSS,2015,2
TALIS,2013,SWE,SEENGS,self_efficacy_engagement,Self-Efficacy: Student Engagement,11.7098,3160,TCHWGT,BTGSWET2.sav,PISA,2015,2
TALIS,2013,SWE,SEENGS,self_efficacy_engagement,Self-Efficacy: Student Engagement,11.7098,3160,TCHWGT,BTGSWET2.sav,TIMSS,2015,2
TALIS,2013,SWE,TCDISCS,disciplinary_climate,Disciplinary Climate,11.0654,2355,TCHWGT,BTGSWET2.sav,PISA,2015,2
TALIS,2013,SWE,TCDISCS,disciplinary_climate,Disciplinary Climate,11.0654,2355,TCHWGT,BTGSWET2.sav,TIMSS,2015,2
TALIS,2013,SWE,TCCOLLS,prof_collaboration,Professional Collaboration,9.0327,3172,TCHWGT,BTGSWET2.sav,PISA,2015,2
TALIS,2013,SWE,TCCOLLS,prof_collaboration,Professional Collaboration,9.0327,3172,TCHWGT,BTGSWET2.sav,TIMSS,2015,2
TALIS,2013,SWE,TJSENVS,job_sat_environment,Job Satisfaction: Work Environment,12.1395,3155,TCHWGT,BTGSWET2.sav,PISA,2015,2
TALIS,2013,SWE,TJSENVS,job_sat_environment,Job Satisfaction: Work Environment,12.1395,3155,TCHWGT,BTGSWET2.sav,TIMSS,2015,2
TALIS,2013,SWE,TJSPROS,job_sat_profession,Job Satisfaction: Profession,10.7058,3155,TCHWGT,BTGSWET2.sav,PISA,2015,2
TALIS,2013,SWE,TJSPROS,job_sat_profession,Job Satisfaction: Profession,10.7058,3155,TCHWGT,BTGSWET2.sav,TIMSS,2015,2
TALIS,2013,SWE,TEFFPROS,effective_pd,Effective Professional Development,8.382,2580,TCHWGT,BTGSWET2.sav,PISA,2015,2
TALIS,2013,SWE,TEFFPROS,effective_pd,Effective Professional Development,8.382,2580,TCHWGT,BTGSWET2.sav,TIMSS,2015,2
TALIS,2013,USA,SECLSS,self_efficacy_cls_mgmt,Self-Efficacy: Classroom Management,12.9736,1854,TCHWGT,BTGUSAT2.sav,PISA,2015,2
TALIS,2013,USA,SECLSS,self_efficacy_cls_mgmt,Self-Efficacy: Classroom Management,12.9736,1854,TCHWGT,BTGUSAT2.sav,TIMSS,2015,2
TALIS,2013,USA,SEINSS,self_efficacy_instruction,Self-Efficacy: Instruction,12.871,1854,TCHWGT,BTGUSAT2.sav,PISA,2015,2
TALIS,2013,USA,SEINSS,self_efficacy_instruction,Self-Efficacy: Instruction,12.871,1854,TCHWGT,BTGUSAT2.sav,TIMSS,2015,2
TALIS,2013,USA,SEENGS,self_efficacy_engagement,Self-Efficacy: Student Engagement,11.9236,1854,TCHWGT,BTGUSAT2.sav,PISA,2015,2
TALIS,2013,USA,SEENGS,self_efficacy_engagement,Self-Efficacy: Student Engagement,11.9236,1854,TCHWGT,BTGUSAT2.sav,TIMSS,2015,2
TALIS,2013,USA,TCDISCS,disciplinary_climate,Disciplinary Climate,11.1951,1504,TCHWGT,BTGUSAT2.sav,PISA,2015,2
TALIS,2013,USA,TCDISCS,disciplinary_climate,Disciplinary Climate,11.1951,1504,TCHWGT,BTGUSAT2.sav,TIMSS,2015,2
TALIS,2013,USA,TCCOLLS,prof_collaboration,Professional Collaboration,8.0913,1859,TCHWGT,BTGUSAT2.sav,PISA,2015,2
TALIS,2013,USA,TCCOLLS,prof_collaboration,Professional Collaboration,8.0913,1859,TCHWGT,BTGUSAT2.sav,TIMSS,2015,2
TALIS,2013,USA,TJSENVS,job_sat_environment,Job Satisfaction: Work Environment,12.3708,1854,TCHWGT,BTGUSAT2.sav,PISA,2015,2
TALIS,2013,USA,TJSENVS,job_sat_environment,Job Satisfaction: Work Environment,12.3708,1854,TCHWGT,BTGUSAT2.sav,TIMSS,2015,2
TALIS,2013,USA,TJSPROS,job_sat_profession,Job Satisfaction: Profession,12.3338,1854,TCHWGT,BTGUSAT2.sav,PISA,2015,2
TALIS,2013,USA,TJSPROS,job_sat_profession,Job Satisfaction: Profession,12.3338,1854,TCHWGT,BTGUSAT2.sav,TIMSS,2015,2
TALIS,2013,USA,TEFFPROS,effective_pd,Effective Professional Development,9.8179,1771,TCHWGT,BTGUSAT2.sav,PISA,2015,2
TALIS,2013,USA,TEFFPROS,effective_pd,Effective Professional Development,9.8179,1771,TCHWGT,BTGUSAT2.sav,TIMSS,2015,2
TALIS,2018,ARE,T3SECLS,self_efficacy_cls_mgmt,Self-Efficacy: Classroom Management,12.6382,8450,TCHWGT,BTGARET3.sav,PISA,2022,4
TALIS,2018,ARE,T3SECLS,self_efficacy_cls_mgmt,Self-Efficacy: Classroom Management,12.6382,8450,TCHWGT,BTGARET3.sav,TIMSS,2019,1
TALIS,2018,ARE,T3SEINS,self_efficacy_instruction,Self-Efficacy: Instruction,12.596,8452,TCHWGT,BTGARET3.sav,PISA,2022,4
TALIS,2018,ARE,T3SEINS,self_efficacy_instruction,Self-Efficacy: Instruction,12.596,8452,TCHWGT,BTGARET3.sav,TIMSS,2019,1
TALIS,2018,ARE,T3SEENG,self_efficacy_engagement,Self-Efficacy: Student Engagement,11.923,8458,TCHWGT,BTGARET3.sav,PISA,2022,4
TALIS,2018,ARE,T3SEENG,self_efficacy_engagement,Self-Efficacy: Student Engagement,11.923,8458,TCHWGT,BTGARET3.sav,TIMSS,2019,1
TALIS,2018,ARE,T3DISC,disciplinary_climate,Disciplinary Climate,8.7688,6234,TCHWGT,BTGARET3.sav,PISA,2022,4
TALIS,2018,ARE,T3DISC,disciplinary_climate,Disciplinary Climate,8.7688,6234,TCHWGT,BTGARET3.sav,TIMSS,2019,1
TALIS,2018,ARE,T3COLES,prof_collaboration,Professional Collaboration,9.1274,8475,TCHWGT,BTGARET3.sav,PISA,2022,4
TALIS,2018,ARE,T3COLES,prof_collaboration,Professional Collaboration,9.1274,8475,TCHWGT,BTGARET3.sav,TIMSS,2019,1
TALIS,2018,ARE,T3JSENV,job_sat_environment,Job Satisfaction: Work Environment,11.9882,8419,TCHWGT,BTGARET3.sav,PISA,2022,4
TALIS,2018,ARE,T3JSENV,job_sat_environment,Job Satisfaction: Work Environment,11.9882,8419,TCHWGT,BTGARET3.sav,TIMSS,2019,1
TALIS,2018,ARE,T3JSPRO,job_sat_profession,Job Satisfaction: Profession,11.4571,8423,TCHWGT,BTGARET3.sav,PISA,2022,4
TALIS,2018,ARE,T3JSPRO,job_sat_profession,Job Satisfaction: Profession,11.4571,8423,TCHWGT,BTGARET3.sav,TIMSS,2019,1
TALIS,2018,ARE,T3EFFPD,effective_pd,Effective Professional Development,11.3961,7311,TCHWGT,BTGARET3.sav,PISA,2022,4
TALIS,2018,ARE,T3EFFPD,effective_pd,Effective Professional Development,11.3961,7311,TCHWGT,BTGARET3.sav,TIMSS,2019,1
TALIS,2018,AUS,T3SECLS,self_efficacy_cls_mgmt,Self-Efficacy: Classroom Management,12.6385,3245,TCHWGT,BTGAUST3.sav,PISA,2022,4
TALIS,2018,AUS,T3SECLS,self_efficacy_cls_mgmt,Self-Efficacy: Classroom Management,12.6385,3245,TCHWGT,BTGAUST3.sav,TIMSS,2019,1
TALIS,2018,AUS,T3SEINS,self_efficacy_instruction,Self-Efficacy: Instruction,12.5955,3247,TCHWGT,BTGAUST3.sav,PISA,2022,4
TALIS,2018,AUS,T3SEINS,self_efficacy_instruction,Self-Efficacy: Instruction,12.5955,3247,TCHWGT,BTGAUST3.sav,TIMSS,2019,1
TALIS,2018,AUS,T3SEENG,self_efficacy_engagement,Self-Efficacy: Student Engagement,11.9235,3252,TCHWGT,BTGAUST3.sav,PISA,2022,4
TALIS,2018,AUS,T3SEENG,self_efficacy_engagement,Self-Efficacy: Student Engagement,11.9235,3252,TCHWGT,BTGAUST3.sav,TIMSS,2019,1
TALIS,2018,AUS,T3DISC,disciplinary_climate,Disciplinary Climate,8.769,2805,TCHWGT,BTGAUST3.sav,PISA,2022,4
TALIS,2018,AUS,T3DISC,disciplinary_climate,Disciplinary Climate,8.769,2805,TCHWGT,BTGAUST3.sav,TIMSS,2019,1
TALIS,2018,AUS,T3COLES,prof_collaboration,Professional Collaboration,9.1284,3271,TCHWGT,BTGAUST3.sav,PISA,2022,4
TALIS,2018,AUS,T3COLES,prof_collaboration,Professional Collaboration,9.1284,3271,TCHWGT,BTGAUST3.sav,TIMSS,2019,1
TALIS,2018,AUS,T3JSENV,job_sat_environment,Job Satisfaction: Work Environment,11.9884,3196,TCHWGT,BTGAUST3.sav,PISA,2022,4
TALIS,2018,AUS,T3JSENV,job_sat_environment,Job Satisfaction: Work Environment,11.9884,3196,TCHWGT,BTGAUST3.sav,TIMSS,2019,1
TALIS,2018,AUS,T3JSPRO,job_sat_profession,Job Satisfaction: Profession,11.4569,3201,TCHWGT,BTGAUST3.sav,PISA,2022,4
TALIS,2018,AUS,T3JSPRO,job_sat_profession,Job Satisfaction: Profession,11.4569,3201,TCHWGT,BTGAUST3.sav,TIMSS,2019,1
TALIS,2018,AUS,T3EFFPD,effective_pd,Effective Professional Development,12.2655,3007,TCHWGT,BTGAUST3.sav,PISA,2022,4
TALIS,2018,AUS,T3EFFPD,effective_pd,Effective Professional Development,12.2655,3007,TCHWGT,BTGAUST3.sav,TIMSS,2019,1
TALIS,2018,AUT,T3SECLS,self_efficacy_cls_mgmt,Self-Efficacy: Classroom Management,12.6394,4150,TCHWGT,BTGAUTT3.sav,PISA,2022,4
TALIS,2018,AUT,T3SECLS,self_efficacy_cls_mgmt,Self-Efficacy: Classroom Management,12.6394,4150,TCHWGT,BTGAUTT3.sav,TIMSS,2019,1
TALIS,2018,AUT,T3SEINS,self_efficacy_instruction,Self-Efficacy: Instruction,12.5952,4149,TCHWGT,BTGAUTT3.sav,PISA,2022,4
TALIS,2018,AUT,T3SEINS,self_efficacy_instruction,Self-Efficacy: Instruction,12.5952,4149,TCHWGT,BTGAUTT3.sav,TIMSS,2019,1
TALIS,2018,AUT,T3SEENG,self_efficacy_engagement,Self-Efficacy: Student Engagement,11.9242,4148,TCHWGT,BTGAUTT3.sav,PISA,2022,4
TALIS,2018,AUT,T3SEENG,self_efficacy_engagement,Self-Efficacy: Student Engagement,11.9242,4148,TCHWGT,BTGAUTT3.sav,TIMSS,2019,1
TALIS,2018,AUT,T3DISC,disciplinary_climate,Disciplinary Climate,8.7693,3595,TCHWGT,BTGAUTT3.sav,PISA,2022,4
TALIS,2018,AUT,T3DISC,disciplinary_climate,Disciplinary Climate,8.7693,3595,TCHWGT,BTGAUTT3.sav,TIMSS,2019,1
TALIS,2018,AUT,T3COLES,prof_collaboration,Professional Collaboration,9.1283,4160,TCHWGT,BTGAUTT3.sav,PISA,2022,4
TALIS,2018,AUT,T3COLES,prof_collaboration,Professional Collaboration,9.1283,4160,TCHWGT,BTGAUTT3.sav,TIMSS,2019,1
TALIS,2018,AUT,T3JSENV,job_sat_environment,Job Satisfaction: Work Environment,11.989,4112,TCHWGT,BTGAUTT3.sav,PISA,2022,4
TALIS,2018,AUT,T3JSENV,job_sat_environment,Job Satisfaction: Work Environment,11.989,4112,TCHWGT,BTGAUTT3.sav,TIMSS,2019,1
TALIS,2018,AUT,T3JSPRO,job_sat_profession,Job Satisfaction: Profession,11.4571,4116,TCHWGT,BTGAUTT3.sav,PISA,2022,4
TALIS,2018,AUT,T3JSPRO,job_sat_profession,Job Satisfaction: Profession,11.4571,4116,TCHWGT,BTGAUTT3.sav,TIMSS,2019,1
TALIS,2018,AUT,T3EFFPD,effective_pd,Effective Professional Development,12.2129,3307,TCHWGT,BTGAUTT3.sav,PISA,2022,4
TALIS,2018,AUT,T3EFFPD,effective_pd,Effective Professional Development,12.2129,3307,TCHWGT,BTGAUTT3.sav,TIMSS,2019,1
TALIS,2018,BEL,T3SECLS,self_efficacy_cls_mgmt,Self-Efficacy: Classroom Management,12.6381,5077,TCHWGT,BTGBELT3.sav,PISA,2022,4
TALIS,2018,BEL,T3SECLS,self_efficacy_cls_mgmt,Self-Efficacy: Classroom Management,12.6381,5077,TCHWGT,BTGBELT3.sav,TIMSS,2019,1
TALIS,2018,BEL,T3SEINS,self_efficacy_instruction,Self-Efficacy: Instruction,12.5954,5074,TCHWGT,BTGBELT3.sav,PISA,2022,4
TALIS,2018,BEL,T3SEINS,self_efficacy_instruction,Self-Efficacy: Instruction,12.5954,5074,TCHWGT,BTGBELT3.sav,TIMSS,2019,1
TALIS,2018,BEL,T3SEENG,self_efficacy_engagement,Self-Efficacy: Student Engagement,11.9233,5076,TCHWGT,BTGBELT3.sav,PISA,2022,4
TALIS,2018,BEL,T3SEENG,self_efficacy_engagement,Self-Efficacy: Student Engagement,11.9233,5076,TCHWGT,BTGBELT3.sav,TIMSS,2019,1
TALIS,2018,BEL,T3DISC,disciplinary_climate,Disciplinary Climate,8.7689,4314,TCHWGT,BTGBELT3.sav,PISA,2022,4
TALIS,2018,BEL,T3DISC,disciplinary_climate,Disciplinary Climate,8.7689,4314,TCHWGT,BTGBELT3.sav,TIMSS,2019,1
TALIS,2018,BEL,T3COLES,prof_collaboration,Professional Collaboration,9.1284,5087,TCHWGT,BTGBELT3.sav,PISA,2022,4
TALIS,2018,BEL,T3COLES,prof_collaboration,Professional Collaboration,9.1284,5087,TCHWGT,BTGBELT3.sav,TIMSS,2019,1
TALIS,2018,BEL,T3JSENV,job_sat_environment,Job Satisfaction: Work Environment,11.9887,5032,TCHWGT,BTGBELT3.sav,PISA,2022,4
TALIS,2018,BEL,T3JSENV,job_sat_environment,Job Satisfaction: Work Environment,11.9887,5032,TCHWGT,BTGBELT3.sav,TIMSS,2019,1
TALIS,2018,BEL,T3JSPRO,job_sat_profession,Job Satisfaction: Profession,11.4569,5034,TCHWGT,BTGBELT3.sav,PISA,2022,4
TALIS,2018,BEL,T3JSPRO,job_sat_profession,Job Satisfaction: Profession,11.4569,5034,TCHWGT,BTGBELT3.sav,TIMSS,2019,1
TALIS,2018,BEL,T3EFFPD,effective_pd,Effective Professional Development,12.2789,3419,TCHWGT,BTGBELT3.sav,PISA,2022,4
TALIS,2018,BEL,T3EFFPD,effective_pd,Effective Professional Development,12.2789,3419,TCHWGT,BTGBELT3.sav,TIMSS,2019,1
TALIS,2018,BGR,T3SECLS,self_efficacy_cls_mgmt,Self-Efficacy: Classroom Management,12.6373,2837,TCHWGT,BTGBGRT3.sav,PISA,2022,4
TALIS,2018,BGR,T3SECLS,self_efficacy_cls_mgmt,Self-Efficacy: Classroom Management,12.6373,2837,TCHWGT,BTGBGRT3.sav,TIMSS,2019,1
TALIS,2018,BGR,T3SEINS,self_efficacy_instruction,Self-Efficacy: Instruction,12.5939,2834,TCHWGT,BTGBGRT3.sav,PISA,2022,4
TALIS,2018,BGR,T3SEINS,self_efficacy_instruction,Self-Efficacy: Instruction,12.5939,2834,TCHWGT,BTGBGRT3.sav,TIMSS,2019,1
TALIS,2018,BGR,T3SEENG,self_efficacy_engagement,Self-Efficacy: Student Engagement,11.9215,2837,TCHWGT,BTGBGRT3.sav,PISA,2022,4
TALIS,2018,BGR,T3SEENG,self_efficacy_engagement,Self-Efficacy: Student Engagement,11.9215,2837,TCHWGT,BTGBGRT3.sav,TIMSS,2019,1
TALIS,2018,BGR,T3DISC,disciplinary_climate,Disciplinary Climate,8.7704,2781,TCHWGT,BTGBGRT3.sav,PISA,2022,4
TALIS,2018,BGR,T3DISC,disciplinary_climate,Disciplinary Climate,8.7704,2781,TCHWGT,BTGBGRT3.sav,TIMSS,2019,1
TALIS,2018,BGR,T3COLES,prof_collaboration,Professional Collaboration,9.1298,2815,TCHWGT,BTGBGRT3.sav,PISA,2022,4
TALIS,2018,BGR,T3COLES,prof_collaboration,Professional Collaboration,9.1298,2815,TCHWGT,BTGBGRT3.sav,TIMSS,2019,1
TALIS,2018,BGR,T3JSENV,job_sat_environment,Job Satisfaction: Work Environment,11.9874,2815,TCHWGT,BTGBGRT3.sav,PISA,2022,4
TALIS,2018,BGR,T3JSENV,job_sat_environment,Job Satisfaction: Work Environment,11.9874,2815,TCHWGT,BTGBGRT3.sav,TIMSS,2019,1
TALIS,2018,BGR,T3JSPRO,job_sat_profession,Job Satisfaction: Profession,11.4547,2820,TCHWGT,BTGBGRT3.sav,PISA,2022,4
TALIS,2018,BGR,T3JSPRO,job_sat_profession,Job Satisfaction: Profession,11.4547,2820,TCHWGT,BTGBGRT3.sav,TIMSS,2019,1
TALIS,2018,BGR,T3EFFPD,effective_pd,Effective Professional Development,12.2859,1846,TCHWGT,BTGBGRT3.sav,PISA,2022,4
TALIS,2018,BGR,T3EFFPD,effective_pd,Effective Professional Development,12.2859,1846,TCHWGT,BTGBGRT3.sav,TIMSS,2019,1
TALIS,2018,BRA,T3SECLS,self_efficacy_cls_mgmt,Self-Efficacy: Classroom Management,12.6411,2379,TCHWGT,BTGBRAT3.sav,PISA,2022,4
TALIS,2018,BRA,T3SECLS,self_efficacy_cls_mgmt,Self-Efficacy: Classroom Management,12.6411,2379,TCHWGT,BTGBRAT3.sav,TIMSS,2019,1
TALIS,2018,BRA,T3SEINS,self_efficacy_instruction,Self-Efficacy: Instruction,12.5972,2379,TCHWGT,BTGBRAT3.sav,PISA,2022,4
TALIS,2018,BRA,T3SEINS,self_efficacy_instruction,Self-Efficacy: Instruction,12.5972,2379,TCHWGT,BTGBRAT3.sav,TIMSS,2019,1
TALIS,2018,BRA,T3SEENG,self_efficacy_engagement,Self-Efficacy: Student Engagement,11.9249,2380,TCHWGT,BTGBRAT3.sav,PISA,2022,4
TALIS,2018,BRA,T3SEENG,self_efficacy_engagement,Self-Efficacy: Student Engagement,11.9249,2380,TCHWGT,BTGBRAT3.sav,TIMSS,2019,1
TALIS,2018,BRA,T3DISC,disciplinary_climate,Disciplinary Climate,8.7685,1988,TCHWGT,BTGBRAT3.sav,PISA,2022,4
TALIS,2018,BRA,T3DISC,disciplinary_climate,Disciplinary Climate,8.7685,1988,TCHWGT,BTGBRAT3.sav,TIMSS,2019,1
TALIS,2018,BRA,T3COLES,prof_collaboration,Professional Collaboration,9.1241,2375,TCHWGT,BTGBRAT3.sav,PISA,2022,4
TALIS,2018,BRA,T3COLES,prof_collaboration,Professional Collaboration,9.1241,2375,TCHWGT,BTGBRAT3.sav,TIMSS,2019,1
TALIS,2018,BRA,T3JSENV,job_sat_environment,Job Satisfaction: Work Environment,11.9902,2356,TCHWGT,BTGBRAT3.sav,PISA,2022,4
TALIS,2018,BRA,T3JSENV,job_sat_environment,Job Satisfaction: Work Environment,11.9902,2356,TCHWGT,BTGBRAT3.sav,TIMSS,2019,1
TALIS,2018,BRA,T3JSPRO,job_sat_profession,Job Satisfaction: Profession,11.4577,2357,TCHWGT,BTGBRAT3.sav,PISA,2022,4
TALIS,2018,BRA,T3JSPRO,job_sat_profession,Job Satisfaction: Profession,11.4577,2357,TCHWGT,BTGBRAT3.sav,TIMSS,2019,1
TALIS,2018,BRA,T3EFFPD,effective_pd,Effective Professional Development,13.0083,1775,TCHWGT,BTGBRAT3.sav,PISA,2022,4
TALIS,2018,BRA,T3EFFPD,effective_pd,Effective Professional Development,13.0083,1775,TCHWGT,BTGBRAT3.sav,TIMSS,2019,1
TALIS,2018,COL,T3SECLS,self_efficacy_cls_mgmt,Self-Efficacy: Classroom Management,12.6381,2357,TCHWGT,BTGCOLT3.sav,PISA,2022,4
TALIS,2018,COL,T3SECLS,self_efficacy_cls_mgmt,Self-Efficacy: Classroom Management,12.6381,2357,TCHWGT,BTGCOLT3.sav,TIMSS,2019,1
TALIS,2018,COL,T3SEINS,self_efficacy_instruction,Self-Efficacy: Instruction,12.5952,2360,TCHWGT,BTGCOLT3.sav,PISA,2022,4
TALIS,2018,COL,T3SEINS,self_efficacy_instruction,Self-Efficacy: Instruction,12.5952,2360,TCHWGT,BTGCOLT3.sav,TIMSS,2019,1
TALIS,2018,COL,T3SEENG,self_efficacy_engagement,Self-Efficacy: Student Engagement,11.9233,2362,TCHWGT,BTGCOLT3.sav,PISA,2022,4
TALIS,2018,COL,T3SEENG,self_efficacy_engagement,Self-Efficacy: Student Engagement,11.9233,2362,TCHWGT,BTGCOLT3.sav,TIMSS,2019,1
TALIS,2018,COL,T3DISC,disciplinary_climate,Disciplinary Climate,8.7702,2220,TCHWGT,BTGCOLT3.sav,PISA,2022,4
TALIS,2018,COL,T3DISC,disciplinary_climate,Disciplinary Climate,8.7702,2220,TCHWGT,BTGCOLT3.sav,TIMSS,2019,1
TALIS,2018,COL,T3COLES,prof_collaboration,Professional Collaboration,9.1256,2362,TCHWGT,BTGCOLT3.sav,PISA,2022,4
TALIS,2018,COL,T3COLES,prof_collaboration,Professional Collaboration,9.1256,2362,TCHWGT,BTGCOLT3.sav,TIMSS,2019,1
TALIS,2018,COL,T3JSENV,job_sat_environment,Job Satisfaction: Work Environment,11.9888,2349,TCHWGT,BTGCOLT3.sav,PISA,2022,4
TALIS,2018,COL,T3JSENV,job_sat_environment,Job Satisfaction: Work Environment,11.9888,2349,TCHWGT,BTGCOLT3.sav,TIMSS,2019,1
TALIS,2018,COL,T3JSPRO,job_sat_profession,Job Satisfaction: Profession,11.4572,2344,TCHWGT,BTGCOLT3.sav,PISA,2022,4
TALIS,2018,COL,T3JSPRO,job_sat_profession,Job Satisfaction: Profession,11.4572,2344,TCHWGT,BTGCOLT3.sav,TIMSS,2019,1
TALIS,2018,COL,T3EFFPD,effective_pd,Effective Professional Development,12.0465,1918,TCHWGT,BTGCOLT3.sav,PISA,2022,4
TALIS,2018,COL,T3EFFPD,effective_pd,Effective Professional Development,12.0465,1918,TCHWGT,BTGCOLT3.sav,TIMSS,2019,1
TALIS,2018,CYP,T3SECLS,self_efficacy_cls_mgmt,Self-Efficacy: Classroom Management,12.6393,1566,TCHWGT,BTGCYPT3.sav,PISA,2022,4
TALIS,2018,CYP,T3SECLS,self_efficacy_cls_mgmt,Self-Efficacy: Classroom Management,12.6393,1566,TCHWGT,BTGCYPT3.sav,TIMSS,2019,1
TALIS,2018,CYP,T3SEINS,self_efficacy_instruction,Self-Efficacy: Instruction,12.596,1566,TCHWGT,BTGCYPT3.sav,PISA,2022,4
TALIS,2018,CYP,T3SEINS,self_efficacy_instruction,Self-Efficacy: Instruction,12.596,1566,TCHWGT,BTGCYPT3.sav,TIMSS,2019,1
TALIS,2018,CYP,T3SEENG,self_efficacy_engagement,Self-Efficacy: Student Engagement,11.9237,1566,TCHWGT,BTGCYPT3.sav,PISA,2022,4
TALIS,2018,CYP,T3SEENG,self_efficacy_engagement,Self-Efficacy: Student Engagement,11.9237,1566,TCHWGT,BTGCYPT3.sav,TIMSS,2019,1
TALIS,2018,CYP,T3DISC,disciplinary_climate,Disciplinary Climate,8.7692,1350,TCHWGT,BTGCYPT3.sav,PISA,2022,4
TALIS,2018,CYP,T3DISC,disciplinary_climate,Disciplinary Climate,8.7692,1350,TCHWGT,BTGCYPT3.sav,TIMSS,2019,1
TALIS,2018,CYP,T3COLES,prof_collaboration,Professional Collaboration,9.1257,1571,TCHWGT,BTGCYPT3.sav,PISA,2022,4
TALIS,2018,CYP,T3COLES,prof_collaboration,Professional Collaboration,9.1257,1571,TCHWGT,BTGCYPT3.sav,TIMSS,2019,1
TALIS,2018,CYP,T3JSENV,job_sat_environment,Job Satisfaction: Work Environment,11.9889,1558,TCHWGT,BTGCYPT3.sav,PISA,2022,4
TALIS,2018,CYP,T3JSENV,job_sat_environment,Job Satisfaction: Work Environment,11.9889,1558,TCHWGT,BTGCYPT3.sav,TIMSS,2019,1
TALIS,2018,CYP,T3JSPRO,job_sat_profession,Job Satisfaction: Profession,11.457,1558,TCHWGT,BTGCYPT3.sav,PISA,2022,4
TALIS,2018,CYP,T3JSPRO,job_sat_profession,Job Satisfaction: Profession,11.457,1558,TCHWGT,BTGCYPT3.sav,TIMSS,2019,1
TALIS,2018,CYP,T3EFFPD,effective_pd,Effective Professional Development,12.2152,1173,TCHWGT,BTGCYPT3.sav,PISA,2022,4
TALIS,2018,CYP,T3EFFPD,effective_pd,Effective Professional Development,12.2152,1173,TCHWGT,BTGCYPT3.sav,TIMSS,2019,1
TALIS,2018,DNK,T3SECLS,self_efficacy_cls_mgmt,Self-Efficacy: Classroom Management,12.638,1895,TCHWGT,BTGDNKT3.sav,PISA,2022,4
TALIS,2018,DNK,T3SECLS,self_efficacy_cls_mgmt,Self-Efficacy: Classroom Management,12.638,1895,TCHWGT,BTGDNKT3.sav,TIMSS,2019,1
TALIS,2018,DNK,T3SEINS,self_efficacy_instruction,Self-Efficacy: Instruction,12.5951,1896,TCHWGT,BTGDNKT3.sav,PISA,2022,4
TALIS,2018,DNK,T3SEINS,self_efficacy_instruction,Self-Efficacy: Instruction,12.5951,1896,TCHWGT,BTGDNKT3.sav,TIMSS,2019,1
TALIS,2018,DNK,T3SEENG,self_efficacy_engagement,Self-Efficacy: Student Engagement,11.9223,1895,TCHWGT,BTGDNKT3.sav,PISA,2022,4
TALIS,2018,DNK,T3SEENG,self_efficacy_engagement,Self-Efficacy: Student Engagement,11.9223,1895,TCHWGT,BTGDNKT3.sav,TIMSS,2019,1
TALIS,2018,DNK,T3DISC,disciplinary_climate,Disciplinary Climate,8.7676,1740,TCHWGT,BTGDNKT3.sav,PISA,2022,4
TALIS,2018,DNK,T3DISC,disciplinary_climate,Disciplinary Climate,8.7676,1740,TCHWGT,BTGDNKT3.sav,TIMSS,2019,1
TALIS,2018,DNK,T3COLES,prof_collaboration,Professional Collaboration,9.1286,1905,TCHWGT,BTGDNKT3.sav,PISA,2022,4
TALIS,2018,DNK,T3COLES,prof_collaboration,Professional Collaboration,9.1286,1905,TCHWGT,BTGDNKT3.sav,TIMSS,2019,1
TALIS,2018,DNK,T3JSENV,job_sat_environment,Job Satisfaction: Work Environment,11.9878,1881,TCHWGT,BTGDNKT3.sav,PISA,2022,4
TALIS,2018,DNK,T3JSENV,job_sat_environment,Job Satisfaction: Work Environment,11.9878,1881,TCHWGT,BTGDNKT3.sav,TIMSS,2019,1
TALIS,2018,DNK,T3JSPRO,job_sat_profession,Job Satisfaction: Profession,11.4555,1879,TCHWGT,BTGDNKT3.sav,PISA,2022,4
TALIS,2018,DNK,T3JSPRO,job_sat_profession,Job Satisfaction: Profession,11.4555,1879,TCHWGT,BTGDNKT3.sav,TIMSS,2019,1
TALIS,2018,DNK,T3EFFPD,effective_pd,Effective Professional Development,10.4206,1241,TCHWGT,BTGDNKT3.sav,PISA,2022,4
TALIS,2018,DNK,T3EFFPD,effective_pd,Effective Professional Development,10.4206,1241,TCHWGT,BTGDNKT3.sav,TIMSS,2019,1
TALIS,2018,ESP,T3SECLS,self_efficacy_cls_mgmt,Self-Efficacy: Classroom Management,12.6385,7324,TCHWGT,BTGESPT3.sav,PISA,2022,4
TALIS,2018,ESP,T3SECLS,self_efficacy_cls_mgmt,Self-Efficacy: Classroom Management,12.6385,7324,TCHWGT,BTGESPT3.sav,TIMSS,2019,1
TALIS,2018,ESP,T3SEINS,self_efficacy_instruction,Self-Efficacy: Instruction,12.5952,7323,TCHWGT,BTGESPT3.sav,PISA,2022,4
TALIS,2018,ESP,T3SEINS,self_efficacy_instruction,Self-Efficacy: Instruction,12.5952,7323,TCHWGT,BTGESPT3.sav,TIMSS,2019,1
TALIS,2018,ESP,T3SEENG,self_efficacy_engagement,Self-Efficacy: Student Engagement,11.9233,7323,TCHWGT,BTGESPT3.sav,PISA,2022,4
TALIS,2018,ESP,T3SEENG,self_efficacy_engagement,Self-Efficacy: Student Engagement,11.9233,7323,TCHWGT,BTGESPT3.sav,TIMSS,2019,1
TALIS,2018,ESP,T3DISC,disciplinary_climate,Disciplinary Climate,8.7691,6520,TCHWGT,BTGESPT3.sav,PISA,2022,4
TALIS,2018,ESP,T3DISC,disciplinary_climate,Disciplinary Climate,8.7691,6520,TCHWGT,BTGESPT3.sav,TIMSS,2019,1
TALIS,2018,ESP,T3COLES,prof_collaboration,Professional Collaboration,9.1287,7334,TCHWGT,BTGESPT3.sav,PISA,2022,4
TALIS,2018,ESP,T3COLES,prof_collaboration,Professional Collaboration,9.1287,7334,TCHWGT,BTGESPT3.sav,TIMSS,2019,1
TALIS,2018,ESP,T3JSENV,job_sat_environment,Job Satisfaction: Work Environment,11.9889,7291,TCHWGT,BTGESPT3.sav,PISA,2022,4
TALIS,2018,ESP,T3JSENV,job_sat_environment,Job Satisfaction: Work Environment,11.9889,7291,TCHWGT,BTGESPT3.sav,TIMSS,2019,1
TALIS,2018,ESP,T3JSPRO,job_sat_profession,Job Satisfaction: Profession,11.4575,7295,TCHWGT,BTGESPT3.sav,PISA,2022,4
TALIS,2018,ESP,T3JSPRO,job_sat_profession,Job Satisfaction: Profession,11.4575,7295,TCHWGT,BTGESPT3.sav,TIMSS,2019,1
TALIS,2018,ESP,T3EFFPD,effective_pd,Effective Professional Development,14.9596,5450,TCHWGT,BTGESPT3.sav,PISA,2022,4
TALIS,2018,ESP,T3EFFPD,effective_pd,Effective Professional Development,14.9596,5450,TCHWGT,BTGESPT3.sav,TIMSS,2019,1
TALIS,2018,FIN,T3SECLS,self_efficacy_cls_mgmt,Self-Efficacy: Classroom Management,12.6384,2817,TCHWGT,BTGFINT3.sav,PISA,2022,4
TALIS,2018,FIN,T3SECLS,self_efficacy_cls_mgmt,Self-Efficacy: Classroom Management,12.6384,2817,TCHWGT,BTGFINT3.sav,TIMSS,2019,1
TALIS,2018,FIN,T3SEINS,self_efficacy_instruction,Self-Efficacy: Instruction,12.5952,2818,TCHWGT,BTGFINT3.sav,PISA,2022,4
TALIS,2018,FIN,T3SEINS,self_efficacy_instruction,Self-Efficacy: Instruction,12.5952,2818,TCHWGT,BTGFINT3.sav,TIMSS,2019,1
TALIS,2018,FIN,T3SEENG,self_efficacy_engagement,Self-Efficacy: Student Engagement,11.9235,2818,TCHWGT,BTGFINT3.sav,PISA,2022,4
TALIS,2018,FIN,T3SEENG,self_efficacy_engagement,Self-Efficacy: Student Engagement,11.9235,2818,TCHWGT,BTGFINT3.sav,TIMSS,2019,1
TALIS,2018,FIN,T3DISC,disciplinary_climate,Disciplinary Climate,8.769,2394,TCHWGT,BTGFINT3.sav,PISA,2022,4
TALIS,2018,FIN,T3DISC,disciplinary_climate,Disciplinary Climate,8.769,2394,TCHWGT,BTGFINT3.sav,TIMSS,2019,1
TALIS,2018,FIN,T3COLES,prof_collaboration,Professional Collaboration,9.1285,2823,TCHWGT,BTGFINT3.sav,PISA,2022,4
TALIS,2018,FIN,T3COLES,prof_collaboration,Professional Collaboration,9.1285,2823,TCHWGT,BTGFINT3.sav,TIMSS,2019,1
TALIS,2018,FIN,T3JSENV,job_sat_environment,Job Satisfaction: Work Environment,11.9883,2798,TCHWGT,BTGFINT3.sav,PISA,2022,4
TALIS,2018,FIN,T3JSENV,job_sat_environment,Job Satisfaction: Work Environment,11.9883,2798,TCHWGT,BTGFINT3.sav,TIMSS,2019,1
TALIS,2018,FIN,T3JSPRO,job_sat_profession,Job Satisfaction: Profession,11.4568,2801,TCHWGT,BTGFINT3.sav,PISA,2022,4
TALIS,2018,FIN,T3JSPRO,job_sat_profession,Job Satisfaction: Profession,11.4568,2801,TCHWGT,BTGFINT3.sav,TIMSS,2019,1
TALIS,2018,FIN,T3EFFPD,effective_pd,Effective Professional Development,12.2428,2064,TCHWGT,BTGFINT3.sav,PISA,2022,4
TALIS,2018,FIN,T3EFFPD,effective_pd,Effective Professional Development,12.2428,2064,TCHWGT,BTGFINT3.sav,TIMSS,2019,1
TALIS,2018,FRA,T3SECLS,self_efficacy_cls_mgmt,Self-Efficacy: Classroom Management,12.6383,2863,TCHWGT,BTGFRAT3.sav,PISA,2022,4
TALIS,2018,FRA,T3SECLS,self_efficacy_cls_mgmt,Self-Efficacy: Classroom Management,12.6383,2863,TCHWGT,BTGFRAT3.sav,TIMSS,2019,1
TALIS,2018,FRA,T3SEINS,self_efficacy_instruction,Self-Efficacy: Instruction,12.5955,2865,TCHWGT,BTGFRAT3.sav,PISA,2022,4
TALIS,2018,FRA,T3SEINS,self_efficacy_instruction,Self-Efficacy: Instruction,12.5955,2865,TCHWGT,BTGFRAT3.sav,TIMSS,2019,1
TALIS,2018,FRA,T3SEENG,self_efficacy_engagement,Self-Efficacy: Student Engagement,11.9235,2865,TCHWGT,BTGFRAT3.sav,PISA,2022,4
TALIS,2018,FRA,T3SEENG,self_efficacy_engagement,Self-Efficacy: Student Engagement,11.9235,2865,TCHWGT,BTGFRAT3.sav,TIMSS,2019,1
TALIS,2018,FRA,T3DISC,disciplinary_climate,Disciplinary Climate,8.7691,2638,TCHWGT,BTGFRAT3.sav,PISA,2022,4
TALIS,2018,FRA,T3DISC,disciplinary_climate,Disciplinary Climate,8.7691,2638,TCHWGT,BTGFRAT3.sav,TIMSS,2019,1
TALIS,2018,FRA,T3JSENV,job_sat_environment,Job Satisfaction: Work Environment,11.989,2818,TCHWGT,BTGFRAT3.sav,PISA,2022,4
TALIS,2018,FRA,T3JSENV,job_sat_environment,Job Satisfaction: Work Environment,11.989,2818,TCHWGT,BTGFRAT3.sav,TIMSS,2019,1
TALIS,2018,FRA,T3JSPRO,job_sat_profession,Job Satisfaction: Profession,11.4566,2819,TCHWGT,BTGFRAT3.sav,PISA,2022,4
TALIS,2018,FRA,T3JSPRO,job_sat_profession,Job Satisfaction: Profession,11.4566,2819,TCHWGT,BTGFRAT3.sav,TIMSS,2019,1
TALIS,2018,FRA,T3EFFPD,effective_pd,Effective Professional Development,14.0241,1701,TCHWGT,BTGFRAT3.sav,PISA,2022,4
TALIS,2018,FRA,T3EFFPD,effective_pd,Effective Professional Development,14.0241,1701,TCHWGT,BTGFRAT3.sav,TIMSS,2019,1
TALIS,2018,GEO,T3SECLS,self_efficacy_cls_mgmt,Self-Efficacy: Classroom Management,12.6369,2999,TCHWGT,BTGGEOT3.sav,PISA,2022,4
TALIS,2018,GEO,T3SECLS,self_efficacy_cls_mgmt,Self-Efficacy: Classroom Management,12.6369,2999,TCHWGT,BTGGEOT3.sav,TIMSS,2019,1
TALIS,2018,GEO,T3SEINS,self_efficacy_instruction,Self-Efficacy: Instruction,12.5954,2997,TCHWGT,BTGGEOT3.sav,PISA,2022,4
TALIS,2018,GEO,T3SEINS,self_efficacy_instruction,Self-Efficacy: Instruction,12.5954,2997,TCHWGT,BTGGEOT3.sav,TIMSS,2019,1
TALIS,2018,GEO,T3SEENG,self_efficacy_engagement,Self-Efficacy: Student Engagement,11.9214,3014,TCHWGT,BTGGEOT3.sav,PISA,2022,4
TALIS,2018,GEO,T3SEENG,self_efficacy_engagement,Self-Efficacy: Student Engagement,11.9214,3014,TCHWGT,BTGGEOT3.sav,TIMSS,2019,1
TALIS,2018,GEO,T3DISC,disciplinary_climate,Disciplinary Climate,8.7705,1987,TCHWGT,BTGGEOT3.sav,PISA,2022,4
TALIS,2018,GEO,T3DISC,disciplinary_climate,Disciplinary Climate,8.7705,1987,TCHWGT,BTGGEOT3.sav,TIMSS,2019,1
TALIS,2018,GEO,T3COLES,prof_collaboration,Professional Collaboration,9.1269,3020,TCHWGT,BTGGEOT3.sav,PISA,2022,4
TALIS,2018,GEO,T3COLES,prof_collaboration,Professional Collaboration,9.1269,3020,TCHWGT,BTGGEOT3.sav,TIMSS,2019,1
TALIS,2018,GEO,T3JSENV,job_sat_environment,Job Satisfaction: Work Environment,11.9866,3003,TCHWGT,BTGGEOT3.sav,PISA,2022,4
TALIS,2018,GEO,T3JSENV,job_sat_environment,Job Satisfaction: Work Environment,11.9866,3003,TCHWGT,BTGGEOT3.sav,TIMSS,2019,1
TALIS,2018,GEO,T3JSPRO,job_sat_profession,Job Satisfaction: Profession,11.4538,3007,TCHWGT,BTGGEOT3.sav,PISA,2022,4
TALIS,2018,GEO,T3JSPRO,job_sat_profession,Job Satisfaction: Profession,11.4538,3007,TCHWGT,BTGGEOT3.sav,TIMSS,2019,1
TALIS,2018,GEO,T3EFFPD,effective_pd,Effective Professional Development,12.0047,2529,TCHWGT,BTGGEOT3.sav,PISA,2022,4
TALIS,2018,GEO,T3EFFPD,effective_pd,Effective Professional Development,12.0047,2529,TCHWGT,BTGGEOT3.sav,TIMSS,2019,1
TALIS,2018,HUN,T3SECLS,self_efficacy_cls_mgmt,Self-Efficacy: Classroom Management,12.6385,3179,TCHWGT,BTGHUNT3.sav,PISA,2022,4
TALIS,2018,HUN,T3SECLS,self_efficacy_cls_mgmt,Self-Efficacy: Classroom Management,12.6385,3179,TCHWGT,BTGHUNT3.sav,TIMSS,2019,1
TALIS,2018,HUN,T3SEINS,self_efficacy_instruction,Self-Efficacy: Instruction,12.5959,3177,TCHWGT,BTGHUNT3.sav,PISA,2022,4
TALIS,2018,HUN,T3SEINS,self_efficacy_instruction,Self-Efficacy: Instruction,12.5959,3177,TCHWGT,BTGHUNT3.sav,TIMSS,2019,1
TALIS,2018,HUN,T3SEENG,self_efficacy_engagement,Self-Efficacy: Student Engagement,11.9233,3179,TCHWGT,BTGHUNT3.sav,PISA,2022,4
TALIS,2018,HUN,T3SEENG,self_efficacy_engagement,Self-Efficacy: Student Engagement,11.9233,3179,TCHWGT,BTGHUNT3.sav,TIMSS,2019,1
TALIS,2018,HUN,T3DISC,disciplinary_climate,Disciplinary Climate,8.7689,2796,TCHWGT,BTGHUNT3.sav,PISA,2022,4
TALIS,2018,HUN,T3DISC,disciplinary_climate,Disciplinary Climate,8.7689,2796,TCHWGT,BTGHUNT3.sav,TIMSS,2019,1
TALIS,2018,HUN,T3COLES,prof_collaboration,Professional Collaboration,9.129,3193,TCHWGT,BTGHUNT3.sav,PISA,2022,4
TALIS,2018,HUN,T3COLES,prof_collaboration,Professional Collaboration,9.129,3193,TCHWGT,BTGHUNT3.sav,TIMSS,2019,1
TALIS,2018,HUN,T3JSENV,job_sat_environment,Job Satisfaction: Work Environment,11.9897,3175,TCHWGT,BTGHUNT3.sav,PISA,2022,4
TALIS,2018,HUN,T3JSENV,job_sat_environment,Job Satisfaction: Work Environment,11.9897,3175,TCHWGT,BTGHUNT3.sav,TIMSS,2019,1
TALIS,2018,HUN,T3JSPRO,job_sat_profession,Job Satisfaction: Profession,11.4578,3177,TCHWGT,BTGHUNT3.sav,PISA,2022,4
TALIS,2018,HUN,T3JSPRO,job_sat_profession,Job Satisfaction: Profession,11.4578,3177,TCHWGT,BTGHUNT3.sav,TIMSS,2019,1
TALIS,2018,ISR,T3SECLS,self_efficacy_cls_mgmt,Self-Efficacy: Classroom Management,12.6387,2359,TCHWGT,BTGISRT3.sav,PISA,2022,4
TALIS,2018,ISR,T3SECLS,self_efficacy_cls_mgmt,Self-Efficacy: Classroom Management,12.6387,2359,TCHWGT,BTGISRT3.sav,TIMSS,2019,1
TALIS,2018,ISR,T3SEINS,self_efficacy_instruction,Self-Efficacy: Instruction,12.5953,2360,TCHWGT,BTGISRT3.sav,PISA,2022,4
TALIS,2018,ISR,T3SEINS,self_efficacy_instruction,Self-Efficacy: Instruction,12.5953,2360,TCHWGT,BTGISRT3.sav,TIMSS,2019,1
TALIS,2018,ISR,T3SEENG,self_efficacy_engagement,Self-Efficacy: Student Engagement,11.9231,2364,TCHWGT,BTGISRT3.sav,PISA,2022,4
TALIS,2018,ISR,T3SEENG,self_efficacy_engagement,Self-Efficacy: Student Engagement,11.9231,2364,TCHWGT,BTGISRT3.sav,TIMSS,2019,1
TALIS,2018,ISR,T3DISC,disciplinary_climate,Disciplinary Climate,8.7691,1968,TCHWGT,BTGISRT3.sav,PISA,2022,4
TALIS,2018,ISR,T3DISC,disciplinary_climate,Disciplinary Climate,8.7691,1968,TCHWGT,BTGISRT3.sav,TIMSS,2019,1
TALIS,2018,ISR,T3COLES,prof_collaboration,Professional Collaboration,9.1285,2373,TCHWGT,BTGISRT3.sav,PISA,2022,4
TALIS,2018,ISR,T3COLES,prof_collaboration,Professional Collaboration,9.1285,2373,TCHWGT,BTGISRT3.sav,TIMSS,2019,1
TALIS,2018,ISR,T3JSENV,job_sat_environment,Job Satisfaction: Work Environment,11.9887,2302,TCHWGT,BTGISRT3.sav,PISA,2022,4
TALIS,2018,ISR,T3JSENV,job_sat_environment,Job Satisfaction: Work Environment,11.9887,2302,TCHWGT,BTGISRT3.sav,TIMSS,2019,1
TALIS,2018,ISR,T3JSPRO,job_sat_profession,Job Satisfaction: Profession,11.457,2304,TCHWGT,BTGISRT3.sav,PISA,2022,4
TALIS,2018,ISR,T3JSPRO,job_sat_profession,Job Satisfaction: Profession,11.457,2304,TCHWGT,BTGISRT3.sav,TIMSS,2019,1
TALIS,2018,ISR,T3EFFPD,effective_pd,Effective Professional Development,12.2089,1874,TCHWGT,BTGISRT3.sav,PISA,2022,4
TALIS,2018,ISR,T3EFFPD,effective_pd,Effective Professional Development,12.2089,1874,TCHWGT,BTGISRT3.sav,TIMSS,2019,1
TALIS,2018,ITA,T3SECLS,self_efficacy_cls_mgmt,Self-Efficacy: Classroom Management,12.6384,3521,TCHWGT,BTGITAT3.sav,PISA,2022,4
TALIS,2018,ITA,T3SECLS,self_efficacy_cls_mgmt,Self-Efficacy: Classroom Management,12.6384,3521,TCHWGT,BTGITAT3.sav,TIMSS,2019,1
TALIS,2018,ITA,T3SEINS,self_efficacy_instruction,Self-Efficacy: Instruction,12.5955,3524,TCHWGT,BTGITAT3.sav,PISA,2022,4
TALIS,2018,ITA,T3SEINS,self_efficacy_instruction,Self-Efficacy: Instruction,12.5955,3524,TCHWGT,BTGITAT3.sav,TIMSS,2019,1
TALIS,2018,ITA,T3SEENG,self_efficacy_engagement,Self-Efficacy: Student Engagement,11.9235,3528,TCHWGT,BTGITAT3.sav,PISA,2022,4
TALIS,2018,ITA,T3SEENG,self_efficacy_engagement,Self-Efficacy: Student Engagement,11.9235,3528,TCHWGT,BTGITAT3.sav,TIMSS,2019,1
TALIS,2018,ITA,T3DISC,disciplinary_climate,Disciplinary Climate,8.7691,2762,TCHWGT,BTGITAT3.sav,PISA,2022,4
TALIS,2018,ITA,T3DISC,disciplinary_climate,Disciplinary Climate,8.7691,2762,TCHWGT,BTGITAT3.sav,TIMSS,2019,1
TALIS,2018,ITA,T3COLES,prof_collaboration,Professional Collaboration,9.1284,3523,TCHWGT,BTGITAT3.sav,PISA,2022,4
TALIS,2018,ITA,T3COLES,prof_collaboration,Professional Collaboration,9.1284,3523,TCHWGT,BTGITAT3.sav,TIMSS,2019,1
TALIS,2018,ITA,T3JSENV,job_sat_environment,Job Satisfaction: Work Environment,11.9888,3509,TCHWGT,BTGITAT3.sav,PISA,2022,4
TALIS,2018,ITA,T3JSENV,job_sat_environment,Job Satisfaction: Work Environment,11.9888,3509,TCHWGT,BTGITAT3.sav,TIMSS,2019,1
TALIS,2018,ITA,T3JSPRO,job_sat_profession,Job Satisfaction: Profession,11.457,3508,TCHWGT,BTGITAT3.sav,PISA,2022,4
TALIS,2018,ITA,T3JSPRO,job_sat_profession,Job Satisfaction: Profession,11.457,3508,TCHWGT,BTGITAT3.sav,TIMSS,2019,1
TALIS,2018,ITA,T3EFFPD,effective_pd,Effective Professional Development,12.233,2804,TCHWGT,BTGITAT3.sav,PISA,2022,4
TALIS,2018,ITA,T3EFFPD,effective_pd,Effective Professional Development,12.233,2804,TCHWGT,BTGITAT3.sav,TIMSS,2019,1
TALIS,2018,KOR,T3SECLS,self_efficacy_cls_mgmt,Self-Efficacy: Classroom Management,12.6404,2864,TCHWGT,BTGKORT3.sav,PISA,2022,4
TALIS,2018,KOR,T3SECLS,self_efficacy_cls_mgmt,Self-Efficacy: Classroom Management,12.6404,2864,TCHWGT,BTGKORT3.sav,TIMSS,2019,1
TALIS,2018,KOR,T3SEINS,self_efficacy_instruction,Self-Efficacy: Instruction,12.5982,2865,TCHWGT,BTGKORT3.sav,PISA,2022,4
TALIS,2018,KOR,T3SEINS,self_efficacy_instruction,Self-Efficacy: Instruction,12.5982,2865,TCHWGT,BTGKORT3.sav,TIMSS,2019,1
TALIS,2018,KOR,T3SEENG,self_efficacy_engagement,Self-Efficacy: Student Engagement,11.9246,2869,TCHWGT,BTGKORT3.sav,PISA,2022,4
TALIS,2018,KOR,T3SEENG,self_efficacy_engagement,Self-Efficacy: Student Engagement,11.9246,2869,TCHWGT,BTGKORT3.sav,TIMSS,2019,1
TALIS,2018,KOR,T3DISC,disciplinary_climate,Disciplinary Climate,8.767,2694,TCHWGT,BTGKORT3.sav,PISA,2022,4
TALIS,2018,KOR,T3DISC,disciplinary_climate,Disciplinary Climate,8.767,2694,TCHWGT,BTGKORT3.sav,TIMSS,2019,1
TALIS,2018,KOR,T3COLES,prof_collaboration,Professional Collaboration,9.1291,2883,TCHWGT,BTGKORT3.sav,PISA,2022,4
TALIS,2018,KOR,T3COLES,prof_collaboration,Professional Collaboration,9.1291,2883,TCHWGT,BTGKORT3.sav,TIMSS,2019,1
TALIS,2018,KOR,T3JSENV,job_sat_environment,Job Satisfaction: Work Environment,11.9878,2871,TCHWGT,BTGKORT3.sav,PISA,2022,4
TALIS,2018,KOR,T3JSENV,job_sat_environment,Job Satisfaction: Work Environment,11.9878,2871,TCHWGT,BTGKORT3.sav,TIMSS,2019,1
TALIS,2018,KOR,T3JSPRO,job_sat_profession,Job Satisfaction: Profession,11.4545,2873,TCHWGT,BTGKORT3.sav,PISA,2022,4
TALIS,2018,KOR,T3JSPRO,job_sat_profession,Job Satisfaction: Profession,11.4545,2873,TCHWGT,BTGKORT3.sav,TIMSS,2019,1
TALIS,2018,KOR,T3EFFPD,effective_pd,Effective Professional Development,11.9715,2468,TCHWGT,BTGKORT3.sav,PISA,2022,4
TALIS,2018,KOR,T3EFFPD,effective_pd,Effective Professional Development,11.9715,2468,TCHWGT,BTGKORT3.sav,TIMSS,2019,1
TALIS,2018,LTU,T3SECLS,self_efficacy_cls_mgmt,Self-Efficacy: Classroom Management,12.6363,3740,TCHWGT,BTGLTUT3.sav,PISA,2022,4
TALIS,2018,LTU,T3SECLS,self_efficacy_cls_mgmt,Self-Efficacy: Classroom Management,12.6363,3740,TCHWGT,BTGLTUT3.sav,TIMSS,2019,1
TALIS,2018,LTU,T3SEINS,self_efficacy_instruction,Self-Efficacy: Instruction,12.5941,3740,TCHWGT,BTGLTUT3.sav,PISA,2022,4
TALIS,2018,LTU,T3SEINS,self_efficacy_instruction,Self-Efficacy: Instruction,12.5941,3740,TCHWGT,BTGLTUT3.sav,TIMSS,2019,1
TALIS,2018,LTU,T3SEENG,self_efficacy_engagement,Self-Efficacy: Student Engagement,11.9233,3740,TCHWGT,BTGLTUT3.sav,PISA,2022,4
TALIS,2018,LTU,T3SEENG,self_efficacy_engagement,Self-Efficacy: Student Engagement,11.9233,3740,TCHWGT,BTGLTUT3.sav,TIMSS,2019,1
TALIS,2018,LTU,T3DISC,disciplinary_climate,Disciplinary Climate,8.7709,3528,TCHWGT,BTGLTUT3.sav,PISA,2022,4
TALIS,2018,LTU,T3DISC,disciplinary_climate,Disciplinary Climate,8.7709,3528,TCHWGT,BTGLTUT3.sav,TIMSS,2019,1
TALIS,2018,LTU,T3COLES,prof_collaboration,Professional Collaboration,9.1284,3746,TCHWGT,BTGLTUT3.sav,PISA,2022,4
TALIS,2018,LTU,T3COLES,prof_collaboration,Professional Collaboration,9.1284,3746,TCHWGT,BTGLTUT3.sav,TIMSS,2019,1
TALIS,2018,LTU,T3JSENV,job_sat_environment,Job Satisfaction: Work Environment,11.9899,3724,TCHWGT,BTGLTUT3.sav,PISA,2022,4
TALIS,2018,LTU,T3JSENV,job_sat_environment,Job Satisfaction: Work Environment,11.9899,3724,TCHWGT,BTGLTUT3.sav,TIMSS,2019,1
TALIS,2018,LTU,T3JSPRO,job_sat_profession,Job Satisfaction: Profession,11.4565,3722,TCHWGT,BTGLTUT3.sav,PISA,2022,4
TALIS,2018,LTU,T3JSPRO,job_sat_profession,Job Satisfaction: Profession,11.4565,3722,TCHWGT,BTGLTUT3.sav,TIMSS,2019,1
TALIS,2018,LTU,T3EFFPD,effective_pd,Effective Professional Development,12.2463,3320,TCHWGT,BTGLTUT3.sav,PISA,2022,4
TALIS,2018,LTU,T3EFFPD,effective_pd,Effective Professional Development,12.2463,3320,TCHWGT,BTGLTUT3.sav,TIMSS,2019,1
TALIS,2018,MEX,T3SECLS,self_efficacy_cls_mgmt,Self-Efficacy: Classroom Management,12.6375,2918,TCHWGT,BTGMEXT3.sav,PISA,2022,4
TALIS,2018,MEX,T3SECLS,self_efficacy_cls_mgmt,Self-Efficacy: Classroom Management,12.6375,2918,TCHWGT,BTGMEXT3.sav,TIMSS,2019,1
TALIS,2018,MEX,T3SEINS,self_efficacy_instruction,Self-Efficacy: Instruction,12.5945,2918,TCHWGT,BTGMEXT3.sav,PISA,2022,4
TALIS,2018,MEX,T3SEINS,self_efficacy_instruction,Self-Efficacy: Instruction,12.5945,2918,TCHWGT,BTGMEXT3.sav,TIMSS,2019,1
TALIS,2018,MEX,T3SEENG,self_efficacy_engagement,Self-Efficacy: Student Engagement,11.9234,2918,TCHWGT,BTGMEXT3.sav,PISA,2022,4
TALIS,2018,MEX,T3SEENG,self_efficacy_engagement,Self-Efficacy: Student Engagement,11.9234,2918,TCHWGT,BTGMEXT3.sav,TIMSS,2019,1
TALIS,2018,MEX,T3DISC,disciplinary_climate,Disciplinary Climate,8.7671,2581,TCHWGT,BTGMEXT3.sav,PISA,2022,4
TALIS,2018,MEX,T3DISC,disciplinary_climate,Disciplinary Climate,8.7671,2581,TCHWGT,BTGMEXT3.sav,TIMSS,2019,1
TALIS,2018,MEX,T3COLES,prof_collaboration,Professional Collaboration,9.1285,2906,TCHWGT,BTGMEXT3.sav,PISA,2022,4
TALIS,2018,MEX,T3COLES,prof_collaboration,Professional Collaboration,9.1285,2906,TCHWGT,BTGMEXT3.sav,TIMSS,2019,1
TALIS,2018,MEX,T3JSENV,job_sat_environment,Job Satisfaction: Work Environment,11.9884,2910,TCHWGT,BTGMEXT3.sav,PISA,2022,4
TALIS,2018,MEX,T3JSENV,job_sat_environment,Job Satisfaction: Work Environment,11.9884,2910,TCHWGT,BTGMEXT3.sav,TIMSS,2019,1
TALIS,2018,MEX,T3JSPRO,job_sat_profession,Job Satisfaction: Profession,11.4571,2910,TCHWGT,BTGMEXT3.sav,PISA,2022,4
TALIS,2018,MEX,T3JSPRO,job_sat_profession,Job Satisfaction: Profession,11.4571,2910,TCHWGT,BTGMEXT3.sav,TIMSS,2019,1
TALIS,2018,MEX,T3EFFPD,effective_pd,Effective Professional Development,12.1408,2169,TCHWGT,BTGMEXT3.sav,PISA,2022,4
TALIS,2018,MEX,T3EFFPD,effective_pd,Effective Professional Development,12.1408,2169,TCHWGT,BTGMEXT3.sav,TIMSS,2019,1
TALIS,2018,NLD,T3SECLS,self_efficacy_cls_mgmt,Self-Efficacy: Classroom Management,12.6384,1758,TCHWGT,BTGNLDT3.sav,PISA,2022,4
TALIS,2018,NLD,T3SECLS,self_efficacy_cls_mgmt,Self-Efficacy: Classroom Management,12.6384,1758,TCHWGT,BTGNLDT3.sav,TIMSS,2019,1
TALIS,2018,NLD,T3SEINS,self_efficacy_instruction,Self-Efficacy: Instruction,12.5956,1758,TCHWGT,BTGNLDT3.sav,PISA,2022,4
TALIS,2018,NLD,T3SEINS,self_efficacy_instruction,Self-Efficacy: Instruction,12.5956,1758,TCHWGT,BTGNLDT3.sav,TIMSS,2019,1
TALIS,2018,NLD,T3SEENG,self_efficacy_engagement,Self-Efficacy: Student Engagement,11.9236,1758,TCHWGT,BTGNLDT3.sav,PISA,2022,4
TALIS,2018,NLD,T3SEENG,self_efficacy_engagement,Self-Efficacy: Student Engagement,11.9236,1758,TCHWGT,BTGNLDT3.sav,TIMSS,2019,1
TALIS,2018,NLD,T3DISC,disciplinary_climate,Disciplinary Climate,8.769,1407,TCHWGT,BTGNLDT3.sav,PISA,2022,4
TALIS,2018,NLD,T3DISC,disciplinary_climate,Disciplinary Climate,8.769,1407,TCHWGT,BTGNLDT3.sav,TIMSS,2019,1
TALIS,2018,NLD,T3COLES,prof_collaboration,Professional Collaboration,9.1285,1764,TCHWGT,BTGNLDT3.sav,PISA,2022,4
TALIS,2018,NLD,T3COLES,prof_collaboration,Professional Collaboration,9.1285,1764,TCHWGT,BTGNLDT3.sav,TIMSS,2019,1
TALIS,2018,NLD,T3JSENV,job_sat_environment,Job Satisfaction: Work Environment,11.9887,1727,TCHWGT,BTGNLDT3.sav,PISA,2022,4
TALIS,2018,NLD,T3JSENV,job_sat_environment,Job Satisfaction: Work Environment,11.9887,1727,TCHWGT,BTGNLDT3.sav,TIMSS,2019,1
TALIS,2018,NLD,T3JSPRO,job_sat_profession,Job Satisfaction: Profession,11.457,1727,TCHWGT,BTGNLDT3.sav,PISA,2022,4
TALIS,2018,NLD,T3JSPRO,job_sat_profession,Job Satisfaction: Profession,11.457,1727,TCHWGT,BTGNLDT3.sav,TIMSS,2019,1
TALIS,2018,NLD,T3EFFPD,effective_pd,Effective Professional Development,12.3083,1447,TCHWGT,BTGNLDT3.sav,PISA,2022,4
TALIS,2018,NLD,T3EFFPD,effective_pd,Effective Professional Development,12.3083,1447,TCHWGT,BTGNLDT3.sav,TIMSS,2019,1
TALIS,2018,NOR,T3SECLS,self_efficacy_cls_mgmt,Self-Efficacy: Classroom Management,12.6382,3948,TCHWGT,BTGNORT3.sav,PISA,2022,4
TALIS,2018,NOR,T3SECLS,self_efficacy_cls_mgmt,Self-Efficacy: Classroom Management,12.6382,3948,TCHWGT,BTGNORT3.sav,TIMSS,2019,1
TALIS,2018,NOR,T3SEINS,self_efficacy_instruction,Self-Efficacy: Instruction,12.5955,3950,TCHWGT,BTGNORT3.sav,PISA,2022,4
TALIS,2018,NOR,T3SEINS,self_efficacy_instruction,Self-Efficacy: Instruction,12.5955,3950,TCHWGT,BTGNORT3.sav,TIMSS,2019,1
TALIS,2018,NOR,T3SEENG,self_efficacy_engagement,Self-Efficacy: Student Engagement,11.9234,3951,TCHWGT,BTGNORT3.sav,PISA,2022,4
TALIS,2018,NOR,T3SEENG,self_efficacy_engagement,Self-Efficacy: Student Engagement,11.9234,3951,TCHWGT,BTGNORT3.sav,TIMSS,2019,1
TALIS,2018,NOR,T3DISC,disciplinary_climate,Disciplinary Climate,8.7689,3414,TCHWGT,BTGNORT3.sav,PISA,2022,4
TALIS,2018,NOR,T3DISC,disciplinary_climate,Disciplinary Climate,8.7689,3414,TCHWGT,BTGNORT3.sav,TIMSS,2019,1
TALIS,2018,NOR,T3COLES,prof_collaboration,Professional Collaboration,9.1286,3974,TCHWGT,BTGNORT3.sav,PISA,2022,4
TALIS,2018,NOR,T3COLES,prof_collaboration,Professional Collaboration,9.1286,3974,TCHWGT,BTGNORT3.sav,TIMSS,2019,1
TALIS,2018,NOR,T3JSENV,job_sat_environment,Job Satisfaction: Work Environment,11.9885,3913,TCHWGT,BTGNORT3.sav,PISA,2022,4
TALIS,2018,NOR,T3JSENV,job_sat_environment,Job Satisfaction: Work Environment,11.9885,3913,TCHWGT,BTGNORT3.sav,TIMSS,2019,1
TALIS,2018,NOR,T3JSPRO,job_sat_profession,Job Satisfaction: Profession,11.4566,3912,TCHWGT,BTGNORT3.sav,PISA,2022,4
TALIS,2018,NOR,T3JSPRO,job_sat_profession,Job Satisfaction: Profession,11.4566,3912,TCHWGT,BTGNORT3.sav,TIMSS,2019,1
TALIS,2018,NOR,T3EFFPD,effective_pd,Effective Professional Development,12.3044,2944,TCHWGT,BTGNORT3.sav,PISA,2022,4
TALIS,2018,NOR,T3EFFPD,effective_pd,Effective Professional Development,12.3044,2944,TCHWGT,BTGNORT3.sav,TIMSS,2019,1
TALIS,2018,ROU,T3SECLS,self_efficacy_cls_mgmt,Self-Efficacy: Classroom Management,12.6372,3607,TCHWGT,BTGROUT3.sav,PISA,2022,4
TALIS,2018,ROU,T3SECLS,self_efficacy_cls_mgmt,Self-Efficacy: Classroom Management,12.6372,3607,TCHWGT,BTGROUT3.sav,TIMSS,2019,1
TALIS,2018,ROU,T3SEINS,self_efficacy_instruction,Self-Efficacy: Instruction,12.5952,3607,TCHWGT,BTGROUT3.sav,PISA,2022,4
TALIS,2018,ROU,T3SEINS,self_efficacy_instruction,Self-Efficacy: Instruction,12.5952,3607,TCHWGT,BTGROUT3.sav,TIMSS,2019,1
TALIS,2018,ROU,T3SEENG,self_efficacy_engagement,Self-Efficacy: Student Engagement,11.9239,3616,TCHWGT,BTGROUT3.sav,PISA,2022,4
TALIS,2018,ROU,T3SEENG,self_efficacy_engagement,Self-Efficacy: Student Engagement,11.9239,3616,TCHWGT,BTGROUT3.sav,TIMSS,2019,1
TALIS,2018,ROU,T3DISC,disciplinary_climate,Disciplinary Climate,8.77,3013,TCHWGT,BTGROUT3.sav,PISA,2022,4
TALIS,2018,ROU,T3DISC,disciplinary_climate,Disciplinary Climate,8.77,3013,TCHWGT,BTGROUT3.sav,TIMSS,2019,1
TALIS,2018,ROU,T3COLES,prof_collaboration,Professional Collaboration,9.1288,3623,TCHWGT,BTGROUT3.sav,PISA,2022,4
TALIS,2018,ROU,T3COLES,prof_collaboration,Professional Collaboration,9.1288,3623,TCHWGT,BTGROUT3.sav,TIMSS,2019,1
TALIS,2018,ROU,T3JSENV,job_sat_environment,Job Satisfaction: Work Environment,11.9879,3611,TCHWGT,BTGROUT3.sav,PISA,2022,4
TALIS,2018,ROU,T3JSENV,job_sat_environment,Job Satisfaction: Work Environment,11.9879,3611,TCHWGT,BTGROUT3.sav,TIMSS,2019,1
TALIS,2018,ROU,T3JSPRO,job_sat_profession,Job Satisfaction: Profession,11.4577,3610,TCHWGT,BTGROUT3.sav,PISA,2022,4
TALIS,2018,ROU,T3JSPRO,job_sat_profession,Job Satisfaction: Profession,11.4577,3610,TCHWGT,BTGROUT3.sav,TIMSS,2019,1
TALIS,2018,ROU,T3EFFPD,effective_pd,Effective Professional Development,12.1229,2664,TCHWGT,BTGROUT3.sav,PISA,2022,4
TALIS,2018,ROU,T3EFFPD,effective_pd,Effective Professional Development,12.1229,2664,TCHWGT,BTGROUT3.sav,TIMSS,2019,1
TALIS,2018,RUS,T3DISC,disciplinary_climate,Disciplinary Climate,8.7682,3595,TCHWGT,BTGRUST3.sav,PISA,2022,4
TALIS,2018,RUS,T3DISC,disciplinary_climate,Disciplinary Climate,8.7682,3595,TCHWGT,BTGRUST3.sav,TIMSS,2019,1
TALIS,2018,RUS,T3COLES,prof_collaboration,Professional Collaboration,9.1264,3986,TCHWGT,BTGRUST3.sav,PISA,2022,4
TALIS,2018,RUS,T3COLES,prof_collaboration,Professional Collaboration,9.1264,3986,TCHWGT,BTGRUST3.sav,TIMSS,2019,1
TALIS,2018,RUS,T3JSENV,job_sat_environment,Job Satisfaction: Work Environment,11.9891,3974,TCHWGT,BTGRUST3.sav,PISA,2022,4
TALIS,2018,RUS,T3JSENV,job_sat_environment,Job Satisfaction: Work Environment,11.9891,3974,TCHWGT,BTGRUST3.sav,TIMSS,2019,1
TALIS,2018,RUS,T3JSPRO,job_sat_profession,Job Satisfaction: Profession,11.4555,3978,TCHWGT,BTGRUST3.sav,PISA,2022,4
TALIS,2018,RUS,T3JSPRO,job_sat_profession,Job Satisfaction: Profession,11.4555,3978,TCHWGT,BTGRUST3.sav,TIMSS,2019,1
TALIS,2018,RUS,T3EFFPD,effective_pd,Effective Professional Development,12.2699,3447,TCHWGT,BTGRUST3.sav,PISA,2022,4
TALIS,2018,RUS,T3EFFPD,effective_pd,Effective Professional Development,12.2699,3447,TCHWGT,BTGRUST3.sav,TIMSS,2019,1
TALIS,2018,SAU,T3SECLS,self_efficacy_cls_mgmt,Self-Efficacy: Classroom Management,12.6378,2427,TCHWGT,BTGSAUT3.sav,PISA,2022,4
TALIS,2018,SAU,T3SECLS,self_efficacy_cls_mgmt,Self-Efficacy: Classroom Management,12.6378,2427,TCHWGT,BTGSAUT3.sav,TIMSS,2019,1
TALIS,2018,SAU,T3SEINS,self_efficacy_instruction,Self-Efficacy: Instruction,12.593,2423,TCHWGT,BTGSAUT3.sav,PISA,2022,4
TALIS,2018,SAU,T3SEINS,self_efficacy_instruction,Self-Efficacy: Instruction,12.593,2423,TCHWGT,BTGSAUT3.sav,TIMSS,2019,1
TALIS,2018,SAU,T3SEENG,self_efficacy_engagement,Self-Efficacy: Student Engagement,11.9229,2440,TCHWGT,BTGSAUT3.sav,PISA,2022,4
TALIS,2018,SAU,T3SEENG,self_efficacy_engagement,Self-Efficacy: Student Engagement,11.9229,2440,TCHWGT,BTGSAUT3.sav,TIMSS,2019,1
TALIS,2018,SAU,T3DISC,disciplinary_climate,Disciplinary Climate,8.7698,1803,TCHWGT,BTGSAUT3.sav,PISA,2022,4
TALIS,2018,SAU,T3DISC,disciplinary_climate,Disciplinary Climate,8.7698,1803,TCHWGT,BTGSAUT3.sav,TIMSS,2019,1
TALIS,2018,SAU,T3COLES,prof_collaboration,Professional Collaboration,9.131,2444,TCHWGT,BTGSAUT3.sav,PISA,2022,4
TALIS,2018,SAU,T3COLES,prof_collaboration,Professional Collaboration,9.131,2444,TCHWGT,BTGSAUT3.sav,TIMSS,2019,1
TALIS,2018,SAU,T3JSENV,job_sat_environment,Job Satisfaction: Work Environment,11.9854,2401,TCHWGT,BTGSAUT3.sav,PISA,2022,4
TALIS,2018,SAU,T3JSENV,job_sat_environment,Job Satisfaction: Work Environment,11.9854,2401,TCHWGT,BTGSAUT3.sav,TIMSS,2019,1
TALIS,2018,SAU,T3JSPRO,job_sat_profession,Job Satisfaction: Profession,11.4538,2404,TCHWGT,BTGSAUT3.sav,PISA,2022,4
TALIS,2018,SAU,T3JSPRO,job_sat_profession,Job Satisfaction: Profession,11.4538,2404,TCHWGT,BTGSAUT3.sav,TIMSS,2019,1
TALIS,2018,SAU,T3EFFPD,effective_pd,Effective Professional Development,11.9634,1634,TCHWGT,BTGSAUT3.sav,PISA,2022,4
TALIS,2018,SAU,T3EFFPD,effective_pd,Effective Professional Development,11.9634,1634,TCHWGT,BTGSAUT3.sav,TIMSS,2019,1
TALIS,2018,SGP,T3SECLS,self_efficacy_cls_mgmt,Self-Efficacy: Classroom Management,12.6407,3247,TCHWGT,BTGSGPT3.sav,PISA,2022,4
TALIS,2018,SGP,T3SECLS,self_efficacy_cls_mgmt,Self-Efficacy: Classroom Management,12.6407,3247,TCHWGT,BTGSGPT3.sav,TIMSS,2019,1
TALIS,2018,SGP,T3SEINS,self_efficacy_instruction,Self-Efficacy: Instruction,12.5963,3247,TCHWGT,BTGSGPT3.sav,PISA,2022,4
TALIS,2018,SGP,T3SEINS,self_efficacy_instruction,Self-Efficacy: Instruction,12.5963,3247,TCHWGT,BTGSGPT3.sav,TIMSS,2019,1
TALIS,2018,SGP,T3SEENG,self_efficacy_engagement,Self-Efficacy: Student Engagement,11.9247,3247,TCHWGT,BTGSGPT3.sav,PISA,2022,4
TALIS,2018,SGP,T3SEENG,self_efficacy_engagement,Self-Efficacy: Student Engagement,11.9247,3247,TCHWGT,BTGSGPT3.sav,TIMSS,2019,1
TALIS,2018,SGP,T3DISC,disciplinary_climate,Disciplinary Climate,8.7684,3104,TCHWGT,BTGSGPT3.sav,PISA,2022,4
TALIS,2018,SGP,T3DISC,disciplinary_climate,Disciplinary Climate,8.7684,3104,TCHWGT,BTGSGPT3.sav,TIMSS,2019,1
TALIS,2018,SGP,T3COLES,prof_collaboration,Professional Collaboration,9.1283,3251,TCHWGT,BTGSGPT3.sav,PISA,2022,4
TALIS,2018,SGP,T3COLES,prof_collaboration,Professional Collaboration,9.1283,3251,TCHWGT,BTGSGPT3.sav,TIMSS,2019,1
TALIS,2018,SGP,T3JSENV,job_sat_environment,Job Satisfaction: Work Environment,11.989,3245,TCHWGT,BTGSGPT3.sav,PISA,2022,4
TALIS,2018,SGP,T3JSENV,job_sat_environment,Job Satisfaction: Work Environment,11.989,3245,TCHWGT,BTGSGPT3.sav,TIMSS,2019,1
TALIS,2018,SGP,T3JSPRO,job_sat_profession,Job Satisfaction: Profession,11.4564,3249,TCHWGT,BTGSGPT3.sav,PISA,2022,4
TALIS,2018,SGP,T3JSPRO,job_sat_profession,Job Satisfaction: Profession,11.4564,3249,TCHWGT,BTGSGPT3.sav,TIMSS,2019,1
TALIS,2018,SGP,T3EFFPD,effective_pd,Effective Professional Development,12.1645,2915,TCHWGT,BTGSGPT3.sav,PISA,2022,4
TALIS,2018,SGP,T3EFFPD,effective_pd,Effective Professional Development,12.1645,2915,TCHWGT,BTGSGPT3.sav,TIMSS,2019,1
TALIS,2018,SVK,T3SECLS,self_efficacy_cls_mgmt,Self-Efficacy: Classroom Management,12.6383,2951,TCHWGT,BTGSVKT3.sav,PISA,2022,4
TALIS,2018,SVK,T3SECLS,self_efficacy_cls_mgmt,Self-Efficacy: Classroom Management,12.6383,2951,TCHWGT,BTGSVKT3.sav,TIMSS,2019,1
TALIS,2018,SVK,T3SEINS,self_efficacy_instruction,Self-Efficacy: Instruction,12.5953,2949,TCHWGT,BTGSVKT3.sav,PISA,2022,4
TALIS,2018,SVK,T3SEINS,self_efficacy_instruction,Self-Efficacy: Instruction,12.5953,2949,TCHWGT,BTGSVKT3.sav,TIMSS,2019,1
TALIS,2018,SVK,T3SEENG,self_efficacy_engagement,Self-Efficacy: Student Engagement,11.923,2956,TCHWGT,BTGSVKT3.sav,PISA,2022,4
TALIS,2018,SVK,T3SEENG,self_efficacy_engagement,Self-Efficacy: Student Engagement,11.923,2956,TCHWGT,BTGSVKT3.sav,TIMSS,2019,1
TALIS,2018,SVK,T3DISC,disciplinary_climate,Disciplinary Climate,8.7691,2633,TCHWGT,BTGSVKT3.sav,PISA,2022,4
TALIS,2018,SVK,T3DISC,disciplinary_climate,Disciplinary Climate,8.7691,2633,TCHWGT,BTGSVKT3.sav,TIMSS,2019,1
TALIS,2018,SVK,T3COLES,prof_collaboration,Professional Collaboration,9.1284,2965,TCHWGT,BTGSVKT3.sav,PISA,2022,4
TALIS,2018,SVK,T3COLES,prof_collaboration,Professional Collaboration,9.1284,2965,TCHWGT,BTGSVKT3.sav,TIMSS,2019,1
TALIS,2018,SVK,T3JSENV,job_sat_environment,Job Satisfaction: Work Environment,11.9886,2943,TCHWGT,BTGSVKT3.sav,PISA,2022,4
TALIS,2018,SVK,T3JSENV,job_sat_environment,Job Satisfaction: Work Environment,11.9886,2943,TCHWGT,BTGSVKT3.sav,TIMSS,2019,1
TALIS,2018,SVK,T3JSPRO,job_sat_profession,Job Satisfaction: Profession,11.4569,2946,TCHWGT,BTGSVKT3.sav,PISA,2022,4
TALIS,2018,SVK,T3JSPRO,job_sat_profession,Job Satisfaction: Profession,11.4569,2946,TCHWGT,BTGSVKT3.sav,TIMSS,2019,1
TALIS,2018,SVK,T3EFFPD,effective_pd,Effective Professional Development,12.2881,2193,TCHWGT,BTGSVKT3.sav,PISA,2022,4
TALIS,2018,SVK,T3EFFPD,effective_pd,Effective Professional Development,12.2881,2193,TCHWGT,BTGSVKT3.sav,TIMSS,2019,1
TALIS,2018,SVN,T3SECLS,self_efficacy_cls_mgmt,Self-Efficacy: Classroom Management,12.6385,2048,TCHWGT,BTGSVNT3.sav,PISA,2022,4
TALIS,2018,SVN,T3SECLS,self_efficacy_cls_mgmt,Self-Efficacy: Classroom Management,12.6385,2048,TCHWGT,BTGSVNT3.sav,TIMSS,2019,1
TALIS,2018,SVN,T3SEINS,self_efficacy_instruction,Self-Efficacy: Instruction,12.5951,2047,TCHWGT,BTGSVNT3.sav,PISA,2022,4
TALIS,2018,SVN,T3SEINS,self_efficacy_instruction,Self-Efficacy: Instruction,12.5951,2047,TCHWGT,BTGSVNT3.sav,TIMSS,2019,1
TALIS,2018,SVN,T3SEENG,self_efficacy_engagement,Self-Efficacy: Student Engagement,11.9234,2048,TCHWGT,BTGSVNT3.sav,PISA,2022,4
TALIS,2018,SVN,T3SEENG,self_efficacy_engagement,Self-Efficacy: Student Engagement,11.9234,2048,TCHWGT,BTGSVNT3.sav,TIMSS,2019,1
TALIS,2018,SVN,T3DISC,disciplinary_climate,Disciplinary Climate,8.7694,1919,TCHWGT,BTGSVNT3.sav,PISA,2022,4
TALIS,2018,SVN,T3DISC,disciplinary_climate,Disciplinary Climate,8.7694,1919,TCHWGT,BTGSVNT3.sav,TIMSS,2019,1
TALIS,2018,SVN,T3COLES,prof_collaboration,Professional Collaboration,9.1285,2050,TCHWGT,BTGSVNT3.sav,PISA,2022,4
TALIS,2018,SVN,T3COLES,prof_collaboration,Professional Collaboration,9.1285,2050,TCHWGT,BTGSVNT3.sav,TIMSS,2019,1
TALIS,2018,SVN,T3JSENV,job_sat_environment,Job Satisfaction: Work Environment,11.9888,2024,TCHWGT,BTGSVNT3.sav,PISA,2022,4
TALIS,2018,SVN,T3JSENV,job_sat_environment,Job Satisfaction: Work Environment,11.9888,2024,TCHWGT,BTGSVNT3.sav,TIMSS,2019,1
TALIS,2018,SVN,T3JSPRO,job_sat_profession,Job Satisfaction: Profession,11.4569,2026,TCHWGT,BTGSVNT3.sav,PISA,2022,4
TALIS,2018,SVN,T3JSPRO,job_sat_profession,Job Satisfaction: Profession,11.4569,2026,TCHWGT,BTGSVNT3.sav,TIMSS,2019,1
TALIS,2018,SVN,T3EFFPD,effective_pd,Effective Professional Development,10.1697,1777,TCHWGT,BTGSVNT3.sav,PISA,2022,4
TALIS,2018,SVN,T3EFFPD,effective_pd,Effective Professional Development,10.1697,1777,TCHWGT,BTGSVNT3.sav,TIMSS,2019,1
TALIS,2018,TUR,T3SECLS,self_efficacy_cls_mgmt,Self-Efficacy: Classroom Management,12.638,3899,TCHWGT,BTGTURT3.sav,PISA,2022,4
TALIS,2018,TUR,T3SECLS,self_efficacy_cls_mgmt,Self-Efficacy: Classroom Management,12.638,3899,TCHWGT,BTGTURT3.sav,TIMSS,2019,1
TALIS,2018,TUR,T3SEINS,self_efficacy_instruction,Self-Efficacy: Instruction,12.598,3898,TCHWGT,BTGTURT3.sav,PISA,2022,4
TALIS,2018,TUR,T3SEINS,self_efficacy_instruction,Self-Efficacy: Instruction,12.598,3898,TCHWGT,BTGTURT3.sav,TIMSS,2019,1
TALIS,2018,TUR,T3SEENG,self_efficacy_engagement,Self-Efficacy: Student Engagement,11.9255,3901,TCHWGT,BTGTURT3.sav,PISA,2022,4
TALIS,2018,TUR,T3SEENG,self_efficacy_engagement,Self-Efficacy: Student Engagement,11.9255,3901,TCHWGT,BTGTURT3.sav,TIMSS,2019,1
TALIS,2018,TUR,T3DISC,disciplinary_climate,Disciplinary Climate,8.7724,3218,TCHWGT,BTGTURT3.sav,PISA,2022,4
TALIS,2018,TUR,T3DISC,disciplinary_climate,Disciplinary Climate,8.7724,3218,TCHWGT,BTGTURT3.sav,TIMSS,2019,1
TALIS,2018,TUR,T3COLES,prof_collaboration,Professional Collaboration,9.1299,3911,TCHWGT,BTGTURT3.sav,PISA,2022,4
TALIS,2018,TUR,T3COLES,prof_collaboration,Professional Collaboration,9.1299,3911,TCHWGT,BTGTURT3.sav,TIMSS,2019,1
TALIS,2018,TUR,T3JSENV,job_sat_environment,Job Satisfaction: Work Environment,11.9874,3895,TCHWGT,BTGTURT3.sav,PISA,2022,4
TALIS,2018,TUR,T3JSENV,job_sat_environment,Job Satisfaction: Work Environment,11.9874,3895,TCHWGT,BTGTURT3.sav,TIMSS,2019,1
TALIS,2018,TUR,T3JSPRO,job_sat_profession,Job Satisfaction: Profession,11.4571,3901,TCHWGT,BTGTURT3.sav,PISA,2022,4
TALIS,2018,TUR,T3JSPRO,job_sat_profession,Job Satisfaction: Profession,11.4571,3901,TCHWGT,BTGTURT3.sav,TIMSS,2019,1
TALIS,2018,TUR,T3EFFPD,effective_pd,Effective Professional Development,12.9966,2604,TCHWGT,BTGTURT3.sav,PISA,2022,4
TALIS,2018,TUR,T3EFFPD,effective_pd,Effective Professional Development,12.9966,2604,TCHWGT,BTGTURT3.sav,TIMSS,2019,1
TALIS,2018,VNM,T3SECLS,self_efficacy_cls_mgmt,Self-Efficacy: Classroom Management,12.6385,3818,TCHWGT,BTGVNMT3.sav,PISA,2022,4
TALIS,2018,VNM,T3SECLS,self_efficacy_cls_mgmt,Self-Efficacy: Classroom Management,12.6385,3818,TCHWGT,BTGVNMT3.sav,TIMSS,2019,1
TALIS,2018,VNM,T3SEINS,self_efficacy_instruction,Self-Efficacy: Instruction,12.5959,3818,TCHWGT,BTGVNMT3.sav,PISA,2022,4
TALIS,2018,VNM,T3SEINS,self_efficacy_instruction,Self-Efficacy: Instruction,12.5959,3818,TCHWGT,BTGVNMT3.sav,TIMSS,2019,1
TALIS,2018,VNM,T3SEENG,self_efficacy_engagement,Self-Efficacy: Student Engagement,11.9237,3818,TCHWGT,BTGVNMT3.sav,PISA,2022,4
TALIS,2018,VNM,T3SEENG,self_efficacy_engagement,Self-Efficacy: Student Engagement,11.9237,3818,TCHWGT,BTGVNMT3.sav,TIMSS,2019,1
TALIS,2018,VNM,T3DISC,disciplinary_climate,Disciplinary Climate,8.7695,1873,TCHWGT,BTGVNMT3.sav,PISA,2022,4
TALIS,2018,VNM,T3DISC,disciplinary_climate,Disciplinary Climate,8.7695,1873,TCHWGT,BTGVNMT3.sav,TIMSS,2019,1
TALIS,2018,VNM,T3COLES,prof_collaboration,Professional Collaboration,9.1281,3820,TCHWGT,BTGVNMT3.sav,PISA,2022,4
TALIS,2018,VNM,T3COLES,prof_collaboration,Professional Collaboration,9.1281,3820,TCHWGT,BTGVNMT3.sav,TIMSS,2019,1
TALIS,2018,VNM,T3JSENV,job_sat_environment,Job Satisfaction: Work Environment,11.9884,3818,TCHWGT,BTGVNMT3.sav,PISA,2022,4
TALIS,2018,VNM,T3JSENV,job_sat_environment,Job Satisfaction: Work Environment,11.9884,3818,TCHWGT,BTGVNMT3.sav,TIMSS,2019,1
TALIS,2018,VNM,T3JSPRO,job_sat_profession,Job Satisfaction: Profession,11.4586,3818,TCHWGT,BTGVNMT3.sav,PISA,2022,4
TALIS,2018,VNM,T3JSPRO,job_sat_profession,Job Satisfaction: Profession,11.4586,3818,TCHWGT,BTGVNMT3.sav,TIMSS,2019,1
TALIS,2018,VNM,T3EFFPD,effective_pd,Effective Professional Development,14.6792,3058,TCHWGT,BTGVNMT3.sav,PISA,2022,4
TALIS,2018,VNM,T3EFFPD,effective_pd,Effective Professional Development,14.6792,3058,TCHWGT,BTGVNMT3.sav,TIMSS,2019,1
TALIS,2018,ZAF,T3SECLS,self_efficacy_cls_mgmt,Self-Efficacy: Classroom Management,12.6385,2027,TCHWGT,BTGZAFT3.sav,PISA,2022,4
TALIS,2018,ZAF,T3SECLS,self_efficacy_cls_mgmt,Self-Efficacy: Classroom Management,12.6385,2027,TCHWGT,BTGZAFT3.sav,TIMSS,2019,1
TALIS,2018,ZAF,T3SEINS,self_efficacy_instruction,Self-Efficacy: Instruction,12.5955,2026,TCHWGT,BTGZAFT3.sav,PISA,2022,4
TALIS,2018,ZAF,T3SEINS,self_efficacy_instruction,Self-Efficacy: Instruction,12.5955,2026,TCHWGT,BTGZAFT3.sav,TIMSS,2019,1
TALIS,2018,ZAF,T3SEENG,self_efficacy_engagement,Self-Efficacy: Student Engagement,11.9228,2029,TCHWGT,BTGZAFT3.sav,PISA,2022,4
TALIS,2018,ZAF,T3SEENG,self_efficacy_engagement,Self-Efficacy: Student Engagement,11.9228,2029,TCHWGT,BTGZAFT3.sav,TIMSS,2019,1
TALIS,2018,ZAF,T3DISC,disciplinary_climate,Disciplinary Climate,8.7696,1728,TCHWGT,BTGZAFT3.sav,PISA,2022,4
TALIS,2018,ZAF,T3DISC,disciplinary_climate,Disciplinary Climate,8.7696,1728,TCHWGT,BTGZAFT3.sav,TIMSS,2019,1
TALIS,2018,ZAF,T3COLES,prof_collaboration,Professional Collaboration,9.1284,2027,TCHWGT,BTGZAFT3.sav,PISA,2022,4
TALIS,2018,ZAF,T3COLES,prof_collaboration,Professional Collaboration,9.1284,2027,TCHWGT,BTGZAFT3.sav,TIMSS,2019,1
TALIS,2018,ZAF,T3JSENV,job_sat_environment,Job Satisfaction: Work Environment,11.9885,2021,TCHWGT,BTGZAFT3.sav,PISA,2022,4
TALIS,2018,ZAF,T3JSENV,job_sat_environment,Job Satisfaction: Work Environment,11.9885,2021,TCHWGT,BTGZAFT3.sav,TIMSS,2019,1
TALIS,2018,ZAF,T3JSPRO,job_sat_profession,Job Satisfaction: Profession,11.4568,2019,TCHWGT,BTGZAFT3.sav,PISA,2022,4
TALIS,2018,ZAF,T3JSPRO,job_sat_profession,Job Satisfaction: Profession,11.4568,2019,TCHWGT,BTGZAFT3.sav,TIMSS,2019,1
TALIS,2018,ZAF,T3EFFPD,effective_pd,Effective Professional Development,12.1129,1628,TCHWGT,BTGZAFT3.sav,PISA,2022,4
TALIS,2018,ZAF,T3EFFPD,effective_pd,Effective Professional Development,12.1129,1628,TCHWGT,BTGZAFT3.sav,TIMSS,2019,1
TALIS,2018,ARE,T3SECLS,self_efficacy_cls_mgmt,Self-Efficacy: Classroom Management,12.6382,8450,TCHWGT,BTGARET3.sav,PISA,2025,7
TALIS,2018,ARE,T3SECLS,self_efficacy_cls_mgmt,Self-Efficacy: Classroom Management,12.6382,8450,TCHWGT,BTGARET3.sav,PISA,2025,7
TALIS,2018,ARE,T3DISC,disciplinary_climate,Disciplinary Climate,8.7688,6234,TCHWGT,BTGARET3.sav,PISA,2025,7
TALIS,2018,ARE,T3DISC,disciplinary_climate,Disciplinary Climate,8.7688,6234,TCHWGT,BTGARET3.sav,PISA,2025,7
TALIS,2018,ARE,T3JSPRO,job_sat_profession,Job Satisfaction: Profession,11.4571,8423,TCHWGT,BTGARET3.sav,PISA,2025,7
TALIS,2018,ARE,T3JSPRO,job_sat_profession,Job Satisfaction: Profession,11.4571,8423,TCHWGT,BTGARET3.sav,PISA,2025,7
TALIS,2018,ARE,T3EFFPD,effective_pd,Effective Professional Development,11.3961,7311,TCHWGT,BTGARET3.sav,PISA,2025,7
TALIS,2018,ARE,T3EFFPD,effective_pd,Effective Professional Development,11.3961,7311,TCHWGT,BTGARET3.sav,PISA,2025,7
TALIS,2018,AUS,T3SECLS,self_efficacy_cls_mgmt,Self-Efficacy: Classroom Management,12.6385,3245,TCHWGT,BTGAUST3.sav,PISA,2025,7
TALIS,2018,AUS,T3SECLS,self_efficacy_cls_mgmt,Self-Efficacy: Classroom Management,12.6385,3245,TCHWGT,BTGAUST3.sav,PISA,2025,7
TALIS,2018,AUS,T3DISC,disciplinary_climate,Disciplinary Climate,8.769,2805,TCHWGT,BTGAUST3.sav,PISA,2025,7
TALIS,2018,AUS,T3DISC,disciplinary_climate,Disciplinary Climate,8.769,2805,TCHWGT,BTGAUST3.sav,PISA,2025,7
TALIS,2018,AUS,T3JSPRO,job_sat_profession,Job Satisfaction: Profession,11.4569,3201,TCHWGT,BTGAUST3.sav,PISA,2025,7
TALIS,2018,AUS,T3JSPRO,job_sat_profession,Job Satisfaction: Profession,11.4569,3201,TCHWGT,BTGAUST3.sav,PISA,2025,7
TALIS,2018,AUS,T3EFFPD,effective_pd,Effective Professional Development,12.2655,3007,TCHWGT,BTGAUST3.sav,PISA,2025,7
TALIS,2018,AUS,T3EFFPD,effective_pd,Effective Professional Development,12.2655,3007,TCHWGT,BTGAUST3.sav,PISA,2025,7
TALIS,2018,AUT,T3SECLS,self_efficacy_cls_mgmt,Self-Efficacy: Classroom Management,12.6394,4150,TCHWGT,BTGAUTT3.sav,PISA,2025,7
TALIS,2018,AUT,T3SECLS,self_efficacy_cls_mgmt,Self-Efficacy: Classroom Management,12.6394,4150,TCHWGT,BTGAUTT3.sav,PISA,2025,7
TALIS,2018,AUT,T3DISC,disciplinary_climate,Disciplinary Climate,8.7693,3595,TCHWGT,BTGAUTT3.sav,PISA,2025,7
TALIS,2018,AUT,T3DISC,disciplinary_climate,Disciplinary Climate,8.7693,3595,TCHWGT,BTGAUTT3.sav,PISA,2025,7
TALIS,2018,AUT,T3JSPRO,job_sat_profession,Job Satisfaction: Profession,11.4571,4116,TCHWGT,BTGAUTT3.sav,PISA,2025,7
TALIS,2018,AUT,T3JSPRO,job_sat_profession,Job Satisfaction: Profession,11.4571,4116,TCHWGT,BTGAUTT3.sav,PISA,2025,7
TALIS,2018,AUT,T3EFFPD,effective_pd,Effective Professional Development,12.2129,3307,TCHWGT,BTGAUTT3.sav,PISA,2025,7
TALIS,2018,AUT,T3EFFPD,effective_pd,Effective Professional Development,12.2129,3307,TCHWGT,BTGAUTT3.sav,PISA,2025,7
TALIS,2018,BEL,T3SECLS,self_efficacy_cls_mgmt,Self-Efficacy: Classroom Management,12.6381,5077,TCHWGT,BTGBELT3.sav,PISA,2025,7
TALIS,2018,BEL,T3SECLS,self_efficacy_cls_mgmt,Self-Efficacy: Classroom Management,12.6381,5077,TCHWGT,BTGBELT3.sav,PISA,2025,7
TALIS,2018,BEL,T3DISC,disciplinary_climate,Disciplinary Climate,8.7689,4314,TCHWGT,BTGBELT3.sav,PISA,2025,7
TALIS,2018,BEL,T3DISC,disciplinary_climate,Disciplinary Climate,8.7689,4314,TCHWGT,BTGBELT3.sav,PISA,2025,7
TALIS,2018,BEL,T3JSPRO,job_sat_profession,Job Satisfaction: Profession,11.4569,5034,TCHWGT,BTGBELT3.sav,PISA,2025,7
TALIS,2018,BEL,T3JSPRO,job_sat_profession,Job Satisfaction: Profession,11.4569,5034,TCHWGT,BTGBELT3.sav,PISA,2025,7
TALIS,2018,BEL,T3EFFPD,effective_pd,Effective Professional Development,12.2789,3419,TCHWGT,BTGBELT3.sav,PISA,2025,7
TALIS,2018,BEL,T3EFFPD,effective_pd,Effective Professional Development,12.2789,3419,TCHWGT,BTGBELT3.sav,PISA,2025,7
TALIS,2018,BGR,T3SECLS,self_efficacy_cls_mgmt,Self-Efficacy: Classroom Management,12.6373,2837,TCHWGT,BTGBGRT3.sav,PISA,2025,7
TALIS,2018,BGR,T3SECLS,self_efficacy_cls_mgmt,Self-Efficacy: Classroom Management,12.6373,2837,TCHWGT,BTGBGRT3.sav,PISA,2025,7
TALIS,2018,BGR,T3DISC,disciplinary_climate,Disciplinary Climate,8.7704,2781,TCHWGT,BTGBGRT3.sav,PISA,2025,7
TALIS,2018,BGR,T3DISC,disciplinary_climate,Disciplinary Climate,8.7704,2781,TCHWGT,BTGBGRT3.sav,PISA,2025,7
TALIS,2018,BGR,T3JSPRO,job_sat_profession,Job Satisfaction: Profession,11.4547,2820,TCHWGT,BTGBGRT3.sav,PISA,2025,7
TALIS,2018,BGR,T3JSPRO,job_sat_profession,Job Satisfaction: Profession,11.4547,2820,TCHWGT,BTGBGRT3.sav,PISA,2025,7
TALIS,2018,BGR,T3EFFPD,effective_pd,Effective Professional Development,12.2859,1846,TCHWGT,BTGBGRT3.sav,PISA,2025,7
TALIS,2018,BGR,T3EFFPD,effective_pd,Effective Professional Development,12.2859,1846,TCHWGT,BTGBGRT3.sav,PISA,2025,7
TALIS,2018,BRA,T3SECLS,self_efficacy_cls_mgmt,Self-Efficacy: Classroom Management,12.6411,2379,TCHWGT,BTGBRAT3.sav,PISA,2025,7
TALIS,2018,BRA,T3SECLS,self_efficacy_cls_mgmt,Self-Efficacy: Classroom Management,12.6411,2379,TCHWGT,BTGBRAT3.sav,PISA,2025,7
TALIS,2018,BRA,T3DISC,disciplinary_climate,Disciplinary Climate,8.7685,1988,TCHWGT,BTGBRAT3.sav,PISA,2025,7
TALIS,2018,BRA,T3DISC,disciplinary_climate,Disciplinary Climate,8.7685,1988,TCHWGT,BTGBRAT3.sav,PISA,2025,7
TALIS,2018,BRA,T3JSPRO,job_sat_profession,Job Satisfaction: Profession,11.4577,2357,TCHWGT,BTGBRAT3.sav,PISA,2025,7
TALIS,2018,BRA,T3JSPRO,job_sat_profession,Job Satisfaction: Profession,11.4577,2357,TCHWGT,BTGBRAT3.sav,PISA,2025,7
TALIS,2018,BRA,T3EFFPD,effective_pd,Effective Professional Development,13.0083,1775,TCHWGT,BTGBRAT3.sav,PISA,2025,7
TALIS,2018,BRA,T3EFFPD,effective_pd,Effective Professional Development,13.0083,1775,TCHWGT,BTGBRAT3.sav,PISA,2025,7
TALIS,2018,COL,T3SECLS,self_efficacy_cls_mgmt,Self-Efficacy: Classroom Management,12.6381,2357,TCHWGT,BTGCOLT3.sav,PISA,2025,7
TALIS,2018,COL,T3SECLS,self_efficacy_cls_mgmt,Self-Efficacy: Classroom Management,12.6381,2357,TCHWGT,BTGCOLT3.sav,PISA,2025,7
TALIS,2018,COL,T3DISC,disciplinary_climate,Disciplinary Climate,8.7702,2220,TCHWGT,BTGCOLT3.sav,PISA,2025,7
TALIS,2018,COL,T3DISC,disciplinary_climate,Disciplinary Climate,8.7702,2220,TCHWGT,BTGCOLT3.sav,PISA,2025,7
TALIS,2018,COL,T3JSPRO,job_sat_profession,Job Satisfaction: Profession,11.4572,2344,TCHWGT,BTGCOLT3.sav,PISA,2025,7
TALIS,2018,COL,T3JSPRO,job_sat_profession,Job Satisfaction: Profession,11.4572,2344,TCHWGT,BTGCOLT3.sav,PISA,2025,7
TALIS,2018,COL,T3EFFPD,effective_pd,Effective Professional Development,12.0465,1918,TCHWGT,BTGCOLT3.sav,PISA,2025,7
TALIS,2018,COL,T3EFFPD,effective_pd,Effective Professional Development,12.0465,1918,TCHWGT,BTGCOLT3.sav,PISA,2025,7
TALIS,2018,CYP,T3SECLS,self_efficacy_cls_mgmt,Self-Efficacy: Classroom Management,12.6393,1566,TCHWGT,BTGCYPT3.sav,PISA,2025,7
TALIS,2018,CYP,T3SECLS,self_efficacy_cls_mgmt,Self-Efficacy: Classroom Management,12.6393,1566,TCHWGT,BTGCYPT3.sav,PISA,2025,7
TALIS,2018,CYP,T3DISC,disciplinary_climate,Disciplinary Climate,8.7692,1350,TCHWGT,BTGCYPT3.sav,PISA,2025,7
TALIS,2018,CYP,T3DISC,disciplinary_climate,Disciplinary Climate,8.7692,1350,TCHWGT,BTGCYPT3.sav,PISA,2025,7
TALIS,2018,CYP,T3JSPRO,job_sat_profession,Job Satisfaction: Profession,11.457,1558,TCHWGT,BTGCYPT3.sav,PISA,2025,7
TALIS,2018,CYP,T3JSPRO,job_sat_profession,Job Satisfaction: Profession,11.457,1558,TCHWGT,BTGCYPT3.sav,PISA,2025,7
TALIS,2018,CYP,T3EFFPD,effective_pd,Effective Professional Development,12.2152,1173,TCHWGT,BTGCYPT3.sav,PISA,2025,7
TALIS,2018,CYP,T3EFFPD,effective_pd,Effective Professional Development,12.2152,1173,TCHWGT,BTGCYPT3.sav,PISA,2025,7
TALIS,2018,DNK,T3SECLS,self_efficacy_cls_mgmt,Self-Efficacy: Classroom Management,12.638,1895,TCHWGT,BTGDNKT3.sav,PISA,2025,7
TALIS,2018,DNK,T3SECLS,self_efficacy_cls_mgmt,Self-Efficacy: Classroom Management,12.638,1895,TCHWGT,BTGDNKT3.sav,PISA,2025,7
TALIS,2018,DNK,T3DISC,disciplinary_climate,Disciplinary Climate,8.7676,1740,TCHWGT,BTGDNKT3.sav,PISA,2025,7
TALIS,2018,DNK,T3DISC,disciplinary_climate,Disciplinary Climate,8.7676,1740,TCHWGT,BTGDNKT3.sav,PISA,2025,7
TALIS,2018,DNK,T3JSPRO,job_sat_profession,Job Satisfaction: Profession,11.4555,1879,TCHWGT,BTGDNKT3.sav,PISA,2025,7
TALIS,2018,DNK,T3JSPRO,job_sat_profession,Job Satisfaction: Profession,11.4555,1879,TCHWGT,BTGDNKT3.sav,PISA,2025,7
TALIS,2018,DNK,T3EFFPD,effective_pd,Effective Professional Development,10.4206,1241,TCHWGT,BTGDNKT3.sav,PISA,2025,7
TALIS,2018,DNK,T3EFFPD,effective_pd,Effective Professional Development,10.4206,1241,TCHWGT,BTGDNKT3.sav,PISA,2025,7
TALIS,2018,ESP,T3SECLS,self_efficacy_cls_mgmt,Self-Efficacy: Classroom Management,12.6385,7324,TCHWGT,BTGESPT3.sav,PISA,2025,7
TALIS,2018,ESP,T3SECLS,self_efficacy_cls_mgmt,Self-Efficacy: Classroom Management,12.6385,7324,TCHWGT,BTGESPT3.sav,PISA,2025,7
TALIS,2018,ESP,T3DISC,disciplinary_climate,Disciplinary Climate,8.7691,6520,TCHWGT,BTGESPT3.sav,PISA,2025,7
TALIS,2018,ESP,T3DISC,disciplinary_climate,Disciplinary Climate,8.7691,6520,TCHWGT,BTGESPT3.sav,PISA,2025,7
TALIS,2018,ESP,T3JSPRO,job_sat_profession,Job Satisfaction: Profession,11.4575,7295,TCHWGT,BTGESPT3.sav,PISA,2025,7
TALIS,2018,ESP,T3JSPRO,job_sat_profession,Job Satisfaction: Profession,11.4575,7295,TCHWGT,BTGESPT3.sav,PISA,2025,7
TALIS,2018,ESP,T3EFFPD,effective_pd,Effective Professional Development,14.9596,5450,TCHWGT,BTGESPT3.sav,PISA,2025,7
TALIS,2018,ESP,T3EFFPD,effective_pd,Effective Professional Development,14.9596,5450,TCHWGT,BTGESPT3.sav,PISA,2025,7
TALIS,2018,FIN,T3SECLS,self_efficacy_cls_mgmt,Self-Efficacy: Classroom Management,12.6384,2817,TCHWGT,BTGFINT3.sav,PISA,2025,7
TALIS,2018,FIN,T3SECLS,self_efficacy_cls_mgmt,Self-Efficacy: Classroom Management,12.6384,2817,TCHWGT,BTGFINT3.sav,PISA,2025,7
TALIS,2018,FIN,T3DISC,disciplinary_climate,Disciplinary Climate,8.769,2394,TCHWGT,BTGFINT3.sav,PISA,2025,7
TALIS,2018,FIN,T3DISC,disciplinary_climate,Disciplinary Climate,8.769,2394,TCHWGT,BTGFINT3.sav,PISA,2025,7
TALIS,2018,FIN,T3JSPRO,job_sat_profession,Job Satisfaction: Profession,11.4568,2801,TCHWGT,BTGFINT3.sav,PISA,2025,7
TALIS,2018,FIN,T3JSPRO,job_sat_profession,Job Satisfaction: Profession,11.4568,2801,TCHWGT,BTGFINT3.sav,PISA,2025,7
TALIS,2018,FIN,T3EFFPD,effective_pd,Effective Professional Development,12.2428,2064,TCHWGT,BTGFINT3.sav,PISA,2025,7
TALIS,2018,FIN,T3EFFPD,effective_pd,Effective Professional Development,12.2428,2064,TCHWGT,BTGFINT3.sav,PISA,2025,7
TALIS,2018,FRA,T3SECLS,self_efficacy_cls_mgmt,Self-Efficacy: Classroom Management,12.6383,2863,TCHWGT,BTGFRAT3.sav,PISA,2025,7
TALIS,2018,FRA,T3SECLS,self_efficacy_cls_mgmt,Self-Efficacy: Classroom Management,12.6383,2863,TCHWGT,BTGFRAT3.sav,PISA,2025,7
TALIS,2018,FRA,T3DISC,disciplinary_climate,Disciplinary Climate,8.7691,2638,TCHWGT,BTGFRAT3.sav,PISA,2025,7
TALIS,2018,FRA,T3DISC,disciplinary_climate,Disciplinary Climate,8.7691,2638,TCHWGT,BTGFRAT3.sav,PISA,2025,7
TALIS,2018,FRA,T3JSPRO,job_sat_profession,Job Satisfaction: Profession,11.4566,2819,TCHWGT,BTGFRAT3.sav,PISA,2025,7
TALIS,2018,FRA,T3JSPRO,job_sat_profession,Job Satisfaction: Profession,11.4566,2819,TCHWGT,BTGFRAT3.sav,PISA,2025,7
TALIS,2018,FRA,T3EFFPD,effective_pd,Effective Professional Development,14.0241,1701,TCHWGT,BTGFRAT3.sav,PISA,2025,7
TALIS,2018,FRA,T3EFFPD,effective_pd,Effective Professional Development,14.0241,1701,TCHWGT,BTGFRAT3.sav,PISA,2025,7
TALIS,2018,GEO,T3SECLS,self_efficacy_cls_mgmt,Self-Efficacy: Classroom Management,12.6369,2999,TCHWGT,BTGGEOT3.sav,PISA,2025,7
TALIS,2018,GEO,T3SECLS,self_efficacy_cls_mgmt,Self-Efficacy: Classroom Management,12.6369,2999,TCHWGT,BTGGEOT3.sav,PISA,2025,7
TALIS,2018,GEO,T3DISC,disciplinary_climate,Disciplinary Climate,8.7705,1987,TCHWGT,BTGGEOT3.sav,PISA,2025,7
TALIS,2018,GEO,T3DISC,disciplinary_climate,Disciplinary Climate,8.7705,1987,TCHWGT,BTGGEOT3.sav,PISA,2025,7
TALIS,2018,GEO,T3JSPRO,job_sat_profession,Job Satisfaction: Profession,11.4538,3007,TCHWGT,BTGGEOT3.sav,PISA,2025,7
TALIS,2018,GEO,T3JSPRO,job_sat_profession,Job Satisfaction: Profession,11.4538,3007,TCHWGT,BTGGEOT3.sav,PISA,2025,7
TALIS,2018,GEO,T3EFFPD,effective_pd,Effective Professional Development,12.0047,2529,TCHWGT,BTGGEOT3.sav,PISA,2025,7
TALIS,2018,GEO,T3EFFPD,effective_pd,Effective Professional Development,12.0047,2529,TCHWGT,BTGGEOT3.sav,PISA,2025,7
TALIS,2018,HUN,T3SECLS,self_efficacy_cls_mgmt,Self-Efficacy: Classroom Management,12.6385,3179,TCHWGT,BTGHUNT3.sav,PISA,2025,7
TALIS,2018,HUN,T3SECLS,self_efficacy_cls_mgmt,Self-Efficacy: Classroom Management,12.6385,3179,TCHWGT,BTGHUNT3.sav,PISA,2025,7
TALIS,2018,HUN,T3DISC,disciplinary_climate,Disciplinary Climate,8.7689,2796,TCHWGT,BTGHUNT3.sav,PISA,2025,7
TALIS,2018,HUN,T3DISC,disciplinary_climate,Disciplinary Climate,8.7689,2796,TCHWGT,BTGHUNT3.sav,PISA,2025,7
TALIS,2018,HUN,T3JSPRO,job_sat_profession,Job Satisfaction: Profession,11.4578,3177,TCHWGT,BTGHUNT3.sav,PISA,2025,7
TALIS,2018,HUN,T3JSPRO,job_sat_profession,Job Satisfaction: Profession,11.4578,3177,TCHWGT,BTGHUNT3.sav,PISA,2025,7
TALIS,2018,ISR,T3SECLS,self_efficacy_cls_mgmt,Self-Efficacy: Classroom Management,12.6387,2359,TCHWGT,BTGISRT3.sav,PISA,2025,7
TALIS,2018,ISR,T3SECLS,self_efficacy_cls_mgmt,Self-Efficacy: Classroom Management,12.6387,2359,TCHWGT,BTGISRT3.sav,PISA,2025,7
TALIS,2018,ISR,T3DISC,disciplinary_climate,Disciplinary Climate,8.7691,1968,TCHWGT,BTGISRT3.sav,PISA,2025,7
TALIS,2018,ISR,T3DISC,disciplinary_climate,Disciplinary Climate,8.7691,1968,TCHWGT,BTGISRT3.sav,PISA,2025,7
TALIS,2018,ISR,T3JSPRO,job_sat_profession,Job Satisfaction: Profession,11.457,2304,TCHWGT,BTGISRT3.sav,PISA,2025,7
TALIS,2018,ISR,T3JSPRO,job_sat_profession,Job Satisfaction: Profession,11.457,2304,TCHWGT,BTGISRT3.sav,PISA,2025,7
TALIS,2018,ISR,T3EFFPD,effective_pd,Effective Professional Development,12.2089,1874,TCHWGT,BTGISRT3.sav,PISA,2025,7
TALIS,2018,ISR,T3EFFPD,effective_pd,Effective Professional Development,12.2089,1874,TCHWGT,BTGISRT3.sav,PISA,2025,7
TALIS,2018,ITA,T3SECLS,self_efficacy_cls_mgmt,Self-Efficacy: Classroom Management,12.6384,3521,TCHWGT,BTGITAT3.sav,PISA,2025,7
TALIS,2018,ITA,T3SECLS,self_efficacy_cls_mgmt,Self-Efficacy: Classroom Management,12.6384,3521,TCHWGT,BTGITAT3.sav,PISA,2025,7
TALIS,2018,ITA,T3DISC,disciplinary_climate,Disciplinary Climate,8.7691,2762,TCHWGT,BTGITAT3.sav,PISA,2025,7
TALIS,2018,ITA,T3DISC,disciplinary_climate,Disciplinary Climate,8.7691,2762,TCHWGT,BTGITAT3.sav,PISA,2025,7
TALIS,2018,ITA,T3JSPRO,job_sat_profession,Job Satisfaction: Profession,11.457,3508,TCHWGT,BTGITAT3.sav,PISA,2025,7
TALIS,2018,ITA,T3JSPRO,job_sat_profession,Job Satisfaction: Profession,11.457,3508,TCHWGT,BTGITAT3.sav,PISA,2025,7
TALIS,2018,ITA,T3EFFPD,effective_pd,Effective Professional Development,12.233,2804,TCHWGT,BTGITAT3.sav,PISA,2025,7
TALIS,2018,ITA,T3EFFPD,effective_pd,Effective Professional Development,12.233,2804,TCHWGT,BTGITAT3.sav,PISA,2025,7
TALIS,2018,KOR,T3SECLS,self_efficacy_cls_mgmt,Self-Efficacy: Classroom Management,12.6404,2864,TCHWGT,BTGKORT3.sav,PISA,2025,7
TALIS,2018,KOR,T3SECLS,self_efficacy_cls_mgmt,Self-Efficacy: Classroom Management,12.6404,2864,TCHWGT,BTGKORT3.sav,PISA,2025,7
TALIS,2018,KOR,T3DISC,disciplinary_climate,Disciplinary Climate,8.767,2694,TCHWGT,BTGKORT3.sav,PISA,2025,7
TALIS,2018,KOR,T3DISC,disciplinary_climate,Disciplinary Climate,8.767,2694,TCHWGT,BTGKORT3.sav,PISA,2025,7
TALIS,2018,KOR,T3JSPRO,job_sat_profession,Job Satisfaction: Profession,11.4545,2873,TCHWGT,BTGKORT3.sav,PISA,2025,7
TALIS,2018,KOR,T3JSPRO,job_sat_profession,Job Satisfaction: Profession,11.4545,2873,TCHWGT,BTGKORT3.sav,PISA,2025,7
TALIS,2018,KOR,T3EFFPD,effective_pd,Effective Professional Development,11.9715,2468,TCHWGT,BTGKORT3.sav,PISA,2025,7
TALIS,2018,KOR,T3EFFPD,effective_pd,Effective Professional Development,11.9715,2468,TCHWGT,BTGKORT3.sav,PISA,2025,7
TALIS,2018,LTU,T3SECLS,self_efficacy_cls_mgmt,Self-Efficacy: Classroom Management,12.6363,3740,TCHWGT,BTGLTUT3.sav,PISA,2025,7
TALIS,2018,LTU,T3SECLS,self_efficacy_cls_mgmt,Self-Efficacy: Classroom Management,12.6363,3740,TCHWGT,BTGLTUT3.sav,PISA,2025,7
TALIS,2018,LTU,T3DISC,disciplinary_climate,Disciplinary Climate,8.7709,3528,TCHWGT,BTGLTUT3.sav,PISA,2025,7
TALIS,2018,LTU,T3DISC,disciplinary_climate,Disciplinary Climate,8.7709,3528,TCHWGT,BTGLTUT3.sav,PISA,2025,7
TALIS,2018,LTU,T3JSPRO,job_sat_profession,Job Satisfaction: Profession,11.4565,3722,TCHWGT,BTGLTUT3.sav,PISA,2025,7
TALIS,2018,LTU,T3JSPRO,job_sat_profession,Job Satisfaction: Profession,11.4565,3722,TCHWGT,BTGLTUT3.sav,PISA,2025,7
TALIS,2018,LTU,T3EFFPD,effective_pd,Effective Professional Development,12.2463,3320,TCHWGT,BTGLTUT3.sav,PISA,2025,7
TALIS,2018,LTU,T3EFFPD,effective_pd,Effective Professional Development,12.2463,3320,TCHWGT,BTGLTUT3.sav,PISA,2025,7
TALIS,2018,MEX,T3SECLS,self_efficacy_cls_mgmt,Self-Efficacy: Classroom Management,12.6375,2918,TCHWGT,BTGMEXT3.sav,PISA,2025,7
TALIS,2018,MEX,T3SECLS,self_efficacy_cls_mgmt,Self-Efficacy: Classroom Management,12.6375,2918,TCHWGT,BTGMEXT3.sav,PISA,2025,7
TALIS,2018,MEX,T3DISC,disciplinary_climate,Disciplinary Climate,8.7671,2581,TCHWGT,BTGMEXT3.sav,PISA,2025,7
TALIS,2018,MEX,T3DISC,disciplinary_climate,Disciplinary Climate,8.7671,2581,TCHWGT,BTGMEXT3.sav,PISA,2025,7
TALIS,2018,MEX,T3JSPRO,job_sat_profession,Job Satisfaction: Profession,11.4571,2910,TCHWGT,BTGMEXT3.sav,PISA,2025,7
TALIS,2018,MEX,T3JSPRO,job_sat_profession,Job Satisfaction: Profession,11.4571,2910,TCHWGT,BTGMEXT3.sav,PISA,2025,7
TALIS,2018,MEX,T3EFFPD,effective_pd,Effective Professional Development,12.1408,2169,TCHWGT,BTGMEXT3.sav,PISA,2025,7
TALIS,2018,MEX,T3EFFPD,effective_pd,Effective Professional Development,12.1408,2169,TCHWGT,BTGMEXT3.sav,PISA,2025,7
TALIS,2018,NLD,T3SECLS,self_efficacy_cls_mgmt,Self-Efficacy: Classroom Management,12.6384,1758,TCHWGT,BTGNLDT3.sav,PISA,2025,7
TALIS,2018,NLD,T3SECLS,self_efficacy_cls_mgmt,Self-Efficacy: Classroom Management,12.6384,1758,TCHWGT,BTGNLDT3.sav,PISA,2025,7
TALIS,2018,NLD,T3DISC,disciplinary_climate,Disciplinary Climate,8.769,1407,TCHWGT,BTGNLDT3.sav,PISA,2025,7
TALIS,2018,NLD,T3DISC,disciplinary_climate,Disciplinary Climate,8.769,1407,TCHWGT,BTGNLDT3.sav,PISA,2025,7
TALIS,2018,NLD,T3JSPRO,job_sat_profession,Job Satisfaction: Profession,11.457,1727,TCHWGT,BTGNLDT3.sav,PISA,2025,7
TALIS,2018,NLD,T3JSPRO,job_sat_profession,Job Satisfaction: Profession,11.457,1727,TCHWGT,BTGNLDT3.sav,PISA,2025,7
TALIS,2018,NLD,T3EFFPD,effective_pd,Effective Professional Development,12.3083,1447,TCHWGT,BTGNLDT3.sav,PISA,2025,7
TALIS,2018,NLD,T3EFFPD,effective_pd,Effective Professional Development,12.3083,1447,TCHWGT,BTGNLDT3.sav,PISA,2025,7
TALIS,2018,NOR,T3SECLS,self_efficacy_cls_mgmt,Self-Efficacy: Classroom Management,12.6382,3948,TCHWGT,BTGNORT3.sav,PISA,2025,7
TALIS,2018,NOR,T3SECLS,self_efficacy_cls_mgmt,Self-Efficacy: Classroom Management,12.6382,3948,TCHWGT,BTGNORT3.sav,PISA,2025,7
TALIS,2018,NOR,T3DISC,disciplinary_climate,Disciplinary Climate,8.7689,3414,TCHWGT,BTGNORT3.sav,PISA,2025,7
TALIS,2018,NOR,T3DISC,disciplinary_climate,Disciplinary Climate,8.7689,3414,TCHWGT,BTGNORT3.sav,PISA,2025,7
TALIS,2018,NOR,T3JSPRO,job_sat_profession,Job Satisfaction: Profession,11.4566,3912,TCHWGT,BTGNORT3.sav,PISA,2025,7
TALIS,2018,NOR,T3JSPRO,job_sat_profession,Job Satisfaction: Profession,11.4566,3912,TCHWGT,BTGNORT3.sav,PISA,2025,7
TALIS,2018,NOR,T3EFFPD,effective_pd,Effective Professional Development,12.3044,2944,TCHWGT,BTGNORT3.sav,PISA,2025,7
TALIS,2018,NOR,T3EFFPD,effective_pd,Effective Professional Development,12.3044,2944,TCHWGT,BTGNORT3.sav,PISA,2025,7
TALIS,2018,ROU,T3SECLS,self_efficacy_cls_mgmt,Self-Efficacy: Classroom Management,12.6372,3607,TCHWGT,BTGROUT3.sav,PISA,2025,7
TALIS,2018,ROU,T3SECLS,self_efficacy_cls_mgmt,Self-Efficacy: Classroom Management,12.6372,3607,TCHWGT,BTGROUT3.sav,PISA,2025,7
TALIS,2018,ROU,T3DISC,disciplinary_climate,Disciplinary Climate,8.77,3013,TCHWGT,BTGROUT3.sav,PISA,2025,7
TALIS,2018,ROU,T3DISC,disciplinary_climate,Disciplinary Climate,8.77,3013,TCHWGT,BTGROUT3.sav,PISA,2025,7
TALIS,2018,ROU,T3JSPRO,job_sat_profession,Job Satisfaction: Profession,11.4577,3610,TCHWGT,BTGROUT3.sav,PISA,2025,7
TALIS,2018,ROU,T3JSPRO,job_sat_profession,Job Satisfaction: Profession,11.4577,3610,TCHWGT,BTGROUT3.sav,PISA,2025,7
TALIS,2018,ROU,T3EFFPD,effective_pd,Effective Professional Development,12.1229,2664,TCHWGT,BTGROUT3.sav,PISA,2025,7
TALIS,2018,ROU,T3EFFPD,effective_pd,Effective Professional Development,12.1229,2664,TCHWGT,BTGROUT3.sav,PISA,2025,7
TALIS,2018,RUS,T3DISC,disciplinary_climate,Disciplinary Climate,8.7682,3595,TCHWGT,BTGRUST3.sav,PISA,2025,7
TALIS,2018,RUS,T3DISC,disciplinary_climate,Disciplinary Climate,8.7682,3595,TCHWGT,BTGRUST3.sav,PISA,2025,7
TALIS,2018,RUS,T3JSPRO,job_sat_profession,Job Satisfaction: Profession,11.4555,3978,TCHWGT,BTGRUST3.sav,PISA,2025,7
TALIS,2018,RUS,T3JSPRO,job_sat_profession,Job Satisfaction: Profession,11.4555,3978,TCHWGT,BTGRUST3.sav,PISA,2025,7
TALIS,2018,RUS,T3EFFPD,effective_pd,Effective Professional Development,12.2699,3447,TCHWGT,BTGRUST3.sav,PISA,2025,7
TALIS,2018,RUS,T3EFFPD,effective_pd,Effective Professional Development,12.2699,3447,TCHWGT,BTGRUST3.sav,PISA,2025,7
TALIS,2018,SAU,T3SECLS,self_efficacy_cls_mgmt,Self-Efficacy: Classroom Management,12.6378,2427,TCHWGT,BTGSAUT3.sav,PISA,2025,7
TALIS,2018,SAU,T3SECLS,self_efficacy_cls_mgmt,Self-Efficacy: Classroom Management,12.6378,2427,TCHWGT,BTGSAUT3.sav,PISA,2025,7
TALIS,2018,SAU,T3DISC,disciplinary_climate,Disciplinary Climate,8.7698,1803,TCHWGT,BTGSAUT3.sav,PISA,2025,7
TALIS,2018,SAU,T3DISC,disciplinary_climate,Disciplinary Climate,8.7698,1803,TCHWGT,BTGSAUT3.sav,PISA,2025,7
TALIS,2018,SAU,T3JSPRO,job_sat_profession,Job Satisfaction: Profession,11.4538,2404,TCHWGT,BTGSAUT3.sav,PISA,2025,7
TALIS,2018,SAU,T3JSPRO,job_sat_profession,Job Satisfaction: Profession,11.4538,2404,TCHWGT,BTGSAUT3.sav,PISA,2025,7
TALIS,2018,SAU,T3EFFPD,effective_pd,Effective Professional Development,11.9634,1634,TCHWGT,BTGSAUT3.sav,PISA,2025,7
TALIS,2018,SAU,T3EFFPD,effective_pd,Effective Professional Development,11.9634,1634,TCHWGT,BTGSAUT3.sav,PISA,2025,7
TALIS,2018,SGP,T3SECLS,self_efficacy_cls_mgmt,Self-Efficacy: Classroom Management,12.6407,3247,TCHWGT,BTGSGPT3.sav,PISA,2025,7
TALIS,2018,SGP,T3SECLS,self_efficacy_cls_mgmt,Self-Efficacy: Classroom Management,12.6407,3247,TCHWGT,BTGSGPT3.sav,PISA,2025,7
TALIS,2018,SGP,T3DISC,disciplinary_climate,Disciplinary Climate,8.7684,3104,TCHWGT,BTGSGPT3.sav,PISA,2025,7
TALIS,2018,SGP,T3DISC,disciplinary_climate,Disciplinary Climate,8.7684,3104,TCHWGT,BTGSGPT3.sav,PISA,2025,7
TALIS,2018,SGP,T3JSPRO,job_sat_profession,Job Satisfaction: Profession,11.4564,3249,TCHWGT,BTGSGPT3.sav,PISA,2025,7
TALIS,2018,SGP,T3JSPRO,job_sat_profession,Job Satisfaction: Profession,11.4564,3249,TCHWGT,BTGSGPT3.sav,PISA,2025,7
TALIS,2018,SGP,T3EFFPD,effective_pd,Effective Professional Development,12.1645,2915,TCHWGT,BTGSGPT3.sav,PISA,2025,7
TALIS,2018,SGP,T3EFFPD,effective_pd,Effective Professional Development,12.1645,2915,TCHWGT,BTGSGPT3.sav,PISA,2025,7
TALIS,2018,SVK,T3SECLS,self_efficacy_cls_mgmt,Self-Efficacy: Classroom Management,12.6383,2951,TCHWGT,BTGSVKT3.sav,PISA,2025,7
TALIS,2018,SVK,T3SECLS,self_efficacy_cls_mgmt,Self-Efficacy: Classroom Management,12.6383,2951,TCHWGT,BTGSVKT3.sav,PISA,2025,7
TALIS,2018,SVK,T3DISC,disciplinary_climate,Disciplinary Climate,8.7691,2633,TCHWGT,BTGSVKT3.sav,PISA,2025,7
TALIS,2018,SVK,T3DISC,disciplinary_climate,Disciplinary Climate,8.7691,2633,TCHWGT,BTGSVKT3.sav,PISA,2025,7
TALIS,2018,SVK,T3JSPRO,job_sat_profession,Job Satisfaction: Profession,11.4569,2946,TCHWGT,BTGSVKT3.sav,PISA,2025,7
TALIS,2018,SVK,T3JSPRO,job_sat_profession,Job Satisfaction: Profession,11.4569,2946,TCHWGT,BTGSVKT3.sav,PISA,2025,7
TALIS,2018,SVK,T3EFFPD,effective_pd,Effective Professional Development,12.2881,2193,TCHWGT,BTGSVKT3.sav,PISA,2025,7
TALIS,2018,SVK,T3EFFPD,effective_pd,Effective Professional Development,12.2881,2193,TCHWGT,BTGSVKT3.sav,PISA,2025,7
TALIS,2018,SVN,T3SECLS,self_efficacy_cls_mgmt,Self-Efficacy: Classroom Management,12.6385,2048,TCHWGT,BTGSVNT3.sav,PISA,2025,7
TALIS,2018,SVN,T3SECLS,self_efficacy_cls_mgmt,Self-Efficacy: Classroom Management,12.6385,2048,TCHWGT,BTGSVNT3.sav,PISA,2025,7
TALIS,2018,SVN,T3DISC,disciplinary_climate,Disciplinary Climate,8.7694,1919,TCHWGT,BTGSVNT3.sav,PISA,2025,7
TALIS,2018,SVN,T3DISC,disciplinary_climate,Disciplinary Climate,8.7694,1919,TCHWGT,BTGSVNT3.sav,PISA,2025,7
TALIS,2018,SVN,T3JSPRO,job_sat_profession,Job Satisfaction: Profession,11.4569,2026,TCHWGT,BTGSVNT3.sav,PISA,2025,7
TALIS,2018,SVN,T3JSPRO,job_sat_profession,Job Satisfaction: Profession,11.4569,2026,TCHWGT,BTGSVNT3.sav,PISA,2025,7
TALIS,2018,SVN,T3EFFPD,effective_pd,Effective Professional Development,10.1697,1777,TCHWGT,BTGSVNT3.sav,PISA,2025,7
TALIS,2018,SVN,T3EFFPD,effective_pd,Effective Professional Development,10.1697,1777,TCHWGT,BTGSVNT3.sav,PISA,2025,7
TALIS,2018,TUR,T3SECLS,self_efficacy_cls_mgmt,Self-Efficacy: Classroom Management,12.638,3899,TCHWGT,BTGTURT3.sav,PISA,2025,7
TALIS,2018,TUR,T3SECLS,self_efficacy_cls_mgmt,Self-Efficacy: Classroom Management,12.638,3899,TCHWGT,BTGTURT3.sav,PISA,2025,7
TALIS,2018,TUR,T3DISC,disciplinary_climate,Disciplinary Climate,8.7724,3218,TCHWGT,BTGTURT3.sav,PISA,2025,7
TALIS,2018,TUR,T3DISC,disciplinary_climate,Disciplinary Climate,8.7724,3218,TCHWGT,BTGTURT3.sav,PISA,2025,7
TALIS,2018,TUR,T3JSPRO,job_sat_profession,Job Satisfaction: Profession,11.4571,3901,TCHWGT,BTGTURT3.sav,PISA,2025,7
TALIS,2018,TUR,T3JSPRO,job_sat_profession,Job Satisfaction: Profession,11.4571,3901,TCHWGT,BTGTURT3.sav,PISA,2025,7
TALIS,2018,TUR,T3EFFPD,effective_pd,Effective Professional Development,12.9966,2604,TCHWGT,BTGTURT3.sav,PISA,2025,7
TALIS,2018,TUR,T3EFFPD,effective_pd,Effective Professional Development,12.9966,2604,TCHWGT,BTGTURT3.sav,PISA,2025,7
TALIS,2018,VNM,T3SECLS,self_efficacy_cls_mgmt,Self-Efficacy: Classroom Management,12.6385,3818,TCHWGT,BTGVNMT3.sav,PISA,2025,7
TALIS,2018,VNM,T3SECLS,self_efficacy_cls_mgmt,Self-Efficacy: Classroom Management,12.6385,3818,TCHWGT,BTGVNMT3.sav,PISA,2025,7
TALIS,2018,VNM,T3DISC,disciplinary_climate,Disciplinary Climate,8.7695,1873,TCHWGT,BTGVNMT3.sav,PISA,2025,7
TALIS,2018,VNM,T3DISC,disciplinary_climate,Disciplinary Climate,8.7695,1873,TCHWGT,BTGVNMT3.sav,PISA,2025,7
TALIS,2018,VNM,T3JSPRO,job_sat_profession,Job Satisfaction: Profession,11.4586,3818,TCHWGT,BTGVNMT3.sav,PISA,2025,7
TALIS,2018,VNM,T3JSPRO,job_sat_profession,Job Satisfaction: Profession,11.4586,3818,TCHWGT,BTGVNMT3.sav,PISA,2025,7
TALIS,2018,VNM,T3EFFPD,effective_pd,Effective Professional Development,14.6792,3058,TCHWGT,BTGVNMT3.sav,PISA,2025,7
TALIS,2018,VNM,T3EFFPD,effective_pd,Effective Professional Development,14.6792,3058,TCHWGT,BTGVNMT3.sav,PISA,2025,7
TALIS,2018,ZAF,T3SECLS,self_efficacy_cls_mgmt,Self-Efficacy: Classroom Management,12.6385,2027,TCHWGT,BTGZAFT3.sav,PISA,2025,7
TALIS,2018,ZAF,T3SECLS,self_efficacy_cls_mgmt,Self-Efficacy: Classroom Management,12.6385,2027,TCHWGT,BTGZAFT3.sav,PISA,2025,7
TALIS,2018,ZAF,T3DISC,disciplinary_climate,Disciplinary Climate,8.7696,1728,TCHWGT,BTGZAFT3.sav,PISA,2025,7
TALIS,2018,ZAF,T3DISC,disciplinary_climate,Disciplinary Climate,8.7696,1728,TCHWGT,BTGZAFT3.sav,PISA,2025,7
TALIS,2018,ZAF,T3JSPRO,job_sat_profession,Job Satisfaction: Profession,11.4568,2019,TCHWGT,BTGZAFT3.sav,PISA,2025,7
TALIS,2018,ZAF,T3JSPRO,job_sat_profession,Job Satisfaction: Profession,11.4568,2019,TCHWGT,BTGZAFT3.sav,PISA,2025,7
TALIS,2018,ZAF,T3EFFPD,effective_pd,Effective Professional Development,12.1129,1628,TCHWGT,BTGZAFT3.sav,PISA,2025,7
TALIS,2018,ZAF,T3EFFPD,effective_pd,Effective Professional Development,12.1129,1628,TCHWGT,BTGZAFT3.sav,PISA,2025,7
