country_iso3,cycle,program,domain,ICCS_civic_knowledge,ICCS_parental_education,ICCS_ses_composite,ICILS_computer_literacy,ICILS_home_literacy_activities,ICILS_parental_education,ICILS_ses_composite,PIAAC_gender,PIAAC_literacy,PIAAC_numeracy,PIAAC_parental_education,PIRLS_reading,PISA_mathematics,PISA_reading,PISA_science,TIMSS_G4_mathematics,TIMSS_G4_science,TIMSS_mathematics,TIMSS_science,lag_ESCS,lag_HOMEPOS,lag_BELONG,lag_ICTAVHOM,lag_ICTAVSCH,lag_BSDGEDUP,lag_ASDHEDUP,lag_ASDHELA,lag_SECLSS,lag_TCDISCS,lag_TEFFPROS,lag_TJSPROS
AUT,2009,ICCS,civic_knowledge,502.9293,3.4392,0.0,,,,,,,,,,495.9087,470.2836,494.3277,,,,,0.19655641853018724,,,,,,,,,,,
AUT,2009,ICCS,parental_education,502.9293,3.4392,0.0,,,,,,,,,,495.9087,470.2836,494.3277,,,,,0.19655641853018724,,,,,,,,,,,
AUT,2009,ICCS,ses_composite,502.9293,3.4392,0.0,,,,,,,,,,495.9087,470.2836,494.3277,,,,,0.19655641853018724,,,,,,,,,,,
BGR,2009,ICCS,civic_knowledge,466.458,3.7451,-0.0,,,,,,,,,,428.0661,429.0811,439.2941,,,,,-0.2102294968911843,,,,,,,,,,,
BGR,2009,ICCS,parental_education,466.458,3.7451,-0.0,,,,,,,,,,428.0661,429.0811,439.2941,,,,,-0.2102294968911843,,,,,,,,,,,
BGR,2009,ICCS,ses_composite,466.458,3.7451,-0.0,,,,,,,,,,428.0661,429.0811,439.2941,,,,,-0.2102294968911843,,,,,,,,,,,
CHE,2009,ICCS,civic_knowledge,531.402,3.3595,0.0,,,,,,,,,,533.9606,500.5002,516.5675,,,,,0.08656462168781409,,,,,,,,,,,
CHE,2009,ICCS,parental_education,531.402,3.3595,0.0,,,,,,,,,,533.9606,500.5002,516.5675,,,,,0.08656462168781409,,,,,,,,,,,
CHE,2009,ICCS,ses_composite,531.402,3.3595,0.0,,,,,,,,,,533.9606,500.5002,516.5675,,,,,0.08656462168781409,,,,,,,,,,,
CYP,2009,ICCS,civic_knowledge,453.4629,3.758,-0.0,,,,,,,,,,,,,,,,,,,,,,,,,,,,
CYP,2009,ICCS,parental_education,453.4629,3.758,-0.0,,,,,,,,,,,,,,,,,,,,,,,,,,,,
CYP,2009,ICCS,ses_composite,453.4629,3.758,-0.0,,,,,,,,,,,,,,,,,,,,,,,,,,,,
CZE,2009,ICCS,civic_knowledge,510.2221,3.5883,0.0,,,,,,,,,,492.8141,478.1867,500.4971,,,,,0.02880519964663968,,,,,,,,,,,
CZE,2009,ICCS,parental_education,510.2221,3.5883,0.0,,,,,,,,,,492.8141,478.1867,500.4971,,,,,0.02880519964663968,,,,,,,,,,,
CZE,2009,ICCS,ses_composite,510.2221,3.5883,0.0,,,,,,,,,,492.8141,478.1867,500.4971,,,,,0.02880519964663968,,,,,,,,,,,
DNK,2009,ICCS,civic_knowledge,576.3772,3.9049,0.0,,,,,,,,,,503.2781,494.9162,499.337,,,,,0.3094142823519753,,,,,,,,,,,
DNK,2009,ICCS,parental_education,576.3772,3.9049,0.0,,,,,,,,,,503.2781,494.9162,499.337,,,,,0.3094142823519753,,,,,,,,,,,
DNK,2009,ICCS,ses_composite,576.3772,3.9049,0.0,,,,,,,,,,503.2781,494.9162,499.337,,,,,0.3094142823519753,,,,,,,,,,,
DOM,2009,ICCS,civic_knowledge,380.2528,3.0057,-0.0,,,,,,,,,,,,,,,,,,,,,,,,,,,,
DOM,2009,ICCS,parental_education,380.2528,3.0057,-0.0,,,,,,,,,,,,,,,,,,,,,,,,,,,,
DOM,2009,ICCS,ses_composite,380.2528,3.0057,-0.0,,,,,,,,,,,,,,,,,,,,,,,,,,,,
ESP,2009,ICCS,civic_knowledge,504.81,3.3401,0.0,,,,,,,,,,483.4931,481.0423,488.2546,,,,,-0.31114735491820295,,,,,,,,,,,
ESP,2009,ICCS,parental_education,504.81,3.3401,0.0,,,,,,,,,,483.4931,481.0423,488.2546,,,,,-0.31114735491820295,,,,,,,,,,,
ESP,2009,ICCS,ses_composite,504.81,3.3401,0.0,,,,,,,,,,483.4931,481.0423,488.2546,,,,,-0.31114735491820295,,,,,,,,,,,
EST,2009,ICCS,civic_knowledge,525.3077,3.9631,0.0,,,,,,,,,,512.1042,500.9619,527.8318,,,,,0.1408861367722822,,,,,,,,,,,
EST,2009,ICCS,parental_education,525.3077,3.9631,0.0,,,,,,,,,,512.1042,500.9619,527.8318,,,,,0.1408861367722822,,,,,,,,,,,
EST,2009,ICCS,ses_composite,525.3077,3.9631,0.0,,,,,,,,,,512.1042,500.9619,527.8318,,,,,0.1408861367722822,,,,,,,,,,,
GBR,2009,ICCS,civic_knowledge,518.7232,3.7914,0.0,,,,,,,,,,492.4141,494.182,513.7102,,,,,0.19144082303573362,,,,,,,,,,,
GBR,2009,ICCS,parental_education,518.7232,3.7914,0.0,,,,,,,,,,492.4141,494.182,513.7102,,,,,0.19144082303573362,,,,,,,,,,,
GBR,2009,ICCS,ses_composite,518.7232,3.7914,0.0,,,,,,,,,,492.4141,494.182,513.7102,,,,,0.19144082303573362,,,,,,,,,,,
GRC,2009,ICCS,civic_knowledge,476.0291,3.7211,0.0,,,,,,,,,,466.0964,482.7762,470.1158,,,,,-0.1531175972165291,,,,,,,,,,,
GRC,2009,ICCS,parental_education,476.0291,3.7211,0.0,,,,,,,,,,466.0964,482.7762,470.1158,,,,,-0.1531175972165291,,,,,,,,,,,
GRC,2009,ICCS,ses_composite,476.0291,3.7211,0.0,,,,,,,,,,466.0964,482.7762,470.1158,,,,,-0.1531175972165291,,,,,,,,,,,
GTM,2009,ICCS,civic_knowledge,434.5675,2.1228,0.0,,,,,,,,,,,,,,,,,,,,,,,,,,,,
GTM,2009,ICCS,parental_education,434.5675,2.1228,0.0,,,,,,,,,,,,,,,,,,,,,,,,,,,,
GTM,2009,ICCS,ses_composite,434.5675,2.1228,0.0,,,,,,,,,,,,,,,,,,,,,,,,,,,,
HKG,2009,ICCS,civic_knowledge,554.1034,2.8815,-0.0,,,,,,,,,,554.5275,533.1513,549.0287,,,,,-0.6737892216541422,,,,,,,,,,,
HKG,2009,ICCS,parental_education,554.1034,2.8815,-0.0,,,,,,,,,,554.5275,533.1513,549.0287,,,,,-0.6737892216541422,,,,,,,,,,,
HKG,2009,ICCS,ses_composite,554.1034,2.8815,-0.0,,,,,,,,,,554.5275,533.1513,549.0287,,,,,-0.6737892216541422,,,,,,,,,,,
IDN,2009,ICCS,civic_knowledge,432.5209,2.4585,0.0,,,,,,,,,,371.3009,401.7052,382.5695,,,,,-1.5208646485906683,,,,,,,,,,,
IDN,2009,ICCS,parental_education,432.5209,2.4585,0.0,,,,,,,,,,371.3009,401.7052,382.5695,,,,,-1.5208646485906683,,,,,,,,,,,
IDN,2009,ICCS,ses_composite,432.5209,2.4585,0.0,,,,,,,,,,371.3009,401.7052,382.5695,,,,,-1.5208646485906683,,,,,,,,,,,
IRL,2009,ICCS,civic_knowledge,533.6738,3.7586,0.0,,,,,,,,,,487.1364,495.6391,507.9842,,,,,-0.015364559390563663,,,,,,,,,,,
IRL,2009,ICCS,parental_education,533.6738,3.7586,0.0,,,,,,,,,,487.1364,495.6391,507.9842,,,,,-0.015364559390563663,,,,,,,,,,,
IRL,2009,ICCS,ses_composite,533.6738,3.7586,0.0,,,,,,,,,,487.1364,495.6391,507.9842,,,,,-0.015364559390563663,,,,,,,,,,,
KOR,2009,ICCS,civic_knowledge,564.8232,3.9247,-0.0,,,,,,,,,,546.2285,539.2675,537.9862,,,,,-0.006572936039801765,,,,,,,,,,,
KOR,2009,ICCS,parental_education,564.8232,3.9247,-0.0,,,,,,,,,,546.2285,539.2675,537.9862,,,,,-0.006572936039801765,,,,,,,,,,,
KOR,2009,ICCS,ses_composite,564.8232,3.9247,-0.0,,,,,,,,,,546.2285,539.2675,537.9862,,,,,-0.006572936039801765,,,,,,,,,,,
LTU,2009,ICCS,civic_knowledge,505.1585,3.8093,0.0,,,,,,,,,,476.6023,468.4427,491.4098,,,,,0.03556392973389573,,,,,,,,,,,
LTU,2009,ICCS,parental_education,505.1585,3.8093,0.0,,,,,,,,,,476.6023,468.4427,491.4098,,,,,0.03556392973389573,,,,,,,,,,,
LTU,2009,ICCS,ses_composite,505.1585,3.8093,0.0,,,,,,,,,,476.6023,468.4427,491.4098,,,,,0.03556392973389573,,,,,,,,,,,
LUX,2009,ICCS,civic_knowledge,473.2694,3.1282,0.0,,,,,,,,,,489.0673,472.1734,483.9284,,,,,0.08835326905429049,,,,,,,,,,,
LUX,2009,ICCS,parental_education,473.2694,3.1282,0.0,,,,,,,,,,489.0673,472.1734,483.9284,,,,,0.08835326905429049,,,,,,,,,,,
LUX,2009,ICCS,ses_composite,473.2694,3.1282,0.0,,,,,,,,,,489.0673,472.1734,483.9284,,,,,0.08835326905429049,,,,,,,,,,,
LVA,2009,ICCS,civic_knowledge,481.6134,3.9873,-0.0,,,,,,,,,,481.9538,483.9601,493.8789,,,,,-0.021009590169147465,,,,,,,,,,,
LVA,2009,ICCS,parental_education,481.6134,3.9873,-0.0,,,,,,,,,,481.9538,483.9601,493.8789,,,,,-0.021009590169147465,,,,,,,,,,,
LVA,2009,ICCS,ses_composite,481.6134,3.9873,-0.0,,,,,,,,,,481.9538,483.9601,493.8789,,,,,-0.021009590169147465,,,,,,,,,,,
NLD,2009,ICCS,civic_knowledge,493.6078,3.6401,-0.0,,,,,,,,,,525.8357,508.4037,522.2181,,,,,0.2524898384314234,,,,,,,,,,,
NLD,2009,ICCS,parental_education,493.6078,3.6401,-0.0,,,,,,,,,,525.8357,508.4037,522.2181,,,,,0.2524898384314234,,,,,,,,,,,
NLD,2009,ICCS,ses_composite,493.6078,3.6401,-0.0,,,,,,,,,,525.8357,508.4037,522.2181,,,,,0.2524898384314234,,,,,,,,,,,
NOR,2009,ICCS,civic_knowledge,514.5604,4.2347,-0.0,,,,,,,,,,497.9557,503.23,499.8757,,,,,0.4209028518775819,,,,,,,,,,,
NOR,2009,ICCS,parental_education,514.5604,4.2347,-0.0,,,,,,,,,,497.9557,503.23,499.8757,,,,,0.4209028518775819,,,,,,,,,,,
NOR,2009,ICCS,ses_composite,514.5604,4.2347,-0.0,,,,,,,,,,497.9557,503.23,499.8757,,,,,0.4209028518775819,,,,,,,,,,,
NZL,2009,ICCS,civic_knowledge,516.6597,3.9947,-0.0,,,,,,,,,,519.3009,520.88,532.0069,,,,,0.10384624998214471,,,,,,,,,,,
NZL,2009,ICCS,parental_education,516.6597,3.9947,-0.0,,,,,,,,,,519.3009,520.88,532.0069,,,,,0.10384624998214471,,,,,,,,,,,
NZL,2009,ICCS,ses_composite,516.6597,3.9947,-0.0,,,,,,,,,,519.3009,520.88,532.0069,,,,,0.10384624998214471,,,,,,,,,,,
POL,2009,ICCS,civic_knowledge,536.3437,3.6258,0.0,,,,,,,,,,494.8029,500.4785,508.0683,,,,,-0.300793948865077,,,,,,,,,,,
POL,2009,ICCS,parental_education,536.3437,3.6258,0.0,,,,,,,,,,494.8029,500.4785,508.0683,,,,,-0.300793948865077,,,,,,,,,,,
POL,2009,ICCS,ses_composite,536.3437,3.6258,0.0,,,,,,,,,,494.8029,500.4785,508.0683,,,,,-0.300793948865077,,,,,,,,,,,
PRY,2009,ICCS,civic_knowledge,423.7016,2.5924,0.0,,,,,,,,,,,,,,,,,,,,,,,,,,,,
PRY,2009,ICCS,parental_education,423.7016,2.5924,0.0,,,,,,,,,,,,,,,,,,,,,,,,,,,,
PRY,2009,ICCS,ses_composite,423.7016,2.5924,0.0,,,,,,,,,,,,,,,,,,,,,,,,,,,,
SVK,2009,ICCS,civic_knowledge,528.6391,3.6386,-0.0,,,,,,,,,,496.6834,477.4434,490.2659,,,,,-0.1486091584340065,,,,,,,,,,,
SVK,2009,ICCS,parental_education,528.6391,3.6386,-0.0,,,,,,,,,,496.6834,477.4434,490.2659,,,,,-0.1486091584340065,,,,,,,,,,,
SVK,2009,ICCS,ses_composite,528.6391,3.6386,-0.0,,,,,,,,,,496.6834,477.4434,490.2659,,,,,-0.1486091584340065,,,,,,,,,,,
SVN,2009,ICCS,civic_knowledge,515.9222,3.9242,-0.0,,,,,,,,,,501.4724,483.082,511.7595,,,,,0.12930576351465004,,,,,,,,,,,
SVN,2009,ICCS,parental_education,515.9222,3.9242,-0.0,,,,,,,,,,501.4724,483.082,511.7595,,,,,0.12930576351465004,,,,,,,,,,,
SVN,2009,ICCS,ses_composite,515.9222,3.9242,-0.0,,,,,,,,,,501.4724,483.082,511.7595,,,,,0.12930576351465004,,,,,,,,,,,
SWE,2009,ICCS,civic_knowledge,537.017,4.1922,0.0,,,,,,,,,,494.2382,497.4494,495.1059,,,,,0.23694912304209098,,,,,,,,,,,
SWE,2009,ICCS,parental_education,537.017,4.1922,0.0,,,,,,,,,,494.2382,497.4494,495.1059,,,,,0.23694912304209098,,,,,,,,,,,
SWE,2009,ICCS,ses_composite,537.017,4.1922,0.0,,,,,,,,,,494.2382,497.4494,495.1059,,,,,0.23694912304209098,,,,,,,,,,,
THA,2009,ICCS,civic_knowledge,451.5277,2.3605,0.0,,,,,,,,,,418.5839,421.3744,425.2963,,,,,-1.4337177784719792,,,,,,,,,,,
THA,2009,ICCS,parental_education,451.5277,2.3605,0.0,,,,,,,,,,418.5839,421.3744,425.2963,,,,,-1.4337177784719792,,,,,,,,,,,
THA,2009,ICCS,ses_composite,451.5277,2.3605,0.0,,,,,,,,,,418.5839,421.3744,425.2963,,,,,-1.4337177784719792,,,,,,,,,,,
TWN,2009,ICCS,civic_knowledge,558.7338,3.451,0.0,,,,,,,,,,543.1824,495.2405,520.4198,,,,,-0.313008253196954,,,,,,,,,,,
TWN,2009,ICCS,parental_education,558.7338,3.451,0.0,,,,,,,,,,543.1824,495.2405,520.4198,,,,,-0.313008253196954,,,,,,,,,,,
TWN,2009,ICCS,ses_composite,558.7338,3.451,0.0,,,,,,,,,,543.1824,495.2405,520.4198,,,,,-0.313008253196954,,,,,,,,,,,
BEL,2016,ICCS,civic_knowledge,537.2349,3.2016,-0.0002,,,,,,,,,,,,,,,,,,,,,,,,,,,,
BEL,2016,ICCS,parental_education,537.2349,3.2016,-0.0002,,,,,,,,,,,,,,,,,,,,,,,,,,,,
BEL,2016,ICCS,ses_composite,537.2349,3.2016,-0.0002,,,,,,,,,,,,,,,,,,,,,,,,,,,,
CHL,2016,ICCS,civic_knowledge,482.4545,2.4867,-0.0001,,,,,,,,,493.8721,,,,,,,,,,,,,,,,,,,
CHL,2016,ICCS,parental_education,482.4545,2.4867,-0.0001,,,,,,,,,493.8721,,,,,,,,,,,,,,,,,,,
CHL,2016,ICCS,ses_composite,482.4545,2.4867,-0.0001,,,,,,,,,493.8721,,,,,,,,,,,,,,,,,,,
DEU,2016,ICCS,civic_knowledge,518.5446,2.2774,0.0002,,,,,,,,,537.3254,,,,,,,,,,,,,,2.5408,1.6309,,,,
DEU,2016,ICCS,parental_education,518.5446,2.2774,0.0002,,,,,,,,,537.3254,,,,,,,,,,,,,,2.5408,1.6309,,,,
DEU,2016,ICCS,ses_composite,518.5446,2.2774,0.0002,,,,,,,,,537.3254,,,,,,,,,,,,,,2.5408,1.6309,,,,
DNK,2016,ICCS,civic_knowledge,586.2504,2.9967,0.0,,,,,,,,,547.4924,,,,,,,,,,,,,,,,,,,
DNK,2016,ICCS,parental_education,586.2504,2.9967,0.0,,,,,,,,,547.4924,,,,,,,,,,,,,,,,,,,
DNK,2016,ICCS,ses_composite,586.2504,2.9967,0.0,,,,,,,,,547.4924,,,,,,,,,,,,,,,,,,,
EST,2016,ICCS,civic_knowledge,546.4239,3.0016,-0.0001,,,,,,,,,,,,,,,,,,,,,,,,,,,,
EST,2016,ICCS,parental_education,546.4239,3.0016,-0.0001,,,,,,,,,,,,,,,,,,,,,,,,,,,,
EST,2016,ICCS,ses_composite,546.4239,3.0016,-0.0001,,,,,,,,,,,,,,,,,,,,,,,,,,,,
FIN,2016,ICCS,civic_knowledge,576.6514,3.0407,-0.0,,,,,,,,,566.007,,,,,,,,,,,,,,1.8909,1.7298,,,,
FIN,2016,ICCS,parental_education,576.6514,3.0407,-0.0,,,,,,,,,566.007,,,,,,,,,,,,,,1.8909,1.7298,,,,
FIN,2016,ICCS,ses_composite,576.6514,3.0407,-0.0,,,,,,,,,566.007,,,,,,,,,,,,,,1.8909,1.7298,,,,
HKG,2016,ICCS,civic_knowledge,515.2757,2.2902,-0.0,,,,,,,,,,,,,,,,,,,,,,,,,,,,
HKG,2016,ICCS,parental_education,515.2757,2.2902,-0.0,,,,,,,,,,,,,,,,,,,,,,,,,,,,
HKG,2016,ICCS,ses_composite,515.2757,2.2902,-0.0,,,,,,,,,,,,,,,,,,,,,,,,,,,,
HRV,2016,ICCS,civic_knowledge,531.2111,2.7025,-0.0001,,,,,,,,,,,,,,,,,,,,,,,,,,,,
HRV,2016,ICCS,parental_education,531.2111,2.7025,-0.0001,,,,,,,,,,,,,,,,,,,,,,,,,,,,
HRV,2016,ICCS,ses_composite,531.2111,2.7025,-0.0001,,,,,,,,,,,,,,,,,,,,,,,,,,,,
KOR,2016,ICCS,civic_knowledge,551.2297,3.3565,0.0002,,,,,,,,,,,,,,,,,,,,,,,,,,,,
KOR,2016,ICCS,parental_education,551.2297,3.3565,0.0002,,,,,,,,,,,,,,,,,,,,,,,,,,,,
KOR,2016,ICCS,ses_composite,551.2297,3.3565,0.0002,,,,,,,,,,,,,,,,,,,,,,,,,,,,
LTU,2016,ICCS,civic_knowledge,517.7571,3.2023,-0.0002,,,,,,,,,,,,,,,,,,,,,,,,,,,,
LTU,2016,ICCS,parental_education,517.7571,3.2023,-0.0002,,,,,,,,,,,,,,,,,,,,,,,,,,,,
LTU,2016,ICCS,ses_composite,517.7571,3.2023,-0.0002,,,,,,,,,,,,,,,,,,,,,,,,,,,,
LVA,2016,ICCS,civic_knowledge,492.1515,3.126,-0.0,,,,,,,,,557.7509,,,,,,,,,,,,,,,,,,,
LVA,2016,ICCS,parental_education,492.1515,3.126,-0.0,,,,,,,,,557.7509,,,,,,,,,,,,,,,,,,,
LVA,2016,ICCS,ses_composite,492.1515,3.126,-0.0,,,,,,,,,557.7509,,,,,,,,,,,,,,,,,,,
MEX,2016,ICCS,civic_knowledge,467.0415,1.9398,0.0,,,,,,,,,,,,,,,,,,,,,,,,,,,,
MEX,2016,ICCS,parental_education,467.0415,1.9398,0.0,,,,,,,,,,,,,,,,,,,,,,,,,,,,
MEX,2016,ICCS,ses_composite,467.0415,1.9398,0.0,,,,,,,,,,,,,,,,,,,,,,,,,,,,
MLT,2016,ICCS,civic_knowledge,491.218,2.338,-0.0,,,,,,,,,,,,,,,,,,,,,,,,,,,,
MLT,2016,ICCS,parental_education,491.218,2.338,-0.0,,,,,,,,,,,,,,,,,,,,,,,,,,,,
MLT,2016,ICCS,ses_composite,491.218,2.338,-0.0,,,,,,,,,,,,,,,,,,,,,,,,,,,,
NLD,2016,ICCS,civic_knowledge,522.8688,2.8118,-0.0001,,,,,,,,,544.8837,,,,,,,,,,,,,,,,,,,
NLD,2016,ICCS,parental_education,522.8688,2.8118,-0.0001,,,,,,,,,544.8837,,,,,,,,,,,,,,,,,,,
NLD,2016,ICCS,ses_composite,522.8688,2.8118,-0.0001,,,,,,,,,544.8837,,,,,,,,,,,,,,,,,,,
NOR,2016,ICCS,civic_knowledge,563.6634,3.4281,-0.002,,,,,,,,,558.9496,,,,,,,,,,,,,,,,,,,
NOR,2016,ICCS,parental_education,563.6634,3.4281,-0.002,,,,,,,,,558.9496,,,,,,,,,,,,,,,,,,,
NOR,2016,ICCS,ses_composite,563.6634,3.4281,-0.002,,,,,,,,,558.9496,,,,,,,,,,,,,,,,,,,
RUS,2016,ICCS,civic_knowledge,544.6827,3.3081,-0.0002,,,,,,,,,580.7725,,,,,,,,,,,,,,,,,,,
RUS,2016,ICCS,parental_education,544.6827,3.3081,-0.0002,,,,,,,,,580.7725,,,,,,,,,,,,,,,,,,,
RUS,2016,ICCS,ses_composite,544.6827,3.3081,-0.0002,,,,,,,,,580.7725,,,,,,,,,,,,,,,,,,,
SVN,2016,ICCS,civic_knowledge,532.1036,3.0382,-0.0001,,,,,,,,,,,,,,,,,,,,,,,,,,,,
SVN,2016,ICCS,parental_education,532.1036,3.0382,-0.0001,,,,,,,,,,,,,,,,,,,,,,,,,,,,
SVN,2016,ICCS,ses_composite,532.1036,3.0382,-0.0001,,,,,,,,,,,,,,,,,,,,,,,,,,,,
TWN,2016,ICCS,civic_knowledge,581.148,2.7444,-0.0002,,,,,,,,,,,,,,,,,,,,,,,,,,,,
TWN,2016,ICCS,parental_education,581.148,2.7444,-0.0002,,,,,,,,,,,,,,,,,,,,,,,,,,,,
TWN,2016,ICCS,ses_composite,581.148,2.7444,-0.0002,,,,,,,,,,,,,,,,,,,,,,,,,,,,
BGR,2022,ICCS,civic_knowledge,455.9214,,,,,,,,,,,,417.3039,404.3037,420.9932,,,,,-0.0801,-0.347,-0.3439,,,,,,12.6373,8.7704,12.2859,11.4547
BRA,2022,ICCS,civic_knowledge,456.6728,,,,,,,,,,,,378.6914,410.357,403.0012,,,,,-0.9572,-1.241,-0.147,,,,,,12.6411,8.7685,13.0083,11.4577
COL,2022,ICCS,civic_knowledge,452.0707,,,,,,,,,,,,382.6968,408.665,411.1207,,,,,-0.9878,-1.6278,-0.3093,,,,,,12.6381,8.7702,12.0465,11.4572
CYP,2022,ICCS,civic_knowledge,458.9608,,,,,,,,,,,,,,,,,,,,,,,,,,,,,,
DEU,2022,ICCS,civic_knowledge,524.4767,,,,,,,,,,,,474.8265,479.794,492.4267,,,,,0.1206,0.1766,0.2879,,,,,,,,,
DSH,2022,ICCS,civic_knowledge,543.8885,,,,,,,,,,,,,,,,,,,,,,,,,,,,,,
ESP,2022,ICCS,civic_knowledge,509.7008,,,,,,,,,,,,473.1402,474.3071,484.5336,,,,,-0.5112,0.0791,0.4696,,,,,,12.6385,8.7691,14.9596,11.4575
EST,2022,ICCS,civic_knowledge,545.1539,,,,,,,,,,,,509.947,511.0303,525.8118,,,,,0.0483,-0.0662,-0.0627,,,,,,,,,
FRA,2022,ICCS,civic_knowledge,508.2768,,,,,,,,,,,,473.9444,473.8522,487.2253,,,,,-0.137,-0.1186,-0.0594,,,,,,12.6383,8.7691,14.0241,11.4566
HRV,2022,ICCS,civic_knowledge,531.3191,,,,,,,,,,,,463.1052,475.4989,482.6674,,,,,-0.2398,-0.3899,0.0476,,,,,,,,,
ITA,2022,ICCS,civic_knowledge,522.9858,,,,,,,,,,,,471.2595,481.5983,477.4634,,,,,-0.066,0.0867,0.0522,,,,,,12.6384,8.7691,12.233,11.457
LTU,2022,ICCS,civic_knowledge,508.8804,,,,,,,,,,,,475.1468,471.8342,484.4634,,,,,-0.0646,-0.2702,-0.268,,,,,,12.6363,8.7709,12.2463,11.4565
LVA,2022,ICCS,civic_knowledge,490.1111,,,,,,,,,,,,483.1595,474.5687,493.8428,,,,,-0.4359,-0.2755,-0.2013,,,,,,,,,
NLD,2022,ICCS,civic_knowledge,508.2892,,,,,,,,,,,,492.6756,459.2429,488.3168,,,,,0.161,0.2677,0.1662,,,,,,12.6384,8.769,12.3083,11.457
NOR,2022,ICCS,civic_knowledge,529.1304,,,,,,,,,,,,468.4499,476.5239,478.2265,,,,,0.4811,0.6271,0.2104,,,,,,12.6382,8.7689,12.3044,11.4566
POL,2022,ICCS,civic_knowledge,554.2193,,,,,,,,,,,,488.9601,488.7136,499.1644,,,,,-0.3931,-0.1878,-0.2524,,,,,,,,,
SVK,2022,ICCS,civic_knowledge,501.0986,,,,,,,,,,,,463.9946,446.8606,462.2695,,,,,-0.1081,-0.2732,-0.2781,,,,,,12.6383,8.7691,12.2881,11.4569
SVN,2022,ICCS,civic_knowledge,504.0589,,,,,,,,,,,,484.529,468.536,499.9649,,,,,0.0314,0.112,-0.0976,,,,,,12.6385,8.7694,10.1697,11.4569
SWE,2022,ICCS,civic_knowledge,564.6128,,,,,,,,,,,,481.7661,486.9752,493.5493,,,,,0.3346,0.4106,0.0392,,,,,,,,,
TWN,2022,ICCS,civic_knowledge,583.06,,,,,,,,,,,,,,,,,,,,,,,,,,,,,,
ARE,2013,ICILS,computer_literacy,,,,450.1552,1.9663,2.4695,0.0001,,,,,,,,,,,,,,,,,,,,,,,,
ARE,2013,ICILS,home_literacy_activities,,,,450.1552,1.9663,2.4695,0.0001,,,,,,,,,,,,,,,,,,,,,,,,
ARE,2013,ICILS,parental_education,,,,450.1552,1.9663,2.4695,0.0001,,,,,,,,,,,,,,,,,,,,,,,,
ARE,2013,ICILS,ses_composite,,,,450.1552,1.9663,2.4695,0.0001,,,,,,,,,,,,,,,,,,,,,,,,
CHE,2013,ICILS,computer_literacy,,,,525.5617,2.2105,2.3146,0.0002,,,,,,,,,,,,,,,,,,,,,,,,
CHE,2013,ICILS,home_literacy_activities,,,,525.5617,2.2105,2.3146,0.0002,,,,,,,,,,,,,,,,,,,,,,,,
CHE,2013,ICILS,parental_education,,,,525.5617,2.2105,2.3146,0.0002,,,,,,,,,,,,,,,,,,,,,,,,
CHE,2013,ICILS,ses_composite,,,,525.5617,2.2105,2.3146,0.0002,,,,,,,,,,,,,,,,,,,,,,,,
CHL,2013,ICILS,computer_literacy,,,,486.5838,1.4943,2.4644,0.0,,,,,,,,,,,,,,,,,,,,,,,,
CHL,2013,ICILS,home_literacy_activities,,,,486.5838,1.4943,2.4644,0.0,,,,,,,,,,,,,,,,,,,,,,,,
CHL,2013,ICILS,parental_education,,,,486.5838,1.4943,2.4644,0.0,,,,,,,,,,,,,,,,,,,,,,,,
CHL,2013,ICILS,ses_composite,,,,486.5838,1.4943,2.4644,0.0,,,,,,,,,,,,,,,,,,,,,,,,
COL,2013,ICILS,computer_literacy,,,,547.1643,2.4693,3.3279,0.0,,,,,,,,,,,,,,,,,,,,,,,,
COL,2013,ICILS,home_literacy_activities,,,,547.1643,2.4693,3.3279,0.0,,,,,,,,,,,,,,,,,,,,,,,,
COL,2013,ICILS,parental_education,,,,547.1643,2.4693,3.3279,0.0,,,,,,,,,,,,,,,,,,,,,,,,
COL,2013,ICILS,ses_composite,,,,547.1643,2.4693,3.3279,0.0,,,,,,,,,,,,,,,,,,,,,,,,
CZE,2013,ICILS,computer_literacy,,,,553.4541,2.2563,2.6314,-0.0001,,,,,,,,,,,,,,,,,,,,,,,,
CZE,2013,ICILS,home_literacy_activities,,,,553.4541,2.2563,2.6314,-0.0001,,,,,,,,,,,,,,,,,,,,,,,,
CZE,2013,ICILS,parental_education,,,,553.4541,2.2563,2.6314,-0.0001,,,,,,,,,,,,,,,,,,,,,,,,
CZE,2013,ICILS,ses_composite,,,,553.4541,2.2563,2.6314,-0.0001,,,,,,,,,,,,,,,,,,,,,,,,
DEU,2013,ICILS,computer_literacy,,,,523.4728,2.4752,2.0703,-0.0001,,,,,,,,,,,,,,,,,,,,,,,,
DEU,2013,ICILS,home_literacy_activities,,,,523.4728,2.4752,2.0703,-0.0001,,,,,,,,,,,,,,,,,,,,,,,,
DEU,2013,ICILS,parental_education,,,,523.4728,2.4752,2.0703,-0.0001,,,,,,,,,,,,,,,,,,,,,,,,
DEU,2013,ICILS,ses_composite,,,,523.4728,2.4752,2.0703,-0.0001,,,,,,,,,,,,,,,,,,,,,,,,
DNK,2013,ICILS,computer_literacy,,,,541.5106,2.2643,2.7778,-0.0,,,,,,,,,,,,,,,,,,,,,,,,
DNK,2013,ICILS,home_literacy_activities,,,,541.5106,2.2643,2.7778,-0.0,,,,,,,,,,,,,,,,,,,,,,,,
DNK,2013,ICILS,parental_education,,,,541.5106,2.2643,2.7778,-0.0,,,,,,,,,,,,,,,,,,,,,,,,
DNK,2013,ICILS,ses_composite,,,,541.5106,2.2643,2.7778,-0.0,,,,,,,,,,,,,,,,,,,,,,,,
HKG,2013,ICILS,computer_literacy,,,,509.4129,1.936,2.2818,-0.0002,,,,,,,,,,,,,,,,,,,,,,,,
HKG,2013,ICILS,home_literacy_activities,,,,509.4129,1.936,2.2818,-0.0002,,,,,,,,,,,,,,,,,,,,,,,,
HKG,2013,ICILS,parental_education,,,,509.4129,1.936,2.2818,-0.0002,,,,,,,,,,,,,,,,,,,,,,,,
HKG,2013,ICILS,ses_composite,,,,509.4129,1.936,2.2818,-0.0002,,,,,,,,,,,,,,,,,,,,,,,,
HRV,2013,ICILS,computer_literacy,,,,512.4887,1.7692,2.5557,-0.0003,,,,,,,,,,,,,,,,,,,,,,,,
HRV,2013,ICILS,home_literacy_activities,,,,512.4887,1.7692,2.5557,-0.0003,,,,,,,,,,,,,,,,,,,,,,,,
HRV,2013,ICILS,parental_education,,,,512.4887,1.7692,2.5557,-0.0003,,,,,,,,,,,,,,,,,,,,,,,,
HRV,2013,ICILS,ses_composite,,,,512.4887,1.7692,2.5557,-0.0003,,,,,,,,,,,,,,,,,,,,,,,,
KOR,2013,ICILS,computer_literacy,,,,535.9914,2.8671,3.2467,0.0002,,,,,,,,,,,,,,,,,,,,,,,,
KOR,2013,ICILS,home_literacy_activities,,,,535.9914,2.8671,3.2467,0.0002,,,,,,,,,,,,,,,,,,,,,,,,
KOR,2013,ICILS,parental_education,,,,535.9914,2.8671,3.2467,0.0002,,,,,,,,,,,,,,,,,,,,,,,,
KOR,2013,ICILS,ses_composite,,,,535.9914,2.8671,3.2467,0.0002,,,,,,,,,,,,,,,,,,,,,,,,
NLD,2013,ICILS,computer_literacy,,,,534.9211,1.914,2.4156,,,,,,,,,,,,,,,,,,,,,,,,,
NLD,2013,ICILS,home_literacy_activities,,,,534.9211,1.914,2.4156,,,,,,,,,,,,,,,,,,,,,,,,,
NLD,2013,ICILS,parental_education,,,,534.9211,1.914,2.4156,,,,,,,,,,,,,,,,,,,,,,,,,
NOR,2013,ICILS,computer_literacy,,,,536.6848,2.5236,3.4845,0.0002,,,,,,,,,,,,,,,,,,,,,,,,
NOR,2013,ICILS,home_literacy_activities,,,,536.6848,2.5236,3.4845,0.0002,,,,,,,,,,,,,,,,,,,,,,,,
NOR,2013,ICILS,parental_education,,,,536.6848,2.5236,3.4845,0.0002,,,,,,,,,,,,,,,,,,,,,,,,
NOR,2013,ICILS,ses_composite,,,,536.6848,2.5236,3.4845,0.0002,,,,,,,,,,,,,,,,,,,,,,,,
POL,2013,ICILS,computer_literacy,,,,537.2099,2.2973,2.6971,-0.0,,,,,,,,,,,,,,,,,,,,,,,,
POL,2013,ICILS,home_literacy_activities,,,,537.2099,2.2973,2.6971,-0.0,,,,,,,,,,,,,,,,,,,,,,,,
POL,2013,ICILS,parental_education,,,,537.2099,2.2973,2.6971,-0.0,,,,,,,,,,,,,,,,,,,,,,,,
POL,2013,ICILS,ses_composite,,,,537.2099,2.2973,2.6971,-0.0,,,,,,,,,,,,,,,,,,,,,,,,
RUS,2013,ICILS,computer_literacy,,,,516.2986,2.1686,3.3626,0.0005,,,,,,,,,,,,,,,,,,,,,,,,
RUS,2013,ICILS,home_literacy_activities,,,,516.2986,2.1686,3.3626,0.0005,,,,,,,,,,,,,,,,,,,,,,,,
RUS,2013,ICILS,parental_education,,,,516.2986,2.1686,3.3626,0.0005,,,,,,,,,,,,,,,,,,,,,,,,
RUS,2013,ICILS,ses_composite,,,,516.2986,2.1686,3.3626,0.0005,,,,,,,,,,,,,,,,,,,,,,,,
SVK,2013,ICILS,computer_literacy,,,,517.269,1.9465,2.7439,-0.0002,,,,,,,,,,,,,,,,,,,,,,,,
SVK,2013,ICILS,home_literacy_activities,,,,517.269,1.9465,2.7439,-0.0002,,,,,,,,,,,,,,,,,,,,,,,,
SVK,2013,ICILS,parental_education,,,,517.269,1.9465,2.7439,-0.0002,,,,,,,,,,,,,,,,,,,,,,,,
SVK,2013,ICILS,ses_composite,,,,517.269,1.9465,2.7439,-0.0002,,,,,,,,,,,,,,,,,,,,,,,,
SVN,2013,ICILS,computer_literacy,,,,510.6881,2.0761,2.99,0.0,,,,,,,,,,,,,,,,,,,,,,,,
SVN,2013,ICILS,home_literacy_activities,,,,510.6881,2.0761,2.99,0.0,,,,,,,,,,,,,,,,,,,,,,,,
SVN,2013,ICILS,parental_education,,,,510.6881,2.0761,2.99,0.0,,,,,,,,,,,,,,,,,,,,,,,,
SVN,2013,ICILS,ses_composite,,,,510.6881,2.0761,2.99,0.0,,,,,,,,,,,,,,,,,,,,,,,,
THA,2013,ICILS,computer_literacy,,,,373.3015,1.2822,1.6805,0.0005,,,,,,,,,,,,,,,,,,,,,,,,
THA,2013,ICILS,home_literacy_activities,,,,373.3015,1.2822,1.6805,0.0005,,,,,,,,,,,,,,,,,,,,,,,,
THA,2013,ICILS,parental_education,,,,373.3015,1.2822,1.6805,0.0005,,,,,,,,,,,,,,,,,,,,,,,,
THA,2013,ICILS,ses_composite,,,,373.3015,1.2822,1.6805,0.0005,,,,,,,,,,,,,,,,,,,,,,,,
TWN,2013,ICILS,computer_literacy,,,,528.0309,2.3138,3.2457,-0.0001,,,,,,,,,,,,,,,,,,,,,,,,
TWN,2013,ICILS,home_literacy_activities,,,,528.0309,2.3138,3.2457,-0.0001,,,,,,,,,,,,,,,,,,,,,,,,
TWN,2013,ICILS,parental_education,,,,528.0309,2.3138,3.2457,-0.0001,,,,,,,,,,,,,,,,,,,,,,,,
TWN,2013,ICILS,ses_composite,,,,528.0309,2.3138,3.2457,-0.0001,,,,,,,,,,,,,,,,,,,,,,,,
DEU,2018,ICILS,computer_literacy,,,,518.2645,2.4301,2.2525,-0.0,,,,,,,,,,,,,,,,,,,,,,,,
DEU,2018,ICILS,home_literacy_activities,,,,518.2645,2.4301,2.2525,-0.0,,,,,,,,,,,,,,,,,,,,,,,,
DEU,2018,ICILS,parental_education,,,,518.2645,2.4301,2.2525,-0.0,,,,,,,,,,,,,,,,,,,,,,,,
DEU,2018,ICILS,ses_composite,,,,518.2645,2.4301,2.2525,-0.0,,,,,,,,,,,,,,,,,,,,,,,,
DNK,2018,ICILS,computer_literacy,,,,514.6741,2.3093,2.3494,-0.0,,,,,,,,,,,,,,,,,,,,,,,,
DNK,2018,ICILS,home_literacy_activities,,,,514.6741,2.3093,2.3494,-0.0,,,,,,,,,,,,,,,,,,,,,,,,
DNK,2018,ICILS,parental_education,,,,514.6741,2.3093,2.3494,-0.0,,,,,,,,,,,,,,,,,,,,,,,,
DNK,2018,ICILS,ses_composite,,,,514.6741,2.3093,2.3494,-0.0,,,,,,,,,,,,,,,,,,,,,,,,
FIN,2018,ICILS,computer_literacy,,,,530.6594,2.1832,3.2376,0.0,,,,,,,,,,,,,,,,,,,,,,,,
FIN,2018,ICILS,home_literacy_activities,,,,530.6594,2.1832,3.2376,0.0,,,,,,,,,,,,,,,,,,,,,,,,
FIN,2018,ICILS,parental_education,,,,530.6594,2.1832,3.2376,0.0,,,,,,,,,,,,,,,,,,,,,,,,
FIN,2018,ICILS,ses_composite,,,,530.6594,2.1832,3.2376,0.0,,,,,,,,,,,,,,,,,,,,,,,,
FRA,2018,ICILS,computer_literacy,,,,498.7139,1.871,2.7748,0.0,,,,,,,,,,,,,,,,,,,,,,,,
FRA,2018,ICILS,home_literacy_activities,,,,498.7139,1.871,2.7748,0.0,,,,,,,,,,,,,,,,,,,,,,,,
FRA,2018,ICILS,parental_education,,,,498.7139,1.871,2.7748,0.0,,,,,,,,,,,,,,,,,,,,,,,,
FRA,2018,ICILS,ses_composite,,,,498.7139,1.871,2.7748,0.0,,,,,,,,,,,,,,,,,,,,,,,,
ITA,2018,ICILS,computer_literacy,,,,461.0194,2.133,2.6207,-0.0,,,,,,,,,,,,,,,,,,,,,,,,
ITA,2018,ICILS,home_literacy_activities,,,,461.0194,2.133,2.6207,-0.0,,,,,,,,,,,,,,,,,,,,,,,,
ITA,2018,ICILS,parental_education,,,,461.0194,2.133,2.6207,-0.0,,,,,,,,,,,,,,,,,,,,,,,,
ITA,2018,ICILS,ses_composite,,,,461.0194,2.133,2.6207,-0.0,,,,,,,,,,,,,,,,,,,,,,,,
KAZ,2018,ICILS,computer_literacy,,,,395.1586,1.4907,2.8974,0.0,,,,,,,,,,,,,,,,,,,,,,,,
KAZ,2018,ICILS,home_literacy_activities,,,,395.1586,1.4907,2.8974,0.0,,,,,,,,,,,,,,,,,,,,,,,,
KAZ,2018,ICILS,parental_education,,,,395.1586,1.4907,2.8974,0.0,,,,,,,,,,,,,,,,,,,,,,,,
KAZ,2018,ICILS,ses_composite,,,,395.1586,1.4907,2.8974,0.0,,,,,,,,,,,,,,,,,,,,,,,,
KOR,2018,ICILS,computer_literacy,,,,542.0843,2.8949,3.5153,0.0,,,,,,,,,,,,,,,,,,,,,,,,
KOR,2018,ICILS,home_literacy_activities,,,,542.0843,2.8949,3.5153,0.0,,,,,,,,,,,,,,,,,,,,,,,,
KOR,2018,ICILS,parental_education,,,,542.0843,2.8949,3.5153,0.0,,,,,,,,,,,,,,,,,,,,,,,,
KOR,2018,ICILS,ses_composite,,,,542.0843,2.8949,3.5153,0.0,,,,,,,,,,,,,,,,,,,,,,,,
LUX,2018,ICILS,computer_literacy,,,,481.7651,2.3664,2.7661,0.0,,,,,,,,,,,,,,,,,,,,,,,,
LUX,2018,ICILS,home_literacy_activities,,,,481.7651,2.3664,2.7661,0.0,,,,,,,,,,,,,,,,,,,,,,,,
LUX,2018,ICILS,parental_education,,,,481.7651,2.3664,2.7661,0.0,,,,,,,,,,,,,,,,,,,,,,,,
LUX,2018,ICILS,ses_composite,,,,481.7651,2.3664,2.7661,0.0,,,,,,,,,,,,,,,,,,,,,,,,
MKD,2018,ICILS,computer_literacy,,,,549.1455,2.4737,3.5879,-0.0,,,,,,,,,,,,,,,,,,,,,,,,
MKD,2018,ICILS,home_literacy_activities,,,,549.1455,2.4737,3.5879,-0.0,,,,,,,,,,,,,,,,,,,,,,,,
MKD,2018,ICILS,parental_education,,,,549.1455,2.4737,3.5879,-0.0,,,,,,,,,,,,,,,,,,,,,,,,
MKD,2018,ICILS,ses_composite,,,,549.1455,2.4737,3.5879,-0.0,,,,,,,,,,,,,,,,,,,,,,,,
PRT,2018,ICILS,computer_literacy,,,,516.4711,1.98,2.348,-0.0,,,,,,,,,,,,,,,,,,,,,,,,
PRT,2018,ICILS,home_literacy_activities,,,,516.4711,1.98,2.348,-0.0,,,,,,,,,,,,,,,,,,,,,,,,
PRT,2018,ICILS,parental_education,,,,516.4711,1.98,2.348,-0.0,,,,,,,,,,,,,,,,,,,,,,,,
PRT,2018,ICILS,ses_composite,,,,516.4711,1.98,2.348,-0.0,,,,,,,,,,,,,,,,,,,,,,,,
URY,2018,ICILS,computer_literacy,,,,450.4461,1.1681,1.9779,-0.0,,,,,,,,,,,,,,,,,,,,,,,,
URY,2018,ICILS,home_literacy_activities,,,,450.4461,1.1681,1.9779,-0.0,,,,,,,,,,,,,,,,,,,,,,,,
URY,2018,ICILS,parental_education,,,,450.4461,1.1681,1.9779,-0.0,,,,,,,,,,,,,,,,,,,,,,,,
URY,2018,ICILS,ses_composite,,,,450.4461,1.1681,1.9779,-0.0,,,,,,,,,,,,,,,,,,,,,,,,
USA,2018,ICILS,computer_literacy,,,,518.9319,1.9487,3.0766,0.0,,,,,,,,,,,,,,,,,,,,,,,,
USA,2018,ICILS,home_literacy_activities,,,,518.9319,1.9487,3.0766,0.0,,,,,,,,,,,,,,,,,,,,,,,,
USA,2018,ICILS,parental_education,,,,518.9319,1.9487,3.0766,0.0,,,,,,,,,,,,,,,,,,,,,,,,
USA,2018,ICILS,ses_composite,,,,518.9319,1.9487,3.0766,0.0,,,,,,,,,,,,,,,,,,,,,,,,
AZE,2023,ICILS,computer_literacy,,,,318.6523,1.4241,2.3038,49.7893,,,,,,,,,494.0651,421.6027,478.659,411.3594,,,,,,,,,,,,
AZE,2023,ICILS,home_literacy_activities,,,,318.6523,1.4241,2.3038,49.7893,,,,,,,,,494.0651,421.6027,478.659,411.3594,,,,,,,,,,,,
AZE,2023,ICILS,parental_education,,,,318.6523,1.4241,2.3038,49.7893,,,,,,,,,494.0651,421.6027,478.659,411.3594,,,,,,,,,,,,
AZE,2023,ICILS,ses_composite,,,,318.6523,1.4241,2.3038,49.7893,,,,,,,,,494.0651,421.6027,478.659,411.3594,,,,,,,,,,,,
BEL,2023,ICILS,computer_literacy,,,,510.6103,1.9347,3.3222,49.0149,,,,,,,,,,,,,,,,,,,,,,,,
BEL,2023,ICILS,home_literacy_activities,,,,510.6103,1.9347,3.3222,49.0149,,,,,,,,,,,,,,,,,,,,,,,,
BEL,2023,ICILS,parental_education,,,,510.6103,1.9347,3.3222,49.0149,,,,,,,,,,,,,,,,,,,,,,,,
BEL,2023,ICILS,ses_composite,,,,510.6103,1.9347,3.3222,49.0149,,,,,,,,,,,,,,,,,,,,,,,,
BIH,2023,ICILS,computer_literacy,,,,440.2826,1.4605,2.7676,43.8392,,,,,,,,,447.096,448.3487,,,,,,,,,,,,,,
BIH,2023,ICILS,home_literacy_activities,,,,440.2826,1.4605,2.7676,43.8392,,,,,,,,,447.096,448.3487,,,,,,,,,,,,,,
BIH,2023,ICILS,parental_education,,,,440.2826,1.4605,2.7676,43.8392,,,,,,,,,447.096,448.3487,,,,,,,,,,,,,,
BIH,2023,ICILS,ses_composite,,,,440.2826,1.4605,2.7676,43.8392,,,,,,,,,447.096,448.3487,,,,,,,,,,,,,,
CYP,2023,ICILS,computer_literacy,,,,460.4221,2.1223,3.4395,54.0989,,,,,,,,,516.295,486.9837,493.7793,464.2534,,,,,,,,,,,,
CYP,2023,ICILS,home_literacy_activities,,,,460.4221,2.1223,3.4395,54.0989,,,,,,,,,516.295,486.9837,493.7793,464.2534,,,,,,,,,,,,
CYP,2023,ICILS,parental_education,,,,460.4221,2.1223,3.4395,54.0989,,,,,,,,,516.295,486.9837,493.7793,464.2534,,,,,,,,,,,,
CYP,2023,ICILS,ses_composite,,,,460.4221,2.1223,3.4395,54.0989,,,,,,,,,516.295,486.9837,493.7793,464.2534,,,,,,,,,,,,
CZE,2023,ICILS,computer_literacy,,,,525.3865,2.2127,2.8861,49.1264,,,,,,,,,530.4311,525.8413,518.1843,527.1529,,,,,,,,,,,,
CZE,2023,ICILS,home_literacy_activities,,,,525.3865,2.2127,2.8861,49.1264,,,,,,,,,530.4311,525.8413,518.1843,527.1529,,,,,,,,,,,,
CZE,2023,ICILS,parental_education,,,,525.3865,2.2127,2.8861,49.1264,,,,,,,,,530.4311,525.8413,518.1843,527.1529,,,,,,,,,,,,
CZE,2023,ICILS,ses_composite,,,,525.3865,2.2127,2.8861,49.1264,,,,,,,,,530.4311,525.8413,518.1843,527.1529,,,,,,,,,,,,
DEU,2023,ICILS,computer_literacy,,,,501.8373,2.2166,2.2159,49.1229,,,,,,,,,523.784,515.4773,,,,,,,,,,,,,,
DEU,2023,ICILS,home_literacy_activities,,,,501.8373,2.2166,2.2159,49.1229,,,,,,,,,523.784,515.4773,,,,,,,,,,,,,,
DEU,2023,ICILS,parental_education,,,,501.8373,2.2166,2.2159,49.1229,,,,,,,,,523.784,515.4773,,,,,,,,,,,,,,
DEU,2023,ICILS,ses_composite,,,,501.8373,2.2166,2.2159,49.1229,,,,,,,,,523.784,515.4773,,,,,,,,,,,,,,
DNK,2023,ICILS,computer_literacy,,,,484.7139,2.0984,2.2998,48.7399,,,,,,,,,,,,,,,,,,,,,,,,
DNK,2023,ICILS,home_literacy_activities,,,,484.7139,2.0984,2.2998,48.7399,,,,,,,,,,,,,,,,,,,,,,,,
DNK,2023,ICILS,parental_education,,,,484.7139,2.0984,2.2998,48.7399,,,,,,,,,,,,,,,,,,,,,,,,
DNK,2023,ICILS,ses_composite,,,,484.7139,2.0984,2.2998,48.7399,,,,,,,,,,,,,,,,,,,,,,,,
FIN,2023,ICILS,computer_literacy,,,,506.6932,2.111,3.3462,52.5812,,,,,,,,,529.2559,542.0588,503.8013,530.6375,,,,,,,,,,,,
FIN,2023,ICILS,home_literacy_activities,,,,506.6932,2.111,3.3462,52.5812,,,,,,,,,529.2559,542.0588,503.8013,530.6375,,,,,,,,,,,,
FIN,2023,ICILS,parental_education,,,,506.6932,2.111,3.3462,52.5812,,,,,,,,,529.2559,542.0588,503.8013,530.6375,,,,,,,,,,,,
FIN,2023,ICILS,ses_composite,,,,506.6932,2.111,3.3462,52.5812,,,,,,,,,529.2559,542.0588,503.8013,530.6375,,,,,,,,,,,,
FRA,2023,ICILS,computer_literacy,,,,497.6354,1.9949,2.9105,49.9136,,,,,,,,,484.0991,488.1341,478.6812,486.1952,,,,,,,,,,,,
FRA,2023,ICILS,home_literacy_activities,,,,497.6354,1.9949,2.9105,49.9136,,,,,,,,,484.0991,488.1341,478.6812,486.1952,,,,,,,,,,,,
FRA,2023,ICILS,parental_education,,,,497.6354,1.9949,2.9105,49.9136,,,,,,,,,484.0991,488.1341,478.6812,486.1952,,,,,,,,,,,,
FRA,2023,ICILS,ses_composite,,,,497.6354,1.9949,2.9105,49.9136,,,,,,,,,484.0991,488.1341,478.6812,486.1952,,,,,,,,,,,,
GRC,2023,ICILS,computer_literacy,,,,459.9081,2.0472,3.1775,48.0752,,,,,,,,,,,,,,,,,,,,,,,,
GRC,2023,ICILS,home_literacy_activities,,,,459.9081,2.0472,3.1775,48.0752,,,,,,,,,,,,,,,,,,,,,,,,
GRC,2023,ICILS,parental_education,,,,459.9081,2.0472,3.1775,48.0752,,,,,,,,,,,,,,,,,,,,,,,,
GRC,2023,ICILS,ses_composite,,,,459.9081,2.0472,3.1775,48.0752,,,,,,,,,,,,,,,,,,,,,,,,
HRV,2023,ICILS,computer_literacy,,,,486.6035,1.7409,2.9421,48.031,,,,,,,,,,,,,,,,,,,,,,,,
HRV,2023,ICILS,home_literacy_activities,,,,486.6035,1.7409,2.9421,48.031,,,,,,,,,,,,,,,,,,,,,,,,
HRV,2023,ICILS,parental_education,,,,486.6035,1.7409,2.9421,48.031,,,,,,,,,,,,,,,,,,,,,,,,
HRV,2023,ICILS,ses_composite,,,,486.6035,1.7409,2.9421,48.031,,,,,,,,,,,,,,,,,,,,,,,,
HUN,2023,ICILS,computer_literacy,,,,504.9441,2.2481,3.0124,49.7051,,,,,,,,,,,506.1218,521.6376,,,,,,,,,,,,
HUN,2023,ICILS,home_literacy_activities,,,,504.9441,2.2481,3.0124,49.7051,,,,,,,,,,,506.1218,521.6376,,,,,,,,,,,,
HUN,2023,ICILS,parental_education,,,,504.9441,2.2481,3.0124,49.7051,,,,,,,,,,,506.1218,521.6376,,,,,,,,,,,,
HUN,2023,ICILS,ses_composite,,,,504.9441,2.2481,3.0124,49.7051,,,,,,,,,,,506.1218,521.6376,,,,,,,,,,,,
ITA,2023,ICILS,computer_literacy,,,,490.5434,2.0663,2.5912,47.6863,,,,,,,,,513.087,510.5523,500.5642,500.651,,,,,,,,,,,,
ITA,2023,ICILS,home_literacy_activities,,,,490.5434,2.0663,2.5912,47.6863,,,,,,,,,513.087,510.5523,500.5642,500.651,,,,,,,,,,,,
ITA,2023,ICILS,parental_education,,,,490.5434,2.0663,2.5912,47.6863,,,,,,,,,513.087,510.5523,500.5642,500.651,,,,,,,,,,,,
ITA,2023,ICILS,ses_composite,,,,490.5434,2.0663,2.5912,47.6863,,,,,,,,,513.087,510.5523,500.5642,500.651,,,,,,,,,,,,
KAZ,2023,ICILS,computer_literacy,,,,406.9882,1.2099,2.8674,51.118,,,,,,,,,487.1769,466.53,454.0894,442.6806,,,,,,,,,,,,
KAZ,2023,ICILS,home_literacy_activities,,,,406.9882,1.2099,2.8674,51.118,,,,,,,,,487.1769,466.53,454.0894,442.6806,,,,,,,,,,,,
KAZ,2023,ICILS,parental_education,,,,406.9882,1.2099,2.8674,51.118,,,,,,,,,487.1769,466.53,454.0894,442.6806,,,,,,,,,,,,
KAZ,2023,ICILS,ses_composite,,,,406.9882,1.2099,2.8674,51.118,,,,,,,,,487.1769,466.53,454.0894,442.6806,,,,,,,,,,,,
KOR,2023,ICILS,computer_literacy,,,,540.3995,2.5371,3.4363,50.1565,,,,,,,,,594.4118,583.2645,595.9943,545.3962,,,,,,,,,,,,
KOR,2023,ICILS,home_literacy_activities,,,,540.3995,2.5371,3.4363,50.1565,,,,,,,,,594.4118,583.2645,595.9943,545.3962,,,,,,,,,,,,
KOR,2023,ICILS,parental_education,,,,540.3995,2.5371,3.4363,50.1565,,,,,,,,,594.4118,583.2645,595.9943,545.3962,,,,,,,,,,,,
KOR,2023,ICILS,ses_composite,,,,540.3995,2.5371,3.4363,50.1565,,,,,,,,,594.4118,583.2645,595.9943,545.3962,,,,,,,,,,,,
LUX,2023,ICILS,computer_literacy,,,,493.6714,2.2762,2.9588,51.0834,,,,,,,,,,,,,,,,,,,,,,,,
LUX,2023,ICILS,home_literacy_activities,,,,493.6714,2.2762,2.9588,51.0834,,,,,,,,,,,,,,,,,,,,,,,,
LUX,2023,ICILS,parental_education,,,,493.6714,2.2762,2.9588,51.0834,,,,,,,,,,,,,,,,,,,,,,,,
LUX,2023,ICILS,ses_composite,,,,493.6714,2.2762,2.9588,51.0834,,,,,,,,,,,,,,,,,,,,,,,,
LVA,2023,ICILS,computer_literacy,,,,508.8083,1.8721,3.1827,48.3531,,,,,,,,,534.3004,525.5452,,,,,,,,,,,,,,
LVA,2023,ICILS,home_literacy_activities,,,,508.8083,1.8721,3.1827,48.3531,,,,,,,,,534.3004,525.5452,,,,,,,,,,,,,,
LVA,2023,ICILS,parental_education,,,,508.8083,1.8721,3.1827,48.3531,,,,,,,,,534.3004,525.5452,,,,,,,,,,,,,,
LVA,2023,ICILS,ses_composite,,,,508.8083,1.8721,3.1827,48.3531,,,,,,,,,534.3004,525.5452,,,,,,,,,,,,,,
MLT,2023,ICILS,computer_literacy,,,,475.0184,2.1484,2.8788,53.0959,,,,,,,,,,,,,,,,,,,,,,,,
MLT,2023,ICILS,home_literacy_activities,,,,475.0184,2.1484,2.8788,53.0959,,,,,,,,,,,,,,,,,,,,,,,,
MLT,2023,ICILS,parental_education,,,,475.0184,2.1484,2.8788,53.0959,,,,,,,,,,,,,,,,,,,,,,,,
MLT,2023,ICILS,ses_composite,,,,475.0184,2.1484,2.8788,53.0959,,,,,,,,,,,,,,,,,,,,,,,,
NLD,2023,ICILS,computer_literacy,,,,459.5847,1.8448,2.8214,51.3631,,,,,,,,,537.124,516.9196,,,,,,,,,,,,,,
NLD,2023,ICILS,home_literacy_activities,,,,459.5847,1.8448,2.8214,51.3631,,,,,,,,,537.124,516.9196,,,,,,,,,,,,,,
NLD,2023,ICILS,parental_education,,,,459.5847,1.8448,2.8214,51.3631,,,,,,,,,537.124,516.9196,,,,,,,,,,,,,,
NLD,2023,ICILS,ses_composite,,,,459.5847,1.8448,2.8214,51.3631,,,,,,,,,537.124,516.9196,,,,,,,,,,,,,,
OMN,2023,ICILS,computer_literacy,,,,379.1219,1.4712,2.9818,50.822,,,,,,,,,421.3615,432.6494,410.8779,455.7478,,,,,,,,,,,,
OMN,2023,ICILS,home_literacy_activities,,,,379.1219,1.4712,2.9818,50.822,,,,,,,,,421.3615,432.6494,410.8779,455.7478,,,,,,,,,,,,
OMN,2023,ICILS,parental_education,,,,379.1219,1.4712,2.9818,50.822,,,,,,,,,421.3615,432.6494,410.8779,455.7478,,,,,,,,,,,,
OMN,2023,ICILS,ses_composite,,,,379.1219,1.4712,2.9818,50.822,,,,,,,,,421.3615,432.6494,410.8779,455.7478,,,,,,,,,,,,
PRT,2023,ICILS,computer_literacy,,,,509.7129,1.7924,2.6162,50.2456,,,,,,,,,,,475.4719,505.5807,,,,,,,,,,,,
PRT,2023,ICILS,home_literacy_activities,,,,509.7129,1.7924,2.6162,50.2456,,,,,,,,,,,475.4719,505.5807,,,,,,,,,,,,
PRT,2023,ICILS,parental_education,,,,509.7129,1.7924,2.6162,50.2456,,,,,,,,,,,475.4719,505.5807,,,,,,,,,,,,
PRT,2023,ICILS,ses_composite,,,,509.7129,1.7924,2.6162,50.2456,,,,,,,,,,,475.4719,505.5807,,,,,,,,,,,,
SVK,2023,ICILS,computer_literacy,,,,498.6932,1.8591,2.8142,47.6198,,,,,,,,,514.7984,520.5926,,,,,,,,,,,,,,
SVK,2023,ICILS,home_literacy_activities,,,,498.6932,1.8591,2.8142,47.6198,,,,,,,,,514.7984,520.5926,,,,,,,,,,,,,,
SVK,2023,ICILS,parental_education,,,,498.6932,1.8591,2.8142,47.6198,,,,,,,,,514.7984,520.5926,,,,,,,,,,,,,,
SVK,2023,ICILS,ses_composite,,,,498.6932,1.8591,2.8142,47.6198,,,,,,,,,514.7984,520.5926,,,,,,,,,,,,,,
SVN,2023,ICILS,computer_literacy,,,,483.4782,2.14,3.21,53.2939,,,,,,,,,513.7806,525.6442,,,,,,,,,,,,,,
SVN,2023,ICILS,home_literacy_activities,,,,483.4782,2.14,3.21,53.2939,,,,,,,,,513.7806,525.6442,,,,,,,,,,,,,,
SVN,2023,ICILS,parental_education,,,,483.4782,2.14,3.21,53.2939,,,,,,,,,513.7806,525.6442,,,,,,,,,,,,,,
SVN,2023,ICILS,ses_composite,,,,483.4782,2.14,3.21,53.2939,,,,,,,,,513.7806,525.6442,,,,,,,,,,,,,,
SWE,2023,ICILS,computer_literacy,,,,504.2374,2.1227,3.3891,54.3193,,,,,,,,,,,517.3197,521.3098,,,,,,,,,,,,
SWE,2023,ICILS,home_literacy_activities,,,,504.2374,2.1227,3.3891,54.3193,,,,,,,,,,,517.3197,521.3098,,,,,,,,,,,,
SWE,2023,ICILS,parental_education,,,,504.2374,2.1227,3.3891,54.3193,,,,,,,,,,,517.3197,521.3098,,,,,,,,,,,,
SWE,2023,ICILS,ses_composite,,,,504.2374,2.1227,3.3891,54.3193,,,,,,,,,,,517.3197,521.3098,,,,,,,,,,,,
USA,2023,ICILS,computer_literacy,,,,481.6374,1.7674,2.9816,50.5801,,,,,,,,,,,488.0068,513.3955,,,,,,,,,,,,
USA,2023,ICILS,home_literacy_activities,,,,481.6374,1.7674,2.9816,50.5801,,,,,,,,,,,488.0068,513.3955,,,,,,,,,,,,
USA,2023,ICILS,parental_education,,,,481.6374,1.7674,2.9816,50.5801,,,,,,,,,,,488.0068,513.3955,,,,,,,,,,,,
USA,2023,ICILS,ses_composite,,,,481.6374,1.7674,2.9816,50.5801,,,,,,,,,,,488.0068,513.3955,,,,,,,,,,,,
BEL,2012,PIAAC,gender,,,,,,,,1.495,275.4803,280.3862,1.861,,514.5292,508.6179,504.8677,,,,,0.1956098938676713,,,,,,,,,,,
BEL,2012,PIAAC,literacy,,,,,,,,1.495,275.4803,280.3862,1.861,,514.5292,508.6179,504.8677,,,,,0.1956098938676713,,,,,,,,,,,
BEL,2012,PIAAC,numeracy,,,,,,,,1.495,275.4803,280.3862,1.861,,514.5292,508.6179,504.8677,,,,,0.1956098938676713,,,,,,,,,,,
BEL,2012,PIAAC,parental_education,,,,,,,,1.495,275.4803,280.3862,1.861,,514.5292,508.6179,504.8677,,,,,0.1956098938676713,,,,,,,,,,,
CAN,2012,PIAAC,gender,,,,,,,,1.5003,273.3364,265.2403,2.1507,,518.0704,523.124,525.4413,,,,,0.502876695451086,,,,,,,,,,,
CAN,2012,PIAAC,literacy,,,,,,,,1.5003,273.3364,265.2403,2.1507,,518.0704,523.124,525.4413,,,,,0.502876695451086,,,,,,,,,,,
CAN,2012,PIAAC,numeracy,,,,,,,,1.5003,273.3364,265.2403,2.1507,,518.0704,523.124,525.4413,,,,,0.502876695451086,,,,,,,,,,,
CAN,2012,PIAAC,parental_education,,,,,,,,1.5003,273.3364,265.2403,2.1507,,518.0704,523.124,525.4413,,,,,0.502876695451086,,,,,,,,,,,
CHL,2012,PIAAC,gender,,,,,,,,1.5005,220.1467,206.059,1.7833,,422.6324,441.3982,444.9339,,,,,-0.5681914907415191,,,,,,,,,,,
CHL,2012,PIAAC,literacy,,,,,,,,1.5005,220.1467,206.059,1.7833,,422.6324,441.3982,444.9339,,,,,-0.5681914907415191,,,,,,,,,,,
CHL,2012,PIAAC,numeracy,,,,,,,,1.5005,220.1467,206.059,1.7833,,422.6324,441.3982,444.9339,,,,,-0.5681914907415191,,,,,,,,,,,
CHL,2012,PIAAC,parental_education,,,,,,,,1.5005,220.1467,206.059,1.7833,,422.6324,441.3982,444.9339,,,,,-0.5681914907415191,,,,,,,,,,,
CZE,2012,PIAAC,gender,,,,,,,,1.4959,274.0117,275.7338,2.0485,,498.9579,492.8897,508.2991,,,,,-0.08558574892404061,,,,,,,,,,,
CZE,2012,PIAAC,literacy,,,,,,,,1.4959,274.0117,275.7338,2.0485,,498.9579,492.8897,508.2991,,,,,-0.08558574892404061,,,,,,,,,,,
CZE,2012,PIAAC,numeracy,,,,,,,,1.4959,274.0117,275.7338,2.0485,,498.9579,492.8897,508.2991,,,,,-0.08558574892404061,,,,,,,,,,,
CZE,2012,PIAAC,parental_education,,,,,,,,1.4959,274.0117,275.7338,2.0485,,498.9579,492.8897,508.2991,,,,,-0.08558574892404061,,,,,,,,,,,
DNK,2012,PIAAC,gender,,,,,,,,1.4962,270.7875,278.2784,2.0166,,500.0268,496.1309,498.4742,,,,,0.29727055720831436,,,,,,,,,,,
DNK,2012,PIAAC,literacy,,,,,,,,1.4962,270.7875,278.2784,2.0166,,500.0268,496.1309,498.4742,,,,,0.29727055720831436,,,,,,,,,,,
DNK,2012,PIAAC,numeracy,,,,,,,,1.4962,270.7875,278.2784,2.0166,,500.0268,496.1309,498.4742,,,,,0.29727055720831436,,,,,,,,,,,
DNK,2012,PIAAC,parental_education,,,,,,,,1.4962,270.7875,278.2784,2.0166,,500.0268,496.1309,498.4742,,,,,0.29727055720831436,,,,,,,,,,,
ESP,2012,PIAAC,gender,,,,,,,,1.4977,251.7898,245.8217,1.4108,,484.3193,487.9392,496.4458,,,,,-0.3143590018886189,,,,,,,,,,,
ESP,2012,PIAAC,literacy,,,,,,,,1.4977,251.7898,245.8217,1.4108,,484.3193,487.9392,496.4458,,,,,-0.3143590018886189,,,,,,,,,,,
ESP,2012,PIAAC,numeracy,,,,,,,,1.4977,251.7898,245.8217,1.4108,,484.3193,487.9392,496.4458,,,,,-0.3143590018886189,,,,,,,,,,,
ESP,2012,PIAAC,parental_education,,,,,,,,1.4977,251.7898,245.8217,1.4108,,484.3193,487.9392,496.4458,,,,,-0.3143590018886189,,,,,,,,,,,
EST,2012,PIAAC,gender,,,,,,,,1.5208,275.884,273.1195,2.0907,,520.5455,516.2942,541.4048,,,,,0.1522229322173711,,,,,,,,,,,
EST,2012,PIAAC,literacy,,,,,,,,1.5208,275.884,273.1195,2.0907,,520.5455,516.2942,541.4048,,,,,0.1522229322173711,,,,,,,,,,,
EST,2012,PIAAC,numeracy,,,,,,,,1.5208,275.884,273.1195,2.0907,,520.5455,516.2942,541.4048,,,,,0.1522229322173711,,,,,,,,,,,
EST,2012,PIAAC,parental_education,,,,,,,,1.5208,275.884,273.1195,2.0907,,520.5455,516.2942,541.4048,,,,,0.1522229322173711,,,,,,,,,,,
FIN,2012,PIAAC,gender,,,,,,,,1.4971,287.5457,282.2266,1.8045,,518.7503,524.0217,545.4419,,,,,0.37113308844781384,,,,,,,,,,,
FIN,2012,PIAAC,literacy,,,,,,,,1.4971,287.5457,282.2266,1.8045,,518.7503,524.0217,545.4419,,,,,0.37113308844781384,,,,,,,,,,,
FIN,2012,PIAAC,numeracy,,,,,,,,1.4971,287.5457,282.2266,1.8045,,518.7503,524.0217,545.4419,,,,,0.37113308844781384,,,,,,,,,,,
FIN,2012,PIAAC,parental_education,,,,,,,,1.4971,287.5457,282.2266,1.8045,,518.7503,524.0217,545.4419,,,,,0.37113308844781384,,,,,,,,,,,
FRA,2012,PIAAC,gender,,,,,,,,1.5112,262.1391,254.192,1.7392,,494.9847,505.4815,498.9709,,,,,-0.13278171842151604,,,,,,,,,,,
FRA,2012,PIAAC,literacy,,,,,,,,1.5112,262.1391,254.192,1.7392,,494.9847,505.4815,498.9709,,,,,-0.13278171842151604,,,,,,,,,,,
FRA,2012,PIAAC,numeracy,,,,,,,,1.5112,262.1391,254.192,1.7392,,494.9847,505.4815,498.9709,,,,,-0.13278171842151604,,,,,,,,,,,
FRA,2012,PIAAC,parental_education,,,,,,,,1.5112,262.1391,254.192,1.7392,,494.9847,505.4815,498.9709,,,,,-0.13278171842151604,,,,,,,,,,,
GBR,2012,PIAAC,gender,,,,,,,,1.5014,272.457,261.7258,1.9744,,493.9342,499.3231,514.1293,,,,,0.20386290508204338,,,,,,,,,,,
GBR,2012,PIAAC,literacy,,,,,,,,1.5014,272.457,261.7258,1.9744,,493.9342,499.3231,514.1293,,,,,0.20386290508204338,,,,,,,,,,,
GBR,2012,PIAAC,numeracy,,,,,,,,1.5014,272.457,261.7258,1.9744,,493.9342,499.3231,514.1293,,,,,0.20386290508204338,,,,,,,,,,,
GBR,2012,PIAAC,parental_education,,,,,,,,1.5014,272.457,261.7258,1.9744,,493.9342,499.3231,514.1293,,,,,0.20386290508204338,,,,,,,,,,,
GRC,2012,PIAAC,gender,,,,,,,,1.5065,253.8885,251.8606,1.4951,,452.9734,477.1972,466.722,,,,,-0.02266548926345035,,,,,,,,,,,
GRC,2012,PIAAC,literacy,,,,,,,,1.5065,253.8885,251.8606,1.4951,,452.9734,477.1972,466.722,,,,,-0.02266548926345035,,,,,,,,,,,
GRC,2012,PIAAC,numeracy,,,,,,,,1.5065,253.8885,251.8606,1.4951,,452.9734,477.1972,466.722,,,,,-0.02266548926345035,,,,,,,,,,,
GRC,2012,PIAAC,parental_education,,,,,,,,1.5065,253.8885,251.8606,1.4951,,452.9734,477.1972,466.722,,,,,-0.02266548926345035,,,,,,,,,,,
IRL,2012,PIAAC,gender,,,,,,,,1.509,266.5448,255.5904,1.7192,,501.4975,523.1732,522.004,,,,,0.047389802253672814,,,,,,,,,,,
IRL,2012,PIAAC,literacy,,,,,,,,1.509,266.5448,255.5904,1.7192,,501.4975,523.1732,522.004,,,,,0.047389802253672814,,,,,,,,,,,
IRL,2012,PIAAC,numeracy,,,,,,,,1.509,266.5448,255.5904,1.7192,,501.4975,523.1732,522.004,,,,,0.047389802253672814,,,,,,,,,,,
IRL,2012,PIAAC,parental_education,,,,,,,,1.509,266.5448,255.5904,1.7192,,501.4975,523.1732,522.004,,,,,0.047389802253672814,,,,,,,,,,,
JPN,2012,PIAAC,gender,,,,,,,,1.4973,296.2423,288.1704,2.09,,536.4069,538.0515,546.7356,,,,,-0.009025445865829792,,,,,,,,,,,
JPN,2012,PIAAC,literacy,,,,,,,,1.4973,296.2423,288.1704,2.09,,536.4069,538.0515,546.7356,,,,,-0.009025445865829792,,,,,,,,,,,
JPN,2012,PIAAC,numeracy,,,,,,,,1.4973,296.2423,288.1704,2.09,,536.4069,538.0515,546.7356,,,,,-0.009025445865829792,,,,,,,,,,,
JPN,2012,PIAAC,parental_education,,,,,,,,1.4973,296.2423,288.1704,2.09,,536.4069,538.0515,546.7356,,,,,-0.009025445865829792,,,,,,,,,,,
KAZ,2012,PIAAC,gender,,,,,,,,1.5159,249.1259,247.1195,1.9738,,431.7984,392.7362,424.7075,,,,,-0.508726889383893,,,,,,,,,,,
KAZ,2012,PIAAC,literacy,,,,,,,,1.5159,249.1259,247.1195,1.9738,,431.7984,392.7362,424.7075,,,,,-0.508726889383893,,,,,,,,,,,
KAZ,2012,PIAAC,numeracy,,,,,,,,1.5159,249.1259,247.1195,1.9738,,431.7984,392.7362,424.7075,,,,,-0.508726889383893,,,,,,,,,,,
KAZ,2012,PIAAC,parental_education,,,,,,,,1.5159,249.1259,247.1195,1.9738,,431.7984,392.7362,424.7075,,,,,-0.508726889383893,,,,,,,,,,,
LTU,2012,PIAAC,gender,,,,,,,,1.5182,266.8238,267.1988,2.0964,,478.8233,477.3066,495.7001,,,,,-0.04606752519399783,,,,,,,,,,,
LTU,2012,PIAAC,literacy,,,,,,,,1.5182,266.8238,267.1988,2.0964,,478.8233,477.3066,495.7001,,,,,-0.04606752519399783,,,,,,,,,,,
LTU,2012,PIAAC,numeracy,,,,,,,,1.5182,266.8238,267.1988,2.0964,,478.8233,477.3066,495.7001,,,,,-0.04606752519399783,,,,,,,,,,,
LTU,2012,PIAAC,parental_education,,,,,,,,1.5182,266.8238,267.1988,2.0964,,478.8233,477.3066,495.7001,,,,,-0.04606752519399783,,,,,,,,,,,
MEX,2012,PIAAC,gender,,,,,,,,1.5196,221.5814,210.1389,1.3151,,413.2815,423.5538,414.9201,,,,,-1.2184479430594966,,,,,,,,,,,
MEX,2012,PIAAC,literacy,,,,,,,,1.5196,221.5814,210.1389,1.3151,,413.2815,423.5538,414.9201,,,,,-1.2184479430594966,,,,,,,,,,,
MEX,2012,PIAAC,numeracy,,,,,,,,1.5196,221.5814,210.1389,1.3151,,413.2815,423.5538,414.9201,,,,,-1.2184479430594966,,,,,,,,,,,
MEX,2012,PIAAC,parental_education,,,,,,,,1.5196,221.5814,210.1389,1.3151,,413.2815,423.5538,414.9201,,,,,-1.2184479430594966,,,,,,,,,,,
NOR,2012,PIAAC,gender,,,,,,,,1.4887,278.4252,278.2979,2.0809,,489.3731,503.9367,494.5239,,,,,0.4714880109004786,,,,,,,,,,,
NOR,2012,PIAAC,literacy,,,,,,,,1.4887,278.4252,278.2979,2.0809,,489.3731,503.9367,494.5239,,,,,0.4714880109004786,,,,,,,,,,,
NOR,2012,PIAAC,numeracy,,,,,,,,1.4887,278.4252,278.2979,2.0809,,489.3731,503.9367,494.5239,,,,,0.4714880109004786,,,,,,,,,,,
NOR,2012,PIAAC,parental_education,,,,,,,,1.4887,278.4252,278.2979,2.0809,,489.3731,503.9367,494.5239,,,,,0.4714880109004786,,,,,,,,,,,
NZL,2012,PIAAC,gender,,,,,,,,1.5156,280.6729,271.1255,2.0396,,499.7499,512.1868,515.6363,,,,,0.08643122831361089,,,,,,,,,,,
NZL,2012,PIAAC,literacy,,,,,,,,1.5156,280.6729,271.1255,2.0396,,499.7499,512.1868,515.6363,,,,,0.08643122831361089,,,,,,,,,,,
NZL,2012,PIAAC,numeracy,,,,,,,,1.5156,280.6729,271.1255,2.0396,,499.7499,512.1868,515.6363,,,,,0.08643122831361089,,,,,,,,,,,
NZL,2012,PIAAC,parental_education,,,,,,,,1.5156,280.6729,271.1255,2.0396,,499.7499,512.1868,515.6363,,,,,0.08643122831361089,,,,,,,,,,,
PER,2012,PIAAC,gender,,,,,,,,1.4985,195.6269,178.4916,1.5885,,368.1025,384.1512,373.1134,,,,,-1.3139177099877446,,,,,,,,,,,
PER,2012,PIAAC,literacy,,,,,,,,1.4985,195.6269,178.4916,1.5885,,368.1025,384.1512,373.1134,,,,,-1.3139177099877446,,,,,,,,,,,
PER,2012,PIAAC,numeracy,,,,,,,,1.4985,195.6269,178.4916,1.5885,,368.1025,384.1512,373.1134,,,,,-1.3139177099877446,,,,,,,,,,,
PER,2012,PIAAC,parental_education,,,,,,,,1.4985,195.6269,178.4916,1.5885,,368.1025,384.1512,373.1134,,,,,-1.3139177099877446,,,,,,,,,,,
POL,2012,PIAAC,gender,,,,,,,,1.5053,266.9038,259.7689,1.8627,,517.5011,518.1869,525.8164,,,,,-0.280749346078238,,,,,,,,,,,
POL,2012,PIAAC,literacy,,,,,,,,1.5053,266.9038,259.7689,1.8627,,517.5011,518.1869,525.8164,,,,,-0.280749346078238,,,,,,,,,,,
POL,2012,PIAAC,numeracy,,,,,,,,1.5053,266.9038,259.7689,1.8627,,517.5011,518.1869,525.8164,,,,,-0.280749346078238,,,,,,,,,,,
POL,2012,PIAAC,parental_education,,,,,,,,1.5053,266.9038,259.7689,1.8627,,517.5011,518.1869,525.8164,,,,,-0.280749346078238,,,,,,,,,,,
RUS,2012,PIAAC,gender,,,,,,,,1.5223,275.2344,269.9328,2.049,,482.1694,475.1494,486.2955,,,,,-0.21270214500344747,,,,,,,,,,,
RUS,2012,PIAAC,literacy,,,,,,,,1.5223,275.2344,269.9328,2.049,,482.1694,475.1494,486.2955,,,,,-0.21270214500344747,,,,,,,,,,,
RUS,2012,PIAAC,numeracy,,,,,,,,1.5223,275.2344,269.9328,2.049,,482.1694,475.1494,486.2955,,,,,-0.21270214500344747,,,,,,,,,,,
RUS,2012,PIAAC,parental_education,,,,,,,,1.5223,275.2344,269.9328,2.049,,482.1694,475.1494,486.2955,,,,,-0.21270214500344747,,,,,,,,,,,
SGP,2012,PIAAC,gender,,,,,,,,1.5064,257.6205,257.4188,1.6846,,573.4683,542.2158,551.4932,,,,,-0.42702029142414494,,,,,,,,,,,
SGP,2012,PIAAC,literacy,,,,,,,,1.5064,257.6205,257.4188,1.6846,,573.4683,542.2158,551.4932,,,,,-0.42702029142414494,,,,,,,,,,,
SGP,2012,PIAAC,numeracy,,,,,,,,1.5064,257.6205,257.4188,1.6846,,573.4683,542.2158,551.4932,,,,,-0.42702029142414494,,,,,,,,,,,
SGP,2012,PIAAC,parental_education,,,,,,,,1.5064,257.6205,257.4188,1.6846,,573.4683,542.2158,551.4932,,,,,-0.42702029142414494,,,,,,,,,,,
SVK,2012,PIAAC,gender,,,,,,,,1.5002,273.8456,275.8076,1.845,,481.6447,462.767,471.1932,,,,,-0.09344574764293731,,,,,,,,,,,
SVK,2012,PIAAC,literacy,,,,,,,,1.5002,273.8456,275.8076,1.845,,481.6447,462.767,471.1932,,,,,-0.09344574764293731,,,,,,,,,,,
SVK,2012,PIAAC,numeracy,,,,,,,,1.5002,273.8456,275.8076,1.845,,481.6447,462.767,471.1932,,,,,-0.09344574764293731,,,,,,,,,,,
SVK,2012,PIAAC,parental_education,,,,,,,,1.5002,273.8456,275.8076,1.845,,481.6447,462.767,471.1932,,,,,-0.09344574764293731,,,,,,,,,,,
SWE,2012,PIAAC,gender,,,,,,,,1.4927,279.2308,279.0524,1.9698,,478.2606,483.335,484.799,,,,,0.3298088125816241,,,,,,,,,,,
SWE,2012,PIAAC,literacy,,,,,,,,1.4927,279.2308,279.0524,1.9698,,478.2606,483.335,484.799,,,,,0.3298088125816241,,,,,,,,,,,
SWE,2012,PIAAC,numeracy,,,,,,,,1.4927,279.2308,279.0524,1.9698,,478.2606,483.335,484.799,,,,,0.3298088125816241,,,,,,,,,,,
SWE,2012,PIAAC,parental_education,,,,,,,,1.4927,279.2308,279.0524,1.9698,,478.2606,483.335,484.799,,,,,0.3298088125816241,,,,,,,,,,,
TUR,2012,PIAAC,gender,,,,,,,,1.4954,226.544,219.43,1.1709,,447.9844,475.4915,463.4129,,,,,-1.164954212853034,,,,,,,,,,,
TUR,2012,PIAAC,literacy,,,,,,,,1.4954,226.544,219.43,1.1709,,447.9844,475.4915,463.4129,,,,,-1.164954212853034,,,,,,,,,,,
TUR,2012,PIAAC,numeracy,,,,,,,,1.4954,226.544,219.43,1.1709,,447.9844,475.4915,463.4129,,,,,-1.164954212853034,,,,,,,,,,,
TUR,2012,PIAAC,parental_education,,,,,,,,1.4954,226.544,219.43,1.1709,,447.9844,475.4915,463.4129,,,,,-1.164954212853034,,,,,,,,,,,
AUT,2017,PIAAC,gender,,,,,,,,1.4984,254.3698,267.0446,2.1079,,,,,,,,,,,,,,,,,,,,
AUT,2017,PIAAC,literacy,,,,,,,,1.4984,254.3698,267.0446,2.1079,,,,,,,,,,,,,,,,,,,,
AUT,2017,PIAAC,numeracy,,,,,,,,1.4984,254.3698,267.0446,2.1079,,,,,,,,,,,,,,,,,,,,
AUT,2017,PIAAC,parental_education,,,,,,,,1.4984,254.3698,267.0446,2.1079,,,,,,,,,,,,,,,,,,,,
CAN,2017,PIAAC,gender,,,,,,,,1.4988,270.7703,270.6949,2.3732,,,,,,,,,,,,,,,,,,,,
CAN,2017,PIAAC,literacy,,,,,,,,1.4988,270.7703,270.6949,2.3732,,,,,,,,,,,,,,,,,,,,
CAN,2017,PIAAC,numeracy,,,,,,,,1.4988,270.7703,270.6949,2.3732,,,,,,,,,,,,,,,,,,,,
CAN,2017,PIAAC,parental_education,,,,,,,,1.4988,270.7703,270.6949,2.3732,,,,,,,,,,,,,,,,,,,,
CHE,2017,PIAAC,gender,,,,,,,,1.496,266.3168,276.1165,2.1794,,,,,,,,,,,,,,,,,,,,
CHE,2017,PIAAC,literacy,,,,,,,,1.496,266.3168,276.1165,2.1794,,,,,,,,,,,,,,,,,,,,
CHE,2017,PIAAC,numeracy,,,,,,,,1.496,266.3168,276.1165,2.1794,,,,,,,,,,,,,,,,,,,,
CHE,2017,PIAAC,parental_education,,,,,,,,1.496,266.3168,276.1165,2.1794,,,,,,,,,,,,,,,,,,,,
CHL,2017,PIAAC,gender,,,,,,,,1.5,217.8899,214.3437,1.8251,,,,,,,,,,,,,,,,,,,,
CHL,2017,PIAAC,literacy,,,,,,,,1.5,217.8899,214.3437,1.8251,,,,,,,,,,,,,,,,,,,,
CHL,2017,PIAAC,numeracy,,,,,,,,1.5,217.8899,214.3437,1.8251,,,,,,,,,,,,,,,,,,,,
CHL,2017,PIAAC,parental_education,,,,,,,,1.5,217.8899,214.3437,1.8251,,,,,,,,,,,,,,,,,,,,
CZE,2017,PIAAC,gender,,,,,,,,1.4909,260.2056,267.28,2.2019,,,,,,,,,,,,,,,,,,,,
CZE,2017,PIAAC,literacy,,,,,,,,1.4909,260.2056,267.28,2.2019,,,,,,,,,,,,,,,,,,,,
CZE,2017,PIAAC,numeracy,,,,,,,,1.4909,260.2056,267.28,2.2019,,,,,,,,,,,,,,,,,,,,
CZE,2017,PIAAC,parental_education,,,,,,,,1.4909,260.2056,267.28,2.2019,,,,,,,,,,,,,,,,,,,,
DEU,2017,PIAAC,gender,,,,,,,,1.4945,266.0916,272.825,2.3036,,,,,,,,,,,,,,,,,,,,
DEU,2017,PIAAC,literacy,,,,,,,,1.4945,266.0916,272.825,2.3036,,,,,,,,,,,,,,,,,,,,
DEU,2017,PIAAC,numeracy,,,,,,,,1.4945,266.0916,272.825,2.3036,,,,,,,,,,,,,,,,,,,,
DEU,2017,PIAAC,parental_education,,,,,,,,1.4945,266.0916,272.825,2.3036,,,,,,,,,,,,,,,,,,,,
FIN,2017,PIAAC,gender,,,,,,,,1.4922,296.4686,293.7699,2.1383,,,,,,,,,,,,,,,,,,,,
FIN,2017,PIAAC,literacy,,,,,,,,1.4922,296.4686,293.7699,2.1383,,,,,,,,,,,,,,,,,,,,
FIN,2017,PIAAC,numeracy,,,,,,,,1.4922,296.4686,293.7699,2.1383,,,,,,,,,,,,,,,,,,,,
FIN,2017,PIAAC,parental_education,,,,,,,,1.4922,296.4686,293.7699,2.1383,,,,,,,,,,,,,,,,,,,,
FRA,2017,PIAAC,gender,,,,,,,,1.5079,254.8042,256.5327,1.9969,,,,,,,,,,,,,,,,,,,,
FRA,2017,PIAAC,literacy,,,,,,,,1.5079,254.8042,256.5327,1.9969,,,,,,,,,,,,,,,,,,,,
FRA,2017,PIAAC,numeracy,,,,,,,,1.5079,254.8042,256.5327,1.9969,,,,,,,,,,,,,,,,,,,,
FRA,2017,PIAAC,parental_education,,,,,,,,1.5079,254.8042,256.5327,1.9969,,,,,,,,,,,,,,,,,,,,
GBR,2017,PIAAC,gender,,,,,,,,1.5078,271.6069,268.3983,2.1306,,,,,,,,,,,,,,,,,,,,
GBR,2017,PIAAC,literacy,,,,,,,,1.5078,271.6069,268.3983,2.1306,,,,,,,,,,,,,,,,,,,,
GBR,2017,PIAAC,numeracy,,,,,,,,1.5078,271.6069,268.3983,2.1306,,,,,,,,,,,,,,,,,,,,
GBR,2017,PIAAC,parental_education,,,,,,,,1.5078,271.6069,268.3983,2.1306,,,,,,,,,,,,,,,,,,,,
HUN,2017,PIAAC,gender,,,,,,,,1.4983,248.4591,254.353,1.9935,,,,,,,,,,,,,,,,,,,,
HUN,2017,PIAAC,literacy,,,,,,,,1.4983,248.4591,254.353,1.9935,,,,,,,,,,,,,,,,,,,,
HUN,2017,PIAAC,numeracy,,,,,,,,1.4983,248.4591,254.353,1.9935,,,,,,,,,,,,,,,,,,,,
HUN,2017,PIAAC,parental_education,,,,,,,,1.4983,248.4591,254.353,1.9935,,,,,,,,,,,,,,,,,,,,
IRL,2017,PIAAC,gender,,,,,,,,1.5059,262.7613,259.6955,2.049,,,,,,,,,,,,,,,,,,,,
IRL,2017,PIAAC,literacy,,,,,,,,1.5059,262.7613,259.6955,2.049,,,,,,,,,,,,,,,,,,,,
IRL,2017,PIAAC,numeracy,,,,,,,,1.5059,262.7613,259.6955,2.049,,,,,,,,,,,,,,,,,,,,
IRL,2017,PIAAC,parental_education,,,,,,,,1.5059,262.7613,259.6955,2.049,,,,,,,,,,,,,,,,,,,,
JPN,2017,PIAAC,gender,,,,,,,,1.492,289.1969,290.8353,2.3252,,,,,,,,,,,,,,,,,,,,
JPN,2017,PIAAC,literacy,,,,,,,,1.492,289.1969,290.8353,2.3252,,,,,,,,,,,,,,,,,,,,
JPN,2017,PIAAC,numeracy,,,,,,,,1.492,289.1969,290.8353,2.3252,,,,,,,,,,,,,,,,,,,,
JPN,2017,PIAAC,parental_education,,,,,,,,1.492,289.1969,290.8353,2.3252,,,,,,,,,,,,,,,,,,,,
LTU,2017,PIAAC,gender,,,,,,,,1.5128,238.2995,245.5529,2.2156,,,,,,,,,,,,,,,,,,,,
LTU,2017,PIAAC,literacy,,,,,,,,1.5128,238.2995,245.5529,2.2156,,,,,,,,,,,,,,,,,,,,
LTU,2017,PIAAC,numeracy,,,,,,,,1.5128,238.2995,245.5529,2.2156,,,,,,,,,,,,,,,,,,,,
LTU,2017,PIAAC,parental_education,,,,,,,,1.5128,238.2995,245.5529,2.2156,,,,,,,,,,,,,,,,,,,,
NOR,2017,PIAAC,gender,,,,,,,,1.4886,280.8404,284.8039,2.2978,,,,,,,,,,,,,,,,,,,,
NOR,2017,PIAAC,literacy,,,,,,,,1.4886,280.8404,284.8039,2.2978,,,,,,,,,,,,,,,,,,,,
NOR,2017,PIAAC,numeracy,,,,,,,,1.4886,280.8404,284.8039,2.2978,,,,,,,,,,,,,,,,,,,,
NOR,2017,PIAAC,parental_education,,,,,,,,1.4886,280.8404,284.8039,2.2978,,,,,,,,,,,,,,,,,,,,
NZL,2017,PIAAC,gender,,,,,,,,1.5028,259.575,255.699,2.1951,,,,,,,,,,,,,,,,,,,,
NZL,2017,PIAAC,literacy,,,,,,,,1.5028,259.575,255.699,2.1951,,,,,,,,,,,,,,,,,,,,
NZL,2017,PIAAC,numeracy,,,,,,,,1.5028,259.575,255.699,2.1951,,,,,,,,,,,,,,,,,,,,
NZL,2017,PIAAC,parental_education,,,,,,,,1.5028,259.575,255.699,2.1951,,,,,,,,,,,,,,,,,,,,
POL,2017,PIAAC,gender,,,,,,,,1.5043,235.7269,238.7816,1.9519,,,,,,,,,,,,,,,,,,,,
POL,2017,PIAAC,literacy,,,,,,,,1.5043,235.7269,238.7816,1.9519,,,,,,,,,,,,,,,,,,,,
POL,2017,PIAAC,numeracy,,,,,,,,1.5043,235.7269,238.7816,1.9519,,,,,,,,,,,,,,,,,,,,
POL,2017,PIAAC,parental_education,,,,,,,,1.5043,235.7269,238.7816,1.9519,,,,,,,,,,,,,,,,,,,,
PRT,2017,PIAAC,gender,,,,,,,,1.515,234.7294,238.1325,1.5241,,,,,,,,,,,,,,,,,,,,
PRT,2017,PIAAC,literacy,,,,,,,,1.515,234.7294,238.1325,1.5241,,,,,,,,,,,,,,,,,,,,
PRT,2017,PIAAC,numeracy,,,,,,,,1.515,234.7294,238.1325,1.5241,,,,,,,,,,,,,,,,,,,,
PRT,2017,PIAAC,parental_education,,,,,,,,1.515,234.7294,238.1325,1.5241,,,,,,,,,,,,,,,,,,,,
SGP,2017,PIAAC,gender,,,,,,,,1.5092,254.5404,274.1033,1.8685,,,,,,,,,,,,,,,,,,,,
SGP,2017,PIAAC,literacy,,,,,,,,1.5092,254.5404,274.1033,1.8685,,,,,,,,,,,,,,,,,,,,
SGP,2017,PIAAC,numeracy,,,,,,,,1.5092,254.5404,274.1033,1.8685,,,,,,,,,,,,,,,,,,,,
SGP,2017,PIAAC,parental_education,,,,,,,,1.5092,254.5404,274.1033,1.8685,,,,,,,,,,,,,,,,,,,,
SVK,2017,PIAAC,gender,,,,,,,,1.493,253.9323,260.6155,2.0029,,,,,,,,,,,,,,,,,,,,
SVK,2017,PIAAC,literacy,,,,,,,,1.493,253.9323,260.6155,2.0029,,,,,,,,,,,,,,,,,,,,
SVK,2017,PIAAC,numeracy,,,,,,,,1.493,253.9323,260.6155,2.0029,,,,,,,,,,,,,,,,,,,,
SVK,2017,PIAAC,parental_education,,,,,,,,1.493,253.9323,260.6155,2.0029,,,,,,,,,,,,,,,,,,,,
SWE,2017,PIAAC,gender,,,,,,,,1.4878,284.0827,285.2091,2.2617,,,,,,,,,,,,,,,,,,,,
SWE,2017,PIAAC,literacy,,,,,,,,1.4878,284.0827,285.2091,2.2617,,,,,,,,,,,,,,,,,,,,
SWE,2017,PIAAC,numeracy,,,,,,,,1.4878,284.0827,285.2091,2.2617,,,,,,,,,,,,,,,,,,,,
SWE,2017,PIAAC,parental_education,,,,,,,,1.4878,284.0827,285.2091,2.2617,,,,,,,,,,,,,,,,,,,,
USA,2017,PIAAC,gender,,,,,,,,1.5009,258.2085,248.7533,2.3524,,,,,,,,,,,,,,,,,,,,
USA,2017,PIAAC,literacy,,,,,,,,1.5009,258.2085,248.7533,2.3524,,,,,,,,,,,,,,,,,,,,
USA,2017,PIAAC,numeracy,,,,,,,,1.5009,258.2085,248.7533,2.3524,,,,,,,,,,,,,,,,,,,,
USA,2017,PIAAC,parental_education,,,,,,,,1.5009,258.2085,248.7533,2.3524,,,,,,,,,,,,,,,,,,,,
ARG,2001,PIRLS,reading,,,,,,,,,,,,419.5275,,,,,,,,,,,,,,,,,,,
BGR,2001,PIRLS,reading,,,,,,,,,,,,550.4977,,,,,,,,,,,,,,,,,,,
CAN,2001,PIRLS,reading,,,,,,,,,,,,544.1459,,,,,,,,,,,,,,,,,,,
COL,2001,PIRLS,reading,,,,,,,,,,,,422.4281,,,,,,,,,,,,,,,,,,,
CQU,2001,PIRLS,reading,,,,,,,,,,,,537.2443,,,,,,,,,,,,,,,,,,,
CZE,2001,PIRLS,reading,,,,,,,,,,,,536.8826,,,,,,,,,,,,,,,,,,,
DEU,2001,PIRLS,reading,,,,,,,,,,,,539.0901,,,,,,,,,,,,,,,,,,,
FRA,2001,PIRLS,reading,,,,,,,,,,,,525.1702,,,,,,,,,,,,,,,,,,,
GRC,2001,PIRLS,reading,,,,,,,,,,,,524.1667,,,,,,,,,,,,,,,,,,,
HKG,2001,PIRLS,reading,,,,,,,,,,,,527.8711,,,,,,,,,,,,,,,,,,,
HUN,2001,PIRLS,reading,,,,,,,,,,,,543.2264,,,,,,,,,,,,,,,,,,,
ISL,2001,PIRLS,reading,,,,,,,,,,,,512.4169,,,,,,,,,,,,,,,,,,,
ISR,2001,PIRLS,reading,,,,,,,,,,,,508.9392,,,,,,,,,,,,,,,,,,,
ITA,2001,PIRLS,reading,,,,,,,,,,,,540.7288,,,,,,,,,,,,,,,,,,,
LTU,2001,PIRLS,reading,,,,,,,,,,,,543.3865,,,,,,,,,,,,,,,,,,,
LVA,2001,PIRLS,reading,,,,,,,,,,,,544.607,,,,,,,,,,,,,,,,,,,
MAR,2001,PIRLS,reading,,,,,,,,,,,,349.5113,,,,,,,,,,,,,,,,,,,
MDA,2001,PIRLS,reading,,,,,,,,,,,,491.7428,,,,,,,,,,,,,,,,,,,
MKD,2001,PIRLS,reading,,,,,,,,,,,,441.5864,,,,,,,,,,,,,,,,,,,
NLD,2001,PIRLS,reading,,,,,,,,,,,,554.2088,,,,,,,,,,,,,,,,,,,
NOR,2001,PIRLS,reading,,,,,,,,,,,,499.1794,,,,,,,,,,,,,,,,,,,
NZL,2001,PIRLS,reading,,,,,,,,,,,,528.8238,,,,,,,,,,,,,,,,,,,
RUS,2001,PIRLS,reading,,,,,,,,,,,,527.9335,,,,,,,,,,,,,,,,,,,
SE3,2001,PIRLS,reading,,,,,,,,,,,,519.6867,,,,,,,,,,,,,,,,,,,
SVK,2001,PIRLS,reading,,,,,,,,,,,,518.0873,,,,,,,,,,,,,,,,,,,
SVN,2001,PIRLS,reading,,,,,,,,,,,,501.5179,,,,,,,,,,,,,,,,,,,
SWE,2001,PIRLS,reading,,,,,,,,,,,,561.0141,,,,,,,,,,,,,,,,,,,
USA,2001,PIRLS,reading,,,,,,,,,,,,542.149,,,,,,,,,,,,,,,,,,,
AUT,2006,PIRLS,reading,,,,,,,,,,,,538.2962,505.4836,490.194,510.8372,,,,,0.061011438420573175,,,,,,,,,,,
BFL,2006,PIRLS,reading,,,,,,,,,,,,547.0444,,,,,,,,,,,,,,,,,,,
BFR,2006,PIRLS,reading,,,,,,,,,,,,499.6659,,,,,,,,,,,,,,,,,,,
CBC,2006,PIRLS,reading,,,,,,,,,,,,558.0385,,,,,,,,,,,,,,,,,,,
CNS,2006,PIRLS,reading,,,,,,,,,,,,541.8475,,,,,,,,,,,,,,,,,,,
CQU,2006,PIRLS,reading,,,,,,,,,,,,532.9081,,,,,,,,,,,,,,,,,,,
DEU,2006,PIRLS,reading,,,,,,,,,,,,547.5908,503.7909,494.9444,515.6491,,,,,0.1602319363421634,,,,,,,,,,,
ENG,2006,PIRLS,reading,,,,,,,,,,,,539.4825,,,,,,,,,,,,,,,,,,,
ESP,2006,PIRLS,reading,,,,,,,,,,,,512.5039,479.9575,460.8301,488.4245,,,,,-0.29668609797362816,,,,,,,,,,,
FRA,2006,PIRLS,reading,,,,,,,,,,,,521.5935,495.5383,487.7062,495.2198,,,,,-0.07773294569458636,,,,,,,,,,,
GEO,2006,PIRLS,reading,,,,,,,,,,,,470.8356,,,,,,,,,,,,,,,,,,,
HKG,2006,PIRLS,reading,,,,,,,,,,,,563.9113,547.4607,536.0656,542.2114,,,,,-0.7578567776264036,,,,,,,,,,,
IRN,2006,PIRLS,reading,,,,,,,,,,,,420.9328,,,,,,,,,,,,,,,,,,,
IS5,2006,PIRLS,reading,,,,,,,,,,,,549.5704,,,,,,,,,,,,,,,,,,,
ISL,2006,PIRLS,reading,,,,,,,,,,,,510.5973,505.5448,484.4453,490.7938,,,,,0.6908836773282258,,,,,,,,,,,
ISR,2006,PIRLS,reading,,,,,,,,,,,,512.4622,441.8587,438.6723,453.9037,,,,,,,,,,,,,,,,
ITA,2006,PIRLS,reading,,,,,,,,,,,,551.4682,461.6887,468.5231,475.3972,,,,,-0.11106140286751105,,,,,,,,,,,
KWT,2006,PIRLS,reading,,,,,,,,,,,,330.3003,,,,,,,,,,,,,,,,,,,
LTU,2006,PIRLS,reading,,,,,,,,,,,,537.0325,486.4213,470.0708,487.9567,,,,,,,,,,,,,,,,
LUX,2006,PIRLS,reading,,,,,,,,,,,,557.1952,490.0018,479.3665,486.3244,,,,,0.18497997746635883,,,,,,,,,,,
LVA,2006,PIRLS,reading,,,,,,,,,,,,540.9115,486.1661,479.4918,489.5438,,,,,0.11518134316358138,,,,,,,,,,,
MAR,2006,PIRLS,reading,,,,,,,,,,,,322.5801,,,,,,,,,,,,,,,,,,,
MDA,2006,PIRLS,reading,,,,,,,,,,,,499.8838,,,,,,,,,,,,,,,,,,,
MKD,2006,PIRLS,reading,,,,,,,,,,,,442.3955,,,,,,,,,,,,,,,,,,,
NLD,2006,PIRLS,reading,,,,,,,,,,,,547.1517,530.654,506.747,524.8615,,,,,0.09778846130575505,,,,,,,,,,,
NO5,2006,PIRLS,reading,,,,,,,,,,,,540.5131,,,,,,,,,,,,,,,,,,,
NOR,2006,PIRLS,reading,,,,,,,,,,,,498.008,489.8464,484.2926,486.528,,,,,0.6066050746723949,,,,,,,,,,,
NZL,2006,PIRLS,reading,,,,,,,,,,,,531.7151,521.9888,521.0326,530.3844,,,,,0.2135067613258737,,,,,,,,,,,
POL,2006,PIRLS,reading,,,,,,,,,,,,519.3893,495.4285,507.6395,497.8065,,,,,-0.2008851937781181,,,,,,,,,,,
ROM,2006,PIRLS,reading,,,,,,,,,,,,489.4731,,,,,,,,,,,,,,,,,,,
RUS,2006,PIRLS,reading,,,,,,,,,,,,564.7436,475.6791,439.8557,479.4704,,,,,-0.0947864048552994,,,,,,,,,,,
SGP,2006,PIRLS,reading,,,,,,,,,,,,558.2728,,,,,,,,,,,,,,,,,,,
SVK,2006,PIRLS,reading,,,,,,,,,,,,530.8146,492.1062,466.3498,488.4334,,,,,-0.08302437020089053,,,,,,,,,,,
SVN,2006,PIRLS,reading,,,,,,,,,,,,521.5314,504.456,494.409,518.8156,,,,,,,,,,,,,,,,
TTO,2006,PIRLS,reading,,,,,,,,,,,,435.5877,,,,,,,,,,,,,,,,,,,
TWN,2006,PIRLS,reading,,,,,,,,,,,,535.3707,549.3573,496.2354,532.4735,,,,,,,,,,,,,,,,
USA,2006,PIRLS,reading,,,,,,,,,,,,539.9249,474.3522,,488.9068,,,,,0.29607078864678743,,,,,,,,,,,
AAD,2011,PIRLS,reading,,,,,,,,,,,,424.2648,,,,,,448.7581,461.4093,,,,,,,,,,,,
ARE,2011,PIRLS,reading,,,,,,,,,,,,438.5933,,,,434.3831,427.829,,,,,,,,,,,,,,
AUS,2011,PIRLS,reading,,,,,,,,,,,,527.372,,,,515.9317,515.5933,504.8024,519.2655,,,,,,,,,,,,
AUT,2011,PIRLS,reading,,,,,,,,,,,,528.8756,,,,508.3109,531.5022,,,,,,,,,,,,,,
AZE,2011,PIRLS,reading,,,,,,,,,,,,462.3037,,,,462.7507,438.0663,,,,,,,,,,,,,,
BGR,2011,PIRLS,reading,,,,,,,,,,,,531.8315,,,,,,,,,,,,,,,,,,,
BWA,2011,PIRLS,reading,,,,,,,,,,,,326.4058,,,,,,,,,,,,,,,,,,,
CAB,2011,PIRLS,reading,,,,,,,,,,,,548.0589,,,,506.5501,541.2533,505.1407,545.6025,,,,,,,,,,,,
CAN,2011,PIRLS,reading,,,,,,,,,,,,548.417,,,,,,,,,,,,,,,,,,,
COL,2011,PIRLS,reading,,,,,,,,,,,,451.2458,,,,,,,,,,,,,,,,,,,
COT,2011,PIRLS,reading,,,,,,,,,,,,551.843,,,,517.8829,527.5905,511.6252,521.2937,,,,,,3.0301,,,,,,
CQU,2011,PIRLS,reading,,,,,,,,,,,,537.6108,,,,532.7976,516.4002,531.5639,519.9151,,,,,,2.6531,,,,,,
DEU,2011,PIRLS,reading,,,,,,,,,,,,541.0117,,,,,,,,,,,,,,,,,,,
DNK,2011,PIRLS,reading,,,,,,,,,,,,553.9936,,,,,,,,,,,,,,,,,,,
EAN,2011,PIRLS,reading,,,,,,,,,,,,514.8967,,,,,,,,,,,,,,,,,,,
FIN,2011,PIRLS,reading,,,,,,,,,,,,567.8705,,,,545.4379,570.2206,,,,,,,,,,,,,,
FRA,2011,PIRLS,reading,,,,,,,,,,,,520.0006,,,,,,,,,,,,,,,,,,,
GEO,2011,PIRLS,reading,,,,,,,,,,,,487.7557,,,,,,431.1388,419.9363,,,,,,2.6247,,,,,,
HKG,2011,PIRLS,reading,,,,,,,,,,,,570.5426,,,,601.6088,534.9477,,,,,,,,,,,,,,
HRV,2011,PIRLS,reading,,,,,,,,,,,,553.0401,,,,,,,,,,,,,,,,,,,
IDN,2011,PIRLS,reading,,,,,,,,,,,,428.4828,,,,,,385.8378,405.6124,,,,,,,,,,,,
IRL,2011,PIRLS,reading,,,,,,,,,,,,551.6044,,,,527.3953,516.0549,,,,,,,,,,,,,,
ISR,2011,PIRLS,reading,,,,,,,,,,,,540.9207,,,,,,515.8438,515.6962,,,,,,3.043,,,,,,
KWT,2011,PIRLS,reading,,,,,,,,,,,,419.071,,,,341.7575,347.1358,,,,,,,,,,,,,,
LTU,2011,PIRLS,reading,,,,,,,,,,,,528.2289,,,,533.6899,514.6282,,,,,,,,,,,,,,
MA6,2011,PIRLS,reading,,,,,,,,,,,,424.3602,,,,,,,,,,,,,,,,,,,
MLN,2011,PIRLS,reading,,,,,,,,,,,,457.1436,,,,,,,,,,,,,,,,,,,
MLT,2011,PIRLS,reading,,,,,,,,,,,,476.934,,,,495.766,445.8257,,,,,,,,,,,,,,
NIR,2011,PIRLS,reading,,,,,,,,,,,,558.4518,,,,,,,,,,,,,,,,,,,
NLD,2011,PIRLS,reading,,,,,,,,,,,,546.0583,,,,540.0542,531.1561,,,,,,,,,,,,,,
OMN,2011,PIRLS,reading,,,,,,,,,,,,390.7975,,,,384.8565,377.0061,,,,,,,,,,,,,,
POL,2011,PIRLS,reading,,,,,,,,,,,,525.5726,,,,481.1649,504.8919,,,,,,,,,,,,,,
PRT,2011,PIRLS,reading,,,,,,,,,,,,540.8366,,,,,,,,,,,,,,,,,,,
RUS,2011,PIRLS,reading,,,,,,,,,,,,568.4185,,,,542.0973,552.3455,,,,,,,,,,,,,,
SAU,2011,PIRLS,reading,,,,,,,,,,,,429.8501,,,,410.2095,429.3868,393.8235,436.3522,,,,,,3.1296,,,,,,
SGP,2011,PIRLS,reading,,,,,,,,,,,,567.2845,,,,605.786,583.3389,,,,,,,,,,,,,,
SVK,2011,PIRLS,reading,,,,,,,,,,,,535.0846,,,,506.7691,531.8046,,,,,,,,,,,,,,
SVN,2011,PIRLS,reading,,,,,,,,,,,,530.3203,,,,513.0257,520.2802,,,,,,,,,,,,,,
SWE,2011,PIRLS,reading,,,,,,,,,,,,541.6749,,,,503.9378,533.4812,,,,,,,,,,,,,,
TTO,2011,PIRLS,reading,,,,,,,,,,,,470.85,,,,,,,,,,,,,,,,,,,
USA,2011,PIRLS,reading,,,,,,,,,,,,556.3746,,,,540.6493,543.8407,509.4849,524.6016,,,,,,,,,,,,
ZAF,2011,PIRLS,reading,,,,,,,,,,,,349.2863,,,,,,351.9087,331.574,,,,,,,,,,,,
AAD,2016,PIRLS,reading,,,,,,,,,,,,414.3079,,,,,,,,,,,,,,2.0897,1.7941,,,,
ADU,2016,PIRLS,reading,,,,,,,,,,,,514.992,,,,,,,,,,,,,,1.7663,1.6942,,,,
ARE,2016,PIRLS,reading,,,,,,,,,,,,450.1036,,,,,,,,,,,,,,1.98,1.7521,,,,
AUS,2016,PIRLS,reading,,,,,,,,,,,,544.3601,,,,,,,,,,,,,,,,,,,
AUT,2016,PIRLS,reading,,,,,,,,,,,,540.7961,,,,,,,,,,,,,,2.4214,1.6533,,,,
AZE,2016,PIRLS,reading,,,,,,,,,,,,472.2769,,,,,,,,,,,,,,,,,,,
BFL,2016,PIRLS,reading,,,,,,,,,,,,525.0589,,,,,,,,,,,,,,,,,,,
BFR,2016,PIRLS,reading,,,,,,,,,,,,497.4955,,,,,,,,,,,,,,,,,,,
BGR,2016,PIRLS,reading,,,,,,,,,,,,551.5391,,,,,,,,,,,,,,2.394,1.6722,,,,
BHR,2016,PIRLS,reading,,,,,,,,,,,,445.9995,,,,,,,,,,,,,,,,,,,
CHL,2016,PIRLS,reading,482.4545,2.4867,-0.0001,,,,,,,,,493.8721,,,,,,,,,,,,,,,,,,,
COT,2016,PIRLS,reading,,,,,,,,,,,,543.5816,,,,,,,,,,,,,,,,,,,
CQU,2016,PIRLS,reading,,,,,,,,,,,,547.4221,,,,,,,,,,,,,,1.7211,1.5922,,,,
CZE,2016,PIRLS,reading,,,,,,,,,,,,543.3482,,,,,,,,,,,,,,,,,,,
DEU,2016,PIRLS,reading,518.5446,2.2774,0.0002,,,,,,,,,537.3254,,,,,,,,,,,,,,2.5408,1.6309,,,,
DNK,2016,PIRLS,reading,586.2504,2.9967,0.0,,,,,,,,,547.4924,,,,,,,,,,,,,,,,,,,
EAN,2016,PIRLS,reading,,,,,,,,,,,,524.584,,,,,,,,,,,,,,2.7702,1.5626,,,,
ESP,2016,PIRLS,reading,,,,,,,,,,,,527.7396,,,,,,,,,,,,,,,,,,,
FIN,2016,PIRLS,reading,576.6514,3.0407,-0.0,,,,,,,,,566.007,,,,,,,,,,,,,,1.8909,1.7298,,,,
FRA,2016,PIRLS,reading,,,,,,,,,,,,511.244,,,,,,,,,,,,,,,,,,,
GEO,2016,PIRLS,reading,,,,,,,,,,,,488.3194,,,,,,,,,,,,,,1.9399,1.4722,,,,
IRL,2016,PIRLS,reading,,,,,,,,,,,,566.5963,,,,,,,,,,,,,,2.1077,1.489,,,,
IRN,2016,PIRLS,reading,,,,,,,,,,,,431.057,,,,,,,,,,,,,,3.2674,1.9107,,,,
ISR,2016,PIRLS,reading,,,,,,,,,,,,530.2877,,,,,,,,,,,,,,,,,,,
ITA,2016,PIRLS,reading,,,,,,,,,,,,548.0069,,,,,,,,,,,,,,,,,,,
KAZ,2016,PIRLS,reading,,,,,,,,,,,,536.0463,,,,,,,,,,,,,,,,,,,
LVA,2016,PIRLS,reading,492.1515,3.126,-0.0,,,,,,,,,557.7509,,,,,,,,,,,,,,,,,,,
MAR,2016,PIRLS,reading,,,,,,,,,,,,349.255,,,,,,,,,,,,,,3.8277,1.9546,,,,
NIR,2016,PIRLS,reading,,,,,,,,,,,,564.6207,,,,,,,,,,,,,,2.4538,1.4139,,,,
NLD,2016,PIRLS,reading,522.8688,2.8118,-0.0001,,,,,,,,,544.8837,,,,,,,,,,,,,,,,,,,
NOR,2016,PIRLS,reading,563.6634,3.4281,-0.002,,,,,,,,,558.9496,,,,,,,,,,,,,,,,,,,
NZL,2016,PIRLS,reading,,,,,,,,,,,,522.5312,,,,,,,,,,,,,,2.119,1.4576,,,,
PRT,2016,PIRLS,reading,,,,,,,,,,,,527.7969,,,,,,,,,,,,,,2.775,1.6457,,,,
QAT,2016,PIRLS,reading,,,,,,,,,,,,442.2461,,,,,,,,,,,,,,1.942,1.7589,,,,
RMO,2016,PIRLS,reading,,,,,,,,,,,,612.0839,,,,,,,,,,,,,,,,,,,
RUS,2016,PIRLS,reading,544.6827,3.3081,-0.0002,,,,,,,,,580.7725,,,,,,,,,,,,,,,,,,,
SAU,2016,PIRLS,reading,,,,,,,,,,,,430.2995,,,,,,,,,,,,,,,,,,,
SVK,2016,PIRLS,reading,,,,,,,,,,,,534.7911,,,,,,,,,,,,,,,,,,,
SWE,2016,PIRLS,reading,,,,,,,,,,,,555.1602,,,,,,,,,,,,,,,,,,,
ZA5,2016,PIRLS,reading,,,,,,,,,,,,406.0124,,,,,,,,,,,,,,,,,,,
AAD,2021,PIRLS,reading,,,,,,,,,,,,439.5624,,,,,,,,,,,,,,1.8244,1.742,,,,
ADU,2021,PIRLS,reading,,,,,,,,,,,,551.8599,,,,,,,,,,,,,,,,,,,
ALB,2021,PIRLS,reading,,,,,,,,,,,,512.7426,,,,,,,,,,,,,,,,,,,
AUS,2021,PIRLS,reading,,,,,,,,,,,,540.1345,,,,,,,,,,,,,,,,,,,
AUT,2021,PIRLS,reading,,,,,,,,,,,,529.763,,,,,,,,,,,,,,,,,,,
AZE,2021,PIRLS,reading,,,,,,,,,,,,440.2748,,,,,,,,,,,,,,,,,,,
BFL,2021,PIRLS,reading,,,,,,,,,,,,506.6666,,,,,,,,,,,,,,1.7588,1.7875,,,,
BFR,2021,PIRLS,reading,,,,,,,,,,,,494.2658,,,,,,,,,,,,,,1.9212,1.7227,,,,
BGR,2021,PIRLS,reading,,,,,,,,,,,,539.8938,,,,,,,,,,,,,,,,,,,
BHR,2021,PIRLS,reading,,,,,,,,,,,,458.3948,,,,,,,,,,,,,,,,,,,
BRA,2021,PIRLS,reading,,,,,,,,,,,,418.8765,,,,,,,,,,,,,,,,,,,
CAB,2021,PIRLS,reading,,,,,,,,,,,,538.687,,,,,,,,,,,,,,,,,,,
CQU,2021,PIRLS,reading,,,,,,,,,,,,551.0024,,,,,,,,,,,,,,1.5872,1.5906,,,,
CYP,2021,PIRLS,reading,,,,,,,,,,,,510.867,,,,,,,,,,,,,,,,,,,
CZE,2021,PIRLS,reading,,,,,,,,,,,,542.5968,,,,,,,,,,,,,,,,,,,
DEU,2021,PIRLS,reading,,,,,,,,,,,,523.9744,,,,,,,,,,,,,,2.172,1.6191,,,,
DNK,2021,PIRLS,reading,,,,,,,,,,,,539.235,,,,,,,,,,,,,,1.6082,1.6506,,,,
EGY,2021,PIRLS,reading,,,,,,,,,,,,378.2326,,,,,,,,,,,,,,,,,,,
ENG,2021,PIRLS,reading,,,,,,,,,,,,557.5525,,,,,,,,,,,,,,,,,,,
ESP,2021,PIRLS,reading,,,,,,,,,,,,516.9008,,,,,,,,,,,,,,2.1736,1.4769,,,,
FIN,2021,PIRLS,reading,,,,,,,,,,,,549.3,,,,,,,,,,,,,,1.7304,1.685,,,,
FRA,2021,PIRLS,reading,,,,,,,,,,,,513.7371,,,,,,,,,,,,,,,,,,,
GEO,2021,PIRLS,reading,,,,,,,,,,,,494.0261,,,,,,,,,,,,,,1.9625,1.4674,,,,
HKG,2021,PIRLS,reading,,,,,,,,,,,,572.821,,,,,,,,,,,,,,2.5523,1.9221,,,,
HRV,2021,PIRLS,reading,,,,,,,,,,,,553.0778,,,,,,,,,,,,,,,,,,,
HUN,2021,PIRLS,reading,,,,,,,,,,,,540.648,,,,,,,,,,,,,,,,,,,
IRN,2021,PIRLS,reading,,,,,,,,,,,,412.7746,,,,,,,,,,,,,,3.0359,1.8469,,,,
ISR,2021,PIRLS,reading,,,,,,,,,,,,509.3351,,,,,,,,,,,,,,,,,,,
ITA,2021,PIRLS,reading,,,,,,,,,,,,541.0125,,,,,,,,,,,,,,,,,,,
JOR,2021,PIRLS,reading,,,,,,,,,,,,380.5271,,,,,,,,,,,,,,,,,,,
KAZ,2021,PIRLS,reading,,,,,,,,,,,,504.4283,,,,,,,,,,,,,,1.7739,1.3582,,,,
LTU,2021,PIRLS,reading,,,,,,,,,,,,552.2204,,,,,,,,,,,,,,1.7306,1.5706,,,,
LVA,2021,PIRLS,reading,,,,,,,,,,,,527.6827,,,,,,,,,,,,,,,,,,,
MAC,2021,PIRLS,reading,,,,,,,,,,,,535.565,,,,,,,,,,,,,,,,,,,
MKD,2021,PIRLS,reading,,,,,,,,,,,,442.1474,,,,,,,,,,,,,,,,,,,
MLT,2021,PIRLS,reading,,,,,,,,,,,,498.8876,,,,,,,,,,,,,,2.6116,1.4982,,,,
NIR,2021,PIRLS,reading,,,,,,,,,,,,565.9341,,,,,,,,,,,,,,1.9136,1.3395,,,,
NLD,2021,PIRLS,reading,,,,,,,,,,,,527.2375,,,,,,,,,,,,,,1.7013,1.5909,,,,
NOR,2021,PIRLS,reading,,,,,,,,,,,,531.1567,,,,,,,,,,,,,,1.5664,1.6214,,,,
NZL,2021,PIRLS,reading,,,,,,,,,,,,519.0023,,,,,,,,,,,,,,,,,,,
POL,2021,PIRLS,reading,,,,,,,,,,,,549.1209,,,,,,,,,,,,,,,,,,,
PRT,2021,PIRLS,reading,,,,,,,,,,,,519.7634,,,,,,,,,,,,,,2.6191,1.6442,,,,
QAT,2021,PIRLS,reading,,,,,,,,,,,,484.7257,,,,,,,,,,,,,,1.6854,1.7326,,,,
RMO,2021,PIRLS,reading,,,,,,,,,,,,603.0469,,,,,,,,,,,,,,,,,,,
RUS,2021,PIRLS,reading,,,,,,,,,,,,570.9169,,,,,,,,,,,,,,1.6235,1.3378,,,,
SAU,2021,PIRLS,reading,,,,,,,,,,,,448.5494,,,,,,,,,,,,,,2.415,1.795,,,,
SGP,2021,PIRLS,reading,,,,,,,,,,,,584.399,,,,,,,,,,,,,,1.8614,1.7464,,,,
SVN,2021,PIRLS,reading,,,,,,,,,,,,519.6575,,,,,,,,,,,,,,2.0671,1.519,,,,
SWE,2021,PIRLS,reading,,,,,,,,,,,,539.8389,,,,,,,,,,,,,,,,,,,
TUR,2021,PIRLS,reading,,,,,,,,,,,,496.447,,,,,,,,,,,,,,,,,,,
TWN,2021,PIRLS,reading,,,,,,,,,,,,559.3303,,,,,,,,,,,,,,2.0482,1.888,,,,
USA,2021,PIRLS,reading,,,,,,,,,,,,547.5437,,,,,,,,,,,,,,,,,,,
XKX,2021,PIRLS,reading,,,,,,,,,,,,420.548,,,,,,,,,,,,,,,,,,,
ZAF,2021,PIRLS,reading,,,,,,,,,,,,288.2159,,,,,,,,,,,,,,,,,,,
008,2000,PISA,reading,,,,,,,,,,,,,,348.8495,,,,,,,,,,,,,,,,,
032,2000,PISA,reading,,,,,,,,,,,,,,418.2507,,,,,,,,,,,,,,,,,
036,2000,PISA,reading,,,,,,,,,,,,,,528.2785,,,,,,,,,,,,,,,,,
040,2000,PISA,reading,,,,,,,,,,,,,,507.1267,,,,,,,,,,,,,,,,,
056,2000,PISA,reading,,,,,,,,,,,,,,507.1259,,,,,,,,,,,,,,,,,
076,2000,PISA,reading,,,,,,,,,,,,,,396.0291,,,,,,,,,,,,,,,,,
100,2000,PISA,reading,,,,,,,,,,,,,,430.4034,,,,,,,,,,,,,,,,,
124,2000,PISA,reading,,,,,,,,,,,,,,534.3127,,,,,,,,,,,,,,,,,
152,2000,PISA,reading,,,,,,,,,,,,,,409.5568,,,,,,,,,,,,,,,,,
203,2000,PISA,reading,,,,,,,,,,,,,,491.577,,,,,,,,,,,,,,,,,
208,2000,PISA,reading,,,,,,,,,,,,,,496.871,,,,,,,,,,,,,,,,,
246,2000,PISA,reading,,,,,,,,,,,,,,546.4691,,,,,,,,,,,,,,,,,
250,2000,PISA,reading,,,,,,,,,,,,,,504.7424,,,,,,,,,,,,,,,,,
276,2000,PISA,reading,,,,,,,,,,,,,,483.9908,,,,,,,,,,,,,,,,,
300,2000,PISA,reading,,,,,,,,,,,,,,473.7989,,,,,,,,,,,,,,,,,
344,2000,PISA,reading,,,,,,,,,,,,,,525.4559,,,,,,,,,,,,,,,,,
348,2000,PISA,reading,,,,,,,,,,,,,,479.9668,,,,,,,,,,,,,,,,,
352,2000,PISA,reading,,,,,,,,,,,,,,506.9305,,,,,,,,,,,,,,,,,
360,2000,PISA,reading,,,,,,,,,,,,,,370.6147,,,,,,,,,,,,,,,,,
372,2000,PISA,reading,,,,,,,,,,,,,,526.6686,,,,,,,,,,,,,,,,,
376,2000,PISA,reading,,,,,,,,,,,,,,452.1724,,,,,,,,,,,,,,,,,
380,2000,PISA,reading,,,,,,,,,,,,,,487.4696,,,,,,,,,,,,,,,,,
392,2000,PISA,reading,,,,,,,,,,,,,,522.2349,,,,,,,,,,,,,,,,,
410,2000,PISA,reading,,,,,,,,,,,,,,524.7543,,,,,,,,,,,,,,,,,
428,2000,PISA,reading,,,,,,,,,,,,,,458.0711,,,,,,,,,,,,,,,,,
438,2000,PISA,reading,,,,,,,,,,,,,,482.5869,,,,,,,,,,,,,,,,,
442,2000,PISA,reading,,,,,,,,,,,,,,441.2458,,,,,,,,,,,,,,,,,
484,2000,PISA,reading,,,,,,,,,,,,,,421.9606,,,,,,,,,,,,,,,,,
528,2000,PISA,reading,,,,,,,,,,,,,,531.9094,,,,,,,,,,,,,,,,,
554,2000,PISA,reading,,,,,,,,,,,,,,528.7997,,,,,,,,,,,,,,,,,
578,2000,PISA,reading,,,,,,,,,,,,,,505.281,,,,,,,,,,,,,,,,,
604,2000,PISA,reading,,,,,,,,,,,,,,327.0848,,,,,,,,,,,,,,,,,
616,2000,PISA,reading,,,,,,,,,,,,,,479.1217,,,,,,,,,,,,,,,,,
620,2000,PISA,reading,,,,,,,,,,,,,,470.1546,,,,,,,,,,,,,,,,,
642,2000,PISA,reading,,,,,,,,,,,,,,427.9315,,,,,,,,,,,,,,,,,
643,2000,PISA,reading,,,,,,,,,,,,,,461.762,,,,,,,,,,,,,,,,,
724,2000,PISA,reading,,,,,,,,,,,,,,492.553,,,,,,,,,,,,,,,,,
752,2000,PISA,reading,,,,,,,,,,,,,,516.3312,,,,,,,,,,,,,,,,,
756,2000,PISA,reading,,,,,,,,,,,,,,494.3716,,,,,,,,,,,,,,,,,
764,2000,PISA,reading,,,,,,,,,,,,,,430.6839,,,,,,,,,,,,,,,,,
807,2000,PISA,reading,,,,,,,,,,,,,,372.5091,,,,,,,,,,,,,,,,,
826,2000,PISA,reading,,,,,,,,,,,,,,523.4433,,,,,,,,,,,,,,,,,
840,2000,PISA,reading,,,,,,,,,,,,,,504.4197,,,,,,,,,,,,,,,,,
AUS,2003,PISA,mathematics,,,,,,,,,,,,,524.266,525.427,525.0545,498.6633,520.6911,,,,,,,,,,,,,,
AUS,2003,PISA,reading,,,,,,,,,,,,,524.266,525.427,525.0545,498.6633,520.6911,,,,,,,,,,,,,,
AUS,2003,PISA,science,,,,,,,,,,,,,524.266,525.427,525.0545,498.6633,520.6911,,,,,,,,,,,,,,
AUT,2003,PISA,mathematics,,,,,,,,,,,,,505.611,490.6932,490.9846,,,,,,,,,,,,,,,,
AUT,2003,PISA,reading,,,,,,,,,,,,,505.611,490.6932,490.9846,,,,,,,,,,,,,,,,
AUT,2003,PISA,science,,,,,,,,,,,,,505.611,490.6932,490.9846,,,,,,,,,,,,,,,,
BEL,2003,PISA,mathematics,,,,,,,,,,,,,529.2864,506.9873,508.829,,,,,,,,,,,,,,,,
BEL,2003,PISA,reading,,,,,,,,,,,,,529.2864,506.9873,508.829,,,,,,,,,,,,,,,,
BEL,2003,PISA,science,,,,,,,,,,,,,529.2864,506.9873,508.829,,,,,,,,,,,,,,,,
BRA,2003,PISA,mathematics,,,,,,,,,,,,,356.0158,402.7963,389.6196,,,,,,,,,,,,,,,,
BRA,2003,PISA,reading,,,,,,,,,,,,,356.0158,402.7963,389.6196,,,,,,,,,,,,,,,,
BRA,2003,PISA,science,,,,,,,,,,,,,356.0158,402.7963,389.6196,,,,,,,,,,,,,,,,
CAN,2003,PISA,mathematics,,,,,,,,,,,,,532.4867,527.9136,518.7452,,,,,,,,,,,,,,,,
CAN,2003,PISA,reading,,,,,,,,,,,,,532.4867,527.9136,518.7452,,,,,,,,,,,,,,,,
CAN,2003,PISA,science,,,,,,,,,,,,,532.4867,527.9136,518.7452,,,,,,,,,,,,,,,,
CHE,2003,PISA,mathematics,,,,,,,,,,,,,526.5531,499.1214,512.9755,,,,,,,,,,,,,,,,
CHE,2003,PISA,reading,,,,,,,,,,,,,526.5531,499.1214,512.9755,,,,,,,,,,,,,,,,
CHE,2003,PISA,science,,,,,,,,,,,,,526.5531,499.1214,512.9755,,,,,,,,,,,,,,,,
CZE,2003,PISA,mathematics,,,,,,,,,,,,,516.455,488.5423,523.2537,,,,,,,,,,,,,,,,
CZE,2003,PISA,reading,,,,,,,,,,,,,516.455,488.5423,523.2537,,,,,,,,,,,,,,,,
CZE,2003,PISA,science,,,,,,,,,,,,,516.455,488.5423,523.2537,,,,,,,,,,,,,,,,
DEU,2003,PISA,mathematics,,,,,,,,,,,,,502.9855,491.358,502.3365,,,,,,,,,,,,,,,,
DEU,2003,PISA,reading,,,,,,,,,,,,,502.9855,491.358,502.3365,,,,,,,,,,,,,,,,
DEU,2003,PISA,science,,,,,,,,,,,,,502.9855,491.358,502.3365,,,,,,,,,,,,,,,,
DNK,2003,PISA,mathematics,,,,,,,,,,,,,514.2877,492.3234,475.2227,,,,,,,,,,,,,,,,
DNK,2003,PISA,reading,,,,,,,,,,,,,514.2877,492.3234,475.2227,,,,,,,,,,,,,,,,
DNK,2003,PISA,science,,,,,,,,,,,,,514.2877,492.3234,475.2227,,,,,,,,,,,,,,,,
ESP,2003,PISA,mathematics,,,,,,,,,,,,,485.1081,480.538,487.0926,,,,,,,,,,,,,,,,
ESP,2003,PISA,reading,,,,,,,,,,,,,485.1081,480.538,487.0926,,,,,,,,,,,,,,,,
ESP,2003,PISA,science,,,,,,,,,,,,,485.1081,480.538,487.0926,,,,,,,,,,,,,,,,
FIN,2003,PISA,mathematics,,,,,,,,,,,,,544.2892,543.4625,548.225,,,,,,,,,,,,,,,,
FIN,2003,PISA,reading,,,,,,,,,,,,,544.2892,543.4625,548.225,,,,,,,,,,,,,,,,
FIN,2003,PISA,science,,,,,,,,,,,,,544.2892,543.4625,548.225,,,,,,,,,,,,,,,,
FRA,2003,PISA,mathematics,,,,,,,,,,,,,510.7995,496.1888,511.2255,,,,,,,,,,,,,,,,
FRA,2003,PISA,reading,,,,,,,,,,,,,510.7995,496.1888,511.2255,,,,,,,,,,,,,,,,
FRA,2003,PISA,science,,,,,,,,,,,,,510.7995,496.1888,511.2255,,,,,,,,,,,,,,,,
GBR,2003,PISA,mathematics,,,,,,,,,,,,,508.2581,507.0127,518.4034,,,,,,,,,,,,,,,,
GBR,2003,PISA,reading,,,,,,,,,,,,,508.2581,507.0127,518.4034,,,,,,,,,,,,,,,,
GBR,2003,PISA,science,,,,,,,,,,,,,508.2581,507.0127,518.4034,,,,,,,,,,,,,,,,
GRC,2003,PISA,mathematics,,,,,,,,,,,,,444.9119,472.2669,481.0223,,,,,,,,,,,,,,,,
GRC,2003,PISA,reading,,,,,,,,,,,,,444.9119,472.2669,481.0223,,,,,,,,,,,,,,,,
GRC,2003,PISA,science,,,,,,,,,,,,,444.9119,472.2669,481.0223,,,,,,,,,,,,,,,,
HKG,2003,PISA,mathematics,,,,,,,,,,,,,550.3832,509.5352,539.4975,574.7823,542.4826,586.0515,556.0891,,,,,,,,,,,,
HKG,2003,PISA,reading,,,,,,,,,,,,,550.3832,509.5352,539.4975,574.7823,542.4826,586.0515,556.0891,,,,,,,,,,,,
HKG,2003,PISA,science,,,,,,,,,,,,,550.3832,509.5352,539.4975,574.7823,542.4826,586.0515,556.0891,,,,,,,,,,,,
HUN,2003,PISA,mathematics,,,,,,,,,,,,,490.0124,481.8697,503.2789,528.5023,529.7275,529.2745,542.7608,,,,,,,,,,,,
HUN,2003,PISA,reading,,,,,,,,,,,,,490.0124,481.8697,503.2789,528.5023,529.7275,529.2745,542.7608,,,,,,,,,,,,
HUN,2003,PISA,science,,,,,,,,,,,,,490.0124,481.8697,503.2789,528.5023,529.7275,529.2745,542.7608,,,,,,,,,,,,
IDN,2003,PISA,mathematics,,,,,,,,,,,,,360.1588,381.5904,395.0424,,,,,,,,,,,,,,,,
IDN,2003,PISA,reading,,,,,,,,,,,,,360.1588,381.5904,395.0424,,,,,,,,,,,,,,,,
IDN,2003,PISA,science,,,,,,,,,,,,,360.1588,381.5904,395.0424,,,,,,,,,,,,,,,,
IRL,2003,PISA,mathematics,,,,,,,,,,,,,502.8373,515.4801,505.3908,,,,,,,,,,,,,,,,
IRL,2003,PISA,reading,,,,,,,,,,,,,502.8373,515.4801,505.3908,,,,,,,,,,,,,,,,
IRL,2003,PISA,science,,,,,,,,,,,,,502.8373,515.4801,505.3908,,,,,,,,,,,,,,,,
ISL,2003,PISA,mathematics,,,,,,,,,,,,,515.1087,491.747,494.7452,,,,,,,,,,,,,,,,
ISL,2003,PISA,reading,,,,,,,,,,,,,515.1087,491.747,494.7452,,,,,,,,,,,,,,,,
ISL,2003,PISA,science,,,,,,,,,,,,,515.1087,491.747,494.7452,,,,,,,,,,,,,,,,
ITA,2003,PISA,mathematics,,,,,,,,,,,,,465.6642,475.6616,486.4542,502.7621,515.6404,483.5993,490.8905,,,,,,,,,,,,
ITA,2003,PISA,reading,,,,,,,,,,,,,465.6642,475.6616,486.4542,502.7621,515.6404,483.5993,490.8905,,,,,,,,,,,,
ITA,2003,PISA,science,,,,,,,,,,,,,465.6642,475.6616,486.4542,502.7621,515.6404,483.5993,490.8905,,,,,,,,,,,,
JPN,2003,PISA,mathematics,,,,,,,,,,,,,534.1365,498.1052,547.6382,564.5561,543.4686,,,,,,,,,,,,,,
JPN,2003,PISA,reading,,,,,,,,,,,,,534.1365,498.1052,547.6382,564.5561,543.4686,,,,,,,,,,,,,,
JPN,2003,PISA,science,,,,,,,,,,,,,534.1365,498.1052,547.6382,564.5561,543.4686,,,,,,,,,,,,,,
KOR,2003,PISA,mathematics,,,,,,,,,,,,,542.2274,534.0913,538.4251,,,589.0916,558.3992,,,,,,,,,,,,
KOR,2003,PISA,reading,,,,,,,,,,,,,542.2274,534.0913,538.4251,,,589.0916,558.3992,,,,,,,,,,,,
KOR,2003,PISA,science,,,,,,,,,,,,,542.2274,534.0913,538.4251,,,589.0916,558.3992,,,,,,,,,,,,
LIE,2003,PISA,mathematics,,,,,,,,,,,,,535.7954,525.075,525.1754,,,,,,,,,,,,,,,,
LIE,2003,PISA,reading,,,,,,,,,,,,,535.7954,525.075,525.1754,,,,,,,,,,,,,,,,
LIE,2003,PISA,science,,,,,,,,,,,,,535.7954,525.075,525.1754,,,,,,,,,,,,,,,,
LUX,2003,PISA,mathematics,,,,,,,,,,,,,493.2086,479.4226,482.764,,,,,,,,,,,,,,,,
LUX,2003,PISA,reading,,,,,,,,,,,,,493.2086,479.4226,482.764,,,,,,,,,,,,,,,,
LUX,2003,PISA,science,,,,,,,,,,,,,493.2086,479.4226,482.764,,,,,,,,,,,,,,,,
LVA,2003,PISA,mathematics,,,,,,,,,,,,,483.3749,490.5625,489.1249,,,508.3273,512.3627,,,,,,,,,,,,
LVA,2003,PISA,reading,,,,,,,,,,,,,483.3749,490.5625,489.1249,,,508.3273,512.3627,,,,,,,,,,,,
LVA,2003,PISA,science,,,,,,,,,,,,,483.3749,490.5625,489.1249,,,508.3273,512.3627,,,,,,,,,,,,
MAC,2003,PISA,mathematics,,,,,,,,,,,,,527.2703,497.6401,524.6837,,,,,,,,,,,,,,,,
MAC,2003,PISA,reading,,,,,,,,,,,,,527.2703,497.6401,524.6837,,,,,,,,,,,,,,,,
MAC,2003,PISA,science,,,,,,,,,,,,,527.2703,497.6401,524.6837,,,,,,,,,,,,,,,,
MEX,2003,PISA,mathematics,,,,,,,,,,,,,385.2183,399.7219,404.8962,,,,,,,,,,,,,,,,
MEX,2003,PISA,reading,,,,,,,,,,,,,385.2183,399.7219,404.8962,,,,,,,,,,,,,,,,
MEX,2003,PISA,science,,,,,,,,,,,,,385.2183,399.7219,404.8962,,,,,,,,,,,,,,,,
NLD,2003,PISA,mathematics,,,,,,,,,,,,,537.8233,513.119,524.3687,540.3734,525.1246,536.2731,535.7651,,,,,,,,,,,,
NLD,2003,PISA,reading,,,,,,,,,,,,,537.8233,513.119,524.3687,540.3734,525.1246,536.2731,535.7651,,,,,,,,,,,,
NLD,2003,PISA,science,,,,,,,,,,,,,537.8233,513.119,524.3687,540.3734,525.1246,536.2731,535.7651,,,,,,,,,,,,
NOR,2003,PISA,mathematics,,,,,,,,,,,,,495.1854,499.7402,484.1812,451.3425,466.3464,,,,,,,,,,,,,,
NOR,2003,PISA,reading,,,,,,,,,,,,,495.1854,499.7402,484.1812,451.3425,466.3464,,,,,,,,,,,,,,
NOR,2003,PISA,science,,,,,,,,,,,,,495.1854,499.7402,484.1812,451.3425,466.3464,,,,,,,,,,,,,,
NZL,2003,PISA,mathematics,,,,,,,,,,,,,523.4866,521.5515,520.9043,493.4637,519.6712,,,,,,,,,,,,,,
NZL,2003,PISA,reading,,,,,,,,,,,,,523.4866,521.5515,520.9043,493.4637,519.6712,,,,,,,,,,,,,,
NZL,2003,PISA,science,,,,,,,,,,,,,523.4866,521.5515,520.9043,493.4637,519.6712,,,,,,,,,,,,,,
POL,2003,PISA,mathematics,,,,,,,,,,,,,490.2388,496.6053,497.7801,,,,,,,,,,,,,,,,
POL,2003,PISA,reading,,,,,,,,,,,,,490.2388,496.6053,497.7801,,,,,,,,,,,,,,,,
POL,2003,PISA,science,,,,,,,,,,,,,490.2388,496.6053,497.7801,,,,,,,,,,,,,,,,
PRT,2003,PISA,mathematics,,,,,,,,,,,,,466.0167,477.5686,467.7351,,,,,,,,,,,,,,,,
PRT,2003,PISA,reading,,,,,,,,,,,,,466.0167,477.5686,467.7351,,,,,,,,,,,,,,,,
PRT,2003,PISA,science,,,,,,,,,,,,,466.0167,477.5686,467.7351,,,,,,,,,,,,,,,,
RUS,2003,PISA,mathematics,,,,,,,,,,,,,468.4067,442.1968,489.2861,531.6823,526.1874,508.0408,513.6214,,,,,,,,,,,,
RUS,2003,PISA,reading,,,,,,,,,,,,,468.4067,442.1968,489.2861,531.6823,526.1874,508.0408,513.6214,,,,,,,,,,,,
RUS,2003,PISA,science,,,,,,,,,,,,,468.4067,442.1968,489.2861,531.6823,526.1874,508.0408,513.6214,,,,,,,,,,,,
SVK,2003,PISA,mathematics,,,,,,,,,,,,,498.1835,469.159,494.8584,,,507.7401,516.7849,,,,,,,,,,,,
SVK,2003,PISA,reading,,,,,,,,,,,,,498.1835,469.159,494.8584,,,507.7401,516.7849,,,,,,,,,,,,
SVK,2003,PISA,science,,,,,,,,,,,,,498.1835,469.159,494.8584,,,507.7401,516.7849,,,,,,,,,,,,
SWE,2003,PISA,mathematics,,,,,,,,,,,,,509.0464,514.2674,506.1241,,,499.0584,524.258,,,,,,,,,,,,
SWE,2003,PISA,reading,,,,,,,,,,,,,509.0464,514.2674,506.1241,,,499.0584,524.258,,,,,,,,,,,,
SWE,2003,PISA,science,,,,,,,,,,,,,509.0464,514.2674,506.1241,,,499.0584,524.258,,,,,,,,,,,,
THA,2003,PISA,mathematics,,,,,,,,,,,,,416.978,419.9148,429.0604,,,,,,,,,,,,,,,,
THA,2003,PISA,reading,,,,,,,,,,,,,416.978,419.9148,429.0604,,,,,,,,,,,,,,,,
THA,2003,PISA,science,,,,,,,,,,,,,416.978,419.9148,429.0604,,,,,,,,,,,,,,,,
TUN,2003,PISA,mathematics,,,,,,,,,,,,,358.7332,374.6224,384.6794,339.3,313.9885,410.3295,403.5475,,,,,,,,,,,,
TUN,2003,PISA,reading,,,,,,,,,,,,,358.7332,374.6224,384.6794,339.3,313.9885,410.3295,403.5475,,,,,,,,,,,,
TUN,2003,PISA,science,,,,,,,,,,,,,358.7332,374.6224,384.6794,339.3,313.9885,410.3295,403.5475,,,,,,,,,,,,
TUR,2003,PISA,mathematics,,,,,,,,,,,,,423.4194,440.971,434.2234,,,,,,,,,,,,,,,,
TUR,2003,PISA,reading,,,,,,,,,,,,,423.4194,440.971,434.2234,,,,,,,,,,,,,,,,
TUR,2003,PISA,science,,,,,,,,,,,,,423.4194,440.971,434.2234,,,,,,,,,,,,,,,,
URY,2003,PISA,mathematics,,,,,,,,,,,,,422.1999,434.1498,438.373,,,,,,,,,,,,,,,,
URY,2003,PISA,reading,,,,,,,,,,,,,422.1999,434.1498,438.373,,,,,,,,,,,,,,,,
URY,2003,PISA,science,,,,,,,,,,,,,422.1999,434.1498,438.373,,,,,,,,,,,,,,,,
USA,2003,PISA,mathematics,,,,,,,,,,,,,482.8828,495.1859,491.2636,518.2842,535.6305,,,,,,,,,,,,,,
USA,2003,PISA,reading,,,,,,,,,,,,,482.8828,495.1859,491.2636,518.2842,535.6305,,,,,,,,,,,,,,
USA,2003,PISA,science,,,,,,,,,,,,,482.8828,495.1859,491.2636,518.2842,535.6305,,,,,,,,,,,,,,
YUG,2003,PISA,mathematics,,,,,,,,,,,,,436.8713,411.7374,436.3737,,,,,,,,,,,,,,,,
YUG,2003,PISA,reading,,,,,,,,,,,,,436.8713,411.7374,436.3737,,,,,,,,,,,,,,,,
YUG,2003,PISA,science,,,,,,,,,,,,,436.8713,411.7374,436.3737,,,,,,,,,,,,,,,,
ARG,2006,PISA,mathematics,,,,,,,,,,,,,381.2539,373.7238,391.2439,,,,,,,,,,,,,,,,
ARG,2006,PISA,reading,,,,,,,,,,,,,381.2539,373.7238,391.2439,,,,,,,,,,,,,,,,
ARG,2006,PISA,science,,,,,,,,,,,,,381.2539,373.7238,391.2439,,,,,,,,,,,,,,,,
AUS,2006,PISA,mathematics,,,,,,,,,,,,,519.9077,512.8933,526.8796,,,,,0.22706180427073863,,,,,,,,,,,
AUS,2006,PISA,reading,,,,,,,,,,,,,519.9077,512.8933,526.8796,,,,,0.22706180427073863,,,,,,,,,,,
AUS,2006,PISA,science,,,,,,,,,,,,,519.9077,512.8933,526.8796,,,,,0.22706180427073863,,,,,,,,,,,
AUT,2006,PISA,mathematics,,,,,,,,,,,,538.2962,505.4836,490.194,510.8372,,,,,0.061011438420573175,,,,,,,,,,,
AUT,2006,PISA,reading,,,,,,,,,,,,538.2962,505.4836,490.194,510.8372,,,,,0.061011438420573175,,,,,,,,,,,
AUT,2006,PISA,science,,,,,,,,,,,,538.2962,505.4836,490.194,510.8372,,,,,0.061011438420573175,,,,,,,,,,,
AZE,2006,PISA,mathematics,,,,,,,,,,,,,475.9952,352.8919,382.3339,,,,,,,,,,,,,,,,
AZE,2006,PISA,reading,,,,,,,,,,,,,475.9952,352.8919,382.3339,,,,,,,,,,,,,,,,
AZE,2006,PISA,science,,,,,,,,,,,,,475.9952,352.8919,382.3339,,,,,,,,,,,,,,,,
BEL,2006,PISA,mathematics,,,,,,,,,,,,,520.349,500.9006,510.3635,,,,,0.1522770665061282,,,,,,,,,,,
BEL,2006,PISA,reading,,,,,,,,,,,,,520.349,500.9006,510.3635,,,,,0.1522770665061282,,,,,,,,,,,
BEL,2006,PISA,science,,,,,,,,,,,,,520.349,500.9006,510.3635,,,,,0.1522770665061282,,,,,,,,,,,
BGR,2006,PISA,mathematics,,,,,,,,,,,,,413.4492,401.935,434.0798,,,,,,,,,,,,,,,,
BGR,2006,PISA,reading,,,,,,,,,,,,,413.4492,401.935,434.0798,,,,,,,,,,,,,,,,
BGR,2006,PISA,science,,,,,,,,,,,,,413.4492,401.935,434.0798,,,,,,,,,,,,,,,,
BRA,2006,PISA,mathematics,,,,,,,,,,,,,369.515,392.8851,390.3316,,,,,-0.9492624504146472,,,,,,,,,,,
BRA,2006,PISA,reading,,,,,,,,,,,,,369.515,392.8851,390.3316,,,,,-0.9492624504146472,,,,,,,,,,,
BRA,2006,PISA,science,,,,,,,,,,,,,369.515,392.8851,390.3316,,,,,-0.9492624504146472,,,,,,,,,,,
CAN,2006,PISA,mathematics,,,,,,,,,,,,,527.0072,527.0113,534.4698,,,,,0.45264268971803945,,,,,,,,,,,
CAN,2006,PISA,reading,,,,,,,,,,,,,527.0072,527.0113,534.4698,,,,,0.45264268971803945,,,,,,,,,,,
CAN,2006,PISA,science,,,,,,,,,,,,,527.0072,527.0113,534.4698,,,,,0.45264268971803945,,,,,,,,,,,
CHE,2006,PISA,mathematics,,,,,,,,,,,,,529.6561,499.2778,511.5239,,,,,-0.05761938711859508,,,,,,,,,,,
CHE,2006,PISA,reading,,,,,,,,,,,,,529.6561,499.2778,511.5239,,,,,-0.05761938711859508,,,,,,,,,,,
CHE,2006,PISA,science,,,,,,,,,,,,,529.6561,499.2778,511.5239,,,,,-0.05761938711859508,,,,,,,,,,,
CHL,2006,PISA,mathematics,,,,,,,,,,,,,411.3503,442.0913,438.1774,,,,,,,,,,,,,,,,
CHL,2006,PISA,reading,,,,,,,,,,,,,411.3503,442.0913,438.1774,,,,,,,,,,,,,,,,
CHL,2006,PISA,science,,,,,,,,,,,,,411.3503,442.0913,438.1774,,,,,,,,,,,,,,,,
COL,2006,PISA,mathematics,,,,,,,,,,,,,369.9785,385.308,388.0383,,,,,,,,,,,,,,,,
COL,2006,PISA,reading,,,,,,,,,,,,,369.9785,385.308,388.0383,,,,,,,,,,,,,,,,
COL,2006,PISA,science,,,,,,,,,,,,,369.9785,385.308,388.0383,,,,,,,,,,,,,,,,
CZE,2006,PISA,mathematics,,,,,,,,,,,,,509.8594,482.7152,512.8607,,,,,0.1640862428176488,,,,,,,,,,,
CZE,2006,PISA,reading,,,,,,,,,,,,,509.8594,482.7152,512.8607,,,,,0.1640862428176488,,,,,,,,,,,
CZE,2006,PISA,science,,,,,,,,,,,,,509.8594,482.7152,512.8607,,,,,0.1640862428176488,,,,,,,,,,,
DEU,2006,PISA,mathematics,,,,,,,,,,,,547.5908,503.7909,494.9444,515.6491,,,,,0.1602319363421634,,,,,,,,,,,
DEU,2006,PISA,reading,,,,,,,,,,,,547.5908,503.7909,494.9444,515.6491,,,,,0.1602319363421634,,,,,,,,,,,
DEU,2006,PISA,science,,,,,,,,,,,,547.5908,503.7909,494.9444,515.6491,,,,,0.1602319363421634,,,,,,,,,,,
DNK,2006,PISA,mathematics,,,,,,,,,,,,,513.0259,494.483,495.8943,,,,,0.20220694083115368,,,,,,,,,,,
DNK,2006,PISA,reading,,,,,,,,,,,,,513.0259,494.483,495.8943,,,,,0.20220694083115368,,,,,,,,,,,
DNK,2006,PISA,science,,,,,,,,,,,,,513.0259,494.483,495.8943,,,,,0.20220694083115368,,,,,,,,,,,
ESP,2006,PISA,mathematics,,,,,,,,,,,,512.5039,479.9575,460.8301,488.4245,,,,,-0.29668609797362816,,,,,,,,,,,
ESP,2006,PISA,reading,,,,,,,,,,,,512.5039,479.9575,460.8301,488.4245,,,,,-0.29668609797362816,,,,,,,,,,,
ESP,2006,PISA,science,,,,,,,,,,,,512.5039,479.9575,460.8301,488.4245,,,,,-0.29668609797362816,,,,,,,,,,,
EST,2006,PISA,mathematics,,,,,,,,,,,,,514.5755,500.7498,531.3918,,,,,,,,,,,,,,,,
EST,2006,PISA,reading,,,,,,,,,,,,,514.5755,500.7498,531.3918,,,,,,,,,,,,,,,,
EST,2006,PISA,science,,,,,,,,,,,,,514.5755,500.7498,531.3918,,,,,,,,,,,,,,,,
FIN,2006,PISA,mathematics,,,,,,,,,,,,,548.3584,546.8683,563.3228,,,,,0.24731500404147425,,,,,,,,,,,
FIN,2006,PISA,reading,,,,,,,,,,,,,548.3584,546.8683,563.3228,,,,,0.24731500404147425,,,,,,,,,,,
FIN,2006,PISA,science,,,,,,,,,,,,,548.3584,546.8683,563.3228,,,,,0.24731500404147425,,,,,,,,,,,
FRA,2006,PISA,mathematics,,,,,,,,,,,,521.5935,495.5383,487.7062,495.2198,,,,,-0.07773294569458636,,,,,,,,,,,
FRA,2006,PISA,reading,,,,,,,,,,,,521.5935,495.5383,487.7062,495.2198,,,,,-0.07773294569458636,,,,,,,,,,,
FRA,2006,PISA,science,,,,,,,,,,,,521.5935,495.5383,487.7062,495.2198,,,,,-0.07773294569458636,,,,,,,,,,,
GBR,2006,PISA,mathematics,,,,,,,,,,,,,495.4442,495.0835,514.7735,,,,,0.12404686358192789,,,,,,,,,,,
GBR,2006,PISA,reading,,,,,,,,,,,,,495.4442,495.0835,514.7735,,,,,0.12404686358192789,,,,,,,,,,,
GBR,2006,PISA,science,,,,,,,,,,,,,495.4442,495.0835,514.7735,,,,,0.12404686358192789,,,,,,,,,,,
GRC,2006,PISA,mathematics,,,,,,,,,,,,,459.202,459.7112,473.378,,,,,-0.15042574206680898,,,,,,,,,,,
GRC,2006,PISA,reading,,,,,,,,,,,,,459.202,459.7112,473.378,,,,,-0.15042574206680898,,,,,,,,,,,
GRC,2006,PISA,science,,,,,,,,,,,,,459.202,459.7112,473.378,,,,,-0.15042574206680898,,,,,,,,,,,
HKG,2006,PISA,mathematics,,,,,,,,,,,,563.9113,547.4607,536.0656,542.2114,,,,,-0.7578567776264036,,,,,,,,,,,
HKG,2006,PISA,reading,,,,,,,,,,,,563.9113,547.4607,536.0656,542.2114,,,,,-0.7578567776264036,,,,,,,,,,,
HKG,2006,PISA,science,,,,,,,,,,,,563.9113,547.4607,536.0656,542.2114,,,,,-0.7578567776264036,,,,,,,,,,,
HRV,2006,PISA,mathematics,,,,,,,,,,,,,467.2467,477.3642,493.2044,,,,,,,,,,,,,,,,
HRV,2006,PISA,reading,,,,,,,,,,,,,467.2467,477.3642,493.2044,,,,,,,,,,,,,,,,
HRV,2006,PISA,science,,,,,,,,,,,,,467.2467,477.3642,493.2044,,,,,,,,,,,,,,,,
HUN,2006,PISA,mathematics,,,,,,,,,,,,,490.9374,482.3745,503.9317,,,,,-0.06809706505048056,,,,,,,,,,,
HUN,2006,PISA,reading,,,,,,,,,,,,,490.9374,482.3745,503.9317,,,,,-0.06809706505048056,,,,,,,,,,,
HUN,2006,PISA,science,,,,,,,,,,,,,490.9374,482.3745,503.9317,,,,,-0.06809706505048056,,,,,,,,,,,
IDN,2006,PISA,mathematics,,,,,,,,,,,,,391.0068,392.9328,393.481,,,,,-1.2574812283865318,,,,,,,,,,,
IDN,2006,PISA,reading,,,,,,,,,,,,,391.0068,392.9328,393.481,,,,,-1.2574812283865318,,,,,,,,,,,
IDN,2006,PISA,science,,,,,,,,,,,,,391.0068,392.9328,393.481,,,,,-1.2574812283865318,,,,,,,,,,,
IRL,2006,PISA,mathematics,,,,,,,,,,,,,501.4718,517.3132,508.3289,,,,,-0.08162917354570126,,,,,,,,,,,
IRL,2006,PISA,reading,,,,,,,,,,,,,501.4718,517.3132,508.3289,,,,,-0.08162917354570126,,,,,,,,,,,
IRL,2006,PISA,science,,,,,,,,,,,,,501.4718,517.3132,508.3289,,,,,-0.08162917354570126,,,,,,,,,,,
ISL,2006,PISA,mathematics,,,,,,,,,,,,510.5973,505.5448,484.4453,490.7938,,,,,0.6908836773282258,,,,,,,,,,,
ISL,2006,PISA,reading,,,,,,,,,,,,510.5973,505.5448,484.4453,490.7938,,,,,0.6908836773282258,,,,,,,,,,,
ISL,2006,PISA,science,,,,,,,,,,,,510.5973,505.5448,484.4453,490.7938,,,,,0.6908836773282258,,,,,,,,,,,
ISR,2006,PISA,mathematics,,,,,,,,,,,,512.4622,441.8587,438.6723,453.9037,,,,,,,,,,,,,,,,
ISR,2006,PISA,reading,,,,,,,,,,,,512.4622,441.8587,438.6723,453.9037,,,,,,,,,,,,,,,,
ISR,2006,PISA,science,,,,,,,,,,,,512.4622,441.8587,438.6723,453.9037,,,,,,,,,,,,,,,,
ITA,2006,PISA,mathematics,,,,,,,,,,,,551.4682,461.6887,468.5231,475.3972,,,,,-0.11106140286751105,,,,,,,,,,,
ITA,2006,PISA,reading,,,,,,,,,,,,551.4682,461.6887,468.5231,475.3972,,,,,-0.11106140286751105,,,,,,,,,,,
ITA,2006,PISA,science,,,,,,,,,,,,551.4682,461.6887,468.5231,475.3972,,,,,-0.11106140286751105,,,,,,,,,,,
JOR,2006,PISA,mathematics,,,,,,,,,,,,,384.0361,400.5812,421.9718,,,,,,,,,,,,,,,,
JOR,2006,PISA,reading,,,,,,,,,,,,,384.0361,400.5812,421.9718,,,,,,,,,,,,,,,,
JOR,2006,PISA,science,,,,,,,,,,,,,384.0361,400.5812,421.9718,,,,,,,,,,,,,,,,
JPN,2006,PISA,mathematics,,,,,,,,,,,,,523.1025,497.9571,531.3885,,,,,-0.07615733193947957,,,,,,,,,,,
JPN,2006,PISA,reading,,,,,,,,,,,,,523.1025,497.9571,531.3885,,,,,-0.07615733193947957,,,,,,,,,,,
JPN,2006,PISA,science,,,,,,,,,,,,,523.1025,497.9571,531.3885,,,,,-0.07615733193947957,,,,,,,,,,,
KGZ,2006,PISA,mathematics,,,,,,,,,,,,,310.5838,284.7066,322.0316,,,,,,,,,,,,,,,,
KGZ,2006,PISA,reading,,,,,,,,,,,,,310.5838,284.7066,322.0316,,,,,,,,,,,,,,,,
KGZ,2006,PISA,science,,,,,,,,,,,,,310.5838,284.7066,322.0316,,,,,,,,,,,,,,,,
KOR,2006,PISA,mathematics,,,,,,,,,,,,,547.4585,556.0219,522.1481,,,,,-0.09916596799088252,,,,,,,,,,,
KOR,2006,PISA,reading,,,,,,,,,,,,,547.4585,556.0219,522.1481,,,,,-0.09916596799088252,,,,,,,,,,,
KOR,2006,PISA,science,,,,,,,,,,,,,547.4585,556.0219,522.1481,,,,,-0.09916596799088252,,,,,,,,,,,
LIE,2006,PISA,mathematics,,,,,,,,,,,,,524.9674,510.4378,522.161,,,,,0.009978585026663317,,,,,,,,,,,
LIE,2006,PISA,reading,,,,,,,,,,,,,524.9674,510.4378,522.161,,,,,0.009978585026663317,,,,,,,,,,,
LIE,2006,PISA,science,,,,,,,,,,,,,524.9674,510.4378,522.161,,,,,0.009978585026663317,,,,,,,,,,,
LTU,2006,PISA,mathematics,,,,,,,,,,,,537.0325,486.4213,470.0708,487.9567,,,,,,,,,,,,,,,,
LTU,2006,PISA,reading,,,,,,,,,,,,537.0325,486.4213,470.0708,487.9567,,,,,,,,,,,,,,,,
LTU,2006,PISA,science,,,,,,,,,,,,537.0325,486.4213,470.0708,487.9567,,,,,,,,,,,,,,,,
LUX,2006,PISA,mathematics,,,,,,,,,,,,557.1952,490.0018,479.3665,486.3244,,,,,0.18497997746635883,,,,,,,,,,,
LUX,2006,PISA,reading,,,,,,,,,,,,557.1952,490.0018,479.3665,486.3244,,,,,0.18497997746635883,,,,,,,,,,,
LUX,2006,PISA,science,,,,,,,,,,,,557.1952,490.0018,479.3665,486.3244,,,,,0.18497997746635883,,,,,,,,,,,
LVA,2006,PISA,mathematics,,,,,,,,,,,,540.9115,486.1661,479.4918,489.5438,,,,,0.11518134316358138,,,,,,,,,,,
LVA,2006,PISA,reading,,,,,,,,,,,,540.9115,486.1661,479.4918,489.5438,,,,,0.11518134316358138,,,,,,,,,,,
LVA,2006,PISA,science,,,,,,,,,,,,540.9115,486.1661,479.4918,489.5438,,,,,0.11518134316358138,,,,,,,,,,,
MAC,2006,PISA,mathematics,,,,,,,,,,,,,525.0025,492.2878,510.8397,,,,,-0.9023806936748614,,,,,,,,,,,
MAC,2006,PISA,reading,,,,,,,,,,,,,525.0025,492.2878,510.8397,,,,,-0.9023806936748614,,,,,,,,,,,
MAC,2006,PISA,science,,,,,,,,,,,,,525.0025,492.2878,510.8397,,,,,-0.9023806936748614,,,,,,,,,,,
MEX,2006,PISA,mathematics,,,,,,,,,,,,,405.6546,410.4965,409.652,,,,,-1.1292350284091142,,,,,,,,,,,
MEX,2006,PISA,reading,,,,,,,,,,,,,405.6546,410.4965,409.652,,,,,-1.1292350284091142,,,,,,,,,,,
MEX,2006,PISA,science,,,,,,,,,,,,,405.6546,410.4965,409.652,,,,,-1.1292350284091142,,,,,,,,,,,
MNE,2006,PISA,mathematics,,,,,,,,,,,,,399.3077,391.9754,411.7884,,,,,,,,,,,,,,,,
MNE,2006,PISA,reading,,,,,,,,,,,,,399.3077,391.9754,411.7884,,,,,,,,,,,,,,,,
MNE,2006,PISA,science,,,,,,,,,,,,,399.3077,391.9754,411.7884,,,,,,,,,,,,,,,,
NLD,2006,PISA,mathematics,,,,,,,,,,,,547.1517,530.654,506.747,524.8615,,,,,0.09778846130575505,,,,,,,,,,,
NLD,2006,PISA,reading,,,,,,,,,,,,547.1517,530.654,506.747,524.8615,,,,,0.09778846130575505,,,,,,,,,,,
NLD,2006,PISA,science,,,,,,,,,,,,547.1517,530.654,506.747,524.8615,,,,,0.09778846130575505,,,,,,,,,,,
NOR,2006,PISA,mathematics,,,,,,,,,,,,498.008,489.8464,484.2926,486.528,,,,,0.6066050746723949,,,,,,,,,,,
NOR,2006,PISA,reading,,,,,,,,,,,,498.008,489.8464,484.2926,486.528,,,,,0.6066050746723949,,,,,,,,,,,
NOR,2006,PISA,science,,,,,,,,,,,,498.008,489.8464,484.2926,486.528,,,,,0.6066050746723949,,,,,,,,,,,
NZL,2006,PISA,mathematics,,,,,,,,,,,,531.7151,521.9888,521.0326,530.3844,,,,,0.2135067613258737,,,,,,,,,,,
NZL,2006,PISA,reading,,,,,,,,,,,,531.7151,521.9888,521.0326,530.3844,,,,,0.2135067613258737,,,,,,,,,,,
NZL,2006,PISA,science,,,,,,,,,,,,531.7151,521.9888,521.0326,530.3844,,,,,0.2135067613258737,,,,,,,,,,,
POL,2006,PISA,mathematics,,,,,,,,,,,,519.3893,495.4285,507.6395,497.8065,,,,,-0.2008851937781181,,,,,,,,,,,
POL,2006,PISA,reading,,,,,,,,,,,,519.3893,495.4285,507.6395,497.8065,,,,,-0.2008851937781181,,,,,,,,,,,
POL,2006,PISA,science,,,,,,,,,,,,519.3893,495.4285,507.6395,497.8065,,,,,-0.2008851937781181,,,,,,,,,,,
PRT,2006,PISA,mathematics,,,,,,,,,,,,,466.161,472.3043,474.3059,,,,,-0.6295700099927111,,,,,,,,,,,
PRT,2006,PISA,reading,,,,,,,,,,,,,466.161,472.3043,474.3059,,,,,-0.6295700099927111,,,,,,,,,,,
PRT,2006,PISA,science,,,,,,,,,,,,,466.161,472.3043,474.3059,,,,,-0.6295700099927111,,,,,,,,,,,
QAT,2006,PISA,mathematics,,,,,,,,,,,,,317.9557,312.2135,349.3131,,,,,,,,,,,,,,,,
QAT,2006,PISA,reading,,,,,,,,,,,,,317.9557,312.2135,349.3131,,,,,,,,,,,,,,,,
QAT,2006,PISA,science,,,,,,,,,,,,,317.9557,312.2135,349.3131,,,,,,,,,,,,,,,,
ROU,2006,PISA,mathematics,,,,,,,,,,,,,414.796,395.9317,418.3864,,,,,,,,,,,,,,,,
ROU,2006,PISA,reading,,,,,,,,,,,,,414.796,395.9317,418.3864,,,,,,,,,,,,,,,,
ROU,2006,PISA,science,,,,,,,,,,,,,414.796,395.9317,418.3864,,,,,,,,,,,,,,,,
RUS,2006,PISA,mathematics,,,,,,,,,,,,564.7436,475.6791,439.8557,479.4704,,,,,-0.0947864048552994,,,,,,,,,,,
RUS,2006,PISA,reading,,,,,,,,,,,,564.7436,475.6791,439.8557,479.4704,,,,,-0.0947864048552994,,,,,,,,,,,
RUS,2006,PISA,science,,,,,,,,,,,,564.7436,475.6791,439.8557,479.4704,,,,,-0.0947864048552994,,,,,,,,,,,
SRB,2006,PISA,mathematics,,,,,,,,,,,,,435.3753,401.0275,435.6363,,,,,,,,,,,,,,,,
SRB,2006,PISA,reading,,,,,,,,,,,,,435.3753,401.0275,435.6363,,,,,,,,,,,,,,,,
SRB,2006,PISA,science,,,,,,,,,,,,,435.3753,401.0275,435.6363,,,,,,,,,,,,,,,,
SVK,2006,PISA,mathematics,,,,,,,,,,,,530.8146,492.1062,466.3498,488.4334,,,,,-0.08302437020089053,,,,,,,,,,,
SVK,2006,PISA,reading,,,,,,,,,,,,530.8146,492.1062,466.3498,488.4334,,,,,-0.08302437020089053,,,,,,,,,,,
SVK,2006,PISA,science,,,,,,,,,,,,530.8146,492.1062,466.3498,488.4334,,,,,-0.08302437020089053,,,,,,,,,,,
SVN,2006,PISA,mathematics,,,,,,,,,,,,521.5314,504.456,494.409,518.8156,,,,,,,,,,,,,,,,
SVN,2006,PISA,reading,,,,,,,,,,,,521.5314,504.456,494.409,518.8156,,,,,,,,,,,,,,,,
SVN,2006,PISA,science,,,,,,,,,,,,521.5314,504.456,494.409,518.8156,,,,,,,,,,,,,,,,
SWE,2006,PISA,mathematics,,,,,,,,,,,,,502.3564,507.3129,503.334,,,,,0.25417456135054817,,,,,,,,,,,
SWE,2006,PISA,reading,,,,,,,,,,,,,502.3564,507.3129,503.334,,,,,0.25417456135054817,,,,,,,,,,,
SWE,2006,PISA,science,,,,,,,,,,,,,502.3564,507.3129,503.334,,,,,0.25417456135054817,,,,,,,,,,,
THA,2006,PISA,mathematics,,,,,,,,,,,,,417.0726,416.7518,421.0115,,,,,-1.1829206849886473,,,,,,,,,,,
THA,2006,PISA,reading,,,,,,,,,,,,,417.0726,416.7518,421.0115,,,,,-1.1829206849886473,,,,,,,,,,,
THA,2006,PISA,science,,,,,,,,,,,,,417.0726,416.7518,421.0115,,,,,-1.1829206849886473,,,,,,,,,,,
TUN,2006,PISA,mathematics,,,,,,,,,,,,,365.4794,380.3368,385.5067,,,,,-1.340395691334822,,,,,,,,,,,
TUN,2006,PISA,reading,,,,,,,,,,,,,365.4794,380.3368,385.5067,,,,,-1.340395691334822,,,,,,,,,,,
TUN,2006,PISA,science,,,,,,,,,,,,,365.4794,380.3368,385.5067,,,,,-1.340395691334822,,,,,,,,,,,
TUR,2006,PISA,mathematics,,,,,,,,,,,,,423.9412,447.1411,423.8327,,,,,-0.9798281630483545,,,,,,,,,,,
TUR,2006,PISA,reading,,,,,,,,,,,,,423.9412,447.1411,423.8327,,,,,-0.9798281630483545,,,,,,,,,,,
TUR,2006,PISA,science,,,,,,,,,,,,,423.9412,447.1411,423.8327,,,,,-0.9798281630483545,,,,,,,,,,,
TWN,2006,PISA,mathematics,,,,,,,,,,,,535.3707,549.3573,496.2354,532.4735,,,,,,,,,,,,,,,,
TWN,2006,PISA,reading,,,,,,,,,,,,535.3707,549.3573,496.2354,532.4735,,,,,,,,,,,,,,,,
TWN,2006,PISA,science,,,,,,,,,,,,535.3707,549.3573,496.2354,532.4735,,,,,,,,,,,,,,,,
URY,2006,PISA,mathematics,,,,,,,,,,,,,426.799,412.5167,428.1339,,,,,-0.34631792587579335,,,,,,,,,,,
URY,2006,PISA,reading,,,,,,,,,,,,,426.799,412.5167,428.1339,,,,,-0.34631792587579335,,,,,,,,,,,
URY,2006,PISA,science,,,,,,,,,,,,,426.799,412.5167,428.1339,,,,,-0.34631792587579335,,,,,,,,,,,
USA,2006,PISA,mathematics,,,,,,,,,,,,539.9249,474.3522,,488.9068,,,,,0.29607078864678743,,,,,,,,,,,
USA,2006,PISA,science,,,,,,,,,,,,539.9249,474.3522,,488.9068,,,,,0.29607078864678743,,,,,,,,,,,
ALB,2009,PISA,mathematics,,,,,,,,,,,,,377.4611,384.8166,390.6957,,,,,,,,,,,,,,,,
ALB,2009,PISA,reading,,,,,,,,,,,,,377.4611,384.8166,390.6957,,,,,,,,,,,,,,,,
ALB,2009,PISA,science,,,,,,,,,,,,,377.4611,384.8166,390.6957,,,,,,,,,,,,,,,,
ARE,2009,PISA,mathematics,,,,,,,,,,,,,421.1498,431.4161,437.8064,,,,,,,,,,,,,,,,
ARE,2009,PISA,reading,,,,,,,,,,,,,421.1498,431.4161,437.8064,,,,,,,,,,,,,,,,
ARE,2009,PISA,science,,,,,,,,,,,,,421.1498,431.4161,437.8064,,,,,,,,,,,,,,,,
ARG,2009,PISA,mathematics,,,,,,,,,,,,,388.0681,398.2609,400.8385,,,,,-0.6355849410274024,,,,,,,,,,,
ARG,2009,PISA,reading,,,,,,,,,,,,,388.0681,398.2609,400.8385,,,,,-0.6355849410274024,,,,,,,,,,,
ARG,2009,PISA,science,,,,,,,,,,,,,388.0681,398.2609,400.8385,,,,,-0.6355849410274024,,,,,,,,,,,
AUS,2009,PISA,mathematics,,,,,,,,,,,,,514.3405,514.9007,527.2705,,,,,0.20654084788694724,,,,,,,,,,,
AUS,2009,PISA,reading,,,,,,,,,,,,,514.3405,514.9007,527.2705,,,,,0.20654084788694724,,,,,,,,,,,
AUS,2009,PISA,science,,,,,,,,,,,,,514.3405,514.9007,527.2705,,,,,0.20654084788694724,,,,,,,,,,,
AUT,2009,PISA,mathematics,502.9293,3.4392,0.0,,,,,,,,,,495.9087,470.2836,494.3277,,,,,0.19655641853018724,,,,,,,,,,,
AUT,2009,PISA,reading,502.9293,3.4392,0.0,,,,,,,,,,495.9087,470.2836,494.3277,,,,,0.19655641853018724,,,,,,,,,,,
AUT,2009,PISA,science,502.9293,3.4392,0.0,,,,,,,,,,495.9087,470.2836,494.3277,,,,,0.19655641853018724,,,,,,,,,,,
AZE,2009,PISA,mathematics,,,,,,,,,,,,,430.9753,361.5153,373.1836,,,,,-0.44600087055189236,,,,,,,,,,,
AZE,2009,PISA,reading,,,,,,,,,,,,,430.9753,361.5153,373.1836,,,,,-0.44600087055189236,,,,,,,,,,,
AZE,2009,PISA,science,,,,,,,,,,,,,430.9753,361.5153,373.1836,,,,,-0.44600087055189236,,,,,,,,,,,
BEL,2009,PISA,mathematics,,,,,,,,,,,,,515.2723,505.9458,506.5755,,,,,0.17308985852182376,,,,,,,,,,,
BEL,2009,PISA,reading,,,,,,,,,,,,,515.2723,505.9458,506.5755,,,,,0.17308985852182376,,,,,,,,,,,
BEL,2009,PISA,science,,,,,,,,,,,,,515.2723,505.9458,506.5755,,,,,0.17308985852182376,,,,,,,,,,,
BGR,2009,PISA,mathematics,466.458,3.7451,-0.0,,,,,,,,,,428.0661,429.0811,439.2941,,,,,-0.2102294968911843,,,,,,,,,,,
BGR,2009,PISA,reading,466.458,3.7451,-0.0,,,,,,,,,,428.0661,429.0811,439.2941,,,,,-0.2102294968911843,,,,,,,,,,,
BGR,2009,PISA,science,466.458,3.7451,-0.0,,,,,,,,,,428.0661,429.0811,439.2941,,,,,-0.2102294968911843,,,,,,,,,,,
BRA,2009,PISA,mathematics,,,,,,,,,,,,,385.8141,411.7549,405.404,,,,,-1.1185439082879949,,,,,,,,,,,
BRA,2009,PISA,reading,,,,,,,,,,,,,385.8141,411.7549,405.404,,,,,-1.1185439082879949,,,,,,,,,,,
BRA,2009,PISA,science,,,,,,,,,,,,,385.8141,411.7549,405.404,,,,,-1.1185439082879949,,,,,,,,,,,
CAN,2009,PISA,mathematics,,,,,,,,,,,,,526.8052,524.2418,528.705,,,,,0.368080178776048,,,,,,,,,,,
CAN,2009,PISA,reading,,,,,,,,,,,,,526.8052,524.2418,528.705,,,,,0.368080178776048,,,,,,,,,,,
CAN,2009,PISA,science,,,,,,,,,,,,,526.8052,524.2418,528.705,,,,,0.368080178776048,,,,,,,,,,,
CHE,2009,PISA,mathematics,531.402,3.3595,0.0,,,,,,,,,,533.9606,500.5002,516.5675,,,,,0.08656462168781409,,,,,,,,,,,
CHE,2009,PISA,reading,531.402,3.3595,0.0,,,,,,,,,,533.9606,500.5002,516.5675,,,,,0.08656462168781409,,,,,,,,,,,
CHE,2009,PISA,science,531.402,3.3595,0.0,,,,,,,,,,533.9606,500.5002,516.5675,,,,,0.08656462168781409,,,,,,,,,,,
CHL,2009,PISA,mathematics,,,,,,,,,,,,,421.0605,449.3696,447.4674,,,,,-0.7002016700576529,,,,,,,,,,,
CHL,2009,PISA,reading,,,,,,,,,,,,,421.0605,449.3696,447.4674,,,,,-0.7002016700576529,,,,,,,,,,,
CHL,2009,PISA,science,,,,,,,,,,,,,421.0605,449.3696,447.4674,,,,,-0.7002016700576529,,,,,,,,,,,
CHN,2009,PISA,mathematics,,,,,,,,,,,,,600.0763,555.8281,574.6173,,,,,,,,,,,,,,,,
CHN,2009,PISA,reading,,,,,,,,,,,,,600.0763,555.8281,574.6173,,,,,,,,,,,,,,,,
CHN,2009,PISA,science,,,,,,,,,,,,,600.0763,555.8281,574.6173,,,,,,,,,,,,,,,,
COL,2009,PISA,mathematics,,,,,,,,,,,,,380.8482,413.1815,401.7501,,,,,-1.0035506819279896,,,,,,,,,,,
COL,2009,PISA,reading,,,,,,,,,,,,,380.8482,413.1815,401.7501,,,,,-1.0035506819279896,,,,,,,,,,,
COL,2009,PISA,science,,,,,,,,,,,,,380.8482,413.1815,401.7501,,,,,-1.0035506819279896,,,,,,,,,,,
CRI,2009,PISA,mathematics,,,,,,,,,,,,,409.3854,442.5809,430.4813,,,,,,,,,,,,,,,,
CRI,2009,PISA,reading,,,,,,,,,,,,,409.3854,442.5809,430.4813,,,,,,,,,,,,,,,,
CRI,2009,PISA,science,,,,,,,,,,,,,409.3854,442.5809,430.4813,,,,,,,,,,,,,,,,
CZE,2009,PISA,mathematics,510.2221,3.5883,0.0,,,,,,,,,,492.8141,478.1867,500.4971,,,,,0.02880519964663968,,,,,,,,,,,
CZE,2009,PISA,reading,510.2221,3.5883,0.0,,,,,,,,,,492.8141,478.1867,500.4971,,,,,0.02880519964663968,,,,,,,,,,,
CZE,2009,PISA,science,510.2221,3.5883,0.0,,,,,,,,,,492.8141,478.1867,500.4971,,,,,0.02880519964663968,,,,,,,,,,,
DEU,2009,PISA,mathematics,,,,,,,,,,,,,512.7776,497.3051,520.4053,,,,,0.29341764573826046,,,,,,,,,,,
DEU,2009,PISA,reading,,,,,,,,,,,,,512.7776,497.3051,520.4053,,,,,0.29341764573826046,,,,,,,,,,,
DEU,2009,PISA,science,,,,,,,,,,,,,512.7776,497.3051,520.4053,,,,,0.29341764573826046,,,,,,,,,,,
DNK,2009,PISA,mathematics,576.3772,3.9049,0.0,,,,,,,,,,503.2781,494.9162,499.337,,,,,0.3094142823519753,,,,,,,,,,,
DNK,2009,PISA,reading,576.3772,3.9049,0.0,,,,,,,,,,503.2781,494.9162,499.337,,,,,0.3094142823519753,,,,,,,,,,,
DNK,2009,PISA,science,576.3772,3.9049,0.0,,,,,,,,,,503.2781,494.9162,499.337,,,,,0.3094142823519753,,,,,,,,,,,
ESP,2009,PISA,mathematics,504.81,3.3401,0.0,,,,,,,,,,483.4931,481.0423,488.2546,,,,,-0.31114735491820295,,,,,,,,,,,
ESP,2009,PISA,reading,504.81,3.3401,0.0,,,,,,,,,,483.4931,481.0423,488.2546,,,,,-0.31114735491820295,,,,,,,,,,,
ESP,2009,PISA,science,504.81,3.3401,0.0,,,,,,,,,,483.4931,481.0423,488.2546,,,,,-0.31114735491820295,,,,,,,,,,,
EST,2009,PISA,mathematics,525.3077,3.9631,0.0,,,,,,,,,,512.1042,500.9619,527.8318,,,,,0.1408861367722822,,,,,,,,,,,
EST,2009,PISA,reading,525.3077,3.9631,0.0,,,,,,,,,,512.1042,500.9619,527.8318,,,,,0.1408861367722822,,,,,,,,,,,
EST,2009,PISA,science,525.3077,3.9631,0.0,,,,,,,,,,512.1042,500.9619,527.8318,,,,,0.1408861367722822,,,,,,,,,,,
FIN,2009,PISA,mathematics,,,,,,,,,,,,,540.5043,535.878,554.0795,,,,,0.25600374836269807,,,,,,,,,,,
FIN,2009,PISA,reading,,,,,,,,,,,,,540.5043,535.878,554.0795,,,,,0.25600374836269807,,,,,,,,,,,
FIN,2009,PISA,science,,,,,,,,,,,,,540.5043,535.878,554.0795,,,,,0.25600374836269807,,,,,,,,,,,
FRA,2009,PISA,mathematics,,,,,,,,,,,,,496.7823,495.6165,498.2269,,,,,-0.09112216419938333,,,,,,,,,,,
FRA,2009,PISA,reading,,,,,,,,,,,,,496.7823,495.6165,498.2269,,,,,-0.09112216419938333,,,,,,,,,,,
FRA,2009,PISA,science,,,,,,,,,,,,,496.7823,495.6165,498.2269,,,,,-0.09112216419938333,,,,,,,,,,,
GBR,2009,PISA,mathematics,518.7232,3.7914,0.0,,,,,,,,,,492.4141,494.182,513.7102,,,,,0.19144082303573362,,,,,,,,,,,
GBR,2009,PISA,reading,518.7232,3.7914,0.0,,,,,,,,,,492.4141,494.182,513.7102,,,,,0.19144082303573362,,,,,,,,,,,
GBR,2009,PISA,science,518.7232,3.7914,0.0,,,,,,,,,,492.4141,494.182,513.7102,,,,,0.19144082303573362,,,,,,,,,,,
GEO,2009,PISA,mathematics,,,,,,,,,,,,,379.4909,374.2598,372.653,,,,,,,,,,,,,,,,
GEO,2009,PISA,reading,,,,,,,,,,,,,379.4909,374.2598,372.653,,,,,,,,,,,,,,,,
GEO,2009,PISA,science,,,,,,,,,,,,,379.4909,374.2598,372.653,,,,,,,,,,,,,,,,
GRC,2009,PISA,mathematics,476.0291,3.7211,0.0,,,,,,,,,,466.0964,482.7762,470.1158,,,,,-0.1531175972165291,,,,,,,,,,,
GRC,2009,PISA,reading,476.0291,3.7211,0.0,,,,,,,,,,466.0964,482.7762,470.1158,,,,,-0.1531175972165291,,,,,,,,,,,
GRC,2009,PISA,science,476.0291,3.7211,0.0,,,,,,,,,,466.0964,482.7762,470.1158,,,,,-0.1531175972165291,,,,,,,,,,,
HKG,2009,PISA,mathematics,554.1034,2.8815,-0.0,,,,,,,,,,554.5275,533.1513,549.0287,,,,,-0.6737892216541422,,,,,,,,,,,
HKG,2009,PISA,reading,554.1034,2.8815,-0.0,,,,,,,,,,554.5275,533.1513,549.0287,,,,,-0.6737892216541422,,,,,,,,,,,
HKG,2009,PISA,science,554.1034,2.8815,-0.0,,,,,,,,,,554.5275,533.1513,549.0287,,,,,-0.6737892216541422,,,,,,,,,,,
HRV,2009,PISA,mathematics,,,,,,,,,,,,,459.9389,475.7489,486.3634,,,,,-0.10893430843124047,,,,,,,,,,,
HRV,2009,PISA,reading,,,,,,,,,,,,,459.9389,475.7489,486.3634,,,,,-0.10893430843124047,,,,,,,,,,,
HRV,2009,PISA,science,,,,,,,,,,,,,459.9389,475.7489,486.3634,,,,,-0.10893430843124047,,,,,,,,,,,
HUN,2009,PISA,mathematics,,,,,,,,,,,,,490.17,494.1788,502.6427,,,,,-0.08530385525686211,,,,,,,,,,,
HUN,2009,PISA,reading,,,,,,,,,,,,,490.17,494.1788,502.6427,,,,,-0.08530385525686211,,,,,,,,,,,
HUN,2009,PISA,science,,,,,,,,,,,,,490.17,494.1788,502.6427,,,,,-0.08530385525686211,,,,,,,,,,,
IDN,2009,PISA,mathematics,432.5209,2.4585,0.0,,,,,,,,,,371.3009,401.7052,382.5695,,,,,-1.5208646485906683,,,,,,,,,,,
IDN,2009,PISA,reading,432.5209,2.4585,0.0,,,,,,,,,,371.3009,401.7052,382.5695,,,,,-1.5208646485906683,,,,,,,,,,,
IDN,2009,PISA,science,432.5209,2.4585,0.0,,,,,,,,,,371.3009,401.7052,382.5695,,,,,-1.5208646485906683,,,,,,,,,,,
IRL,2009,PISA,mathematics,533.6738,3.7586,0.0,,,,,,,,,,487.1364,495.6391,507.9842,,,,,-0.015364559390563663,,,,,,,,,,,
IRL,2009,PISA,reading,533.6738,3.7586,0.0,,,,,,,,,,487.1364,495.6391,507.9842,,,,,-0.015364559390563663,,,,,,,,,,,
IRL,2009,PISA,science,533.6738,3.7586,0.0,,,,,,,,,,487.1364,495.6391,507.9842,,,,,-0.015364559390563663,,,,,,,,,,,
ISL,2009,PISA,mathematics,,,,,,,,,,,,,506.6692,500.2833,495.5985,,,,,0.7672475348177739,,,,,,,,,,,
ISL,2009,PISA,reading,,,,,,,,,,,,,506.6692,500.2833,495.5985,,,,,0.7672475348177739,,,,,,,,,,,
ISL,2009,PISA,science,,,,,,,,,,,,,506.6692,500.2833,495.5985,,,,,0.7672475348177739,,,,,,,,,,,
ISR,2009,PISA,mathematics,,,,,,,,,,,,,446.8638,473.99,454.851,,,,,0.21630366908452298,,,,,,,,,,,
ISR,2009,PISA,reading,,,,,,,,,,,,,446.8638,473.99,454.851,,,,,0.21630366908452298,,,,,,,,,,,
ISR,2009,PISA,science,,,,,,,,,,,,,446.8638,473.99,454.851,,,,,0.21630366908452298,,,,,,,,,,,
ITA,2009,PISA,mathematics,,,,,,,,,,,,,482.9085,486.0511,488.8314,,,,,-0.0701997339717151,,,,,,,,,,,
ITA,2009,PISA,reading,,,,,,,,,,,,,482.9085,486.0511,488.8314,,,,,-0.0701997339717151,,,,,,,,,,,
ITA,2009,PISA,science,,,,,,,,,,,,,482.9085,486.0511,488.8314,,,,,-0.0701997339717151,,,,,,,,,,,
JOR,2009,PISA,mathematics,,,,,,,,,,,,,386.6638,405.0093,415.3878,,,,,-0.5713307898404102,,,,,,,,,,,
JOR,2009,PISA,reading,,,,,,,,,,,,,386.6638,405.0093,415.3878,,,,,-0.5713307898404102,,,,,,,,,,,
JOR,2009,PISA,science,,,,,,,,,,,,,386.6638,405.0093,415.3878,,,,,-0.5713307898404102,,,,,,,,,,,
JPN,2009,PISA,mathematics,,,,,,,,,,,,,528.9931,519.8577,539.431,,,,,-0.010755335371818048,,,,,,,,,,,
JPN,2009,PISA,reading,,,,,,,,,,,,,528.9931,519.8577,539.431,,,,,-0.010755335371818048,,,,,,,,,,,
JPN,2009,PISA,science,,,,,,,,,,,,,528.9931,519.8577,539.431,,,,,-0.010755335371818048,,,,,,,,,,,
KAZ,2009,PISA,mathematics,,,,,,,,,,,,,404.8847,390.4101,400.3761,,,,,,,,,,,,,,,,
KAZ,2009,PISA,reading,,,,,,,,,,,,,404.8847,390.4101,400.3761,,,,,,,,,,,,,,,,
KAZ,2009,PISA,science,,,,,,,,,,,,,404.8847,390.4101,400.3761,,,,,,,,,,,,,,,,
KGZ,2009,PISA,mathematics,,,,,,,,,,,,,331.1555,314.0199,329.5456,,,,,-0.6585596273765242,,,,,,,,,,,
KGZ,2009,PISA,reading,,,,,,,,,,,,,331.1555,314.0199,329.5456,,,,,-0.6585596273765242,,,,,,,,,,,
KGZ,2009,PISA,science,,,,,,,,,,,,,331.1555,314.0199,329.5456,,,,,-0.6585596273765242,,,,,,,,,,,
KOR,2009,PISA,mathematics,564.8232,3.9247,-0.0,,,,,,,,,,546.2285,539.2675,537.9862,,,,,-0.006572936039801765,,,,,,,,,,,
KOR,2009,PISA,reading,564.8232,3.9247,-0.0,,,,,,,,,,546.2285,539.2675,537.9862,,,,,-0.006572936039801765,,,,,,,,,,,
KOR,2009,PISA,science,564.8232,3.9247,-0.0,,,,,,,,,,546.2285,539.2675,537.9862,,,,,-0.006572936039801765,,,,,,,,,,,
LIE,2009,PISA,mathematics,,,,,,,,,,,,,536.0485,499.3221,519.9142,,,,,0.18976960833623757,,,,,,,,,,,
LIE,2009,PISA,reading,,,,,,,,,,,,,536.0485,499.3221,519.9142,,,,,0.18976960833623757,,,,,,,,,,,
LIE,2009,PISA,science,,,,,,,,,,,,,536.0485,499.3221,519.9142,,,,,0.18976960833623757,,,,,,,,,,,
LTU,2009,PISA,mathematics,505.1585,3.8093,0.0,,,,,,,,,,476.6023,468.4427,491.4098,,,,,0.03556392973389573,,,,,,,,,,,
LTU,2009,PISA,reading,505.1585,3.8093,0.0,,,,,,,,,,476.6023,468.4427,491.4098,,,,,0.03556392973389573,,,,,,,,,,,
LTU,2009,PISA,science,505.1585,3.8093,0.0,,,,,,,,,,476.6023,468.4427,491.4098,,,,,0.03556392973389573,,,,,,,,,,,
LUX,2009,PISA,mathematics,473.2694,3.1282,0.0,,,,,,,,,,489.0673,472.1734,483.9284,,,,,0.08835326905429049,,,,,,,,,,,
LUX,2009,PISA,reading,473.2694,3.1282,0.0,,,,,,,,,,489.0673,472.1734,483.9284,,,,,0.08835326905429049,,,,,,,,,,,
LUX,2009,PISA,science,473.2694,3.1282,0.0,,,,,,,,,,489.0673,472.1734,483.9284,,,,,0.08835326905429049,,,,,,,,,,,
LVA,2009,PISA,mathematics,481.6134,3.9873,-0.0,,,,,,,,,,481.9538,483.9601,493.8789,,,,,-0.021009590169147465,,,,,,,,,,,
LVA,2009,PISA,reading,481.6134,3.9873,-0.0,,,,,,,,,,481.9538,483.9601,493.8789,,,,,-0.021009590169147465,,,,,,,,,,,
LVA,2009,PISA,science,481.6134,3.9873,-0.0,,,,,,,,,,481.9538,483.9601,493.8789,,,,,-0.021009590169147465,,,,,,,,,,,
MAC,2009,PISA,mathematics,,,,,,,,,,,,,525.283,486.6353,511.0696,,,,,-0.9086295319496437,,,,,,,,,,,
MAC,2009,PISA,reading,,,,,,,,,,,,,525.283,486.6353,511.0696,,,,,-0.9086295319496437,,,,,,,,,,,
MAC,2009,PISA,science,,,,,,,,,,,,,525.283,486.6353,511.0696,,,,,-0.9086295319496437,,,,,,,,,,,
MDA,2009,PISA,mathematics,,,,,,,,,,,,,397.492,388.0777,412.7709,,,,,,,,,,,,,,,,
MDA,2009,PISA,reading,,,,,,,,,,,,,397.492,388.0777,412.7709,,,,,,,,,,,,,,,,
MDA,2009,PISA,science,,,,,,,,,,,,,397.492,388.0777,412.7709,,,,,,,,,,,,,,,,
MEX,2009,PISA,mathematics,,,,,,,,,,,,,418.5091,425.2653,415.9087,,,,,-0.9902904355075326,,,,,,,,,,,
MEX,2009,PISA,reading,,,,,,,,,,,,,418.5091,425.2653,415.9087,,,,,-0.9902904355075326,,,,,,,,,,,
MEX,2009,PISA,science,,,,,,,,,,,,,418.5091,425.2653,415.9087,,,,,-0.9902904355075326,,,,,,,,,,,
MLT,2009,PISA,mathematics,,,,,,,,,,,,,462.876,442.0523,461.3391,,,,,,,,,,,,,,,,
MLT,2009,PISA,reading,,,,,,,,,,,,,462.876,442.0523,461.3391,,,,,,,,,,,,,,,,
MLT,2009,PISA,science,,,,,,,,,,,,,462.876,442.0523,461.3391,,,,,,,,,,,,,,,,
MNE,2009,PISA,mathematics,,,,,,,,,,,,,402.5154,407.5478,401.2775,,,,,-0.01706654245879919,,,,,,,,,,,
MNE,2009,PISA,reading,,,,,,,,,,,,,402.5154,407.5478,401.2775,,,,,-0.01706654245879919,,,,,,,,,,,
MNE,2009,PISA,science,,,,,,,,,,,,,402.5154,407.5478,401.2775,,,,,-0.01706654245879919,,,,,,,,,,,
MUS,2009,PISA,mathematics,,,,,,,,,,,,,419.9972,406.5718,417.2037,,,,,,,,,,,,,,,,
MUS,2009,PISA,reading,,,,,,,,,,,,,419.9972,406.5718,417.2037,,,,,,,,,,,,,,,,
MUS,2009,PISA,science,,,,,,,,,,,,,419.9972,406.5718,417.2037,,,,,,,,,,,,,,,,
MYS,2009,PISA,mathematics,,,,,,,,,,,,,404.2581,413.812,422.2316,,,,,,,,,,,,,,,,
MYS,2009,PISA,reading,,,,,,,,,,,,,404.2581,413.812,422.2316,,,,,,,,,,,,,,,,
MYS,2009,PISA,science,,,,,,,,,,,,,404.2581,413.812,422.2316,,,,,,,,,,,,,,,,
NLD,2009,PISA,mathematics,493.6078,3.6401,-0.0,,,,,,,,,,525.8357,508.4037,522.2181,,,,,0.2524898384314234,,,,,,,,,,,
NLD,2009,PISA,reading,493.6078,3.6401,-0.0,,,,,,,,,,525.8357,508.4037,522.2181,,,,,0.2524898384314234,,,,,,,,,,,
NLD,2009,PISA,science,493.6078,3.6401,-0.0,,,,,,,,,,525.8357,508.4037,522.2181,,,,,0.2524898384314234,,,,,,,,,,,
NOR,2009,PISA,mathematics,514.5604,4.2347,-0.0,,,,,,,,,,497.9557,503.23,499.8757,,,,,0.4209028518775819,,,,,,,,,,,
NOR,2009,PISA,reading,514.5604,4.2347,-0.0,,,,,,,,,,497.9557,503.23,499.8757,,,,,0.4209028518775819,,,,,,,,,,,
NOR,2009,PISA,science,514.5604,4.2347,-0.0,,,,,,,,,,497.9557,503.23,499.8757,,,,,0.4209028518775819,,,,,,,,,,,
NZL,2009,PISA,mathematics,516.6597,3.9947,-0.0,,,,,,,,,,519.3009,520.88,532.0069,,,,,0.10384624998214471,,,,,,,,,,,
NZL,2009,PISA,reading,516.6597,3.9947,-0.0,,,,,,,,,,519.3009,520.88,532.0069,,,,,0.10384624998214471,,,,,,,,,,,
NZL,2009,PISA,science,516.6597,3.9947,-0.0,,,,,,,,,,519.3009,520.88,532.0069,,,,,0.10384624998214471,,,,,,,,,,,
PAN,2009,PISA,mathematics,,,,,,,,,,,,,359.7482,370.7273,375.8956,,,,,,,,,,,,,,,,
PAN,2009,PISA,reading,,,,,,,,,,,,,359.7482,370.7273,375.8956,,,,,,,,,,,,,,,,
PAN,2009,PISA,science,,,,,,,,,,,,,359.7482,370.7273,375.8956,,,,,,,,,,,,,,,,
PER,2009,PISA,mathematics,,,,,,,,,,,,,365.1073,369.6958,369.3518,,,,,,,,,,,,,,,,
PER,2009,PISA,reading,,,,,,,,,,,,,365.1073,369.6958,369.3518,,,,,,,,,,,,,,,,
PER,2009,PISA,science,,,,,,,,,,,,,365.1073,369.6958,369.3518,,,,,,,,,,,,,,,,
POL,2009,PISA,mathematics,536.3437,3.6258,0.0,,,,,,,,,,494.8029,500.4785,508.0683,,,,,-0.300793948865077,,,,,,,,,,,
POL,2009,PISA,reading,536.3437,3.6258,0.0,,,,,,,,,,494.8029,500.4785,508.0683,,,,,-0.300793948865077,,,,,,,,,,,
POL,2009,PISA,science,536.3437,3.6258,0.0,,,,,,,,,,494.8029,500.4785,508.0683,,,,,-0.300793948865077,,,,,,,,,,,
PRT,2009,PISA,mathematics,,,,,,,,,,,,,486.8883,489.3349,492.95,,,,,-0.6170687885365144,,,,,,,,,,,
PRT,2009,PISA,reading,,,,,,,,,,,,,486.8883,489.3349,492.95,,,,,-0.6170687885365144,,,,,,,,,,,
PRT,2009,PISA,science,,,,,,,,,,,,,486.8883,489.3349,492.95,,,,,-0.6170687885365144,,,,,,,,,,,
QAT,2009,PISA,mathematics,,,,,,,,,,,,,368.1125,371.716,379.4469,,,,,0.21228964588470053,,,,,,,,,,,
QAT,2009,PISA,reading,,,,,,,,,,,,,368.1125,371.716,379.4469,,,,,0.21228964588470053,,,,,,,,,,,
QAT,2009,PISA,science,,,,,,,,,,,,,368.1125,371.716,379.4469,,,,,0.21228964588470053,,,,,,,,,,,
QHP,2009,PISA,mathematics,,,,,,,,,,,,,338.331,316.8557,325.247,,,,,,,,,,,,,,,,
QHP,2009,PISA,reading,,,,,,,,,,,,,338.331,316.8557,325.247,,,,,,,,,,,,,,,,
QHP,2009,PISA,science,,,,,,,,,,,,,338.331,316.8557,325.247,,,,,,,,,,,,,,,,
QTN,2009,PISA,mathematics,,,,,,,,,,,,,350.6119,336.5621,348.3867,,,,,,,,,,,,,,,,
QTN,2009,PISA,reading,,,,,,,,,,,,,350.6119,336.5621,348.3867,,,,,,,,,,,,,,,,
QTN,2009,PISA,science,,,,,,,,,,,,,350.6119,336.5621,348.3867,,,,,,,,,,,,,,,,
QVE,2009,PISA,mathematics,,,,,,,,,,,,,396.8532,421.8367,421.6341,,,,,,,,,,,,,,,,
QVE,2009,PISA,reading,,,,,,,,,,,,,396.8532,421.8367,421.6341,,,,,,,,,,,,,,,,
QVE,2009,PISA,science,,,,,,,,,,,,,396.8532,421.8367,421.6341,,,,,,,,,,,,,,,,
ROU,2009,PISA,mathematics,,,,,,,,,,,,,427.0792,424.4583,428.1789,,,,,-0.3719676721995535,,,,,,,,,,,
ROU,2009,PISA,reading,,,,,,,,,,,,,427.0792,424.4583,428.1789,,,,,-0.3719676721995535,,,,,,,,,,,
ROU,2009,PISA,science,,,,,,,,,,,,,427.0792,424.4583,428.1789,,,,,-0.3719676721995535,,,,,,,,,,,
RUS,2009,PISA,mathematics,,,,,,,,,,,,,467.8122,459.3959,478.2975,,,,,-0.10131394667867905,,,,,,,,,,,
RUS,2009,PISA,reading,,,,,,,,,,,,,467.8122,459.3959,478.2975,,,,,-0.10131394667867905,,,,,,,,,,,
RUS,2009,PISA,science,,,,,,,,,,,,,467.8122,459.3959,478.2975,,,,,-0.10131394667867905,,,,,,,,,,,
SGP,2009,PISA,mathematics,,,,,,,,,,,,,562.0187,525.8965,541.6955,,,,,,,,,,,,,,,,
SGP,2009,PISA,reading,,,,,,,,,,,,,562.0187,525.8965,541.6955,,,,,,,,,,,,,,,,
SGP,2009,PISA,science,,,,,,,,,,,,,562.0187,525.8965,541.6955,,,,,,,,,,,,,,,,
SRB,2009,PISA,mathematics,,,,,,,,,,,,,442.3819,442.0167,442.7858,,,,,-0.13656692771178658,,,,,,,,,,,
SRB,2009,PISA,reading,,,,,,,,,,,,,442.3819,442.0167,442.7858,,,,,-0.13656692771178658,,,,,,,,,,,
SRB,2009,PISA,science,,,,,,,,,,,,,442.3819,442.0167,442.7858,,,,,-0.13656692771178658,,,,,,,,,,,
SVK,2009,PISA,mathematics,528.6391,3.6386,-0.0,,,,,,,,,,496.6834,477.4434,490.2659,,,,,-0.1486091584340065,,,,,,,,,,,
SVK,2009,PISA,reading,528.6391,3.6386,-0.0,,,,,,,,,,496.6834,477.4434,490.2659,,,,,-0.1486091584340065,,,,,,,,,,,
SVK,2009,PISA,science,528.6391,3.6386,-0.0,,,,,,,,,,496.6834,477.4434,490.2659,,,,,-0.1486091584340065,,,,,,,,,,,
SVN,2009,PISA,mathematics,515.9222,3.9242,-0.0,,,,,,,,,,501.4724,483.082,511.7595,,,,,0.12930576351465004,,,,,,,,,,,
SVN,2009,PISA,reading,515.9222,3.9242,-0.0,,,,,,,,,,501.4724,483.082,511.7595,,,,,0.12930576351465004,,,,,,,,,,,
SVN,2009,PISA,science,515.9222,3.9242,-0.0,,,,,,,,,,501.4724,483.082,511.7595,,,,,0.12930576351465004,,,,,,,,,,,
SWE,2009,PISA,mathematics,537.017,4.1922,0.0,,,,,,,,,,494.2382,497.4494,495.1059,,,,,0.23694912304209098,,,,,,,,,,,
SWE,2009,PISA,reading,537.017,4.1922,0.0,,,,,,,,,,494.2382,497.4494,495.1059,,,,,0.23694912304209098,,,,,,,,,,,
SWE,2009,PISA,science,537.017,4.1922,0.0,,,,,,,,,,494.2382,497.4494,495.1059,,,,,0.23694912304209098,,,,,,,,,,,
THA,2009,PISA,mathematics,451.5277,2.3605,0.0,,,,,,,,,,418.5839,421.3744,425.2963,,,,,-1.4337177784719792,,,,,,,,,,,
THA,2009,PISA,reading,451.5277,2.3605,0.0,,,,,,,,,,418.5839,421.3744,425.2963,,,,,-1.4337177784719792,,,,,,,,,,,
THA,2009,PISA,science,451.5277,2.3605,0.0,,,,,,,,,,418.5839,421.3744,425.2963,,,,,-1.4337177784719792,,,,,,,,,,,
TTO,2009,PISA,mathematics,,,,,,,,,,,,,414.045,416.4523,410.1956,,,,,,,,,,,,,,,,
TTO,2009,PISA,reading,,,,,,,,,,,,,414.045,416.4523,410.1956,,,,,,,,,,,,,,,,
TTO,2009,PISA,science,,,,,,,,,,,,,414.045,416.4523,410.1956,,,,,,,,,,,,,,,,
TUN,2009,PISA,mathematics,,,,,,,,,,,,,371.4835,403.6327,400.6615,,,,,-1.2036309795878488,,,,,,,,,,,
TUN,2009,PISA,reading,,,,,,,,,,,,,371.4835,403.6327,400.6615,,,,,-1.2036309795878488,,,,,,,,,,,
TUN,2009,PISA,science,,,,,,,,,,,,,371.4835,403.6327,400.6615,,,,,-1.2036309795878488,,,,,,,,,,,
TUR,2009,PISA,mathematics,,,,,,,,,,,,,445.4513,464.1944,453.9097,,,,,-1.277204588155815,,,,,,,,,,,
TUR,2009,PISA,reading,,,,,,,,,,,,,445.4513,464.1944,453.9097,,,,,-1.277204588155815,,,,,,,,,,,
TUR,2009,PISA,science,,,,,,,,,,,,,445.4513,464.1944,453.9097,,,,,-1.277204588155815,,,,,,,,,,,
TWN,2009,PISA,mathematics,558.7338,3.451,0.0,,,,,,,,,,543.1824,495.2405,520.4198,,,,,-0.313008253196954,,,,,,,,,,,
TWN,2009,PISA,reading,558.7338,3.451,0.0,,,,,,,,,,543.1824,495.2405,520.4198,,,,,-0.313008253196954,,,,,,,,,,,
TWN,2009,PISA,science,558.7338,3.451,0.0,,,,,,,,,,543.1824,495.2405,520.4198,,,,,-0.313008253196954,,,,,,,,,,,
URY,2009,PISA,mathematics,,,,,,,,,,,,,426.7238,425.8134,427.2142,,,,,-0.5100512904518694,,,,,,,,,,,
URY,2009,PISA,reading,,,,,,,,,,,,,426.7238,425.8134,427.2142,,,,,-0.5100512904518694,,,,,,,,,,,
URY,2009,PISA,science,,,,,,,,,,,,,426.7238,425.8134,427.2142,,,,,-0.5100512904518694,,,,,,,,,,,
USA,2009,PISA,mathematics,,,,,,,,,,,,,487.3965,499.8268,502.0023,,,,,0.1354952106755464,,,,,,,,,,,
USA,2009,PISA,reading,,,,,,,,,,,,,487.3965,499.8268,502.0023,,,,,0.1354952106755464,,,,,,,,,,,
USA,2009,PISA,science,,,,,,,,,,,,,487.3965,499.8268,502.0023,,,,,0.1354952106755464,,,,,,,,,,,
ALB,2012,PISA,mathematics,,,,,,,,,,,,,394.3293,393.9643,397.3732,,,,,-0.9547660329475081,,,,,,,,,,,
ALB,2012,PISA,reading,,,,,,,,,,,,,394.3293,393.9643,397.3732,,,,,-0.9547660329475081,,,,,,,,,,,
ALB,2012,PISA,science,,,,,,,,,,,,,394.3293,393.9643,397.3732,,,,,-0.9547660329475081,,,,,,,,,,,
ARE,2012,PISA,mathematics,,,,,,,,,,,,,434.0072,441.7037,448.3703,,,,,0.186342122377352,,,,,,,,,,,
ARE,2012,PISA,reading,,,,,,,,,,,,,434.0072,441.7037,448.3703,,,,,0.186342122377352,,,,,,,,,,,
ARE,2012,PISA,science,,,,,,,,,,,,,434.0072,441.7037,448.3703,,,,,0.186342122377352,,,,,,,,,,,
ARG,2012,PISA,mathematics,,,,,,,,,,,,,388.4317,395.9791,405.632,,,,,-0.6168408689585977,,,,,,,,,,,
ARG,2012,PISA,reading,,,,,,,,,,,,,388.4317,395.9791,405.632,,,,,-0.6168408689585977,,,,,,,,,,,
ARG,2012,PISA,science,,,,,,,,,,,,,388.4317,395.9791,405.632,,,,,-0.6168408689585977,,,,,,,,,,,
AUS,2012,PISA,mathematics,,,,,,,,,,,,,504.1508,511.804,521.4947,,,,,0.3438987819099955,,,,,,,,,,,
AUS,2012,PISA,reading,,,,,,,,,,,,,504.1508,511.804,521.4947,,,,,0.3438987819099955,,,,,,,,,,,
AUS,2012,PISA,science,,,,,,,,,,,,,504.1508,511.804,521.4947,,,,,0.3438987819099955,,,,,,,,,,,
AUT,2012,PISA,mathematics,,,,,,,,,,,,,505.5407,489.6093,505.7812,,,,,0.060646961625771545,,,,,,,,,,,
AUT,2012,PISA,reading,,,,,,,,,,,,,505.5407,489.6093,505.7812,,,,,0.060646961625771545,,,,,,,,,,,
AUT,2012,PISA,science,,,,,,,,,,,,,505.5407,489.6093,505.7812,,,,,0.060646961625771545,,,,,,,,,,,
BEL,2012,PISA,mathematics,,,,,,,,1.495,275.4803,280.3862,1.861,,514.5292,508.6179,504.8677,,,,,0.1956098938676713,,,,,,,,,,,
BEL,2012,PISA,reading,,,,,,,,1.495,275.4803,280.3862,1.861,,514.5292,508.6179,504.8677,,,,,0.1956098938676713,,,,,,,,,,,
BEL,2012,PISA,science,,,,,,,,1.495,275.4803,280.3862,1.861,,514.5292,508.6179,504.8677,,,,,0.1956098938676713,,,,,,,,,,,
BGR,2012,PISA,mathematics,,,,,,,,,,,,,438.7383,436.1257,446.4687,,,,,-0.10892487185187154,,,,,,,,,,,
BGR,2012,PISA,reading,,,,,,,,,,,,,438.7383,436.1257,446.4687,,,,,-0.10892487185187154,,,,,,,,,,,
BGR,2012,PISA,science,,,,,,,,,,,,,438.7383,436.1257,446.4687,,,,,-0.10892487185187154,,,,,,,,,,,
BRA,2012,PISA,mathematics,,,,,,,,,,,,,388.509,406.5332,401.6197,,,,,-1.1644701933591737,,,,,,,,,,,
BRA,2012,PISA,reading,,,,,,,,,,,,,388.509,406.5332,401.6197,,,,,-1.1644701933591737,,,,,,,,,,,
BRA,2012,PISA,science,,,,,,,,,,,,,388.509,406.5332,401.6197,,,,,-1.1644701933591737,,,,,,,,,,,
CAN,2012,PISA,mathematics,,,,,,,,1.5003,273.3364,265.2403,2.1507,,518.0704,523.124,525.4413,,,,,0.502876695451086,,,,,,,,,,,
CAN,2012,PISA,reading,,,,,,,,1.5003,273.3364,265.2403,2.1507,,518.0704,523.124,525.4413,,,,,0.502876695451086,,,,,,,,,,,
CAN,2012,PISA,science,,,,,,,,1.5003,273.3364,265.2403,2.1507,,518.0704,523.124,525.4413,,,,,0.502876695451086,,,,,,,,,,,
CHE,2012,PISA,mathematics,,,,,,,,,,,,,530.931,509.0402,515.2975,,,,,0.07817526776555106,,,,,,,,,,,
CHE,2012,PISA,reading,,,,,,,,,,,,,530.931,509.0402,515.2975,,,,,0.07817526776555106,,,,,,,,,,,
CHE,2012,PISA,science,,,,,,,,,,,,,530.931,509.0402,515.2975,,,,,0.07817526776555106,,,,,,,,,,,
CHL,2012,PISA,mathematics,,,,,,,,1.5005,220.1467,206.059,1.7833,,422.6324,441.3982,444.9339,,,,,-0.5681914907415191,,,,,,,,,,,
CHL,2012,PISA,reading,,,,,,,,1.5005,220.1467,206.059,1.7833,,422.6324,441.3982,444.9339,,,,,-0.5681914907415191,,,,,,,,,,,
CHL,2012,PISA,science,,,,,,,,1.5005,220.1467,206.059,1.7833,,422.6324,441.3982,444.9339,,,,,-0.5681914907415191,,,,,,,,,,,
CHN,2012,PISA,mathematics,,,,,,,,,,,,,612.6755,569.5884,580.1178,,,,,-0.4899891787827237,,,,,,,,,,,
CHN,2012,PISA,reading,,,,,,,,,,,,,612.6755,569.5884,580.1178,,,,,-0.4899891787827237,,,,,,,,,,,
CHN,2012,PISA,science,,,,,,,,,,,,,612.6755,569.5884,580.1178,,,,,-0.4899891787827237,,,,,,,,,,,
COL,2012,PISA,mathematics,,,,,,,,,,,,,376.4886,403.4025,398.6786,,,,,-1.1526546682510697,,,,,,,,,,,
COL,2012,PISA,reading,,,,,,,,,,,,,376.4886,403.4025,398.6786,,,,,-1.1526546682510697,,,,,,,,,,,
COL,2012,PISA,science,,,,,,,,,,,,,376.4886,403.4025,398.6786,,,,,-1.1526546682510697,,,,,,,,,,,
CRI,2012,PISA,mathematics,,,,,,,,,,,,,406.9999,440.5478,429.351,,,,,-0.9160936148071482,,,,,,,,,,,
CRI,2012,PISA,reading,,,,,,,,,,,,,406.9999,440.5478,429.351,,,,,-0.9160936148071482,,,,,,,,,,,
CRI,2012,PISA,science,,,,,,,,,,,,,406.9999,440.5478,429.351,,,,,-0.9160936148071482,,,,,,,,,,,
CZE,2012,PISA,mathematics,,,,,,,,1.4959,274.0117,275.7338,2.0485,,498.9579,492.8897,508.2991,,,,,-0.08558574892404061,,,,,,,,,,,
CZE,2012,PISA,reading,,,,,,,,1.4959,274.0117,275.7338,2.0485,,498.9579,492.8897,508.2991,,,,,-0.08558574892404061,,,,,,,,,,,
CZE,2012,PISA,science,,,,,,,,1.4959,274.0117,275.7338,2.0485,,498.9579,492.8897,508.2991,,,,,-0.08558574892404061,,,,,,,,,,,
DEU,2012,PISA,mathematics,,,,,,,,,,,,,513.5251,507.6765,524.1208,,,,,0.18233671337223142,,,,,,,,,,,
DEU,2012,PISA,reading,,,,,,,,,,,,,513.5251,507.6765,524.1208,,,,,0.18233671337223142,,,,,,,,,,,
DEU,2012,PISA,science,,,,,,,,,,,,,513.5251,507.6765,524.1208,,,,,0.18233671337223142,,,,,,,,,,,
DNK,2012,PISA,mathematics,,,,,,,,1.4962,270.7875,278.2784,2.0166,,500.0268,496.1309,498.4742,,,,,0.29727055720831436,,,,,,,,,,,
DNK,2012,PISA,reading,,,,,,,,1.4962,270.7875,278.2784,2.0166,,500.0268,496.1309,498.4742,,,,,0.29727055720831436,,,,,,,,,,,
DNK,2012,PISA,science,,,,,,,,1.4962,270.7875,278.2784,2.0166,,500.0268,496.1309,498.4742,,,,,0.29727055720831436,,,,,,,,,,,
ESP,2012,PISA,mathematics,,,,,,,,1.4977,251.7898,245.8217,1.4108,,484.3193,487.9392,496.4458,,,,,-0.3143590018886189,,,,,,,,,,,
ESP,2012,PISA,reading,,,,,,,,1.4977,251.7898,245.8217,1.4108,,484.3193,487.9392,496.4458,,,,,-0.3143590018886189,,,,,,,,,,,
ESP,2012,PISA,science,,,,,,,,1.4977,251.7898,245.8217,1.4108,,484.3193,487.9392,496.4458,,,,,-0.3143590018886189,,,,,,,,,,,
EST,2012,PISA,mathematics,,,,,,,,1.5208,275.884,273.1195,2.0907,,520.5455,516.2942,541.4048,,,,,0.1522229322173711,,,,,,,,,,,
EST,2012,PISA,reading,,,,,,,,1.5208,275.884,273.1195,2.0907,,520.5455,516.2942,541.4048,,,,,0.1522229322173711,,,,,,,,,,,
EST,2012,PISA,science,,,,,,,,1.5208,275.884,273.1195,2.0907,,520.5455,516.2942,541.4048,,,,,0.1522229322173711,,,,,,,,,,,
FIN,2012,PISA,mathematics,,,,,,,,1.4971,287.5457,282.2266,1.8045,,518.7503,524.0217,545.4419,,,,,0.37113308844781384,,,,,,,,,,,
FIN,2012,PISA,reading,,,,,,,,1.4971,287.5457,282.2266,1.8045,,518.7503,524.0217,545.4419,,,,,0.37113308844781384,,,,,,,,,,,
FIN,2012,PISA,science,,,,,,,,1.4971,287.5457,282.2266,1.8045,,518.7503,524.0217,545.4419,,,,,0.37113308844781384,,,,,,,,,,,
FRA,2012,PISA,mathematics,,,,,,,,1.5112,262.1391,254.192,1.7392,,494.9847,505.4815,498.9709,,,,,-0.13278171842151604,,,,,,,,,,,
FRA,2012,PISA,reading,,,,,,,,1.5112,262.1391,254.192,1.7392,,494.9847,505.4815,498.9709,,,,,-0.13278171842151604,,,,,,,,,,,
FRA,2012,PISA,science,,,,,,,,1.5112,262.1391,254.192,1.7392,,494.9847,505.4815,498.9709,,,,,-0.13278171842151604,,,,,,,,,,,
GBR,2012,PISA,mathematics,,,,,,,,1.5014,272.457,261.7258,1.9744,,493.9342,499.3231,514.1293,,,,,0.20386290508204338,,,,,,,,,,,
GBR,2012,PISA,reading,,,,,,,,1.5014,272.457,261.7258,1.9744,,493.9342,499.3231,514.1293,,,,,0.20386290508204338,,,,,,,,,,,
GBR,2012,PISA,science,,,,,,,,1.5014,272.457,261.7258,1.9744,,493.9342,499.3231,514.1293,,,,,0.20386290508204338,,,,,,,,,,,
GRC,2012,PISA,mathematics,,,,,,,,1.5065,253.8885,251.8606,1.4951,,452.9734,477.1972,466.722,,,,,-0.02266548926345035,,,,,,,,,,,
GRC,2012,PISA,reading,,,,,,,,1.5065,253.8885,251.8606,1.4951,,452.9734,477.1972,466.722,,,,,-0.02266548926345035,,,,,,,,,,,
GRC,2012,PISA,science,,,,,,,,1.5065,253.8885,251.8606,1.4951,,452.9734,477.1972,466.722,,,,,-0.02266548926345035,,,,,,,,,,,
HKG,2012,PISA,mathematics,,,,,,,,,,,,,561.2411,544.6001,554.9374,,,,,-0.7994303691394903,,,,,,,,,,,
HKG,2012,PISA,reading,,,,,,,,,,,,,561.2411,544.6001,554.9374,,,,,-0.7994303691394903,,,,,,,,,,,
HKG,2012,PISA,science,,,,,,,,,,,,,561.2411,544.6001,554.9374,,,,,-0.7994303691394903,,,,,,,,,,,
HRV,2012,PISA,mathematics,,,,,,,,,,,,,471.1315,484.565,491.3566,,,,,-0.17715241563878556,,,,,,,,,,,
HRV,2012,PISA,reading,,,,,,,,,,,,,471.1315,484.565,491.3566,,,,,-0.17715241563878556,,,,,,,,,,,
HRV,2012,PISA,science,,,,,,,,,,,,,471.1315,484.565,491.3566,,,,,-0.17715241563878556,,,,,,,,,,,
HUN,2012,PISA,mathematics,,,,,,,,,,,,,477.0445,488.4613,494.3024,,,,,-0.19521270577192523,,,,,,,,,,,
HUN,2012,PISA,reading,,,,,,,,,,,,,477.0445,488.4613,494.3024,,,,,-0.19521270577192523,,,,,,,,,,,
HUN,2012,PISA,science,,,,,,,,,,,,,477.0445,488.4613,494.3024,,,,,-0.19521270577192523,,,,,,,,,,,
IDN,2012,PISA,mathematics,,,,,,,,,,,,,375.1145,396.1201,381.9115,,,,,-1.5526166346697705,,,,,,,,,,,
IDN,2012,PISA,reading,,,,,,,,,,,,,375.1145,396.1201,381.9115,,,,,-1.5526166346697705,,,,,,,,,,,
IDN,2012,PISA,science,,,,,,,,,,,,,375.1145,396.1201,381.9115,,,,,-1.5526166346697705,,,,,,,,,,,
IRL,2012,PISA,mathematics,,,,,,,,1.509,266.5448,255.5904,1.7192,,501.4975,523.1732,522.004,,,,,0.047389802253672814,,,,,,,,,,,
IRL,2012,PISA,reading,,,,,,,,1.509,266.5448,255.5904,1.7192,,501.4975,523.1732,522.004,,,,,0.047389802253672814,,,,,,,,,,,
IRL,2012,PISA,science,,,,,,,,1.509,266.5448,255.5904,1.7192,,501.4975,523.1732,522.004,,,,,0.047389802253672814,,,,,,,,,,,
ISL,2012,PISA,mathematics,,,,,,,,,,,,,492.7957,482.5224,478.1546,,,,,0.7182185787259588,,,,,,,,,,,
ISL,2012,PISA,reading,,,,,,,,,,,,,492.7957,482.5224,478.1546,,,,,0.7182185787259588,,,,,,,,,,,
ISL,2012,PISA,science,,,,,,,,,,,,,492.7957,482.5224,478.1546,,,,,0.7182185787259588,,,,,,,,,,,
ISR,2012,PISA,mathematics,,,,,,,,,,,,,466.4814,485.8032,470.0727,,,,,-0.024198609110187192,,,,,,,,,,,
ISR,2012,PISA,reading,,,,,,,,,,,,,466.4814,485.8032,470.0727,,,,,-0.024198609110187192,,,,,,,,,,,
ISR,2012,PISA,science,,,,,,,,,,,,,466.4814,485.8032,470.0727,,,,,-0.024198609110187192,,,,,,,,,,,
ITA,2012,PISA,mathematics,,,,,,,,,,,,,485.3212,489.7544,493.5415,,,,,-0.12266552302220973,,,,,,,,,,,
ITA,2012,PISA,reading,,,,,,,,,,,,,485.3212,489.7544,493.5415,,,,,-0.12266552302220973,,,,,,,,,,,
ITA,2012,PISA,science,,,,,,,,,,,,,485.3212,489.7544,493.5415,,,,,-0.12266552302220973,,,,,,,,,,,
JOR,2012,PISA,mathematics,,,,,,,,,,,,,385.5956,399.0347,409.3672,,,,,-0.5651637657268864,,,,,,,,,,,
JOR,2012,PISA,reading,,,,,,,,,,,,,385.5956,399.0347,409.3672,,,,,-0.5651637657268864,,,,,,,,,,,
JOR,2012,PISA,science,,,,,,,,,,,,,385.5956,399.0347,409.3672,,,,,-0.5651637657268864,,,,,,,,,,,
JPN,2012,PISA,mathematics,,,,,,,,1.4973,296.2423,288.1704,2.09,,536.4069,538.0515,546.7356,,,,,-0.009025445865829792,,,,,,,,,,,
JPN,2012,PISA,reading,,,,,,,,1.4973,296.2423,288.1704,2.09,,536.4069,538.0515,546.7356,,,,,-0.009025445865829792,,,,,,,,,,,
JPN,2012,PISA,science,,,,,,,,1.4973,296.2423,288.1704,2.09,,536.4069,538.0515,546.7356,,,,,-0.009025445865829792,,,,,,,,,,,
KAZ,2012,PISA,mathematics,,,,,,,,1.5159,249.1259,247.1195,1.9738,,431.7984,392.7362,424.7075,,,,,-0.508726889383893,,,,,,,,,,,
KAZ,2012,PISA,reading,,,,,,,,1.5159,249.1259,247.1195,1.9738,,431.7984,392.7362,424.7075,,,,,-0.508726889383893,,,,,,,,,,,
KAZ,2012,PISA,science,,,,,,,,1.5159,249.1259,247.1195,1.9738,,431.7984,392.7362,424.7075,,,,,-0.508726889383893,,,,,,,,,,,
KOR,2012,PISA,mathematics,,,,,,,,,,,,,553.7667,535.7905,537.7876,,,,,-0.1533562552365604,,,,,,,,,,,
KOR,2012,PISA,reading,,,,,,,,,,,,,553.7667,535.7905,537.7876,,,,,-0.1533562552365604,,,,,,,,,,,
KOR,2012,PISA,science,,,,,,,,,,,,,553.7667,535.7905,537.7876,,,,,-0.1533562552365604,,,,,,,,,,,
LIE,2012,PISA,mathematics,,,,,,,,,,,,,534.9651,515.5217,524.695,,,,,0.0861606878713987,,,,,,,,,,,
LIE,2012,PISA,reading,,,,,,,,,,,,,534.9651,515.5217,524.695,,,,,0.0861606878713987,,,,,,,,,,,
LIE,2012,PISA,science,,,,,,,,,,,,,534.9651,515.5217,524.695,,,,,0.0861606878713987,,,,,,,,,,,
LTU,2012,PISA,mathematics,,,,,,,,1.5182,266.8238,267.1988,2.0964,,478.8233,477.3066,495.7001,,,,,-0.04606752519399783,,,,,,,,,,,
LTU,2012,PISA,reading,,,,,,,,1.5182,266.8238,267.1988,2.0964,,478.8233,477.3066,495.7001,,,,,-0.04606752519399783,,,,,,,,,,,
LTU,2012,PISA,science,,,,,,,,1.5182,266.8238,267.1988,2.0964,,478.8233,477.3066,495.7001,,,,,-0.04606752519399783,,,,,,,,,,,
LUX,2012,PISA,mathematics,,,,,,,,,,,,,489.8451,487.807,491.2152,,,,,0.1878893266432617,,,,,,,,,,,
LUX,2012,PISA,reading,,,,,,,,,,,,,489.8451,487.807,491.2152,,,,,0.1878893266432617,,,,,,,,,,,
LUX,2012,PISA,science,,,,,,,,,,,,,489.8451,487.807,491.2152,,,,,0.1878893266432617,,,,,,,,,,,
LVA,2012,PISA,mathematics,,,,,,,,,,,,,490.571,488.6944,502.1862,,,,,-0.12760151396740088,,,,,,,,,,,
LVA,2012,PISA,reading,,,,,,,,,,,,,490.571,488.6944,502.1862,,,,,-0.12760151396740088,,,,,,,,,,,
LVA,2012,PISA,science,,,,,,,,,,,,,490.571,488.6944,502.1862,,,,,-0.12760151396740088,,,,,,,,,,,
MAC,2012,PISA,mathematics,,,,,,,,,,,,,538.1345,508.9493,520.5709,,,,,-0.7024346110813426,,,,,,,,,,,
MAC,2012,PISA,reading,,,,,,,,,,,,,538.1345,508.9493,520.5709,,,,,-0.7024346110813426,,,,,,,,,,,
MAC,2012,PISA,science,,,,,,,,,,,,,538.1345,508.9493,520.5709,,,,,-0.7024346110813426,,,,,,,,,,,
MEX,2012,PISA,mathematics,,,,,,,,1.5196,221.5814,210.1389,1.3151,,413.2815,423.5538,414.9201,,,,,-1.2184479430594966,,,,,,,,,,,
MEX,2012,PISA,reading,,,,,,,,1.5196,221.5814,210.1389,1.3151,,413.2815,423.5538,414.9201,,,,,-1.2184479430594966,,,,,,,,,,,
MEX,2012,PISA,science,,,,,,,,1.5196,221.5814,210.1389,1.3151,,413.2815,423.5538,414.9201,,,,,-1.2184479430594966,,,,,,,,,,,
MNE,2012,PISA,mathematics,,,,,,,,,,,,,409.6266,422.1114,410.0976,,,,,-0.2444549961328147,,,,,,,,,,,
MNE,2012,PISA,reading,,,,,,,,,,,,,409.6266,422.1114,410.0976,,,,,-0.2444549961328147,,,,,,,,,,,
MNE,2012,PISA,science,,,,,,,,,,,,,409.6266,422.1114,410.0976,,,,,-0.2444549961328147,,,,,,,,,,,
MYS,2012,PISA,mathematics,,,,,,,,,,,,,420.513,398.1961,419.5026,,,,,-0.5256412421353235,,,,,,,,,,,
MYS,2012,PISA,reading,,,,,,,,,,,,,420.513,398.1961,419.5026,,,,,-0.5256412421353235,,,,,,,,,,,
MYS,2012,PISA,science,,,,,,,,,,,,,420.513,398.1961,419.5026,,,,,-0.5256412421353235,,,,,,,,,,,
NLD,2012,PISA,mathematics,,,,,,,,,,,,,522.9718,511.23,522.0558,,,,,0.2730422448770202,,,,,,,,,,,
NLD,2012,PISA,reading,,,,,,,,,,,,,522.9718,511.23,522.0558,,,,,0.2730422448770202,,,,,,,,,,,
NLD,2012,PISA,science,,,,,,,,,,,,,522.9718,511.23,522.0558,,,,,0.2730422448770202,,,,,,,,,,,
NOR,2012,PISA,mathematics,,,,,,,,1.4887,278.4252,278.2979,2.0809,,489.3731,503.9367,494.5239,,,,,0.4714880109004786,,,,,,,,,,,
NOR,2012,PISA,reading,,,,,,,,1.4887,278.4252,278.2979,2.0809,,489.3731,503.9367,494.5239,,,,,0.4714880109004786,,,,,,,,,,,
NOR,2012,PISA,science,,,,,,,,1.4887,278.4252,278.2979,2.0809,,489.3731,503.9367,494.5239,,,,,0.4714880109004786,,,,,,,,,,,
NZL,2012,PISA,mathematics,,,,,,,,1.5156,280.6729,271.1255,2.0396,,499.7499,512.1868,515.6363,,,,,0.08643122831361089,,,,,,,,,,,
NZL,2012,PISA,reading,,,,,,,,1.5156,280.6729,271.1255,2.0396,,499.7499,512.1868,515.6363,,,,,0.08643122831361089,,,,,,,,,,,
NZL,2012,PISA,science,,,,,,,,1.5156,280.6729,271.1255,2.0396,,499.7499,512.1868,515.6363,,,,,0.08643122831361089,,,,,,,,,,,
PER,2012,PISA,mathematics,,,,,,,,1.4985,195.6269,178.4916,1.5885,,368.1025,384.1512,373.1134,,,,,-1.3139177099877446,,,,,,,,,,,
PER,2012,PISA,reading,,,,,,,,1.4985,195.6269,178.4916,1.5885,,368.1025,384.1512,373.1134,,,,,-1.3139177099877446,,,,,,,,,,,
PER,2012,PISA,science,,,,,,,,1.4985,195.6269,178.4916,1.5885,,368.1025,384.1512,373.1134,,,,,-1.3139177099877446,,,,,,,,,,,
POL,2012,PISA,mathematics,,,,,,,,1.5053,266.9038,259.7689,1.8627,,517.5011,518.1869,525.8164,,,,,-0.280749346078238,,,,,,,,,,,
POL,2012,PISA,reading,,,,,,,,1.5053,266.9038,259.7689,1.8627,,517.5011,518.1869,525.8164,,,,,-0.280749346078238,,,,,,,,,,,
POL,2012,PISA,science,,,,,,,,1.5053,266.9038,259.7689,1.8627,,517.5011,518.1869,525.8164,,,,,-0.280749346078238,,,,,,,,,,,
PRT,2012,PISA,mathematics,,,,,,,,,,,,,487.0632,487.7577,489.2747,,,,,-0.3173966843511924,,,,,,,,,,,
PRT,2012,PISA,reading,,,,,,,,,,,,,487.0632,487.7577,489.2747,,,,,-0.3173966843511924,,,,,,,,,,,
PRT,2012,PISA,science,,,,,,,,,,,,,487.0632,487.7577,489.2747,,,,,-0.3173966843511924,,,,,,,,,,,
QAT,2012,PISA,mathematics,,,,,,,,,,,,,376.4484,387.5041,383.6426,,,,,0.5069050133653146,,,,,,,,,,,
QAT,2012,PISA,reading,,,,,,,,,,,,,376.4484,387.5041,383.6426,,,,,0.5069050133653146,,,,,,,,,,,
QAT,2012,PISA,science,,,,,,,,,,,,,376.4484,387.5041,383.6426,,,,,0.5069050133653146,,,,,,,,,,,
QRS,2012,PISA,mathematics,,,,,,,,,,,,,483.58,482.3096,479.859,,,,,,,,,,,,,,,,
QRS,2012,PISA,reading,,,,,,,,,,,,,483.58,482.3096,479.859,,,,,,,,,,,,,,,,
QRS,2012,PISA,science,,,,,,,,,,,,,483.58,482.3096,479.859,,,,,,,,,,,,,,,,
ROU,2012,PISA,mathematics,,,,,,,,,,,,,444.5542,437.5995,438.7681,,,,,-0.3446073698744807,,,,,,,,,,,
ROU,2012,PISA,reading,,,,,,,,,,,,,444.5542,437.5995,438.7681,,,,,-0.3446073698744807,,,,,,,,,,,
ROU,2012,PISA,science,,,,,,,,,,,,,444.5542,437.5995,438.7681,,,,,-0.3446073698744807,,,,,,,,,,,
RUS,2012,PISA,mathematics,,,,,,,,1.5223,275.2344,269.9328,2.049,,482.1694,475.1494,486.2955,,,,,-0.21270214500344747,,,,,,,,,,,
RUS,2012,PISA,reading,,,,,,,,1.5223,275.2344,269.9328,2.049,,482.1694,475.1494,486.2955,,,,,-0.21270214500344747,,,,,,,,,,,
RUS,2012,PISA,science,,,,,,,,1.5223,275.2344,269.9328,2.049,,482.1694,475.1494,486.2955,,,,,-0.21270214500344747,,,,,,,,,,,
SGP,2012,PISA,mathematics,,,,,,,,1.5064,257.6205,257.4188,1.6846,,573.4683,542.2158,551.4932,,,,,-0.42702029142414494,,,,,,,,,,,
SGP,2012,PISA,reading,,,,,,,,1.5064,257.6205,257.4188,1.6846,,573.4683,542.2158,551.4932,,,,,-0.42702029142414494,,,,,,,,,,,
SGP,2012,PISA,science,,,,,,,,1.5064,257.6205,257.4188,1.6846,,573.4683,542.2158,551.4932,,,,,-0.42702029142414494,,,,,,,,,,,
SRB,2012,PISA,mathematics,,,,,,,,,,,,,448.8591,446.1302,444.8041,,,,,0.07019281840416146,,,,,,,,,,,
SRB,2012,PISA,reading,,,,,,,,,,,,,448.8591,446.1302,444.8041,,,,,0.07019281840416146,,,,,,,,,,,
SRB,2012,PISA,science,,,,,,,,,,,,,448.8591,446.1302,444.8041,,,,,0.07019281840416146,,,,,,,,,,,
SVK,2012,PISA,mathematics,,,,,,,,1.5002,273.8456,275.8076,1.845,,481.6447,462.767,471.1932,,,,,-0.09344574764293731,,,,,,,,,,,
SVK,2012,PISA,reading,,,,,,,,1.5002,273.8456,275.8076,1.845,,481.6447,462.767,471.1932,,,,,-0.09344574764293731,,,,,,,,,,,
SVK,2012,PISA,science,,,,,,,,1.5002,273.8456,275.8076,1.845,,481.6447,462.767,471.1932,,,,,-0.09344574764293731,,,,,,,,,,,
SVN,2012,PISA,mathematics,,,,,,,,,,,,,501.1274,481.3163,514.1426,,,,,0.07454289268934282,,,,,,,,,,,
SVN,2012,PISA,reading,,,,,,,,,,,,,501.1274,481.3163,514.1426,,,,,0.07454289268934282,,,,,,,,,,,
SVN,2012,PISA,science,,,,,,,,,,,,,501.1274,481.3163,514.1426,,,,,0.07454289268934282,,,,,,,,,,,
SWE,2012,PISA,mathematics,,,,,,,,1.4927,279.2308,279.0524,1.9698,,478.2606,483.335,484.799,,,,,0.3298088125816241,,,,,,,,,,,
SWE,2012,PISA,reading,,,,,,,,1.4927,279.2308,279.0524,1.9698,,478.2606,483.335,484.799,,,,,0.3298088125816241,,,,,,,,,,,
SWE,2012,PISA,science,,,,,,,,1.4927,279.2308,279.0524,1.9698,,478.2606,483.335,484.799,,,,,0.3298088125816241,,,,,,,,,,,
THA,2012,PISA,mathematics,,,,,,,,,,,,,426.7375,441.2199,443.9999,,,,,-1.3109453021972297,,,,,,,,,,,
THA,2012,PISA,reading,,,,,,,,,,,,,426.7375,441.2199,443.9999,,,,,-1.3109453021972297,,,,,,,,,,,
THA,2012,PISA,science,,,,,,,,,,,,,426.7375,441.2199,443.9999,,,,,-1.3109453021972297,,,,,,,,,,,
TUN,2012,PISA,mathematics,,,,,,,,,,,,,387.8246,404.0785,398.0465,,,,,-1.1992018704743677,,,,,,,,,,,
TUN,2012,PISA,reading,,,,,,,,,,,,,387.8246,404.0785,398.0465,,,,,-1.1992018704743677,,,,,,,,,,,
TUN,2012,PISA,science,,,,,,,,,,,,,387.8246,404.0785,398.0465,,,,,-1.1992018704743677,,,,,,,,,,,
TUR,2012,PISA,mathematics,,,,,,,,1.4954,226.544,219.43,1.1709,,447.9844,475.4915,463.4129,,,,,-1.164954212853034,,,,,,,,,,,
TUR,2012,PISA,reading,,,,,,,,1.4954,226.544,219.43,1.1709,,447.9844,475.4915,463.4129,,,,,-1.164954212853034,,,,,,,,,,,
TUR,2012,PISA,science,,,,,,,,1.4954,226.544,219.43,1.1709,,447.9844,475.4915,463.4129,,,,,-1.164954212853034,,,,,,,,,,,
TWN,2012,PISA,mathematics,,,,,,,,,,,,,559.8248,523.1189,523.3149,,,,,-0.3288629571131783,,,,,,,,,,,
TWN,2012,PISA,reading,,,,,,,,,,,,,559.8248,523.1189,523.3149,,,,,-0.3288629571131783,,,,,,,,,,,
TWN,2012,PISA,science,,,,,,,,,,,,,559.8248,523.1189,523.3149,,,,,-0.3288629571131783,,,,,,,,,,,
URY,2012,PISA,mathematics,,,,,,,,,,,,,409.2916,411.3489,415.8429,,,,,-0.6976374881256018,,,,,,,,,,,
URY,2012,PISA,reading,,,,,,,,,,,,,409.2916,411.3489,415.8429,,,,,-0.6976374881256018,,,,,,,,,,,
URY,2012,PISA,science,,,,,,,,,,,,,409.2916,411.3489,415.8429,,,,,-0.6976374881256018,,,,,,,,,,,
USA,2012,PISA,mathematics,,,,,,,,,,,,,481.3668,497.5817,497.4098,,,,,0.171096702505935,,,,,,,,,,,
USA,2012,PISA,reading,,,,,,,,,,,,,481.3668,497.5817,497.4098,,,,,0.171096702505935,,,,,,,,,,,
USA,2012,PISA,science,,,,,,,,,,,,,481.3668,497.5817,497.4098,,,,,0.171096702505935,,,,,,,,,,,
VNM,2012,PISA,mathematics,,,,,,,,,,,,,511.3382,508.219,528.4233,,,,,,,,,,,,,,,,
VNM,2012,PISA,reading,,,,,,,,,,,,,511.3382,508.219,528.4233,,,,,,,,,,,,,,,,
VNM,2012,PISA,science,,,,,,,,,,,,,511.3382,508.219,528.4233,,,,,,,,,,,,,,,,
ALB,2015,PISA,mathematics,,,,,,,,,,,,,413.157,405.2588,427.225,,,,,,,,,,,,,,,,
ALB,2015,PISA,reading,,,,,,,,,,,,,413.157,405.2588,427.225,,,,,,,,,,,,,,,,
ALB,2015,PISA,science,,,,,,,,,,,,,413.157,405.2588,427.225,,,,,,,,,,,,,,,,
ARE,2015,PISA,mathematics,,,,,,,,,,,,,427.4827,433.5423,436.7311,,,464.7833,476.6461,0.3148592414921476,-0.1854300197168374,,,,,,,,,,
ARE,2015,PISA,reading,,,,,,,,,,,,,427.4827,433.5423,436.7311,,,464.7833,476.6461,0.3148592414921476,-0.1854300197168374,,,,,,,,,,
ARE,2015,PISA,science,,,,,,,,,,,,,427.4827,433.5423,436.7311,,,464.7833,476.6461,0.3148592414921476,-0.1854300197168374,,,,,,,,,,
AUS,2015,PISA,mathematics,,,,,,,,,,,,,493.8962,502.9006,509.9939,,,504.9582,511.9865,0.3721603382690234,0.6017467746887963,,,,2.112,,,,,,
AUS,2015,PISA,reading,,,,,,,,,,,,,493.8962,502.9006,509.9939,,,504.9582,511.9865,0.3721603382690234,0.6017467746887963,,,,2.112,,,,,,
AUS,2015,PISA,science,,,,,,,,,,,,,493.8962,502.9006,509.9939,,,504.9582,511.9865,0.3721603382690234,0.6017467746887963,,,,2.112,,,,,,
AUT,2015,PISA,mathematics,,,,,,,,,,,,,496.7423,484.8656,495.0375,,,,,0.1467721331854135,0.0937909519943036,,,,,,,,,,
AUT,2015,PISA,reading,,,,,,,,,,,,,496.7423,484.8656,495.0375,,,,,0.1467721331854135,0.0937909519943036,,,,,,,,,,
AUT,2015,PISA,science,,,,,,,,,,,,,496.7423,484.8656,495.0375,,,,,0.1467721331854135,0.0937909519943036,,,,,,,,,,
BEL,2015,PISA,mathematics,,,,,,,,,,,,,506.9844,498.5242,501.9997,,,,,0.2919930819588537,0.1797520491119041,,,,,,,,,,
BEL,2015,PISA,reading,,,,,,,,,,,,,506.9844,498.5242,501.9997,,,,,0.2919930819588537,0.1797520491119041,,,,,,,,,,
BEL,2015,PISA,science,,,,,,,,,,,,,506.9844,498.5242,501.9997,,,,,0.2919930819588537,0.1797520491119041,,,,,,,,,,
BGR,2015,PISA,mathematics,,,,,,,,,,,,,441.1899,431.7175,445.772,,,,,0.003008112658973,-0.3226939305852858,,,,,,,13.2708,11.4594,7.7992,11.088
BGR,2015,PISA,reading,,,,,,,,,,,,,441.1899,431.7175,445.772,,,,,0.003008112658973,-0.3226939305852858,,,,,,,13.2708,11.4594,7.7992,11.088
BGR,2015,PISA,science,,,,,,,,,,,,,441.1899,431.7175,445.772,,,,,0.003008112658973,-0.3226939305852858,,,,,,,13.2708,11.4594,7.7992,11.088
BRA,2015,PISA,mathematics,,,,,,,,,,,,,377.0695,407.3486,400.6821,,,,,-1.0931538984016071,-1.379248477392956,,,,,,,13.0159,9.6795,8.9156,11.3222
BRA,2015,PISA,reading,,,,,,,,,,,,,377.0695,407.3486,400.6821,,,,,-1.0931538984016071,-1.379248477392956,,,,,,,13.0159,9.6795,8.9156,11.3222
BRA,2015,PISA,science,,,,,,,,,,,,,377.0695,407.3486,400.6821,,,,,-1.0931538984016071,-1.379248477392956,,,,,,,13.0159,9.6795,8.9156,11.3222
CAN,2015,PISA,mathematics,,,,,,,,,,,,,515.6474,526.6678,527.7047,510.5564,524.7821,527.2789,526.1718,0.5058304779209916,0.3935663653442346,,,,,,,,,,
CAN,2015,PISA,reading,,,,,,,,,,,,,515.6474,526.6678,527.7047,510.5564,524.7821,527.2789,526.1718,0.5058304779209916,0.3935663653442346,,,,,,,,,,
CAN,2015,PISA,science,,,,,,,,,,,,,515.6474,526.6678,527.7047,510.5564,524.7821,527.2789,526.1718,0.5058304779209916,0.3935663653442346,,,,,,,,,,
CHE,2015,PISA,mathematics,,,,,,,,,,,,,521.2506,492.1982,505.5058,,,,,0.0793655559382421,-0.1413401076053805,,,,,,,,,,
CHE,2015,PISA,reading,,,,,,,,,,,,,521.2506,492.1982,505.5058,,,,,0.0793655559382421,-0.1413401076053805,,,,,,,,,,
CHE,2015,PISA,science,,,,,,,,,,,,,521.2506,492.1982,505.5058,,,,,0.0793655559382421,-0.1413401076053805,,,,,,,,,,
CHL,2015,PISA,mathematics,,,,,,,,,,,,,422.6714,458.5709,446.9561,458.5823,477.7105,427.4262,453.9692,-0.4113731461290743,-0.5786210527910146,,,,,,,13.1884,10.2104,8.835,12.122
CHL,2015,PISA,reading,,,,,,,,,,,,,422.6714,458.5709,446.9561,458.5823,477.7105,427.4262,453.9692,-0.4113731461290743,-0.5786210527910146,,,,,,,13.1884,10.2104,8.835,12.122
CHL,2015,PISA,science,,,,,,,,,,,,,422.6714,458.5709,446.9561,458.5823,477.7105,427.4262,453.9692,-0.4113731461290743,-0.5786210527910146,,,,,,,13.1884,10.2104,8.835,12.122
COL,2015,PISA,mathematics,,,,,,,,,,,,,389.6438,424.9052,415.7288,,,,,-0.905450235467092,-1.1975712654770658,,,,,,,,,,
COL,2015,PISA,reading,,,,,,,,,,,,,389.6438,424.9052,415.7288,,,,,-0.905450235467092,-1.1975712654770658,,,,,,,,,,
COL,2015,PISA,science,,,,,,,,,,,,,389.6438,424.9052,415.7288,,,,,-0.905450235467092,-1.1975712654770658,,,,,,,,,,
CRI,2015,PISA,mathematics,,,,,,,,,,,,,400.2534,427.4875,419.608,,,,,-0.8446372440475435,-1.11249861201046,,,,,,,,,,
CRI,2015,PISA,reading,,,,,,,,,,,,,400.2534,427.4875,419.608,,,,,-0.8446372440475435,-1.11249861201046,,,,,,,,,,
CRI,2015,PISA,science,,,,,,,,,,,,,400.2534,427.4875,419.608,,,,,-0.8446372440475435,-1.11249861201046,,,,,,,,,,
CZE,2015,PISA,mathematics,,,,,,,,,,,,,492.3254,487.2501,492.83,528.138,534.3801,,,0.0761905005218968,-0.125699506410503,,,,,,,11.7226,11.4308,7.9535,11.3675
CZE,2015,PISA,reading,,,,,,,,,,,,,492.3254,487.2501,492.83,528.138,534.3801,,,0.0761905005218968,-0.125699506410503,,,,,,,11.7226,11.4308,7.9535,11.3675
CZE,2015,PISA,science,,,,,,,,,,,,,492.3254,487.2501,492.83,528.138,534.3801,,,0.0761905005218968,-0.125699506410503,,,,,,,11.7226,11.4308,7.9535,11.3675
DEU,2015,PISA,mathematics,,,,,,,,,,,,,505.9713,509.1041,509.1406,521.634,528.4667,,,0.2468614776194473,0.1697655300341008,,,,,2.5387,,,,,
DEU,2015,PISA,reading,,,,,,,,,,,,,505.9713,509.1041,509.1406,521.634,528.4667,,,0.2468614776194473,0.1697655300341008,,,,,2.5387,,,,,
DEU,2015,PISA,science,,,,,,,,,,,,,505.9713,509.1041,509.1406,521.634,528.4667,,,0.2468614776194473,0.1697655300341008,,,,,2.5387,,,,,
DNK,2015,PISA,mathematics,,,,,,,,,,,,,511.0876,499.8146,501.9369,538.6533,527.029,,,0.2035217581954834,0.2083958723326768,,,,,,,,,,
DNK,2015,PISA,reading,,,,,,,,,,,,,511.0876,499.8146,501.9369,538.6533,527.029,,,0.2035217581954834,0.2083958723326768,,,,,,,,,,
DNK,2015,PISA,science,,,,,,,,,,,,,511.0876,499.8146,501.9369,538.6533,527.029,,,0.2035217581954834,0.2083958723326768,,,,,,,,,,
DOM,2015,PISA,mathematics,,,,,,,,,,,,,327.702,357.7377,331.6388,,,,,,,,,,,,,,,,
DOM,2015,PISA,reading,,,,,,,,,,,,,327.702,357.7377,331.6388,,,,,,,,,,,,,,,,
DOM,2015,PISA,science,,,,,,,,,,,,,327.702,357.7377,331.6388,,,,,,,,,,,,,,,,
DZA,2015,PISA,mathematics,,,,,,,,,,,,,359.6062,349.8593,375.7451,,,,,,,,,,,,,,,,
DZA,2015,PISA,reading,,,,,,,,,,,,,359.6062,349.8593,375.7451,,,,,,,,,,,,,,,,
DZA,2015,PISA,science,,,,,,,,,,,,,359.6062,349.8593,375.7451,,,,,,,,,,,,,,,,
ESP,2015,PISA,mathematics,,,,,,,,,,,,,485.8432,495.5764,492.7861,505.0949,518.1979,,,-0.185961082603786,-0.1146041743385551,,,,,2.462,,12.0667,10.2563,8.934,12.5737
ESP,2015,PISA,reading,,,,,,,,,,,,,485.8432,495.5764,492.7861,505.0949,518.1979,,,-0.185961082603786,-0.1146041743385551,,,,,2.462,,12.0667,10.2563,8.934,12.5737
ESP,2015,PISA,science,,,,,,,,,,,,,485.8432,495.5764,492.7861,505.0949,518.1979,,,-0.185961082603786,-0.1146041743385551,,,,,2.462,,12.0667,10.2563,8.934,12.5737
EST,2015,PISA,mathematics,,,,,,,,,,,,,519.5291,519.1429,534.1937,,,,,0.2150291651191981,0.1149949005063374,,,,,,,11.9399,11.5441,8.852,11.1706
EST,2015,PISA,reading,,,,,,,,,,,,,519.5291,519.1429,534.1937,,,,,0.2150291651191981,0.1149949005063374,,,,,,,11.9399,11.5441,8.852,11.1706
EST,2015,PISA,science,,,,,,,,,,,,,519.5291,519.1429,534.1937,,,,,0.2150291651191981,0.1149949005063374,,,,,,,11.9399,11.5441,8.852,11.1706
FIN,2015,PISA,mathematics,,,,,,,,,,,,,511.0769,526.4247,530.6612,535.288,553.8131,,,0.4470381241692402,0.1755540430269295,,,,,1.8869,,12.4175,10.9116,8.4307,12.495
FIN,2015,PISA,reading,,,,,,,,,,,,,511.0769,526.4247,530.6612,535.288,553.8131,,,0.4470381241692402,0.1755540430269295,,,,,1.8869,,12.4175,10.9116,8.4307,12.495
FIN,2015,PISA,science,,,,,,,,,,,,,511.0769,526.4247,530.6612,535.288,553.8131,,,0.4470381241692402,0.1755540430269295,,,,,1.8869,,12.4175,10.9116,8.4307,12.495
FRA,2015,PISA,mathematics,,,,,,,,,,,,,492.9204,499.3061,494.9776,,,,,-0.0449968223896247,0.0686164026102193,,,,,,,13.5413,10.7538,8.5335,11.9916
FRA,2015,PISA,reading,,,,,,,,,,,,,492.9204,499.3061,494.9776,,,,,-0.0449968223896247,0.0686164026102193,,,,,,,13.5413,10.7538,8.5335,11.9916
FRA,2015,PISA,science,,,,,,,,,,,,,492.9204,499.3061,494.9776,,,,,-0.0449968223896247,0.0686164026102193,,,,,,,13.5413,10.7538,8.5335,11.9916
GBR,2015,PISA,mathematics,,,,,,,,,,,,,492.4785,497.9719,509.2215,,,,,0.2359424297609694,0.1879421440047878,,,,,,,,,,
GBR,2015,PISA,reading,,,,,,,,,,,,,492.4785,497.9719,509.2215,,,,,0.2359424297609694,0.1879421440047878,,,,,,,,,,
GBR,2015,PISA,science,,,,,,,,,,,,,492.4785,497.9719,509.2215,,,,,0.2359424297609694,0.1879421440047878,,,,,,,,,,
GEO,2015,PISA,mathematics,,,,,,,,,,,,,403.8332,401.2881,411.1315,463.1491,451.2453,,,-0.1884614250744934,-0.9333797702991792,,,,,,,,,,
GEO,2015,PISA,reading,,,,,,,,,,,,,403.8332,401.2881,411.1315,463.1491,451.2453,,,-0.1884614250744934,-0.9333797702991792,,,,,,,,,,
GEO,2015,PISA,science,,,,,,,,,,,,,403.8332,401.2881,411.1315,463.1491,451.2453,,,-0.1884614250744934,-0.9333797702991792,,,,,,,,,,
GRC,2015,PISA,mathematics,,,,,,,,,,,,,453.6299,467.0395,454.8288,,,,,0.0909317476984337,-0.0833328223312708,,,,,,,,,,
GRC,2015,PISA,reading,,,,,,,,,,,,,453.6299,467.0395,454.8288,,,,,0.0909317476984337,-0.0833328223312708,,,,,,,,,,
GRC,2015,PISA,science,,,,,,,,,,,,,453.6299,467.0395,454.8288,,,,,0.0909317476984337,-0.0833328223312708,,,,,,,,,,
HKG,2015,PISA,mathematics,,,,,,,,,,,,,547.931,526.6753,523.2774,614.5197,556.5472,594.2529,545.7604,-0.7682438265261012,-0.8549774578329985,,,,,3.0459,,,,,
HKG,2015,PISA,reading,,,,,,,,,,,,,547.931,526.6753,523.2774,614.5197,556.5472,594.2529,545.7604,-0.7682438265261012,-0.8549774578329985,,,,,3.0459,,,,,
HKG,2015,PISA,science,,,,,,,,,,,,,547.931,526.6753,523.2774,614.5197,556.5472,594.2529,545.7604,-0.7682438265261012,-0.8549774578329985,,,,,3.0459,,,,,
HRV,2015,PISA,mathematics,,,,,,,,,,,,,464.0401,486.8632,475.3912,502.3352,533.4419,,,-0.1332179809899394,-0.3629649499991693,,,,,,,,,,
HRV,2015,PISA,reading,,,,,,,,,,,,,464.0401,486.8632,475.3912,502.3352,533.4419,,,-0.1332179809899394,-0.3629649499991693,,,,,,,,,,
HRV,2015,PISA,science,,,,,,,,,,,,,464.0401,486.8632,475.3912,502.3352,533.4419,,,-0.1332179809899394,-0.3629649499991693,,,,,,,,,,
HUN,2015,PISA,mathematics,,,,,,,,,,,,,476.8309,469.5233,476.7475,529.1908,541.9782,514.4144,527.2598,-0.0781192736863072,-0.105022501751747,,,,2.4719,2.8245,,,,,
HUN,2015,PISA,reading,,,,,,,,,,,,,476.8309,469.5233,476.7475,529.1908,541.9782,514.4144,527.2598,-0.0781192736863072,-0.105022501751747,,,,2.4719,2.8245,,,,,
HUN,2015,PISA,science,,,,,,,,,,,,,476.8309,469.5233,476.7475,529.1908,541.9782,514.4144,527.2598,-0.0781192736863072,-0.105022501751747,,,,2.4719,2.8245,,,,,
IDN,2015,PISA,mathematics,,,,,,,,,,,,,386.1096,397.2595,403.0997,397.4628,396.6664,,,-1.476588604584061,-1.828567794459818,,,,,,,,,,
IDN,2015,PISA,reading,,,,,,,,,,,,,386.1096,397.2595,403.0997,397.4628,396.6664,,,-1.476588604584061,-1.828567794459818,,,,,,,,,,
IDN,2015,PISA,science,,,,,,,,,,,,,386.1096,397.2595,403.0997,397.4628,396.6664,,,-1.476588604584061,-1.828567794459818,,,,,,,,,,
IRL,2015,PISA,mathematics,,,,,,,,,,,,,503.722,520.8148,502.5751,547.3368,528.8759,523.4944,530.0969,0.1161348196545306,0.1205967166176851,,,,,,,,,,
IRL,2015,PISA,reading,,,,,,,,,,,,,503.722,520.8148,502.5751,547.3368,528.8759,523.4944,530.0969,0.1161348196545306,0.1205967166176851,,,,,,,,,,
IRL,2015,PISA,science,,,,,,,,,,,,,503.722,520.8148,502.5751,547.3368,528.8759,523.4944,530.0969,0.1161348196545306,0.1205967166176851,,,,,,,,,,
ISL,2015,PISA,mathematics,,,,,,,,,,,,,488.0332,481.5255,473.2301,,,,,0.7586301002094146,0.5476359591891663,,,,,,,,,,
ISL,2015,PISA,reading,,,,,,,,,,,,,488.0332,481.5255,473.2301,,,,,0.7586301002094146,0.5476359591891663,,,,,,,,,,
ISL,2015,PISA,science,,,,,,,,,,,,,488.0332,481.5255,473.2301,,,,,0.7586301002094146,0.5476359591891663,,,,,,,,,,
ISR,2015,PISA,mathematics,,,,,,,,,,,,,469.6695,478.9606,466.5528,,,510.8994,506.7307,0.0581959960668857,-0.2563429130219506,,,,1.9641,,,12.5443,11.2287,8.6028,12.3366
ISR,2015,PISA,reading,,,,,,,,,,,,,469.6695,478.9606,466.5528,,,510.8994,506.7307,0.0581959960668857,-0.2563429130219506,,,,1.9641,,,12.5443,11.2287,8.6028,12.3366
ISR,2015,PISA,science,,,,,,,,,,,,,469.6695,478.9606,466.5528,,,510.8994,506.7307,0.0581959960668857,-0.2563429130219506,,,,1.9641,,,12.5443,11.2287,8.6028,12.3366
ITA,2015,PISA,mathematics,,,,,,,,,,,,,489.7287,484.758,480.5468,506.8483,516.475,494.3942,498.9258,-0.0402469606185762,0.0328595907521947,,,,2.6773,,,13.2181,11.5415,8.6028,12.2217
ITA,2015,PISA,reading,,,,,,,,,,,,,489.7287,484.758,480.5468,506.8483,516.475,494.3942,498.9258,-0.0402469606185762,0.0328595907521947,,,,2.6773,,,13.2181,11.5415,8.6028,12.2217
ITA,2015,PISA,science,,,,,,,,,,,,,489.7287,484.758,480.5468,506.8483,516.475,494.3942,498.9258,-0.0402469606185762,0.0328595907521947,,,,2.6773,,,13.2181,11.5415,8.6028,12.2217
JOR,2015,PISA,mathematics,,,,,,,,,,,,,380.259,408.1022,408.6691,,,385.5515,426.1643,-0.4324539563966087,-1.1431026226334664,,,,2.3093,,,,,,
JOR,2015,PISA,reading,,,,,,,,,,,,,380.259,408.1022,408.6691,,,385.5515,426.1643,-0.4324539563966087,-1.1431026226334664,,,,2.3093,,,,,,
JOR,2015,PISA,science,,,,,,,,,,,,,380.259,408.1022,408.6691,,,385.5515,426.1643,-0.4324539563966087,-1.1431026226334664,,,,2.3093,,,,,,
JPN,2015,PISA,mathematics,,,,,,,,,,,,,532.4399,515.9585,538.3948,592.826,569.0127,586.469,570.8995,0.0304930314473572,-0.4415022348141206,,,,1.9867,,,,,,
JPN,2015,PISA,reading,,,,,,,,,,,,,532.4399,515.9585,538.3948,592.826,569.0127,586.469,570.8995,0.0304930314473572,-0.4415022348141206,,,,1.9867,,,,,,
JPN,2015,PISA,science,,,,,,,,,,,,,532.4399,515.9585,538.3948,592.826,569.0127,586.469,570.8995,0.0304930314473572,-0.4415022348141206,,,,1.9867,,,,,,
KOR,2015,PISA,mathematics,,,,,,,,,,,,,524.1062,517.4367,515.8099,608.0351,589.3195,,,-0.0940629524712708,-0.5510529134606923,,,,,,,11.4217,10.8344,8.0427,11.0893
KOR,2015,PISA,reading,,,,,,,,,,,,,524.1062,517.4367,515.8099,608.0351,589.3195,,,-0.0940629524712708,-0.5510529134606923,,,,,,,11.4217,10.8344,8.0427,11.0893
KOR,2015,PISA,science,,,,,,,,,,,,,524.1062,517.4367,515.8099,608.0351,589.3195,,,-0.0940629524712708,-0.5510529134606923,,,,,,,11.4217,10.8344,8.0427,11.0893
KSV,2015,PISA,mathematics,,,,,,,,,,,,,361.534,347.1259,378.4422,,,,,,,,,,,,,,,,
KSV,2015,PISA,reading,,,,,,,,,,,,,361.534,347.1259,378.4422,,,,,,,,,,,,,,,,
KSV,2015,PISA,science,,,,,,,,,,,,,361.534,347.1259,378.4422,,,,,,,,,,,,,,,,
LBN,2015,PISA,mathematics,,,,,,,,,,,,,396.2497,346.549,386.4854,,,442.4251,398.1567,,,,,,,,,,,,
LBN,2015,PISA,reading,,,,,,,,,,,,,396.2497,346.549,386.4854,,,442.4251,398.1567,,,,,,,,,,,,
LBN,2015,PISA,science,,,,,,,,,,,,,396.2497,346.549,386.4854,,,442.4251,398.1567,,,,,,,,,,,,
LTU,2015,PISA,mathematics,,,,,,,,,,,,,478.3834,472.4066,475.4089,535.3409,527.6665,511.3132,519.1053,0.026331819897095,-0.1470547774283936,,,,,,,,,,
LTU,2015,PISA,reading,,,,,,,,,,,,,478.3834,472.4066,475.4089,535.3409,527.6665,511.3132,519.1053,0.026331819897095,-0.1470547774283936,,,,,,,,,,
LTU,2015,PISA,science,,,,,,,,,,,,,478.3834,472.4066,475.4089,535.3409,527.6665,511.3132,519.1053,0.026331819897095,-0.1470547774283936,,,,,,,,,,
LUX,2015,PISA,mathematics,,,,,,,,,,,,,485.7706,481.4391,482.8064,,,,,0.3166031825330963,0.5571140502955931,,,,,,,,,,
LUX,2015,PISA,reading,,,,,,,,,,,,,485.7706,481.4391,482.8064,,,,,0.3166031825330963,0.5571140502955931,,,,,,,,,,
LUX,2015,PISA,science,,,,,,,,,,,,,485.7706,481.4391,482.8064,,,,,0.3166031825330963,0.5571140502955931,,,,,,,,,,
LVA,2015,PISA,mathematics,,,,,,,,,,,,,482.3051,487.7581,490.225,,,,,-0.0058601261727565,-0.2598577166270454,,,,,,,12.514,11.1041,9.3997,11.0051
LVA,2015,PISA,reading,,,,,,,,,,,,,482.3051,487.7581,490.225,,,,,-0.0058601261727565,-0.2598577166270454,,,,,,,12.514,11.1041,9.3997,11.0051
LVA,2015,PISA,science,,,,,,,,,,,,,482.3051,487.7581,490.225,,,,,-0.0058601261727565,-0.2598577166270454,,,,,,,12.514,11.1041,9.3997,11.0051
MAC,2015,PISA,mathematics,,,,,,,,,,,,,543.8078,508.6905,528.5496,,,,,-0.6860456129393264,-0.316003309132415,,,,,,,,,,
MAC,2015,PISA,reading,,,,,,,,,,,,,543.8078,508.6905,528.5496,,,,,-0.6860456129393264,-0.316003309132415,,,,,,,,,,
MAC,2015,PISA,science,,,,,,,,,,,,,543.8078,508.6905,528.5496,,,,,-0.6860456129393264,-0.316003309132415,,,,,,,,,,
MDA,2015,PISA,mathematics,,,,,,,,,,,,,419.6635,416.2293,427.9978,,,,,-0.4868843680100769,-1.087710482173971,,,,,,,,,,
MDA,2015,PISA,reading,,,,,,,,,,,,,419.6635,416.2293,427.9978,,,,,-0.4868843680100769,-1.087710482173971,,,,,,,,,,
MDA,2015,PISA,science,,,,,,,,,,,,,419.6635,416.2293,427.9978,,,,,-0.4868843680100769,-1.087710482173971,,,,,,,,,,
MEX,2015,PISA,mathematics,,,,,,,,,,,,,408.0235,423.2765,415.7099,,,,,-1.0614617212350266,-1.5102275117312831,,,,,,,12.5241,11.4875,9.304,13.4603
MEX,2015,PISA,reading,,,,,,,,,,,,,408.0235,423.2765,415.7099,,,,,-1.0614617212350266,-1.5102275117312831,,,,,,,12.5241,11.4875,9.304,13.4603
MEX,2015,PISA,science,,,,,,,,,,,,,408.0235,423.2765,415.7099,,,,,-1.0614617212350266,-1.5102275117312831,,,,,,,12.5241,11.4875,9.304,13.4603
MKD,2015,PISA,mathematics,,,,,,,,,,,,,371.3114,351.7415,383.6824,,,,,,,,,,,,,,,,
MKD,2015,PISA,reading,,,,,,,,,,,,,371.3114,351.7415,383.6824,,,,,,,,,,,,,,,,
MKD,2015,PISA,science,,,,,,,,,,,,,371.3114,351.7415,383.6824,,,,,,,,,,,,,,,,
MLT,2015,PISA,mathematics,,,,,,,,,,,,,478.6448,446.6661,464.782,,,493.5411,481.3606,0.1115115445662288,0.656254621152875,,,,,,,,,,
MLT,2015,PISA,reading,,,,,,,,,,,,,478.6448,446.6661,464.782,,,493.5411,481.3606,0.1115115445662288,0.656254621152875,,,,,,,,,,
MLT,2015,PISA,science,,,,,,,,,,,,,478.6448,446.6661,464.782,,,493.5411,481.3606,0.1115115445662288,0.656254621152875,,,,,,,,,,
MNE,2015,PISA,mathematics,,,,,,,,,,,,,417.9341,426.8845,411.3136,,,,,-0.2106713651787785,-0.2734947812809797,,,,,,,,,,
MNE,2015,PISA,reading,,,,,,,,,,,,,417.9341,426.8845,411.3136,,,,,-0.2106713651787785,-0.2734947812809797,,,,,,,,,,
MNE,2015,PISA,science,,,,,,,,,,,,,417.9341,426.8845,411.3136,,,,,-0.2106713651787785,-0.2734947812809797,,,,,,,,,,
NLD,2015,PISA,mathematics,,,,,,,,,,,,,512.2528,502.9591,508.5748,529.8187,517.1205,,,0.3642541099839658,0.3804167793965476,,,,,,,12.7159,10.724,9.2492,12.25
NLD,2015,PISA,reading,,,,,,,,,,,,,512.2528,502.9591,508.5748,529.8187,517.1205,,,0.3642541099839658,0.3804167793965476,,,,,,,12.7159,10.724,9.2492,12.25
NLD,2015,PISA,science,,,,,,,,,,,,,512.2528,502.9591,508.5748,529.8187,517.1205,,,0.3642541099839658,0.3804167793965476,,,,,,,12.7159,10.724,9.2492,12.25
NOR,2015,PISA,mathematics,,,,,,,,,,,,,501.7298,513.1912,498.4811,549.0799,537.5982,,,0.5150739833840402,0.5716736382098289,,,,,,,12.1775,11.079,7.6328,11.7781
NOR,2015,PISA,reading,,,,,,,,,,,,,501.7298,513.1912,498.4811,549.0799,537.5982,,,0.5150739833840402,0.5716736382098289,,,,,,,12.1775,11.079,7.6328,11.7781
NOR,2015,PISA,science,,,,,,,,,,,,,501.7298,513.1912,498.4811,549.0799,537.5982,,,0.5150739833840402,0.5716736382098289,,,,,,,12.1775,11.079,7.6328,11.7781
NZL,2015,PISA,mathematics,,,,,,,,,,,,,495.2233,509.2707,513.3035,490.5609,505.517,,,0.1584157359497393,0.1875663968740052,,,,,,,13.0726,11.497,9.3599,12.2809
NZL,2015,PISA,reading,,,,,,,,,,,,,495.2233,509.2707,513.3035,490.5609,505.517,,,0.1584157359497393,0.1875663968740052,,,,,,,13.0726,11.497,9.3599,12.2809
NZL,2015,PISA,science,,,,,,,,,,,,,495.2233,509.2707,513.3035,490.5609,505.517,,,0.1584157359497393,0.1875663968740052,,,,,,,13.0726,11.497,9.3599,12.2809
PER,2015,PISA,mathematics,,,,,,,,,,,,,386.5606,397.5414,396.6836,,,,,-1.1340693682794365,-1.9504068217144868,,,,,,,,,,
PER,2015,PISA,reading,,,,,,,,,,,,,386.5606,397.5414,396.6836,,,,,-1.1340693682794365,-1.9504068217144868,,,,,,,,,,
PER,2015,PISA,science,,,,,,,,,,,,,386.5606,397.5414,396.6836,,,,,-1.1340693682794365,-1.9504068217144868,,,,,,,,,,
POL,2015,PISA,mathematics,,,,,,,,,,,,,504.4693,505.6971,501.4353,,,,,-0.1582195668896577,0.0955159808636035,,,,,,,,,,
POL,2015,PISA,reading,,,,,,,,,,,,,504.4693,505.6971,501.4353,,,,,-0.1582195668896577,0.0955159808636035,,,,,,,,,,
POL,2015,PISA,science,,,,,,,,,,,,,504.4693,505.6971,501.4353,,,,,-0.1582195668896577,0.0955159808636035,,,,,,,,,,
PRT,2015,PISA,mathematics,,,,,,,,,,,,,491.627,498.1289,501.1001,541.2002,508.0561,,,-0.2195923172794654,0.4954620152728907,,,,,,,13.5229,10.5547,9.0479,11.2521
PRT,2015,PISA,reading,,,,,,,,,,,,,491.627,498.1289,501.1001,541.2002,508.0561,,,-0.2195923172794654,0.4954620152728907,,,,,,,13.5229,10.5547,9.0479,11.2521
PRT,2015,PISA,science,,,,,,,,,,,,,491.627,498.1289,501.1001,541.2002,508.0561,,,-0.2195923172794654,0.4954620152728907,,,,,,,13.5229,10.5547,9.0479,11.2521
QAR,2015,PISA,mathematics,,,,,,,,,,,,,456.2956,475.3323,475.1866,,,,,,,,,,,,,,,,
QAR,2015,PISA,reading,,,,,,,,,,,,,456.2956,475.3323,475.1866,,,,,,,,,,,,,,,,
QAR,2015,PISA,science,,,,,,,,,,,,,456.2956,475.3323,475.1866,,,,,,,,,,,,,,,,
QAT,2015,PISA,mathematics,,,,,,,,,,,,,402.4006,401.8873,417.6111,438.9958,436.2582,437.1088,456.5158,0.5548019864251503,0.3216416211366793,,,,1.7971,,,,,,
QAT,2015,PISA,reading,,,,,,,,,,,,,402.4006,401.8873,417.6111,438.9958,436.2582,437.1088,456.5158,0.5548019864251503,0.3216416211366793,,,,1.7971,,,,,,
QAT,2015,PISA,science,,,,,,,,,,,,,402.4006,401.8873,417.6111,438.9958,436.2582,437.1088,456.5158,0.5548019864251503,0.3216416211366793,,,,1.7971,,,,,,
QCH,2015,PISA,mathematics,,,,,,,,,,,,,531.2961,493.9412,517.7793,,,,,,,,,,,,,,,,
QCH,2015,PISA,reading,,,,,,,,,,,,,531.2961,493.9412,517.7793,,,,,,,,,,,,,,,,
QCH,2015,PISA,science,,,,,,,,,,,,,531.2961,493.9412,517.7793,,,,,,,,,,,,,,,,
QES,2015,PISA,mathematics,,,,,,,,,,,,,486.2414,497.1851,494.71,,,,,,,,,,,,,,,,
QES,2015,PISA,reading,,,,,,,,,,,,,486.2414,497.1851,494.71,,,,,,,,,,,,,,,,
QES,2015,PISA,science,,,,,,,,,,,,,486.2414,497.1851,494.71,,,,,,,,,,,,,,,,
QUC,2015,PISA,mathematics,,,,,,,,,,,,,500.1217,527.0359,529.3741,,,,,,,,,,,,,,,,
QUC,2015,PISA,reading,,,,,,,,,,,,,500.1217,527.0359,529.3741,,,,,,,,,,,,,,,,
QUC,2015,PISA,science,,,,,,,,,,,,,500.1217,527.0359,529.3741,,,,,,,,,,,,,,,,
QUD,2015,PISA,mathematics,,,,,,,,,,,,,378.352,410.0004,402.6545,,,,,,,,,,,,,,,,
QUD,2015,PISA,reading,,,,,,,,,,,,,378.352,410.0004,402.6545,,,,,,,,,,,,,,,,
QUD,2015,PISA,science,,,,,,,,,,,,,378.352,410.0004,402.6545,,,,,,,,,,,,,,,,
QUE,2015,PISA,mathematics,,,,,,,,,,,,,470.8819,499.921,502.3697,,,,,,,,,,,,,,,,
QUE,2015,PISA,reading,,,,,,,,,,,,,470.8819,499.921,502.3697,,,,,,,,,,,,,,,,
QUE,2015,PISA,science,,,,,,,,,,,,,470.8819,499.921,502.3697,,,,,,,,,,,,,,,,
ROU,2015,PISA,mathematics,,,,,,,,,,,,,443.9543,433.6166,434.8849,,,,,-0.2562989413558623,-0.3864974488631514,,,,,,,,,,
ROU,2015,PISA,reading,,,,,,,,,,,,,443.9543,433.6166,434.8849,,,,,-0.2562989413558623,-0.3864974488631514,,,,,,,,,,
ROU,2015,PISA,science,,,,,,,,,,,,,443.9543,433.6166,434.8849,,,,,-0.2562989413558623,-0.3864974488631514,,,,,,,,,,
RUS,2015,PISA,mathematics,,,,,,,,,,,,,494.06,494.6278,486.631,,,537.9962,544.1158,-0.1125434869476616,-0.4813149778842197,,,,,,,13.5213,11.8336,9.3378,11.7239
RUS,2015,PISA,reading,,,,,,,,,,,,,494.06,494.6278,486.631,,,537.9962,544.1158,-0.1125434869476616,-0.4813149778842197,,,,,,,13.5213,11.8336,9.3378,11.7239
RUS,2015,PISA,science,,,,,,,,,,,,,494.06,494.6278,486.631,,,537.9962,544.1158,-0.1125434869476616,-0.4813149778842197,,,,,,,13.5213,11.8336,9.3378,11.7239
SGP,2015,PISA,mathematics,,,,,,,,,,,,,564.1897,535.1002,555.5747,,,620.956,596.6444,-0.3607644262134998,-0.493159559897503,,,,,,,12.2948,10.4757,9.1502,11.4666
SGP,2015,PISA,reading,,,,,,,,,,,,,564.1897,535.1002,555.5747,,,620.956,596.6444,-0.3607644262134998,-0.493159559897503,,,,,,,12.2948,10.4757,9.1502,11.4666
SGP,2015,PISA,science,,,,,,,,,,,,,564.1897,535.1002,555.5747,,,620.956,596.6444,-0.3607644262134998,-0.493159559897503,,,,,,,12.2948,10.4757,9.1502,11.4666
SVK,2015,PISA,mathematics,,,,,,,,,,,,,475.2301,452.5143,460.7749,498.2473,520.4948,,,-0.0341981479902473,0.083886246628057,,,,,2.4561,,13.1822,10.715,8.1371,10.8109
SVK,2015,PISA,reading,,,,,,,,,,,,,475.2301,452.5143,460.7749,498.2473,520.4948,,,-0.0341981479902473,0.083886246628057,,,,,2.4561,,13.1822,10.715,8.1371,10.8109
SVK,2015,PISA,science,,,,,,,,,,,,,475.2301,452.5143,460.7749,498.2473,520.4948,,,-0.0341981479902473,0.083886246628057,,,,,2.4561,,13.1822,10.715,8.1371,10.8109
SVN,2015,PISA,mathematics,,,,,,,,,,,,,509.9196,505.2159,512.8636,519.8749,542.5731,516.3411,551.1115,0.0015021367337516,0.2265444504482408,,,,,2.359,,,,,
SVN,2015,PISA,reading,,,,,,,,,,,,,509.9196,505.2159,512.8636,519.8749,542.5731,516.3411,551.1115,0.0015021367337516,0.2265444504482408,,,,,2.359,,,,,
SVN,2015,PISA,science,,,,,,,,,,,,,509.9196,505.2159,512.8636,519.8749,542.5731,516.3411,551.1115,0.0015021367337516,0.2265444504482408,,,,,2.359,,,,,
SWE,2015,PISA,mathematics,,,,,,,,,,,,,493.9181,500.1556,493.4224,518.6467,540.1936,,,0.3941384841799122,0.4960702647144114,,,,,1.9622,,12.5574,11.0654,8.382,10.7058
SWE,2015,PISA,reading,,,,,,,,,,,,,493.9181,500.1556,493.4224,518.6467,540.1936,,,0.3941384841799122,0.4960702647144114,,,,,1.9622,,12.5574,11.0654,8.382,10.7058
SWE,2015,PISA,science,,,,,,,,,,,,,493.9181,500.1556,493.4224,518.6467,540.1936,,,0.3941384841799122,0.4960702647144114,,,,,1.9622,,12.5574,11.0654,8.382,10.7058
TAP,2015,PISA,mathematics,,,,,,,,,,,,,542.3215,497.0991,532.3475,,,,,-0.2538645397870861,-0.4377176253297471,,,,,,,,,,
TAP,2015,PISA,reading,,,,,,,,,,,,,542.3215,497.0991,532.3475,,,,,-0.2538645397870861,-0.4377176253297471,,,,,,,,,,
TAP,2015,PISA,science,,,,,,,,,,,,,542.3215,497.0991,532.3475,,,,,-0.2538645397870861,-0.4377176253297471,,,,,,,,,,
THA,2015,PISA,mathematics,,,,,,,,,,,,,415.4638,409.1301,421.3373,,,431.4174,455.8449,-1.0709430828411732,-0.9952304902650322,,,,3.4239,,,,,,
THA,2015,PISA,reading,,,,,,,,,,,,,415.4638,409.1301,421.3373,,,431.4174,455.8449,-1.0709430828411732,-0.9952304902650322,,,,3.4239,,,,,,
THA,2015,PISA,science,,,,,,,,,,,,,415.4638,409.1301,421.3373,,,431.4174,455.8449,-1.0709430828411732,-0.9952304902650322,,,,3.4239,,,,,,
TTO,2015,PISA,mathematics,,,,,,,,,,,,,417.2434,427.2733,424.5905,,,,,-0.4783184371702857,-0.8156677071055524,,,,,,,,,,
TTO,2015,PISA,reading,,,,,,,,,,,,,417.2434,427.2733,424.5905,,,,,-0.4783184371702857,-0.8156677071055524,,,,,,,,,,
TTO,2015,PISA,science,,,,,,,,,,,,,417.2434,427.2733,424.5905,,,,,-0.4783184371702857,-0.8156677071055524,,,,,,,,,,
TUN,2015,PISA,mathematics,,,,,,,,,,,,,366.818,361.0555,386.4034,,,,,-1.1543173432054772,-1.2062609093203167,,,,,,,,,,
TUN,2015,PISA,reading,,,,,,,,,,,,,366.818,361.0555,386.4034,,,,,-1.1543173432054772,-1.2062609093203167,,,,,,,,,,
TUN,2015,PISA,science,,,,,,,,,,,,,366.818,361.0555,386.4034,,,,,-1.1543173432054772,-1.2062609093203167,,,,,,,,,,
TUR,2015,PISA,mathematics,,,,,,,,,,,,,420.454,428.3351,425.4895,483.1501,483.3988,457.6286,493.3961,-1.0789402695447758,-0.6438927290720454,,,,3.9042,,,,,,
TUR,2015,PISA,reading,,,,,,,,,,,,,420.454,428.3351,425.4895,483.1501,483.3988,457.6286,493.3961,-1.0789402695447758,-0.6438927290720454,,,,3.9042,,,,,,
TUR,2015,PISA,science,,,,,,,,,,,,,420.454,428.3351,425.4895,483.1501,483.3988,457.6286,493.3961,-1.0789402695447758,-0.6438927290720454,,,,3.9042,,,,,,
URY,2015,PISA,mathematics,,,,,,,,,,,,,417.9919,436.5721,435.363,,,,,-0.6094562924046192,-0.5457066782876573,,,,,,,,,,
URY,2015,PISA,reading,,,,,,,,,,,,,417.9919,436.5721,435.363,,,,,-0.6094562924046192,-0.5457066782876573,,,,,,,,,,
URY,2015,PISA,science,,,,,,,,,,,,,417.9919,436.5721,435.363,,,,,-0.6094562924046192,-0.5457066782876573,,,,,,,,,,
USA,2015,PISA,mathematics,,,,,,,,,,,,,469.6285,496.9351,496.2424,539.1556,545.9069,,,0.2232420363284103,0.16569904145778,,,,,,,12.9736,11.1951,9.8179,12.3338
USA,2015,PISA,reading,,,,,,,,,,,,,469.6285,496.9351,496.2424,539.1556,545.9069,,,0.2232420363284103,0.16569904145778,,,,,,,12.9736,11.1951,9.8179,12.3338
USA,2015,PISA,science,,,,,,,,,,,,,469.6285,496.9351,496.2424,539.1556,545.9069,,,0.2232420363284103,0.16569904145778,,,,,,,12.9736,11.1951,9.8179,12.3338
VNM,2015,PISA,mathematics,,,,,,,,,,,,,494.5183,486.7738,524.6445,,,,,-1.8097530118493155,,,,,,,,,,,
VNM,2015,PISA,reading,,,,,,,,,,,,,494.5183,486.7738,524.6445,,,,,-1.8097530118493155,,,,,,,,,,,
VNM,2015,PISA,science,,,,,,,,,,,,,494.5183,486.7738,524.6445,,,,,-1.8097530118493155,,,,,,,,,,,
ALB,2022,PISA,mathematics,,,,,,,,,,,,,368.2217,358.4348,375.9678,,,,,,,,,,,,,,,,
ALB,2022,PISA,reading,,,,,,,,,,,,,368.2217,358.4348,375.9678,,,,,,,,,,,,,,,,
ALB,2022,PISA,science,,,,,,,,,,,,,368.2217,358.4348,375.9678,,,,,,,,,,,,,,,,
ARE,2022,PISA,mathematics,,,,,,,,,,,,,431.1105,417.3497,431.9795,,,,,0.4995,0.2226,-0.0977,,,,,,12.6382,8.7688,11.3961,11.4571
ARE,2022,PISA,reading,,,,,,,,,,,,,431.1105,417.3497,431.9795,,,,,0.4995,0.2226,-0.0977,,,,,,12.6382,8.7688,11.3961,11.4571
ARE,2022,PISA,science,,,,,,,,,,,,,431.1105,417.3497,431.9795,,,,,0.4995,0.2226,-0.0977,,,,,,12.6382,8.7688,11.3961,11.4571
ARG,2022,PISA,mathematics,,,,,,,,,,,,,377.529,400.744,406.1913,,,,,,,,,,,,,,,,
ARG,2022,PISA,reading,,,,,,,,,,,,,377.529,400.744,406.1913,,,,,,,,,,,,,,,,
ARG,2022,PISA,science,,,,,,,,,,,,,377.529,400.744,406.1913,,,,,,,,,,,,,,,,
AUS,2022,PISA,mathematics,,,,,,,,,,,,,487.0843,498.0509,507.0009,,,,,0.2695,0.5757,-0.125,,,,,,12.6385,8.769,12.2655,11.4569
AUS,2022,PISA,reading,,,,,,,,,,,,,487.0843,498.0509,507.0009,,,,,0.2695,0.5757,-0.125,,,,,,12.6385,8.769,12.2655,11.4569
AUS,2022,PISA,science,,,,,,,,,,,,,487.0843,498.0509,507.0009,,,,,0.2695,0.5757,-0.125,,,,,,12.6385,8.769,12.2655,11.4569
AUT,2022,PISA,mathematics,,,,,,,,,,,,,487.2675,480.4058,491.271,,,,,0.0923,0.1927,0.4426,,,,,,12.6394,8.7693,12.2129,11.4571
AUT,2022,PISA,reading,,,,,,,,,,,,,487.2675,480.4058,491.271,,,,,0.0923,0.1927,0.4426,,,,,,12.6394,8.7693,12.2129,11.4571
AUT,2022,PISA,science,,,,,,,,,,,,,487.2675,480.4058,491.271,,,,,0.0923,0.1927,0.4426,,,,,,12.6394,8.7693,12.2129,11.4571
BEL,2022,PISA,mathematics,,,,,,,,,,,,,489.4868,478.8527,490.5783,,,,,0.1649,0.0633,0.014,,,,,,12.6381,8.7689,12.2789,11.4569
BEL,2022,PISA,reading,,,,,,,,,,,,,489.4868,478.8527,490.5783,,,,,0.1649,0.0633,0.014,,,,,,12.6381,8.7689,12.2789,11.4569
BEL,2022,PISA,science,,,,,,,,,,,,,489.4868,478.8527,490.5783,,,,,0.1649,0.0633,0.014,,,,,,12.6381,8.7689,12.2789,11.4569
BGR,2022,PISA,mathematics,455.9214,,,,,,,,,,,,417.3039,404.3037,420.9932,,,,,-0.0801,-0.347,-0.3439,,,,,,12.6373,8.7704,12.2859,11.4547
BGR,2022,PISA,reading,455.9214,,,,,,,,,,,,417.3039,404.3037,420.9932,,,,,-0.0801,-0.347,-0.3439,,,,,,12.6373,8.7704,12.2859,11.4547
BGR,2022,PISA,science,455.9214,,,,,,,,,,,,417.3039,404.3037,420.9932,,,,,-0.0801,-0.347,-0.3439,,,,,,12.6373,8.7704,12.2859,11.4547
BRA,2022,PISA,mathematics,456.6728,,,,,,,,,,,,378.6914,410.357,403.0012,,,,,-0.9572,-1.241,-0.147,,,,,,12.6411,8.7685,13.0083,11.4577
BRA,2022,PISA,reading,456.6728,,,,,,,,,,,,378.6914,410.357,403.0012,,,,,-0.9572,-1.241,-0.147,,,,,,12.6411,8.7685,13.0083,11.4577
BRA,2022,PISA,science,456.6728,,,,,,,,,,,,378.6914,410.357,403.0012,,,,,-0.9572,-1.241,-0.147,,,,,,12.6411,8.7685,13.0083,11.4577
BRN,2022,PISA,mathematics,,,,,,,,,,,,,442.0931,429.2319,445.8551,,,,,,,,,,,,,,,,
BRN,2022,PISA,reading,,,,,,,,,,,,,442.0931,429.2319,445.8551,,,,,,,,,,,,,,,,
BRN,2022,PISA,science,,,,,,,,,,,,,442.0931,429.2319,445.8551,,,,,,,,,,,,,,,,
CAN,2022,PISA,mathematics,,,,,,,,,,,,,496.9479,507.1329,515.0167,,,,,0.5317,0.4778,-0.1125,,,,,,,,,
CAN,2022,PISA,reading,,,,,,,,,,,,,496.9479,507.1329,515.0167,,,,,0.5317,0.4778,-0.1125,,,,,,,,,
CAN,2022,PISA,science,,,,,,,,,,,,,496.9479,507.1329,515.0167,,,,,0.5317,0.4778,-0.1125,,,,,,,,,
CHE,2022,PISA,mathematics,,,,,,,,,,,,,507.9906,483.3317,502.5232,,,,,0.1433,0.1186,0.3562,,,,,,,,,
CHE,2022,PISA,reading,,,,,,,,,,,,,507.9906,483.3317,502.5232,,,,,0.1433,0.1186,0.3562,,,,,,,,,
CHE,2022,PISA,science,,,,,,,,,,,,,507.9906,483.3317,502.5232,,,,,0.1433,0.1186,0.3562,,,,,,,,,
CHL,2022,PISA,mathematics,,,,,,,,,,,,,411.6966,447.979,443.5434,,,,,-0.4858,-0.6552,-0.0354,,,,,,,,,
CHL,2022,PISA,reading,,,,,,,,,,,,,411.6966,447.979,443.5434,,,,,-0.4858,-0.6552,-0.0354,,,,,,,,,
CHL,2022,PISA,science,,,,,,,,,,,,,411.6966,447.979,443.5434,,,,,-0.4858,-0.6552,-0.0354,,,,,,,,,
COL,2022,PISA,mathematics,452.0707,,,,,,,,,,,,382.6968,408.665,411.1207,,,,,-0.9878,-1.6278,-0.3093,,,,,,12.6381,8.7702,12.0465,11.4572
COL,2022,PISA,reading,452.0707,,,,,,,,,,,,382.6968,408.665,411.1207,,,,,-0.9878,-1.6278,-0.3093,,,,,,12.6381,8.7702,12.0465,11.4572
COL,2022,PISA,science,452.0707,,,,,,,,,,,,382.6968,408.665,411.1207,,,,,-0.9878,-1.6278,-0.3093,,,,,,12.6381,8.7702,12.0465,11.4572
CRI,2022,PISA,mathematics,,,,,,,,,,,,,384.576,415.2331,410.9866,,,,,-0.8008,-1.2431,-0.1576,,,,,,,,,
CRI,2022,PISA,reading,,,,,,,,,,,,,384.576,415.2331,410.9866,,,,,-0.8008,-1.2431,-0.1576,,,,,,,,,
CRI,2022,PISA,science,,,,,,,,,,,,,384.576,415.2331,410.9866,,,,,-0.8008,-1.2431,-0.1576,,,,,,,,,
CZE,2022,PISA,mathematics,,,,,,,,,,,,,486.9992,488.6037,497.742,,,,,-0.2058,-0.1148,-0.2464,,,,,,,,,
CZE,2022,PISA,reading,,,,,,,,,,,,,486.9992,488.6037,497.742,,,,,-0.2058,-0.1148,-0.2464,,,,,,,,,
CZE,2022,PISA,science,,,,,,,,,,,,,486.9992,488.6037,497.742,,,,,-0.2058,-0.1148,-0.2464,,,,,,,,,
DEU,2022,PISA,mathematics,524.4767,,,,,,,,,,,,474.8265,479.794,492.4267,,,,,0.1206,0.1766,0.2879,,,,,,,,,
DEU,2022,PISA,reading,524.4767,,,,,,,,,,,,474.8265,479.794,492.4267,,,,,0.1206,0.1766,0.2879,,,,,,,,,
DEU,2022,PISA,science,524.4767,,,,,,,,,,,,474.8265,479.794,492.4267,,,,,0.1206,0.1766,0.2879,,,,,,,,,
DNK,2022,PISA,mathematics,,,,,,,,,,,,,489.2739,488.801,493.8157,,,,,0.5927,0.4863,0.1418,,,,,,12.638,8.7676,10.4206,11.4555
DNK,2022,PISA,reading,,,,,,,,,,,,,489.2739,488.801,493.8157,,,,,0.5927,0.4863,0.1418,,,,,,12.638,8.7676,10.4206,11.4555
DNK,2022,PISA,science,,,,,,,,,,,,,489.2739,488.801,493.8157,,,,,0.5927,0.4863,0.1418,,,,,,12.638,8.7676,10.4206,11.4555
DOM,2022,PISA,mathematics,,,,,,,,,,,,,339.1072,351.3123,360.4261,,,,,-0.9026,-1.6078,-0.4034,,,,,,,,,
DOM,2022,PISA,reading,,,,,,,,,,,,,339.1072,351.3123,360.4261,,,,,-0.9026,-1.6078,-0.4034,,,,,,,,,
DOM,2022,PISA,science,,,,,,,,,,,,,339.1072,351.3123,360.4261,,,,,-0.9026,-1.6078,-0.4034,,,,,,,,,
ESP,2022,PISA,mathematics,509.7008,,,,,,,,,,,,473.1402,474.3071,484.5336,,,,,-0.5112,0.0791,0.4696,,,,,,12.6385,8.7691,14.9596,11.4575
ESP,2022,PISA,reading,509.7008,,,,,,,,,,,,473.1402,474.3071,484.5336,,,,,-0.5112,0.0791,0.4696,,,,,,12.6385,8.7691,14.9596,11.4575
ESP,2022,PISA,science,509.7008,,,,,,,,,,,,473.1402,474.3071,484.5336,,,,,-0.5112,0.0791,0.4696,,,,,,12.6385,8.7691,14.9596,11.4575
EST,2022,PISA,mathematics,545.1539,,,,,,,,,,,,509.947,511.0303,525.8118,,,,,0.0483,-0.0662,-0.0627,,,,,,,,,
EST,2022,PISA,reading,545.1539,,,,,,,,,,,,509.947,511.0303,525.8118,,,,,0.0483,-0.0662,-0.0627,,,,,,,,,
EST,2022,PISA,science,545.1539,,,,,,,,,,,,509.947,511.0303,525.8118,,,,,0.0483,-0.0662,-0.0627,,,,,,,,,
FIN,2022,PISA,mathematics,,,,,,,,,,,,,484.1392,490.2177,510.9589,,,,,0.2538,0.1226,0.0911,,,,,,12.6384,8.769,12.2428,11.4568
FIN,2022,PISA,reading,,,,,,,,,,,,,484.1392,490.2177,510.9589,,,,,0.2538,0.1226,0.0911,,,,,,12.6384,8.769,12.2428,11.4568
FIN,2022,PISA,science,,,,,,,,,,,,,484.1392,490.2177,510.9589,,,,,0.2538,0.1226,0.0911,,,,,,12.6384,8.769,12.2428,11.4568
FRA,2022,PISA,mathematics,508.2768,,,,,,,,,,,,473.9444,473.8522,487.2253,,,,,-0.137,-0.1186,-0.0594,,,,,,12.6383,8.7691,14.0241,11.4566
FRA,2022,PISA,reading,508.2768,,,,,,,,,,,,473.9444,473.8522,487.2253,,,,,-0.137,-0.1186,-0.0594,,,,,,12.6383,8.7691,14.0241,11.4566
FRA,2022,PISA,science,508.2768,,,,,,,,,,,,473.9444,473.8522,487.2253,,,,,-0.137,-0.1186,-0.0594,,,,,,12.6383,8.7691,14.0241,11.4566
GBR,2022,PISA,mathematics,,,,,,,,,,,,,488.9751,494.4046,499.6702,,,,,0.21,0.3336,-0.0934,,,,,,,,,
GBR,2022,PISA,reading,,,,,,,,,,,,,488.9751,494.4046,499.6702,,,,,0.21,0.3336,-0.0934,,,,,,,,,
GBR,2022,PISA,science,,,,,,,,,,,,,488.9751,494.4046,499.6702,,,,,0.21,0.3336,-0.0934,,,,,,,,,
GEO,2022,PISA,mathematics,,,,,,,,,,,,,390.0242,373.8584,384.0675,,,,,-0.334,-0.9595,0.199,,,,,,12.6369,8.7705,12.0047,11.4538
GEO,2022,PISA,reading,,,,,,,,,,,,,390.0242,373.8584,384.0675,,,,,-0.334,-0.9595,0.199,,,,,,12.6369,8.7705,12.0047,11.4538
GEO,2022,PISA,science,,,,,,,,,,,,,390.0242,373.8584,384.0675,,,,,-0.334,-0.9595,0.199,,,,,,12.6369,8.7705,12.0047,11.4538
GRC,2022,PISA,mathematics,,,,,,,,,,,,,430.1463,438.4406,440.7861,,,,,-0.0783,-0.2707,0.1003,,,,,,,,,
GRC,2022,PISA,reading,,,,,,,,,,,,,430.1463,438.4406,440.7861,,,,,-0.0783,-0.2707,0.1003,,,,,,,,,
GRC,2022,PISA,science,,,,,,,,,,,,,430.1463,438.4406,440.7861,,,,,-0.0783,-0.2707,0.1003,,,,,,,,,
GTM,2022,PISA,mathematics,,,,,,,,,,,,,344.1995,374.1219,372.9628,,,,,,,,,,,,,,,,
GTM,2022,PISA,reading,,,,,,,,,,,,,344.1995,374.1219,372.9628,,,,,,,,,,,,,,,,
GTM,2022,PISA,science,,,,,,,,,,,,,344.1995,374.1219,372.9628,,,,,,,,,,,,,,,,
HKG,2022,PISA,mathematics,,,,,,,,,,,,,540.3518,499.7013,520.4187,,,,,-0.5347,-0.5958,-0.348,,,,,,,,,
HKG,2022,PISA,reading,,,,,,,,,,,,,540.3518,499.7013,520.4187,,,,,-0.5347,-0.5958,-0.348,,,,,,,,,
HKG,2022,PISA,science,,,,,,,,,,,,,540.3518,499.7013,520.4187,,,,,-0.5347,-0.5958,-0.348,,,,,,,,,
HRV,2022,PISA,mathematics,531.3191,,,,,,,,,,,,463.1052,475.4989,482.6674,,,,,-0.2398,-0.3899,0.0476,,,,,,,,,
HRV,2022,PISA,reading,531.3191,,,,,,,,,,,,463.1052,475.4989,482.6674,,,,,-0.2398,-0.3899,0.0476,,,,,,,,,
HRV,2022,PISA,science,531.3191,,,,,,,,,,,,463.1052,475.4989,482.6674,,,,,-0.2398,-0.3899,0.0476,,,,,,,,,
HUN,2022,PISA,mathematics,,,,,,,,,,,,,472.7761,472.9747,485.8902,,,,,-0.2262,-0.2748,0.0601,,,,,,12.6385,8.7689,,11.4578
HUN,2022,PISA,reading,,,,,,,,,,,,,472.7761,472.9747,485.8902,,,,,-0.2262,-0.2748,0.0601,,,,,,12.6385,8.7689,,11.4578
HUN,2022,PISA,science,,,,,,,,,,,,,472.7761,472.9747,485.8902,,,,,-0.2262,-0.2748,0.0601,,,,,,12.6385,8.7689,,11.4578
IDN,2022,PISA,mathematics,,,,,,,,,,,,,365.5253,358.5699,382.8634,,,,,-1.8731,-2.4505,0.105,,,,,,,,,
IDN,2022,PISA,reading,,,,,,,,,,,,,365.5253,358.5699,382.8634,,,,,-1.8731,-2.4505,0.105,,,,,,,,,
IDN,2022,PISA,science,,,,,,,,,,,,,365.5253,358.5699,382.8634,,,,,-1.8731,-2.4505,0.105,,,,,,,,,
IRL,2022,PISA,mathematics,,,,,,,,,,,,,491.6483,516.01,503.8455,,,,,0.1601,0.3398,-0.0151,,,,,,,,,
IRL,2022,PISA,reading,,,,,,,,,,,,,491.6483,516.01,503.8455,,,,,0.1601,0.3398,-0.0151,,,,,,,,,
IRL,2022,PISA,science,,,,,,,,,,,,,491.6483,516.01,503.8455,,,,,0.1601,0.3398,-0.0151,,,,,,,,,
ISL,2022,PISA,mathematics,,,,,,,,,,,,,458.914,435.923,446.9671,,,,,0.7327,0.509,0.1942,,,,,,,,,
ISL,2022,PISA,reading,,,,,,,,,,,,,458.914,435.923,446.9671,,,,,0.7327,0.509,0.1942,,,,,,,,,
ISL,2022,PISA,science,,,,,,,,,,,,,458.914,435.923,446.9671,,,,,0.7327,0.509,0.1942,,,,,,,,,
ISR,2022,PISA,mathematics,,,,,,,,,,,,,457.8967,473.8327,464.7518,,,,,0.1641,0.0672,,,,,,,12.6387,8.7691,12.2089,11.457
ISR,2022,PISA,reading,,,,,,,,,,,,,457.8967,473.8327,464.7518,,,,,0.1641,0.0672,,,,,,,12.6387,8.7691,12.2089,11.457
ISR,2022,PISA,science,,,,,,,,,,,,,457.8967,473.8327,464.7518,,,,,0.1641,0.0672,,,,,,,12.6387,8.7691,12.2089,11.457
ITA,2022,PISA,mathematics,522.9858,,,,,,,,,,,,471.2595,481.5983,477.4634,,,,,-0.066,0.0867,0.0522,,,,,,12.6384,8.7691,12.233,11.457
ITA,2022,PISA,reading,522.9858,,,,,,,,,,,,471.2595,481.5983,477.4634,,,,,-0.066,0.0867,0.0522,,,,,,12.6384,8.7691,12.233,11.457
ITA,2022,PISA,science,522.9858,,,,,,,,,,,,471.2595,481.5983,477.4634,,,,,-0.066,0.0867,0.0522,,,,,,12.6384,8.7691,12.233,11.457
JAM,2022,PISA,mathematics,,,,,,,,,,,,,377.4169,409.6328,402.934,,,,,,,,,,,,,,,,
JAM,2022,PISA,reading,,,,,,,,,,,,,377.4169,409.6328,402.934,,,,,,,,,,,,,,,,
JAM,2022,PISA,science,,,,,,,,,,,,,377.4169,409.6328,402.934,,,,,,,,,,,,,,,,
JOR,2022,PISA,mathematics,,,,,,,,,,,,,361.228,342.1658,374.5271,,,,,-0.4238,-1.1379,0.1896,,,,,,,,,
JOR,2022,PISA,reading,,,,,,,,,,,,,361.228,342.1658,374.5271,,,,,-0.4238,-1.1379,0.1896,,,,,,,,,
JOR,2022,PISA,science,,,,,,,,,,,,,361.228,342.1658,374.5271,,,,,-0.4238,-1.1379,0.1896,,,,,,,,,
JPN,2022,PISA,mathematics,,,,,,,,,,,,,535.5793,515.8546,546.6345,,,,,-0.1844,-0.5673,-0.0332,,,,,,,,,
JPN,2022,PISA,reading,,,,,,,,,,,,,535.5793,515.8546,546.6345,,,,,-0.1844,-0.5673,-0.0332,,,,,,,,,
JPN,2022,PISA,science,,,,,,,,,,,,,535.5793,515.8546,546.6345,,,,,-0.1844,-0.5673,-0.0332,,,,,,,,,
KAZ,2022,PISA,mathematics,,,,,,,,,,,,,425.4391,386.2847,423.166,,,,,,,,,,,,,,,,
KAZ,2022,PISA,reading,,,,,,,,,,,,,425.4391,386.2847,423.166,,,,,,,,,,,,,,,,
KAZ,2022,PISA,science,,,,,,,,,,,,,425.4391,386.2847,423.166,,,,,,,,,,,,,,,,
KHM,2022,PISA,mathematics,,,,,,,,,,,,,336.396,328.8428,347.1042,,,,,,,,,,,,,,,,
KHM,2022,PISA,reading,,,,,,,,,,,,,336.396,328.8428,347.1042,,,,,,,,,,,,,,,,
KHM,2022,PISA,science,,,,,,,,,,,,,336.396,328.8428,347.1042,,,,,,,,,,,,,,,,
KOR,2022,PISA,mathematics,,,,,,,,,,,,,527.3025,515.4154,527.8224,,,,,-0.1972,-0.345,0.1595,,,,,,12.6404,8.767,11.9715,11.4545
KOR,2022,PISA,reading,,,,,,,,,,,,,527.3025,515.4154,527.8224,,,,,-0.1972,-0.345,0.1595,,,,,,12.6404,8.767,11.9715,11.4545
KOR,2022,PISA,science,,,,,,,,,,,,,527.3025,515.4154,527.8224,,,,,-0.1972,-0.345,0.1595,,,,,,12.6404,8.767,11.9715,11.4545
KSV,2022,PISA,mathematics,,,,,,,,,,,,,354.9624,342.1944,357.0241,,,,,-0.1409,-0.7871,0.2853,,,,,,,,,
KSV,2022,PISA,reading,,,,,,,,,,,,,354.9624,342.1944,357.0241,,,,,-0.1409,-0.7871,0.2853,,,,,,,,,
KSV,2022,PISA,science,,,,,,,,,,,,,354.9624,342.1944,357.0241,,,,,-0.1409,-0.7871,0.2853,,,,,,,,,
LTU,2022,PISA,mathematics,508.8804,,,,,,,,,,,,475.1468,471.8342,484.4634,,,,,-0.0646,-0.2702,-0.268,,,,,,12.6363,8.7709,12.2463,11.4565
LTU,2022,PISA,reading,508.8804,,,,,,,,,,,,475.1468,471.8342,484.4634,,,,,-0.0646,-0.2702,-0.268,,,,,,12.6363,8.7709,12.2463,11.4565
LTU,2022,PISA,science,508.8804,,,,,,,,,,,,475.1468,471.8342,484.4634,,,,,-0.0646,-0.2702,-0.268,,,,,,12.6363,8.7709,12.2463,11.4565
LVA,2022,PISA,mathematics,490.1111,,,,,,,,,,,,483.1595,474.5687,493.8428,,,,,-0.4359,-0.2755,-0.2013,,,,,,,,,
LVA,2022,PISA,reading,490.1111,,,,,,,,,,,,483.1595,474.5687,493.8428,,,,,-0.4359,-0.2755,-0.2013,,,,,,,,,
LVA,2022,PISA,science,490.1111,,,,,,,,,,,,483.1595,474.5687,493.8428,,,,,-0.4359,-0.2755,-0.2013,,,,,,,,,
MAC,2022,PISA,mathematics,,,,,,,,,,,,,551.9232,510.4051,543.0963,,,,,-0.5416,-0.4176,-0.4041,,,,,,,,,
MAC,2022,PISA,reading,,,,,,,,,,,,,551.9232,510.4051,543.0963,,,,,-0.5416,-0.4176,-0.4041,,,,,,,,,
MAC,2022,PISA,science,,,,,,,,,,,,,551.9232,510.4051,543.0963,,,,,-0.5416,-0.4176,-0.4041,,,,,,,,,
MAR,2022,PISA,mathematics,,,,,,,,,,,,,364.7662,339.3649,365.3981,,,,,,,,,,,,,,,,
MAR,2022,PISA,reading,,,,,,,,,,,,,364.7662,339.3649,365.3981,,,,,,,,,,,,,,,,
MAR,2022,PISA,science,,,,,,,,,,,,,364.7662,339.3649,365.3981,,,,,,,,,,,,,,,,
MDA,2022,PISA,mathematics,,,,,,,,,,,,,414.1981,410.9354,416.859,,,,,-0.6868,-1.1959,0.0384,,,,,,,,,
MDA,2022,PISA,reading,,,,,,,,,,,,,414.1981,410.9354,416.859,,,,,-0.6868,-1.1959,0.0384,,,,,,,,,
MDA,2022,PISA,science,,,,,,,,,,,,,414.1981,410.9354,416.859,,,,,-0.6868,-1.1959,0.0384,,,,,,,,,
MEX,2022,PISA,mathematics,,,,,,,,,,,,,395.0299,415.359,409.8866,,,,,-1.2238,-1.5914,-0.1444,,,,,,12.6375,8.7671,12.1408,11.4571
MEX,2022,PISA,reading,,,,,,,,,,,,,395.0299,415.359,409.8866,,,,,-1.2238,-1.5914,-0.1444,,,,,,12.6375,8.7671,12.1408,11.4571
MEX,2022,PISA,science,,,,,,,,,,,,,395.0299,415.359,409.8866,,,,,-1.2238,-1.5914,-0.1444,,,,,,12.6375,8.7671,12.1408,11.4571
MKD,2022,PISA,mathematics,,,,,,,,,,,,,388.5755,358.5221,379.8751,,,,,-0.2301,-0.6664,0.3456,,,,,,,,,
MKD,2022,PISA,reading,,,,,,,,,,,,,388.5755,358.5221,379.8751,,,,,-0.2301,-0.6664,0.3456,,,,,,,,,
MKD,2022,PISA,science,,,,,,,,,,,,,388.5755,358.5221,379.8751,,,,,-0.2301,-0.6664,0.3456,,,,,,,,,
MLT,2022,PISA,mathematics,,,,,,,,,,,,,466.0161,445.2988,465.5887,,,,,-0.051,0.2372,-0.0211,,,,,,,,,
MLT,2022,PISA,reading,,,,,,,,,,,,,466.0161,445.2988,465.5887,,,,,-0.051,0.2372,-0.0211,,,,,,,,,
MLT,2022,PISA,science,,,,,,,,,,,,,466.0161,445.2988,465.5887,,,,,-0.051,0.2372,-0.0211,,,,,,,,,
MNE,2022,PISA,mathematics,,,,,,,,,,,,,405.6012,405.0205,403.1302,,,,,-0.1754,-0.4746,-0.1005,,,,,,,,,
MNE,2022,PISA,reading,,,,,,,,,,,,,405.6012,405.0205,403.1302,,,,,-0.1754,-0.4746,-0.1005,,,,,,,,,
MNE,2022,PISA,science,,,,,,,,,,,,,405.6012,405.0205,403.1302,,,,,-0.1754,-0.4746,-0.1005,,,,,,,,,
MNG,2022,PISA,mathematics,,,,,,,,,,,,,424.5931,378.4199,412.3825,,,,,,,,,,,,,,,,
MNG,2022,PISA,reading,,,,,,,,,,,,,424.5931,378.4199,412.3825,,,,,,,,,,,,,,,,
MNG,2022,PISA,science,,,,,,,,,,,,,424.5931,378.4199,412.3825,,,,,,,,,,,,,,,,
MYS,2022,PISA,mathematics,,,,,,,,,,,,,408.6874,388.0878,416.3061,,,,,,,,,,,,,,,,
MYS,2022,PISA,reading,,,,,,,,,,,,,408.6874,388.0878,416.3061,,,,,,,,,,,,,,,,
MYS,2022,PISA,science,,,,,,,,,,,,,408.6874,388.0878,416.3061,,,,,,,,,,,,,,,,
NLD,2022,PISA,mathematics,508.2892,,,,,,,,,,,,492.6756,459.2429,488.3168,,,,,0.161,0.2677,0.1662,,,,,,12.6384,8.769,12.3083,11.457
NLD,2022,PISA,reading,508.2892,,,,,,,,,,,,492.6756,459.2429,488.3168,,,,,0.161,0.2677,0.1662,,,,,,12.6384,8.769,12.3083,11.457
NLD,2022,PISA,science,508.2892,,,,,,,,,,,,492.6756,459.2429,488.3168,,,,,0.161,0.2677,0.1662,,,,,,12.6384,8.769,12.3083,11.457
NOR,2022,PISA,mathematics,529.1304,,,,,,,,,,,,468.4499,476.5239,478.2265,,,,,0.4811,0.6271,0.2104,,,,,,12.6382,8.7689,12.3044,11.4566
NOR,2022,PISA,reading,529.1304,,,,,,,,,,,,468.4499,476.5239,478.2265,,,,,0.4811,0.6271,0.2104,,,,,,12.6382,8.7689,12.3044,11.4566
NOR,2022,PISA,science,529.1304,,,,,,,,,,,,468.4499,476.5239,478.2265,,,,,0.4811,0.6271,0.2104,,,,,,12.6382,8.7689,12.3044,11.4566
NZL,2022,PISA,mathematics,,,,,,,,,,,,,479.0742,500.853,504.1293,,,,,0.1652,0.3554,-0.1684,,,,,,,,,
NZL,2022,PISA,reading,,,,,,,,,,,,,479.0742,500.853,504.1293,,,,,0.1652,0.3554,-0.1684,,,,,,,,,
NZL,2022,PISA,science,,,,,,,,,,,,,479.0742,500.853,504.1293,,,,,0.1652,0.3554,-0.1684,,,,,,,,,
PAN,2022,PISA,mathematics,,,,,,,,,,,,,356.5735,391.9534,387.7676,,,,,,,,,,,,,,,,
PAN,2022,PISA,reading,,,,,,,,,,,,,356.5735,391.9534,387.7676,,,,,,,,,,,,,,,,
PAN,2022,PISA,science,,,,,,,,,,,,,356.5735,391.9534,387.7676,,,,,,,,,,,,,,,,
PER,2022,PISA,mathematics,,,,,,,,,,,,,391.2358,408.2479,407.7778,,,,,-1.0804,-1.7261,-0.2188,,,,,,,,,
PER,2022,PISA,reading,,,,,,,,,,,,,391.2358,408.2479,407.7778,,,,,-1.0804,-1.7261,-0.2188,,,,,,,,,
PER,2022,PISA,science,,,,,,,,,,,,,391.2358,408.2479,407.7778,,,,,-1.0804,-1.7261,-0.2188,,,,,,,,,
PHL,2022,PISA,mathematics,,,,,,,,,,,,,354.7197,346.5474,356.1673,,,,,,,,,,,,,,,,
PHL,2022,PISA,reading,,,,,,,,,,,,,354.7197,346.5474,356.1673,,,,,,,,,,,,,,,,
PHL,2022,PISA,science,,,,,,,,,,,,,354.7197,346.5474,356.1673,,,,,,,,,,,,,,,,
POL,2022,PISA,mathematics,554.2193,,,,,,,,,,,,488.9601,488.7136,499.1644,,,,,-0.3931,-0.1878,-0.2524,,,,,,,,,
POL,2022,PISA,reading,554.2193,,,,,,,,,,,,488.9601,488.7136,499.1644,,,,,-0.3931,-0.1878,-0.2524,,,,,,,,,
POL,2022,PISA,science,554.2193,,,,,,,,,,,,488.9601,488.7136,499.1644,,,,,-0.3931,-0.1878,-0.2524,,,,,,,,,
PRT,2022,PISA,mathematics,,,,,,,,,,,,,471.9105,476.5886,484.3735,,,,,-0.389,-0.0257,0.1038,,,,,,,,,
PRT,2022,PISA,reading,,,,,,,,,,,,,471.9105,476.5886,484.3735,,,,,-0.389,-0.0257,0.1038,,,,,,,,,
PRT,2022,PISA,science,,,,,,,,,,,,,471.9105,476.5886,484.3735,,,,,-0.389,-0.0257,0.1038,,,,,,,,,
PRY,2022,PISA,mathematics,,,,,,,,,,,,,337.5398,373.1557,368.3278,,,,,,,,,,,,,,,,
PRY,2022,PISA,reading,,,,,,,,,,,,,337.5398,373.1557,368.3278,,,,,,,,,,,,,,,,
PRY,2022,PISA,science,,,,,,,,,,,,,337.5398,373.1557,368.3278,,,,,,,,,,,,,,,,
PSE,2022,PISA,mathematics,,,,,,,,,,,,,365.7467,349.1571,368.8151,,,,,,,,,,,,,,,,
PSE,2022,PISA,reading,,,,,,,,,,,,,365.7467,349.1571,368.8151,,,,,,,,,,,,,,,,
PSE,2022,PISA,science,,,,,,,,,,,,,365.7467,349.1571,368.8151,,,,,,,,,,,,,,,,
QAT,2022,PISA,mathematics,,,,,,,,,,,,,414.1062,419.3043,432.4025,,,,,0.5767,0.4046,-0.1035,,,,,,,,,
QAT,2022,PISA,reading,,,,,,,,,,,,,414.1062,419.3043,432.4025,,,,,0.5767,0.4046,-0.1035,,,,,,,,,
QAT,2022,PISA,science,,,,,,,,,,,,,414.1062,419.3043,432.4025,,,,,0.5767,0.4046,-0.1035,,,,,,,,,
QAZ,2022,PISA,mathematics,,,,,,,,,,,,,396.8823,365.2139,380.1437,,,,,,,,,,,,,,,,
QAZ,2022,PISA,reading,,,,,,,,,,,,,396.8823,365.2139,380.1437,,,,,,,,,,,,,,,,
QAZ,2022,PISA,science,,,,,,,,,,,,,396.8823,365.2139,380.1437,,,,,,,,,,,,,,,,
QUR,2022,PISA,mathematics,,,,,,,,,,,,,440.8453,427.527,450.1872,,,,,,,,,,,,,,,,
QUR,2022,PISA,reading,,,,,,,,,,,,,440.8453,427.527,450.1872,,,,,,,,,,,,,,,,
QUR,2022,PISA,science,,,,,,,,,,,,,440.8453,427.527,450.1872,,,,,,,,,,,,,,,,
ROU,2022,PISA,mathematics,,,,,,,,,,,,,427.76,428.496,427.5111,,,,,-0.5823,-0.7803,0.0007,,,,,,12.6372,8.77,12.1229,11.4577
ROU,2022,PISA,reading,,,,,,,,,,,,,427.76,428.496,427.5111,,,,,-0.5823,-0.7803,0.0007,,,,,,12.6372,8.77,12.1229,11.4577
ROU,2022,PISA,science,,,,,,,,,,,,,427.76,428.496,427.5111,,,,,-0.5823,-0.7803,0.0007,,,,,,12.6372,8.77,12.1229,11.4577
SAU,2022,PISA,mathematics,,,,,,,,,,,,,388.7816,382.551,390.3876,,,,,,,,,,,,,12.6378,8.7698,11.9634,11.4538
SAU,2022,PISA,reading,,,,,,,,,,,,,388.7816,382.551,390.3876,,,,,,,,,,,,,12.6378,8.7698,11.9634,11.4538
SAU,2022,PISA,science,,,,,,,,,,,,,388.7816,382.551,390.3876,,,,,,,,,,,,,12.6378,8.7698,11.9634,11.4538
SGP,2022,PISA,mathematics,,,,,,,,,,,,,574.6638,542.5533,561.4333,,,,,0.03,-0.1069,-0.2125,,,,,,12.6407,8.7684,12.1645,11.4564
SGP,2022,PISA,reading,,,,,,,,,,,,,574.6638,542.5533,561.4333,,,,,0.03,-0.1069,-0.2125,,,,,,12.6407,8.7684,12.1645,11.4564
SGP,2022,PISA,science,,,,,,,,,,,,,574.6638,542.5533,561.4333,,,,,0.03,-0.1069,-0.2125,,,,,,12.6407,8.7684,12.1645,11.4564
SLV,2022,PISA,mathematics,,,,,,,,,,,,,343.4691,364.9036,373.1413,,,,,,,,,,,,,,,,
SLV,2022,PISA,reading,,,,,,,,,,,,,343.4691,364.9036,373.1413,,,,,,,,,,,,,,,,
SLV,2022,PISA,science,,,,,,,,,,,,,343.4691,364.9036,373.1413,,,,,,,,,,,,,,,,
SRB,2022,PISA,mathematics,,,,,,,,,,,,,439.8767,440.355,447.4607,,,,,,,,,,,,,,,,
SRB,2022,PISA,reading,,,,,,,,,,,,,439.8767,440.355,447.4607,,,,,,,,,,,,,,,,
SRB,2022,PISA,science,,,,,,,,,,,,,439.8767,440.355,447.4607,,,,,,,,,,,,,,,,
SVK,2022,PISA,mathematics,501.0986,,,,,,,,,,,,463.9946,446.8606,462.2695,,,,,-0.1081,-0.2732,-0.2781,,,,,,12.6383,8.7691,12.2881,11.4569
SVK,2022,PISA,reading,501.0986,,,,,,,,,,,,463.9946,446.8606,462.2695,,,,,-0.1081,-0.2732,-0.2781,,,,,,12.6383,8.7691,12.2881,11.4569
SVK,2022,PISA,science,501.0986,,,,,,,,,,,,463.9946,446.8606,462.2695,,,,,-0.1081,-0.2732,-0.2781,,,,,,12.6383,8.7691,12.2881,11.4569
SVN,2022,PISA,mathematics,504.0589,,,,,,,,,,,,484.529,468.536,499.9649,,,,,0.0314,0.112,-0.0976,,,,,,12.6385,8.7694,10.1697,11.4569
SVN,2022,PISA,reading,504.0589,,,,,,,,,,,,484.529,468.536,499.9649,,,,,0.0314,0.112,-0.0976,,,,,,12.6385,8.7694,10.1697,11.4569
SVN,2022,PISA,science,504.0589,,,,,,,,,,,,484.529,468.536,499.9649,,,,,0.0314,0.112,-0.0976,,,,,,12.6385,8.7694,10.1697,11.4569
SWE,2022,PISA,mathematics,564.6128,,,,,,,,,,,,481.7661,486.9752,493.5493,,,,,0.3346,0.4106,0.0392,,,,,,,,,
SWE,2022,PISA,reading,564.6128,,,,,,,,,,,,481.7661,486.9752,493.5493,,,,,0.3346,0.4106,0.0392,,,,,,,,,
SWE,2022,PISA,science,564.6128,,,,,,,,,,,,481.7661,486.9752,493.5493,,,,,0.3346,0.4106,0.0392,,,,,,,,,
TAP,2022,PISA,mathematics,,,,,,,,,,,,,547.0942,515.1673,537.3804,,,,,-0.2125,-0.3826,0.0204,,,,,,,,,
TAP,2022,PISA,reading,,,,,,,,,,,,,547.0942,515.1673,537.3804,,,,,-0.2125,-0.3826,0.0204,,,,,,,,,
TAP,2022,PISA,science,,,,,,,,,,,,,547.0942,515.1673,537.3804,,,,,-0.2125,-0.3826,0.0204,,,,,,,,,
THA,2022,PISA,mathematics,,,,,,,,,,,,,393.9454,378.663,409.2643,,,,,-1.2267,-1.1557,-0.3544,,,,,,,,,
THA,2022,PISA,reading,,,,,,,,,,,,,393.9454,378.663,409.2643,,,,,-1.2267,-1.1557,-0.3544,,,,,,,,,
THA,2022,PISA,science,,,,,,,,,,,,,393.9454,378.663,409.2643,,,,,-1.2267,-1.1557,-0.3544,,,,,,,,,
TUR,2022,PISA,mathematics,,,,,,,,,,,,,453.1518,456.084,475.9378,,,,,-1.4279,-1.4184,-0.4368,,,,,,12.638,8.7724,12.9966,11.4571
TUR,2022,PISA,reading,,,,,,,,,,,,,453.1518,456.084,475.9378,,,,,-1.4279,-1.4184,-0.4368,,,,,,12.638,8.7724,12.9966,11.4571
TUR,2022,PISA,science,,,,,,,,,,,,,453.1518,456.084,475.9378,,,,,-1.4279,-1.4184,-0.4368,,,,,,12.638,8.7724,12.9966,11.4571
URY,2022,PISA,mathematics,,,,,,,,,,,,,408.7121,430.3597,435.3848,,,,,-0.7778,-0.8194,-0.0929,,,,,,,,,
URY,2022,PISA,reading,,,,,,,,,,,,,408.7121,430.3597,435.3848,,,,,-0.7778,-0.8194,-0.0929,,,,,,,,,
URY,2022,PISA,science,,,,,,,,,,,,,408.7121,430.3597,435.3848,,,,,-0.7778,-0.8194,-0.0929,,,,,,,,,
USA,2022,PISA,mathematics,,,,,,,,,,,,,464.888,503.9376,499.4141,,,,,0.1014,0.2423,-0.0876,,,,,,,,,
USA,2022,PISA,reading,,,,,,,,,,,,,464.888,503.9376,499.4141,,,,,0.1014,0.2423,-0.0876,,,,,,,,,
USA,2022,PISA,science,,,,,,,,,,,,,464.888,503.9376,499.4141,,,,,0.1014,0.2423,-0.0876,,,,,,,,,
UZB,2022,PISA,mathematics,,,,,,,,,,,,,363.9354,335.5049,354.8636,,,,,,,,,,,,,,,,
UZB,2022,PISA,reading,,,,,,,,,,,,,363.9354,335.5049,354.8636,,,,,,,,,,,,,,,,
UZB,2022,PISA,science,,,,,,,,,,,,,363.9354,335.5049,354.8636,,,,,,,,,,,,,,,,
VNM,2022,PISA,mathematics,,,,,,,,,,,,,469.4024,461.888,472.381,,,,,-1.8674,-2.0964,-0.0618,,,,,,12.6385,8.7695,14.6792,11.4586
VNM,2022,PISA,reading,,,,,,,,,,,,,469.4024,461.888,472.381,,,,,-1.8674,-2.0964,-0.0618,,,,,,12.6385,8.7695,14.6792,11.4586
VNM,2022,PISA,science,,,,,,,,,,,,,469.4024,461.888,472.381,,,,,-1.8674,-2.0964,-0.0618,,,,,,12.6385,8.7695,14.6792,11.4586
ALB,2025,PISA,mathematics,,,,,,,,,,,,,432.8172,407.641,434.6271,,,,,-0.7515,-0.8704,0.2533,4.5188,4.6534,,,,,,,
ALB,2025,PISA,reading,,,,,,,,,,,,,432.8172,407.641,434.6271,,,,,-0.7515,-0.8704,0.2533,4.5188,4.6534,,,,,,,
ALB,2025,PISA,science,,,,,,,,,,,,,432.8172,407.641,434.6271,,,,,-0.7515,-0.8704,0.2533,4.5188,4.6534,,,,,,,
ARE,2025,PISA,mathematics,,,,,,,,,,,,,452.5887,432.8108,458.067,,,,,0.2967,-0.1841,-0.2,,,,,,12.6382,8.7688,11.3961,11.4571
ARE,2025,PISA,reading,,,,,,,,,,,,,452.5887,432.8108,458.067,,,,,0.2967,-0.1841,-0.2,,,,,,12.6382,8.7688,11.3961,11.4571
ARE,2025,PISA,science,,,,,,,,,,,,,452.5887,432.8108,458.067,,,,,0.2967,-0.1841,-0.2,,,,,,12.6382,8.7688,11.3961,11.4571
ARG,2025,PISA,mathematics,,,,,,,,,,,,,366.8142,388.7043,392.9339,,,,,-0.802,-0.9277,-0.1967,4.883,5.6658,,,,,,,
ARG,2025,PISA,reading,,,,,,,,,,,,,366.8142,388.7043,392.9339,,,,,-0.802,-0.9277,-0.1967,4.883,5.6658,,,,,,,
ARG,2025,PISA,science,,,,,,,,,,,,,366.8142,388.7043,392.9339,,,,,-0.802,-0.9277,-0.1967,4.883,5.6658,,,,,,,
ARM,2025,PISA,mathematics,,,,,,,,,,,,,375.7997,348.2857,368.6331,,,,,,,,,,,,,,,,
ARM,2025,PISA,reading,,,,,,,,,,,,,375.7997,348.2857,368.6331,,,,,,,,,,,,,,,,
ARM,2025,PISA,science,,,,,,,,,,,,,375.7997,348.2857,368.6331,,,,,,,,,,,,,,,,
AUS,2025,PISA,mathematics,,,,,,,,,,,,,477.5267,490.8633,509.1063,,,,,0.3794,0.4765,-0.2267,5.7416,6.5701,,,,12.6385,8.769,12.2655,11.4569
AUS,2025,PISA,reading,,,,,,,,,,,,,477.5267,490.8633,509.1063,,,,,0.3794,0.4765,-0.2267,5.7416,6.5701,,,,12.6385,8.769,12.2655,11.4569
AUS,2025,PISA,science,,,,,,,,,,,,,477.5267,490.8633,509.1063,,,,,0.3794,0.4765,-0.2267,5.7416,6.5701,,,,12.6385,8.769,12.2655,11.4569
AUT,2025,PISA,mathematics,,,,,,,,,,,,,477.1939,467.2117,496.9127,,,,,0.0691,0.2485,0.445,5.7137,6.4934,,,,12.6394,8.7693,12.2129,11.4571
AUT,2025,PISA,reading,,,,,,,,,,,,,477.1939,467.2117,496.9127,,,,,0.0691,0.2485,0.445,5.7137,6.4934,,,,12.6394,8.7693,12.2129,11.4571
AUT,2025,PISA,science,,,,,,,,,,,,,477.1939,467.2117,496.9127,,,,,0.0691,0.2485,0.445,5.7137,6.4934,,,,12.6394,8.7693,12.2129,11.4571
AZE,2025,PISA,mathematics,,,,,,,,,,,,,422.3953,373.5706,408.5635,,,,,,,,,,,,,,,,
AZE,2025,PISA,reading,,,,,,,,,,,,,422.3953,373.5706,408.5635,,,,,,,,,,,,,,,,
AZE,2025,PISA,science,,,,,,,,,,,,,422.3953,373.5706,408.5635,,,,,,,,,,,,,,,,
BEL,2025,PISA,mathematics,,,,,,,,,,,,,479.6829,466.3396,489.7132,,,,,0.0829,0.0396,0.0219,5.6648,6.373,,,,12.6381,8.7689,12.2789,11.4569
BEL,2025,PISA,reading,,,,,,,,,,,,,479.6829,466.3396,489.7132,,,,,0.0829,0.0396,0.0219,5.6648,6.373,,,,12.6381,8.7689,12.2789,11.4569
BEL,2025,PISA,science,,,,,,,,,,,,,479.6829,466.3396,489.7132,,,,,0.0829,0.0396,0.0219,5.6648,6.373,,,,12.6381,8.7689,12.2789,11.4569
BGR,2025,PISA,mathematics,,,,,,,,,,,,,405.0776,386.6448,420.7937,,,,,-0.2722,-0.3708,-0.1904,4.9195,5.5914,,,,12.6373,8.7704,12.2859,11.4547
BGR,2025,PISA,reading,,,,,,,,,,,,,405.0776,386.6448,420.7937,,,,,-0.2722,-0.3708,-0.1904,4.9195,5.5914,,,,12.6373,8.7704,12.2859,11.4547
BGR,2025,PISA,science,,,,,,,,,,,,,405.0776,386.6448,420.7937,,,,,-0.2722,-0.3708,-0.1904,4.9195,5.5914,,,,12.6373,8.7704,12.2859,11.4547
BRA,2025,PISA,mathematics,,,,,,,,,,,,,376.7679,408.0083,408.5405,,,,,-0.9915,-1.2322,-0.2085,5.2948,5.6365,,,,12.6411,8.7685,13.0083,11.4577
BRA,2025,PISA,reading,,,,,,,,,,,,,376.7679,408.0083,408.5405,,,,,-0.9915,-1.2322,-0.2085,5.2948,5.6365,,,,12.6411,8.7685,13.0083,11.4577
BRA,2025,PISA,science,,,,,,,,,,,,,376.7679,408.0083,408.5405,,,,,-0.9915,-1.2322,-0.2085,5.2948,5.6365,,,,12.6411,8.7685,13.0083,11.4577
BRN,2025,PISA,mathematics,,,,,,,,,,,,,435.1827,425.6809,439.4539,,,,,-0.2573,-0.344,-0.5013,5.6,5.7123,,,,,,,
BRN,2025,PISA,reading,,,,,,,,,,,,,435.1827,425.6809,439.4539,,,,,-0.2573,-0.344,-0.5013,5.6,5.7123,,,,,,,
BRN,2025,PISA,science,,,,,,,,,,,,,435.1827,425.6809,439.4539,,,,,-0.2573,-0.344,-0.5013,5.6,5.7123,,,,,,,
CAN,2025,PISA,mathematics,,,,,,,,,,,,,485.3377,489.8256,510.0548,,,,,0.3811,0.3795,-0.1617,,,,,,,,,
CAN,2025,PISA,reading,,,,,,,,,,,,,485.3377,489.8256,510.0548,,,,,0.3811,0.3795,-0.1617,,,,,,,,,
CAN,2025,PISA,science,,,,,,,,,,,,,485.3377,489.8256,510.0548,,,,,0.3811,0.3795,-0.1617,,,,,,,,,
CHE,2025,PISA,mathematics,,,,,,,,,,,,,499.147,470.0529,501.2376,,,,,0.1692,0.2032,0.3573,5.6664,6.3562,,,,,,,
CHE,2025,PISA,reading,,,,,,,,,,,,,499.147,470.0529,501.2376,,,,,0.1692,0.2032,0.3573,5.6664,6.3562,,,,,,,
CHE,2025,PISA,science,,,,,,,,,,,,,499.147,470.0529,501.2376,,,,,0.1692,0.2032,0.3573,5.6664,6.3562,,,,,,,
CHL,2025,PISA,mathematics,,,,,,,,,,,,,402.6452,435.6558,442.3606,,,,,-0.5086,-0.6128,-0.2202,5.4953,6.2838,,,,,,,
CHL,2025,PISA,reading,,,,,,,,,,,,,402.6452,435.6558,442.3606,,,,,-0.5086,-0.6128,-0.2202,5.4953,6.2838,,,,,,,
CHL,2025,PISA,science,,,,,,,,,,,,,402.6452,435.6558,442.3606,,,,,-0.5086,-0.6128,-0.2202,5.4953,6.2838,,,,,,,
COL,2025,PISA,mathematics,,,,,,,,,,,,,380.5287,399.2673,413.7309,,,,,-1.0651,-1.3778,-0.1569,,,,,,12.6381,8.7702,12.0465,11.4572
COL,2025,PISA,reading,,,,,,,,,,,,,380.5287,399.2673,413.7309,,,,,-1.0651,-1.3778,-0.1569,,,,,,12.6381,8.7702,12.0465,11.4572
COL,2025,PISA,science,,,,,,,,,,,,,380.5287,399.2673,413.7309,,,,,-1.0651,-1.3778,-0.1569,,,,,,12.6381,8.7702,12.0465,11.4572
CRI,2025,PISA,mathematics,,,,,,,,,,,,,387.0912,416.0353,423.9696,,,,,,-0.9703,-0.0942,5.4565,6.1621,,,,,,,
CRI,2025,PISA,reading,,,,,,,,,,,,,387.0912,416.0353,423.9696,,,,,,-0.9703,-0.0942,5.4565,6.1621,,,,,,,
CRI,2025,PISA,science,,,,,,,,,,,,,387.0912,416.0353,423.9696,,,,,,-0.9703,-0.0942,5.4565,6.1621,,,,,,,
CZE,2025,PISA,mathematics,,,,,,,,,,,,,477.148,468.3567,490.2783,,,,,-0.1041,0.1319,-0.2799,5.5996,6.2016,,,,,,,
CZE,2025,PISA,reading,,,,,,,,,,,,,477.148,468.3567,490.2783,,,,,-0.1041,0.1319,-0.2799,5.5996,6.2016,,,,,,,
CZE,2025,PISA,science,,,,,,,,,,,,,477.148,468.3567,490.2783,,,,,-0.1041,0.1319,-0.2799,5.5996,6.2016,,,,,,,
DEU,2025,PISA,mathematics,,,,,,,,,,,,,463.8057,465.2821,485.5214,,,,,-0.137,0.1313,0.2699,5.7104,6.4563,,,,,,,
DEU,2025,PISA,reading,,,,,,,,,,,,,463.8057,465.2821,485.5214,,,,,-0.137,0.1313,0.2699,5.7104,6.4563,,,,,,,
DEU,2025,PISA,science,,,,,,,,,,,,,463.8057,465.2821,485.5214,,,,,-0.137,0.1313,0.2699,5.7104,6.4563,,,,,,,
DNK,2025,PISA,mathematics,,,,,,,,,,,,,470.6275,460.0095,477.541,,,,,0.4761,0.3764,0.1092,5.7827,6.5999,,,,12.638,8.7676,10.4206,11.4555
DNK,2025,PISA,reading,,,,,,,,,,,,,470.6275,460.0095,477.541,,,,,0.4761,0.3764,0.1092,5.7827,6.5999,,,,12.638,8.7676,10.4206,11.4555
DNK,2025,PISA,science,,,,,,,,,,,,,470.6275,460.0095,477.541,,,,,0.4761,0.3764,0.1092,5.7827,6.5999,,,,12.638,8.7676,10.4206,11.4555
DOM,2025,PISA,mathematics,,,,,,,,,,,,,338.8295,345.5421,360.8466,,,,,-0.7097,-1.3138,-0.2303,5.1207,5.4924,,,,,,,
DOM,2025,PISA,reading,,,,,,,,,,,,,338.8295,345.5421,360.8466,,,,,-0.7097,-1.3138,-0.2303,5.1207,5.4924,,,,,,,
DOM,2025,PISA,science,,,,,,,,,,,,,338.8295,345.5421,360.8466,,,,,-0.7097,-1.3138,-0.2303,5.1207,5.4924,,,,,,,
ECU,2025,PISA,mathematics,,,,,,,,,,,,,365.8394,384.998,393.4212,,,,,,,,,,,,,,,,
ECU,2025,PISA,reading,,,,,,,,,,,,,365.8394,384.998,393.4212,,,,,,,,,,,,,,,,
ECU,2025,PISA,science,,,,,,,,,,,,,365.8394,384.998,393.4212,,,,,,,,,,,,,,,,
ESP,2025,PISA,mathematics,,,,,,,,,,,,,457.4489,451.3558,477.1273,,,,,-0.0332,0.0056,0.2725,5.7014,6.2459,,,,12.6385,8.7691,14.9596,11.4575
ESP,2025,PISA,reading,,,,,,,,,,,,,457.4489,451.3558,477.1273,,,,,-0.0332,0.0056,0.2725,5.7014,6.2459,,,,12.6385,8.7691,14.9596,11.4575
ESP,2025,PISA,science,,,,,,,,,,,,,457.4489,451.3558,477.1273,,,,,-0.0332,0.0056,0.2725,5.7014,6.2459,,,,12.6385,8.7691,14.9596,11.4575
EST,2025,PISA,mathematics,,,,,,,,,,,,,507.8957,499.2443,527.1171,,,,,0.1507,0.1569,-0.1375,5.7202,6.6468,,,,,,,
EST,2025,PISA,reading,,,,,,,,,,,,,507.8957,499.2443,527.1171,,,,,0.1507,0.1569,-0.1375,5.7202,6.6468,,,,,,,
EST,2025,PISA,science,,,,,,,,,,,,,507.8957,499.2443,527.1171,,,,,0.1507,0.1569,-0.1375,5.7202,6.6468,,,,,,,
FIN,2025,PISA,mathematics,,,,,,,,,,,,,468.6945,474.2973,504.3724,,,,,0.2585,0.2594,0.1012,5.7015,6.4895,,,,12.6384,8.769,12.2428,11.4568
FIN,2025,PISA,reading,,,,,,,,,,,,,468.6945,474.2973,504.3724,,,,,0.2585,0.2594,0.1012,5.7015,6.4895,,,,12.6384,8.769,12.2428,11.4568
FIN,2025,PISA,science,,,,,,,,,,,,,468.6945,474.2973,504.3724,,,,,0.2585,0.2594,0.1012,5.7015,6.4895,,,,12.6384,8.769,12.2428,11.4568
FRA,2025,PISA,mathematics,,,,,,,,,,,,,457.655,456.3345,483.4212,,,,,0.0002,-0.0718,-0.0269,,,,,,12.6383,8.7691,14.0241,11.4566
FRA,2025,PISA,reading,,,,,,,,,,,,,457.655,456.3345,483.4212,,,,,0.0002,-0.0718,-0.0269,,,,,,12.6383,8.7691,14.0241,11.4566
FRA,2025,PISA,science,,,,,,,,,,,,,457.655,456.3345,483.4212,,,,,0.0002,-0.0718,-0.0269,,,,,,12.6383,8.7691,14.0241,11.4566
GBR,2025,PISA,mathematics,,,,,,,,,,,,,487.5737,494.2309,511.3558,,,,,0.1364,0.1085,-0.2092,5.736,6.4017,,,,,,,
GBR,2025,PISA,reading,,,,,,,,,,,,,487.5737,494.2309,511.3558,,,,,0.1364,0.1085,-0.2092,5.736,6.4017,,,,,,,
GBR,2025,PISA,science,,,,,,,,,,,,,487.5737,494.2309,511.3558,,,,,0.1364,0.1085,-0.2092,5.736,6.4017,,,,,,,
GEO,2025,PISA,mathematics,,,,,,,,,,,,,416.3627,384.1786,422.1187,,,,,-0.4661,-0.8319,-0.0491,5.0601,5.4035,,,,12.6369,8.7705,12.0047,11.4538
GEO,2025,PISA,reading,,,,,,,,,,,,,416.3627,384.1786,422.1187,,,,,-0.4661,-0.8319,-0.0491,5.0601,5.4035,,,,12.6369,8.7705,12.0047,11.4538
GEO,2025,PISA,science,,,,,,,,,,,,,416.3627,384.1786,422.1187,,,,,-0.4661,-0.8319,-0.0491,5.0601,5.4035,,,,12.6369,8.7705,12.0047,11.4538
GRC,2025,PISA,mathematics,,,,,,,,,,,,,423.8522,422.6626,434.2849,,,,,-0.1549,-0.2908,-0.0597,5.5759,6.13,,,,,,,
GRC,2025,PISA,reading,,,,,,,,,,,,,423.8522,422.6626,434.2849,,,,,-0.1549,-0.2908,-0.0597,5.5759,6.13,,,,,,,
GRC,2025,PISA,science,,,,,,,,,,,,,423.8522,422.6626,434.2849,,,,,-0.1549,-0.2908,-0.0597,5.5759,6.13,,,,,,,
GTM,2025,PISA,mathematics,,,,,,,,,,,,,334.3025,337.0808,351.234,,,,,-1.5129,-1.5371,-0.1809,,,,,,,,,
GTM,2025,PISA,reading,,,,,,,,,,,,,334.3025,337.0808,351.234,,,,,-1.5129,-1.5371,-0.1809,,,,,,,,,
GTM,2025,PISA,science,,,,,,,,,,,,,334.3025,337.0808,351.234,,,,,-1.5129,-1.5371,-0.1809,,,,,,,,,
HKG,2025,PISA,mathematics,,,,,,,,,,,,,521.7078,480.1207,495.6267,,,,,-0.4619,-0.2082,-0.3878,5.8065,6.1314,,,,,,,
HKG,2025,PISA,reading,,,,,,,,,,,,,521.7078,480.1207,495.6267,,,,,-0.4619,-0.2082,-0.3878,5.8065,6.1314,,,,,,,
HKG,2025,PISA,science,,,,,,,,,,,,,521.7078,480.1207,495.6267,,,,,-0.4619,-0.2082,-0.3878,5.8065,6.1314,,,,,,,
HRV,2025,PISA,mathematics,,,,,,,,,,,,,455.2917,453.3873,476.3009,,,,,-0.152,-0.1168,0.1331,5.6843,6.4376,,,,,,,
HRV,2025,PISA,reading,,,,,,,,,,,,,455.2917,453.3873,476.3009,,,,,-0.152,-0.1168,0.1331,5.6843,6.4376,,,,,,,
HRV,2025,PISA,science,,,,,,,,,,,,,455.2917,453.3873,476.3009,,,,,-0.152,-0.1168,0.1331,5.6843,6.4376,,,,,,,
HUN,2025,PISA,mathematics,,,,,,,,,,,,,459.4885,452.3063,479.9118,,,,,0.003,0.0502,0.1386,5.6728,6.4317,,,,12.6385,8.7689,,11.4578
HUN,2025,PISA,reading,,,,,,,,,,,,,459.4885,452.3063,479.9118,,,,,0.003,0.0502,0.1386,5.6728,6.4317,,,,12.6385,8.7689,,11.4578
HUN,2025,PISA,science,,,,,,,,,,,,,459.4885,452.3063,479.9118,,,,,0.003,0.0502,0.1386,5.6728,6.4317,,,,12.6385,8.7689,,11.4578
IDN,2025,PISA,mathematics,,,,,,,,,,,,,363.9017,365.2053,388.6738,,,,,-1.5558,-1.6918,-0.1347,,,,,,,,,
IDN,2025,PISA,reading,,,,,,,,,,,,,363.9017,365.2053,388.6738,,,,,-1.5558,-1.6918,-0.1347,,,,,,,,,
IDN,2025,PISA,science,,,,,,,,,,,,,363.9017,365.2053,388.6738,,,,,-1.5558,-1.6918,-0.1347,,,,,,,,,
IRL,2025,PISA,mathematics,,,,,,,,,,,,,479.8747,500.4472,499.5967,,,,,0.333,0.3068,-0.1321,5.8014,6.5863,,,,,,,
IRL,2025,PISA,reading,,,,,,,,,,,,,479.8747,500.4472,499.5967,,,,,0.333,0.3068,-0.1321,5.8014,6.5863,,,,,,,
IRL,2025,PISA,science,,,,,,,,,,,,,479.8747,500.4472,499.5967,,,,,0.333,0.3068,-0.1321,5.8014,6.5863,,,,,,,
ISL,2025,PISA,mathematics,,,,,,,,,,,,,449.7303,422.2851,441.3804,,,,,0.3781,0.3439,0.1641,5.7387,6.5119,,,,,,,
ISL,2025,PISA,reading,,,,,,,,,,,,,449.7303,422.2851,441.3804,,,,,0.3781,0.3439,0.1641,5.7387,6.5119,,,,,,,
ISL,2025,PISA,science,,,,,,,,,,,,,449.7303,422.2851,441.3804,,,,,0.3781,0.3439,0.1641,5.7387,6.5119,,,,,,,
ISR,2025,PISA,mathematics,,,,,,,,,,,,,433.3749,435.8378,442.0088,,,,,0.28,0.0758,,5.4636,6.202,,,,12.6387,8.7691,12.2089,11.457
ISR,2025,PISA,reading,,,,,,,,,,,,,433.3749,435.8378,442.0088,,,,,0.28,0.0758,,5.4636,6.202,,,,12.6387,8.7691,12.2089,11.457
ISR,2025,PISA,science,,,,,,,,,,,,,433.3749,435.8378,442.0088,,,,,0.28,0.0758,,5.4636,6.202,,,,12.6387,8.7691,12.2089,11.457
ITA,2025,PISA,mathematics,,,,,,,,,,,,,467.7626,474.2896,482.9821,,,,,-0.1002,0.0739,-0.0647,5.6246,6.3627,,,,12.6384,8.7691,12.233,11.457
ITA,2025,PISA,reading,,,,,,,,,,,,,467.7626,474.2896,482.9821,,,,,-0.1002,0.0739,-0.0647,5.6246,6.3627,,,,12.6384,8.7691,12.233,11.457
ITA,2025,PISA,science,,,,,,,,,,,,,467.7626,474.2896,482.9821,,,,,-0.1002,0.0739,-0.0647,5.6246,6.3627,,,,12.6384,8.7691,12.233,11.457
JOR,2025,PISA,mathematics,,,,,,,,,,,,,387.5613,362.5982,406.9354,,,,,-0.8165,-1.3901,-0.2115,4.8765,5.1093,,,,,,,
JOR,2025,PISA,reading,,,,,,,,,,,,,387.5613,362.5982,406.9354,,,,,-0.8165,-1.3901,-0.2115,4.8765,5.1093,,,,,,,
JOR,2025,PISA,science,,,,,,,,,,,,,387.5613,362.5982,406.9354,,,,,-0.8165,-1.3901,-0.2115,4.8765,5.1093,,,,,,,
JPN,2025,PISA,mathematics,,,,,,,,,,,,,525.3758,502.7145,537.5862,,,,,-0.0068,-0.2167,0.246,5.8351,6.5975,,,,,,,
JPN,2025,PISA,reading,,,,,,,,,,,,,525.3758,502.7145,537.5862,,,,,-0.0068,-0.2167,0.246,5.8351,6.5975,,,,,,,
JPN,2025,PISA,science,,,,,,,,,,,,,525.3758,502.7145,537.5862,,,,,-0.0068,-0.2167,0.246,5.8351,6.5975,,,,,,,
KAZ,2025,PISA,mathematics,,,,,,,,,,,,,413.7149,384.7981,419.5476,,,,,-0.3724,-0.9941,-0.1429,5.61,6.4437,,,,,,,
KAZ,2025,PISA,reading,,,,,,,,,,,,,413.7149,384.7981,419.5476,,,,,-0.3724,-0.9941,-0.1429,5.61,6.4437,,,,,,,
KAZ,2025,PISA,science,,,,,,,,,,,,,413.7149,384.7981,419.5476,,,,,-0.3724,-0.9941,-0.1429,5.61,6.4437,,,,,,,
KEN,2025,PISA,mathematics,,,,,,,,,,,,,325.9354,320.214,334.9494,,,,,,,,,,,,,,,,
KEN,2025,PISA,reading,,,,,,,,,,,,,325.9354,320.214,334.9494,,,,,,,,,,,,,,,,
KEN,2025,PISA,science,,,,,,,,,,,,,325.9354,320.214,334.9494,,,,,,,,,,,,,,,,
KGZ,2025,PISA,mathematics,,,,,,,,,,,,,363.8064,344.3976,362.5294,,,,,,,,,,,,,,,,
KGZ,2025,PISA,reading,,,,,,,,,,,,,363.8064,344.3976,362.5294,,,,,,,,,,,,,,,,
KGZ,2025,PISA,science,,,,,,,,,,,,,363.8064,344.3976,362.5294,,,,,,,,,,,,,,,,
KHM,2025,PISA,mathematics,,,,,,,,,,,,,365.8417,347.2263,381.9351,,,,,-2.0113,-2.3418,-0.427,,,,,,,,,
KHM,2025,PISA,reading,,,,,,,,,,,,,365.8417,347.2263,381.9351,,,,,-2.0113,-2.3418,-0.427,,,,,,,,,
KHM,2025,PISA,science,,,,,,,,,,,,,365.8417,347.2263,381.9351,,,,,-2.0113,-2.3418,-0.427,,,,,,,,,
KOR,2025,PISA,mathematics,,,,,,,,,,,,,522.2978,500.5606,526.1053,,,,,0.2244,0.3564,0.2625,5.8703,6.5679,,,,12.6404,8.767,11.9715,11.4545
KOR,2025,PISA,reading,,,,,,,,,,,,,522.2978,500.5606,526.1053,,,,,0.2244,0.3564,0.2625,5.8703,6.5679,,,,12.6404,8.767,11.9715,11.4545
KOR,2025,PISA,science,,,,,,,,,,,,,522.2978,500.5606,526.1053,,,,,0.2244,0.3564,0.2625,5.8703,6.5679,,,,12.6404,8.767,11.9715,11.4545
KSV,2025,PISA,mathematics,,,,,,,,,,,,,350.4395,340.4644,357.0148,,,,,-0.3432,-0.6111,,,,,,,,,,
KSV,2025,PISA,reading,,,,,,,,,,,,,350.4395,340.4644,357.0148,,,,,-0.3432,-0.6111,,,,,,,,,,
KSV,2025,PISA,science,,,,,,,,,,,,,350.4395,340.4644,357.0148,,,,,-0.3432,-0.6111,,,,,,,,,,
LBN,2025,PISA,mathematics,,,,,,,,,,,,,377.1381,330.9027,372.0057,,,,,,,,,,,,,,,,
LBN,2025,PISA,reading,,,,,,,,,,,,,377.1381,330.9027,372.0057,,,,,,,,,,,,,,,,
LBN,2025,PISA,science,,,,,,,,,,,,,377.1381,330.9027,372.0057,,,,,,,,,,,,,,,,
LTU,2025,PISA,mathematics,,,,,,,,,,,,,470.4915,464.0538,487.739,,,,,0.0523,-0.0362,-0.0234,5.6529,6.439,,,,12.6363,8.7709,12.2463,11.4565
LTU,2025,PISA,reading,,,,,,,,,,,,,470.4915,464.0538,487.739,,,,,0.0523,-0.0362,-0.0234,5.6529,6.439,,,,12.6363,8.7709,12.2463,11.4565
LTU,2025,PISA,science,,,,,,,,,,,,,470.4915,464.0538,487.739,,,,,0.0523,-0.0362,-0.0234,5.6529,6.439,,,,12.6363,8.7709,12.2463,11.4565
LUX,2025,PISA,mathematics,,,,,,,,,,,,,458.143,443.2322,473.7703,,,,,,,,,,,,,,,,
LUX,2025,PISA,reading,,,,,,,,,,,,,458.143,443.2322,473.7703,,,,,,,,,,,,,,,,
LUX,2025,PISA,science,,,,,,,,,,,,,458.143,443.2322,473.7703,,,,,,,,,,,,,,,,
LVA,2025,PISA,mathematics,,,,,,,,,,,,,460.4927,429.6787,468.3674,,,,,-0.0095,0.0095,-0.2454,5.6926,6.4651,,,,,,,
LVA,2025,PISA,reading,,,,,,,,,,,,,460.4927,429.6787,468.3674,,,,,-0.0095,0.0095,-0.2454,5.6926,6.4651,,,,,,,
LVA,2025,PISA,science,,,,,,,,,,,,,460.4927,429.6787,468.3674,,,,,-0.0095,0.0095,-0.2454,5.6926,6.4651,,,,,,,
MAC,2025,PISA,mathematics,,,,,,,,,,,,,549.3016,501.0536,540.8139,,,,,-0.4489,-0.2534,-0.3115,5.8125,6.1535,,,,,,,
MAC,2025,PISA,reading,,,,,,,,,,,,,549.3016,501.0536,540.8139,,,,,-0.4489,-0.2534,-0.3115,5.8125,6.1535,,,,,,,
MAC,2025,PISA,science,,,,,,,,,,,,,549.3016,501.0536,540.8139,,,,,-0.4489,-0.2534,-0.3115,5.8125,6.1535,,,,,,,
MAR,2025,PISA,mathematics,,,,,,,,,,,,,354.7551,321.1271,357.9798,,,,,-1.7845,-1.7448,-0.2861,5.3604,6.1115,,,,,,,
MAR,2025,PISA,reading,,,,,,,,,,,,,354.7551,321.1271,357.9798,,,,,-1.7845,-1.7448,-0.2861,5.3604,6.1115,,,,,,,
MAR,2025,PISA,science,,,,,,,,,,,,,354.7551,321.1271,357.9798,,,,,-1.7845,-1.7448,-0.2861,5.3604,6.1115,,,,,,,
MDA,2025,PISA,mathematics,,,,,,,,,,,,,410.1301,403.7011,421.947,,,,,-0.5225,-0.8613,-0.0596,,,,,,,,,
MDA,2025,PISA,reading,,,,,,,,,,,,,410.1301,403.7011,421.947,,,,,-0.5225,-0.8613,-0.0596,,,,,,,,,
MDA,2025,PISA,science,,,,,,,,,,,,,410.1301,403.7011,421.947,,,,,-0.5225,-0.8613,-0.0596,,,,,,,,,
MEX,2025,PISA,mathematics,,,,,,,,,,,,,387.5872,407.9376,413.5654,,,,,-0.9524,-1.0832,-0.1832,,,,,,12.6375,8.7671,12.1408,11.4571
MEX,2025,PISA,reading,,,,,,,,,,,,,387.5872,407.9376,413.5654,,,,,-0.9524,-1.0832,-0.1832,,,,,,12.6375,8.7671,12.1408,11.4571
MEX,2025,PISA,science,,,,,,,,,,,,,387.5872,407.9376,413.5654,,,,,-0.9524,-1.0832,-0.1832,,,,,,12.6375,8.7671,12.1408,11.4571
MKD,2025,PISA,mathematics,,,,,,,,,,,,,379.792,357.4437,378.4981,,,,,-0.2798,-0.5,0.12,,,,,,,,,
MKD,2025,PISA,reading,,,,,,,,,,,,,379.792,357.4437,378.4981,,,,,-0.2798,-0.5,0.12,,,,,,,,,
MKD,2025,PISA,science,,,,,,,,,,,,,379.792,357.4437,378.4981,,,,,-0.2798,-0.5,0.12,,,,,,,,,
MLT,2025,PISA,mathematics,,,,,,,,,,,,,439.0827,414.6257,452.527,,,,,0.0192,0.2844,-0.237,5.5006,5.298,,,,,,,
MLT,2025,PISA,reading,,,,,,,,,,,,,439.0827,414.6257,452.527,,,,,0.0192,0.2844,-0.237,5.5006,5.298,,,,,,,
MLT,2025,PISA,science,,,,,,,,,,,,,439.0827,414.6257,452.527,,,,,0.0192,0.2844,-0.237,5.5006,5.298,,,,,,,
MNE,2025,PISA,mathematics,,,,,,,,,,,,,411.058,418.3713,435.1844,,,,,-0.2055,-0.2828,0.1357,,,,,,,,,
MNE,2025,PISA,reading,,,,,,,,,,,,,411.058,418.3713,435.1844,,,,,-0.2055,-0.2828,0.1357,,,,,,,,,
MNE,2025,PISA,science,,,,,,,,,,,,,411.058,418.3713,435.1844,,,,,-0.2055,-0.2828,0.1357,,,,,,,,,
MNG,2025,PISA,mathematics,,,,,,,,,,,,,418.6423,374.2527,424.0337,,,,,-0.7291,-1.3049,-0.1504,,,,,,,,,
MNG,2025,PISA,reading,,,,,,,,,,,,,418.6423,374.2527,424.0337,,,,,-0.7291,-1.3049,-0.1504,,,,,,,,,
MNG,2025,PISA,science,,,,,,,,,,,,,418.6423,374.2527,424.0337,,,,,-0.7291,-1.3049,-0.1504,,,,,,,,,
MUS,2025,PISA,mathematics,,,,,,,,,,,,,406.8548,405.3334,438.164,,,,,,,,,,,,,,,,
MUS,2025,PISA,reading,,,,,,,,,,,,,406.8548,405.3334,438.164,,,,,,,,,,,,,,,,
MUS,2025,PISA,science,,,,,,,,,,,,,406.8548,405.3334,438.164,,,,,,,,,,,,,,,,
MYS,2025,PISA,mathematics,,,,,,,,,,,,,397.4226,392.7719,419.2027,,,,,-0.6849,-0.9252,-0.2728,5.5201,6.0304,,,,,,,
MYS,2025,PISA,reading,,,,,,,,,,,,,397.4226,392.7719,419.2027,,,,,-0.6849,-0.9252,-0.2728,5.5201,6.0304,,,,,,,
MYS,2025,PISA,science,,,,,,,,,,,,,397.4226,392.7719,419.2027,,,,,-0.6849,-0.9252,-0.2728,5.5201,6.0304,,,,,,,
NLD,2025,PISA,mathematics,,,,,,,,,,,,,483.2703,441.3449,485.4514,,,,,0.2535,0.2653,0.1024,,,,,,12.6384,8.769,12.3083,11.457
NLD,2025,PISA,reading,,,,,,,,,,,,,483.2703,441.3449,485.4514,,,,,0.2535,0.2653,0.1024,,,,,,12.6384,8.769,12.3083,11.457
NLD,2025,PISA,science,,,,,,,,,,,,,483.2703,441.3449,485.4514,,,,,0.2535,0.2653,0.1024,,,,,,12.6384,8.769,12.3083,11.457
NOR,2025,PISA,mathematics,,,,,,,,,,,,,451.7801,452.8013,470.2123,,,,,0.5215,0.5462,0.2258,,,,,,12.6382,8.7689,12.3044,11.4566
NOR,2025,PISA,reading,,,,,,,,,,,,,451.7801,452.8013,470.2123,,,,,0.5215,0.5462,0.2258,,,,,,12.6382,8.7689,12.3044,11.4566
NOR,2025,PISA,science,,,,,,,,,,,,,451.7801,452.8013,470.2123,,,,,0.5215,0.5462,0.2258,,,,,,12.6382,8.7689,12.3044,11.4566
NZL,2025,PISA,mathematics,,,,,,,,,,,,,479.6191,497.0445,509.3979,,,,,0.2191,0.3636,-0.2878,,,,,,,,,
NZL,2025,PISA,reading,,,,,,,,,,,,,479.6191,497.0445,509.3979,,,,,0.2191,0.3636,-0.2878,,,,,,,,,
NZL,2025,PISA,science,,,,,,,,,,,,,479.6191,497.0445,509.3979,,,,,0.2191,0.3636,-0.2878,,,,,,,,,
PER,2025,PISA,mathematics,,,,,,,,,,,,,382.4394,390.1372,405.6005,,,,,-1.1535,-1.4398,-0.2025,,,,,,,,,
PER,2025,PISA,reading,,,,,,,,,,,,,382.4394,390.1372,405.6005,,,,,-1.1535,-1.4398,-0.2025,,,,,,,,,
PER,2025,PISA,science,,,,,,,,,,,,,382.4394,390.1372,405.6005,,,,,-1.1535,-1.4398,-0.2025,,,,,,,,,
PHL,2025,PISA,mathematics,,,,,,,,,,,,,370.6309,366.9185,373.3185,,,,,-1.3379,-1.7504,-0.3776,,,,,,,,,
PHL,2025,PISA,reading,,,,,,,,,,,,,370.6309,366.9185,373.3185,,,,,-1.3379,-1.7504,-0.3776,,,,,,,,,
PHL,2025,PISA,science,,,,,,,,,,,,,370.6309,366.9185,373.3185,,,,,-1.3379,-1.7504,-0.3776,,,,,,,,,
POL,2025,PISA,mathematics,,,,,,,,,,,,,484.1209,481.5374,495.067,,,,,-0.1051,0.0532,-0.3121,5.6086,6.1169,,,,,,,
POL,2025,PISA,reading,,,,,,,,,,,,,484.1209,481.5374,495.067,,,,,-0.1051,0.0532,-0.3121,5.6086,6.1169,,,,,,,
POL,2025,PISA,science,,,,,,,,,,,,,484.1209,481.5374,495.067,,,,,-0.1051,0.0532,-0.3121,5.6086,6.1169,,,,,,,
PRT,2025,PISA,mathematics,,,,,,,,,,,,,459.943,462.0274,481.716,,,,,-0.2264,0.0499,0.0844,,,,,,,,,
PRT,2025,PISA,reading,,,,,,,,,,,,,459.943,462.0274,481.716,,,,,-0.2264,0.0499,0.0844,,,,,,,,,
PRT,2025,PISA,science,,,,,,,,,,,,,459.943,462.0274,481.716,,,,,-0.2264,0.0499,0.0844,,,,,,,,,
PRY,2025,PISA,mathematics,,,,,,,,,,,,,333.7307,352.2158,355.2441,,,,,-1.2449,-1.563,-0.242,,,,,,,,,
PRY,2025,PISA,reading,,,,,,,,,,,,,333.7307,352.2158,355.2441,,,,,-1.2449,-1.563,-0.242,,,,,,,,,
PRY,2025,PISA,science,,,,,,,,,,,,,333.7307,352.2158,355.2441,,,,,-1.2449,-1.563,-0.242,,,,,,,,,
PSE,2025,PISA,mathematics,,,,,,,,,,,,,354.337,349.8762,358.7395,,,,,-0.9119,-1.5273,-0.1668,,,,,,,,,
PSE,2025,PISA,reading,,,,,,,,,,,,,354.337,349.8762,358.7395,,,,,-0.9119,-1.5273,-0.1668,,,,,,,,,
PSE,2025,PISA,science,,,,,,,,,,,,,354.337,349.8762,358.7395,,,,,-0.9119,-1.5273,-0.1668,,,,,,,,,
QAT,2025,PISA,mathematics,,,,,,,,,,,,,416.1618,418.0284,434.3997,,,,,0.1075,-0.4698,-0.1562,,,,,,,,,
QAT,2025,PISA,reading,,,,,,,,,,,,,416.1618,418.0284,434.3997,,,,,0.1075,-0.4698,-0.1562,,,,,,,,,
QAT,2025,PISA,science,,,,,,,,,,,,,416.1618,418.0284,434.3997,,,,,0.1075,-0.4698,-0.1562,,,,,,,,,
QCI,2025,PISA,mathematics,,,,,,,,,,,,,612.4297,526.5182,597.0438,,,,,,,,,,,,,,,,
QCI,2025,PISA,reading,,,,,,,,,,,,,612.4297,526.5182,597.0438,,,,,,,,,,,,,,,,
QCI,2025,PISA,science,,,,,,,,,,,,,612.4297,526.5182,597.0438,,,,,,,,,,,,,,,,
QKI,2025,PISA,mathematics,,,,,,,,,,,,,338.7574,311.5303,352.1914,,,,,,,,,,,,,,,,
QKI,2025,PISA,reading,,,,,,,,,,,,,338.7574,311.5303,352.1914,,,,,,,,,,,,,,,,
QKI,2025,PISA,science,,,,,,,,,,,,,338.7574,311.5303,352.1914,,,,,,,,,,,,,,,,
QTJ,2025,PISA,mathematics,,,,,,,,,,,,,382.1373,368.0838,333.7648,,,,,,,,,,,,,,,,
QTJ,2025,PISA,reading,,,,,,,,,,,,,382.1373,368.0838,333.7648,,,,,,,,,,,,,,,,
QTJ,2025,PISA,science,,,,,,,,,,,,,382.1373,368.0838,333.7648,,,,,,,,,,,,,,,,
QUA,2025,PISA,mathematics,,,,,,,,,,,,,430.992,418.4229,448.0823,,,,,,,,,,,,,,,,
QUA,2025,PISA,reading,,,,,,,,,,,,,430.992,418.4229,448.0823,,,,,,,,,,,,,,,,
QUA,2025,PISA,science,,,,,,,,,,,,,430.992,418.4229,448.0823,,,,,,,,,,,,,,,,
ROU,2025,PISA,mathematics,,,,,,,,,,,,,419.1242,412.9495,424.7091,,,,,-0.3621,-0.4783,-0.0173,5.5124,6.1784,,,,12.6372,8.77,12.1229,11.4577
ROU,2025,PISA,reading,,,,,,,,,,,,,419.1242,412.9495,424.7091,,,,,-0.3621,-0.4783,-0.0173,5.5124,6.1784,,,,12.6372,8.77,12.1229,11.4577
ROU,2025,PISA,science,,,,,,,,,,,,,419.1242,412.9495,424.7091,,,,,-0.3621,-0.4783,-0.0173,5.5124,6.1784,,,,12.6372,8.77,12.1229,11.4577
RWA,2025,PISA,mathematics,,,,,,,,,,,,,311.6483,300.9439,317.2865,,,,,,,,,,,,,,,,
RWA,2025,PISA,reading,,,,,,,,,,,,,311.6483,300.9439,317.2865,,,,,,,,,,,,,,,,
RWA,2025,PISA,science,,,,,,,,,,,,,311.6483,300.9439,317.2865,,,,,,,,,,,,,,,,
SAU,2025,PISA,mathematics,,,,,,,,,,,,,389.8859,387.2841,413.4301,,,,,-0.2896,-0.6948,0.0021,5.2651,5.7248,,,,12.6378,8.7698,11.9634,11.4538
SAU,2025,PISA,reading,,,,,,,,,,,,,389.8859,387.2841,413.4301,,,,,-0.2896,-0.6948,0.0021,5.2651,5.7248,,,,12.6378,8.7698,11.9634,11.4538
SAU,2025,PISA,science,,,,,,,,,,,,,389.8859,387.2841,413.4301,,,,,-0.2896,-0.6948,0.0021,5.2651,5.7248,,,,12.6378,8.7698,11.9634,11.4538
SGP,2025,PISA,mathematics,,,,,,,,,,,,,562.8975,534.9,559.8506,,,,,0.3064,0.144,-0.2249,5.7331,6.6022,,,,12.6407,8.7684,12.1645,11.4564
SGP,2025,PISA,reading,,,,,,,,,,,,,562.8975,534.9,559.8506,,,,,0.3064,0.144,-0.2249,5.7331,6.6022,,,,12.6407,8.7684,12.1645,11.4564
SGP,2025,PISA,science,,,,,,,,,,,,,562.8975,534.9,559.8506,,,,,0.3064,0.144,-0.2249,5.7331,6.6022,,,,12.6407,8.7684,12.1645,11.4564
SLV,2025,PISA,mathematics,,,,,,,,,,,,,346.2498,366.4317,384.6732,,,,,-1.3916,-1.626,-0.269,,,,,,,,,
SLV,2025,PISA,reading,,,,,,,,,,,,,346.2498,366.4317,384.6732,,,,,-1.3916,-1.626,-0.269,,,,,,,,,
SLV,2025,PISA,science,,,,,,,,,,,,,346.2498,366.4317,384.6732,,,,,-1.3916,-1.626,-0.269,,,,,,,,,
SRB,2025,PISA,mathematics,,,,,,,,,,,,,416.7354,414.5985,428.9946,,,,,-0.2024,-0.2305,0.1805,,,,,,,,,
SRB,2025,PISA,reading,,,,,,,,,,,,,416.7354,414.5985,428.9946,,,,,-0.2024,-0.2305,0.1805,,,,,,,,,
SRB,2025,PISA,science,,,,,,,,,,,,,416.7354,414.5985,428.9946,,,,,-0.2024,-0.2305,0.1805,,,,,,,,,
SVK,2025,PISA,mathematics,,,,,,,,,,,,,469.0983,447.9671,474.8721,,,,,-0.303,-0.2331,-0.2007,5.5267,6.2143,,,,12.6383,8.7691,12.2881,11.4569
SVK,2025,PISA,reading,,,,,,,,,,,,,469.0983,447.9671,474.8721,,,,,-0.303,-0.2331,-0.2007,5.5267,6.2143,,,,12.6383,8.7691,12.2881,11.4569
SVK,2025,PISA,science,,,,,,,,,,,,,469.0983,447.9671,474.8721,,,,,-0.303,-0.2331,-0.2007,5.5267,6.2143,,,,12.6383,8.7691,12.2881,11.4569
SVN,2025,PISA,mathematics,,,,,,,,,,,,,459.8356,444.7476,483.722,,,,,0.2258,0.2309,0.0386,5.7017,6.5605,,,,12.6385,8.7694,10.1697,11.4569
SVN,2025,PISA,reading,,,,,,,,,,,,,459.8356,444.7476,483.722,,,,,0.2258,0.2309,0.0386,5.7017,6.5605,,,,12.6385,8.7694,10.1697,11.4569
SVN,2025,PISA,science,,,,,,,,,,,,,459.8356,444.7476,483.722,,,,,0.2258,0.2309,0.0386,5.7017,6.5605,,,,12.6385,8.7694,10.1697,11.4569
SWE,2025,PISA,mathematics,,,,,,,,,,,,,464.2512,466.4363,485.1107,,,,,0.3266,0.3194,0.0883,5.6096,6.1616,,,,,,,
SWE,2025,PISA,reading,,,,,,,,,,,,,464.2512,466.4363,485.1107,,,,,0.3266,0.3194,0.0883,5.6096,6.1616,,,,,,,
SWE,2025,PISA,science,,,,,,,,,,,,,464.2512,466.4363,485.1107,,,,,0.3266,0.3194,0.0883,5.6096,6.1616,,,,,,,
TAP,2025,PISA,mathematics,,,,,,,,,,,,,546.1891,507.788,539.7017,,,,,-0.1854,-0.3315,0.013,5.7912,6.2615,,,,,,,
TAP,2025,PISA,reading,,,,,,,,,,,,,546.1891,507.788,539.7017,,,,,-0.1854,-0.3315,0.013,5.7912,6.2615,,,,,,,
TAP,2025,PISA,science,,,,,,,,,,,,,546.1891,507.788,539.7017,,,,,-0.1854,-0.3315,0.013,5.7912,6.2615,,,,,,,
THA,2025,PISA,mathematics,,,,,,,,,,,,,406.7648,391.8296,432.2405,,,,,-1.231,-1.4271,-0.3433,5.6141,6.4879,,,,,,,
THA,2025,PISA,reading,,,,,,,,,,,,,406.7648,391.8296,432.2405,,,,,-1.231,-1.4271,-0.3433,5.6141,6.4879,,,,,,,
THA,2025,PISA,science,,,,,,,,,,,,,406.7648,391.8296,432.2405,,,,,-1.231,-1.4271,-0.3433,5.6141,6.4879,,,,,,,
TUR,2025,PISA,mathematics,,,,,,,,,,,,,461.5466,472.0955,494.2691,,,,,-1.1854,-1.0345,-0.3005,5.5624,6.3446,,,,12.638,8.7724,12.9966,11.4571
TUR,2025,PISA,reading,,,,,,,,,,,,,461.5466,472.0955,494.2691,,,,,-1.1854,-1.0345,-0.3005,5.5624,6.3446,,,,12.638,8.7724,12.9966,11.4571
TUR,2025,PISA,science,,,,,,,,,,,,,461.5466,472.0955,494.2691,,,,,-1.1854,-1.0345,-0.3005,5.5624,6.3446,,,,12.638,8.7724,12.9966,11.4571
URY,2025,PISA,mathematics,,,,,,,,,,,,,404.8788,423.2127,444.5493,,,,,-0.8329,-0.7676,-0.0823,5.319,5.9145,,,,,,,
URY,2025,PISA,reading,,,,,,,,,,,,,404.8788,423.2127,444.5493,,,,,-0.8329,-0.7676,-0.0823,5.319,5.9145,,,,,,,
URY,2025,PISA,science,,,,,,,,,,,,,404.8788,423.2127,444.5493,,,,,-0.8329,-0.7676,-0.0823,5.319,5.9145,,,,,,,
USA,2025,PISA,mathematics,,,,,,,,,,,,,462.8478,489.5189,501.5832,,,,,0.0562,0.1247,-0.262,5.7192,6.6162,,,,,,,
USA,2025,PISA,reading,,,,,,,,,,,,,462.8478,489.5189,501.5832,,,,,0.0562,0.1247,-0.262,5.7192,6.6162,,,,,,,
USA,2025,PISA,science,,,,,,,,,,,,,462.8478,489.5189,501.5832,,,,,0.0562,0.1247,-0.262,5.7192,6.6162,,,,,,,
UZB,2025,PISA,science,,,,,,,,,,,,,,,437.597,,,,,-0.6887,-1.3062,0.0831,,,,,,,,,
VNM,2025,PISA,mathematics,,,,,,,,,,,,,443.186,391.5367,457.4209,,,,,-1.2884,-1.274,-0.2822,,,,,,12.6385,8.7695,14.6792,11.4586
VNM,2025,PISA,reading,,,,,,,,,,,,,443.186,391.5367,457.4209,,,,,-1.2884,-1.274,-0.2822,,,,,,12.6385,8.7695,14.6792,11.4586
VNM,2025,PISA,science,,,,,,,,,,,,,443.186,391.5367,457.4209,,,,,-1.2884,-1.274,-0.2822,,,,,,12.6385,8.7695,14.6792,11.4586
ZMB,2025,PISA,mathematics,,,,,,,,,,,,,313.6333,324.8781,336.9547,,,,,,,,,,,,,,,,
ZMB,2025,PISA,reading,,,,,,,,,,,,,313.6333,324.8781,336.9547,,,,,,,,,,,,,,,,
ZMB,2025,PISA,science,,,,,,,,,,,,,313.6333,324.8781,336.9547,,,,,,,,,,,,,,,,
AUT,1995,TIMSS,mathematics,,,,,,,,,,,,,,,,,,517.2892,521.3768,,,,,,,,,,,,
AUT,1995,TIMSS,science,,,,,,,,,,,,,,,,,,517.2892,521.3768,,,,,,,,,,,,
BFL,1995,TIMSS,mathematics,,,,,,,,,,,,,,,,,,548.3267,525.0407,,,,,,,,,,,,
BFL,1995,TIMSS,science,,,,,,,,,,,,,,,,,,548.3267,525.0407,,,,,,,,,,,,
BFR,1995,TIMSS,mathematics,,,,,,,,,,,,,,,,,,511.7411,452.8101,,,,,,,,,,,,
BFR,1995,TIMSS,science,,,,,,,,,,,,,,,,,,511.7411,452.8101,,,,,,,,,,,,
CAN,1995,TIMSS,mathematics,,,,,,,,,,,,,,,,,,505.7743,499.9413,,,,,,,,,,,,
CAN,1995,TIMSS,science,,,,,,,,,,,,,,,,,,505.7743,499.9413,,,,,,,,,,,,
CHE,1995,TIMSS,mathematics,,,,,,,,,,,,,,,,,,533.5459,507.9485,,,,,,,,,,,,
CHE,1995,TIMSS,science,,,,,,,,,,,,,,,,,,533.5459,507.9485,,,,,,,,,,,,
COL,1995,TIMSS,mathematics,,,,,,,,,,,,,,,,,,345.04,378.0737,,,,,,,,,,,,
COL,1995,TIMSS,science,,,,,,,,,,,,,,,,,,345.04,378.0737,,,,,,,,,,,,
CYP,1995,TIMSS,mathematics,,,,,,,,,,,,,,,,435.4924,416.9639,451.446,429.0906,,,,,,,,,,,,
CYP,1995,TIMSS,science,,,,,,,,,,,,,,,,435.4924,416.9639,451.446,429.0906,,,,,,,,,,,,
CZE,1995,TIMSS,mathematics,,,,,,,,,,,,,,,,505.7637,500.7487,529.102,538.0504,,,,,,,,,,,,
CZE,1995,TIMSS,science,,,,,,,,,,,,,,,,505.7637,500.7487,529.102,538.0504,,,,,,,,,,,,
DEU,1995,TIMSS,mathematics,,,,,,,,,,,,,,,,,,492.385,503.5824,,,,,,,,,,,,
DEU,1995,TIMSS,science,,,,,,,,,,,,,,,,,,492.385,503.5824,,,,,,,,,,,,
DNK,1995,TIMSS,mathematics,,,,,,,,,,,,,,,,,,482.3368,454.5577,,,,,,,,,,,,
DNK,1995,TIMSS,science,,,,,,,,,,,,,,,,,,482.3368,454.5577,,,,,,,,,,,,
ENG,1995,TIMSS,mathematics,,,,,,,,,,,,,,,,453.0551,501.0653,483.5895,516.3168,,,,,,,,,,,,
ENG,1995,TIMSS,science,,,,,,,,,,,,,,,,453.0551,501.0653,483.5895,516.3168,,,,,,,,,,,,
ESP,1995,TIMSS,mathematics,,,,,,,,,,,,,,,,,,463.333,485.768,,,,,,,,,,,,
ESP,1995,TIMSS,science,,,,,,,,,,,,,,,,,,463.333,485.768,,,,,,,,,,,,
GRC,1995,TIMSS,mathematics,,,,,,,,,,,,,,,,428.48,446.8421,454.9902,461.3512,,,,,,,,,,,,
GRC,1995,TIMSS,science,,,,,,,,,,,,,,,,428.48,446.8421,454.9902,461.3512,,,,,,,,,,,,
IRL,1995,TIMSS,mathematics,,,,,,,,,,,,,,,,,,507.7519,498.3518,,,,,,,,,,,,
IRL,1995,TIMSS,science,,,,,,,,,,,,,,,,,,507.7519,498.3518,,,,,,,,,,,,
IRN,1995,TIMSS,mathematics,,,,,,,,,,,,,,,,356.6559,341.3351,397.6076,446.6397,,,,,,,,,,,,
IRN,1995,TIMSS,science,,,,,,,,,,,,,,,,356.6559,341.3351,397.6076,446.6397,,,,,,,,,,,,
ISR,1995,TIMSS,mathematics,,,,,,,,,,,,,,,,505.3744,482.4728,513.3149,508.9575,,,,,,,,,,,,
ISR,1995,TIMSS,science,,,,,,,,,,,,,,,,505.3744,482.4728,513.3149,508.9575,,,,,,,,,,,,
ITA,1995,TIMSS,mathematics,,,,,,,,,,,,,,,,,,471.8647,476.9163,,,,,,,,,,,,
ITA,1995,TIMSS,science,,,,,,,,,,,,,,,,,,471.8647,476.9163,,,,,,,,,,,,
JPN,1995,TIMSS,mathematics,,,,,,,,,,,,,,,,540.5077,527.565,568.9289,538.1906,,,,,,,,,,,,
JPN,1995,TIMSS,science,,,,,,,,,,,,,,,,540.5077,527.565,568.9289,538.1906,,,,,,,,,,,,
LTU,1995,TIMSS,mathematics,,,,,,,,,,,,,,,,,,447.7643,429.947,,,,,,,,,,,,
LTU,1995,TIMSS,science,,,,,,,,,,,,,,,,,,447.7643,429.947,,,,,,,,,,,,
LVA,1995,TIMSS,mathematics,,,,,,,,,,,,,,,,469.3679,464.874,472.355,449.5737,,,,,,,,,,,,
LVA,1995,TIMSS,science,,,,,,,,,,,,,,,,469.3679,464.874,472.355,449.5737,,,,,,,,,,,,
NOR,1995,TIMSS,mathematics,,,,,,,,,,,,,,,,432.1461,461.7301,478.9983,494.6488,,,,,,,,,,,,
NOR,1995,TIMSS,science,,,,,,,,,,,,,,,,432.1461,461.7301,478.9983,494.6488,,,,,,,,,,,,
NZL,1995,TIMSS,mathematics,,,,,,,,,,,,,,,,437.2578,477.4337,483.7564,490.1169,,,,,,,,,,,,
NZL,1995,TIMSS,science,,,,,,,,,,,,,,,,437.2578,477.4337,483.7564,490.1169,,,,,,,,,,,,
PRT,1995,TIMSS,mathematics,,,,,,,,,,,,,,,,415.6327,422.133,433.5919,444.4094,,,,,,,,,,,,
PRT,1995,TIMSS,science,,,,,,,,,,,,,,,,415.6327,422.133,433.5919,444.4094,,,,,,,,,,,,
ROM,1995,TIMSS,mathematics,,,,,,,,,,,,,,,,,,460.2217,455.026,,,,,,,,,,,,
ROM,1995,TIMSS,science,,,,,,,,,,,,,,,,,,460.2217,455.026,,,,,,,,,,,,
RUS,1995,TIMSS,mathematics,,,,,,,,,,,,,,,,,,508.739,496.849,,,,,,,,,,,,
RUS,1995,TIMSS,science,,,,,,,,,,,,,,,,,,508.739,496.849,,,,,,,,,,,,
SVN,1995,TIMSS,mathematics,,,,,,,,,,,,,,,,493.626,493.1684,512.0384,526.9626,,,,,,,,,,,,
SVN,1995,TIMSS,science,,,,,,,,,,,,,,,,493.626,493.1684,512.0384,526.9626,,,,,,,,,,,,
SWE,1995,TIMSS,mathematics,,,,,,,,,,,,,,,,,,510.1058,520.1569,,,,,,,,,,,,
SWE,1995,TIMSS,science,,,,,,,,,,,,,,,,,,510.1058,520.1569,,,,,,,,,,,,
THA,1995,TIMSS,mathematics,,,,,,,,,,,,,,,,440.194,425.5455,503.7922,495.5945,,,,,,,,,,,,
THA,1995,TIMSS,science,,,,,,,,,,,,,,,,440.194,425.5455,503.7922,495.5945,,,,,,,,,,,,
USA,1995,TIMSS,mathematics,,,,,,,,,,,,,,,,485.1006,513.8748,480.4901,500.6289,,,,,,,,,,,,
USA,1995,TIMSS,science,,,,,,,,,,,,,,,,485.1006,513.8748,480.4901,500.6289,,,,,,,,,,,,
AUS,1999,TIMSS,mathematics,,,,,,,,,,,,,,,,,,525.0803,540.2582,,,,,,,,,,,,
AUS,1999,TIMSS,science,,,,,,,,,,,,,,,,,,525.0803,540.2582,,,,,,,,,,,,
BFL,1999,TIMSS,mathematics,,,,,,,,,,,,,,,,,,557.9584,534.8579,,,,,,,,,,,,
BFL,1999,TIMSS,science,,,,,,,,,,,,,,,,,,557.9584,534.8579,,,,,,,,,,,,
BGR,1999,TIMSS,mathematics,,,,,,,,,,,,,,,,,,510.5905,518.011,,,,,,,,,,,,
BGR,1999,TIMSS,science,,,,,,,,,,,,,,,,,,510.5905,518.011,,,,,,,,,,,,
CAN,1999,TIMSS,mathematics,,,,,,,,,,,,,,,,,,530.7527,533.082,,,,,,,,,,,,
CAN,1999,TIMSS,science,,,,,,,,,,,,,,,,,,530.7527,533.082,,,,,,,,,,,,
CYP,1999,TIMSS,mathematics,,,,,,,,,,,,,,,,,,476.3821,460.2383,,,,,,,,,,,,
CYP,1999,TIMSS,science,,,,,,,,,,,,,,,,,,476.3821,460.2383,,,,,,,,,,,,
CZE,1999,TIMSS,mathematics,,,,,,,,,,,,,,,,,,519.874,539.4169,,,,,,,,,,,,
CZE,1999,TIMSS,science,,,,,,,,,,,,,,,,,,519.874,539.4169,,,,,,,,,,,,
ENG,1999,TIMSS,mathematics,,,,,,,,,,,,,,,,,,496.33,538.4682,,,,,,,,,,,,
ENG,1999,TIMSS,science,,,,,,,,,,,,,,,,,,496.33,538.4682,,,,,,,,,,,,
FIN,1999,TIMSS,mathematics,,,,,,,,,,,,,,,,,,520.4518,535.2068,,,,,,,,,,,,
FIN,1999,TIMSS,science,,,,,,,,,,,,,,,,,,520.4518,535.2068,,,,,,,,,,,,
HKG,1999,TIMSS,mathematics,,,,,,,,,,,,,,,,,,582.0556,529.5473,,,,,,,,,,,,
HKG,1999,TIMSS,science,,,,,,,,,,,,,,,,,,582.0556,529.5473,,,,,,,,,,,,
HUN,1999,TIMSS,mathematics,,,,,,,,,,,,,,,,,,531.6012,552.3812,,,,,,,,,,,,
HUN,1999,TIMSS,science,,,,,,,,,,,,,,,,,,531.6012,552.3812,,,,,,,,,,,,
IDN,1999,TIMSS,mathematics,,,,,,,,,,,,,,,,,,403.0701,435.4725,,,,,,,,,,,,
IDN,1999,TIMSS,science,,,,,,,,,,,,,,,,,,403.0701,435.4725,,,,,,,,,,,,
IRN,1999,TIMSS,mathematics,,,,,,,,,,,,,,,,,,422.1482,448.0025,,,,,,,,,,,,
IRN,1999,TIMSS,science,,,,,,,,,,,,,,,,,,422.1482,448.0025,,,,,,,,,,,,
ISR,1999,TIMSS,mathematics,,,,,,,,,,,,,,,,,,466.336,468.0621,,,,,,,,,,,,
ISR,1999,TIMSS,science,,,,,,,,,,,,,,,,,,466.336,468.0621,,,,,,,,,,,,
ITA,1999,TIMSS,mathematics,,,,,,,,,,,,,,,,,,479.4788,493.2808,,,,,,,,,,,,
ITA,1999,TIMSS,science,,,,,,,,,,,,,,,,,,479.4788,493.2808,,,,,,,,,,,,
JOR,1999,TIMSS,mathematics,,,,,,,,,,,,,,,,,,427.664,450.3428,,,,,,,,,,,,
JOR,1999,TIMSS,science,,,,,,,,,,,,,,,,,,427.664,450.3428,,,,,,,,,,,,
KOR,1999,TIMSS,mathematics,,,,,,,,,,,,,,,,,,587.1518,548.6424,,,,,,,,,,,,
KOR,1999,TIMSS,science,,,,,,,,,,,,,,,,,,587.1518,548.6424,,,,,,,,,,,,
LTU,1999,TIMSS,mathematics,,,,,,,,,,,,,,,,,,481.5673,488.1521,,,,,,,,,,,,
LTU,1999,TIMSS,science,,,,,,,,,,,,,,,,,,481.5673,488.1521,,,,,,,,,,,,
LVA,1999,TIMSS,mathematics,,,,,,,,,,,,,,,,,,505.0591,502.6928,,,,,,,,,,,,
LVA,1999,TIMSS,science,,,,,,,,,,,,,,,,,,505.0591,502.6928,,,,,,,,,,,,
MAR,1999,TIMSS,mathematics,,,,,,,,,,,,,,,,,,336.5966,322.8162,,,,,,,,,,,,
MAR,1999,TIMSS,science,,,,,,,,,,,,,,,,,,336.5966,322.8162,,,,,,,,,,,,
MDA,1999,TIMSS,mathematics,,,,,,,,,,,,,,,,,,469.2306,459.137,,,,,,,,,,,,
MDA,1999,TIMSS,science,,,,,,,,,,,,,,,,,,469.2306,459.137,,,,,,,,,,,,
MKD,1999,TIMSS,mathematics,,,,,,,,,,,,,,,,,,446.6035,458.0946,,,,,,,,,,,,
MKD,1999,TIMSS,science,,,,,,,,,,,,,,,,,,446.6035,458.0946,,,,,,,,,,,,
MYS,1999,TIMSS,mathematics,,,,,,,,,,,,,,,,,,519.2561,492.4313,,,,,,,,,,,,
MYS,1999,TIMSS,science,,,,,,,,,,,,,,,,,,519.2561,492.4313,,,,,,,,,,,,
NLD,1999,TIMSS,mathematics,,,,,,,,,,,,,,,,,,539.8754,544.7493,,,,,,,,,,,,
NLD,1999,TIMSS,science,,,,,,,,,,,,,,,,,,539.8754,544.7493,,,,,,,,,,,,
NZL,1999,TIMSS,mathematics,,,,,,,,,,,,,,,,,,490.9674,509.6338,,,,,,,,,,,,
NZL,1999,TIMSS,science,,,,,,,,,,,,,,,,,,490.9674,509.6338,,,,,,,,,,,,
PHL,1999,TIMSS,mathematics,,,,,,,,,,,,,,,,,,344.9052,345.2293,,,,,,,,,,,,
PHL,1999,TIMSS,science,,,,,,,,,,,,,,,,,,344.9052,345.2293,,,,,,,,,,,,
ROM,1999,TIMSS,mathematics,,,,,,,,,,,,,,,,,,472.4399,471.8655,,,,,,,,,,,,
ROM,1999,TIMSS,science,,,,,,,,,,,,,,,,,,472.4399,471.8655,,,,,,,,,,,,
RUS,1999,TIMSS,mathematics,,,,,,,,,,,,,,,,,,526.0227,529.22,,,,,,,,,,,,
RUS,1999,TIMSS,science,,,,,,,,,,,,,,,,,,526.0227,529.22,,,,,,,,,,,,
SGP,1999,TIMSS,mathematics,,,,,,,,,,,,,,,,,,604.3935,567.8942,,,,,,,,,,,,
SGP,1999,TIMSS,science,,,,,,,,,,,,,,,,,,604.3935,567.8942,,,,,,,,,,,,
SVK,1999,TIMSS,mathematics,,,,,,,,,,,,,,,,,,533.9532,535.0093,,,,,,,,,,,,
SVK,1999,TIMSS,science,,,,,,,,,,,,,,,,,,533.9532,535.0093,,,,,,,,,,,,
SVN,1999,TIMSS,mathematics,,,,,,,,,,,,,,,,,,530.1125,533.2546,,,,,,,,,,,,
SVN,1999,TIMSS,science,,,,,,,,,,,,,,,,,,530.1125,533.2546,,,,,,,,,,,,
THA,1999,TIMSS,mathematics,,,,,,,,,,,,,,,,,,467.3774,482.314,,,,,,,,,,,,
THA,1999,TIMSS,science,,,,,,,,,,,,,,,,,,467.3774,482.314,,,,,,,,,,,,
TUN,1999,TIMSS,mathematics,,,,,,,,,,,,,,,,,,447.9252,429.5117,,,,,,,,,,,,
TUN,1999,TIMSS,science,,,,,,,,,,,,,,,,,,447.9252,429.5117,,,,,,,,,,,,
TUR,1999,TIMSS,mathematics,,,,,,,,,,,,,,,,,,428.6056,432.951,,,,,,,,,,,,
TUR,1999,TIMSS,science,,,,,,,,,,,,,,,,,,428.6056,432.951,,,,,,,,,,,,
ARM,2003,TIMSS,mathematics,,,,,,,,,,,,,,,,455.9249,436.5281,478.1272,461.2667,,,,,,,,,,,,
ARM,2003,TIMSS,science,,,,,,,,,,,,,,,,455.9249,436.5281,478.1272,461.2667,,,,,,,,,,,,
BFL,2003,TIMSS,mathematics,,,,,,,,,,,,,,,,550.6008,518.3421,536.7097,515.5065,,,,,,,,,,,,
BFL,2003,TIMSS,science,,,,,,,,,,,,,,,,550.6008,518.3421,536.7097,515.5065,,,,,,,,,,,,
BGR,2003,TIMSS,mathematics,,,,,,,,,,,,,,,,,,476.1686,478.8431,,,,,,,,,,,,
BGR,2003,TIMSS,science,,,,,,,,,,,,,,,,,,476.1686,478.8431,,,,,,,,,,,,
BHR,2003,TIMSS,mathematics,,,,,,,,,,,,,,,,,,401.1962,438.2555,,,,,,,,,,,,
BHR,2003,TIMSS,science,,,,,,,,,,,,,,,,,,401.1962,438.2555,,,,,,,,,,,,
BSQ,2003,TIMSS,mathematics,,,,,,,,,,,,,,,,,,487.0615,488.7535,,,,,,,,,,,,
BSQ,2003,TIMSS,science,,,,,,,,,,,,,,,,,,487.0615,488.7535,,,,,,,,,,,,
CHL,2003,TIMSS,mathematics,,,,,,,,,,,,,,,,,,386.8802,412.8508,,,,,,,,,,,,
CHL,2003,TIMSS,science,,,,,,,,,,,,,,,,,,386.8802,412.8508,,,,,,,,,,,,
COT,2003,TIMSS,mathematics,,,,,,,,,,,,,,,,511.1842,540.205,520.9319,532.9198,,,,,,,,,,,,
COT,2003,TIMSS,science,,,,,,,,,,,,,,,,511.1842,540.205,520.9319,532.9198,,,,,,,,,,,,
CQU,2003,TIMSS,mathematics,,,,,,,,,,,,,,,,505.8475,500.3921,543.0746,531.0131,,,,,,,,,,,,
CQU,2003,TIMSS,science,,,,,,,,,,,,,,,,505.8475,500.3921,543.0746,531.0131,,,,,,,,,,,,
CYP,2003,TIMSS,mathematics,,,,,,,,,,,,,,,,,,459.3659,441.4736,,,,,,,,,,,,
CYP,2003,TIMSS,science,,,,,,,,,,,,,,,,,,459.3659,441.4736,,,,,,,,,,,,
EGY,2003,TIMSS,mathematics,,,,,,,,,,,,,,,,,,406.1682,421.1171,,,,,,,,,,,,
EGY,2003,TIMSS,science,,,,,,,,,,,,,,,,,,406.1682,421.1171,,,,,,,,,,,,
ENG,2003,TIMSS,mathematics,,,,,,,,,,,,,,,,531.1823,540.2402,498.4637,543.8965,,,,,,,,,,,,
ENG,2003,TIMSS,science,,,,,,,,,,,,,,,,531.1823,540.2402,498.4637,543.8965,,,,,,,,,,,,
EST,2003,TIMSS,mathematics,,,,,,,,,,,,,,,,,,530.9155,552.2576,,,,,,,,,,,,
EST,2003,TIMSS,science,,,,,,,,,,,,,,,,,,530.9155,552.2576,,,,,,,,,,,,
GHA,2003,TIMSS,mathematics,,,,,,,,,,,,,,,,,,275.7042,255.3242,,,,,,,,,,,,
GHA,2003,TIMSS,science,,,,,,,,,,,,,,,,,,275.7042,255.3242,,,,,,,,,,,,
HKG,2003,TIMSS,mathematics,,,,,,,,,,,,,550.3832,509.5352,539.4975,574.7823,542.4826,586.0515,556.0891,,,,,,,,,,,,
HKG,2003,TIMSS,science,,,,,,,,,,,,,550.3832,509.5352,539.4975,574.7823,542.4826,586.0515,556.0891,,,,,,,,,,,,
HUN,2003,TIMSS,mathematics,,,,,,,,,,,,,490.0124,481.8697,503.2789,528.5023,529.7275,529.2745,542.7608,,,,,,,,,,,,
HUN,2003,TIMSS,science,,,,,,,,,,,,,490.0124,481.8697,503.2789,528.5023,529.7275,529.2745,542.7608,,,,,,,,,,,,
ISR,2003,TIMSS,mathematics,,,,,,,,,,,,,,,,,,495.6478,488.2002,,,,,,,,,,,,
ISR,2003,TIMSS,science,,,,,,,,,,,,,,,,,,495.6478,488.2002,,,,,,,,,,,,
ITA,2003,TIMSS,mathematics,,,,,,,,,,,,,465.6642,475.6616,486.4542,502.7621,515.6404,483.5993,490.8905,,,,,,,,,,,,
ITA,2003,TIMSS,science,,,,,,,,,,,,,465.6642,475.6616,486.4542,502.7621,515.6404,483.5993,490.8905,,,,,,,,,,,,
KOR,2003,TIMSS,mathematics,,,,,,,,,,,,,542.2274,534.0913,538.4251,,,589.0916,558.3992,,,,,,,,,,,,
KOR,2003,TIMSS,science,,,,,,,,,,,,,542.2274,534.0913,538.4251,,,589.0916,558.3992,,,,,,,,,,,,
LBN,2003,TIMSS,mathematics,,,,,,,,,,,,,,,,,,433.0454,393.3989,,,,,,,,,,,,
LBN,2003,TIMSS,science,,,,,,,,,,,,,,,,,,433.0454,393.3989,,,,,,,,,,,,
LTU,2003,TIMSS,mathematics,,,,,,,,,,,,,,,,,,501.6151,519.3805,,,,,,,,,,,,
LTU,2003,TIMSS,science,,,,,,,,,,,,,,,,,,501.6151,519.3805,,,,,,,,,,,,
LVA,2003,TIMSS,mathematics,,,,,,,,,,,,,483.3749,490.5625,489.1249,,,508.3273,512.3627,,,,,,,,,,,,
LVA,2003,TIMSS,science,,,,,,,,,,,,,483.3749,490.5625,489.1249,,,508.3273,512.3627,,,,,,,,,,,,
MAR,2003,TIMSS,mathematics,,,,,,,,,,,,,,,,346.8071,304.3918,386.5391,396.4738,,,,,,,,,,,,
MAR,2003,TIMSS,science,,,,,,,,,,,,,,,,346.8071,304.3918,386.5391,396.4738,,,,,,,,,,,,
MDA,2003,TIMSS,mathematics,,,,,,,,,,,,,,,,,,459.8948,472.4226,,,,,,,,,,,,
MDA,2003,TIMSS,science,,,,,,,,,,,,,,,,,,459.8948,472.4226,,,,,,,,,,,,
MKD,2003,TIMSS,mathematics,,,,,,,,,,,,,,,,,,434.9835,449.3729,,,,,,,,,,,,
MKD,2003,TIMSS,science,,,,,,,,,,,,,,,,,,434.9835,449.3729,,,,,,,,,,,,
MYS,2003,TIMSS,mathematics,,,,,,,,,,,,,,,,,,508.3358,510.4518,,,,,,,,,,,,
MYS,2003,TIMSS,science,,,,,,,,,,,,,,,,,,508.3358,510.4518,,,,,,,,,,,,
NLD,2003,TIMSS,mathematics,,,,,,,,,,,,,537.8233,513.119,524.3687,540.3734,525.1246,536.2731,535.7651,,,,,,,,,,,,
NLD,2003,TIMSS,science,,,,,,,,,,,,,537.8233,513.119,524.3687,540.3734,525.1246,536.2731,535.7651,,,,,,,,,,,,
PHL,2003,TIMSS,mathematics,,,,,,,,,,,,,,,,358.1947,331.6199,377.6899,377.3732,,,,,,,,,,,,
PHL,2003,TIMSS,science,,,,,,,,,,,,,,,,358.1947,331.6199,377.6899,377.3732,,,,,,,,,,,,
PSE,2003,TIMSS,mathematics,,,,,,,,,,,,,,,,,,390.4864,435.3868,,,,,,,,,,,,
PSE,2003,TIMSS,science,,,,,,,,,,,,,,,,,,390.4864,435.3868,,,,,,,,,,,,
ROM,2003,TIMSS,mathematics,,,,,,,,,,,,,,,,,,475.2816,469.6042,,,,,,,,,,,,
ROM,2003,TIMSS,science,,,,,,,,,,,,,,,,,,475.2816,469.6042,,,,,,,,,,,,
RUS,2003,TIMSS,mathematics,,,,,,,,,,,,,468.4067,442.1968,489.2861,531.6823,526.1874,508.0408,513.6214,,,,,,,,,,,,
RUS,2003,TIMSS,science,,,,,,,,,,,,,468.4067,442.1968,489.2861,531.6823,526.1874,508.0408,513.6214,,,,,,,,,,,,
SVK,2003,TIMSS,mathematics,,,,,,,,,,,,,498.1835,469.159,494.8584,,,507.7401,516.7849,,,,,,,,,,,,
SVK,2003,TIMSS,science,,,,,,,,,,,,,498.1835,469.159,494.8584,,,507.7401,516.7849,,,,,,,,,,,,
SVN,2003,TIMSS,mathematics,,,,,,,,,,,,,,,,478.795,490.3647,492.9556,520.4978,,,,,,,,,,,,
SVN,2003,TIMSS,science,,,,,,,,,,,,,,,,478.795,490.3647,492.9556,520.4978,,,,,,,,,,,,
SWE,2003,TIMSS,mathematics,,,,,,,,,,,,,509.0464,514.2674,506.1241,,,499.0584,524.258,,,,,,,,,,,,
SWE,2003,TIMSS,science,,,,,,,,,,,,,509.0464,514.2674,506.1241,,,499.0584,524.258,,,,,,,,,,,,
SYR,2003,TIMSS,mathematics,,,,,,,,,,,,,,,,,,357.5792,410.5621,,,,,,,,,,,,
SYR,2003,TIMSS,science,,,,,,,,,,,,,,,,,,357.5792,410.5621,,,,,,,,,,,,
TUN,2003,TIMSS,mathematics,,,,,,,,,,,,,358.7332,374.6224,384.6794,339.3,313.9885,410.3295,403.5475,,,,,,,,,,,,
TUN,2003,TIMSS,science,,,,,,,,,,,,,358.7332,374.6224,384.6794,339.3,313.9885,410.3295,403.5475,,,,,,,,,,,,
ZAF,2003,TIMSS,mathematics,,,,,,,,,,,,,,,,,,263.6137,243.664,,,,,,,,,,,,
ZAF,2003,TIMSS,science,,,,,,,,,,,,,,,,,,263.6137,243.664,,,,,,,,,,,,
BHR,2007,TIMSS,mathematics,,,,,,,,,,,,,,,,,,398.0714,467.4476,,,,,,2.8084,,,,,,
BHR,2007,TIMSS,science,,,,,,,,,,,,,,,,,,398.0714,467.4476,,,,,,2.8084,,,,,,
BIH,2007,TIMSS,mathematics,,,,,,,,,,,,,,,,,,455.8633,465.7452,,,,,,,,,,,,
BIH,2007,TIMSS,science,,,,,,,,,,,,,,,,,,455.8633,465.7452,,,,,,,,,,,,
BSQ,2007,TIMSS,mathematics,,,,,,,,,,,,,,,,,,498.5589,497.7063,,,,,,,,,,,,
BSQ,2007,TIMSS,science,,,,,,,,,,,,,,,,,,498.5589,497.7063,,,,,,,,,,,,
CBC,2007,TIMSS,mathematics,,,,,,,,,,,,,,,,505.2194,536.69,509.4494,525.7166,,,,,,,,,,,,
CBC,2007,TIMSS,science,,,,,,,,,,,,,,,,505.2194,536.69,509.4494,525.7166,,,,,,,,,,,,
COL,2007,TIMSS,mathematics,,,,,,,,,,,,,,,,355.4504,400.3046,379.6358,417.1824,,,,,,,,,,,,
COL,2007,TIMSS,science,,,,,,,,,,,,,,,,355.4504,400.3046,379.6358,417.1824,,,,,,,,,,,,
COT,2007,TIMSS,mathematics,,,,,,,,,,,,,,,,511.6142,535.8687,517.2319,526.1282,,,,,,1.7855,,,,,,
COT,2007,TIMSS,science,,,,,,,,,,,,,,,,511.6142,535.8687,517.2319,526.1282,,,,,,1.7855,,,,,,
CQU,2007,TIMSS,mathematics,,,,,,,,,,,,,,,,519.1031,517.1224,528.1098,506.5887,,,,,,2.1204,,,,,,
CQU,2007,TIMSS,science,,,,,,,,,,,,,,,,519.1031,517.1224,528.1098,506.5887,,,,,,2.1204,,,,,,
CYP,2007,TIMSS,mathematics,,,,,,,,,,,,,,,,,,465.4771,451.6235,,,,,,2.5734,,,,,,
CYP,2007,TIMSS,science,,,,,,,,,,,,,,,,,,465.4771,451.6235,,,,,,2.5734,,,,,,
DZA,2007,TIMSS,mathematics,,,,,,,,,,,,,,,,377.6451,353.8193,386.7519,408.0595,,,,,,,,,,,,
DZA,2007,TIMSS,science,,,,,,,,,,,,,,,,377.6451,353.8193,386.7519,408.0595,,,,,,,,,,,,
EGY,2007,TIMSS,mathematics,,,,,,,,,,,,,,,,,,390.5573,408.2421,,,,,,3.534,,,,,,
EGY,2007,TIMSS,science,,,,,,,,,,,,,,,,,,390.5573,408.2421,,,,,,3.534,,,,,,
GEO,2007,TIMSS,mathematics,,,,,,,,,,,,,,,,438.4579,417.6372,409.6166,420.9025,,,,,,,,,,,,
GEO,2007,TIMSS,science,,,,,,,,,,,,,,,,438.4579,417.6372,409.6166,420.9025,,,,,,,,,,,,
GHA,2007,TIMSS,mathematics,,,,,,,,,,,,,,,,,,309.3695,303.2725,,,,,,3.2862,,,,,,
GHA,2007,TIMSS,science,,,,,,,,,,,,,,,,,,309.3695,303.2725,,,,,,3.2862,,,,,,
HKG,2007,TIMSS,mathematics,,,,,,,,,,,,,,,,,,572.4867,530.2093,,,,,,3.1948,,,,,,
HKG,2007,TIMSS,science,,,,,,,,,,,,,,,,,,572.4867,530.2093,,,,,,3.1948,,,,,,
HUN,2007,TIMSS,mathematics,,,,,,,,,,,,,,,,509.7197,536.2259,516.8952,539.0342,,,,,,2.4135,,,,,,
HUN,2007,TIMSS,science,,,,,,,,,,,,,,,,509.7197,536.2259,516.8952,539.0342,,,,,,2.4135,,,,,,
IRN,2007,TIMSS,mathematics,,,,,,,,,,,,,,,,402.4216,435.6388,403.3795,458.9289,,,,,,,,,,,,
IRN,2007,TIMSS,science,,,,,,,,,,,,,,,,402.4216,435.6388,403.3795,458.9289,,,,,,,,,,,,
ISR,2007,TIMSS,mathematics,,,,,,,,,,,,,,,,,,463.2513,467.9215,,,,,,2.0446,,,,,,
ISR,2007,TIMSS,science,,,,,,,,,,,,,,,,,,463.2513,467.9215,,,,,,2.0446,,,,,,
ITA,2007,TIMSS,mathematics,,,,,,,,,,,,,,,,506.7498,535.2168,479.6261,495.1468,,,,,,2.9303,,,,,,
ITA,2007,TIMSS,science,,,,,,,,,,,,,,,,506.7498,535.2168,479.6261,495.1468,,,,,,2.9303,,,,,,
JOR,2007,TIMSS,mathematics,,,,,,,,,,,,,,,,,,426.8926,481.7211,,,,,,,,,,,,
JOR,2007,TIMSS,science,,,,,,,,,,,,,,,,,,426.8926,481.7211,,,,,,,,,,,,
JPN,2007,TIMSS,mathematics,,,,,,,,,,,,,,,,,,569.8098,553.8151,,,,,,,,,,,,
JPN,2007,TIMSS,science,,,,,,,,,,,,,,,,,,569.8098,553.8151,,,,,,,,,,,,
KWT,2007,TIMSS,mathematics,,,,,,,,,,,,,,,,315.5353,348.1511,353.6702,417.9562,,,,,,,,,,,,
KWT,2007,TIMSS,science,,,,,,,,,,,,,,,,315.5353,348.1511,353.6702,417.9562,,,,,,,,,,,,
LTU,2007,TIMSS,mathematics,,,,,,,,,,,,,,,,529.7988,514.2051,505.8179,518.5589,,,,,,2.0047,,,,,,
LTU,2007,TIMSS,science,,,,,,,,,,,,,,,,529.7988,514.2051,505.8179,518.5589,,,,,,2.0047,,,,,,
MAR,2007,TIMSS,mathematics,,,,,,,,,,,,,,,,,,380.7835,401.8307,,,,,,3.8486,,,,,,
MAR,2007,TIMSS,science,,,,,,,,,,,,,,,,,,380.7835,401.8307,,,,,,3.8486,,,,,,
MLT,2007,TIMSS,mathematics,,,,,,,,,,,,,,,,,,487.7524,457.1672,,,,,,,,,,,,
MLT,2007,TIMSS,science,,,,,,,,,,,,,,,,,,487.7524,457.1672,,,,,,,,,,,,
MNG,2007,TIMSS,mathematics,,,,,,,,,,,,,,,,435.5953,421.397,432.1717,449.3108,,,,,,,,,,,,
MNG,2007,TIMSS,science,,,,,,,,,,,,,,,,435.5953,421.397,432.1717,449.3108,,,,,,,,,,,,
MYS,2007,TIMSS,mathematics,,,,,,,,,,,,,,,,,,473.8857,470.8015,,,,,,3.1844,,,,,,
MYS,2007,TIMSS,science,,,,,,,,,,,,,,,,,,473.8857,470.8015,,,,,,3.1844,,,,,,
NOR,2007,TIMSS,mathematics,,,,,,,,,,,,,,,,473.2164,476.5508,469.2158,486.7578,,,,,,,,,,,,
NOR,2007,TIMSS,science,,,,,,,,,,,,,,,,473.2164,476.5508,469.2158,486.7578,,,,,,,,,,,,
OMN,2007,TIMSS,mathematics,,,,,,,,,,,,,,,,,,372.4338,422.502,,,,,,,,,,,,
OMN,2007,TIMSS,science,,,,,,,,,,,,,,,,,,372.4338,422.502,,,,,,,,,,,,
QAT,2007,TIMSS,mathematics,,,,,,,,,,,,,,,,296.2682,294.3956,306.7909,318.8538,,,,,,,,,,,,
QAT,2007,TIMSS,science,,,,,,,,,,,,,,,,296.2682,294.3956,306.7909,318.8538,,,,,,,,,,,,
ROM,2007,TIMSS,mathematics,,,,,,,,,,,,,,,,,,461.3179,461.9004,,,,,,2.7632,,,,,,
ROM,2007,TIMSS,science,,,,,,,,,,,,,,,,,,461.3179,461.9004,,,,,,2.7632,,,,,,
RUS,2007,TIMSS,mathematics,,,,,,,,,,,,,,,,,,511.7337,529.5702,,,,,,1.9374,,,,,,
RUS,2007,TIMSS,science,,,,,,,,,,,,,,,,,,511.7337,529.5702,,,,,,1.9374,,,,,,
SAU,2007,TIMSS,mathematics,,,,,,,,,,,,,,,,,,329.3372,403.2452,,,,,,,,,,,,
SAU,2007,TIMSS,science,,,,,,,,,,,,,,,,,,329.3372,403.2452,,,,,,,,,,,,
SCG,2007,TIMSS,mathematics,,,,,,,,,,,,,,,,,,485.7675,470.3069,,,,,,,,,,,,
SCG,2007,TIMSS,science,,,,,,,,,,,,,,,,,,485.7675,470.3069,,,,,,,,,,,,
SCO,2007,TIMSS,mathematics,,,,,,,,,,,,,,,,,,487.406,495.7318,,,,,,,,,,,,
SCO,2007,TIMSS,science,,,,,,,,,,,,,,,,,,487.406,495.7318,,,,,,,,,,,,
SGP,2007,TIMSS,mathematics,,,,,,,,,,,,,,,,,,592.7852,567.2505,,,,,,,,,,,,
SGP,2007,TIMSS,science,,,,,,,,,,,,,,,,,,592.7852,567.2505,,,,,,,,,,,,
SLV,2007,TIMSS,mathematics,,,,,,,,,,,,,,,,329.9056,389.583,340.4409,387.2741,,,,,,,,,,,,
SLV,2007,TIMSS,science,,,,,,,,,,,,,,,,329.9056,389.583,340.4409,387.2741,,,,,,,,,,,,
SWE,2007,TIMSS,mathematics,,,,,,,,,,,,,,,,502.574,524.8102,491.3001,510.6904,,,,,,2.0144,,,,,,
SWE,2007,TIMSS,science,,,,,,,,,,,,,,,,502.574,524.8102,491.3001,510.6904,,,,,,2.0144,,,,,,
THA,2007,TIMSS,mathematics,,,,,,,,,,,,,,,,,,441.3904,470.6135,,,,,,,,,,,,
THA,2007,TIMSS,science,,,,,,,,,,,,,,,,,,441.3904,470.6135,,,,,,,,,,,,
TUN,2007,TIMSS,mathematics,,,,,,,,,,,,,,,,327.4354,318.4744,420.4132,444.8976,,,,,,3.715,,,,,,
TUN,2007,TIMSS,science,,,,,,,,,,,,,,,,327.4354,318.4744,420.4132,444.8976,,,,,,3.715,,,,,,
TWN,2007,TIMSS,mathematics,,,,,,,,,,,,,,,,575.8192,556.6963,598.3012,561.0029,,,,,,,,,,,,
TWN,2007,TIMSS,science,,,,,,,,,,,,,,,,575.8192,556.6963,598.3012,561.0029,,,,,,,,,,,,
UKR,2007,TIMSS,mathematics,,,,,,,,,,,,,,,,469.0033,473.8136,462.162,485.063,,,,,,,,,,,,
UKR,2007,TIMSS,science,,,,,,,,,,,,,,,,469.0033,473.8136,462.162,485.063,,,,,,,,,,,,
AAD,2011,TIMSS,mathematics,,,,,,,,,,,,424.2648,,,,,,448.7581,461.4093,,,,,,,,,,,,
AAD,2011,TIMSS,science,,,,,,,,,,,,424.2648,,,,,,448.7581,461.4093,,,,,,,,,,,,
ADU,2011,TIMSS,mathematics,,,,,,,,,,,,,,,,467.8804,461.2419,477.5646,485.0713,,,,,,,,,,,,
ADU,2011,TIMSS,science,,,,,,,,,,,,,,,,467.8804,461.2419,477.5646,485.0713,,,,,,,,,,,,
ARM,2011,TIMSS,mathematics,,,,,,,,,,,,,,,,452.2821,416.0832,466.588,436.9247,,,,,,,,,,,,
ARM,2011,TIMSS,science,,,,,,,,,,,,,,,,452.2821,416.0832,466.588,436.9247,,,,,,,,,,,,
AUS,2011,TIMSS,mathematics,,,,,,,,,,,,527.372,,,,515.9317,515.5933,504.8024,519.2655,,,,,,,,,,,,
AUS,2011,TIMSS,science,,,,,,,,,,,,527.372,,,,515.9317,515.5933,504.8024,519.2655,,,,,,,,,,,,
BHR,2011,TIMSS,mathematics,,,,,,,,,,,,,,,,436.0368,449.4156,409.2168,452.4249,,,,,,3.299,,,,,,
BHR,2011,TIMSS,science,,,,,,,,,,,,,,,,436.0368,449.4156,409.2168,452.4249,,,,,,3.299,,,,,,
CAB,2011,TIMSS,mathematics,,,,,,,,,,,,548.0589,,,,506.5501,541.2533,505.1407,545.6025,,,,,,,,,,,,
CAB,2011,TIMSS,science,,,,,,,,,,,,548.0589,,,,506.5501,541.2533,505.1407,545.6025,,,,,,,,,,,,
COT,2011,TIMSS,mathematics,,,,,,,,,,,,551.843,,,,517.8829,527.5905,511.6252,521.2937,,,,,,3.0301,,,,,,
COT,2011,TIMSS,science,,,,,,,,,,,,551.843,,,,517.8829,527.5905,511.6252,521.2937,,,,,,3.0301,,,,,,
CQU,2011,TIMSS,mathematics,,,,,,,,,,,,537.6108,,,,532.7976,516.4002,531.5639,519.9151,,,,,,2.6531,,,,,,
CQU,2011,TIMSS,science,,,,,,,,,,,,537.6108,,,,532.7976,516.4002,531.5639,519.9151,,,,,,2.6531,,,,,,
ENG,2011,TIMSS,mathematics,,,,,,,,,,,,,,,,542.3643,528.7813,506.7598,532.9972,,,,,,,,,,,,
ENG,2011,TIMSS,science,,,,,,,,,,,,,,,,542.3643,528.7813,506.7598,532.9972,,,,,,,,,,,,
GEO,2011,TIMSS,mathematics,,,,,,,,,,,,487.7557,,,,,,431.1388,419.9363,,,,,,2.6247,,,,,,
GEO,2011,TIMSS,science,,,,,,,,,,,,487.7557,,,,,,431.1388,419.9363,,,,,,2.6247,,,,,,
GHA,2011,TIMSS,mathematics,,,,,,,,,,,,,,,,,,330.8306,305.993,,,,,,3.2806,,,,,,
GHA,2011,TIMSS,science,,,,,,,,,,,,,,,,,,330.8306,305.993,,,,,,3.2806,,,,,,
HND,2011,TIMSS,mathematics,,,,,,,,,,,,,,,,396.4456,432.3087,337.9823,368.7654,,,,,,,,,,,,
HND,2011,TIMSS,science,,,,,,,,,,,,,,,,396.4456,432.3087,337.9823,368.7654,,,,,,,,,,,,
HUN,2011,TIMSS,mathematics,,,,,,,,,,,,,,,,515.3955,534.3866,504.8063,522.3938,,,,,,2.5383,,,,,,
HUN,2011,TIMSS,science,,,,,,,,,,,,,,,,515.3955,534.3866,504.8063,522.3938,,,,,,2.5383,,,,,,
IDN,2011,TIMSS,mathematics,,,,,,,,,,,,428.4828,,,,,,385.8378,405.6124,,,,,,,,,,,,
IDN,2011,TIMSS,science,,,,,,,,,,,,428.4828,,,,,,385.8378,405.6124,,,,,,,,,,,,
IRN,2011,TIMSS,mathematics,,,,,,,,,,,,,,,,,,414.9606,474.3855,,,,,,3.6796,,,,,,
IRN,2011,TIMSS,science,,,,,,,,,,,,,,,,,,414.9606,474.3855,,,,,,3.6796,,,,,,
ISR,2011,TIMSS,mathematics,,,,,,,,,,,,540.9207,,,,,,515.8438,515.6962,,,,,,3.043,,,,,,
ISR,2011,TIMSS,science,,,,,,,,,,,,540.9207,,,,,,515.8438,515.6962,,,,,,3.043,,,,,,
ITA,2011,TIMSS,mathematics,,,,,,,,,,,,,,,,507.821,523.8551,498.376,501.1109,,,,,,3.1119,,,,,,
ITA,2011,TIMSS,science,,,,,,,,,,,,,,,,507.821,523.8551,498.376,501.1109,,,,,,3.1119,,,,,,
JOR,2011,TIMSS,mathematics,,,,,,,,,,,,,,,,,,405.8822,449.0001,,,,,,2.7165,,,,,,
JOR,2011,TIMSS,science,,,,,,,,,,,,,,,,,,405.8822,449.0001,,,,,,2.7165,,,,,,
JPN,2011,TIMSS,mathematics,,,,,,,,,,,,,,,,,,569.8295,557.7287,,,,,,2.807,,,,,,
JPN,2011,TIMSS,science,,,,,,,,,,,,,,,,,,569.8295,557.7287,,,,,,2.807,,,,,,
KAZ,2011,TIMSS,mathematics,,,,,,,,,,,,,,,,501.0016,494.5325,486.9523,489.9106,,,,,,,,,,,,
KAZ,2011,TIMSS,science,,,,,,,,,,,,,,,,501.0016,494.5325,486.9523,489.9106,,,,,,,,,,,,
KOR,2011,TIMSS,mathematics,,,,,,,,,,,,,,,,,,612.7934,560.1634,,,,,,,,,,,,
KOR,2011,TIMSS,science,,,,,,,,,,,,,,,,,,612.7934,560.1634,,,,,,,,,,,,
MAR,2011,TIMSS,mathematics,,,,,,,,,,,,,,,,334.5938,263.6544,371.1454,375.8871,,,,,,3.7786,,,,,,
MAR,2011,TIMSS,science,,,,,,,,,,,,,,,,334.5938,263.6544,371.1454,375.8871,,,,,,3.7786,,,,,,
MYS,2011,TIMSS,mathematics,,,,,,,,,,,,,,,,,,439.8237,426.4937,,,,,,3.2439,,,,,,
MYS,2011,TIMSS,science,,,,,,,,,,,,,,,,,,439.8237,426.4937,,,,,,3.2439,,,,,,
NOR,2011,TIMSS,mathematics,,,,,,,,,,,,,,,,,,474.6427,494.374,,,,,,3.5518,,,,,,
NOR,2011,TIMSS,science,,,,,,,,,,,,,,,,,,474.6427,494.374,,,,,,3.5518,,,,,,
NZL,2011,TIMSS,mathematics,,,,,,,,,,,,,,,,,,487.7788,512.0371,,,,,,,,,,,,
NZL,2011,TIMSS,science,,,,,,,,,,,,,,,,,,487.7788,512.0371,,,,,,,,,,,,
PSE,2011,TIMSS,mathematics,,,,,,,,,,,,,,,,,,404.1806,420.455,,,,,,,,,,,,
PSE,2011,TIMSS,science,,,,,,,,,,,,,,,,,,404.1806,420.455,,,,,,,,,,,,
QAT,2011,TIMSS,mathematics,,,,,,,,,,,,,,,,412.9159,394.1559,409.5958,418.6641,,,,,,2.563,,,,,,
QAT,2011,TIMSS,science,,,,,,,,,,,,,,,,412.9159,394.1559,409.5958,418.6641,,,,,,2.563,,,,,,
ROM,2011,TIMSS,mathematics,,,,,,,,,,,,,,,,482.2807,505.3852,457.9483,464.6945,,,,,,3.2521,,,,,,
ROM,2011,TIMSS,science,,,,,,,,,,,,,,,,482.2807,505.3852,457.9483,464.6945,,,,,,3.2521,,,,,,
SAU,2011,TIMSS,mathematics,,,,,,,,,,,,429.8501,,,,410.2095,429.3868,393.8235,436.3522,,,,,,3.1296,,,,,,
SAU,2011,TIMSS,science,,,,,,,,,,,,429.8501,,,,410.2095,429.3868,393.8235,436.3522,,,,,,3.1296,,,,,,
SYR,2011,TIMSS,mathematics,,,,,,,,,,,,,,,,,,380.1664,426.4115,,,,,,,,,,,,
SYR,2011,TIMSS,science,,,,,,,,,,,,,,,,,,380.1664,426.4115,,,,,,,,,,,,
THA,2011,TIMSS,mathematics,,,,,,,,,,,,,,,,457.9759,471.5708,427.1091,450.8923,,,,,,4.0102,,,,,,
THA,2011,TIMSS,science,,,,,,,,,,,,,,,,457.9759,471.5708,427.1091,450.8923,,,,,,4.0102,,,,,,
TUN,2011,TIMSS,mathematics,,,,,,,,,,,,,,,,359.3446,345.6063,424.7365,438.5611,,,,,,3.3229,,,,,,
TUN,2011,TIMSS,science,,,,,,,,,,,,,,,,359.3446,345.6063,424.7365,438.5611,,,,,,3.3229,,,,,,
TUR,2011,TIMSS,mathematics,,,,,,,,,,,,,,,,,,452.4902,482.9884,,,,,,,,,,,,
TUR,2011,TIMSS,science,,,,,,,,,,,,,,,,,,452.4902,482.9884,,,,,,,,,,,,
TWN,2011,TIMSS,mathematics,,,,,,,,,,,,,,,,591.2061,551.7028,609.2786,563.8045,,,,,,2.9377,,,,,,
TWN,2011,TIMSS,science,,,,,,,,,,,,,,,,591.2061,551.7028,609.2786,563.8045,,,,,,2.9377,,,,,,
UKR,2011,TIMSS,mathematics,,,,,,,,,,,,,,,,,,479.1858,500.9918,,,,,,2.1509,,,,,,
UKR,2011,TIMSS,science,,,,,,,,,,,,,,,,,,479.1858,500.9918,,,,,,2.1509,,,,,,
USA,2011,TIMSS,mathematics,,,,,,,,,,,,556.3746,,,,540.6493,543.8407,509.4849,524.6016,,,,,,,,,,,,
USA,2011,TIMSS,science,,,,,,,,,,,,556.3746,,,,540.6493,543.8407,509.4849,524.6016,,,,,,,,,,,,
ZAF,2011,TIMSS,mathematics,,,,,,,,,,,,349.2863,,,,,,351.9087,331.574,,,,,,,,,,,,
ZAF,2011,TIMSS,science,,,,,,,,,,,,349.2863,,,,,,351.9087,331.574,,,,,,,,,,,,
AAD,2015,TIMSS,mathematics,,,,,,,,,,,,,,,,419.2901,414.7105,441.6732,454.2489,,,,,,2.0511,,,,,,
AAD,2015,TIMSS,science,,,,,,,,,,,,,,,,419.2901,414.7105,441.6732,454.2489,,,,,,2.0511,,,,,,
ABA,2015,TIMSS,mathematics,,,,,,,,,,,,,,,,419.7848,417.8347,396.1168,386.0132,,,,,,,,,,,,
ABA,2015,TIMSS,science,,,,,,,,,,,,,,,,419.7848,417.8347,396.1168,386.0132,,,,,,,,,,,,
ADU,2015,TIMSS,mathematics,,,,,,,,,,,,,,,,,,511.8523,524.7226,,,,,,1.7667,,,,,,
ADU,2015,TIMSS,science,,,,,,,,,,,,,,,,,,511.8523,524.7226,,,,,,1.7667,,,,,,
ARE,2015,TIMSS,mathematics,,,,,,,,,,,,,427.4827,433.5423,436.7311,,,464.7833,476.6461,0.3148592414921476,-0.1854300197168374,,,,,,,,,,
ARE,2015,TIMSS,science,,,,,,,,,,,,,427.4827,433.5423,436.7311,,,464.7833,476.6461,0.3148592414921476,-0.1854300197168374,,,,,,,,,,
ARM,2015,TIMSS,mathematics,,,,,,,,,,,,,,,,,,471.4606,460.1724,,,,,,1.6219,,,,,,
ARM,2015,TIMSS,science,,,,,,,,,,,,,,,,,,471.4606,460.1724,,,,,,1.6219,,,,,,
AUS,2015,TIMSS,mathematics,,,,,,,,,,,,,493.8962,502.9006,509.9939,,,504.9582,511.9865,0.3721603382690234,0.6017467746887963,,,,2.112,,,,,,
AUS,2015,TIMSS,science,,,,,,,,,,,,,493.8962,502.9006,509.9939,,,504.9582,511.9865,0.3721603382690234,0.6017467746887963,,,,2.112,,,,,,
BHR,2015,TIMSS,mathematics,,,,,,,,,,,,,,,,451.0328,458.812,453.9526,465.8525,,,,,,2.4309,,,,,,
BHR,2015,TIMSS,science,,,,,,,,,,,,,,,,451.0328,458.812,453.9526,465.8525,,,,,,2.4309,,,,,,
CAN,2015,TIMSS,mathematics,,,,,,,,,,,,,515.6474,526.6678,527.7047,510.5564,524.7821,527.2789,526.1718,0.5058304779209916,0.3935663653442346,,,,,,,,,,
CAN,2015,TIMSS,science,,,,,,,,,,,,,515.6474,526.6678,527.7047,510.5564,524.7821,527.2789,526.1718,0.5058304779209916,0.3935663653442346,,,,,,,,,,
CHL,2015,TIMSS,mathematics,,,,,,,,,,,,,422.6714,458.5709,446.9561,458.5823,477.7105,427.4262,453.9692,-0.4113731461290743,-0.5786210527910146,,,,,,,13.1884,10.2104,8.835,12.122
CHL,2015,TIMSS,science,,,,,,,,,,,,,422.6714,458.5709,446.9561,458.5823,477.7105,427.4262,453.9692,-0.4113731461290743,-0.5786210527910146,,,,,,,13.1884,10.2104,8.835,12.122
COT,2015,TIMSS,mathematics,,,,,,,,,,,,,,,,512.4599,530.3701,522.3017,523.872,,,,,,1.6854,,,,,,
COT,2015,TIMSS,science,,,,,,,,,,,,,,,,512.4599,530.3701,522.3017,523.872,,,,,,1.6854,,,,,,
CQU,2015,TIMSS,mathematics,,,,,,,,,,,,,,,,535.8314,524.5089,543.3564,529.7164,,,,,,1.6793,1.7241,,,,,
CQU,2015,TIMSS,science,,,,,,,,,,,,,,,,535.8314,524.5089,543.3564,529.7164,,,,,,1.6793,1.7241,,,,,
HKG,2015,TIMSS,mathematics,,,,,,,,,,,,,547.931,526.6753,523.2774,614.5197,556.5472,594.2529,545.7604,-0.7682438265261012,-0.8549774578329985,,,,,3.0459,,,,,
HKG,2015,TIMSS,science,,,,,,,,,,,,,547.931,526.6753,523.2774,614.5197,556.5472,594.2529,545.7604,-0.7682438265261012,-0.8549774578329985,,,,,3.0459,,,,,
HUN,2015,TIMSS,mathematics,,,,,,,,,,,,,476.8309,469.5233,476.7475,529.1908,541.9782,514.4144,527.2598,-0.0781192736863072,-0.105022501751747,,,,2.4719,2.8245,,,,,
HUN,2015,TIMSS,science,,,,,,,,,,,,,476.8309,469.5233,476.7475,529.1908,541.9782,514.4144,527.2598,-0.0781192736863072,-0.105022501751747,,,,2.4719,2.8245,,,,,
IRL,2015,TIMSS,mathematics,,,,,,,,,,,,,503.722,520.8148,502.5751,547.3368,528.8759,523.4944,530.0969,0.1161348196545306,0.1205967166176851,,,,,,,,,,
IRL,2015,TIMSS,science,,,,,,,,,,,,,503.722,520.8148,502.5751,547.3368,528.8759,523.4944,530.0969,0.1161348196545306,0.1205967166176851,,,,,,,,,,
IRN,2015,TIMSS,mathematics,,,,,,,,,,,,,,,,431.4881,421.0092,436.3492,456.4247,,,,,,3.2484,3.2705,,,,,
IRN,2015,TIMSS,science,,,,,,,,,,,,,,,,431.4881,421.0092,436.3492,456.4247,,,,,,3.2484,3.2705,,,,,
ISR,2015,TIMSS,mathematics,,,,,,,,,,,,,469.6695,478.9606,466.5528,,,510.8994,506.7307,0.0581959960668857,-0.2563429130219506,,,,1.9641,,,12.5443,11.2287,8.6028,12.3366
ISR,2015,TIMSS,science,,,,,,,,,,,,,469.6695,478.9606,466.5528,,,510.8994,506.7307,0.0581959960668857,-0.2563429130219506,,,,1.9641,,,12.5443,11.2287,8.6028,12.3366
ITA,2015,TIMSS,mathematics,,,,,,,,,,,,,489.7287,484.758,480.5468,506.8483,516.475,494.3942,498.9258,-0.0402469606185762,0.0328595907521947,,,,2.6773,,,13.2181,11.5415,8.6028,12.2217
ITA,2015,TIMSS,science,,,,,,,,,,,,,489.7287,484.758,480.5468,506.8483,516.475,494.3942,498.9258,-0.0402469606185762,0.0328595907521947,,,,2.6773,,,13.2181,11.5415,8.6028,12.2217
JOR,2015,TIMSS,mathematics,,,,,,,,,,,,,380.259,408.1022,408.6691,,,385.5515,426.1643,-0.4324539563966087,-1.1431026226334664,,,,2.3093,,,,,,
JOR,2015,TIMSS,science,,,,,,,,,,,,,380.259,408.1022,408.6691,,,385.5515,426.1643,-0.4324539563966087,-1.1431026226334664,,,,2.3093,,,,,,
JPN,2015,TIMSS,mathematics,,,,,,,,,,,,,532.4399,515.9585,538.3948,592.826,569.0127,586.469,570.8995,0.0304930314473572,-0.4415022348141206,,,,1.9867,,,,,,
JPN,2015,TIMSS,science,,,,,,,,,,,,,532.4399,515.9585,538.3948,592.826,569.0127,586.469,570.8995,0.0304930314473572,-0.4415022348141206,,,,1.9867,,,,,,
KAZ,2015,TIMSS,mathematics,,,,,,,,,,,,,,,,544.42,549.5563,527.8068,532.5861,-0.31587921807173064,,,,,2.0213,,,,,,
KAZ,2015,TIMSS,science,,,,,,,,,,,,,,,,544.42,549.5563,527.8068,532.5861,-0.31587921807173064,,,,,2.0213,,,,,,
KWT,2015,TIMSS,mathematics,,,,,,,,,,,,,,,,353.0642,337.2129,392.4707,410.7408,,,,,,,,,,,,
KWT,2015,TIMSS,science,,,,,,,,,,,,,,,,353.0642,337.2129,392.4707,410.7408,,,,,,,,,,,,
LBN,2015,TIMSS,mathematics,,,,,,,,,,,,,396.2497,346.549,386.4854,,,442.4251,398.1567,,,,,,,,,,,,
LBN,2015,TIMSS,science,,,,,,,,,,,,,396.2497,346.549,386.4854,,,442.4251,398.1567,,,,,,,,,,,,
LTU,2015,TIMSS,mathematics,,,,,,,,,,,,,478.3834,472.4066,475.4089,535.3409,527.6665,511.3132,519.1053,0.026331819897095,-0.1470547774283936,,,,,,,,,,
LTU,2015,TIMSS,science,,,,,,,,,,,,,478.3834,472.4066,475.4089,535.3409,527.6665,511.3132,519.1053,0.026331819897095,-0.1470547774283936,,,,,,,,,,
MAR,2015,TIMSS,mathematics,,,,,,,,,,,,,,,,379.4736,352.2073,384.3871,393.2525,,,,,,3.6828,,,,,,
MAR,2015,TIMSS,science,,,,,,,,,,,,,,,,379.4736,352.2073,384.3871,393.2525,,,,,,3.6828,,,,,,
MLT,2015,TIMSS,mathematics,,,,,,,,,,,,,478.6448,446.6661,464.782,,,493.5411,481.3606,0.1115115445662288,0.656254621152875,,,,,,,,,,
MLT,2015,TIMSS,science,,,,,,,,,,,,,478.6448,446.6661,464.782,,,493.5411,481.3606,0.1115115445662288,0.656254621152875,,,,,,,,,,
MYS,2015,TIMSS,mathematics,,,,,,,,,,,,,,,,,,465.3131,470.8221,-0.7246165402002751,,,,,2.841,,,,,,
MYS,2015,TIMSS,science,,,,,,,,,,,,,,,,,,465.3131,470.8221,-0.7246165402002751,,,,,2.841,,,,,,
NO8,2015,TIMSS,mathematics,,,,,,,,,,,,,,,,,,486.7674,489.2212,,,,,,,,,,,,
NO8,2015,TIMSS,science,,,,,,,,,,,,,,,,,,486.7674,489.2212,,,,,,,,,,,,
OMN,2015,TIMSS,mathematics,,,,,,,,,,,,,,,,425.4828,430.9741,403.1564,454.5604,,,,,,,3.0224,,,,,
OMN,2015,TIMSS,science,,,,,,,,,,,,,,,,425.4828,430.9741,403.1564,454.5604,,,,,,,3.0224,,,,,
QAT,2015,TIMSS,mathematics,,,,,,,,,,,,,402.4006,401.8873,417.6111,438.9958,436.2582,437.1088,456.5158,0.5548019864251503,0.3216416211366793,,,,1.7971,,,,,,
QAT,2015,TIMSS,science,,,,,,,,,,,,,402.4006,401.8873,417.6111,438.9958,436.2582,437.1088,456.5158,0.5548019864251503,0.3216416211366793,,,,1.7971,,,,,,
RUS,2015,TIMSS,mathematics,,,,,,,,,,,,,494.06,494.6278,486.631,,,537.9962,544.1158,-0.1125434869476616,-0.4813149778842197,,,,,,,13.5213,11.8336,9.3378,11.7239
RUS,2015,TIMSS,science,,,,,,,,,,,,,494.06,494.6278,486.631,,,537.9962,544.1158,-0.1125434869476616,-0.4813149778842197,,,,,,,13.5213,11.8336,9.3378,11.7239
SAU,2015,TIMSS,mathematics,,,,,,,,,,,,,,,,,,367.7167,396.4198,,,,,,2.6883,,,,,,
SAU,2015,TIMSS,science,,,,,,,,,,,,,,,,,,367.7167,396.4198,,,,,,2.6883,,,,,,
SGP,2015,TIMSS,mathematics,,,,,,,,,,,,,564.1897,535.1002,555.5747,,,620.956,596.6444,-0.3607644262134998,-0.493159559897503,,,,,,,12.2948,10.4757,9.1502,11.4666
SGP,2015,TIMSS,science,,,,,,,,,,,,,564.1897,535.1002,555.5747,,,620.956,596.6444,-0.3607644262134998,-0.493159559897503,,,,,,,12.2948,10.4757,9.1502,11.4666
SVN,2015,TIMSS,mathematics,,,,,,,,,,,,,509.9196,505.2159,512.8636,519.8749,542.5731,516.3411,551.1115,0.0015021367337516,0.2265444504482408,,,,,2.359,,,,,
SVN,2015,TIMSS,science,,,,,,,,,,,,,509.9196,505.2159,512.8636,519.8749,542.5731,516.3411,551.1115,0.0015021367337516,0.2265444504482408,,,,,2.359,,,,,
THA,2015,TIMSS,mathematics,,,,,,,,,,,,,415.4638,409.1301,421.3373,,,431.4174,455.8449,-1.0709430828411732,-0.9952304902650322,,,,3.4239,,,,,,
THA,2015,TIMSS,science,,,,,,,,,,,,,415.4638,409.1301,421.3373,,,431.4174,455.8449,-1.0709430828411732,-0.9952304902650322,,,,3.4239,,,,,,
TUR,2015,TIMSS,mathematics,,,,,,,,,,,,,420.454,428.3351,425.4895,483.1501,483.3988,457.6286,493.3961,-1.0789402695447758,-0.6438927290720454,,,,3.9042,,,,,,
TUR,2015,TIMSS,science,,,,,,,,,,,,,420.454,428.3351,425.4895,483.1501,483.3988,457.6286,493.3961,-1.0789402695447758,-0.6438927290720454,,,,3.9042,,,,,,
ZAF,2015,TIMSS,mathematics,,,,,,,,,,,,,,,,375.7376,,372.3729,357.7418,,,,,,2.872,,,,,,
ZAF,2015,TIMSS,science,,,,,,,,,,,,,,,,375.7376,,372.3729,357.7418,,,,,,2.872,,,,,,
AAD,2019,TIMSS,mathematics,,,,,,,,,,,,,,,,440.1146,416.8693,436.0092,419.5156,,,,,,3.061,1.9917,,,,,
AAD,2019,TIMSS,science,,,,,,,,,,,,,,,,440.1146,416.8693,436.0092,419.5156,,,,,,3.061,1.9917,,,,,
ADU,2019,TIMSS,mathematics,,,,,,,,,,,,,,,,543.4064,543.0198,537.1847,546.2008,,,,,,2.6752,,,,,,
ADU,2019,TIMSS,science,,,,,,,,,,,,,,,,543.4064,543.0198,537.1847,546.2008,,,,,,2.6752,,,,,,
ARE,2019,TIMSS,mathematics,,,,,,,,,,,,,,,,488.7269,478.8223,477.4985,480.3441,,,,,,2.959,1.9449,,,,,
ARE,2019,TIMSS,science,,,,,,,,,,,,,,,,488.7269,478.8223,477.4985,480.3441,,,,,,2.959,1.9449,,,,,
AUS,2019,TIMSS,mathematics,,,,,,,,,,,,,,,,515.8801,532.5749,517.277,528.337,,,,,,3.451,,,,,,
AUS,2019,TIMSS,science,,,,,,,,,,,,,,,,515.8801,532.5749,517.277,528.337,,,,,,3.451,,,,,,
BHR,2019,TIMSS,mathematics,,,,,,,,,,,,,,,,,,481.0869,486.0362,,,,,,3.1296,,,,,,
BHR,2019,TIMSS,science,,,,,,,,,,,,,,,,,,481.0869,486.0362,,,,,,3.1296,,,,,,
CHL,2019,TIMSS,mathematics,,,,,,,,,,,,,,,,441.4517,469.7196,440.8369,462.7852,,,,,,2.8246,2.2156,,,,,
CHL,2019,TIMSS,science,,,,,,,,,,,,,,,,441.4517,469.7196,440.8369,462.7852,,,,,,2.8246,2.2156,,,,,
COT,2019,TIMSS,mathematics,,,,,,,,,,,,,,,,511.8805,524.1015,530.5544,522.8972,,,,,,3.2661,1.6762,,,,,
COT,2019,TIMSS,science,,,,,,,,,,,,,,,,511.8805,524.1015,530.5544,522.8972,,,,,,3.2661,1.6762,,,,,
CQU,2019,TIMSS,mathematics,,,,,,,,,,,,,,,,531.7841,521.8234,543.826,538.0454,,,,,,2.8386,1.6143,,,,,
CQU,2019,TIMSS,science,,,,,,,,,,,,,,,,531.7841,521.8234,543.826,538.0454,,,,,,2.8386,1.6143,,,,,
CYP,2019,TIMSS,mathematics,,,,,,,,,,,,,,,,532.0938,511.4192,501.0823,483.5546,,,,,,,,,,,,
CYP,2019,TIMSS,science,,,,,,,,,,,,,,,,532.0938,511.4192,501.0823,483.5546,,,,,,,,,,,,
EGY,2019,TIMSS,mathematics,,,,,,,,,,,,,,,,,,412.8797,389.328,,,,,,,,,,,,
EGY,2019,TIMSS,science,,,,,,,,,,,,,,,,,,412.8797,389.328,,,,,,,,,,,,
ENG,2019,TIMSS,mathematics,,,,,,,,,,,,,,,,555.3227,539.4073,520.3898,523.4179,,,,,,,,,,,,
ENG,2019,TIMSS,science,,,,,,,,,,,,,,,,555.3227,539.4073,520.3898,523.4179,,,,,,,,,,,,
FIN,2019,TIMSS,mathematics,,,,,,,,,,,,,,,,532.3972,551.8116,509.0496,543.0428,,,,,,,1.7939,,,,,
FIN,2019,TIMSS,science,,,,,,,,,,,,,,,,532.3972,551.8116,509.0496,543.0428,,,,,,,1.7939,,,,,
FRA,2019,TIMSS,mathematics,,,,,,,,,,,,,,,,482.7399,482.8377,483.1132,489.6883,,,,,,,2.2732,,,,,
FRA,2019,TIMSS,science,,,,,,,,,,,,,,,,482.7399,482.8377,483.1132,489.6883,,,,,,,2.2732,,,,,
GEO,2019,TIMSS,mathematics,,,,,,,,,,,,,,,,489.6988,462.1684,456.2468,440.6152,,,,,,,1.8258,,,,,
GEO,2019,TIMSS,science,,,,,,,,,,,,,,,,489.6988,462.1684,456.2468,440.6152,,,,,,,1.8258,,,,,
HKG,2019,TIMSS,mathematics,,,,,,,,,,,,,,,,603.2682,534.7279,578.3119,503.5145,,,,,,3.3357,2.4725,,,,,
HKG,2019,TIMSS,science,,,,,,,,,,,,,,,,603.2682,534.7279,578.3119,503.5145,,,,,,3.3357,2.4725,,,,,
HUN,2019,TIMSS,mathematics,,,,,,,,,,,,,,,,525.8749,530.5706,518.3008,527.7099,,,,,,2.7367,2.2689,,,,,
HUN,2019,TIMSS,science,,,,,,,,,,,,,,,,525.8749,530.5706,518.3008,527.7099,,,,,,2.7367,2.2689,,,,,
IRN,2019,TIMSS,mathematics,,,,,,,,,,,,,,,,443.035,440.828,446.1695,449.4148,,,,,,2.9949,3.1487,,,,,
IRN,2019,TIMSS,science,,,,,,,,,,,,,,,,443.035,440.828,446.1695,449.4148,,,,,,2.9949,3.1487,,,,,
ISR,2019,TIMSS,mathematics,,,,,,,,,,,,,,,,,,514.6275,505.19,,,,,,2.6455,,,,,,
ISR,2019,TIMSS,science,,,,,,,,,,,,,,,,,,514.6275,505.19,,,,,,2.6455,,,,,,
ITA,2019,TIMSS,mathematics,,,,,,,,,,,,,,,,514.708,509.485,496.6127,495.372,,,,,,3.0766,,,,,,
ITA,2019,TIMSS,science,,,,,,,,,,,,,,,,514.708,509.485,496.6127,495.372,,,,,,3.0766,,,,,,
JOR,2019,TIMSS,mathematics,,,,,,,,,,,,,,,,,,420.2682,452.0096,,,,,,2.6279,,,,,,
JOR,2019,TIMSS,science,,,,,,,,,,,,,,,,,,420.2682,452.0096,,,,,,2.6279,,,,,,
KAZ,2019,TIMSS,mathematics,,,,,,,,,,,,,,,,512.0887,494.1548,487.5616,478.0713,,,,,,2.3064,1.887,,,,,
KAZ,2019,TIMSS,science,,,,,,,,,,,,,,,,512.0887,494.1548,487.5616,478.0713,,,,,,2.3064,1.887,,,,,
KOR,2019,TIMSS,mathematics,,,,,,,,,,,,,,,,599.1942,587.6576,603.9645,560.3149,,,,,,,,,,,,
KOR,2019,TIMSS,science,,,,,,,,,,,,,,,,599.1942,587.6576,603.9645,560.3149,,,,,,,,,,,,
LTU,2019,TIMSS,mathematics,,,,,,,,,,,,,,,,542.1313,538.0792,515.312,528.0128,,,,,,2.5523,,,,,,
LTU,2019,TIMSS,science,,,,,,,,,,,,,,,,542.1313,538.0792,515.312,528.0128,,,,,,2.5523,,,,,,
MAR,2019,TIMSS,mathematics,,,,,,,,,,,,,,,,383.388,374.0657,388.1867,394.1003,,,,,,3.7555,,,,,,
MAR,2019,TIMSS,science,,,,,,,,,,,,,,,,383.388,374.0657,388.1867,394.1003,,,,,,3.7555,,,,,,
MYS,2019,TIMSS,mathematics,,,,,,,,,,,,,,,,,,461.1974,460.6795,,,,,,3.6499,,,,,,
MYS,2019,TIMSS,science,,,,,,,,,,,,,,,,,,461.1974,460.6795,,,,,,3.6499,,,,,,
NOR,2019,TIMSS,mathematics,,,,,,,,,,,,,,,,542.2656,538.484,505.3992,497.5008,,,,,,,1.5327,,,,,
NOR,2019,TIMSS,science,,,,,,,,,,,,,,,,542.2656,538.484,505.3992,497.5008,,,,,,,1.5327,,,,,
NZL,2019,TIMSS,mathematics,,,,,,,,,,,,,,,,487.1918,502.5515,481.5925,498.8757,,,,,,,1.876,,,,,
NZL,2019,TIMSS,science,,,,,,,,,,,,,,,,487.1918,502.5515,481.5925,498.8757,,,,,,,1.876,,,,,
PRT,2019,TIMSS,mathematics,,,,,,,,,,,,,,,,530.3065,506.4609,500.5385,518.1378,,,,,,,2.8421,,,,,
PRT,2019,TIMSS,science,,,,,,,,,,,,,,,,530.3065,506.4609,500.5385,518.1378,,,,,,,2.8421,,,,,
QAT,2019,TIMSS,mathematics,,,,,,,,,,,,,,,,449.2973,455.8791,447.914,484.8407,,,,,,2.6552,1.7045,,,,,
QAT,2019,TIMSS,science,,,,,,,,,,,,,,,,449.2973,455.8791,447.914,484.8407,,,,,,2.6552,1.7045,,,,,
RMO,2019,TIMSS,mathematics,,,,,,,,,,,,,,,,592.5591,594.2858,575.4165,566.6753,,,,,,,,,,,,
RMO,2019,TIMSS,science,,,,,,,,,,,,,,,,592.5591,594.2858,575.4165,566.6753,,,,,,,,,,,,
RUS,2019,TIMSS,mathematics,,,,,,,,,,,,,,,,566.947,567.2547,543.3773,542.9377,,,,,,2.438,1.6678,,,,,
RUS,2019,TIMSS,science,,,,,,,,,,,,,,,,566.947,567.2547,543.3773,542.9377,,,,,,2.438,1.6678,,,,,
SAU,2019,TIMSS,mathematics,,,,,,,,,,,,,,,,398.0931,402.2369,393.7697,431.4727,,,,,,2.9931,,,,,,
SAU,2019,TIMSS,science,,,,,,,,,,,,,,,,398.0931,402.2369,393.7697,431.4727,,,,,,2.9931,,,,,,
SGP,2019,TIMSS,mathematics,,,,,,,,,,,,,,,,628.3895,596.8263,620.706,608.8899,,,,,,2.9987,1.9419,,,,,
SGP,2019,TIMSS,science,,,,,,,,,,,,,,,,628.3895,596.8263,620.706,608.8899,,,,,,2.9987,1.9419,,,,,
SWE,2019,TIMSS,mathematics,,,,,,,,,,,,,,,,518.844,529.7944,506.8241,521.6837,,,,,,,1.7939,,,,,
SWE,2019,TIMSS,science,,,,,,,,,,,,,,,,518.844,529.7944,506.8241,521.6837,,,,,,,1.7939,,,,,
TUR,2019,TIMSS,mathematics,,,,,,,,,,,,,,,,522.1314,526.0656,490.8104,516.0107,,,,,,3.5082,,,,,,
TUR,2019,TIMSS,science,,,,,,,,,,,,,,,,522.1314,526.0656,490.8104,516.0107,,,,,,3.5082,,,,,,
TWN,2019,TIMSS,mathematics,,,,,,,,,,,,,,,,598.6887,557.6698,613.4161,577.1273,,,,,,,2.1289,,,,,
TWN,2019,TIMSS,science,,,,,,,,,,,,,,,,598.6887,557.6698,613.4161,577.1273,,,,,,,2.1289,,,,,
USA,2019,TIMSS,mathematics,,,,,,,,,,,,,,,,535.0088,537.2607,516.3007,525.1909,,,,,,,,,,,,
USA,2019,TIMSS,science,,,,,,,,,,,,,,,,535.0088,537.2607,516.3007,525.1909,,,,,,,,,,,,
ZAF,2019,TIMSS,mathematics,,,,,,,,,,,,,,,,373.5645,324.2336,389.4772,369.9721,,,,,,3.1367,,,,,,
ZAF,2019,TIMSS,science,,,,,,,,,,,,,,,,373.5645,324.2336,389.4772,369.9721,,,,,,3.1367,,,,,,
AAD,2023,TIMSS,mathematics,,,,,,,,,,,,,,,,458.5853,446.1415,453.784,443.4712,,,,,,,,,,,,
AAD,2023,TIMSS,science,,,,,,,,,,,,,,,,458.5853,446.1415,453.784,443.4712,,,,,,,,,,,,
ASH,2023,TIMSS,mathematics,,,,,,,,,,,,,,,,503.9368,502.8046,495.5467,498.6056,,,,,,,,,,,,
ASH,2023,TIMSS,science,,,,,,,,,,,,,,,,503.9368,502.8046,495.5467,498.6056,,,,,,,,,,,,
AUS,2023,TIMSS,mathematics,,,,,,,,,,,,,,,,524.9035,549.5002,508.7158,520.1512,,,,,,,,,,,,
AUS,2023,TIMSS,science,,,,,,,,,,,,,,,,524.9035,549.5002,508.7158,520.1512,,,,,,,,,,,,
AZE,2023,TIMSS,mathematics,,,,318.6523,1.4241,2.3038,49.7893,,,,,,,,,494.0651,421.6027,478.659,411.3594,,,,,,,,,,,,
AZE,2023,TIMSS,science,,,,318.6523,1.4241,2.3038,49.7893,,,,,,,,,494.0651,421.6027,478.659,411.3594,,,,,,,,,,,,
BHR,2023,TIMSS,mathematics,,,,,,,,,,,,,,,,,,426.45,451.8284,,,,,,,,,,,,
BHR,2023,TIMSS,science,,,,,,,,,,,,,,,,,,426.45,451.8284,,,,,,,,,,,,
BRA,2023,TIMSS,mathematics,,,,,,,,,,,,,,,,400.022,425.0281,378.0295,419.9109,,,,,,,,,,,,
BRA,2023,TIMSS,science,,,,,,,,,,,,,,,,400.022,425.0281,378.0295,419.9109,,,,,,,,,,,,
CHL,2023,TIMSS,mathematics,,,,,,,,,,,,,,,,443.5424,479.2523,415.9687,455.21,,,,,,,,,,,,
CHL,2023,TIMSS,science,,,,,,,,,,,,,,,,443.5424,479.2523,415.9687,455.21,,,,,,,,,,,,
CIV,2023,TIMSS,mathematics,,,,,,,,,,,,,,,,,,263.1093,183.0291,,,,,,,,,,,,
CIV,2023,TIMSS,science,,,,,,,,,,,,,,,,,,263.1093,183.0291,,,,,,,,,,,,
CYP,2023,TIMSS,mathematics,,,,460.4221,2.1223,3.4395,54.0989,,,,,,,,,516.295,486.9837,493.7793,464.2534,,,,,,,,,,,,
CYP,2023,TIMSS,science,,,,460.4221,2.1223,3.4395,54.0989,,,,,,,,,516.295,486.9837,493.7793,464.2534,,,,,,,,,,,,
CZE,2023,TIMSS,mathematics,,,,525.3865,2.2127,2.8861,49.1264,,,,,,,,,530.4311,525.8413,518.1843,527.1529,,,,,,,,,,,,
CZE,2023,TIMSS,science,,,,525.3865,2.2127,2.8861,49.1264,,,,,,,,,530.4311,525.8413,518.1843,527.1529,,,,,,,,,,,,
ENG,2023,TIMSS,mathematics,,,,,,,,,,,,,,,,,,524.7728,531.3535,,,,,,,,,,,,
ENG,2023,TIMSS,science,,,,,,,,,,,,,,,,,,524.7728,531.3535,,,,,,,,,,,,
FIN,2023,TIMSS,mathematics,,,,506.6932,2.111,3.3462,52.5812,,,,,,,,,529.2559,542.0588,503.8013,530.6375,,,,,,,,,,,,
FIN,2023,TIMSS,science,,,,506.6932,2.111,3.3462,52.5812,,,,,,,,,529.2559,542.0588,503.8013,530.6375,,,,,,,,,,,,
FRA,2023,TIMSS,mathematics,,,,497.6354,1.9949,2.9105,49.9136,,,,,,,,,484.0991,488.1341,478.6812,486.1952,,,,,,,,,,,,
FRA,2023,TIMSS,science,,,,497.6354,1.9949,2.9105,49.9136,,,,,,,,,484.0991,488.1341,478.6812,486.1952,,,,,,,,,,,,
GEO,2023,TIMSS,mathematics,,,,,,,,,,,,,,,,,,466.7546,447.7856,,,,,,,,,,,,
GEO,2023,TIMSS,science,,,,,,,,,,,,,,,,,,466.7546,447.7856,,,,,,,,,,,,
HKG,2023,TIMSS,mathematics,,,,,,,,,,,,,,,,594.3881,545.231,574.7027,527.698,,,,,,,,,,,,
HKG,2023,TIMSS,science,,,,,,,,,,,,,,,,594.3881,545.231,574.7027,527.698,,,,,,,,,,,,
HUN,2023,TIMSS,mathematics,,,,504.9441,2.2481,3.0124,49.7051,,,,,,,,,,,506.1218,521.6376,,,,,,,,,,,,
HUN,2023,TIMSS,science,,,,504.9441,2.2481,3.0124,49.7051,,,,,,,,,,,506.1218,521.6376,,,,,,,,,,,,
IRL,2023,TIMSS,mathematics,,,,,,,,,,,,,,,,545.7704,531.8995,521.6572,524.9589,,,,,,,,,,,,
IRL,2023,TIMSS,science,,,,,,,,,,,,,,,,545.7704,531.8995,521.6572,524.9589,,,,,,,,,,,,
IRN,2023,TIMSS,mathematics,,,,,,,,,,,,,,,,,,423.3231,419.0028,,,,,,,,,,,,
IRN,2023,TIMSS,science,,,,,,,,,,,,,,,,,,423.3231,419.0028,,,,,,,,,,,,
ITA,2023,TIMSS,mathematics,,,,490.5434,2.0663,2.5912,47.6863,,,,,,,,,513.087,510.5523,500.5642,500.651,,,,,,,,,,,,
ITA,2023,TIMSS,science,,,,490.5434,2.0663,2.5912,47.6863,,,,,,,,,513.087,510.5523,500.5642,500.651,,,,,,,,,,,,
JPN,2023,TIMSS,mathematics,,,,,,,,,,,,,,,,590.6653,554.8338,594.6155,556.9873,,,,,,,,,,,,
JPN,2023,TIMSS,science,,,,,,,,,,,,,,,,590.6653,554.8338,594.6155,556.9873,,,,,,,,,,,,
KAZ,2023,TIMSS,mathematics,,,,406.9882,1.2099,2.8674,51.118,,,,,,,,,487.1769,466.53,454.0894,442.6806,,,,,,,,,,,,
KAZ,2023,TIMSS,science,,,,406.9882,1.2099,2.8674,51.118,,,,,,,,,487.1769,466.53,454.0894,442.6806,,,,,,,,,,,,
KOR,2023,TIMSS,mathematics,,,,540.3995,2.5371,3.4363,50.1565,,,,,,,,,594.4118,583.2645,595.9943,545.3962,,,,,,,,,,,,
KOR,2023,TIMSS,science,,,,540.3995,2.5371,3.4363,50.1565,,,,,,,,,594.4118,583.2645,595.9943,545.3962,,,,,,,,,,,,
KWT,2023,TIMSS,mathematics,,,,,,,,,,,,,,,,381.9761,373.3174,398.6539,419.6972,,,,,,,,,,,,
KWT,2023,TIMSS,science,,,,,,,,,,,,,,,,381.9761,373.3174,398.6539,419.6972,,,,,,,,,,,,
LTU,2023,TIMSS,mathematics,,,,,,,,,,,,,,,,560.6228,536.948,513.597,519.2904,,,,,,,,,,,,
LTU,2023,TIMSS,science,,,,,,,,,,,,,,,,560.6228,536.948,513.597,519.2904,,,,,,,,,,,,
MAR,2023,TIMSS,mathematics,,,,,,,,,,,,,,,,,,377.8809,326.9602,,,,,,,,,,,,
MAR,2023,TIMSS,science,,,,,,,,,,,,,,,,,,377.8809,326.9602,,,,,,,,,,,,
MYS,2023,TIMSS,mathematics,,,,,,,,,,,,,,,,,,410.6851,426.3985,,,,,,,,,,,,
MYS,2023,TIMSS,science,,,,,,,,,,,,,,,,,,410.6851,426.3985,,,,,,,,,,,,
NOR,2023,TIMSS,mathematics,,,,,,,,,,,,,,,,530.5566,530.4362,500.6292,488.3825,,,,,,,,,,,,
NOR,2023,TIMSS,science,,,,,,,,,,,,,,,,530.5566,530.4362,500.6292,488.3825,,,,,,,,,,,,
NZL,2023,TIMSS,mathematics,,,,,,,,,,,,,,,,490.2756,517.0717,485.4895,501.9258,,,,,,,,,,,,
NZL,2023,TIMSS,science,,,,,,,,,,,,,,,,490.2756,517.0717,485.4895,501.9258,,,,,,,,,,,,
OMN,2023,TIMSS,mathematics,,,,379.1219,1.4712,2.9818,50.822,,,,,,,,,421.3615,432.6494,410.8779,455.7478,,,,,,,,,,,,
OMN,2023,TIMSS,science,,,,379.1219,1.4712,2.9818,50.822,,,,,,,,,421.3615,432.6494,410.8779,455.7478,,,,,,,,,,,,
PRT,2023,TIMSS,mathematics,,,,509.7129,1.7924,2.6162,50.2456,,,,,,,,,,,475.4719,505.5807,,,,,,,,,,,,
PRT,2023,TIMSS,science,,,,509.7129,1.7924,2.6162,50.2456,,,,,,,,,,,475.4719,505.5807,,,,,,,,,,,,
PSE,2023,TIMSS,mathematics,,,,,,,,,,,,,,,,,,381.659,392.8622,,,,,,,,,,,,
PSE,2023,TIMSS,science,,,,,,,,,,,,,,,,,,381.659,392.8622,,,,,,,,,,,,
ROM,2023,TIMSS,mathematics,,,,,,,,,,,,,,,,541.8522,526.2065,495.6882,466.1514,,,,,,,,,,,,
ROM,2023,TIMSS,science,,,,,,,,,,,,,,,,541.8522,526.2065,495.6882,466.1514,,,,,,,,,,,,
SGP,2023,TIMSS,mathematics,,,,,,,,,,,,,,,,614.7797,607.3513,605.3191,606.1538,,,,,,,,,,,,
SGP,2023,TIMSS,science,,,,,,,,,,,,,,,,614.7797,607.3513,605.3191,606.1538,,,,,,,,,,,,
SWE,2023,TIMSS,mathematics,,,,504.2374,2.1227,3.3891,54.3193,,,,,,,,,,,517.3197,521.3098,,,,,,,,,,,,
SWE,2023,TIMSS,science,,,,504.2374,2.1227,3.3891,54.3193,,,,,,,,,,,517.3197,521.3098,,,,,,,,,,,,
TUR,2023,TIMSS,mathematics,,,,,,,,,,,,,,,,553.2616,570.1124,508.568,529.5164,,,,,,,,,,,,
TUR,2023,TIMSS,science,,,,,,,,,,,,,,,,553.2616,570.1124,508.568,529.5164,,,,,,,,,,,,
TWN,2023,TIMSS,mathematics,,,,,,,,,,,,,,,,607.03,572.6067,602.4299,571.8284,,,,,,,,,,,,
TWN,2023,TIMSS,science,,,,,,,,,,,,,,,,607.03,572.6067,602.4299,571.8284,,,,,,,,,,,,
USA,2023,TIMSS,mathematics,,,,481.6374,1.7674,2.9816,50.5801,,,,,,,,,,,488.0068,513.3955,,,,,,,,,,,,
USA,2023,TIMSS,science,,,,481.6374,1.7674,2.9816,50.5801,,,,,,,,,,,488.0068,513.3955,,,,,,,,,,,,
UZB,2023,TIMSS,mathematics,,,,,,,,,,,,,,,,443.4615,411.8723,420.9094,395.6721,,,,,,,,,,,,
UZB,2023,TIMSS,science,,,,,,,,,,,,,,,,443.4615,411.8723,420.9094,395.6721,,,,,,,,,,,,
AUS,1995,TIMSS_G4,mathematics,,,,,,,,,,,,,,,,485.9045,514.2141,,,,,,,,,,,,,,
AUS,1995,TIMSS_G4,science,,,,,,,,,,,,,,,,485.9045,514.2141,,,,,,,,,,,,,,
CYP,1995,TIMSS_G4,mathematics,,,,,,,,,,,,,,,,435.4924,416.9639,451.446,429.0906,,,,,,,,,,,,
CYP,1995,TIMSS_G4,science,,,,,,,,,,,,,,,,435.4924,416.9639,451.446,429.0906,,,,,,,,,,,,
CZE,1995,TIMSS_G4,mathematics,,,,,,,,,,,,,,,,505.7637,500.7487,529.102,538.0504,,,,,,,,,,,,
CZE,1995,TIMSS_G4,science,,,,,,,,,,,,,,,,505.7637,500.7487,529.102,538.0504,,,,,,,,,,,,
ENG,1995,TIMSS_G4,mathematics,,,,,,,,,,,,,,,,453.0551,501.0653,483.5895,516.3168,,,,,,,,,,,,
ENG,1995,TIMSS_G4,science,,,,,,,,,,,,,,,,453.0551,501.0653,483.5895,516.3168,,,,,,,,,,,,
GRC,1995,TIMSS_G4,mathematics,,,,,,,,,,,,,,,,428.48,446.8421,454.9902,461.3512,,,,,,,,,,,,
GRC,1995,TIMSS_G4,science,,,,,,,,,,,,,,,,428.48,446.8421,454.9902,461.3512,,,,,,,,,,,,
HKG,1995,TIMSS_G4,mathematics,,,,,,,,,,,,,,,,530.2315,483.6712,,,,,,,,,,,,,,
HKG,1995,TIMSS_G4,science,,,,,,,,,,,,,,,,530.2315,483.6712,,,,,,,,,,,,,,
IRN,1995,TIMSS_G4,mathematics,,,,,,,,,,,,,,,,356.6559,341.3351,397.6076,446.6397,,,,,,,,,,,,
IRN,1995,TIMSS_G4,science,,,,,,,,,,,,,,,,356.6559,341.3351,397.6076,446.6397,,,,,,,,,,,,
ISL,1995,TIMSS_G4,mathematics,,,,,,,,,,,,,,,,416.1517,441.3708,,,,,,,,,,,,,,
ISL,1995,TIMSS_G4,science,,,,,,,,,,,,,,,,416.1517,441.3708,,,,,,,,,,,,,,
ISR,1995,TIMSS_G4,mathematics,,,,,,,,,,,,,,,,505.3744,482.4728,513.3149,508.9575,,,,,,,,,,,,
ISR,1995,TIMSS_G4,science,,,,,,,,,,,,,,,,505.3744,482.4728,513.3149,508.9575,,,,,,,,,,,,
JPN,1995,TIMSS_G4,mathematics,,,,,,,,,,,,,,,,540.5077,527.565,568.9289,538.1906,,,,,,,,,,,,
JPN,1995,TIMSS_G4,science,,,,,,,,,,,,,,,,540.5077,527.565,568.9289,538.1906,,,,,,,,,,,,
KOR,1995,TIMSS_G4,mathematics,,,,,,,,,,,,,,,,559.781,555.184,,,,,,,,,,,,,,
KOR,1995,TIMSS_G4,science,,,,,,,,,,,,,,,,559.781,555.184,,,,,,,,,,,,,,
KWT,1995,TIMSS_G4,mathematics,,,,,,,,,,,,,,,,351.4572,360.0573,,,,,,,,,,,,,,
KWT,1995,TIMSS_G4,science,,,,,,,,,,,,,,,,351.4572,360.0573,,,,,,,,,,,,,,
LVA,1995,TIMSS_G4,mathematics,,,,,,,,,,,,,,,,469.3679,464.874,472.355,449.5737,,,,,,,,,,,,
LVA,1995,TIMSS_G4,science,,,,,,,,,,,,,,,,469.3679,464.874,472.355,449.5737,,,,,,,,,,,,
NLD,1995,TIMSS_G4,mathematics,,,,,,,,,,,,,,,,509.5365,502.9933,,,,,,,,,,,,,,
NLD,1995,TIMSS_G4,science,,,,,,,,,,,,,,,,509.5365,502.9933,,,,,,,,,,,,,,
NOR,1995,TIMSS_G4,mathematics,,,,,,,,,,,,,,,,432.1461,461.7301,478.9983,494.6488,,,,,,,,,,,,
NOR,1995,TIMSS_G4,science,,,,,,,,,,,,,,,,432.1461,461.7301,478.9983,494.6488,,,,,,,,,,,,
NZL,1995,TIMSS_G4,mathematics,,,,,,,,,,,,,,,,437.2578,477.4337,483.7564,490.1169,,,,,,,,,,,,
NZL,1995,TIMSS_G4,science,,,,,,,,,,,,,,,,437.2578,477.4337,483.7564,490.1169,,,,,,,,,,,,
PRT,1995,TIMSS_G4,mathematics,,,,,,,,,,,,,,,,415.6327,422.133,433.5919,444.4094,,,,,,,,,,,,
PRT,1995,TIMSS_G4,science,,,,,,,,,,,,,,,,415.6327,422.133,433.5919,444.4094,,,,,,,,,,,,
SCO,1995,TIMSS_G4,mathematics,,,,,,,,,,,,,,,,459.804,486.2358,,,,,,,,,,,,,,
SCO,1995,TIMSS_G4,science,,,,,,,,,,,,,,,,459.804,486.2358,,,,,,,,,,,,,,
SGP,1995,TIMSS_G4,mathematics,,,,,,,,,,,,,,,,556.959,490.0381,,,,,,,,,,,,,,
SGP,1995,TIMSS_G4,science,,,,,,,,,,,,,,,,556.959,490.0381,,,,,,,,,,,,,,
SVN,1995,TIMSS_G4,mathematics,,,,,,,,,,,,,,,,493.626,493.1684,512.0384,526.9626,,,,,,,,,,,,
SVN,1995,TIMSS_G4,science,,,,,,,,,,,,,,,,493.626,493.1684,512.0384,526.9626,,,,,,,,,,,,
THA,1995,TIMSS_G4,mathematics,,,,,,,,,,,,,,,,440.194,425.5455,503.7922,495.5945,,,,,,,,,,,,
THA,1995,TIMSS_G4,science,,,,,,,,,,,,,,,,440.194,425.5455,503.7922,495.5945,,,,,,,,,,,,
USA,1995,TIMSS_G4,mathematics,,,,,,,,,,,,,,,,485.1006,513.8748,480.4901,500.6289,,,,,,,,,,,,
USA,1995,TIMSS_G4,science,,,,,,,,,,,,,,,,485.1006,513.8748,480.4901,500.6289,,,,,,,,,,,,
ARM,2003,TIMSS_G4,mathematics,,,,,,,,,,,,,,,,455.9249,436.5281,478.1272,461.2667,,,,,,,,,,,,
ARM,2003,TIMSS_G4,science,,,,,,,,,,,,,,,,455.9249,436.5281,478.1272,461.2667,,,,,,,,,,,,
AUS,2003,TIMSS_G4,mathematics,,,,,,,,,,,,,524.266,525.427,525.0545,498.6633,520.6911,,,,,,,,,,,,,,
AUS,2003,TIMSS_G4,science,,,,,,,,,,,,,524.266,525.427,525.0545,498.6633,520.6911,,,,,,,,,,,,,,
BFL,2003,TIMSS_G4,mathematics,,,,,,,,,,,,,,,,550.6008,518.3421,536.7097,515.5065,,,,,,,,,,,,
BFL,2003,TIMSS_G4,science,,,,,,,,,,,,,,,,550.6008,518.3421,536.7097,515.5065,,,,,,,,,,,,
COT,2003,TIMSS_G4,mathematics,,,,,,,,,,,,,,,,511.1842,540.205,520.9319,532.9198,,,,,,,,,,,,
COT,2003,TIMSS_G4,science,,,,,,,,,,,,,,,,511.1842,540.205,520.9319,532.9198,,,,,,,,,,,,
CQU,2003,TIMSS_G4,mathematics,,,,,,,,,,,,,,,,505.8475,500.3921,543.0746,531.0131,,,,,,,,,,,,
CQU,2003,TIMSS_G4,science,,,,,,,,,,,,,,,,505.8475,500.3921,543.0746,531.0131,,,,,,,,,,,,
ENG,2003,TIMSS_G4,mathematics,,,,,,,,,,,,,,,,531.1823,540.2402,498.4637,543.8965,,,,,,,,,,,,
ENG,2003,TIMSS_G4,science,,,,,,,,,,,,,,,,531.1823,540.2402,498.4637,543.8965,,,,,,,,,,,,
HKG,2003,TIMSS_G4,mathematics,,,,,,,,,,,,,550.3832,509.5352,539.4975,574.7823,542.4826,586.0515,556.0891,,,,,,,,,,,,
HKG,2003,TIMSS_G4,science,,,,,,,,,,,,,550.3832,509.5352,539.4975,574.7823,542.4826,586.0515,556.0891,,,,,,,,,,,,
HUN,2003,TIMSS_G4,mathematics,,,,,,,,,,,,,490.0124,481.8697,503.2789,528.5023,529.7275,529.2745,542.7608,,,,,,,,,,,,
HUN,2003,TIMSS_G4,science,,,,,,,,,,,,,490.0124,481.8697,503.2789,528.5023,529.7275,529.2745,542.7608,,,,,,,,,,,,
ITA,2003,TIMSS_G4,mathematics,,,,,,,,,,,,,465.6642,475.6616,486.4542,502.7621,515.6404,483.5993,490.8905,,,,,,,,,,,,
ITA,2003,TIMSS_G4,science,,,,,,,,,,,,,465.6642,475.6616,486.4542,502.7621,515.6404,483.5993,490.8905,,,,,,,,,,,,
JPN,2003,TIMSS_G4,mathematics,,,,,,,,,,,,,534.1365,498.1052,547.6382,564.5561,543.4686,,,,,,,,,,,,,,
JPN,2003,TIMSS_G4,science,,,,,,,,,,,,,534.1365,498.1052,547.6382,564.5561,543.4686,,,,,,,,,,,,,,
MAR,2003,TIMSS_G4,mathematics,,,,,,,,,,,,,,,,346.8071,304.3918,386.5391,396.4738,,,,,,,,,,,,
MAR,2003,TIMSS_G4,science,,,,,,,,,,,,,,,,346.8071,304.3918,386.5391,396.4738,,,,,,,,,,,,
NLD,2003,TIMSS_G4,mathematics,,,,,,,,,,,,,537.8233,513.119,524.3687,540.3734,525.1246,536.2731,535.7651,,,,,,,,,,,,
NLD,2003,TIMSS_G4,science,,,,,,,,,,,,,537.8233,513.119,524.3687,540.3734,525.1246,536.2731,535.7651,,,,,,,,,,,,
NOR,2003,TIMSS_G4,mathematics,,,,,,,,,,,,,495.1854,499.7402,484.1812,451.3425,466.3464,,,,,,,,,,,,,,
NOR,2003,TIMSS_G4,science,,,,,,,,,,,,,495.1854,499.7402,484.1812,451.3425,466.3464,,,,,,,,,,,,,,
NZL,2003,TIMSS_G4,mathematics,,,,,,,,,,,,,523.4866,521.5515,520.9043,493.4637,519.6712,,,,,,,,,,,,,,
NZL,2003,TIMSS_G4,science,,,,,,,,,,,,,523.4866,521.5515,520.9043,493.4637,519.6712,,,,,,,,,,,,,,
PHL,2003,TIMSS_G4,mathematics,,,,,,,,,,,,,,,,358.1947,331.6199,377.6899,377.3732,,,,,,,,,,,,
PHL,2003,TIMSS_G4,science,,,,,,,,,,,,,,,,358.1947,331.6199,377.6899,377.3732,,,,,,,,,,,,
RUS,2003,TIMSS_G4,mathematics,,,,,,,,,,,,,468.4067,442.1968,489.2861,531.6823,526.1874,508.0408,513.6214,,,,,,,,,,,,
RUS,2003,TIMSS_G4,science,,,,,,,,,,,,,468.4067,442.1968,489.2861,531.6823,526.1874,508.0408,513.6214,,,,,,,,,,,,
SCO,2003,TIMSS_G4,mathematics,,,,,,,,,,,,,,,,490.3209,501.9748,,,,,,,,,,,,,,
SCO,2003,TIMSS_G4,science,,,,,,,,,,,,,,,,490.3209,501.9748,,,,,,,,,,,,,,
SVN,2003,TIMSS_G4,mathematics,,,,,,,,,,,,,,,,478.795,490.3647,492.9556,520.4978,,,,,,,,,,,,
SVN,2003,TIMSS_G4,science,,,,,,,,,,,,,,,,478.795,490.3647,492.9556,520.4978,,,,,,,,,,,,
TUN,2003,TIMSS_G4,mathematics,,,,,,,,,,,,,358.7332,374.6224,384.6794,339.3,313.9885,410.3295,403.5475,,,,,,,,,,,,
TUN,2003,TIMSS_G4,science,,,,,,,,,,,,,358.7332,374.6224,384.6794,339.3,313.9885,410.3295,403.5475,,,,,,,,,,,,
TWN,2003,TIMSS_G4,mathematics,,,,,,,,,,,,,,,,563.9486,551.3547,,,,,,,,,,,,,,
TWN,2003,TIMSS_G4,science,,,,,,,,,,,,,,,,563.9486,551.3547,,,,,,,,,,,,,,
UIN,2003,TIMSS_G4,mathematics,,,,,,,,,,,,,,,,532.8736,553.2871,,,,,,,,,,,,,,
UIN,2003,TIMSS_G4,science,,,,,,,,,,,,,,,,532.8736,553.2871,,,,,,,,,,,,,,
USA,2003,TIMSS_G4,mathematics,,,,,,,,,,,,,482.8828,495.1859,491.2636,518.2842,535.6305,,,,,,,,,,,,,,
USA,2003,TIMSS_G4,science,,,,,,,,,,,,,482.8828,495.1859,491.2636,518.2842,535.6305,,,,,,,,,,,,,,
ADU,2007,TIMSS_G4,mathematics,,,,,,,,,,,,,,,,444.3338,459.6483,,,,,,,,,,,,,,
ADU,2007,TIMSS_G4,science,,,,,,,,,,,,,,,,444.3338,459.6483,,,,,,,,,,,,,,
ARM,2007,TIMSS_G4,mathematics,,,,,,,,,,,,,,,,499.5128,484.3868,,,,,,,,,,,,,,
ARM,2007,TIMSS_G4,science,,,,,,,,,,,,,,,,499.5128,484.3868,,,,,,,,,,,,,,
AUS,2007,TIMSS_G4,mathematics,,,,,,,,,,,,,,,,516.0625,527.3967,,,,,,,,,,,,,,
AUS,2007,TIMSS_G4,science,,,,,,,,,,,,,,,,516.0625,527.3967,,,,,,,,,,,,,,
AUT,2007,TIMSS_G4,mathematics,,,,,,,,,,,,,,,,505.3886,525.6268,,,,,,,,,,,,,,
AUT,2007,TIMSS_G4,science,,,,,,,,,,,,,,,,505.3886,525.6268,,,,,,,,,,,,,,
CAB,2007,TIMSS_G4,mathematics,,,,,,,,,,,,,,,,505.3204,542.5885,,,,,,,,,,,,,,
CAB,2007,TIMSS_G4,science,,,,,,,,,,,,,,,,505.3204,542.5885,,,,,,,,,,,,,,
CBC,2007,TIMSS_G4,mathematics,,,,,,,,,,,,,,,,505.2194,536.69,509.4494,525.7166,,,,,,,,,,,,
CBC,2007,TIMSS_G4,science,,,,,,,,,,,,,,,,505.2194,536.69,509.4494,525.7166,,,,,,,,,,,,
COL,2007,TIMSS_G4,mathematics,,,,,,,,,,,,,,,,355.4504,400.3046,379.6358,417.1824,,,,,,,,,,,,
COL,2007,TIMSS_G4,science,,,,,,,,,,,,,,,,355.4504,400.3046,379.6358,417.1824,,,,,,,,,,,,
COT,2007,TIMSS_G4,mathematics,,,,,,,,,,,,,,,,511.6142,535.8687,517.2319,526.1282,,,,,,1.7855,,,,,,
COT,2007,TIMSS_G4,science,,,,,,,,,,,,,,,,511.6142,535.8687,517.2319,526.1282,,,,,,1.7855,,,,,,
CQU,2007,TIMSS_G4,mathematics,,,,,,,,,,,,,,,,519.1031,517.1224,528.1098,506.5887,,,,,,2.1204,,,,,,
CQU,2007,TIMSS_G4,science,,,,,,,,,,,,,,,,519.1031,517.1224,528.1098,506.5887,,,,,,2.1204,,,,,,
CZE,2007,TIMSS_G4,mathematics,,,,,,,,,,,,,,,,486.3994,515.0518,,,,,,,,,,,,,,
CZE,2007,TIMSS_G4,science,,,,,,,,,,,,,,,,486.3994,515.0518,,,,,,,,,,,,,,
DNK,2007,TIMSS_G4,mathematics,,,,,,,,,,,,,,,,523.1058,516.9172,,,,,,,,,,,,,,
DNK,2007,TIMSS_G4,science,,,,,,,,,,,,,,,,523.1058,516.9172,,,,,,,,,,,,,,
DZA,2007,TIMSS_G4,mathematics,,,,,,,,,,,,,,,,377.6451,353.8193,386.7519,408.0595,,,,,,,,,,,,
DZA,2007,TIMSS_G4,science,,,,,,,,,,,,,,,,377.6451,353.8193,386.7519,408.0595,,,,,,,,,,,,
GEO,2007,TIMSS_G4,mathematics,,,,,,,,,,,,,,,,438.4579,417.6372,409.6166,420.9025,,,,,,,,,,,,
GEO,2007,TIMSS_G4,science,,,,,,,,,,,,,,,,438.4579,417.6372,409.6166,420.9025,,,,,,,,,,,,
HUN,2007,TIMSS_G4,mathematics,,,,,,,,,,,,,,,,509.7197,536.2259,516.8952,539.0342,,,,,,2.4135,,,,,,
HUN,2007,TIMSS_G4,science,,,,,,,,,,,,,,,,509.7197,536.2259,516.8952,539.0342,,,,,,2.4135,,,,,,
IRN,2007,TIMSS_G4,mathematics,,,,,,,,,,,,,,,,402.4216,435.6388,403.3795,458.9289,,,,,,,,,,,,
IRN,2007,TIMSS_G4,science,,,,,,,,,,,,,,,,402.4216,435.6388,403.3795,458.9289,,,,,,,,,,,,
ITA,2007,TIMSS_G4,mathematics,,,,,,,,,,,,,,,,506.7498,535.2168,479.6261,495.1468,,,,,,2.9303,,,,,,
ITA,2007,TIMSS_G4,science,,,,,,,,,,,,,,,,506.7498,535.2168,479.6261,495.1468,,,,,,2.9303,,,,,,
KAZ,2007,TIMSS_G4,mathematics,,,,,,,,,,,,,,,,549.3478,532.8304,,,,,,,,,,,,,,
KAZ,2007,TIMSS_G4,science,,,,,,,,,,,,,,,,549.3478,532.8304,,,,,,,,,,,,,,
KWT,2007,TIMSS_G4,mathematics,,,,,,,,,,,,,,,,315.5353,348.1511,353.6702,417.9562,,,,,,,,,,,,
KWT,2007,TIMSS_G4,science,,,,,,,,,,,,,,,,315.5353,348.1511,353.6702,417.9562,,,,,,,,,,,,
LTU,2007,TIMSS_G4,mathematics,,,,,,,,,,,,,,,,529.7988,514.2051,505.8179,518.5589,,,,,,2.0047,,,,,,
LTU,2007,TIMSS_G4,science,,,,,,,,,,,,,,,,529.7988,514.2051,505.8179,518.5589,,,,,,2.0047,,,,,,
LVA,2007,TIMSS_G4,mathematics,,,,,,,,,,,,,,,,537.2002,541.8951,,,,,,,,,,,,,,
LVA,2007,TIMSS_G4,science,,,,,,,,,,,,,,,,537.2002,541.8951,,,,,,,,,,,,,,
MNG,2007,TIMSS_G4,mathematics,,,,,,,,,,,,,,,,435.5953,421.397,432.1717,449.3108,,,,,,,,,,,,
MNG,2007,TIMSS_G4,science,,,,,,,,,,,,,,,,435.5953,421.397,432.1717,449.3108,,,,,,,,,,,,
NLD,2007,TIMSS_G4,mathematics,,,,,,,,,,,,,,,,534.9518,523.1763,,,,,,,,,,,,,,
NLD,2007,TIMSS_G4,science,,,,,,,,,,,,,,,,534.9518,523.1763,,,,,,,,,,,,,,
NOR,2007,TIMSS_G4,mathematics,,,,,,,,,,,,,,,,473.2164,476.5508,469.2158,486.7578,,,,,,,,,,,,
NOR,2007,TIMSS_G4,science,,,,,,,,,,,,,,,,473.2164,476.5508,469.2158,486.7578,,,,,,,,,,,,
NZL,2007,TIMSS_G4,mathematics,,,,,,,,,,,,,,,,492.4753,504.0658,,,,,,,,,,,,,,
NZL,2007,TIMSS_G4,science,,,,,,,,,,,,,,,,492.4753,504.0658,,,,,,,,,,,,,,
QAT,2007,TIMSS_G4,mathematics,,,,,,,,,,,,,,,,296.2682,294.3956,306.7909,318.8538,,,,,,,,,,,,
QAT,2007,TIMSS_G4,science,,,,,,,,,,,,,,,,296.2682,294.3956,306.7909,318.8538,,,,,,,,,,,,
SLV,2007,TIMSS_G4,mathematics,,,,,,,,,,,,,,,,329.9056,389.583,340.4409,387.2741,,,,,,,,,,,,
SLV,2007,TIMSS_G4,science,,,,,,,,,,,,,,,,329.9056,389.583,340.4409,387.2741,,,,,,,,,,,,
SVK,2007,TIMSS_G4,mathematics,,,,,,,,,,,,,,,,495.9748,525.6914,,,,,,,,,,,,,,
SVK,2007,TIMSS_G4,science,,,,,,,,,,,,,,,,495.9748,525.6914,,,,,,,,,,,,,,
SVN,2007,TIMSS_G4,mathematics,,,,,,,,,,,,,,,,501.8426,518.3925,,,,,,,,,,,,,,
SVN,2007,TIMSS_G4,science,,,,,,,,,,,,,,,,501.8426,518.3925,,,,,,,,,,,,,,
SWE,2007,TIMSS_G4,mathematics,,,,,,,,,,,,,,,,502.574,524.8102,491.3001,510.6904,,,,,,2.0144,,,,,,
SWE,2007,TIMSS_G4,science,,,,,,,,,,,,,,,,502.574,524.8102,491.3001,510.6904,,,,,,2.0144,,,,,,
TUN,2007,TIMSS_G4,mathematics,,,,,,,,,,,,,,,,327.4354,318.4744,420.4132,444.8976,,,,,,3.715,,,,,,
TUN,2007,TIMSS_G4,science,,,,,,,,,,,,,,,,327.4354,318.4744,420.4132,444.8976,,,,,,3.715,,,,,,
TWN,2007,TIMSS_G4,mathematics,,,,,,,,,,,,,,,,575.8192,556.6963,598.3012,561.0029,,,,,,,,,,,,
TWN,2007,TIMSS_G4,science,,,,,,,,,,,,,,,,575.8192,556.6963,598.3012,561.0029,,,,,,,,,,,,
UKR,2007,TIMSS_G4,mathematics,,,,,,,,,,,,,,,,469.0033,473.8136,462.162,485.063,,,,,,,,,,,,
UKR,2007,TIMSS_G4,science,,,,,,,,,,,,,,,,469.0033,473.8136,462.162,485.063,,,,,,,,,,,,
UMA,2007,TIMSS_G4,mathematics,,,,,,,,,,,,,,,,572.4842,570.8943,,,,,,,,,,,,,,
UMA,2007,TIMSS_G4,science,,,,,,,,,,,,,,,,572.4842,570.8943,,,,,,,,,,,,,,
UMN,2007,TIMSS_G4,mathematics,,,,,,,,,,,,,,,,554.1172,551.4777,,,,,,,,,,,,,,
UMN,2007,TIMSS_G4,science,,,,,,,,,,,,,,,,554.1172,551.4777,,,,,,,,,,,,,,
YEM,2007,TIMSS_G4,mathematics,,,,,,,,,,,,,,,,223.6826,197.3648,,,,,,,,,,,,,,
YEM,2007,TIMSS_G4,science,,,,,,,,,,,,,,,,223.6826,197.3648,,,,,,,,,,,,,,
ADU,2011,TIMSS_G4,mathematics,,,,,,,,,,,,,,,,467.8804,461.2419,477.5646,485.0713,,,,,,,,,,,,
ADU,2011,TIMSS_G4,science,,,,,,,,,,,,,,,,467.8804,461.2419,477.5646,485.0713,,,,,,,,,,,,
ARE,2011,TIMSS_G4,mathematics,,,,,,,,,,,,438.5933,,,,434.3831,427.829,,,,,,,,,,,,,,
ARE,2011,TIMSS_G4,science,,,,,,,,,,,,438.5933,,,,434.3831,427.829,,,,,,,,,,,,,,
ARM,2011,TIMSS_G4,mathematics,,,,,,,,,,,,,,,,452.2821,416.0832,466.588,436.9247,,,,,,,,,,,,
ARM,2011,TIMSS_G4,science,,,,,,,,,,,,,,,,452.2821,416.0832,466.588,436.9247,,,,,,,,,,,,
AUS,2011,TIMSS_G4,mathematics,,,,,,,,,,,,527.372,,,,515.9317,515.5933,504.8024,519.2655,,,,,,,,,,,,
AUS,2011,TIMSS_G4,science,,,,,,,,,,,,527.372,,,,515.9317,515.5933,504.8024,519.2655,,,,,,,,,,,,
AUT,2011,TIMSS_G4,mathematics,,,,,,,,,,,,528.8756,,,,508.3109,531.5022,,,,,,,,,,,,,,
AUT,2011,TIMSS_G4,science,,,,,,,,,,,,528.8756,,,,508.3109,531.5022,,,,,,,,,,,,,,
AZE,2011,TIMSS_G4,mathematics,,,,,,,,,,,,462.3037,,,,462.7507,438.0663,,,,,,,,,,,,,,
AZE,2011,TIMSS_G4,science,,,,,,,,,,,,462.3037,,,,462.7507,438.0663,,,,,,,,,,,,,,
BFL,2011,TIMSS_G4,mathematics,,,,,,,,,,,,,,,,549.1849,508.55,,,,,,,,,,,,,,
BFL,2011,TIMSS_G4,science,,,,,,,,,,,,,,,,549.1849,508.55,,,,,,,,,,,,,,
BHR,2011,TIMSS_G4,mathematics,,,,,,,,,,,,,,,,436.0368,449.4156,409.2168,452.4249,,,,,,3.299,,,,,,
BHR,2011,TIMSS_G4,science,,,,,,,,,,,,,,,,436.0368,449.4156,409.2168,452.4249,,,,,,3.299,,,,,,
CAB,2011,TIMSS_G4,mathematics,,,,,,,,,,,,548.0589,,,,506.5501,541.2533,505.1407,545.6025,,,,,,,,,,,,
CAB,2011,TIMSS_G4,science,,,,,,,,,,,,548.0589,,,,506.5501,541.2533,505.1407,545.6025,,,,,,,,,,,,
COT,2011,TIMSS_G4,mathematics,,,,,,,,,,,,551.843,,,,517.8829,527.5905,511.6252,521.2937,,,,,,3.0301,,,,,,
COT,2011,TIMSS_G4,science,,,,,,,,,,,,551.843,,,,517.8829,527.5905,511.6252,521.2937,,,,,,3.0301,,,,,,
CQU,2011,TIMSS_G4,mathematics,,,,,,,,,,,,537.6108,,,,532.7976,516.4002,531.5639,519.9151,,,,,,2.6531,,,,,,
CQU,2011,TIMSS_G4,science,,,,,,,,,,,,537.6108,,,,532.7976,516.4002,531.5639,519.9151,,,,,,2.6531,,,,,,
ENG,2011,TIMSS_G4,mathematics,,,,,,,,,,,,,,,,542.3643,528.7813,506.7598,532.9972,,,,,,,,,,,,
ENG,2011,TIMSS_G4,science,,,,,,,,,,,,,,,,542.3643,528.7813,506.7598,532.9972,,,,,,,,,,,,
FIN,2011,TIMSS_G4,mathematics,,,,,,,,,,,,567.8705,,,,545.4379,570.2206,,,,,,,,,,,,,,
FIN,2011,TIMSS_G4,science,,,,,,,,,,,,567.8705,,,,545.4379,570.2206,,,,,,,,,,,,,,
HKG,2011,TIMSS_G4,mathematics,,,,,,,,,,,,570.5426,,,,601.6088,534.9477,,,,,,,,,,,,,,
HKG,2011,TIMSS_G4,science,,,,,,,,,,,,570.5426,,,,601.6088,534.9477,,,,,,,,,,,,,,
HND,2011,TIMSS_G4,mathematics,,,,,,,,,,,,,,,,396.4456,432.3087,337.9823,368.7654,,,,,,,,,,,,
HND,2011,TIMSS_G4,science,,,,,,,,,,,,,,,,396.4456,432.3087,337.9823,368.7654,,,,,,,,,,,,
HUN,2011,TIMSS_G4,mathematics,,,,,,,,,,,,,,,,515.3955,534.3866,504.8063,522.3938,,,,,,2.5383,,,,,,
HUN,2011,TIMSS_G4,science,,,,,,,,,,,,,,,,515.3955,534.3866,504.8063,522.3938,,,,,,2.5383,,,,,,
IRL,2011,TIMSS_G4,mathematics,,,,,,,,,,,,551.6044,,,,527.3953,516.0549,,,,,,,,,,,,,,
IRL,2011,TIMSS_G4,science,,,,,,,,,,,,551.6044,,,,527.3953,516.0549,,,,,,,,,,,,,,
ITA,2011,TIMSS_G4,mathematics,,,,,,,,,,,,,,,,507.821,523.8551,498.376,501.1109,,,,,,3.1119,,,,,,
ITA,2011,TIMSS_G4,science,,,,,,,,,,,,,,,,507.821,523.8551,498.376,501.1109,,,,,,3.1119,,,,,,
KAZ,2011,TIMSS_G4,mathematics,,,,,,,,,,,,,,,,501.0016,494.5325,486.9523,489.9106,,,,,,,,,,,,
KAZ,2011,TIMSS_G4,science,,,,,,,,,,,,,,,,501.0016,494.5325,486.9523,489.9106,,,,,,,,,,,,
KWT,2011,TIMSS_G4,mathematics,,,,,,,,,,,,419.071,,,,341.7575,347.1358,,,,,,,,,,,,,,
KWT,2011,TIMSS_G4,science,,,,,,,,,,,,419.071,,,,341.7575,347.1358,,,,,,,,,,,,,,
LTU,2011,TIMSS_G4,mathematics,,,,,,,,,,,,528.2289,,,,533.6899,514.6282,,,,,,,,,,,,,,
LTU,2011,TIMSS_G4,science,,,,,,,,,,,,528.2289,,,,533.6899,514.6282,,,,,,,,,,,,,,
MAR,2011,TIMSS_G4,mathematics,,,,,,,,,,,,,,,,334.5938,263.6544,371.1454,375.8871,,,,,,3.7786,,,,,,
MAR,2011,TIMSS_G4,science,,,,,,,,,,,,,,,,334.5938,263.6544,371.1454,375.8871,,,,,,3.7786,,,,,,
MLT,2011,TIMSS_G4,mathematics,,,,,,,,,,,,476.934,,,,495.766,445.8257,,,,,,,,,,,,,,
MLT,2011,TIMSS_G4,science,,,,,,,,,,,,476.934,,,,495.766,445.8257,,,,,,,,,,,,,,
NLD,2011,TIMSS_G4,mathematics,,,,,,,,,,,,546.0583,,,,540.0542,531.1561,,,,,,,,,,,,,,
NLD,2011,TIMSS_G4,science,,,,,,,,,,,,546.0583,,,,540.0542,531.1561,,,,,,,,,,,,,,
OMN,2011,TIMSS_G4,mathematics,,,,,,,,,,,,390.7975,,,,384.8565,377.0061,,,,,,,,,,,,,,
OMN,2011,TIMSS_G4,science,,,,,,,,,,,,390.7975,,,,384.8565,377.0061,,,,,,,,,,,,,,
POL,2011,TIMSS_G4,mathematics,,,,,,,,,,,,525.5726,,,,481.1649,504.8919,,,,,,,,,,,,,,
POL,2011,TIMSS_G4,science,,,,,,,,,,,,525.5726,,,,481.1649,504.8919,,,,,,,,,,,,,,
QAT,2011,TIMSS_G4,mathematics,,,,,,,,,,,,,,,,412.9159,394.1559,409.5958,418.6641,,,,,,2.563,,,,,,
QAT,2011,TIMSS_G4,science,,,,,,,,,,,,,,,,412.9159,394.1559,409.5958,418.6641,,,,,,2.563,,,,,,
ROM,2011,TIMSS_G4,mathematics,,,,,,,,,,,,,,,,482.2807,505.3852,457.9483,464.6945,,,,,,3.2521,,,,,,
ROM,2011,TIMSS_G4,science,,,,,,,,,,,,,,,,482.2807,505.3852,457.9483,464.6945,,,,,,3.2521,,,,,,
RUS,2011,TIMSS_G4,mathematics,,,,,,,,,,,,568.4185,,,,542.0973,552.3455,,,,,,,,,,,,,,
RUS,2011,TIMSS_G4,science,,,,,,,,,,,,568.4185,,,,542.0973,552.3455,,,,,,,,,,,,,,
SAU,2011,TIMSS_G4,mathematics,,,,,,,,,,,,429.8501,,,,410.2095,429.3868,393.8235,436.3522,,,,,,3.1296,,,,,,
SAU,2011,TIMSS_G4,science,,,,,,,,,,,,429.8501,,,,410.2095,429.3868,393.8235,436.3522,,,,,,3.1296,,,,,,
SGP,2011,TIMSS_G4,mathematics,,,,,,,,,,,,567.2845,,,,605.786,583.3389,,,,,,,,,,,,,,
SGP,2011,TIMSS_G4,science,,,,,,,,,,,,567.2845,,,,605.786,583.3389,,,,,,,,,,,,,,
SRB,2011,TIMSS_G4,mathematics,,,,,,,,,,,,,,,,515.9359,515.5076,,,,,,,,,,,,,,
SRB,2011,TIMSS_G4,science,,,,,,,,,,,,,,,,515.9359,515.5076,,,,,,,,,,,,,,
SVK,2011,TIMSS_G4,mathematics,,,,,,,,,,,,535.0846,,,,506.7691,531.8046,,,,,,,,,,,,,,
SVK,2011,TIMSS_G4,science,,,,,,,,,,,,535.0846,,,,506.7691,531.8046,,,,,,,,,,,,,,
SVN,2011,TIMSS_G4,mathematics,,,,,,,,,,,,530.3203,,,,513.0257,520.2802,,,,,,,,,,,,,,
SVN,2011,TIMSS_G4,science,,,,,,,,,,,,530.3203,,,,513.0257,520.2802,,,,,,,,,,,,,,
SWE,2011,TIMSS_G4,mathematics,,,,,,,,,,,,541.6749,,,,503.9378,533.4812,,,,,,,,,,,,,,
SWE,2011,TIMSS_G4,science,,,,,,,,,,,,541.6749,,,,503.9378,533.4812,,,,,,,,,,,,,,
THA,2011,TIMSS_G4,mathematics,,,,,,,,,,,,,,,,457.9759,471.5708,427.1091,450.8923,,,,,,4.0102,,,,,,
THA,2011,TIMSS_G4,science,,,,,,,,,,,,,,,,457.9759,471.5708,427.1091,450.8923,,,,,,4.0102,,,,,,
TUN,2011,TIMSS_G4,mathematics,,,,,,,,,,,,,,,,359.3446,345.6063,424.7365,438.5611,,,,,,3.3229,,,,,,
TUN,2011,TIMSS_G4,science,,,,,,,,,,,,,,,,359.3446,345.6063,424.7365,438.5611,,,,,,3.3229,,,,,,
TWN,2011,TIMSS_G4,mathematics,,,,,,,,,,,,,,,,591.2061,551.7028,609.2786,563.8045,,,,,,2.9377,,,,,,
TWN,2011,TIMSS_G4,science,,,,,,,,,,,,,,,,591.2061,551.7028,609.2786,563.8045,,,,,,2.9377,,,,,,
USA,2011,TIMSS_G4,mathematics,,,,,,,,,,,,556.3746,,,,540.6493,543.8407,509.4849,524.6016,,,,,,,,,,,,
USA,2011,TIMSS_G4,science,,,,,,,,,,,,556.3746,,,,540.6493,543.8407,509.4849,524.6016,,,,,,,,,,,,
YE6,2011,TIMSS_G4,mathematics,,,,,,,,,,,,,,,,348.4812,345.4053,,,,,,,,,,,,,,
YE6,2011,TIMSS_G4,science,,,,,,,,,,,,,,,,348.4812,345.4053,,,,,,,,,,,,,,
AAD,2015,TIMSS_G4,mathematics,,,,,,,,,,,,,,,,419.2901,414.7105,441.6732,454.2489,,,,,,2.0511,,,,,,
AAD,2015,TIMSS_G4,science,,,,,,,,,,,,,,,,419.2901,414.7105,441.6732,454.2489,,,,,,2.0511,,,,,,
ABA,2015,TIMSS_G4,mathematics,,,,,,,,,,,,,,,,419.7848,417.8347,396.1168,386.0132,,,,,,,,,,,,
ABA,2015,TIMSS_G4,science,,,,,,,,,,,,,,,,419.7848,417.8347,396.1168,386.0132,,,,,,,,,,,,
BHR,2015,TIMSS_G4,mathematics,,,,,,,,,,,,,,,,451.0328,458.812,453.9526,465.8525,,,,,,2.4309,,,,,,
BHR,2015,TIMSS_G4,science,,,,,,,,,,,,,,,,451.0328,458.812,453.9526,465.8525,,,,,,2.4309,,,,,,
CAN,2015,TIMSS_G4,mathematics,,,,,,,,,,,,,515.6474,526.6678,527.7047,510.5564,524.7821,527.2789,526.1718,0.5058304779209916,0.3935663653442346,,,,,,,,,,
CAN,2015,TIMSS_G4,science,,,,,,,,,,,,,515.6474,526.6678,527.7047,510.5564,524.7821,527.2789,526.1718,0.5058304779209916,0.3935663653442346,,,,,,,,,,
CHL,2015,TIMSS_G4,mathematics,,,,,,,,,,,,,422.6714,458.5709,446.9561,458.5823,477.7105,427.4262,453.9692,-0.4113731461290743,-0.5786210527910146,,,,,,,13.1884,10.2104,8.835,12.122
CHL,2015,TIMSS_G4,science,,,,,,,,,,,,,422.6714,458.5709,446.9561,458.5823,477.7105,427.4262,453.9692,-0.4113731461290743,-0.5786210527910146,,,,,,,13.1884,10.2104,8.835,12.122
COT,2015,TIMSS_G4,mathematics,,,,,,,,,,,,,,,,512.4599,530.3701,522.3017,523.872,,,,,,1.6854,,,,,,
COT,2015,TIMSS_G4,science,,,,,,,,,,,,,,,,512.4599,530.3701,522.3017,523.872,,,,,,1.6854,,,,,,
CQU,2015,TIMSS_G4,mathematics,,,,,,,,,,,,,,,,535.8314,524.5089,543.3564,529.7164,,,,,,1.6793,1.7241,,,,,
CQU,2015,TIMSS_G4,science,,,,,,,,,,,,,,,,535.8314,524.5089,543.3564,529.7164,,,,,,1.6793,1.7241,,,,,
CZE,2015,TIMSS_G4,mathematics,,,,,,,,,,,,,492.3254,487.2501,492.83,528.138,534.3801,,,0.0761905005218968,-0.125699506410503,,,,,,,11.7226,11.4308,7.9535,11.3675
CZE,2015,TIMSS_G4,science,,,,,,,,,,,,,492.3254,487.2501,492.83,528.138,534.3801,,,0.0761905005218968,-0.125699506410503,,,,,,,11.7226,11.4308,7.9535,11.3675
DEU,2015,TIMSS_G4,mathematics,,,,,,,,,,,,,505.9713,509.1041,509.1406,521.634,528.4667,,,0.2468614776194473,0.1697655300341008,,,,,2.5387,,,,,
DEU,2015,TIMSS_G4,science,,,,,,,,,,,,,505.9713,509.1041,509.1406,521.634,528.4667,,,0.2468614776194473,0.1697655300341008,,,,,2.5387,,,,,
DNK,2015,TIMSS_G4,mathematics,,,,,,,,,,,,,511.0876,499.8146,501.9369,538.6533,527.029,,,0.2035217581954834,0.2083958723326768,,,,,,,,,,
DNK,2015,TIMSS_G4,science,,,,,,,,,,,,,511.0876,499.8146,501.9369,538.6533,527.029,,,0.2035217581954834,0.2083958723326768,,,,,,,,,,
ESP,2015,TIMSS_G4,mathematics,,,,,,,,,,,,,485.8432,495.5764,492.7861,505.0949,518.1979,,,-0.185961082603786,-0.1146041743385551,,,,,2.462,,12.0667,10.2563,8.934,12.5737
ESP,2015,TIMSS_G4,science,,,,,,,,,,,,,485.8432,495.5764,492.7861,505.0949,518.1979,,,-0.185961082603786,-0.1146041743385551,,,,,2.462,,12.0667,10.2563,8.934,12.5737
FIN,2015,TIMSS_G4,mathematics,,,,,,,,,,,,,511.0769,526.4247,530.6612,535.288,553.8131,,,0.4470381241692402,0.1755540430269295,,,,,1.8869,,12.4175,10.9116,8.4307,12.495
FIN,2015,TIMSS_G4,science,,,,,,,,,,,,,511.0769,526.4247,530.6612,535.288,553.8131,,,0.4470381241692402,0.1755540430269295,,,,,1.8869,,12.4175,10.9116,8.4307,12.495
GEO,2015,TIMSS_G4,mathematics,,,,,,,,,,,,,403.8332,401.2881,411.1315,463.1491,451.2453,,,-0.1884614250744934,-0.9333797702991792,,,,,,,,,,
GEO,2015,TIMSS_G4,science,,,,,,,,,,,,,403.8332,401.2881,411.1315,463.1491,451.2453,,,-0.1884614250744934,-0.9333797702991792,,,,,,,,,,
HKG,2015,TIMSS_G4,mathematics,,,,,,,,,,,,,547.931,526.6753,523.2774,614.5197,556.5472,594.2529,545.7604,-0.7682438265261012,-0.8549774578329985,,,,,3.0459,,,,,
HKG,2015,TIMSS_G4,science,,,,,,,,,,,,,547.931,526.6753,523.2774,614.5197,556.5472,594.2529,545.7604,-0.7682438265261012,-0.8549774578329985,,,,,3.0459,,,,,
HRV,2015,TIMSS_G4,mathematics,,,,,,,,,,,,,464.0401,486.8632,475.3912,502.3352,533.4419,,,-0.1332179809899394,-0.3629649499991693,,,,,,,,,,
HRV,2015,TIMSS_G4,science,,,,,,,,,,,,,464.0401,486.8632,475.3912,502.3352,533.4419,,,-0.1332179809899394,-0.3629649499991693,,,,,,,,,,
HUN,2015,TIMSS_G4,mathematics,,,,,,,,,,,,,476.8309,469.5233,476.7475,529.1908,541.9782,514.4144,527.2598,-0.0781192736863072,-0.105022501751747,,,,2.4719,2.8245,,,,,
HUN,2015,TIMSS_G4,science,,,,,,,,,,,,,476.8309,469.5233,476.7475,529.1908,541.9782,514.4144,527.2598,-0.0781192736863072,-0.105022501751747,,,,2.4719,2.8245,,,,,
IDN,2015,TIMSS_G4,mathematics,,,,,,,,,,,,,386.1096,397.2595,403.0997,397.4628,396.6664,,,-1.476588604584061,-1.828567794459818,,,,,,,,,,
IDN,2015,TIMSS_G4,science,,,,,,,,,,,,,386.1096,397.2595,403.0997,397.4628,396.6664,,,-1.476588604584061,-1.828567794459818,,,,,,,,,,
IRL,2015,TIMSS_G4,mathematics,,,,,,,,,,,,,503.722,520.8148,502.5751,547.3368,528.8759,523.4944,530.0969,0.1161348196545306,0.1205967166176851,,,,,,,,,,
IRL,2015,TIMSS_G4,science,,,,,,,,,,,,,503.722,520.8148,502.5751,547.3368,528.8759,523.4944,530.0969,0.1161348196545306,0.1205967166176851,,,,,,,,,,
IRN,2015,TIMSS_G4,mathematics,,,,,,,,,,,,,,,,431.4881,421.0092,436.3492,456.4247,,,,,,3.2484,3.2705,,,,,
IRN,2015,TIMSS_G4,science,,,,,,,,,,,,,,,,431.4881,421.0092,436.3492,456.4247,,,,,,3.2484,3.2705,,,,,
ITA,2015,TIMSS_G4,mathematics,,,,,,,,,,,,,489.7287,484.758,480.5468,506.8483,516.475,494.3942,498.9258,-0.0402469606185762,0.0328595907521947,,,,2.6773,,,13.2181,11.5415,8.6028,12.2217
ITA,2015,TIMSS_G4,science,,,,,,,,,,,,,489.7287,484.758,480.5468,506.8483,516.475,494.3942,498.9258,-0.0402469606185762,0.0328595907521947,,,,2.6773,,,13.2181,11.5415,8.6028,12.2217
JPN,2015,TIMSS_G4,mathematics,,,,,,,,,,,,,532.4399,515.9585,538.3948,592.826,569.0127,586.469,570.8995,0.0304930314473572,-0.4415022348141206,,,,1.9867,,,,,,
JPN,2015,TIMSS_G4,science,,,,,,,,,,,,,532.4399,515.9585,538.3948,592.826,569.0127,586.469,570.8995,0.0304930314473572,-0.4415022348141206,,,,1.9867,,,,,,
KAZ,2015,TIMSS_G4,mathematics,,,,,,,,,,,,,,,,544.42,549.5563,527.8068,532.5861,-0.31587921807173064,,,,,2.0213,,,,,,
KAZ,2015,TIMSS_G4,science,,,,,,,,,,,,,,,,544.42,549.5563,527.8068,532.5861,-0.31587921807173064,,,,,2.0213,,,,,,
KOR,2015,TIMSS_G4,mathematics,,,,,,,,,,,,,524.1062,517.4367,515.8099,608.0351,589.3195,,,-0.0940629524712708,-0.5510529134606923,,,,,,,11.4217,10.8344,8.0427,11.0893
KOR,2015,TIMSS_G4,science,,,,,,,,,,,,,524.1062,517.4367,515.8099,608.0351,589.3195,,,-0.0940629524712708,-0.5510529134606923,,,,,,,11.4217,10.8344,8.0427,11.0893
KWT,2015,TIMSS_G4,mathematics,,,,,,,,,,,,,,,,353.0642,337.2129,392.4707,410.7408,,,,,,,,,,,,
KWT,2015,TIMSS_G4,science,,,,,,,,,,,,,,,,353.0642,337.2129,392.4707,410.7408,,,,,,,,,,,,
LTU,2015,TIMSS_G4,mathematics,,,,,,,,,,,,,478.3834,472.4066,475.4089,535.3409,527.6665,511.3132,519.1053,0.026331819897095,-0.1470547774283936,,,,,,,,,,
LTU,2015,TIMSS_G4,science,,,,,,,,,,,,,478.3834,472.4066,475.4089,535.3409,527.6665,511.3132,519.1053,0.026331819897095,-0.1470547774283936,,,,,,,,,,
MAR,2015,TIMSS_G4,mathematics,,,,,,,,,,,,,,,,379.4736,352.2073,384.3871,393.2525,,,,,,3.6828,,,,,,
MAR,2015,TIMSS_G4,science,,,,,,,,,,,,,,,,379.4736,352.2073,384.3871,393.2525,,,,,,3.6828,,,,,,
NIR,2015,TIMSS_G4,mathematics,,,,,,,,,,,,,,,,570.261,519.7678,,,,,,,,,2.4539,,,,,
NIR,2015,TIMSS_G4,science,,,,,,,,,,,,,,,,570.261,519.7678,,,,,,,,,2.4539,,,,,
NLD,2015,TIMSS_G4,mathematics,,,,,,,,,,,,,512.2528,502.9591,508.5748,529.8187,517.1205,,,0.3642541099839658,0.3804167793965476,,,,,,,12.7159,10.724,9.2492,12.25
NLD,2015,TIMSS_G4,science,,,,,,,,,,,,,512.2528,502.9591,508.5748,529.8187,517.1205,,,0.3642541099839658,0.3804167793965476,,,,,,,12.7159,10.724,9.2492,12.25
NO4,2015,TIMSS_G4,mathematics,,,,,,,,,,,,,,,,492.9966,493.0032,,,,,,,,,,,,,,
NO4,2015,TIMSS_G4,science,,,,,,,,,,,,,,,,492.9966,493.0032,,,,,,,,,,,,,,
NOR,2015,TIMSS_G4,mathematics,,,,,,,,,,,,,501.7298,513.1912,498.4811,549.0799,537.5982,,,0.5150739833840402,0.5716736382098289,,,,,,,12.1775,11.079,7.6328,11.7781
NOR,2015,TIMSS_G4,science,,,,,,,,,,,,,501.7298,513.1912,498.4811,549.0799,537.5982,,,0.5150739833840402,0.5716736382098289,,,,,,,12.1775,11.079,7.6328,11.7781
NZL,2015,TIMSS_G4,mathematics,,,,,,,,,,,,,495.2233,509.2707,513.3035,490.5609,505.517,,,0.1584157359497393,0.1875663968740052,,,,,,,13.0726,11.497,9.3599,12.2809
NZL,2015,TIMSS_G4,science,,,,,,,,,,,,,495.2233,509.2707,513.3035,490.5609,505.517,,,0.1584157359497393,0.1875663968740052,,,,,,,13.0726,11.497,9.3599,12.2809
OMN,2015,TIMSS_G4,mathematics,,,,,,,,,,,,,,,,425.4828,430.9741,403.1564,454.5604,,,,,,,3.0224,,,,,
OMN,2015,TIMSS_G4,science,,,,,,,,,,,,,,,,425.4828,430.9741,403.1564,454.5604,,,,,,,3.0224,,,,,
PRT,2015,TIMSS_G4,mathematics,,,,,,,,,,,,,491.627,498.1289,501.1001,541.2002,508.0561,,,-0.2195923172794654,0.4954620152728907,,,,,,,13.5229,10.5547,9.0479,11.2521
PRT,2015,TIMSS_G4,science,,,,,,,,,,,,,491.627,498.1289,501.1001,541.2002,508.0561,,,-0.2195923172794654,0.4954620152728907,,,,,,,13.5229,10.5547,9.0479,11.2521
QAT,2015,TIMSS_G4,mathematics,,,,,,,,,,,,,402.4006,401.8873,417.6111,438.9958,436.2582,437.1088,456.5158,0.5548019864251503,0.3216416211366793,,,,1.7971,,,,,,
QAT,2015,TIMSS_G4,science,,,,,,,,,,,,,402.4006,401.8873,417.6111,438.9958,436.2582,437.1088,456.5158,0.5548019864251503,0.3216416211366793,,,,1.7971,,,,,,
SRB,2015,TIMSS_G4,mathematics,,,,,,,,,,,,,,,,517.9984,524.5091,,,-0.2955429243202675,,,,,,,,,,,
SRB,2015,TIMSS_G4,science,,,,,,,,,,,,,,,,517.9984,524.5091,,,-0.2955429243202675,,,,,,,,,,,
SVK,2015,TIMSS_G4,mathematics,,,,,,,,,,,,,475.2301,452.5143,460.7749,498.2473,520.4948,,,-0.0341981479902473,0.083886246628057,,,,,2.4561,,13.1822,10.715,8.1371,10.8109
SVK,2015,TIMSS_G4,science,,,,,,,,,,,,,475.2301,452.5143,460.7749,498.2473,520.4948,,,-0.0341981479902473,0.083886246628057,,,,,2.4561,,13.1822,10.715,8.1371,10.8109
SVN,2015,TIMSS_G4,mathematics,,,,,,,,,,,,,509.9196,505.2159,512.8636,519.8749,542.5731,516.3411,551.1115,0.0015021367337516,0.2265444504482408,,,,,2.359,,,,,
SVN,2015,TIMSS_G4,science,,,,,,,,,,,,,509.9196,505.2159,512.8636,519.8749,542.5731,516.3411,551.1115,0.0015021367337516,0.2265444504482408,,,,,2.359,,,,,
SWE,2015,TIMSS_G4,mathematics,,,,,,,,,,,,,493.9181,500.1556,493.4224,518.6467,540.1936,,,0.3941384841799122,0.4960702647144114,,,,,1.9622,,12.5574,11.0654,8.382,10.7058
SWE,2015,TIMSS_G4,science,,,,,,,,,,,,,493.9181,500.1556,493.4224,518.6467,540.1936,,,0.3941384841799122,0.4960702647144114,,,,,1.9622,,12.5574,11.0654,8.382,10.7058
TUR,2015,TIMSS_G4,mathematics,,,,,,,,,,,,,420.454,428.3351,425.4895,483.1501,483.3988,457.6286,493.3961,-1.0789402695447758,-0.6438927290720454,,,,3.9042,,,,,,
TUR,2015,TIMSS_G4,science,,,,,,,,,,,,,420.454,428.3351,425.4895,483.1501,483.3988,457.6286,493.3961,-1.0789402695447758,-0.6438927290720454,,,,3.9042,,,,,,
TWN,2015,TIMSS_G4,mathematics,,,,,,,,,,,,,,,,596.619,555.2816,,,-0.3998157715823893,,,,,,2.3841,,,,,
TWN,2015,TIMSS_G4,science,,,,,,,,,,,,,,,,596.619,555.2816,,,-0.3998157715823893,,,,,,2.3841,,,,,
USA,2015,TIMSS_G4,mathematics,,,,,,,,,,,,,469.6285,496.9351,496.2424,539.1556,545.9069,,,0.2232420363284103,0.16569904145778,,,,,,,12.9736,11.1951,9.8179,12.3338
USA,2015,TIMSS_G4,science,,,,,,,,,,,,,469.6285,496.9351,496.2424,539.1556,545.9069,,,0.2232420363284103,0.16569904145778,,,,,,,12.9736,11.1951,9.8179,12.3338
ZAF,2015,TIMSS_G4,mathematics,,,,,,,,,,,,,,,,375.7376,,372.3729,357.7418,,,,,,2.872,,,,,,
AAD,2019,TIMSS_G4,mathematics,,,,,,,,,,,,,,,,440.1146,416.8693,436.0092,419.5156,,,,,,3.061,1.9917,,,,,
AAD,2019,TIMSS_G4,science,,,,,,,,,,,,,,,,440.1146,416.8693,436.0092,419.5156,,,,,,3.061,1.9917,,,,,
ADU,2019,TIMSS_G4,mathematics,,,,,,,,,,,,,,,,543.4064,543.0198,537.1847,546.2008,,,,,,2.6752,,,,,,
ADU,2019,TIMSS_G4,science,,,,,,,,,,,,,,,,543.4064,543.0198,537.1847,546.2008,,,,,,2.6752,,,,,,
ALB,2019,TIMSS_G4,mathematics,,,,,,,,,,,,,,,,494.0175,489.4802,,,,,,,,,,,,,,
ALB,2019,TIMSS_G4,science,,,,,,,,,,,,,,,,494.0175,489.4802,,,,,,,,,,,,,,
ARE,2019,TIMSS_G4,mathematics,,,,,,,,,,,,,,,,488.7269,478.8223,477.4985,480.3441,,,,,,2.959,1.9449,,,,,
ARE,2019,TIMSS_G4,science,,,,,,,,,,,,,,,,488.7269,478.8223,477.4985,480.3441,,,,,,2.959,1.9449,,,,,
ARM,2019,TIMSS_G4,mathematics,,,,,,,,,,,,,,,,498.1854,466.4317,,,,,,,,,2.1818,,,,,
ARM,2019,TIMSS_G4,science,,,,,,,,,,,,,,,,498.1854,466.4317,,,,,,,,,2.1818,,,,,
AUS,2019,TIMSS_G4,mathematics,,,,,,,,,,,,,,,,515.8801,532.5749,517.277,528.337,,,,,,3.451,,,,,,
AUS,2019,TIMSS_G4,science,,,,,,,,,,,,,,,,515.8801,532.5749,517.277,528.337,,,,,,3.451,,,,,,
AUT,2019,TIMSS_G4,mathematics,,,,,,,,,,,,,,,,537.3422,518.3878,,,,,,,,,,,,,,
AUT,2019,TIMSS_G4,science,,,,,,,,,,,,,,,,537.3422,518.3878,,,,,,,,,,,,,,
AZE,2019,TIMSS_G4,mathematics,,,,,,,,,,,,,,,,515.4546,426.7347,,,,,,,,,,,,,,
AZE,2019,TIMSS_G4,science,,,,,,,,,,,,,,,,515.4546,426.7347,,,,,,,,,,,,,,
BFL,2019,TIMSS_G4,mathematics,,,,,,,,,,,,,,,,532.4429,501.017,,,,,,,,,1.8247,,,,,
BFL,2019,TIMSS_G4,science,,,,,,,,,,,,,,,,532.4429,501.017,,,,,,,,,1.8247,,,,,
CAN,2019,TIMSS_G4,mathematics,,,,,,,,,,,,,,,,511.5895,519.5728,,,,,,,,,1.6404,,,,,
CAN,2019,TIMSS_G4,science,,,,,,,,,,,,,,,,511.5895,519.5728,,,,,,,,,1.6404,,,,,
CHL,2019,TIMSS_G4,mathematics,,,,,,,,,,,,,,,,441.4517,469.7196,440.8369,462.7852,,,,,,2.8246,2.2156,,,,,
CHL,2019,TIMSS_G4,science,,,,,,,,,,,,,,,,441.4517,469.7196,440.8369,462.7852,,,,,,2.8246,2.2156,,,,,
COT,2019,TIMSS_G4,mathematics,,,,,,,,,,,,,,,,511.8805,524.1015,530.5544,522.8972,,,,,,3.2661,1.6762,,,,,
COT,2019,TIMSS_G4,science,,,,,,,,,,,,,,,,511.8805,524.1015,530.5544,522.8972,,,,,,3.2661,1.6762,,,,,
CQU,2019,TIMSS_G4,mathematics,,,,,,,,,,,,,,,,531.7841,521.8234,543.826,538.0454,,,,,,2.8386,1.6143,,,,,
CQU,2019,TIMSS_G4,science,,,,,,,,,,,,,,,,531.7841,521.8234,543.826,538.0454,,,,,,2.8386,1.6143,,,,,
CYP,2019,TIMSS_G4,mathematics,,,,,,,,,,,,,,,,532.0938,511.4192,501.0823,483.5546,,,,,,,,,,,,
CYP,2019,TIMSS_G4,science,,,,,,,,,,,,,,,,532.0938,511.4192,501.0823,483.5546,,,,,,,,,,,,
CZE,2019,TIMSS_G4,mathematics,,,,,,,,,,,,,,,,528.4997,528.2753,,,,,,,,,2.3304,,,,,
CZE,2019,TIMSS_G4,science,,,,,,,,,,,,,,,,528.4997,528.2753,,,,,,,,,2.3304,,,,,
DEU,2019,TIMSS_G4,mathematics,,,,,,,,,,,,,,,,519.271,522.1972,,,,,,,,,2.6947,,,,,
DEU,2019,TIMSS_G4,science,,,,,,,,,,,,,,,,519.271,522.1972,,,,,,,,,2.6947,,,,,
DNK,2019,TIMSS_G4,mathematics,,,,,,,,,,,,,,,,526.2179,520.2288,,,,,,,,,1.5409,,,,,
DNK,2019,TIMSS_G4,science,,,,,,,,,,,,,,,,526.2179,520.2288,,,,,,,,,1.5409,,,,,
EMA,2019,TIMSS_G4,mathematics,,,,,,,,,,,,,,,,518.6246,523.0615,,,,,,,,,,,,,,
EMA,2019,TIMSS_G4,science,,,,,,,,,,,,,,,,518.6246,523.0615,,,,,,,,,,,,,,
ENG,2019,TIMSS_G4,mathematics,,,,,,,,,,,,,,,,555.3227,539.4073,520.3898,523.4179,,,,,,,,,,,,
ENG,2019,TIMSS_G4,science,,,,,,,,,,,,,,,,555.3227,539.4073,520.3898,523.4179,,,,,,,,,,,,
ESP,2019,TIMSS_G4,mathematics,,,,,,,,,,,,,,,,502.4739,513.0994,,,,,,,,,2.3189,,,,,
ESP,2019,TIMSS_G4,science,,,,,,,,,,,,,,,,502.4739,513.0994,,,,,,,,,2.3189,,,,,
FIN,2019,TIMSS_G4,mathematics,,,,,,,,,,,,,,,,532.3972,551.8116,509.0496,543.0428,,,,,,,1.7939,,,,,
FIN,2019,TIMSS_G4,science,,,,,,,,,,,,,,,,532.3972,551.8116,509.0496,543.0428,,,,,,,1.7939,,,,,
FRA,2019,TIMSS_G4,mathematics,,,,,,,,,,,,,,,,482.7399,482.8377,483.1132,489.6883,,,,,,,2.2732,,,,,
FRA,2019,TIMSS_G4,science,,,,,,,,,,,,,,,,482.7399,482.8377,483.1132,489.6883,,,,,,,2.2732,,,,,
GEO,2019,TIMSS_G4,mathematics,,,,,,,,,,,,,,,,489.6988,462.1684,456.2468,440.6152,,,,,,,1.8258,,,,,
GEO,2019,TIMSS_G4,science,,,,,,,,,,,,,,,,489.6988,462.1684,456.2468,440.6152,,,,,,,1.8258,,,,,
HKG,2019,TIMSS_G4,mathematics,,,,,,,,,,,,,,,,603.2682,534.7279,578.3119,503.5145,,,,,,3.3357,2.4725,,,,,
HKG,2019,TIMSS_G4,science,,,,,,,,,,,,,,,,603.2682,534.7279,578.3119,503.5145,,,,,,3.3357,2.4725,,,,,
HRV,2019,TIMSS_G4,mathematics,,,,,,,,,,,,,,,,511.0552,523.6182,,,,,,,,,,,,,,
HRV,2019,TIMSS_G4,science,,,,,,,,,,,,,,,,511.0552,523.6182,,,,,,,,,,,,,,
HUN,2019,TIMSS_G4,mathematics,,,,,,,,,,,,,,,,525.8749,530.5706,518.3008,527.7099,,,,,,2.7367,2.2689,,,,,
HUN,2019,TIMSS_G4,science,,,,,,,,,,,,,,,,525.8749,530.5706,518.3008,527.7099,,,,,,2.7367,2.2689,,,,,
IRL,2019,TIMSS_G4,mathematics,,,,,,,,,,,,,,,,548.4654,527.9704,,,,,,,,,,,,,,
IRL,2019,TIMSS_G4,science,,,,,,,,,,,,,,,,548.4654,527.9704,,,,,,,,,,,,,,
IRN,2019,TIMSS_G4,mathematics,,,,,,,,,,,,,,,,443.035,440.828,446.1695,449.4148,,,,,,2.9949,3.1487,,,,,
IRN,2019,TIMSS_G4,science,,,,,,,,,,,,,,,,443.035,440.828,446.1695,449.4148,,,,,,2.9949,3.1487,,,,,
ITA,2019,TIMSS_G4,mathematics,,,,,,,,,,,,,,,,514.708,509.485,496.6127,495.372,,,,,,3.0766,,,,,,
ITA,2019,TIMSS_G4,science,,,,,,,,,,,,,,,,514.708,509.485,496.6127,495.372,,,,,,3.0766,,,,,,
KAZ,2019,TIMSS_G4,mathematics,,,,,,,,,,,,,,,,512.0887,494.1548,487.5616,478.0713,,,,,,2.3064,1.887,,,,,
KAZ,2019,TIMSS_G4,science,,,,,,,,,,,,,,,,512.0887,494.1548,487.5616,478.0713,,,,,,2.3064,1.887,,,,,
KOR,2019,TIMSS_G4,mathematics,,,,,,,,,,,,,,,,599.1942,587.6576,603.9645,560.3149,,,,,,,,,,,,
KOR,2019,TIMSS_G4,science,,,,,,,,,,,,,,,,599.1942,587.6576,603.9645,560.3149,,,,,,,,,,,,
KWT,2019,TIMSS_G4,mathematics,,,,,,,,,,,,,,,,383.3179,392.2951,,,,,,,,,1.854,,,,,
KWT,2019,TIMSS_G4,science,,,,,,,,,,,,,,,,383.3179,392.2951,,,,,,,,,1.854,,,,,
LTU,2019,TIMSS_G4,mathematics,,,,,,,,,,,,,,,,542.1313,538.0792,515.312,528.0128,,,,,,2.5523,,,,,,
LTU,2019,TIMSS_G4,science,,,,,,,,,,,,,,,,542.1313,538.0792,515.312,528.0128,,,,,,2.5523,,,,,,
LVA,2019,TIMSS_G4,mathematics,,,,,,,,,,,,,,,,546.1333,541.8577,,,,,,,,,,,,,,
LVA,2019,TIMSS_G4,science,,,,,,,,,,,,,,,,546.1333,541.8577,,,,,,,,,,,,,,
MAR,2019,TIMSS_G4,mathematics,,,,,,,,,,,,,,,,383.388,374.0657,388.1867,394.1003,,,,,,3.7555,,,,,,
MAR,2019,TIMSS_G4,science,,,,,,,,,,,,,,,,383.388,374.0657,388.1867,394.1003,,,,,,3.7555,,,,,,
MKD,2019,TIMSS_G4,mathematics,,,,,,,,,,,,,,,,471.7201,426.0427,,,,,,,,,,,,,,
MKD,2019,TIMSS_G4,science,,,,,,,,,,,,,,,,471.7201,426.0427,,,,,,,,,,,,,,
MLT,2019,TIMSS_G4,mathematics,,,,,,,,,,,,,,,,509.2751,496.0437,,,,,,,,,,,,,,
MLT,2019,TIMSS_G4,science,,,,,,,,,,,,,,,,509.2751,496.0437,,,,,,,,,,,,,,
MNE,2019,TIMSS_G4,mathematics,,,,,,,,,,,,,,,,452.78,453.3214,,,,,,,,,,,,,,
MNE,2019,TIMSS_G4,science,,,,,,,,,,,,,,,,452.78,453.3214,,,,,,,,,,,,,,
NIR,2019,TIMSS_G4,mathematics,,,,,,,,,,,,,,,,565.7995,518.4913,,,,,,,,,2.1678,,,,,
NIR,2019,TIMSS_G4,science,,,,,,,,,,,,,,,,565.7995,518.4913,,,,,,,,,2.1678,,,,,
NLD,2019,TIMSS_G4,mathematics,,,,,,,,,,,,,,,,535.1827,516.6572,,,,,,,,,,,,,,
NLD,2019,TIMSS_G4,science,,,,,,,,,,,,,,,,535.1827,516.6572,,,,,,,,,,,,,,
NOR,2019,TIMSS_G4,mathematics,,,,,,,,,,,,,,,,542.2656,538.484,505.3992,497.5008,,,,,,,1.5327,,,,,
NOR,2019,TIMSS_G4,science,,,,,,,,,,,,,,,,542.2656,538.484,505.3992,497.5008,,,,,,,1.5327,,,,,
NZL,2019,TIMSS_G4,mathematics,,,,,,,,,,,,,,,,487.1918,502.5515,481.5925,498.8757,,,,,,,1.876,,,,,
NZL,2019,TIMSS_G4,science,,,,,,,,,,,,,,,,487.1918,502.5515,481.5925,498.8757,,,,,,,1.876,,,,,
OMN,2019,TIMSS_G4,mathematics,,,,,,,,,,,,,,,,430.8736,434.9443,,,,,,,,,2.9166,,,,,
OMN,2019,TIMSS_G4,science,,,,,,,,,,,,,,,,430.8736,434.9443,,,,,,,,,2.9166,,,,,
PAK,2019,TIMSS_G4,mathematics,,,,,,,,,,,,,,,,327.6905,290.0965,,,,,,,,,,,,,,
PAK,2019,TIMSS_G4,science,,,,,,,,,,,,,,,,327.6905,290.0965,,,,,,,,,,,,,,
PHL,2019,TIMSS_G4,mathematics,,,,,,,,,,,,,,,,296.6752,249.0181,,,,,,,,,,,,,,
PHL,2019,TIMSS_G4,science,,,,,,,,,,,,,,,,296.6752,249.0181,,,,,,,,,,,,,,
POL,2019,TIMSS_G4,mathematics,,,,,,,,,,,,,,,,520.1396,530.8328,,,,,,,,,,,,,,
POL,2019,TIMSS_G4,science,,,,,,,,,,,,,,,,520.1396,530.8328,,,,,,,,,,,,,,
PRT,2019,TIMSS_G4,mathematics,,,,,,,,,,,,,,,,530.3065,506.4609,500.5385,518.1378,,,,,,,2.8421,,,,,
PRT,2019,TIMSS_G4,science,,,,,,,,,,,,,,,,530.3065,506.4609,500.5385,518.1378,,,,,,,2.8421,,,,,
QAT,2019,TIMSS_G4,mathematics,,,,,,,,,,,,,,,,449.2973,455.8791,447.914,484.8407,,,,,,2.6552,1.7045,,,,,
QAT,2019,TIMSS_G4,science,,,,,,,,,,,,,,,,449.2973,455.8791,447.914,484.8407,,,,,,2.6552,1.7045,,,,,
RMO,2019,TIMSS_G4,mathematics,,,,,,,,,,,,,,,,592.5591,594.2858,575.4165,566.6753,,,,,,,,,,,,
RMO,2019,TIMSS_G4,science,,,,,,,,,,,,,,,,592.5591,594.2858,575.4165,566.6753,,,,,,,,,,,,
RUS,2019,TIMSS_G4,mathematics,,,,,,,,,,,,,,,,566.947,567.2547,543.3773,542.9377,,,,,,2.438,1.6678,,,,,
RUS,2019,TIMSS_G4,science,,,,,,,,,,,,,,,,566.947,567.2547,543.3773,542.9377,,,,,,2.438,1.6678,,,,,
SAU,2019,TIMSS_G4,mathematics,,,,,,,,,,,,,,,,398.0931,402.2369,393.7697,431.4727,,,,,,2.9931,,,,,,
SAU,2019,TIMSS_G4,science,,,,,,,,,,,,,,,,398.0931,402.2369,393.7697,431.4727,,,,,,2.9931,,,,,,
SGP,2019,TIMSS_G4,mathematics,,,,,,,,,,,,,,,,628.3895,596.8263,620.706,608.8899,,,,,,2.9987,1.9419,,,,,
SGP,2019,TIMSS_G4,science,,,,,,,,,,,,,,,,628.3895,596.8263,620.706,608.8899,,,,,,2.9987,1.9419,,,,,
SRB,2019,TIMSS_G4,mathematics,,,,,,,,,,,,,,,,507.8811,516.9075,,,,,,,,,,,,,,
SRB,2019,TIMSS_G4,science,,,,,,,,,,,,,,,,507.8811,516.9075,,,,,,,,,,,,,,
SVK,2019,TIMSS_G4,mathematics,,,,,,,,,,,,,,,,508.7407,518.0652,,,,,,,,,2.3357,,,,,
SVK,2019,TIMSS_G4,science,,,,,,,,,,,,,,,,508.7407,518.0652,,,,,,,,,2.3357,,,,,
SWE,2019,TIMSS_G4,mathematics,,,,,,,,,,,,,,,,518.844,529.7944,506.8241,521.6837,,,,,,,1.7939,,,,,
SWE,2019,TIMSS_G4,science,,,,,,,,,,,,,,,,518.844,529.7944,506.8241,521.6837,,,,,,,1.7939,,,,,
TUR,2019,TIMSS_G4,mathematics,,,,,,,,,,,,,,,,522.1314,526.0656,490.8104,516.0107,,,,,,3.5082,,,,,,
TUR,2019,TIMSS_G4,science,,,,,,,,,,,,,,,,522.1314,526.0656,490.8104,516.0107,,,,,,3.5082,,,,,,
TWN,2019,TIMSS_G4,mathematics,,,,,,,,,,,,,,,,598.6887,557.6698,613.4161,577.1273,,,,,,,2.1289,,,,,
TWN,2019,TIMSS_G4,science,,,,,,,,,,,,,,,,598.6887,557.6698,613.4161,577.1273,,,,,,,2.1289,,,,,
USA,2019,TIMSS_G4,mathematics,,,,,,,,,,,,,,,,535.0088,537.2607,516.3007,525.1909,,,,,,,,,,,,
USA,2019,TIMSS_G4,science,,,,,,,,,,,,,,,,535.0088,537.2607,516.3007,525.1909,,,,,,,,,,,,
XKX,2019,TIMSS_G4,mathematics,,,,,,,,,,,,,,,,444.3537,413.0594,,,,,,,,,,,,,,
XKX,2019,TIMSS_G4,science,,,,,,,,,,,,,,,,444.3537,413.0594,,,,,,,,,,,,,,
ZAF,2019,TIMSS_G4,mathematics,,,,,,,,,,,,,,,,373.5645,324.2336,389.4772,369.9721,,,,,,3.1367,,,,,,
ZAF,2019,TIMSS_G4,science,,,,,,,,,,,,,,,,373.5645,324.2336,389.4772,369.9721,,,,,,3.1367,,,,,,
AAD,2023,TIMSS_G4,mathematics,,,,,,,,,,,,,,,,458.5853,446.1415,453.784,443.4712,,,,,,,,,,,,
AAD,2023,TIMSS_G4,science,,,,,,,,,,,,,,,,458.5853,446.1415,453.784,443.4712,,,,,,,,,,,,
ADU,2023,TIMSS_G4,mathematics,,,,,,,,,,,,,,,,556.5811,562.3922,,,,,,,,,,,,,,
ADU,2023,TIMSS_G4,science,,,,,,,,,,,,,,,,556.5811,562.3922,,,,,,,,,,,,,,
ALB,2023,TIMSS_G4,mathematics,,,,,,,,,,,,,,,,511.5825,490.5998,,,,,,,,,,,,,,
ALB,2023,TIMSS_G4,science,,,,,,,,,,,,,,,,511.5825,490.5998,,,,,,,,,,,,,,
ARE,2023,TIMSS_G4,mathematics,,,,,,,,,,,,,,,,498.0855,494.9497,,,,,,,,,,,,,,
ARE,2023,TIMSS_G4,science,,,,,,,,,,,,,,,,498.0855,494.9497,,,,,,,,,,,,,,
ARM,2023,TIMSS_G4,mathematics,,,,,,,,,,,,,,,,512.6351,457.2906,,,,,,,,,,,,,,
ARM,2023,TIMSS_G4,science,,,,,,,,,,,,,,,,512.6351,457.2906,,,,,,,,,,,,,,
ASH,2023,TIMSS_G4,mathematics,,,,,,,,,,,,,,,,503.9368,502.8046,495.5467,498.6056,,,,,,,,,,,,
ASH,2023,TIMSS_G4,science,,,,,,,,,,,,,,,,503.9368,502.8046,495.5467,498.6056,,,,,,,,,,,,
AUS,2023,TIMSS_G4,mathematics,,,,,,,,,,,,,,,,524.9035,549.5002,508.7158,520.1512,,,,,,,,,,,,
AUS,2023,TIMSS_G4,science,,,,,,,,,,,,,,,,524.9035,549.5002,508.7158,520.1512,,,,,,,,,,,,
AZE,2023,TIMSS_G4,mathematics,,,,318.6523,1.4241,2.3038,49.7893,,,,,,,,,494.0651,421.6027,478.659,411.3594,,,,,,,,,,,,
AZE,2023,TIMSS_G4,science,,,,318.6523,1.4241,2.3038,49.7893,,,,,,,,,494.0651,421.6027,478.659,411.3594,,,,,,,,,,,,
BFL,2023,TIMSS_G4,mathematics,,,,,,,,,,,,,,,,520.7867,488.3576,,,,,,,,,,,,,,
BFL,2023,TIMSS_G4,science,,,,,,,,,,,,,,,,520.7867,488.3576,,,,,,,,,,,,,,
BFR,2023,TIMSS_G4,mathematics,,,,,,,,,,,,,,,,489.4341,480.6785,,,,,,,,,,,,,,
BFR,2023,TIMSS_G4,science,,,,,,,,,,,,,,,,489.4341,480.6785,,,,,,,,,,,,,,
BGR,2023,TIMSS_G4,mathematics,,,,,,,,,,,,,,,,529.8966,529.5846,,,,,,,,,,,,,,
BGR,2023,TIMSS_G4,science,,,,,,,,,,,,,,,,529.8966,529.5846,,,,,,,,,,,,,,
BIH,2023,TIMSS_G4,mathematics,,,,440.2826,1.4605,2.7676,43.8392,,,,,,,,,447.096,448.3487,,,,,,,,,,,,,,
BIH,2023,TIMSS_G4,science,,,,440.2826,1.4605,2.7676,43.8392,,,,,,,,,447.096,448.3487,,,,,,,,,,,,,,
BRA,2023,TIMSS_G4,mathematics,,,,,,,,,,,,,,,,400.022,425.0281,378.0295,419.9109,,,,,,,,,,,,
BRA,2023,TIMSS_G4,science,,,,,,,,,,,,,,,,400.022,425.0281,378.0295,419.9109,,,,,,,,,,,,
CAN,2023,TIMSS_G4,mathematics,,,,,,,,,,,,,,,,503.8073,521.1253,,,,,,,,,,,,,,
CAN,2023,TIMSS_G4,science,,,,,,,,,,,,,,,,503.8073,521.1253,,,,,,,,,,,,,,
CHL,2023,TIMSS_G4,mathematics,,,,,,,,,,,,,,,,443.5424,479.2523,415.9687,455.21,,,,,,,,,,,,
CHL,2023,TIMSS_G4,science,,,,,,,,,,,,,,,,443.5424,479.2523,415.9687,455.21,,,,,,,,,,,,
COT,2023,TIMSS_G4,mathematics,,,,,,,,,,,,,,,,502.814,525.2649,,,,,,,,,,,,,,
COT,2023,TIMSS_G4,science,,,,,,,,,,,,,,,,502.814,525.2649,,,,,,,,,,,,,,
CQU,2023,TIMSS_G4,mathematics,,,,,,,,,,,,,,,,514.6937,507.5048,,,,,,,,,,,,,,
CQU,2023,TIMSS_G4,science,,,,,,,,,,,,,,,,514.6937,507.5048,,,,,,,,,,,,,,
CYP,2023,TIMSS_G4,mathematics,,,,460.4221,2.1223,3.4395,54.0989,,,,,,,,,516.295,486.9837,493.7793,464.2534,,,,,,,,,,,,
CYP,2023,TIMSS_G4,science,,,,460.4221,2.1223,3.4395,54.0989,,,,,,,,,516.295,486.9837,493.7793,464.2534,,,,,,,,,,,,
CZE,2023,TIMSS_G4,mathematics,,,,525.3865,2.2127,2.8861,49.1264,,,,,,,,,530.4311,525.8413,518.1843,527.1529,,,,,,,,,,,,
CZE,2023,TIMSS_G4,science,,,,525.3865,2.2127,2.8861,49.1264,,,,,,,,,530.4311,525.8413,518.1843,527.1529,,,,,,,,,,,,
DEU,2023,TIMSS_G4,mathematics,,,,501.8373,2.2166,2.2159,49.1229,,,,,,,,,523.784,515.4773,,,,,,,,,,,,,,
DEU,2023,TIMSS_G4,science,,,,501.8373,2.2166,2.2159,49.1229,,,,,,,,,523.784,515.4773,,,,,,,,,,,,,,
ESP,2023,TIMSS_G4,mathematics,,,,,,,,,,,,,,,,498.3176,504.0387,,,,,,,,,,,,,,
ESP,2023,TIMSS_G4,science,,,,,,,,,,,,,,,,498.3176,504.0387,,,,,,,,,,,,,,
FIN,2023,TIMSS_G4,mathematics,,,,506.6932,2.111,3.3462,52.5812,,,,,,,,,529.2559,542.0588,503.8013,530.6375,,,,,,,,,,,,
FIN,2023,TIMSS_G4,science,,,,506.6932,2.111,3.3462,52.5812,,,,,,,,,529.2559,542.0588,503.8013,530.6375,,,,,,,,,,,,
FRA,2023,TIMSS_G4,mathematics,,,,497.6354,1.9949,2.9105,49.9136,,,,,,,,,484.0991,488.1341,478.6812,486.1952,,,,,,,,,,,,
FRA,2023,TIMSS_G4,science,,,,497.6354,1.9949,2.9105,49.9136,,,,,,,,,484.0991,488.1341,478.6812,486.1952,,,,,,,,,,,,
HKG,2023,TIMSS_G4,mathematics,,,,,,,,,,,,,,,,594.3881,545.231,574.7027,527.698,,,,,,,,,,,,
HKG,2023,TIMSS_G4,science,,,,,,,,,,,,,,,,594.3881,545.231,574.7027,527.698,,,,,,,,,,,,
IRL,2023,TIMSS_G4,mathematics,,,,,,,,,,,,,,,,545.7704,531.8995,521.6572,524.9589,,,,,,,,,,,,
IRL,2023,TIMSS_G4,science,,,,,,,,,,,,,,,,545.7704,531.8995,521.6572,524.9589,,,,,,,,,,,,
ITA,2023,TIMSS_G4,mathematics,,,,490.5434,2.0663,2.5912,47.6863,,,,,,,,,513.087,510.5523,500.5642,500.651,,,,,,,,,,,,
ITA,2023,TIMSS_G4,science,,,,490.5434,2.0663,2.5912,47.6863,,,,,,,,,513.087,510.5523,500.5642,500.651,,,,,,,,,,,,
JOR,2023,TIMSS_G4,mathematics,,,,,,,,,,,,,,,,426.9648,417.6881,,,,,,,,,,,,,,
JOR,2023,TIMSS_G4,science,,,,,,,,,,,,,,,,426.9648,417.6881,,,,,,,,,,,,,,
JPN,2023,TIMSS_G4,mathematics,,,,,,,,,,,,,,,,590.6653,554.8338,594.6155,556.9873,,,,,,,,,,,,
JPN,2023,TIMSS_G4,science,,,,,,,,,,,,,,,,590.6653,554.8338,594.6155,556.9873,,,,,,,,,,,,
KAZ,2023,TIMSS_G4,mathematics,,,,406.9882,1.2099,2.8674,51.118,,,,,,,,,487.1769,466.53,454.0894,442.6806,,,,,,,,,,,,
KAZ,2023,TIMSS_G4,science,,,,406.9882,1.2099,2.8674,51.118,,,,,,,,,487.1769,466.53,454.0894,442.6806,,,,,,,,,,,,
KOR,2023,TIMSS_G4,mathematics,,,,540.3995,2.5371,3.4363,50.1565,,,,,,,,,594.4118,583.2645,595.9943,545.3962,,,,,,,,,,,,
KOR,2023,TIMSS_G4,science,,,,540.3995,2.5371,3.4363,50.1565,,,,,,,,,594.4118,583.2645,595.9943,545.3962,,,,,,,,,,,,
KWT,2023,TIMSS_G4,mathematics,,,,,,,,,,,,,,,,381.9761,373.3174,398.6539,419.6972,,,,,,,,,,,,
KWT,2023,TIMSS_G4,science,,,,,,,,,,,,,,,,381.9761,373.3174,398.6539,419.6972,,,,,,,,,,,,
LTU,2023,TIMSS_G4,mathematics,,,,,,,,,,,,,,,,560.6228,536.948,513.597,519.2904,,,,,,,,,,,,
LTU,2023,TIMSS_G4,science,,,,,,,,,,,,,,,,560.6228,536.948,513.597,519.2904,,,,,,,,,,,,
LVA,2023,TIMSS_G4,mathematics,,,,508.8083,1.8721,3.1827,48.3531,,,,,,,,,534.3004,525.5452,,,,,,,,,,,,,,
LVA,2023,TIMSS_G4,science,,,,508.8083,1.8721,3.1827,48.3531,,,,,,,,,534.3004,525.5452,,,,,,,,,,,,,,
MAC,2023,TIMSS_G4,mathematics,,,,,,,,,,,,,,,,582.0412,535.7885,,,,,,,,,,,,,,
MAC,2023,TIMSS_G4,science,,,,,,,,,,,,,,,,582.0412,535.7885,,,,,,,,,,,,,,
MNE,2023,TIMSS_G4,mathematics,,,,,,,,,,,,,,,,477.0728,460.6789,,,,,,,,,,,,,,
MNE,2023,TIMSS_G4,science,,,,,,,,,,,,,,,,477.0728,460.6789,,,,,,,,,,,,,,
NLD,2023,TIMSS_G4,mathematics,,,,459.5847,1.8448,2.8214,51.3631,,,,,,,,,537.124,516.9196,,,,,,,,,,,,,,
NLD,2023,TIMSS_G4,science,,,,459.5847,1.8448,2.8214,51.3631,,,,,,,,,537.124,516.9196,,,,,,,,,,,,,,
NOR,2023,TIMSS_G4,mathematics,,,,,,,,,,,,,,,,530.5566,530.4362,500.6292,488.3825,,,,,,,,,,,,
NOR,2023,TIMSS_G4,science,,,,,,,,,,,,,,,,530.5566,530.4362,500.6292,488.3825,,,,,,,,,,,,
NZL,2023,TIMSS_G4,mathematics,,,,,,,,,,,,,,,,490.2756,517.0717,485.4895,501.9258,,,,,,,,,,,,
NZL,2023,TIMSS_G4,science,,,,,,,,,,,,,,,,490.2756,517.0717,485.4895,501.9258,,,,,,,,,,,,
OMN,2023,TIMSS_G4,mathematics,,,,379.1219,1.4712,2.9818,50.822,,,,,,,,,421.3615,432.6494,410.8779,455.7478,,,,,,,,,,,,
OMN,2023,TIMSS_G4,science,,,,379.1219,1.4712,2.9818,50.822,,,,,,,,,421.3615,432.6494,410.8779,455.7478,,,,,,,,,,,,
POL,2023,TIMSS_G4,mathematics,,,,,,,,,,,,,,,,546.0228,549.8445,,,,,,,,,,,,,,
POL,2023,TIMSS_G4,science,,,,,,,,,,,,,,,,546.0228,549.8445,,,,,,,,,,,,,,
QAT,2023,TIMSS_G4,mathematics,,,,,,,,,,,,,,,,463.9648,472.1361,,,,,,,,,,,,,,
QAT,2023,TIMSS_G4,science,,,,,,,,,,,,,,,,463.9648,472.1361,,,,,,,,,,,,,,
ROM,2023,TIMSS_G4,mathematics,,,,,,,,,,,,,,,,541.8522,526.2065,495.6882,466.1514,,,,,,,,,,,,
ROM,2023,TIMSS_G4,science,,,,,,,,,,,,,,,,541.8522,526.2065,495.6882,466.1514,,,,,,,,,,,,
SAU,2023,TIMSS_G4,mathematics,,,,,,,,,,,,,,,,419.5002,427.5799,,,,,,,,,,,,,,
SAU,2023,TIMSS_G4,science,,,,,,,,,,,,,,,,419.5002,427.5799,,,,,,,,,,,,,,
SGP,2023,TIMSS_G4,mathematics,,,,,,,,,,,,,,,,614.7797,607.3513,605.3191,606.1538,,,,,,,,,,,,
SGP,2023,TIMSS_G4,science,,,,,,,,,,,,,,,,614.7797,607.3513,605.3191,606.1538,,,,,,,,,,,,
SRB,2023,TIMSS_G4,mathematics,,,,,,,,,,,,,,,,522.9273,509.8597,,,,,,,,,,,,,,
SRB,2023,TIMSS_G4,science,,,,,,,,,,,,,,,,522.9273,509.8597,,,,,,,,,,,,,,
SVK,2023,TIMSS_G4,mathematics,,,,498.6932,1.8591,2.8142,47.6198,,,,,,,,,514.7984,520.5926,,,,,,,,,,,,,,
SVK,2023,TIMSS_G4,science,,,,498.6932,1.8591,2.8142,47.6198,,,,,,,,,514.7984,520.5926,,,,,,,,,,,,,,
SVN,2023,TIMSS_G4,mathematics,,,,483.4782,2.14,3.21,53.2939,,,,,,,,,513.7806,525.6442,,,,,,,,,,,,,,
SVN,2023,TIMSS_G4,science,,,,483.4782,2.14,3.21,53.2939,,,,,,,,,513.7806,525.6442,,,,,,,,,,,,,,
TUR,2023,TIMSS_G4,mathematics,,,,,,,,,,,,,,,,553.2616,570.1124,508.568,529.5164,,,,,,,,,,,,
TUR,2023,TIMSS_G4,science,,,,,,,,,,,,,,,,553.2616,570.1124,508.568,529.5164,,,,,,,,,,,,
TWN,2023,TIMSS_G4,mathematics,,,,,,,,,,,,,,,,607.03,572.6067,602.4299,571.8284,,,,,,,,,,,,
TWN,2023,TIMSS_G4,science,,,,,,,,,,,,,,,,607.03,572.6067,602.4299,571.8284,,,,,,,,,,,,
UZB,2023,TIMSS_G4,mathematics,,,,,,,,,,,,,,,,443.4615,411.8723,420.9094,395.6721,,,,,,,,,,,,
UZB,2023,TIMSS_G4,science,,,,,,,,,,,,,,,,443.4615,411.8723,420.9094,395.6721,,,,,,,,,,,,
XKX,2023,TIMSS_G4,mathematics,,,,,,,,,,,,,,,,451.3987,403.1171,,,,,,,,,,,,,,
XKX,2023,TIMSS_G4,science,,,,,,,,,,,,,,,,451.3987,403.1171,,,,,,,,,,,,,,
ZAF,2023,TIMSS_G4,mathematics,,,,,,,,,,,,,,,,361.6672,307.918,,,,,,,,,,,,,,
ZAF,2023,TIMSS_G4,science,,,,,,,,,,,,,,,,361.6672,307.918,,,,,,,,,,,,,,
